# Time-averaged data for fix write_all_momentum
# TimeStep Number-of-rows
# Row c_all_momentum[*]
0 3
1 3.10862e-15
2 1.06581e-14
3 7.10543e-15
2 3
1 3.4639e-14
2 1.06581e-14
3 -1.77636e-15
4 3
1 2.04281e-14
2 7.10543e-15
3 2.84217e-14
6 3
1 5.15143e-14
2 -7.10543e-15
3 2.30926e-14
8 3
1 2.30926e-14
2 -3.19744e-14
3 2.13163e-14
10 3
1 2.53131e-14
2 -5.32907e-15
3 -1.24345e-14
12 3
1 1.95399e-14
2 8.88178e-15
3 -1.59872e-14
14 3
1 3.55271e-14
2 1.06581e-14
3 3.90799e-14
16 3
1 4.13003e-14
2 -2.30926e-14
3 1.24345e-14
18 3
1 1.33227e-14
2 -2.84217e-14
3 1.06581e-14
20 3
1 3.90799e-14
2 -1.77636e-14
3 1.77636e-14
22 3
1 3.33067e-14
2 -2.30926e-14
3 2.66454e-14
24 3
1 4.44089e-14
2 -1.59872e-14
3 1.95399e-14
26 3
1 1.86517e-14
2 5.32907e-15
3 3.19744e-14
28 3
1 4.84057e-14
2 -1.06581e-14
3 -1.77636e-14
30 3
1 -1.15463e-14
2 2.13163e-14
3 1.42109e-14
32 3
1 3.9968e-14
2 -3.19744e-14
3 -1.24345e-14
34 3
1 1.9984e-14
2 5.32907e-15
3 0
36 3
1 3.24185e-14
2 -1.42109e-14
3 0
38 3
1 6.66134e-15
2 -1.24345e-14
3 3.19744e-14
40 3
1 1.33227e-14
2 -3.55271e-15
3 -8.88178e-15
42 3
1 3.24185e-14
2 -2.84217e-14
3 0
44 3
1 3.55271e-15
2 -2.13163e-14
3 7.10543e-15
46 3
1 1.95399e-14
2 -8.88178e-15
3 2.13163e-14
48 3
1 1.86517e-14
2 -1.06581e-14
3 1.42109e-14
50 3
1 1.59872e-14
2 1.06581e-14
3 1.77636e-14
52 3
1 3.01981e-14
2 -7.10543e-15
3 5.32907e-15
54 3
1 5.50671e-14
2 3.01981e-14
3 1.59872e-14
56 3
1 1.15463e-14
2 1.59872e-14
3 -3.55271e-15
58 3
1 2.13163e-14
2 -3.01981e-14
3 -5.32907e-15
60 3
1 3.10862e-14
2 -3.73035e-14
3 -7.10543e-15
62 3
1 -1.68754e-14
2 -3.55271e-15
3 1.77636e-14
64 3
1 1.42109e-14
2 1.24345e-14
3 3.55271e-14
66 3
1 1.77636e-15
2 -5.32907e-15
3 -1.06581e-14
68 3
1 3.9968e-14
2 5.32907e-15
3 0
70 3
1 3.01981e-14
2 1.42109e-14
3 1.42109e-14
72 3
1 -3.55271e-15
2 1.77636e-15
3 -8.88178e-15
74 3
1 -8.88178e-15
2 1.77636e-15
3 7.10543e-15
76 3
1 2.30926e-14
2 2.66454e-14
3 1.95399e-14
78 3
1 1.59872e-14
2 1.77636e-15
3 -1.42109e-14
80 3
1 1.77636e-15
2 7.10543e-15
3 1.77636e-14
82 3
1 1.59872e-14
2 1.06581e-14
3 2.13163e-14
84 3
1 3.37508e-14
2 -1.42109e-14
3 1.42109e-14
86 3
1 2.22045e-14
2 3.55271e-15
3 5.32907e-15
88 3
1 1.59872e-14
2 -8.88178e-15
3 -1.24345e-14
90 3
1 2.66454e-14
2 1.59872e-14
3 7.10543e-15
92 3
1 0
2 8.88178e-15
3 -1.77636e-15
94 3
1 1.95399e-14
2 -2.84217e-14
3 -2.30926e-14
96 3
1 2.13163e-14
2 -1.06581e-14
3 4.9738e-14
98 3
1 -1.42109e-14
2 -2.13163e-14
3 -3.55271e-15
100 3
1 1.68754e-14
2 1.42109e-14
3 1.95399e-14
102 3
1 1.02141e-14
2 1.06581e-14
3 8.88178e-15
104 3
1 1.02141e-14
2 1.59872e-14
3 5.32907e-15
106 3
1 3.24185e-14
2 -8.88178e-15
3 -3.55271e-15
108 3
1 2.17604e-14
2 -1.06581e-14
3 -2.13163e-14
110 3
1 2.66454e-15
2 2.84217e-14
3 -2.13163e-14
112 3
1 2.66454e-14
2 0
3 -2.4869e-14
114 3
1 3.37508e-14
2 1.77636e-14
3 -3.19744e-14
116 3
1 3.55271e-15
2 -2.4869e-14
3 -7.10543e-15
118 3
1 5.32907e-15
2 7.10543e-15
3 -3.55271e-14
120 3
1 2.57572e-14
2 1.24345e-14
3 -5.32907e-15
122 3
1 -8.88178e-15
2 2.4869e-14
3 -3.55271e-15
124 3
1 3.01981e-14
2 2.4869e-14
3 -1.77636e-14
126 3
1 1.95399e-14
2 1.06581e-14
3 -1.77636e-14
128 3
1 1.42109e-14
2 3.90799e-14
3 -2.30926e-14
130 3
1 1.95399e-14
2 8.88178e-15
3 5.32907e-15
132 3
1 8.88178e-15
2 5.32907e-15
3 -2.66454e-14
134 3
1 3.55271e-14
2 -3.55271e-15
3 -2.13163e-14
136 3
1 3.55271e-15
2 3.19744e-14
3 -3.55271e-15
138 3
1 2.93099e-14
2 -1.06581e-14
3 -7.10543e-15
140 3
1 2.30926e-14
2 4.9738e-14
3 3.55271e-15
142 3
1 4.61853e-14
2 1.06581e-14
3 -1.77636e-15
144 3
1 3.73035e-14
2 -1.24345e-14
3 -7.10543e-15
146 3
1 2.66454e-14
2 2.4869e-14
3 -4.08562e-14
148 3
1 3.37508e-14
2 7.10543e-15
3 -4.44089e-14
150 3
1 -8.88178e-15
2 3.55271e-15
3 -2.66454e-14
152 3
1 1.59872e-14
2 5.32907e-15
3 -1.77636e-15
154 3
1 1.24345e-14
2 2.84217e-14
3 -3.37508e-14
156 3
1 5.32907e-15
2 1.42109e-14
3 -2.30926e-14
158 3
1 7.10543e-15
2 7.10543e-15
3 -5.68434e-14
160 3
1 4.08562e-14
2 7.10543e-15
3 -4.26326e-14
162 3
1 3.55271e-14
2 2.4869e-14
3 1.24345e-14
164 3
1 2.22045e-14
2 -3.55271e-15
3 1.77636e-15
166 3
1 1.77636e-14
2 0
3 -1.77636e-14
168 3
1 2.66454e-14
2 1.95399e-14
3 -4.61853e-14
170 3
1 2.93099e-14
2 -1.77636e-15
3 -7.10543e-15
172 3
1 1.95399e-14
2 -8.88178e-15
3 -1.24345e-14
174 3
1 1.15463e-14
2 1.06581e-14
3 -2.66454e-14
176 3
1 1.24345e-14
2 -7.10543e-15
3 1.77636e-14
178 3
1 1.42109e-14
2 -3.55271e-15
3 -1.24345e-14
180 3
1 -6.21725e-15
2 -2.66454e-14
3 -3.37508e-14
182 3
1 -1.77636e-15
2 2.4869e-14
3 -2.13163e-14
184 3
1 2.57572e-14
2 5.32907e-15
3 -2.30926e-14
186 3
1 -3.55271e-15
2 -1.06581e-14
3 -4.79616e-14
188 3
1 -5.32907e-15
2 -1.42109e-14
3 -1.24345e-14
190 3
1 3.01981e-14
2 -3.55271e-15
3 -1.77636e-14
192 3
1 -1.24345e-14
2 7.10543e-15
3 -3.55271e-14
194 3
1 2.04281e-14
2 1.42109e-14
3 -6.39488e-14
196 3
1 -1.06581e-14
2 7.10543e-15
3 -1.77636e-14
198 3
1 1.24345e-14
2 1.77636e-15
3 -2.66454e-14
200 3
1 -8.88178e-15
2 1.59872e-14
3 -2.30926e-14
202 3
1 -2.66454e-15
2 -1.24345e-14
3 -7.10543e-15
204 3
1 -1.42109e-14
2 1.06581e-14
3 -4.08562e-14
206 3
1 1.15463e-14
2 -8.88178e-15
3 -4.08562e-14
208 3
1 -3.55271e-14
2 -1.77636e-15
3 -1.77636e-15
210 3
1 -1.5099e-14
2 3.55271e-15
3 -5.32907e-14
212 3
1 -1.06581e-14
2 3.55271e-15
3 -4.08562e-14
214 3
1 -2.4869e-14
2 -3.37508e-14
3 -4.61853e-14
216 3
1 -7.10543e-15
2 -3.37508e-14
3 -5.15143e-14
218 3
1 1.77636e-15
2 -8.88178e-15
3 -4.44089e-14
220 3
1 1.33227e-14
2 -7.10543e-15
3 -8.88178e-15
222 3
1 1.24345e-14
2 -2.30926e-14
3 -6.57252e-14
224 3
1 0
2 -8.88178e-15
3 -3.55271e-15
226 3
1 -5.32907e-15
2 -5.32907e-15
3 -2.30926e-14
228 3
1 -1.5099e-14
2 -3.55271e-15
3 -4.08562e-14
230 3
1 2.66454e-15
2 -2.30926e-14
3 -1.06581e-14
232 3
1 -1.95399e-14
2 -1.95399e-14
3 -2.13163e-14
234 3
1 1.42109e-14
2 -1.06581e-14
3 -4.79616e-14
236 3
1 -2.13163e-14
2 -3.37508e-14
3 -5.32907e-14
238 3
1 -5.32907e-15
2 -1.77636e-15
3 -3.90799e-14
240 3
1 -7.10543e-15
2 -2.13163e-14
3 -2.84217e-14
242 3
1 1.06581e-14
2 -1.06581e-14
3 -5.50671e-14
244 3
1 -1.95399e-14
2 -1.06581e-14
3 -3.37508e-14
246 3
1 8.88178e-15
2 -2.4869e-14
3 -3.37508e-14
248 3
1 6.21725e-15
2 -7.10543e-15
3 -1.42109e-14
250 3
1 8.88178e-16
2 -1.42109e-14
3 -1.95399e-14
252 3
1 1.95399e-14
2 1.24345e-14
3 -2.4869e-14
254 3
1 -1.15463e-14
2 -1.59872e-14
3 -1.06581e-14
256 3
1 -2.66454e-14
2 -8.88178e-15
3 -4.9738e-14
258 3
1 4.44089e-15
2 -2.66454e-14
3 -3.37508e-14
260 3
1 -2.57572e-14
2 2.30926e-14
3 -6.57252e-14
262 3
1 -1.95399e-14
2 0
3 -6.21725e-14
264 3
1 -5.32907e-15
2 -1.06581e-14
3 -4.79616e-14
266 3
1 -1.24345e-14
2 1.59872e-14
3 -3.90799e-14
268 3
1 -1.59872e-14
2 1.77636e-15
3 -3.19744e-14
270 3
1 -1.5099e-14
2 -1.06581e-14
3 -4.61853e-14
272 3
1 5.32907e-15
2 -7.10543e-15
3 -4.9738e-14
274 3
1 1.15463e-14
2 0
3 -4.44089e-14
276 3
1 2.39808e-14
2 -8.88178e-15
3 -5.32907e-14
278 3
1 -2.13163e-14
2 3.55271e-14
3 -4.9738e-14
280 3
1 -1.77636e-15
2 -5.32907e-15
3 -4.08562e-14
282 3
1 3.55271e-15
2 -1.42109e-14
3 -3.73035e-14
284 3
1 -8.88178e-15
2 2.84217e-14
3 -3.90799e-14
286 3
1 -2.39808e-14
2 -1.06581e-14
3 -4.61853e-14
288 3
1 -1.24345e-14
2 -3.55271e-15
3 -7.10543e-15
290 3
1 8.88178e-16
2 2.84217e-14
3 -2.4869e-14
292 3
1 -1.86517e-14
2 2.4869e-14
3 -4.08562e-14
294 3
1 -7.99361e-15
2 1.59872e-14
3 1.42109e-14
296 3
1 -1.77636e-15
2 3.55271e-14
3 -3.37508e-14
298 3
1 -3.10862e-14
2 3.19744e-14
3 1.77636e-15
300 3
1 6.21725e-15
2 1.42109e-14
3 -3.01981e-14
302 3
1 -2.4869e-14
2 3.19744e-14
3 -3.19744e-14
304 3
1 7.10543e-15
2 -1.77636e-15
3 -1.77636e-14
306 3
1 -3.9968e-14
2 1.24345e-14
3 -2.13163e-14
308 3
1 -5.50671e-14
2 8.88178e-15
3 -1.95399e-14
310 3
1 -2.4869e-14
2 -1.06581e-14
3 8.88178e-15
312 3
1 -4.44089e-15
2 -7.10543e-15
3 -3.19744e-14
314 3
1 3.55271e-15
2 2.30926e-14
3 1.77636e-14
316 3
1 -1.06581e-14
2 8.88178e-15
3 3.55271e-15
318 3
1 -4.9738e-14
2 0
3 8.88178e-15
320 3
1 2.57572e-14
2 -1.06581e-14
3 -1.06581e-14
322 3
1 5.32907e-15
2 -3.55271e-14
3 3.55271e-15
324 3
1 -1.06581e-14
2 1.42109e-14
3 8.88178e-15
326 3
1 3.55271e-15
2 -2.4869e-14
3 -3.73035e-14
328 3
1 -1.95399e-14
2 -1.77636e-14
3 1.24345e-14
330 3
1 -2.13163e-14
2 -2.4869e-14
3 1.77636e-14
332 3
1 -4.44089e-15
2 -1.06581e-14
3 1.42109e-14
334 3
1 -2.13163e-14
2 1.24345e-14
3 -3.55271e-15
336 3
1 -1.15463e-14
2 7.10543e-15
3 -4.08562e-14
338 3
1 7.99361e-15
2 8.88178e-15
3 -5.32907e-15
340 3
1 -7.99361e-15
2 -1.77636e-14
3 5.32907e-15
342 3
1 -1.86517e-14
2 1.42109e-14
3 7.10543e-15
344 3
1 -1.77636e-14
2 -2.84217e-14
3 -1.24345e-14
346 3
1 -1.86517e-14
2 -5.32907e-15
3 2.84217e-14
348 3
1 -7.10543e-15
2 -1.59872e-14
3 -3.55271e-15
350 3
1 -2.57572e-14
2 -3.55271e-15
3 7.10543e-15
352 3
1 8.88178e-15
2 5.32907e-15
3 -3.55271e-15
354 3
1 -1.42109e-14
2 -8.88178e-15
3 1.24345e-14
356 3
1 -7.99361e-15
2 -1.77636e-15
3 3.55271e-15
358 3
1 -2.93099e-14
2 3.55271e-15
3 -1.59872e-14
360 3
1 -7.10543e-15
2 -3.01981e-14
3 -7.10543e-15
362 3
1 -3.73035e-14
2 -2.4869e-14
3 -8.88178e-15
364 3
1 -2.57572e-14
2 3.55271e-15
3 5.32907e-15
366 3
1 -2.4869e-14
2 -8.88178e-15
3 2.13163e-14
368 3
1 -2.66454e-15
2 -3.55271e-15
3 7.10543e-15
370 3
1 -8.88178e-15
2 3.01981e-14
3 7.10543e-15
372 3
1 7.99361e-15
2 -1.95399e-14
3 1.77636e-15
374 3
1 0
2 -1.77636e-14
3 1.95399e-14
376 3
1 -5.32907e-15
2 1.77636e-15
3 7.10543e-15
378 3
1 -8.88178e-16
2 0
3 -1.95399e-14
380 3
1 -1.86517e-14
2 0
3 1.24345e-14
382 3
1 -2.04281e-14
2 3.55271e-14
3 7.10543e-15
384 3
1 1.15463e-14
2 5.32907e-15
3 -1.95399e-14
386 3
1 0
2 0
3 1.77636e-15
388 3
1 -1.15463e-14
2 0
3 -1.77636e-15
390 3
1 5.32907e-15
2 2.4869e-14
3 -1.24345e-14
392 3
1 -3.81917e-14
2 1.42109e-14
3 -2.13163e-14
394 3
1 -8.88178e-15
2 1.06581e-14
3 2.13163e-14
396 3
1 -2.66454e-14
2 4.26326e-14
3 5.32907e-15
398 3
1 -7.99361e-15
2 2.13163e-14
3 1.77636e-15
400 3
1 -3.64153e-14
2 1.59872e-14
3 8.88178e-15
402 3
1 -2.75335e-14
2 5.32907e-15
3 -1.06581e-14
404 3
1 -1.06581e-14
2 3.73035e-14
3 5.32907e-15
406 3
1 -3.19744e-14
2 2.13163e-14
3 3.55271e-15
408 3
1 -3.73035e-14
2 1.06581e-14
3 1.95399e-14
410 3
1 -7.37188e-14
2 3.19744e-14
3 -5.32907e-15
412 3
1 -1.77636e-14
2 4.9738e-14
3 1.06581e-14
414 3
1 -6.21725e-15
2 1.59872e-14
3 1.42109e-14
416 3
1 -4.52971e-14
2 4.26326e-14
3 1.59872e-14
418 3
1 -2.66454e-14
2 1.42109e-14
3 2.13163e-14
420 3
1 -1.33227e-14
2 3.55271e-14
3 -1.59872e-14
422 3
1 -5.41789e-14
2 1.77636e-14
3 0
424 3
1 -3.64153e-14
2 3.90799e-14
3 2.84217e-14
426 3
1 -8.88178e-15
2 1.42109e-14
3 8.88178e-15
428 3
1 -7.10543e-15
2 2.30926e-14
3 5.32907e-15
430 3
1 -1.59872e-14
2 1.77636e-14
3 1.24345e-14
432 3
1 -2.22045e-14
2 8.88178e-15
3 7.10543e-15
434 3
1 -1.77636e-14
2 3.37508e-14
3 1.42109e-14
436 3
1 -3.81917e-14
2 4.08562e-14
3 -2.13163e-14
438 3
1 -3.19744e-14
2 4.26326e-14
3 -1.77636e-15
440 3
1 2.4869e-14
2 1.42109e-14
3 2.4869e-14
442 3
1 -1.06581e-14
2 4.26326e-14
3 1.06581e-14
444 3
1 -4.26326e-14
2 3.01981e-14
3 2.84217e-14
446 3
1 -6.21725e-15
2 3.90799e-14
3 1.42109e-14
448 3
1 -2.75335e-14
2 3.73035e-14
3 1.24345e-14
450 3
1 -8.88178e-15
2 3.01981e-14
3 0
452 3
1 8.88178e-15
2 1.06581e-14
3 -1.06581e-14
454 3
1 -1.59872e-14
2 2.30926e-14
3 -1.24345e-14
456 3
1 -3.19744e-14
2 2.84217e-14
3 1.59872e-14
458 3
1 -4.79616e-14
2 2.84217e-14
3 5.32907e-15
460 3
1 -4.08562e-14
2 4.61853e-14
3 1.77636e-15
462 3
1 8.88178e-16
2 1.42109e-14
3 1.42109e-14
464 3
1 -1.59872e-14
2 -3.55271e-15
3 7.10543e-15
466 3
1 -1.33227e-14
2 2.84217e-14
3 -1.59872e-14
468 3
1 4.44089e-15
2 4.79616e-14
3 -1.24345e-14
470 3
1 -1.06581e-14
2 3.90799e-14
3 4.08562e-14
472 3
1 -1.42109e-14
2 2.13163e-14
3 1.95399e-14
474 3
1 -1.77636e-15
2 2.66454e-14
3 2.13163e-14
476 3
1 -2.4869e-14
2 2.4869e-14
3 3.01981e-14
478 3
1 3.55271e-15
2 2.66454e-14
3 -1.24345e-14
480 3
1 1.68754e-14
2 4.08562e-14
3 5.15143e-14
482 3
1 9.76996e-15
2 1.77636e-14
3 1.68754e-14
484 3
1 -1.33227e-15
2 3.01981e-14
3 1.95399e-14
486 3
1 -1.59872e-14
2 2.13163e-14
3 1.33227e-14
488 3
1 1.33227e-15
2 2.4869e-14
3 3.01981e-14
490 3
1 -1.33227e-15
2 3.19744e-14
3 2.4869e-14
492 3
1 -1.77636e-15
2 4.44089e-14
3 2.30926e-14
494 3
1 7.10543e-15
2 3.55271e-14
3 1.42109e-14
496 3
1 -3.81917e-14
2 3.55271e-14
3 4.44089e-14
498 3
1 -1.77636e-14
2 4.61853e-14
3 3.55271e-14
500 3
1 -5.24025e-14
2 3.73035e-14
3 -3.55271e-15
502 3
1 -2.70894e-14
2 2.84217e-14
3 -1.59872e-14
504 3
1 -1.77636e-14
2 5.86198e-14
3 4.61853e-14
506 3
1 -2.62013e-14
2 3.37508e-14
3 2.30926e-14
508 3
1 -5.59552e-14
2 4.08562e-14
3 2.84217e-14
510 3
1 -2.93099e-14
2 3.90799e-14
3 1.77636e-15
512 3
1 -4.79616e-14
2 6.57252e-14
3 2.30926e-14
514 3
1 -8.88178e-15
2 4.79616e-14
3 4.44089e-14
516 3
1 -1.33227e-15
2 2.84217e-14
3 0
518 3
1 -1.24345e-14
2 5.68434e-14
3 -1.24345e-14
520 3
1 -3.10862e-14
2 4.44089e-14
3 -3.55271e-14
522 3
1 -4.61853e-14
2 4.9738e-14
3 -1.42109e-14
524 3
1 -1.33227e-14
2 5.32907e-14
3 2.13163e-14
526 3
1 -2.84217e-14
2 6.03961e-14
3 2.66454e-14
528 3
1 -2.75335e-14
2 4.61853e-14
3 -3.55271e-15
530 3
1 -1.28786e-14
2 3.37508e-14
3 3.55271e-14
532 3
1 -2.35367e-14
2 7.4607e-14
3 -1.24345e-14
534 3
1 8.88178e-16
2 5.32907e-14
3 1.42109e-14
536 3
1 -2.44249e-14
2 4.9738e-14
3 -8.88178e-15
538 3
1 -7.99361e-15
2 7.10543e-14
3 1.24345e-14
540 3
1 -5.10703e-14
2 4.79616e-14
3 -1.06581e-14
542 3
1 -2.4869e-14
2 7.28306e-14
3 8.88178e-15
544 3
1 -3.9968e-14
2 5.50671e-14
3 2.4869e-14
546 3
1 -5.19584e-14
2 3.90799e-14
3 -1.95399e-14
548 3
1 -1.9984e-14
2 4.61853e-14
3 2.13163e-14
550 3
1 -2.17604e-14
2 4.44089e-14
3 -7.10543e-15
552 3
1 -3.59712e-14
2 5.15143e-14
3 3.55271e-15
554 3
1 -3.4639e-14
2 7.63833e-14
3 1.77636e-15
556 3
1 -2.57572e-14
2 4.61853e-14
3 1.42109e-14
558 3
1 -2.70894e-14
2 7.81597e-14
3 2.84217e-14
560 3
1 -1.59872e-14
2 4.08562e-14
3 5.32907e-15
562 3
1 -3.77476e-14
2 4.61853e-14
3 4.26326e-14
564 3
1 1.33227e-15
2 5.32907e-14
3 -3.55271e-15
566 3
1 -2.13163e-14
2 4.26326e-14
3 1.59872e-14
568 3
1 -4.21885e-14
2 4.44089e-14
3 7.10543e-15
570 3
1 -1.24345e-14
2 6.75016e-14
3 -1.06581e-14
572 3
1 -2.4869e-14
2 6.92779e-14
3 -3.55271e-15
574 3
1 -5.63993e-14
2 4.79616e-14
3 1.24345e-14
576 3
1 -6.83897e-14
2 6.03961e-14
3 2.30926e-14
578 3
1 -6.75016e-14
2 5.68434e-14
3 1.77636e-14
580 3
1 -3.77476e-14
2 3.01981e-14
3 3.73035e-14
582 3
1 -4.39648e-14
2 3.19744e-14
3 6.21725e-14
584 3
1 -6.92779e-14
2 3.73035e-14
3 2.30926e-14
586 3
1 -3.5083e-14
2 1.59872e-14
3 2.30926e-14
588 3
1 -1.46549e-14
2 6.21725e-14
3 3.01981e-14
590 3
1 -4.88498e-14
2 1.77636e-14
3 8.88178e-15
592 3
1 -5.90639e-14
2 6.57252e-14
3 1.24345e-14
594 3
1 -5.37348e-14
2 6.92779e-14
3 2.4869e-14
596 3
1 -5.01821e-14
2 7.4607e-14
3 2.4869e-14
598 3
1 -3.81917e-14
2 4.08562e-14
3 4.08562e-14
600 3
1 -6.9722e-14
2 3.01981e-14
3 8.88178e-15
602 3
1 -4.13003e-14
2 5.86198e-14
3 1.77636e-14
604 3
1 -3.4639e-14
2 4.08562e-14
3 3.73035e-14
606 3
1 -7.28306e-14
2 3.19744e-14
3 6.03961e-14
608 3
1 -4.52971e-14
2 4.26326e-14
3 2.30926e-14
610 3
1 -6.66134e-14
2 1.77636e-14
3 2.13163e-14
612 3
1 -1.86517e-14
2 3.19744e-14
3 2.66454e-14
614 3
1 -1.90958e-14
2 5.86198e-14
3 4.9738e-14
616 3
1 -3.4639e-14
2 6.03961e-14
3 3.19744e-14
618 3
1 -3.4639e-14
2 4.08562e-14
3 3.37508e-14
620 3
1 -4.08562e-14
2 5.15143e-14
3 2.66454e-14
622 3
1 -4.84057e-14
2 2.13163e-14
3 4.61853e-14
624 3
1 -3.10862e-14
2 2.84217e-14
3 2.84217e-14
626 3
1 -2.84217e-14
2 3.19744e-14
3 7.10543e-15
628 3
1 -4.13003e-14
2 2.13163e-14
3 2.30926e-14
630 3
1 -3.81917e-14
2 3.73035e-14
3 5.32907e-14
632 3
1 -6.08402e-14
2 4.08562e-14
3 4.9738e-14
634 3
1 -5.10703e-14
2 4.9738e-14
3 -1.77636e-15
636 3
1 -7.63833e-14
2 5.15143e-14
3 3.55271e-14
638 3
1 1.77636e-15
2 4.44089e-14
3 2.4869e-14
640 3
1 -5.81757e-14
2 2.84217e-14
3 3.19744e-14
642 3
1 -5.68434e-14
2 4.61853e-14
3 3.37508e-14
644 3
1 -4.70735e-14
2 2.30926e-14
3 2.13163e-14
646 3
1 -2.44249e-14
2 3.55271e-14
3 4.61853e-14
648 3
1 -6.4837e-14
2 3.90799e-14
3 3.55271e-15
650 3
1 -4.44089e-14
2 3.90799e-14
3 2.30926e-14
652 3
1 -4.84057e-14
2 2.30926e-14
3 -8.88178e-15
654 3
1 -5.55112e-14
2 8.88178e-15
3 2.30926e-14
656 3
1 -5.37348e-14
2 1.42109e-14
3 1.59872e-14
658 3
1 -2.39808e-14
2 6.03961e-14
3 3.01981e-14
660 3
1 -4.44089e-14
2 1.95399e-14
3 1.24345e-14
662 3
1 -6.21725e-14
2 1.06581e-14
3 -1.06581e-14
664 3
1 -5.37348e-14
2 5.15143e-14
3 5.32907e-15
666 3
1 -6.75016e-14
2 3.19744e-14
3 5.32907e-14
668 3
1 -4.9738e-14
2 2.30926e-14
3 -3.55271e-15
670 3
1 -3.55271e-14
2 5.32907e-14
3 1.77636e-14
672 3
1 -1.11022e-14
2 2.30926e-14
3 8.88178e-15
674 3
1 -4.57412e-14
2 1.06581e-14
3 3.19744e-14
676 3
1 -3.10862e-14
2 3.01981e-14
3 4.08562e-14
678 3
1 -4.88498e-14
2 3.55271e-14
3 4.44089e-14
680 3
1 -2.93099e-14
2 2.66454e-14
3 5.86198e-14
682 3
1 -5.55112e-14
2 3.90799e-14
3 1.24345e-14
684 3
1 -4.17444e-14
2 1.06581e-14
3 1.59872e-14
686 3
1 -5.41789e-14
2 1.77636e-15
3 2.30926e-14
688 3
1 -2.53131e-14
2 3.37508e-14
3 1.24345e-14
690 3
1 -4.70735e-14
2 7.10543e-15
3 -1.77636e-15
692 3
1 -7.37188e-14
2 -2.30926e-14
3 2.66454e-14
694 3
1 -6.83897e-14
2 5.32907e-14
3 1.77636e-14
696 3
1 -3.01981e-14
2 3.19744e-14
3 2.30926e-14
698 3
1 -5.72875e-14
2 3.55271e-15
3 -1.77636e-15
700 3
1 -4.04121e-14
2 1.06581e-14
3 1.42109e-14
702 3
1 -1.15463e-14
2 2.4869e-14
3 3.37508e-14
704 3
1 -3.4639e-14
2 1.95399e-14
3 1.77636e-14
706 3
1 -3.15303e-14
2 3.37508e-14
3 2.13163e-14
708 3
1 -3.33067e-14
2 2.66454e-14
3 2.30926e-14
710 3
1 -3.73035e-14
2 1.24345e-14
3 1.77636e-15
712 3
1 -4.21885e-14
2 2.13163e-14
3 3.55271e-15
714 3
1 -3.55271e-14
2 1.59872e-14
3 3.01981e-14
716 3
1 -1.77636e-14
2 1.42109e-14
3 3.90799e-14
718 3
1 -3.95239e-14
2 1.59872e-14
3 2.13163e-14
720 3
1 1.86517e-14
2 1.95399e-14
3 7.10543e-15
722 3
1 -1.9984e-14
2 3.37508e-14
3 2.84217e-14
724 3
1 -4.52971e-14
2 4.26326e-14
3 -1.77636e-15
726 3
1 -2.44249e-14
2 4.61853e-14
3 1.77636e-14
728 3
1 -2.57572e-14
2 3.19744e-14
3 3.19744e-14
730 3
1 -2.35367e-14
2 -5.32907e-15
3 -7.10543e-15
732 3
1 -4.88498e-15
2 1.77636e-14
3 1.42109e-14
734 3
1 -2.13163e-14
2 4.08562e-14
3 -1.95399e-14
736 3
1 -1.5099e-14
2 2.13163e-14
3 2.66454e-14
738 3
1 -5.19584e-14
2 4.9738e-14
3 1.77636e-14
740 3
1 -9.76996e-15
2 -7.10543e-15
3 3.19744e-14
742 3
1 -4.30767e-14
2 3.19744e-14
3 -1.06581e-14
744 3
1 -1.77636e-14
2 3.73035e-14
3 2.66454e-14
746 3
1 -3.9968e-14
2 1.42109e-14
3 7.10543e-15
748 3
1 -3.5083e-14
2 2.30926e-14
3 3.55271e-15
750 3
1 -3.77476e-14
2 3.37508e-14
3 -1.59872e-14
752 3
1 -1.9984e-14
2 3.37508e-14
3 1.24345e-14
754 3
1 -3.24185e-14
2 1.77636e-14
3 7.10543e-15
756 3
1 -3.28626e-14
2 4.9738e-14
3 5.32907e-15
758 3
1 -1.06581e-14
2 5.50671e-14
3 -2.66454e-14
760 3
1 -2.53131e-14
2 3.37508e-14
3 -1.06581e-14
762 3
1 -2.93099e-14
2 4.61853e-14
3 1.42109e-14
764 3
1 -2.79776e-14
2 3.55271e-14
3 1.06581e-14
766 3
1 -3.19744e-14
2 5.15143e-14
3 -2.30926e-14
768 3
1 -1.5099e-14
2 1.42109e-14
3 1.77636e-14
770 3
1 -2.4869e-14
2 3.73035e-14
3 -3.55271e-15
772 3
1 -1.5099e-14
2 2.84217e-14
3 1.77636e-15
774 3
1 -1.90958e-14
2 4.08562e-14
3 1.06581e-14
776 3
1 -3.77476e-14
2 6.03961e-14
3 1.06581e-14
778 3
1 -2.26485e-14
2 9.59233e-14
3 0
780 3
1 -1.15463e-14
2 4.26326e-14
3 -1.77636e-15
782 3
1 -5.77316e-15
2 4.61853e-14
3 1.95399e-14
784 3
1 -4.44089e-16
2 5.32907e-14
3 1.77636e-15
786 3
1 -2.08722e-14
2 9.76996e-14
3 -8.88178e-15
788 3
1 -1.46549e-14
2 7.10543e-14
3 7.10543e-15
790 3
1 -3.06422e-14
2 4.61853e-14
3 -2.13163e-14
792 3
1 5.77316e-15
2 3.01981e-14
3 1.24345e-14
794 3
1 -4.44089e-16
2 4.9738e-14
3 -5.32907e-15
796 3
1 -1.33227e-15
2 3.90799e-14
3 -3.01981e-14
798 3
1 -2.44249e-14
2 6.57252e-14
3 1.24345e-14
800 3
1 -1.95399e-14
2 5.32907e-14
3 2.84217e-14
802 3
1 -4.88498e-15
2 2.84217e-14
3 -1.59872e-14
804 3
1 3.10862e-15
2 4.61853e-14
3 2.66454e-14
806 3
1 -1.42109e-14
2 3.73035e-14
3 3.90799e-14
808 3
1 -4.92939e-14
2 5.68434e-14
3 -5.32907e-15
810 3
1 -4.88498e-15
2 5.50671e-14
3 2.30926e-14
812 3
1 -2.22045e-15
2 6.92779e-14
3 2.66454e-14
814 3
1 -7.10543e-15
2 3.90799e-14
3 5.32907e-15
816 3
1 -1.9984e-14
2 6.21725e-14
3 3.55271e-15
818 3
1 -8.88178e-15
2 6.39488e-14
3 1.59872e-14
820 3
1 2.35367e-14
2 4.9738e-14
3 7.10543e-15
822 3
1 -2.53131e-14
2 5.50671e-14
3 8.88178e-15
824 3
1 1.28786e-14
2 4.79616e-14
3 8.88178e-15
826 3
1 2.22045e-15
2 6.03961e-14
3 5.32907e-14
828 3
1 -1.15463e-14
2 6.03961e-14
3 1.77636e-14
830 3
1 -2.30926e-14
2 4.61853e-14
3 5.32907e-15
832 3
1 8.88178e-16
2 4.61853e-14
3 -1.77636e-15
834 3
1 -2.66454e-15
2 7.4607e-14
3 1.95399e-14
836 3
1 -1.64313e-14
2 1.04805e-13
3 1.06581e-14
838 3
1 -2.04281e-14
2 6.39488e-14
3 5.32907e-15
840 3
1 5.77316e-15
2 8.52651e-14
3 4.08562e-14
842 3
1 -9.32587e-15
2 5.86198e-14
3 1.24345e-14
844 3
1 -1.15463e-14
2 6.92779e-14
3 2.30926e-14
846 3
1 1.46549e-14
2 4.79616e-14
3 1.77636e-15
848 3
1 4.44089e-16
2 5.86198e-14
3 -3.55271e-15
850 3
1 1.02141e-14
2 8.70415e-14
3 2.84217e-14
852 3
1 2.04281e-14
2 7.81597e-14
3 2.84217e-14
854 3
1 -7.99361e-15
2 3.90799e-14
3 8.88178e-15
856 3
1 2.22045e-15
2 5.50671e-14
3 2.66454e-14
858 3
1 -8.43769e-15
2 5.68434e-14
3 2.84217e-14
860 3
1 2.44249e-14
2 4.9738e-14
3 7.10543e-15
862 3
1 -4.44089e-15
2 4.9738e-14
3 2.13163e-14
864 3
1 1.37668e-14
2 7.28306e-14
3 2.13163e-14
866 3
1 1.06581e-14
2 4.26326e-14
3 1.42109e-14
868 3
1 7.54952e-15
2 3.90799e-14
3 3.37508e-14
870 3
1 -1.95399e-14
2 3.90799e-14
3 2.84217e-14
872 3
1 -2.17604e-14
2 3.55271e-14
3 3.01981e-14
874 3
1 -1.37668e-14
2 3.55271e-14
3 7.10543e-15
876 3
1 -4.44089e-15
2 6.39488e-14
3 3.55271e-15
878 3
1 -1.59872e-14
2 7.4607e-14
3 5.32907e-15
880 3
1 -2.22045e-15
2 3.19744e-14
3 7.10543e-15
882 3
1 5.77316e-15
2 4.26326e-14
3 5.32907e-15
884 3
1 -5.28466e-14
2 6.75016e-14
3 1.06581e-14
886 3
1 -7.10543e-15
2 3.55271e-14
3 1.59872e-14
888 3
1 -4.88498e-15
2 7.81597e-14
3 2.4869e-14
890 3
1 -1.15463e-14
2 1.77636e-15
3 5.32907e-15
892 3
1 3.55271e-14
2 7.10543e-14
3 1.06581e-14
894 3
1 1.77636e-14
2 4.26326e-14
3 -1.59872e-14
896 3
1 -1.42109e-14
2 5.50671e-14
3 0
898 3
1 2.17604e-14
2 3.90799e-14
3 3.19744e-14
900 3
1 -1.06581e-14
2 4.79616e-14
3 1.06581e-14
902 3
1 -4.44089e-16
2 4.08562e-14
3 4.26326e-14
904 3
1 1.06581e-14
2 5.50671e-14
3 3.90799e-14
906 3
1 2.84217e-14
2 4.08562e-14
3 1.95399e-14
908 3
1 -8.88178e-15
2 2.13163e-14
3 3.55271e-15
910 3
1 -3.55271e-15
2 4.08562e-14
3 3.37508e-14
912 3
1 -3.10862e-15
2 3.37508e-14
3 1.59872e-14
914 3
1 8.43769e-15
2 3.37508e-14
3 1.77636e-14
916 3
1 1.24345e-14
2 1.42109e-14
3 3.19744e-14
918 3
1 2.22045e-15
2 2.13163e-14
3 4.61853e-14
920 3
1 2.84217e-14
2 5.15143e-14
3 1.24345e-14
922 3
1 9.32587e-15
2 5.50671e-14
3 -1.24345e-14
924 3
1 -1.15463e-14
2 5.50671e-14
3 8.88178e-15
926 3
1 3.15303e-14
2 3.55271e-14
3 1.06581e-14
928 3
1 1.5099e-14
2 7.28306e-14
3 2.84217e-14
930 3
1 1.82077e-14
2 5.68434e-14
3 7.10543e-15
932 3
1 3.33067e-14
2 5.15143e-14
3 3.90799e-14
934 3
1 9.76996e-15
2 5.32907e-15
3 2.30926e-14
936 3
1 9.32587e-15
2 6.57252e-14
3 3.90799e-14
938 3
1 1.64313e-14
2 2.84217e-14
3 4.08562e-14
940 3
1 9.32587e-15
2 3.37508e-14
3 1.77636e-14
942 3
1 2.39808e-14
2 4.9738e-14
3 4.26326e-14
944 3
1 3.9968e-15
2 5.32907e-14
3 -8.88178e-15
946 3
1 6.66134e-15
2 1.95399e-14
3 1.24345e-14
948 3
1 8.88178e-15
2 3.01981e-14
3 4.08562e-14
950 3
1 2.66454e-15
2 2.30926e-14
3 3.37508e-14
952 3
1 2.66454e-15
2 2.66454e-14
3 4.9738e-14
954 3
1 3.33067e-14
2 1.77636e-15
3 5.32907e-14
956 3
1 -5.32907e-15
2 1.24345e-14
3 4.26326e-14
958 3
1 2.26485e-14
2 3.01981e-14
3 4.44089e-14
960 3
1 1.55431e-14
2 2.13163e-14
3 3.37508e-14
962 3
1 1.55431e-14
2 1.24345e-14
3 7.4607e-14
964 3
1 2.22045e-14
2 4.61853e-14
3 3.01981e-14
966 3
1 1.15463e-14
2 5.32907e-14
3 5.86198e-14
968 3
1 3.41949e-14
2 3.01981e-14
3 3.55271e-14
970 3
1 5.59552e-14
2 -3.55271e-15
3 4.79616e-14
972 3
1 3.68594e-14
2 3.73035e-14
3 3.73035e-14
974 3
1 2.30926e-14
2 7.10543e-15
3 1.95399e-14
976 3
1 2.66454e-14
2 1.42109e-14
3 3.01981e-14
978 3
1 8.88178e-15
2 -1.06581e-14
3 6.03961e-14
980 3
1 3.01981e-14
2 1.59872e-14
3 4.26326e-14
982 3
1 3.28626e-14
2 -1.77636e-15
3 9.23706e-14
984 3
1 2.57572e-14
2 3.19744e-14
3 4.08562e-14
986 3
1 3.77476e-14
2 -7.10543e-15
3 3.19744e-14
988 3
1 2.4869e-14
2 1.24345e-14
3 2.66454e-14
990 3
1 6.66134e-15
2 1.42109e-14
3 5.68434e-14
992 3
1 3.55271e-14
2 3.37508e-14
3 6.92779e-14
994 3
1 4.61853e-14
2 1.95399e-14
3 3.01981e-14
996 3
1 5.41789e-14
2 2.30926e-14
3 3.19744e-14
998 3
1 3.90799e-14
2 -1.24345e-14
3 6.21725e-14
1000 3
1 4.30767e-14
2 1.59872e-14
3 5.68434e-14
1002 3
1 3.24185e-14
2 1.59872e-14
3 4.61853e-14
1004 3
1 1.46549e-14
2 4.08562e-14
3 5.32907e-14
1006 3
1 2.62013e-14
2 3.19744e-14
3 6.21725e-14
1008 3
1 2.08722e-14
2 1.59872e-14
3 5.68434e-14
1010 3
1 3.81917e-14
2 4.61853e-14
3 4.79616e-14
1012 3
1 2.35367e-14
2 4.26326e-14
3 4.44089e-14
1014 3
1 4.35207e-14
2 3.37508e-14
3 4.9738e-14
1016 3
1 2.30926e-14
2 2.30926e-14
3 7.28306e-14
1018 3
1 2.17604e-14
2 1.95399e-14
3 5.86198e-14
1020 3
1 1.73195e-14
2 3.37508e-14
3 7.28306e-14
1022 3
1 2.44249e-14
2 3.55271e-14
3 8.88178e-14
1024 3
1 4.13003e-14
2 6.03961e-14
3 4.08562e-14
1026 3
1 7.99361e-15
2 2.84217e-14
3 4.26326e-14
1028 3
1 4.4853e-14
2 5.32907e-14
3 7.28306e-14
1030 3
1 9.32587e-15
2 5.68434e-14
3 4.26326e-14
1032 3
1 2.9754e-14
2 4.44089e-14
3 7.4607e-14
1034 3
1 1.73195e-14
2 4.79616e-14
3 1.01252e-13
1036 3
1 1.19904e-14
2 4.08562e-14
3 3.90799e-14
1038 3
1 3.64153e-14
2 6.39488e-14
3 3.73035e-14
1040 3
1 1.28786e-14
2 3.37508e-14
3 4.61853e-14
1042 3
1 1.9984e-14
2 4.44089e-14
3 4.26326e-14
1044 3
1 4.44089e-14
2 4.26326e-14
3 4.79616e-14
1046 3
1 4.30767e-14
2 6.75016e-14
3 4.61853e-14
1048 3
1 1.15463e-14
2 2.84217e-14
3 5.32907e-14
1050 3
1 2.35367e-14
2 5.68434e-14
3 7.63833e-14
1052 3
1 1.19904e-14
2 2.30926e-14
3 3.73035e-14
1054 3
1 4.9738e-14
2 4.9738e-14
3 5.50671e-14
1056 3
1 3.37508e-14
2 1.77636e-14
3 3.37508e-14
1058 3
1 4.92939e-14
2 4.9738e-14
3 6.03961e-14
1060 3
1 3.33067e-14
2 5.86198e-14
3 3.90799e-14
1062 3
1 8.88178e-16
2 3.55271e-14
3 5.32907e-14
1064 3
1 4.35207e-14
2 4.08562e-14
3 4.26326e-14
1066 3
1 1.73195e-14
2 2.13163e-14
3 4.79616e-14
1068 3
1 2.17604e-14
2 4.9738e-14
3 6.03961e-14
1070 3
1 4.35207e-14
2 4.26326e-14
3 5.68434e-14
1072 3
1 1.95399e-14
2 2.13163e-14
3 7.10543e-14
1074 3
1 5.77316e-14
2 6.03961e-14
3 6.21725e-14
1076 3
1 1.28786e-14
2 2.84217e-14
3 3.73035e-14
1078 3
1 5.32907e-14
2 5.68434e-14
3 7.81597e-14
1080 3
1 3.37508e-14
2 5.50671e-14
3 7.99361e-14
1082 3
1 2.22045e-14
2 2.66454e-14
3 5.68434e-14
1084 3
1 1.95399e-14
2 4.44089e-14
3 8.34888e-14
1086 3
1 4.26326e-14
2 3.19744e-14
3 7.10543e-14
1088 3
1 3.37508e-14
2 2.4869e-14
3 8.17124e-14
1090 3
1 1.90958e-14
2 1.77636e-14
3 1.77636e-14
1092 3
1 3.86358e-14
2 3.19744e-14
3 4.26326e-14
1094 3
1 4.08562e-14
2 2.4869e-14
3 6.92779e-14
1096 3
1 2.4869e-14
2 2.13163e-14
3 6.75016e-14
1098 3
1 1.19904e-14
2 4.26326e-14
3 8.70415e-14
1100 3
1 3.01981e-14
2 1.95399e-14
3 6.21725e-14
1102 3
1 -1.33227e-15
2 2.84217e-14
3 8.88178e-14
1104 3
1 -3.55271e-15
2 3.90799e-14
3 8.34888e-14
1106 3
1 7.10543e-15
2 3.19744e-14
3 5.86198e-14
1108 3
1 3.55271e-15
2 7.63833e-14
3 5.86198e-14
1110 3
1 3.68594e-14
2 5.15143e-14
3 4.9738e-14
1112 3
1 2.26485e-14
2 3.90799e-14
3 6.39488e-14
1114 3
1 3.06422e-14
2 5.50671e-14
3 9.76996e-14
1116 3
1 3.24185e-14
2 3.73035e-14
3 8.34888e-14
1118 3
1 1.59872e-14
2 6.75016e-14
3 6.57252e-14
1120 3
1 2.13163e-14
2 4.9738e-14
3 9.23706e-14
1122 3
1 2.66454e-14
2 3.90799e-14
3 8.52651e-14
1124 3
1 4.17444e-14
2 3.37508e-14
3 7.63833e-14
1126 3
1 2.75335e-14
2 3.90799e-14
3 6.39488e-14
1128 3
1 2.04281e-14
2 2.13163e-14
3 5.50671e-14
1130 3
1 2.66454e-14
2 5.32907e-14
3 7.10543e-14
1132 3
1 3.9968e-15
2 5.68434e-14
3 5.32907e-14
1134 3
1 3.77476e-14
2 5.50671e-14
3 9.41469e-14
1136 3
1 2.79776e-14
2 2.30926e-14
3 7.81597e-14
1138 3
1 3.37508e-14
2 4.9738e-14
3 1.10134e-13
1140 3
1 2.9754e-14
2 4.44089e-14
3 8.34888e-14
1142 3
1 2.9754e-14
2 4.61853e-14
3 4.79616e-14
1144 3
1 2.04281e-14
2 6.03961e-14
3 1.04805e-13
1146 3
1 1.5099e-14
2 5.15143e-14
3 6.75016e-14
1148 3
1 9.32587e-15
2 3.19744e-14
3 7.4607e-14
1150 3
1 1.46549e-14
2 3.90799e-14
3 9.76996e-14
1152 3
1 3.41949e-14
2 2.4869e-14
3 7.28306e-14
1154 3
1 1.55431e-14
2 3.55271e-14
3 9.41469e-14
1156 3
1 7.99361e-15
2 4.9738e-14
3 7.28306e-14
1158 3
1 -8.43769e-15
2 3.19744e-14
3 9.23706e-14
1160 3
1 4.44089e-16
2 3.73035e-14
3 7.54952e-14
1162 3
1 2.66454e-14
2 4.9738e-14
3 1.02141e-13
1164 3
1 1.28786e-14
2 6.21725e-14
3 9.23706e-14
1166 3
1 1.77636e-14
2 4.26326e-14
3 6.39488e-14
1168 3
1 2.30926e-14
2 6.39488e-14
3 8.79297e-14
1170 3
1 2.17604e-14
2 2.30926e-14
3 8.08242e-14
1172 3
1 9.76996e-15
2 6.57252e-14
3 6.83897e-14
1174 3
1 1.95399e-14
2 7.63833e-14
3 7.63833e-14
1176 3
1 1.42109e-14
2 3.73035e-14
3 6.66134e-14
1178 3
1 3.41949e-14
2 4.26326e-14
3 1.01252e-13
1180 3
1 3.24185e-14
2 2.84217e-14
3 1.04805e-13
1182 3
1 1.77636e-14
2 4.79616e-14
3 9.85878e-14
1184 3
1 5.06262e-14
2 3.01981e-14
3 9.59233e-14
1186 3
1 4.13003e-14
2 3.19744e-14
3 1.15463e-13
1188 3
1 4.35207e-14
2 3.01981e-14
3 8.70415e-14
1190 3
1 1.86517e-14
2 3.90799e-14
3 1.27898e-13
1192 3
1 3.10862e-15
2 4.44089e-14
3 1.14575e-13
1194 3
1 2.35367e-14
2 3.55271e-14
3 1.13687e-13
1196 3
1 2.79776e-14
2 7.99361e-14
3 9.9476e-14
1198 3
1 3.59712e-14
2 1.95399e-14
3 1.08358e-13
1200 3
1 4.26326e-14
2 3.55271e-14
3 7.72715e-14
1202 3
1 2.4869e-14
2 5.68434e-14
3 1.08358e-13
1204 3
1 9.76996e-15
2 3.90799e-14
3 7.28306e-14
1206 3
1 3.73035e-14
2 3.73035e-14
3 9.59233e-14
1208 3
1 -8.88178e-16
2 6.03961e-14
3 1.01252e-13
1210 3
1 1.06581e-14
2 7.10543e-14
3 8.61533e-14
1212 3
1 3.81917e-14
2 7.10543e-14
3 1.18128e-13
1214 3
1 2.22045e-14
2 5.86198e-14
3 1.1191e-13
1216 3
1 1.86517e-14
2 3.55271e-14
3 9.85878e-14
1218 3
1 7.10543e-15
2 6.03961e-14
3 9.76996e-14
1220 3
1 -5.32907e-15
2 5.68434e-14
3 9.05942e-14
1222 3
1 8.88178e-16
2 5.68434e-14
3 8.34888e-14
1224 3
1 2.04281e-14
2 5.15143e-14
3 7.99361e-14
1226 3
1 3.55271e-15
2 9.05942e-14
3 1.08358e-13
1228 3
1 1.77636e-14
2 4.26326e-14
3 7.99361e-14
1230 3
1 1.42109e-14
2 6.57252e-14
3 7.63833e-14
1232 3
1 1.33227e-14
2 5.50671e-14
3 8.34888e-14
1234 3
1 1.24345e-14
2 4.26326e-14
3 8.88178e-14
1236 3
1 7.99361e-15
2 5.50671e-14
3 9.9476e-14
1238 3
1 1.86517e-14
2 4.61853e-14
3 8.88178e-14
1240 3
1 1.24345e-14
2 6.39488e-14
3 6.57252e-14
1242 3
1 -1.15463e-14
2 4.61853e-14
3 5.86198e-14
1244 3
1 2.39808e-14
2 5.68434e-14
3 5.41789e-14
1246 3
1 1.33227e-14
2 7.28306e-14
3 7.81597e-14
1248 3
1 2.30926e-14
2 5.86198e-14
3 8.70415e-14
1250 3
1 1.5099e-14
2 8.52651e-14
3 5.41789e-14
1252 3
1 6.21725e-15
2 6.21725e-14
3 7.10543e-14
1254 3
1 2.66454e-14
2 6.57252e-14
3 6.21725e-14
1256 3
1 -1.77636e-14
2 7.10543e-14
3 6.92779e-14
1258 3
1 2.04281e-14
2 6.92779e-14
3 4.26326e-14
1260 3
1 3.10862e-14
2 5.50671e-14
3 7.4607e-14
1262 3
1 1.5099e-14
2 7.4607e-14
3 5.32907e-14
1264 3
1 1.77636e-14
2 6.39488e-14
3 4.9738e-14
1266 3
1 8.88178e-16
2 6.75016e-14
3 4.35207e-14
1268 3
1 0
2 6.21725e-14
3 3.9968e-14
1270 3
1 1.68754e-14
2 6.03961e-14
3 3.73035e-14
1272 3
1 3.4639e-14
2 5.86198e-14
3 9.76996e-15
1274 3
1 1.42109e-14
2 8.52651e-14
3 6.03961e-14
1276 3
1 8.88178e-15
2 3.37508e-14
3 7.99361e-14
1278 3
1 1.24345e-14
2 6.39488e-14
3 8.17124e-14
1280 3
1 -8.88178e-15
2 5.68434e-14
3 8.34888e-14
1282 3
1 -1.77636e-14
2 8.88178e-14
3 7.10543e-14
1284 3
1 -7.99361e-15
2 7.10543e-14
3 7.28306e-14
1286 3
1 1.95399e-14
2 3.55271e-14
3 6.03961e-14
1288 3
1 2.04281e-14
2 6.21725e-14
3 4.52971e-14
1290 3
1 9.76996e-15
2 7.81597e-14
3 7.28306e-14
1292 3
1 -7.10543e-15
2 7.4607e-14
3 4.26326e-14
1294 3
1 -1.15463e-14
2 4.44089e-14
3 8.34888e-14
1296 3
1 -1.24345e-14
2 4.9738e-14
3 4.9738e-14
1298 3
1 3.55271e-15
2 7.4607e-14
3 4.79616e-14
1300 3
1 1.59872e-14
2 6.21725e-14
3 5.24025e-14
1302 3
1 -8.88178e-16
2 6.21725e-14
3 3.55271e-14
1304 3
1 -5.32907e-15
2 4.44089e-14
3 7.54952e-14
1306 3
1 -1.77636e-14
2 6.57252e-14
3 4.70735e-14
1308 3
1 -9.76996e-15
2 7.28306e-14
3 9.23706e-14
1310 3
1 -2.13163e-14
2 6.75016e-14
3 3.9968e-14
1312 3
1 0
2 6.21725e-14
3 5.86198e-14
1314 3
1 -1.59872e-14
2 5.15143e-14
3 7.4607e-14
1316 3
1 -2.04281e-14
2 2.4869e-14
3 5.77316e-14
1318 3
1 -1.68754e-14
2 4.61853e-14
3 5.68434e-14
1320 3
1 -1.24345e-14
2 4.26326e-14
3 8.34888e-14
1322 3
1 1.33227e-14
2 4.79616e-14
3 5.41789e-14
1324 3
1 -2.22045e-14
2 7.63833e-14
3 6.83897e-14
1326 3
1 -3.73035e-14
2 4.61853e-14
3 5.32907e-14
1328 3
1 -1.59872e-14
2 9.59233e-14
3 8.34888e-14
1330 3
1 -3.90799e-14
2 5.15143e-14
3 9.05942e-14
1332 3
1 -7.10543e-15
2 5.50671e-14
3 6.83897e-14
1334 3
1 -3.64153e-14
2 7.28306e-14
3 8.88178e-14
1336 3
1 -1.77636e-15
2 4.26326e-14
3 6.92779e-14
1338 3
1 -2.22045e-14
2 4.9738e-14
3 8.17124e-14
1340 3
1 -1.86517e-14
2 7.63833e-14
3 8.79297e-14
1342 3
1 8.88178e-16
2 7.4607e-14
3 1.04805e-13
1344 3
1 -1.06581e-14
2 9.05942e-14
3 9.59233e-14
1346 3
1 -2.13163e-14
2 5.32907e-14
3 6.03961e-14
1348 3
1 -2.22045e-14
2 4.79616e-14
3 6.03961e-14
1350 3
1 1.77636e-14
2 6.57252e-14
3 6.57252e-14
1352 3
1 2.39808e-14
2 4.08562e-14
3 5.50671e-14
1354 3
1 -1.24345e-14
2 6.03961e-14
3 1.03029e-13
1356 3
1 0
2 5.68434e-14
3 7.63833e-14
1358 3
1 9.76996e-15
2 6.03961e-14
3 8.88178e-14
1360 3
1 -3.19744e-14
2 8.52651e-14
3 6.83897e-14
1362 3
1 -1.42109e-14
2 4.9738e-14
3 1.01252e-13
1364 3
1 -2.30926e-14
2 7.4607e-14
3 8.52651e-14
1366 3
1 0
2 7.99361e-14
3 8.34888e-14
1368 3
1 -1.95399e-14
2 7.63833e-14
3 7.63833e-14
1370 3
1 -6.21725e-15
2 7.81597e-14
3 8.17124e-14
1372 3
1 2.39808e-14
2 7.28306e-14
3 6.12843e-14
1374 3
1 -3.64153e-14
2 7.81597e-14
3 9.05942e-14
1376 3
1 -1.42109e-14
2 8.70415e-14
3 8.61533e-14
1378 3
1 1.06581e-14
2 6.92779e-14
3 8.17124e-14
1380 3
1 -6.21725e-15
2 8.17124e-14
3 8.70415e-14
1382 3
1 -3.55271e-15
2 6.57252e-14
3 7.4607e-14
1384 3
1 -3.55271e-15
2 5.86198e-14
3 4.88498e-14
1386 3
1 -3.55271e-15
2 4.26326e-14
3 6.30607e-14
1388 3
1 -1.15463e-14
2 9.76996e-14
3 6.92779e-14
1390 3
1 -1.77636e-14
2 6.21725e-14
3 8.9706e-14
1392 3
1 1.5099e-14
2 8.17124e-14
3 7.19425e-14
1394 3
1 -3.55271e-14
2 7.81597e-14
3 6.57252e-14
1396 3
1 -2.04281e-14
2 9.23706e-14
3 5.32907e-14
1398 3
1 -1.06581e-14
2 7.81597e-14
3 6.57252e-14
1400 3
1 -1.24345e-14
2 4.44089e-14
3 5.32907e-14
1402 3
1 -2.30926e-14
2 7.81597e-14
3 4.79616e-14
1404 3
1 -1.5099e-14
2 6.92779e-14
3 6.57252e-14
1406 3
1 -3.9968e-14
2 4.26326e-14
3 7.19425e-14
1408 3
1 -2.84217e-14
2 9.05942e-14
3 5.15143e-14
1410 3
1 -2.13163e-14
2 1.01252e-13
3 7.01661e-14
1412 3
1 -2.93099e-14
2 8.52651e-14
3 6.03961e-14
1414 3
1 -3.01981e-14
2 7.63833e-14
3 8.70415e-14
1416 3
1 -3.73035e-14
2 4.61853e-14
3 5.32907e-14
1418 3
1 -2.57572e-14
2 6.92779e-14
3 9.41469e-14
1420 3
1 -1.95399e-14
2 6.39488e-14
3 5.86198e-14
1422 3
1 -1.86517e-14
2 9.41469e-14
3 6.57252e-14
1424 3
1 -1.77636e-14
2 7.81597e-14
3 1.95399e-14
1426 3
1 -4.61853e-14
2 5.15143e-14
3 6.39488e-14
1428 3
1 -5.32907e-15
2 1.01252e-13
3 2.13163e-14
1430 3
1 -1.5099e-14
2 4.08562e-14
3 5.41789e-14
1432 3
1 -3.55271e-14
2 7.63833e-14
3 6.75016e-14
1434 3
1 -5.24025e-14
2 8.88178e-14
3 7.10543e-14
1436 3
1 -2.4869e-14
2 5.68434e-14
3 7.28306e-14
1438 3
1 -3.4639e-14
2 5.50671e-14
3 7.4607e-14
1440 3
1 -4.44089e-14
2 4.26326e-14
3 7.54952e-14
1442 3
1 -4.26326e-14
2 6.39488e-14
3 6.39488e-14
1444 3
1 -3.28626e-14
2 5.32907e-14
3 5.9508e-14
1446 3
1 -7.01661e-14
2 9.9476e-14
3 5.86198e-14
1448 3
1 -4.08562e-14
2 8.34888e-14
3 4.79616e-14
1450 3
1 -4.26326e-14
2 8.34888e-14
3 5.32907e-14
1452 3
1 -2.57572e-14
2 5.32907e-14
3 6.30607e-14
1454 3
1 -5.32907e-15
2 7.63833e-14
3 2.93099e-14
1456 3
1 -4.44089e-14
2 5.86198e-14
3 5.9508e-14
1458 3
1 -3.19744e-14
2 6.21725e-14
3 7.01661e-14
1460 3
1 0
2 3.55271e-14
3 1.24345e-14
1462 3
1 -3.4639e-14
2 8.70415e-14
3 6.92779e-14
1464 3
1 -2.66454e-14
2 4.08562e-14
3 7.28306e-14
1466 3
1 -2.57572e-14
2 5.32907e-14
3 6.83897e-14
1468 3
1 -5.24025e-14
2 -1.59872e-14
3 4.70735e-14
1470 3
1 -6.03961e-14
2 4.9738e-14
3 5.32907e-14
1472 3
1 -3.9968e-14
2 6.92779e-14
3 5.86198e-14
1474 3
1 -4.26326e-14
2 5.50671e-14
3 4.08562e-14
1476 3
1 -2.04281e-14
2 7.4607e-14
3 2.84217e-14
1478 3
1 -3.55271e-14
2 3.37508e-14
3 2.57572e-14
1480 3
1 -3.01981e-14
2 5.86198e-14
3 5.9508e-14
1482 3
1 -3.81917e-14
2 4.44089e-14
3 1.24345e-14
1484 3
1 -4.35207e-14
2 7.4607e-14
3 2.04281e-14
1486 3
1 -7.10543e-15
2 4.79616e-14
3 2.39808e-14
1488 3
1 -3.55271e-14
2 6.03961e-14
3 1.95399e-14
1490 3
1 -4.9738e-14
2 4.26326e-14
3 4.35207e-14
1492 3
1 -3.37508e-14
2 6.21725e-14
3 3.10862e-14
1494 3
1 -5.59552e-14
2 5.68434e-14
3 1.68754e-14
1496 3
1 -3.19744e-14
2 6.21725e-14
3 2.30926e-14
1498 3
1 -3.01981e-14
2 5.32907e-14
3 3.90799e-14
1500 3
1 -5.32907e-14
2 7.81597e-14
3 2.39808e-14
1502 3
1 -4.79616e-14
2 6.39488e-14
3 4.70735e-14
1504 3
1 -2.30926e-14
2 1.01252e-13
3 2.4869e-14
1506 3
1 -3.28626e-14
2 2.30926e-14
3 1.15463e-14
1508 3
1 -1.5099e-14
2 6.75016e-14
3 4.35207e-14
1510 3
1 -1.77636e-14
2 7.28306e-14
3 3.55271e-14
1512 3
1 -3.19744e-14
2 7.81597e-14
3 3.9968e-14
1514 3
1 -1.33227e-14
2 5.32907e-14
3 3.28626e-14
1516 3
1 -1.77636e-14
2 6.57252e-14
3 4.61853e-14
1518 3
1 -3.55271e-15
2 4.61853e-14
3 3.19744e-14
1520 3
1 -2.13163e-14
2 6.03961e-14
3 2.13163e-14
1522 3
1 -9.76996e-15
2 7.10543e-14
3 3.28626e-14
1524 3
1 -3.90799e-14
2 7.81597e-14
3 1.15463e-14
1526 3
1 -4.70735e-14
2 4.61853e-14
3 3.4639e-14
1528 3
1 -2.39808e-14
2 7.4607e-14
3 2.30926e-14
1530 3
1 -8.88178e-15
2 9.05942e-14
3 2.13163e-14
1532 3
1 -8.88178e-16
2 6.92779e-14
3 2.39808e-14
1534 3
1 -3.55271e-14
2 9.23706e-14
3 1.77636e-14
1536 3
1 -2.84217e-14
2 7.63833e-14
3 4.44089e-14
1538 3
1 -2.57572e-14
2 8.34888e-14
3 3.19744e-14
1540 3
1 -3.73035e-14
2 5.50671e-14
3 3.01981e-14
1542 3
1 -3.01981e-14
2 7.81597e-14
3 1.86517e-14
1544 3
1 -4.35207e-14
2 6.57252e-14
3 1.68754e-14
1546 3
1 -3.90799e-14
2 8.88178e-14
3 4.79616e-14
1548 3
1 -5.06262e-14
2 6.39488e-14
3 2.04281e-14
1550 3
1 -6.21725e-14
2 6.03961e-14
3 5.06262e-14
1552 3
1 -2.39808e-14
2 4.44089e-14
3 1.77636e-14
1554 3
1 -3.37508e-14
2 7.10543e-14
3 3.90799e-14
1556 3
1 -4.61853e-14
2 3.37508e-14
3 2.13163e-14
1558 3
1 -5.32907e-14
2 7.28306e-14
3 4.61853e-14
1560 3
1 -3.81917e-14
2 4.44089e-14
3 2.22045e-14
1562 3
1 -2.13163e-14
2 1.59872e-14
3 2.4869e-14
1564 3
1 -1.15463e-14
2 6.39488e-14
3 3.73035e-14
1566 3
1 -5.24025e-14
2 4.08562e-14
3 2.66454e-14
1568 3
1 -2.39808e-14
2 5.15143e-14
3 4.08562e-14
1570 3
1 -6.57252e-14
2 7.99361e-14
3 4.88498e-14
1572 3
1 3.55271e-15
2 3.01981e-14
3 4.61853e-14
1574 3
1 -3.90799e-14
2 5.32907e-14
3 1.95399e-14
1576 3
1 -2.22045e-14
2 6.39488e-14
3 3.81917e-14
1578 3
1 -2.84217e-14
2 6.39488e-14
3 3.55271e-14
1580 3
1 -3.19744e-14
2 6.39488e-14
3 2.22045e-14
1582 3
1 -5.77316e-14
2 7.99361e-14
3 2.75335e-14
1584 3
1 -2.66454e-14
2 7.10543e-14
3 2.4869e-14
1586 3
1 -3.73035e-14
2 1.01252e-13
3 1.77636e-14
1588 3
1 -3.9968e-14
2 8.34888e-14
3 3.90799e-14
1590 3
1 -3.64153e-14
2 6.39488e-14
3 3.28626e-14
1592 3
1 -9.76996e-15
2 5.15143e-14
3 1.06581e-14
1594 3
1 -5.15143e-14
2 6.92779e-14
3 3.90799e-14
1596 3
1 -4.35207e-14
2 6.03961e-14
3 3.81917e-14
1598 3
1 -5.41789e-14
2 4.79616e-14
3 1.86517e-14
1600 3
1 -1.77636e-14
2 2.66454e-14
3 4.17444e-14
1602 3
1 -2.4869e-14
2 8.17124e-14
3 4.26326e-14
1604 3
1 -6.4837e-14
2 6.92779e-14
3 3.4639e-14
1606 3
1 -5.50671e-14
2 5.32907e-14
3 2.4869e-14
1608 3
1 -5.15143e-14
2 4.26326e-14
3 3.37508e-14
1610 3
1 -1.15463e-14
2 4.61853e-14
3 2.93099e-14
1612 3
1 -3.64153e-14
2 5.86198e-14
3 3.81917e-14
1614 3
1 -1.86517e-14
2 6.21725e-14
3 2.39808e-14
1616 3
1 -4.79616e-14
2 4.26326e-14
3 4.79616e-14
1618 3
1 1.77636e-15
2 5.68434e-14
3 2.93099e-14
1620 3
1 -7.99361e-15
2 5.32907e-14
3 3.55271e-14
1622 3
1 -1.5099e-14
2 6.03961e-14
3 5.68434e-14
1624 3
1 -2.39808e-14
2 5.32907e-14
3 2.66454e-15
1626 3
1 -2.4869e-14
2 4.44089e-14
3 4.79616e-14
1628 3
1 5.32907e-15
2 4.79616e-14
3 4.44089e-14
1630 3
1 -2.04281e-14
2 4.61853e-14
3 3.90799e-14
1632 3
1 -4.44089e-14
2 3.55271e-14
3 2.39808e-14
1634 3
1 -4.9738e-14
2 8.88178e-14
3 6.39488e-14
1636 3
1 -6.30607e-14
2 5.32907e-14
3 5.15143e-14
1638 3
1 -5.15143e-14
2 8.70415e-14
3 5.32907e-14
1640 3
1 -2.84217e-14
2 3.55271e-14
3 3.73035e-14
1642 3
1 -2.13163e-14
2 5.15143e-14
3 2.04281e-14
1644 3
1 -3.37508e-14
2 8.34888e-14
3 3.19744e-14
1646 3
1 -2.66454e-14
2 4.9738e-14
3 3.28626e-14
1648 3
1 -2.57572e-14
2 7.19425e-14
3 6.57252e-14
1650 3
1 -4.79616e-14
2 3.28626e-14
3 6.4837e-14
1652 3
1 -6.92779e-14
2 6.66134e-14
3 5.9508e-14
1654 3
1 -4.79616e-14
2 9.05942e-14
3 6.92779e-14
1656 3
1 -4.88498e-14
2 4.70735e-14
3 4.52971e-14
1658 3
1 -7.10543e-15
2 6.4837e-14
3 7.81597e-14
1660 3
1 -1.95399e-14
2 8.43769e-14
3 5.15143e-14
1662 3
1 -4.79616e-14
2 6.83897e-14
3 3.90799e-14
1664 3
1 -2.75335e-14
2 6.30607e-14
3 5.32907e-14
1666 3
1 -7.63833e-14
2 5.59552e-14
3 5.9508e-14
1668 3
1 -3.4639e-14
2 5.77316e-14
3 4.61853e-14
1670 3
1 -5.06262e-14
2 6.12843e-14
3 6.03961e-14
1672 3
1 -5.86198e-14
2 5.68434e-14
3 5.59552e-14
1674 3
1 -9.41469e-14
2 8.70415e-14
3 3.90799e-14
1676 3
1 -6.92779e-14
2 5.15143e-14
3 6.4837e-14
1678 3
1 -6.75016e-14
2 6.92779e-14
3 5.9508e-14
1680 3
1 -4.75175e-14
2 8.88178e-14
3 6.21725e-14
1682 3
1 -5.50671e-14
2 4.26326e-14
3 5.06262e-14
1684 3
1 -7.19425e-14
2 6.03961e-14
3 5.15143e-14
1686 3
1 -8.61533e-14
2 7.10543e-14
3 6.21725e-15
1688 3
1 -6.57252e-14
2 7.63833e-14
3 4.44089e-14
1690 3
1 -5.32907e-14
2 8.61533e-14
3 6.03961e-14
1692 3
1 -6.21725e-14
2 8.26006e-14
3 8.08242e-14
1694 3
1 -4.70735e-14
2 6.21725e-14
3 4.52971e-14
1696 3
1 -7.63833e-14
2 6.66134e-14
3 3.01981e-14
1698 3
1 -7.19425e-14
2 6.75016e-14
3 4.9738e-14
1700 3
1 -7.99361e-14
2 6.92779e-14
3 5.68434e-14
1702 3
1 -6.03961e-14
2 1.01252e-13
3 6.39488e-14
1704 3
1 -6.4837e-14
2 6.75016e-14
3 4.08562e-14
1706 3
1 -6.12843e-14
2 7.63833e-14
3 4.35207e-14
1708 3
1 -5.68434e-14
2 6.83897e-14
3 3.37508e-14
1710 3
1 -7.28306e-14
2 4.26326e-14
3 2.13163e-14
1712 3
1 -8.08242e-14
2 4.08562e-14
3 3.64153e-14
1714 3
1 -7.54952e-14
2 6.03961e-14
3 3.64153e-14
1716 3
1 -6.9722e-14
2 5.68434e-14
3 3.37508e-14
1718 3
1 -6.52811e-14
2 7.63833e-14
3 4.79616e-14
1720 3
1 -7.4607e-14
2 5.32907e-14
3 3.55271e-14
1722 3
1 -1.02141e-13
2 6.92779e-14
3 3.37508e-14
1724 3
1 -3.81917e-14
2 7.54952e-14
3 5.68434e-14
1726 3
1 -5.15143e-14
2 4.70735e-14
3 2.30926e-14
1728 3
1 -5.63993e-14
2 5.06262e-14
3 1.06581e-14
1730 3
1 -3.9968e-14
2 5.77316e-14
3 2.93099e-14
1732 3
1 -4.61853e-14
2 4.79616e-14
3 2.84217e-14
1734 3
1 -5.15143e-14
2 5.50671e-14
3 4.08562e-14
1736 3
1 -4.35207e-14
2 5.32907e-14
3 2.30926e-14
1738 3
1 -7.01661e-14
2 6.66134e-14
3 5.32907e-14
1740 3
1 -8.52651e-14
2 5.77316e-14
3 5.06262e-14
1742 3
1 -7.72715e-14
2 7.72715e-14
3 3.73035e-14
1744 3
1 -5.41789e-14
2 9.05942e-14
3 6.30607e-14
1746 3
1 -4.70735e-14
2 6.75016e-14
3 6.57252e-14
1748 3
1 -5.32907e-14
2 7.10543e-14
3 5.24025e-14
1750 3
1 -2.30926e-14
2 1.95399e-14
3 6.30607e-14
1752 3
1 -3.73035e-14
2 5.68434e-14
3 4.70735e-14
1754 3
1 -6.03961e-14
2 8.17124e-14
3 2.93099e-14
1756 3
1 -7.19425e-14
2 5.68434e-14
3 2.57572e-14
1758 3
1 -5.68434e-14
2 4.08562e-14
3 4.35207e-14
1760 3
1 -7.54952e-14
2 6.57252e-14
3 7.10543e-14
1762 3
1 -2.93099e-14
2 6.03961e-14
3 4.79616e-14
1764 3
1 -4.9738e-14
2 5.86198e-14
3 6.66134e-14
1766 3
1 -3.9968e-14
2 8.17124e-14
3 5.9508e-14
1768 3
1 -3.90799e-14
2 7.10543e-15
3 1.33227e-14
1770 3
1 -5.06262e-14
2 6.30607e-14
3 7.4607e-14
1772 3
1 -3.4639e-14
2 1.02141e-13
3 5.06262e-14
1774 3
1 -2.66454e-14
2 5.32907e-14
3 6.12843e-14
1776 3
1 -5.68434e-14
2 6.66134e-14
3 3.90799e-14
1778 3
1 -5.06262e-14
2 6.92779e-14
3 6.39488e-14
1780 3
1 -5.59552e-14
2 5.15143e-14
3 3.01981e-14
1782 3
1 -3.81917e-14
2 6.75016e-14
3 6.66134e-14
1784 3
1 -6.39488e-14
2 7.99361e-14
3 5.86198e-14
1786 3
1 -3.9968e-14
2 3.73035e-14
3 3.73035e-14
1788 3
1 -5.24025e-14
2 5.68434e-14
3 1.77636e-14
1790 3
1 -6.39488e-14
2 8.52651e-14
3 5.50671e-14
1792 3
1 -4.35207e-14
2 7.81597e-14
3 5.50671e-14
1794 3
1 -5.24025e-14
2 4.9738e-14
3 2.57572e-14
1796 3
1 -5.68434e-14
2 6.39488e-14
3 4.08562e-14
1798 3
1 -4.26326e-14
2 7.63833e-14
3 6.66134e-14
1800 3
1 -5.68434e-14
2 8.34888e-14
3 3.90799e-14
1802 3
1 -7.10543e-14
2 5.86198e-14
3 4.44089e-14
1804 3
1 -6.12843e-14
2 6.39488e-14
3 6.03961e-14
1806 3
1 -9.9476e-14
2 5.32907e-14
3 5.50671e-14
1808 3
1 -5.86198e-14
2 5.15143e-14
3 6.12843e-14
1810 3
1 -6.92779e-14
2 9.05942e-14
3 3.90799e-14
1812 3
1 -5.77316e-14
2 5.32907e-14
3 6.21725e-14
1814 3
1 -4.79616e-14
2 1.01252e-13
3 1.68754e-14
1816 3
1 -5.77316e-14
2 7.28306e-14
3 1.59872e-14
1818 3
1 -5.15143e-14
2 5.15143e-14
3 1.95399e-14
1820 3
1 -5.86198e-14
2 9.05942e-14
3 2.4869e-14
1822 3
1 -5.15143e-14
2 6.57252e-14
3 2.66454e-14
1824 3
1 -2.4869e-14
2 4.79616e-14
3 3.55271e-14
1826 3
1 -3.90799e-14
2 6.92779e-14
3 6.30607e-14
1828 3
1 -7.19425e-14
2 1.24345e-13
3 5.24025e-14
1830 3
1 -6.83897e-14
2 1.16351e-13
3 6.21725e-14
1832 3
1 -7.72715e-14
2 8.43769e-14
3 4.9738e-14
1834 3
1 -7.06102e-14
2 4.35207e-14
3 6.57252e-14
1836 3
1 -4.26326e-14
2 7.54952e-14
3 1.95399e-14
1838 3
1 -7.23865e-14
2 7.63833e-14
3 2.13163e-14
1840 3
1 -4.21885e-14
2 5.24025e-14
3 4.08562e-14
1842 3
1 -9.81437e-14
2 6.66134e-14
3 3.19744e-14
1844 3
1 -8.08242e-14
2 6.92779e-14
3 1.77636e-15
1846 3
1 -6.30607e-14
2 6.12843e-14
3 2.66454e-14
1848 3
1 -8.61533e-14
2 7.19425e-14
3 -3.55271e-15
1850 3
1 -6.88338e-14
2 9.59233e-14
3 1.06581e-14
1852 3
1 -8.08242e-14
2 8.61533e-14
3 2.4869e-14
1854 3
1 -9.05942e-14
2 9.41469e-14
3 2.13163e-14
1856 3
1 -5.15143e-14
2 1.00364e-13
3 2.84217e-14
1858 3
1 -6.39488e-14
2 9.68114e-14
3 1.59872e-14
1860 3
1 -6.35048e-14
2 9.23706e-14
3 3.73035e-14
1862 3
1 -8.39329e-14
2 1.1724e-13
3 2.4869e-14
1864 3
1 -6.30607e-14
2 5.68434e-14
3 5.32907e-14
1866 3
1 -5.41789e-14
2 8.70415e-14
3 3.01981e-14
1868 3
1 -3.37508e-14
2 9.68114e-14
3 7.10543e-15
1870 3
1 -7.10543e-14
2 6.39488e-14
3 4.08562e-14
1872 3
1 -6.43929e-14
2 1.0747e-13
3 3.90799e-14
1874 3
1 -6.52811e-14
2 7.81597e-14
3 6.92779e-14
1876 3
1 -7.99361e-14
2 6.92779e-14
3 5.68434e-14
1878 3
1 -7.54952e-14
2 1.10134e-13
3 3.55271e-14
1880 3
1 -7.32747e-14
2 7.72715e-14
3 1.24345e-14
1882 3
1 -8.08242e-14
2 6.75016e-14
3 6.39488e-14
1884 3
1 -6.52811e-14
2 9.59233e-14
3 2.30926e-14
1886 3
1 -5.06262e-14
2 7.4607e-14
3 5.15143e-14
1888 3
1 -7.72715e-14
2 7.99361e-14
3 1.59872e-14
1890 3
1 -7.68274e-14
2 7.54952e-14
3 6.03961e-14
1892 3
1 -4.35207e-14
2 8.26006e-14
3 5.32907e-14
1894 3
1 -5.68434e-14
2 7.10543e-14
3 3.19744e-14
1896 3
1 -6.39488e-14
2 8.52651e-14
3 3.73035e-14
1898 3
1 -6.4837e-14
2 8.70415e-14
3 3.19744e-14
1900 3
1 -7.37188e-14
2 7.19425e-14
3 6.39488e-14
1902 3
1 -8.17124e-14
2 9.41469e-14
3 3.19744e-14
1904 3
1 -7.72715e-14
2 9.59233e-14
3 1.06581e-14
1906 3
1 -5.50671e-14
2 7.28306e-14
3 2.66454e-14
1908 3
1 -5.01821e-14
2 8.52651e-14
3 5.15143e-14
1910 3
1 -6.66134e-14
2 8.61533e-14
3 2.84217e-14
1912 3
1 -5.41789e-14
2 7.90479e-14
3 4.26326e-14
1914 3
1 -3.4639e-14
2 4.9738e-14
3 3.55271e-14
1916 3
1 -6.92779e-14
2 5.59552e-14
3 4.26326e-14
1918 3
1 -8.88178e-14
2 9.76996e-14
3 6.03961e-14
1920 3
1 -5.37348e-14
2 1.00364e-13
3 4.9738e-14
1922 3
1 -7.10543e-14
2 6.75016e-14
3 5.68434e-14
1924 3
1 -6.92779e-14
2 6.75016e-14
3 8.88178e-15
1926 3
1 -5.72875e-14
2 8.17124e-14
3 1.06581e-14
1928 3
1 -7.90479e-14
2 7.63833e-14
3 3.73035e-14
1930 3
1 -7.86038e-14
2 4.88498e-14
3 2.4869e-14
1932 3
1 -6.39488e-14
2 7.72715e-14
3 1.95399e-14
1934 3
1 -6.75016e-14
2 9.32587e-14
3 2.13163e-14
1936 3
1 -8.52651e-14
2 8.43769e-14
3 4.08562e-14
1938 3
1 -8.79297e-14
2 8.08242e-14
3 3.90799e-14
1940 3
1 -8.9706e-14
2 7.63833e-14
3 5.68434e-14
1942 3
1 -1.01252e-13
2 9.05942e-14
3 7.10543e-15
1944 3
1 -6.39488e-14
2 9.41469e-14
3 5.50671e-14
1946 3
1 -9.81437e-14
2 8.61533e-14
3 2.13163e-14
1948 3
1 -7.37188e-14
2 8.08242e-14
3 3.19744e-14
1950 3
1 -8.70415e-14
2 9.59233e-14
3 3.37508e-14
1952 3
1 -1.08358e-13
2 4.61853e-14
3 2.66454e-14
1954 3
1 -7.37188e-14
2 4.44089e-14
3 2.4869e-14
1956 3
1 -8.43769e-14
2 8.08242e-14
3 4.61853e-14
1958 3
1 -9.23706e-14
2 7.19425e-14
3 3.55271e-14
1960 3
1 -9.41469e-14
2 6.03961e-14
3 1.24345e-14
1962 3
1 -7.23865e-14
2 6.12843e-14
3 4.61853e-14
1964 3
1 -8.17124e-14
2 5.68434e-14
3 3.01981e-14
1966 3
1 -7.41629e-14
2 1.10134e-13
3 6.39488e-14
1968 3
1 -7.77156e-14
2 7.63833e-14
3 4.08562e-14
1970 3
1 -1.16351e-13
2 8.26006e-14
3 6.75016e-14
1972 3
1 -8.74856e-14
2 6.66134e-14
3 2.84217e-14
1974 3
1 -1.06581e-13
2 7.37188e-14
3 3.37508e-14
1976 3
1 -7.72715e-14
2 2.66454e-14
3 4.44089e-14
1978 3
1 -8.30447e-14
2 7.72715e-14
3 3.01981e-14
1980 3
1 -7.10543e-14
2 7.10543e-14
3 4.08562e-14
1982 3
1 -1.0747e-13
2 5.86198e-14
3 5.50671e-14
1984 3
1 -1.26121e-13
2 8.43769e-14
3 4.44089e-14
1986 3
1 -7.41629e-14
2 1.03029e-13
3 5.68434e-14
1988 3
1 -6.39488e-14
2 7.10543e-14
3 3.55271e-14
1990 3
1 -1.03917e-13
2 6.30607e-14
3 2.4869e-14
1992 3
1 -9.32587e-14
2 9.85878e-14
3 5.68434e-14
1994 3
1 -7.28306e-14
2 9.85878e-14
3 3.90799e-14
1996 3
1 -8.26006e-14
2 7.4607e-14
3 6.03961e-14
1998 3
1 -7.81597e-14
2 1.13687e-13
3 4.26326e-14
2000 3
1 -8.88178e-14
2 7.19425e-14
3 -1.24345e-14
2002 3
1 -7.23865e-14
2 7.28306e-14
3 3.90799e-14
2004 3
1 -8.79297e-14
2 9.76996e-14
3 4.08562e-14
2006 3
1 -1.06137e-13
2 7.99361e-14
3 2.66454e-14
2008 3
1 -9.90319e-14
2 8.43769e-14
3 3.19744e-14
2010 3
1 -8.83738e-14
2 7.54952e-14
3 7.10543e-15
2012 3
1 -1.0747e-13
2 7.37188e-14
3 2.84217e-14
2014 3
1 -8.08242e-14
2 8.34888e-14
3 4.26326e-14
2016 3
1 -8.08242e-14
2 5.9508e-14
3 5.32907e-14
2018 3
1 -8.17124e-14
2 7.99361e-14
3 3.90799e-14
2020 3
1 -1.02141e-13
2 8.9706e-14
3 3.01981e-14
2022 3
1 -1.14575e-13
2 7.28306e-14
3 1.95399e-14
2024 3
1 -8.9706e-14
2 9.50351e-14
3 4.9738e-14
2026 3
1 -7.86038e-14
2 7.81597e-14
3 5.86198e-14
2028 3
1 -1.15019e-13
2 8.34888e-14
3 4.44089e-14
2030 3
1 -9.14824e-14
2 9.9476e-14
3 3.55271e-14
2032 3
1 -1.01252e-13
2 7.99361e-14
3 3.19744e-14
2034 3
1 -8.52651e-14
2 8.34888e-14
3 2.13163e-14
2036 3
1 -9.10383e-14
2 7.54952e-14
3 4.61853e-14
2038 3
1 -1.02585e-13
2 7.28306e-14
3 5.86198e-14
2040 3
1 -7.9492e-14
2 5.77316e-14
3 3.55271e-14
2042 3
1 -1.03917e-13
2 8.17124e-14
3 2.84217e-14
2044 3
1 -8.34888e-14
2 5.59552e-14
3 5.32907e-14
2046 3
1 -6.9722e-14
2 7.01661e-14
3 3.19744e-14
2048 3
1 -6.66134e-14
2 8.9706e-14
3 2.4869e-14
2050 3
1 -8.61533e-14
2 8.88178e-14
3 4.61853e-14
2052 3
1 -6.83897e-14
2 7.37188e-14
3 5.50671e-14
2054 3
1 -7.99361e-14
2 7.81597e-14
3 6.21725e-14
2056 3
1 -5.81757e-14
2 8.34888e-14
3 7.81597e-14
2058 3
1 -7.86038e-14
2 8.34888e-14
3 6.75016e-14
2060 3
1 -7.19425e-14
2 8.61533e-14
3 3.90799e-14
2062 3
1 -6.66134e-14
2 7.72715e-14
3 3.19744e-14
2064 3
1 -6.12843e-14
2 6.21725e-14
3 2.30926e-14
2066 3
1 -8.74856e-14
2 8.26006e-14
3 2.30926e-14
2068 3
1 -4.44089e-14
2 5.41789e-14
3 5.68434e-14
2070 3
1 -5.90639e-14
2 9.76996e-14
3 7.28306e-14
2072 3
1 -6.66134e-14
2 8.43769e-14
3 2.66454e-14
2074 3
1 -5.9952e-14
2 7.81597e-14
3 3.37508e-14
2076 3
1 -7.9492e-14
2 5.9508e-14
3 2.84217e-14
2078 3
1 -4.35207e-14
2 5.06262e-14
3 4.9738e-14
2080 3
1 -8.74856e-14
2 1.01252e-13
3 6.75016e-14
2082 3
1 -8.9706e-14
2 7.81597e-14
3 7.28306e-14
2084 3
1 -7.14984e-14
2 8.52651e-14
3 4.61853e-14
2086 3
1 -9.23706e-14
2 8.79297e-14
3 4.9738e-14
2088 3
1 -8.92619e-14
2 8.34888e-14
3 5.86198e-14
2090 3
1 -8.26006e-14
2 1.1191e-13
3 3.55271e-14
2092 3
1 -8.08242e-14
2 7.28306e-14
3 2.30926e-14
2094 3
1 -8.34888e-14
2 8.70415e-14
3 4.61853e-14
2096 3
1 -1.02585e-13
2 5.86198e-14
3 5.32907e-14
2098 3
1 -1.04361e-13
2 9.14824e-14
3 4.61853e-14
2100 3
1 -8.43769e-14
2 8.52651e-14
3 6.75016e-14
2102 3
1 -8.79297e-14
2 6.12843e-14
3 5.15143e-14
2104 3
1 -7.99361e-14
2 8.88178e-14
3 5.50671e-14
2106 3
1 -6.70575e-14
2 1.20792e-13
3 7.4607e-14
2108 3
1 -6.21725e-14
2 7.54952e-14
3 5.32907e-14
2110 3
1 -7.19425e-14
2 7.28306e-14
3 6.39488e-14
2112 3
1 -8.61533e-14
2 7.99361e-14
3 5.50671e-14
2114 3
1 -7.01661e-14
2 6.4837e-14
3 4.61853e-14
2116 3
1 -8.52651e-14
2 7.63833e-14
3 4.79616e-14
2118 3
1 -5.41789e-14
2 5.50671e-14
3 5.15143e-14
2120 3
1 -7.10543e-14
2 7.72715e-14
3 6.21725e-14
2122 3
1 -8.70415e-14
2 6.39488e-14
3 4.26326e-14
2124 3
1 -8.12683e-14
2 6.12843e-14
3 4.9738e-14
2126 3
1 -7.01661e-14
2 6.30607e-14
3 5.68434e-14
2128 3
1 -8.43769e-14
2 6.92779e-14
3 5.32907e-14
2130 3
1 -6.70575e-14
2 9.76996e-14
3 3.55271e-14
2132 3
1 -6.9722e-14
2 5.24025e-14
3 4.9738e-14
2134 3
1 -8.12683e-14
2 7.81597e-14
3 6.75016e-14
2136 3
1 -4.26326e-14
2 8.79297e-14
3 7.10543e-14
2138 3
1 -7.41629e-14
2 6.83897e-14
3 5.32907e-14
2140 3
1 -6.12843e-14
2 7.19425e-14
3 3.19744e-14
2142 3
1 -5.77316e-14
2 9.14824e-14
3 6.21725e-14
2144 3
1 -7.28306e-14
2 6.75016e-14
3 4.08562e-14
2146 3
1 -8.08242e-14
2 4.9738e-14
3 7.28306e-14
2148 3
1 -5.06262e-14
2 7.4607e-14
3 6.03961e-14
2150 3
1 -5.81757e-14
2 5.9508e-14
3 4.61853e-14
2152 3
1 -7.41629e-14
2 6.75016e-14
3 1.95399e-14
2154 3
1 -4.52971e-14
2 5.9508e-14
3 5.68434e-14
2156 3
1 -7.28306e-14
2 6.39488e-14
3 7.81597e-14
2158 3
1 -6.26166e-14
2 5.9508e-14
3 8.52651e-14
2160 3
1 -7.50511e-14
2 8.70415e-14
3 6.75016e-14
2162 3
1 -4.70735e-14
2 8.9706e-14
3 4.9738e-14
2164 3
1 -4.84057e-14
2 7.28306e-14
3 9.59233e-14
2166 3
1 -4.9738e-14
2 9.32587e-14
3 6.57252e-14
2168 3
1 -7.28306e-14
2 7.81597e-14
3 6.75016e-14
2170 3
1 -6.30607e-14
2 8.70415e-14
3 7.81597e-14
2172 3
1 -6.43929e-14
2 6.75016e-14
3 8.88178e-14
2174 3
1 -6.92779e-14
2 4.17444e-14
3 7.81597e-14
2176 3
1 -5.59552e-14
2 8.26006e-14
3 7.99361e-14
2178 3
1 -5.81757e-14
2 5.77316e-14
3 6.75016e-14
2180 3
1 -8.43769e-14
2 1.13687e-13
3 9.76996e-14
2182 3
1 -7.50511e-14
2 6.21725e-14
3 4.9738e-14
2184 3
1 -6.4837e-14
2 7.99361e-14
3 8.70415e-14
2186 3
1 -6.17284e-14
2 8.61533e-14
3 7.4607e-14
2188 3
1 -5.41789e-14
2 1.10134e-13
3 6.92779e-14
2190 3
1 -3.9968e-14
2 7.4607e-14
3 6.39488e-14
2192 3
1 -6.70575e-14
2 6.12843e-14
3 6.75016e-14
2194 3
1 -8.9706e-14
2 8.34888e-14
3 3.55271e-14
2196 3
1 -6.75016e-14
2 9.68114e-14
3 7.63833e-14
2198 3
1 -7.14984e-14
2 8.9706e-14
3 4.44089e-14
2200 3
1 -9.10383e-14
2 6.21725e-14
3 6.39488e-14
2202 3
1 -6.66134e-14
2 7.19425e-14
3 4.61853e-14
2204 3
1 -7.81597e-14
2 9.32587e-14
3 4.26326e-14
2206 3
1 -8.61533e-14
2 9.23706e-14
3 5.32907e-14
2208 3
1 -7.01661e-14
2 9.85878e-14
3 6.39488e-14
2210 3
1 -8.88178e-14
2 6.12843e-14
3 5.50671e-14
2212 3
1 -4.57412e-14
2 7.28306e-14
3 7.81597e-14
2214 3
1 -7.28306e-14
2 4.52971e-14
3 7.81597e-14
2216 3
1 -7.90479e-14
2 6.66134e-14
3 1.06581e-13
2218 3
1 -5.28466e-14
2 5.68434e-14
3 6.57252e-14
2220 3
1 -9.41469e-14
2 5.50671e-14
3 6.03961e-14
2222 3
1 -7.90479e-14
2 8.26006e-14
3 8.17124e-14
2224 3
1 -8.26006e-14
2 4.44089e-14
3 4.79616e-14
2226 3
1 -6.79456e-14
2 5.68434e-14
3 7.99361e-14
2228 3
1 -5.68434e-14
2 3.9968e-14
3 5.50671e-14
2230 3
1 -5.81757e-14
2 8.34888e-14
3 6.92779e-14
2232 3
1 -6.75016e-14
2 7.4607e-14
3 4.9738e-14
2234 3
1 -7.10543e-14
2 4.9738e-14
3 6.57252e-14
2236 3
1 -6.92779e-14
2 7.10543e-14
3 5.50671e-14
2238 3
1 -4.66294e-14
2 4.9738e-14
3 5.86198e-14
2240 3
1 -2.62013e-14
2 5.32907e-14
3 3.73035e-14
2242 3
1 -5.72875e-14
2 5.06262e-14
3 6.75016e-14
2244 3
1 -7.63833e-14
2 6.57252e-14
3 5.32907e-14
2246 3
1 -7.28306e-14
2 5.24025e-14
3 5.32907e-14
2248 3
1 -5.72875e-14
2 6.39488e-14
3 7.4607e-14
2250 3
1 -7.4607e-14
2 6.21725e-14
3 6.92779e-14
2252 3
1 -6.75016e-14
2 4.35207e-14
3 5.15143e-14
2254 3
1 -8.39329e-14
2 6.12843e-14
3 3.55271e-14
2256 3
1 -6.17284e-14
2 7.10543e-14
3 5.32907e-14
2258 3
1 -5.01821e-14
2 6.39488e-14
3 5.68434e-14
2260 3
1 -8.43769e-14
2 6.4837e-14
3 5.68434e-14
2262 3
1 -6.57252e-14
2 7.63833e-14
3 3.55271e-14
2264 3
1 -5.32907e-14
2 6.57252e-14
3 2.66454e-14
2266 3
1 -3.90799e-14
2 7.72715e-14
3 6.03961e-14
2268 3
1 -4.04121e-14
2 6.4837e-14
3 2.13163e-14
2270 3
1 -7.01661e-14
2 3.90799e-14
3 3.01981e-14
2272 3
1 -6.12843e-14
2 4.61853e-14
3 2.13163e-14
2274 3
1 -7.23865e-14
2 8.70415e-14
3 3.01981e-14
2276 3
1 -3.4639e-14
2 9.14824e-14
3 3.55271e-14
2278 3
1 -4.4853e-14
2 6.92779e-14
3 5.50671e-14
2280 3
1 -7.77156e-14
2 8.61533e-14
3 4.08562e-14
2282 3
1 -7.19425e-14
2 6.66134e-14
3 4.26326e-14
2284 3
1 -3.90799e-14
2 6.92779e-14
3 4.26326e-14
2286 3
1 -3.59712e-14
2 5.41789e-14
3 4.9738e-14
2288 3
1 -4.88498e-14
2 5.86198e-14
3 4.9738e-14
2290 3
1 -2.75335e-14
2 1.02141e-13
3 4.61853e-14
2292 3
1 -7.32747e-14
2 6.39488e-14
3 2.30926e-14
2294 3
1 -6.57252e-14
2 7.28306e-14
3 6.57252e-14
2296 3
1 -6.21725e-14
2 6.66134e-14
3 3.01981e-14
2298 3
1 -7.77156e-14
2 6.39488e-14
3 4.9738e-14
2300 3
1 -6.39488e-14
2 7.99361e-14
3 -1.77636e-15
2302 3
1 -7.63833e-14
2 1.00364e-13
3 3.55271e-14
2304 3
1 -5.9508e-14
2 3.55271e-14
3 5.32907e-14
2306 3
1 -4.08562e-14
2 6.4837e-14
3 3.90799e-14
2308 3
1 -5.50671e-14
2 4.70735e-14
3 5.86198e-14
2310 3
1 -6.77236e-14
2 5.9508e-14
3 4.9738e-14
2312 3
1 -5.88418e-14
2 9.14824e-14
3 4.44089e-14
2314 3
1 -6.77236e-14
2 8.26006e-14
3 3.55271e-14
2316 3
1 -5.52891e-14
2 8.61533e-14
3 3.01981e-14
2318 3
1 -8.4821e-14
2 8.61533e-14
3 3.01981e-14
2320 3
1 -6.57252e-14
2 7.72715e-14
3 3.19744e-14
2322 3
1 -4.06342e-14
2 6.92779e-14
3 4.08562e-14
2324 3
1 -4.92939e-14
2 7.10543e-14
3 1.42109e-14
2326 3
1 -3.08642e-14
2 5.15143e-14
3 6.39488e-14
2328 3
1 -6.23945e-14
2 6.75016e-14
3 1.59872e-14
2330 3
1 -3.70814e-14
2 7.99361e-14
3 4.26326e-14
2332 3
1 -4.32987e-14
2 6.57252e-14
3 2.30926e-14
2334 3
1 -4.75175e-14
2 6.75016e-14
3 2.84217e-14
2336 3
1 -3.37508e-14
2 5.68434e-14
3 4.44089e-14
2338 3
1 -5.75096e-14
2 1.09246e-13
3 4.26326e-14
2340 3
1 -4.17444e-14
2 8.52651e-14
3 1.77636e-14
2342 3
1 -5.86198e-14
2 8.34888e-14
3 2.84217e-14
2344 3
1 -4.04121e-14
2 9.41469e-14
3 4.44089e-14
2346 3
1 -4.88498e-14
2 6.21725e-14
3 1.24345e-14
2348 3
1 -3.9968e-14
2 6.30607e-14
3 3.90799e-14
2350 3
1 -5.06262e-14
2 7.37188e-14
3 3.55271e-14
2352 3
1 -2.88658e-14
2 9.05942e-14
3 4.44089e-14
2354 3
1 -5.81757e-14
2 8.88178e-14
3 6.03961e-14
2356 3
1 -2.84217e-14
2 1.1724e-13
3 -5.32907e-15
2358 3
1 -5.19584e-14
2 9.41469e-14
3 2.30926e-14
2360 3
1 -3.73035e-14
2 1.14575e-13
3 7.10543e-14
2362 3
1 -4.79616e-14
2 1.11022e-13
3 4.08562e-14
2364 3
1 -5.81757e-14
2 1.26121e-13
3 2.13163e-14
2366 3
1 -4.08562e-14
2 8.17124e-14
3 5.32907e-14
2368 3
1 -3.19744e-14
2 8.43769e-14
3 4.61853e-14
2370 3
1 -3.86358e-14
2 7.99361e-14
3 1.24345e-14
2372 3
1 -4.26326e-14
2 9.68114e-14
3 6.03961e-14
2374 3
1 -6.83897e-14
2 8.08242e-14
3 6.39488e-14
2376 3
1 -4.17444e-14
2 9.76996e-14
3 6.57252e-14
2378 3
1 -2.9754e-14
2 9.50351e-14
3 3.90799e-14
2380 3
1 -4.44089e-14
2 9.9476e-14
3 5.50671e-14
2382 3
1 -2.53131e-14
2 8.88178e-14
3 5.86198e-14
2384 3
1 -1.33227e-14
2 1.03029e-13
3 3.37508e-14
2386 3
1 -5.15143e-14
2 1.03029e-13
3 6.57252e-14
2388 3
1 -4.17444e-14
2 8.79297e-14
3 5.68434e-14
2390 3
1 -4.04121e-14
2 1.04805e-13
3 6.03961e-14
2392 3
1 -3.86358e-14
2 1.01252e-13
3 4.08562e-14
2394 3
1 -5.4623e-14
2 9.68114e-14
3 4.08562e-14
2396 3
1 -3.24185e-14
2 1.19904e-13
3 4.79616e-14
2398 3
1 -4.52971e-14
2 8.43769e-14
3 4.08562e-14
2400 3
1 -4.61853e-14
2 7.4607e-14
3 5.32907e-14
2402 3
1 -3.10862e-14
2 9.9476e-14
3 6.21725e-14
2404 3
1 -5.81757e-14
2 8.52651e-14
3 5.68434e-14
2406 3
1 -4.35207e-14
2 8.79297e-14
3 4.26326e-14
2408 3
1 -6.03961e-14
2 9.50351e-14
3 4.08562e-14
2410 3
1 -3.81917e-14
2 9.32587e-14
3 5.50671e-14
2412 3
1 -5.59552e-14
2 8.70415e-14
3 3.73035e-14
2414 3
1 -3.55271e-14
2 7.54952e-14
3 4.44089e-14
2416 3
1 -4.21885e-14
2 7.54952e-14
3 4.9738e-14
2418 3
1 -5.68434e-14
2 8.43769e-14
3 1.59872e-14
2420 3
1 -4.9738e-14
2 8.79297e-14
3 3.90799e-14
2422 3
1 -3.64153e-14
2 9.05942e-14
3 4.08562e-14
2424 3
1 -5.15143e-14
2 9.05942e-14
3 1.59872e-14
2426 3
1 -5.59552e-14
2 8.70415e-14
3 4.61853e-14
2428 3
1 -3.64153e-14
2 8.08242e-14
3 1.77636e-14
2430 3
1 -5.06262e-14
2 6.83897e-14
3 3.01981e-14
2432 3
1 -6.30607e-14
2 8.61533e-14
3 2.84217e-14
2434 3
1 -4.88498e-14
2 7.63833e-14
3 2.13163e-14
2436 3
1 -4.61853e-14
2 1.16351e-13
3 1.77636e-14
2438 3
1 -3.9968e-14
2 7.90479e-14
3 5.15143e-14
2440 3
1 -4.30767e-14
2 1.00364e-13
3 1.06581e-14
2442 3
1 -4.66294e-14
2 1.03029e-13
3 2.84217e-14
2444 3
1 -3.33067e-14
2 7.63833e-14
3 5.15143e-14
2446 3
1 -2.79776e-14
2 7.99361e-14
3 5.68434e-14
2448 3
1 -3.06422e-14
2 1.03917e-13
3 2.4869e-14
2450 3
1 -4.17444e-14
2 8.61533e-14
3 3.55271e-14
2452 3
1 -5.24025e-14
2 8.9706e-14
3 5.15143e-14
2454 3
1 -3.10862e-14
2 6.88338e-14
3 2.4869e-14
2456 3
1 -3.5083e-14
2 7.14984e-14
3 5.15143e-14
2458 3
1 -6.75016e-14
2 8.26006e-14
3 4.08562e-14
2460 3
1 -3.90799e-14
2 1.03473e-13
3 6.39488e-14
2462 3
1 -1.77636e-14
2 8.65974e-14
3 3.55271e-14
2464 3
1 -4.57412e-14
2 9.76996e-14
3 6.03961e-14
2466 3
1 -2.17604e-14
2 8.9706e-14
3 4.9738e-14
2468 3
1 -4.4853e-14
2 9.41469e-14
3 3.73035e-14
2470 3
1 -2.79776e-14
2 1.20792e-13
3 5.32907e-14
2472 3
1 -2.22045e-14
2 1.0969e-13
3 4.26326e-14
2474 3
1 -2.66454e-14
2 1.00808e-13
3 4.44089e-14
2476 3
1 -1.33227e-14
2 9.59233e-14
3 8.52651e-14
2478 3
1 -4.84057e-14
2 9.54792e-14
3 3.55271e-14
2480 3
1 -3.81917e-14
2 8.61533e-14
3 6.39488e-14
2482 3
1 -3.19744e-14
2 9.28146e-14
3 6.92779e-14
2484 3
1 -2.84217e-14
2 9.81437e-14
3 6.92779e-14
2486 3
1 -5.15143e-14
2 8.83738e-14
3 6.92779e-14
2488 3
1 -3.4639e-14
2 7.99361e-14
3 5.68434e-14
2490 3
1 -3.19744e-14
2 7.72715e-14
3 6.39488e-14
2492 3
1 -2.93099e-14
2 1.06581e-13
3 7.63833e-14
2494 3
1 -3.24185e-14
2 1.00364e-13
3 5.32907e-14
2496 3
1 -3.10862e-14
2 7.72715e-14
3 7.10543e-14
2498 3
1 -4.44089e-14
2 8.08242e-14
3 6.92779e-14
2500 3
1 -3.33067e-14
2 7.77156e-14
3 7.28306e-14
2502 3
1 -1.9984e-14
2 9.76996e-14
3 8.34888e-14
2504 3
1 -5.28466e-14
2 9.37028e-14
3 4.79616e-14
2506 3
1 -2.35367e-14
2 7.4607e-14
3 6.21725e-14
2508 3
1 -9.76996e-15
2 6.52811e-14
3 8.17124e-14
2510 3
1 -4.44089e-14
2 4.21885e-14
3 7.28306e-14
2512 3
1 -5.39568e-14
2 5.50671e-14
3 6.92779e-14
2514 3
1 -5.10703e-14
2 8.88178e-14
3 8.88178e-14
2516 3
1 -3.86358e-14
2 7.86038e-14
3 6.57252e-14
2518 3
1 -6.23945e-14
2 9.19265e-14
3 6.57252e-14
2520 3
1 -3.17524e-14
2 7.10543e-14
3 4.61853e-14
2522 3
1 -3.39728e-14
2 8.12683e-14
3 5.86198e-14
2524 3
1 -6.66134e-16
2 6.66134e-14
3 4.61853e-14
2526 3
1 -2.90878e-14
2 6.92779e-14
3 6.75016e-14
2528 3
1 -2.24265e-14
2 4.79616e-14
3 5.50671e-14
2530 3
1 -7.54952e-15
2 3.19744e-14
3 7.10543e-14
2532 3
1 -3.86358e-14
2 8.17124e-14
3 6.30607e-14
2534 3
1 -5.24025e-14
2 5.41789e-14
3 1.06581e-13
2536 3
1 -1.68754e-14
2 6.21725e-14
3 6.39488e-14
2538 3
1 -4.57412e-14
2 7.28306e-14
3 7.37188e-14
2540 3
1 -2.13163e-14
2 6.52811e-14
3 5.68434e-14
2542 3
1 -4.44089e-14
2 2.84217e-14
3 5.41789e-14
2544 3
1 -5.01821e-14
2 6.66134e-14
3 1.00364e-13
2546 3
1 -2.08722e-14
2 6.88338e-14
3 7.99361e-14
2548 3
1 -3.24185e-14
2 5.81757e-14
3 7.19425e-14
2550 3
1 -2.75335e-14
2 6.75016e-14
3 3.19744e-14
2552 3
1 -2.30926e-14
2 5.72875e-14
3 4.79616e-14
2554 3
1 -4.26326e-14
2 7.28306e-14
3 7.99361e-14
2556 3
1 -5.9952e-14
2 6.21725e-14
3 4.79616e-14
2558 3
1 -3.64153e-14
2 1.9984e-14
3 8.52651e-14
2560 3
1 -5.37348e-14
2 5.81757e-14
3 5.86198e-14
2562 3
1 -4.79616e-14
2 6.57252e-14
3 7.28306e-14
2564 3
1 -2.9754e-14
2 4.21885e-14
3 5.32907e-14
2566 3
1 -4.4853e-14
2 4.52971e-14
3 6.03961e-14
2568 3
1 -3.24185e-14
2 5.68434e-14
3 5.15143e-14
2570 3
1 -1.33227e-14
2 4.57412e-14
3 8.61533e-14
2572 3
1 -3.77476e-14
2 6.88338e-14
3 6.75016e-14
2574 3
1 -1.9984e-14
2 5.15143e-14
3 5.32907e-14
2576 3
1 -3.24185e-14
2 4.92939e-14
3 6.57252e-14
2578 3
1 -2.35367e-14
2 8.52651e-14
3 3.37508e-14
2580 3
1 -4.35207e-14
2 3.68594e-14
3 6.57252e-14
2582 3
1 -4.13003e-14
2 7.19425e-14
3 7.63833e-14
2584 3
1 -4.92939e-14
2 5.06262e-14
3 7.72715e-14
2586 3
1 -4.35207e-14
2 6.30607e-14
3 6.30607e-14
2588 3
1 5.77316e-15
2 5.37348e-14
3 4.61853e-14
2590 3
1 -2.08722e-14
2 3.55271e-14
3 3.73035e-14
2592 3
1 4.44089e-15
2 5.59552e-14
3 7.63833e-14
2594 3
1 -3.90799e-14
2 5.06262e-14
3 4.9738e-14
2596 3
1 -1.95399e-14
2 6.66134e-14
3 8.70415e-14
2598 3
1 -2.66454e-15
2 5.50671e-14
3 8.43769e-14
2600 3
1 -2.57572e-14
2 5.59552e-14
3 5.41789e-14
2602 3
1 -1.86517e-14
2 5.10703e-14
3 6.12843e-14
2604 3
1 -2.62013e-14
2 6.57252e-14
3 8.34888e-14
2606 3
1 -1.77636e-14
2 8.4821e-14
3 5.50671e-14
2608 3
1 -2.79776e-14
2 5.86198e-14
3 7.54952e-14
2610 3
1 -2.9754e-14
2 5.24025e-14
3 8.88178e-14
2612 3
1 -3.81917e-14
2 5.68434e-14
3 1.08358e-13
2614 3
1 -7.54952e-15
2 5.06262e-14
3 9.05942e-14
2616 3
1 -4.17444e-14
2 4.52971e-14
3 7.81597e-14
2618 3
1 -4.26326e-14
2 4.08562e-14
3 7.81597e-14
2620 3
1 -3.15303e-14
2 5.90639e-14
3 7.37188e-14
2622 3
1 -1.77636e-14
2 6.26166e-14
3 7.28306e-14
2624 3
1 1.15463e-14
2 3.86358e-14
3 7.99361e-14
2626 3
1 -4.52971e-14
2 4.26326e-14
3 7.63833e-14
2628 3
1 -1.37668e-14
2 4.9738e-14
3 7.99361e-14
2630 3
1 -4.61853e-14
2 5.32907e-14
3 9.9476e-14
2632 3
1 -1.28786e-14
2 9.37028e-14
3 6.57252e-14
2634 3
1 -1.82077e-14
2 5.50671e-14
3 9.59233e-14
2636 3
1 -4.4853e-14
2 7.63833e-14
3 9.23706e-14
2638 3
1 -2.26485e-14
2 9.23706e-14
3 7.99361e-14
2640 3
1 -3.55271e-14
2 7.06102e-14
3 7.37188e-14
2642 3
1 -4.52971e-14
2 6.57252e-14
3 1.03029e-13
2644 3
1 -3.55271e-15
2 1.03029e-13
3 1.22569e-13
2646 3
1 -9.76996e-15
2 7.63833e-14
3 1.1724e-13
2648 3
1 -2.79776e-14
2 9.19265e-14
3 1.15463e-13
2650 3
1 -5.32907e-14
2 7.81597e-14
3 8.70415e-14
2652 3
1 -3.59712e-14
2 5.77316e-14
3 7.4607e-14
2654 3
1 -4.30767e-14
2 6.75016e-14
3 1.09246e-13
2656 3
1 -4.84057e-14
2 8.12683e-14
3 1.03029e-13
2658 3
1 -5.4623e-14
2 8.43769e-14
3 1.26121e-13
2660 3
1 -2.79776e-14
2 1.08802e-13
3 9.85878e-14
2662 3
1 -5.50671e-14
2 8.61533e-14
3 8.34888e-14
2664 3
1 -4.17444e-14
2 9.32587e-14
3 1.11022e-13
2666 3
1 -3.28626e-14
2 8.52651e-14
3 1.01252e-13
2668 3
1 6.21725e-15
2 8.92619e-14
3 9.76996e-14
2670 3
1 -4.52971e-14
2 8.34888e-14
3 8.43769e-14
2672 3
1 -2.26485e-14
2 9.23706e-14
3 9.23706e-14
2674 3
1 -2.22045e-14
2 7.68274e-14
3 7.90479e-14
2676 3
1 -4.04121e-14
2 6.9722e-14
3 8.52651e-14
2678 3
1 -3.73035e-14
2 8.43769e-14
3 9.9476e-14
2680 3
1 -3.41949e-14
2 8.21565e-14
3 1.0747e-13
2682 3
1 -1.46549e-14
2 1.00364e-13
3 1.05693e-13
2684 3
1 -1.11022e-14
2 9.41469e-14
3 8.52651e-14
2686 3
1 -1.95399e-14
2 1.14575e-13
3 8.34888e-14
2688 3
1 -2.22045e-14
2 9.19265e-14
3 8.88178e-14
2690 3
1 -8.43769e-15
2 5.28466e-14
3 6.83897e-14
2692 3
1 -2.17604e-14
2 1.00808e-13
3 1.04805e-13
2694 3
1 -3.81917e-14
2 1.1724e-13
3 8.34888e-14
2696 3
1 -2.22045e-15
2 1.16351e-13
3 7.63833e-14
2698 3
1 -3.37508e-14
2 8.4821e-14
3 9.41469e-14
2700 3
1 -1.15463e-14
2 9.32587e-14
3 8.88178e-14
2702 3
1 -3.10862e-14
2 7.01661e-14
3 8.9706e-14
2704 3
1 -3.01981e-14
2 1.06581e-13
3 9.59233e-14
2706 3
1 -2.35367e-14
2 1.01252e-13
3 9.41469e-14
2708 3
1 -2.53131e-14
2 7.90479e-14
3 8.88178e-14
2710 3
1 -6.35048e-14
2 1.11022e-13
3 9.9476e-14
2712 3
1 -2.9754e-14
2 9.19265e-14
3 1.23457e-13
2714 3
1 -2.22045e-14
2 9.85878e-14
3 9.23706e-14
2716 3
1 -2.4869e-14
2 8.03801e-14
3 1.04805e-13
2718 3
1 -2.79776e-14
2 8.79297e-14
3 1.04805e-13
2720 3
1 0
2 8.4821e-14
3 1.2168e-13
2722 3
1 -1.37668e-14
2 7.90479e-14
3 7.99361e-14
2724 3
1 -2.26485e-14
2 1.03917e-13
3 8.26006e-14
2726 3
1 -3.41949e-14
2 9.72555e-14
3 1.03029e-13
2728 3
1 -2.4869e-14
2 8.39329e-14
3 8.79297e-14
2730 3
1 -4.04121e-14
2 7.37188e-14
3 1.19016e-13
2732 3
1 -3.55271e-14
2 9.50351e-14
3 1.40332e-13
2734 3
1 -4.4853e-14
2 7.99361e-14
3 1.11022e-13
2736 3
1 -6.52811e-14
2 7.86038e-14
3 1.06581e-13
2738 3
1 -5.19584e-14
2 6.88338e-14
3 1.13687e-13
2740 3
1 -3.28626e-14
2 8.9706e-14
3 1.19016e-13
2742 3
1 -5.10703e-14
2 9.32587e-14
3 1.02141e-13
2744 3
1 -2.4869e-14
2 5.81757e-14
3 1.06581e-13
2746 3
1 -1.33227e-14
2 8.34888e-14
3 8.70415e-14
2748 3
1 -5.32907e-15
2 7.86038e-14
3 8.79297e-14
2750 3
1 -3.68594e-14
2 6.52811e-14
3 9.23706e-14
2752 3
1 -2.66454e-14
2 6.88338e-14
3 8.52651e-14
2754 3
1 -6.17284e-14
2 8.12683e-14
3 1.1191e-13
2756 3
1 -2.84217e-14
2 9.76996e-14
3 1.06581e-13
2758 3
1 -6.26166e-14
2 9.19265e-14
3 9.68114e-14
2760 3
1 -4.66294e-14
2 6.35048e-14
3 1.32339e-13
2762 3
1 -3.28626e-14
2 7.99361e-14
3 1.24345e-13
2764 3
1 -1.73195e-14
2 9.14824e-14
3 1.1724e-13
2766 3
1 -4.57412e-14
2 1.02141e-13
3 1.22569e-13
2768 3
1 -5.10703e-14
2 8.88178e-14
3 1.29674e-13
2770 3
1 -2.9754e-14
2 9.85878e-14
3 1.5099e-13
2772 3
1 -2.70894e-14
2 9.76996e-14
3 1.29674e-13
2774 3
1 -4.17444e-14
2 4.79616e-14
3 1.05693e-13
2776 3
1 -3.73035e-14
2 7.63833e-14
3 1.38556e-13
2778 3
1 -5.55112e-14
2 9.23706e-14
3 1.22569e-13
2780 3
1 -1.55431e-14
2 6.79456e-14
3 1.29674e-13
2782 3
1 -2.17604e-14
2 1.19016e-13
3 1.16351e-13
2784 3
1 -2.30926e-14
2 7.90479e-14
3 1.04805e-13
2786 3
1 -4.08562e-14
2 6.03961e-14
3 9.32587e-14
2788 3
1 -3.41949e-14
2 8.21565e-14
3 1.24345e-13
2790 3
1 -2.22045e-14
2 9.14824e-14
3 1.33227e-13
2792 3
1 -1.24345e-14
2 1.01252e-13
3 1.03029e-13
2794 3
1 -2.62013e-14
2 1.02141e-13
3 1.36779e-13
2796 3
1 -2.22045e-14
2 9.41469e-14
3 1.1724e-13
2798 3
1 -4.4853e-14
2 9.28146e-14
3 1.24345e-13
2800 3
1 -1.77636e-14
2 1.18128e-13
3 9.68114e-14
2802 3
1 -4.70735e-14
2 1.01252e-13
3 1.33227e-13
2804 3
1 -1.64313e-14
2 9.59233e-14
3 1.19016e-13
2806 3
1 -2.39808e-14
2 9.19265e-14
3 1.00364e-13
2808 3
1 -2.75335e-14
2 9.50351e-14
3 1.15463e-13
2810 3
1 -2.75335e-14
2 8.26006e-14
3 1.42997e-13
2812 3
1 -4.4853e-14
2 7.50511e-14
3 1.36779e-13
2814 3
1 -6.03961e-14
2 6.92779e-14
3 1.27898e-13
2816 3
1 -3.10862e-14
2 9.37028e-14
3 1.47438e-13
2818 3
1 -3.33067e-14
2 9.76996e-14
3 1.36779e-13
2820 3
1 -2.70894e-14
2 8.83738e-14
3 1.33227e-13
2822 3
1 -3.73035e-14
2 9.4591e-14
3 1.35003e-13
2824 3
1 -2.08722e-14
2 6.17284e-14
3 1.3145e-13
2826 3
1 -3.41949e-14
2 8.83738e-14
3 1.38556e-13
2828 3
1 -3.59712e-14
2 7.63833e-14
3 9.76996e-14
2830 3
1 -2.84217e-14
2 6.75016e-14
3 1.29674e-13
2832 3
1 -4.13003e-14
2 4.88498e-14
3 1.24345e-13
2834 3
1 -4.17444e-14
2 8.57092e-14
3 1.19016e-13
2836 3
1 -2.79776e-14
2 7.32747e-14
3 1.26121e-13
2838 3
1 -2.17604e-14
2 5.90639e-14
3 1.35003e-13
2840 3
1 -2.02061e-14
2 6.79456e-14
3 1.20792e-13
2842 3
1 -3.41949e-14
2 7.72715e-14
3 1.08358e-13
2844 3
1 -2.77556e-14
2 7.99361e-14
3 9.76996e-14
2846 3
1 -1.5099e-14
2 5.24025e-14
3 1.20792e-13
2848 3
1 -3.5083e-14
2 9.19265e-14
3 9.41469e-14
2850 3
1 -1.26565e-14
2 3.9968e-14
3 9.14824e-14
2852 3
1 -2.33147e-14
2 6.75016e-14
3 1.23457e-13
2854 3
1 -9.76996e-15
2 6.66134e-14
3 8.34888e-14
2856 3
1 -3.01981e-14
2 6.39488e-14
3 1.2168e-13
2858 3
1 -3.01981e-14
2 6.43929e-14
3 1.1191e-13
2860 3
1 -1.19904e-14
2 4.9738e-14
3 1.03917e-13
2862 3
1 1.77636e-15
2 4.26326e-14
3 9.68114e-14
2864 3
1 -2.17604e-14
2 5.9508e-14
3 1.24345e-13
2866 3
1 -2.88658e-14
2 5.77316e-14
3 1.33227e-13
2868 3
1 -1.68754e-14
2 5.86198e-14
3 1.13687e-13
2870 3
1 -9.76996e-15
2 4.08562e-14
3 1.04805e-13
2872 3
1 -1.9984e-14
2 7.4607e-14
3 7.81597e-14
2874 3
1 -1.77636e-14
2 4.61853e-14
3 1.09246e-13
2876 3
1 -1.95399e-14
2 4.61853e-14
3 1.06581e-13
2878 3
1 -2.13163e-14
2 6.83897e-14
3 8.34888e-14
2880 3
1 -2.90878e-14
2 6.30607e-14
3 9.23706e-14
2882 3
1 -3.79696e-14
2 5.37348e-14
3 1.06581e-13
2884 3
1 -2.9754e-14
2 7.68274e-14
3 1.03029e-13
2886 3
1 -3.33067e-14
2 6.88338e-14
3 9.76996e-14
2888 3
1 1.9984e-15
2 6.4837e-14
3 1.03029e-13
2890 3
1 -1.64313e-14
2 4.84057e-14
3 1.15463e-13
2892 3
1 1.9984e-15
2 7.54952e-14
3 1.1191e-13
2894 3
1 -2.55351e-14
2 6.26166e-14
3 1.28786e-13
2896 3
1 -9.76996e-15
2 6.61693e-14
3 1.26121e-13
2898 3
1 2.22045e-15
2 8.39329e-14
3 1.48326e-13
2900 3
1 -2.26485e-14
2 8.30447e-14
3 1.27898e-13
2902 3
1 -2.70894e-14
2 6.83897e-14
3 8.34888e-14
2904 3
1 -1.64313e-14
2 5.9952e-14
3 1.22569e-13
2906 3
1 -2.4869e-14
2 8.26006e-14
3 9.05942e-14
2908 3
1 -1.75415e-14
2 7.59393e-14
3 9.59233e-14
2910 3
1 -1.9984e-14
2 7.50511e-14
3 1.14575e-13
2912 3
1 -1.11022e-14
2 6.66134e-14
3 9.59233e-14
2914 3
1 -2.19824e-14
2 7.37188e-14
3 9.68114e-14
2916 3
1 -2.33147e-14
2 7.68274e-14
3 1.13687e-13
2918 3
1 -1.24345e-14
2 6.75016e-14
3 1.30562e-13
2920 3
1 -2.22045e-14
2 8.57092e-14
3 1.26121e-13
2922 3
1 -3.95239e-14
2 7.86038e-14
3 1.1724e-13
2924 3
1 -1.57652e-14
2 8.61533e-14
3 1.06581e-13
2926 3
1 -3.77476e-15
2 7.99361e-14
3 1.0747e-13
2928 3
1 -5.77316e-15
2 9.19265e-14
3 1.47438e-13
2930 3
1 -7.10543e-15
2 1.02141e-13
3 1.19016e-13
2932 3
1 -1.11022e-14
2 5.9508e-14
3 1.26121e-13
2934 3
1 -2.08722e-14
2 6.12843e-14
3 1.15463e-13
2936 3
1 -2.15383e-14
2 8.43769e-14
3 1.14575e-13
2938 3
1 -3.19744e-14
2 7.99361e-14
3 1.22569e-13
2940 3
1 -2.66454e-14
2 1.05693e-13
3 1.2701e-13
2942 3
1 -4.9738e-14
2 8.34888e-14
3 9.59233e-14
2944 3
1 9.32587e-15
2 8.9706e-14
3 1.30562e-13
2946 3
1 -3.33067e-14
2 8.9706e-14
3 1.1191e-13
2948 3
1 -3.61933e-14
2 8.08242e-14
3 1.1191e-13
2950 3
1 -7.10543e-15
2 9.32587e-14
3 9.68114e-14
2952 3
1 -1.79856e-14
2 8.30447e-14
3 1.13687e-13
2954 3
1 -1.02141e-14
2 6.92779e-14
3 9.9476e-14
2956 3
1 -1.95399e-14
2 7.4607e-14
3 9.59233e-14
2958 3
1 -2.24265e-14
2 8.57092e-14
3 1.06581e-13
2960 3
1 -2.42029e-14
2 7.14984e-14
3 1.14575e-13
2962 3
1 -3.41949e-14
2 7.41629e-14
3 8.79297e-14
2964 3
1 -3.21965e-14
2 5.63993e-14
3 8.26006e-14
2966 3
1 -2.57572e-14
2 6.92779e-14
3 1.01252e-13
2968 3
1 -1.46549e-14
2 9.28146e-14
3 9.23706e-14
2970 3
1 -3.10862e-15
2 8.08242e-14
3 8.9706e-14
2972 3
1 -2.04281e-14
2 6.35048e-14
3 8.34888e-14
2974 3
1 -2.30926e-14
2 7.10543e-14
3 1.04805e-13
2976 3
1 -4.35207e-14
2 8.70415e-14
3 8.17124e-14
2978 3
1 -1.77636e-14
2 9.23706e-14
3 9.23706e-14
2980 3
1 -3.61933e-14
2 7.19425e-14
3 1.11022e-13
2982 3
1 -3.39728e-14
2 6.70575e-14
3 1.15463e-13
2984 3
1 -2.35367e-14
2 9.59233e-14
3 9.41469e-14
2986 3
1 -2.30926e-14
2 6.66134e-14
3 8.34888e-14
2988 3
1 -2.06501e-14
2 8.9706e-14
3 9.23706e-14
2990 3
1 8.88178e-16
2 1.01252e-13
3 8.52651e-14
2992 3
1 -1.46549e-14
2 7.06102e-14
3 1.03029e-13
2994 3
1 -2.39808e-14
2 9.28146e-14
3 8.34888e-14
2996 3
1 -2.26485e-14
2 7.63833e-14
3 1.13687e-13
2998 3
1 9.32587e-15
2 1.05693e-13
3 8.61533e-14
3000 3
1 -1.22125e-14
2 8.26006e-14
3 8.52651e-14
3002 3
1 -3.59712e-14
2 8.70415e-14
3 8.70415e-14
3004 3
1 -1.24345e-14
2 7.81597e-14
3 7.37188e-14
3006 3
1 -6.66134e-15
2 7.86038e-14
3 6.57252e-14
3008 3
1 -5.77316e-15
2 1.3145e-13
3 6.4837e-14
3010 3
1 -1.19904e-14
2 6.88338e-14
3 6.03961e-14
3012 3
1 -3.68594e-14
2 9.23706e-14
3 6.92779e-14
3014 3
1 -2.57572e-14
2 5.41789e-14
3 8.08242e-14
3016 3
1 -8.88178e-16
2 7.23865e-14
3 8.17124e-14
3018 3
1 -5.9952e-15
2 8.21565e-14
3 7.54952e-14
3020 3
1 -1.08802e-14
2 8.39329e-14
3 4.79616e-14
3022 3
1 -7.99361e-15
2 7.32747e-14
3 9.41469e-14
3024 3
1 -2.90878e-14
2 9.76996e-14
3 7.54952e-14
3026 3
1 -1.79856e-14
2 8.12683e-14
3 4.9738e-14
3028 3
1 -2.79776e-14
2 6.83897e-14
3 7.4607e-14
3030 3
1 -3.59712e-14
2 7.28306e-14
3 8.08242e-14
3032 3
1 -4.50751e-14
2 8.52651e-14
3 8.61533e-14
3034 3
1 -9.32587e-15
2 5.24025e-14
3 9.14824e-14
3036 3
1 -8.88178e-15
2 8.88178e-14
3 8.79297e-14
3038 3
1 -1.42109e-14
2 1.03029e-13
3 9.14824e-14
3040 3
1 -2.79776e-14
2 8.70415e-14
3 7.63833e-14
3042 3
1 -2.22045e-15
2 7.4607e-14
3 8.70415e-14
3044 3
1 -2.53131e-14
2 1.07914e-13
3 1.00364e-13
3046 3
1 -2.13163e-14
2 8.26006e-14
3 9.59233e-14
3048 3
1 -1.90958e-14
2 6.9722e-14
3 9.9476e-14
3050 3
1 -4.44089e-14
2 6.17284e-14
3 7.37188e-14
3052 3
1 -3.79696e-14
2 6.21725e-14
3 4.88498e-14
3054 3
1 -4.39648e-14
2 5.01821e-14
3 8.34888e-14
3056 3
1 -2.73115e-14
2 9.32587e-14
3 7.01661e-14
3058 3
1 -4.66294e-14
2 8.52651e-14
3 6.39488e-14
3060 3
1 -1.77636e-14
2 5.68434e-14
3 9.50351e-14
3062 3
1 -3.73035e-14
2 7.81597e-14
3 8.88178e-14
3064 3
1 -2.73115e-14
2 7.63833e-14
3 7.99361e-14
3066 3
1 -1.86517e-14
2 7.4607e-14
3 5.68434e-14
3068 3
1 -2.13163e-14
2 6.83897e-14
3 6.21725e-14
3070 3
1 -1.86517e-14
2 7.37188e-14
3 1.06581e-13
3072 3
1 -2.4869e-14
2 7.90479e-14
3 6.83897e-14
3074 3
1 -2.95319e-14
2 7.99361e-14
3 9.23706e-14
3076 3
1 -5.41789e-14
2 8.61533e-14
3 6.92779e-14
3078 3
1 -4.44089e-15
2 5.59552e-14
3 6.66134e-14
3080 3
1 -6.21725e-15
2 9.14824e-14
3 8.17124e-14
3082 3
1 -1.93179e-14
2 1.01252e-13
3 6.92779e-14
3084 3
1 1.15463e-14
2 7.81597e-14
3 9.76996e-14
3086 3
1 -1.64313e-14
2 6.66134e-14
3 5.41789e-14
3088 3
1 -5.32907e-15
2 8.03801e-14
3 4.9738e-14
3090 3
1 -2.70894e-14
2 1.08358e-13
3 5.9508e-14
3092 3
1 -2.04281e-14
2 7.19425e-14
3 5.9508e-14
3094 3
1 -2.55351e-14
2 7.14984e-14
3 6.92779e-14
3096 3
1 -2.75335e-14
2 6.12843e-14
3 6.57252e-14
3098 3
1 -1.64313e-14
2 8.21565e-14
3 4.35207e-14
3100 3
1 -3.55271e-14
2 6.61693e-14
3 7.81597e-14
3102 3
1 -4.32987e-14
2 5.24025e-14
3 8.70415e-14
3104 3
1 -3.28626e-14
2 8.9706e-14
3 5.9508e-14
3106 3
1 -3.13083e-14
2 8.21565e-14
3 7.4607e-14
3108 3
1 -3.55271e-14
2 7.90479e-14
3 6.21725e-14
3110 3
1 -4.57412e-14
2 4.88498e-14
3 6.83897e-14
3112 3
1 -1.62093e-14
2 4.17444e-14
3 8.61533e-14
3114 3
1 -3.17524e-14
2 5.06262e-14
3 9.59233e-14
3116 3
1 -1.66533e-14
2 8.08242e-14
3 7.37188e-14
3118 3
1 -2.84217e-14
2 8.17124e-14
3 8.52651e-14
3120 3
1 -4.26326e-14
2 6.26166e-14
3 6.39488e-14
3122 3
1 -2.9754e-14
2 5.55112e-14
3 6.4837e-14
3124 3
1 -9.76996e-15
2 2.22045e-14
3 1.01252e-13
3126 3
1 -3.73035e-14
2 3.64153e-14
3 4.26326e-14
3128 3
1 -5.50671e-14
2 4.26326e-14
3 7.90479e-14
3130 3
1 -4.35207e-14
2 6.61693e-14
3 7.37188e-14
3132 3
1 -3.95239e-14
2 5.59552e-14
3 7.10543e-14
3134 3
1 -2.13163e-14
2 8.79297e-14
3 5.32907e-14
3136 3
1 -4.13003e-14
2 6.57252e-14
3 6.39488e-14
3138 3
1 -3.4639e-14
2 3.4639e-14
3 7.72715e-14
3140 3
1 -5.06262e-14
2 7.81597e-14
3 7.10543e-14
3142 3
1 -4.79616e-14
2 7.19425e-14
3 5.86198e-14
3144 3
1 -2.30926e-14
2 7.01661e-14
3 5.77316e-14
3146 3
1 -3.15303e-14
2 5.28466e-14
3 5.86198e-14
3148 3
1 3.55271e-15
2 4.52971e-14
3 5.24025e-14
3150 3
1 -2.53131e-14
2 6.12843e-14
3 6.39488e-14
3152 3
1 -4.17444e-14
2 4.52971e-14
3 6.21725e-14
3154 3
1 -4.35207e-14
2 6.66134e-14
3 5.06262e-14
3156 3
1 -5.4623e-14
2 5.15143e-14
3 6.83897e-14
3158 3
1 -3.19744e-14
2 6.03961e-14
3 5.50671e-14
3160 3
1 -5.19584e-14
2 6.79456e-14
3 6.92779e-14
3162 3
1 -4.57412e-14
2 7.23865e-14
3 6.57252e-14
3164 3
1 -5.28466e-14
2 5.90639e-14
3 5.15143e-14
3166 3
1 -6.12843e-14
2 4.9738e-14
3 4.44089e-14
3168 3
1 -4.44089e-14
2 6.77236e-14
3 5.32907e-14
3170 3
1 -3.10862e-14
2 7.37188e-14
3 4.88498e-14
3172 3
1 -5.06262e-14
2 4.75175e-14
3 7.10543e-14
3174 3
1 -3.59712e-14
2 5.81757e-14
3 5.68434e-14
3176 3
1 -3.04201e-14
2 5.90639e-14
3 5.15143e-14
3178 3
1 -4.79616e-14
2 4.61853e-14
3 3.73035e-14
3180 3
1 -5.9508e-14
2 4.52971e-14
3 5.68434e-14
3182 3
1 -5.15143e-14
2 6.23945e-14
3 4.35207e-14
3184 3
1 -5.4623e-14
2 5.63993e-14
3 4.52971e-14
3186 3
1 -4.52971e-14
2 5.55112e-14
3 4.08562e-14
3188 3
1 -6.39488e-14
2 5.57332e-14
3 5.59552e-14
3190 3
1 -6.66134e-14
2 2.33147e-14
3 7.28306e-14
3192 3
1 -7.37188e-14
2 6.17284e-14
3 7.81597e-14
3194 3
1 -7.72715e-14
2 5.4623e-14
3 5.77316e-14
3196 3
1 -4.61853e-14
2 5.4623e-14
3 6.39488e-14
3198 3
1 -6.66134e-14
2 5.55112e-14
3 6.21725e-14
3200 3
1 -4.9738e-14
2 5.44009e-14
3 8.79297e-14
3202 3
1 -4.84057e-14
2 5.55112e-14
3 7.90479e-14
3204 3
1 -5.37348e-14
2 3.15303e-14
3 6.4837e-14
3206 3
1 -4.9738e-14
2 8.43769e-14
3 5.06262e-14
3208 3
1 -2.93099e-14
2 4.92939e-14
3 6.92779e-14
3210 3
1 -3.06422e-14
2 5.68434e-14
3 5.68434e-14
3212 3
1 -3.10862e-14
2 6.77236e-14
3 5.15143e-14
3214 3
1 -6.57252e-14
2 4.68514e-14
3 6.21725e-14
3216 3
1 -6.92779e-14
2 6.30607e-14
3 4.9738e-14
3218 3
1 -4.39648e-14
2 5.77316e-14
3 4.08562e-14
3220 3
1 -5.55112e-14
2 4.4853e-14
3 6.21725e-14
3222 3
1 -7.57172e-14
2 5.01821e-14
3 5.68434e-14
3224 3
1 -3.4639e-14
2 5.06262e-14
3 5.32907e-14
3226 3
1 -3.28626e-14
2 4.44089e-14
3 5.77316e-14
3228 3
1 -3.4861e-14
2 4.06342e-14
3 3.64153e-14
3230 3
1 -1.33227e-14
2 6.43929e-14
3 3.55271e-14
3232 3
1 -2.81997e-14
2 7.34968e-14
3 4.08562e-14
3234 3
1 -5.83977e-14
2 6.15064e-14
3 4.9738e-14
3236 3
1 -3.44169e-14
2 8.01581e-14
3 6.75016e-14
3238 3
1 -4.01901e-14
2 4.90719e-14
3 4.44089e-14
3240 3
1 -3.21965e-14
2 3.9968e-14
3 5.68434e-14
3242 3
1 -4.64073e-14
2 5.35127e-14
3 4.9738e-14
3244 3
1 -4.30767e-14
2 5.01821e-14
3 6.75016e-14
3246 3
1 -2.4869e-14
2 5.86198e-14
3 3.9968e-14
3248 3
1 -4.44089e-14
2 7.72715e-14
3 5.50671e-14
3250 3
1 -4.44089e-14
2 7.61613e-14
3 3.73035e-14
3252 3
1 -5.83977e-14
2 6.79456e-14
3 5.68434e-14
3254 3
1 -3.55271e-14
2 7.54952e-14
3 5.86198e-14
3256 3
1 -3.59712e-14
2 3.59712e-14
3 3.73035e-14
3258 3
1 -3.37508e-14
2 3.68594e-14
3 4.08562e-14
3260 3
1 -5.06262e-14
2 6.26166e-14
3 6.57252e-14
3262 3
1 -4.88498e-14
2 5.66214e-14
3 2.30926e-14
3264 3
1 -4.75175e-14
2 4.41869e-14
3 4.79616e-14
3266 3
1 -5.72875e-14
2 4.35207e-14
3 3.90799e-14
3268 3
1 -2.04281e-14
2 3.68594e-14
3 3.73035e-14
3270 3
1 -5.88418e-14
2 4.84057e-14
3 6.57252e-14
3272 3
1 -5.37348e-14
2 6.61693e-14
3 2.57572e-14
3274 3
1 -2.75335e-14
2 6.63913e-14
3 3.37508e-14
3276 3
1 -4.41869e-14
2 3.15303e-14
3 3.01981e-14
3278 3
1 -5.08482e-14
2 3.30846e-14
3 2.84217e-14
3280 3
1 -6.55032e-14
2 5.4623e-14
3 3.37508e-14
3282 3
1 -5.24025e-14
2 4.996e-14
3 3.64153e-14
3284 3
1 -3.01981e-14
2 4.92939e-14
3 5.15143e-14
3286 3
1 -6.41709e-14
2 4.39648e-14
3 4.26326e-14
3288 3
1 -5.35127e-14
2 5.75096e-14
3 2.22045e-14
3290 3
1 -3.28626e-14
2 2.84217e-14
3 4.9738e-14
3292 3
1 -6.12843e-14
2 4.24105e-14
3 2.30926e-14
3294 3
1 -3.06422e-14
2 6.28386e-14
3 3.10862e-14
3296 3
1 -6.01741e-14
2 2.4647e-14
3 3.37508e-14
3298 3
1 -3.4639e-14
2 5.37348e-14
3 5.32907e-14
3300 3
1 -4.30767e-14
2 5.30687e-14
3 4.79616e-14
3302 3
1 -4.26326e-14
2 3.15303e-14
3 3.19744e-14
3304 3
1 -3.84137e-14
2 2.30926e-14
3 5.50671e-14
3306 3
1 -4.21885e-14
2 2.86438e-14
3 2.4869e-14
3308 3
1 -5.50671e-14
2 5.68434e-14
3 1.59872e-14
3310 3
1 -6.88338e-14
2 3.28626e-14
3 2.57572e-14
3312 3
1 -3.73035e-14
2 5.44009e-14
3 3.73035e-14
3314 3
1 -5.70655e-14
2 4.59632e-14
3 3.01981e-14
3316 3
1 -5.01821e-14
2 6.28386e-14
3 3.19744e-14
3318 3
1 -4.66294e-14
2 5.72875e-14
3 1.06581e-14
3320 3
1 -5.24025e-14
2 5.50671e-14
3 2.39808e-14
3322 3
1 -6.52811e-14
2 6.08402e-14
3 4.61853e-14
3324 3
1 -7.10543e-14
2 4.61853e-14
3 2.04281e-14
3326 3
1 -5.15143e-14
2 2.95319e-14
3 1.86517e-14
3328 3
1 -4.66294e-14
2 4.44089e-14
3 3.10862e-14
3330 3
1 -5.37348e-14
2 3.15303e-14
3 2.93099e-14
3332 3
1 -4.61853e-14
2 5.4845e-14
3 3.64153e-14
3334 3
1 -4.08562e-14
2 4.95159e-14
3 2.30926e-14
3336 3
1 -5.06262e-14
2 3.55271e-14
3 5.32907e-15
3338 3
1 -7.59393e-14
2 1.70974e-14
3 7.10543e-15
3340 3
1 -5.90639e-14
2 4.08562e-14
3 4.44089e-14
3342 3
1 -5.41789e-14
2 4.77396e-14
3 3.55271e-15
3344 3
1 -3.90799e-14
2 6.70575e-14
3 -3.55271e-15
3346 3
1 -3.10862e-14
2 2.86438e-14
3 2.66454e-14
3348 3
1 -4.44089e-14
2 4.10783e-14
3 8.88178e-15
3350 3
1 -4.79616e-14
2 4.44089e-14
3 1.77636e-14
3352 3
1 -3.57492e-14
2 4.10783e-14
3 2.30926e-14
3354 3
1 -4.996e-14
2 7.90479e-14
3 1.42109e-14
3356 3
1 -5.37348e-14
2 5.04041e-14
3 3.37508e-14
3358 3
1 -1.5099e-14
2 4.9738e-14
3 4.9738e-14
3360 3
1 -2.79776e-14
2 4.21885e-14
3 4.9738e-14
3362 3
1 -3.15303e-14
2 7.66054e-14
3 5.77316e-14
3364 3
1 -2.35367e-14
2 5.35127e-14
3 3.01981e-14
3366 3
1 -1.46549e-14
2 4.86278e-14
3 5.59552e-14
3368 3
1 -2.88658e-14
2 5.32907e-14
3 3.28626e-14
3370 3
1 -3.4639e-14
2 4.35207e-14
3 2.84217e-14
3372 3
1 -3.73035e-14
2 8.68194e-14
3 3.19744e-14
3374 3
1 -2.22045e-15
2 8.41549e-14
3 5.50671e-14
3376 3
1 -2.13163e-14
2 7.81597e-14
3 3.19744e-14
3378 3
1 -2.39808e-14
2 8.34888e-14
3 1.95399e-14
3380 3
1 -5.10703e-14
2 7.4607e-14
3 5.50671e-14
3382 3
1 -2.57572e-14
2 8.10463e-14
3 2.84217e-14
3384 3
1 -9.76996e-15
2 6.9722e-14
3 3.10862e-14
3386 3
1 -1.73195e-14
2 8.9484e-14
3 3.37508e-14
3388 3
1 -2.39808e-14
2 1.06137e-13
3 3.37508e-14
3390 3
1 4.44089e-16
2 1.03251e-13
3 2.84217e-14
3392 3
1 -2.39808e-14
2 8.83738e-14
3 4.26326e-14
3394 3
1 -1.28786e-14
2 8.63754e-14
3 3.19744e-14
3396 3
1 -1.46549e-14
2 1.04361e-13
3 4.61853e-14
3398 3
1 -2.4869e-14
2 7.86038e-14
3 3.73035e-14
3400 3
1 -1.28786e-14
2 7.34968e-14
3 3.10862e-14
3402 3
1 -3.19744e-14
2 7.88258e-14
3 1.59872e-14
3404 3
1 9.32587e-15
2 8.06022e-14
3 3.19744e-14
3406 3
1 -3.28626e-14
2 7.39409e-14
3 4.26326e-14
3408 3
1 -1.77636e-15
2 9.68114e-14
3 5.32907e-15
3410 3
1 -3.41949e-14
2 6.12843e-14
3 2.75335e-14
3412 3
1 -2.88658e-14
2 6.77236e-14
3 2.84217e-14
3414 3
1 -1.64313e-14
2 4.24105e-14
3 2.84217e-14
3416 3
1 -1.82077e-14
2 8.06022e-14
3 4.61853e-14
3418 3
1 -3.28626e-14
2 6.90559e-14
3 3.73035e-14
3420 3
1 -3.4639e-14
2 6.86118e-14
3 4.17444e-14
3422 3
1 -3.28626e-14
2 8.79297e-14
3 5.86198e-14
3424 3
1 -4.66294e-14
2 8.81517e-14
3 4.9738e-14
3426 3
1 -1.13243e-14
2 7.4829e-14
3 3.90799e-14
3428 3
1 -2.57572e-14
2 8.19345e-14
3 1.59872e-14
3430 3
1 -4.64073e-14
2 5.06262e-14
3 5.59552e-14
3432 3
1 -9.10383e-15
2 5.28466e-14
3 3.37508e-14
3434 3
1 -2.75335e-14
2 6.19504e-14
3 4.61853e-14
3436 3
1 -4.72955e-14
2 7.9714e-14
3 2.93099e-14
3438 3
1 -1.64313e-14
2 4.19664e-14
3 3.01981e-14
3440 3
1 -4.996e-14
2 5.63993e-14
3 6.21725e-15
3442 3
1 -4.17444e-14
2 5.4623e-14
3 2.30926e-14
3444 3
1 -1.95399e-14
2 6.57252e-14
3 4.26326e-14
3446 3
1 -2.53131e-14
2 8.30447e-14
3 5.68434e-14
3448 3
1 -1.28786e-14
2 4.4853e-14
3 3.37508e-14
3450 3
1 -3.86358e-14
2 4.79616e-14
3 1.77636e-14
3452 3
1 -3.4639e-14
2 6.4837e-14
3 3.01981e-14
3454 3
1 -7.99361e-15
2 7.59393e-14
3 4.70735e-14
3456 3
1 -1.15463e-14
2 9.68114e-14
3 3.73035e-14
3458 3
1 -3.90799e-14
2 8.08242e-14
3 1.86517e-14
3460 3
1 -9.76996e-15
2 6.4837e-14
3 3.01981e-14
3462 3
1 -7.99361e-15
2 3.15303e-14
3 4.26326e-14
3464 3
1 -1.11022e-14
2 6.75016e-14
3 1.95399e-14
3466 3
1 -9.99201e-15
2 5.24025e-14
3 1.24345e-14
3468 3
1 -4.04121e-14
2 7.99361e-14
3 3.55271e-14
3470 3
1 -9.54792e-15
2 9.41469e-14
3 2.4869e-14
3472 3
1 -3.30846e-14
2 6.21725e-14
3 5.32907e-14
3474 3
1 -1.15463e-14
2 6.30607e-14
3 3.64153e-14
3476 3
1 -2.53131e-14
2 7.14984e-14
3 3.19744e-14
3478 3
1 -1.06581e-14
2 8.21565e-14
3 4.26326e-14
3480 3
1 -2.13163e-14
2 5.50671e-14
3 2.93099e-14
3482 3
1 -4.35207e-14
2 7.77156e-14
3 2.66454e-14
3484 3
1 -2.70894e-14
2 6.4837e-14
3 3.01981e-14
3486 3
1 -9.76996e-15
2 6.88338e-14
3 4.08562e-14
3488 3
1 -4.44089e-15
2 8.12683e-14
3 3.9968e-14
3490 3
1 -1.73195e-14
2 5.9508e-14
3 3.55271e-14
3492 3
1 -1.02141e-14
2 6.19504e-14
3 5.06262e-14
3494 3
1 -1.68754e-14
2 7.68274e-14
3 4.9738e-14
3496 3
1 -3.64153e-14
2 7.37188e-14
3 4.44089e-14
3498 3
1 -3.44169e-14
2 9.72555e-14
3 2.84217e-14
3500 3
1 -2.75335e-14
2 5.77316e-14
3 5.59552e-14
3502 3
1 -3.19744e-14
2 8.37108e-14
3 2.22045e-14
3504 3
1 -3.19744e-14
2 1.1191e-13
3 4.9738e-14
3506 3
1 -3.01981e-14
2 5.90639e-14
3 3.55271e-14
3508 3
1 0
2 9.54792e-14
3 1.95399e-14
3510 3
1 -1.5099e-14
2 8.41549e-14
3 2.13163e-14
3512 3
1 -1.06581e-14
2 5.4623e-14
3 3.4639e-14
3514 3
1 -3.01981e-14
2 6.19504e-14
3 2.4869e-14
3516 3
1 -9.76996e-15
2 8.68194e-14
3 3.55271e-14
3518 3
1 -1.06581e-14
2 7.37188e-14
3 4.61853e-14
3520 3
1 -1.9984e-14
2 8.85958e-14
3 3.10862e-14
3522 3
1 -9.76996e-15
2 6.83897e-14
3 1.77636e-14
3524 3
1 -1.86517e-14
2 8.9706e-14
3 3.90799e-14
3526 3
1 -3.59712e-14
2 7.68274e-14
3 4.9738e-14
3528 3
1 -1.11022e-14
2 9.65894e-14
3 3.90799e-14
3530 3
1 4.44089e-15
2 7.01661e-14
3 3.9968e-14
3532 3
1 -2.22045e-15
2 6.77236e-14
3 4.70735e-14
3534 3
1 -1.33227e-14
2 8.81517e-14
3 5.32907e-14
3536 3
1 7.10543e-15
2 6.66134e-14
3 3.28626e-14
3538 3
1 -7.99361e-15
2 6.88338e-14
3 4.88498e-14
3540 3
1 1.57652e-14
2 6.03961e-14
3 5.50671e-14
3542 3
1 -4.88498e-15
2 5.72875e-14
3 6.21725e-14
3544 3
1 -2.66454e-14
2 5.50671e-14
3 6.12843e-14
3546 3
1 -2.04281e-14
2 7.4607e-14
3 4.9738e-14
3548 3
1 -2.75335e-14
2 6.30607e-14
3 4.88498e-14
3550 3
1 -4.44089e-15
2 5.22915e-14
3 5.77316e-14
3552 3
1 -1.86517e-14
2 5.32907e-14
3 6.75016e-14
3554 3
1 -1.42109e-14
2 6.06182e-14
3 3.73035e-14
3556 3
1 4.44089e-16
2 5.20695e-14
3 7.37188e-14
3558 3
1 -1.33227e-14
2 5.14033e-14
3 4.9738e-14
3560 3
1 -2.93099e-14
2 6.01741e-14
3 3.73035e-14
3562 3
1 -5.77316e-15
2 4.66294e-14
3 4.17444e-14
3564 3
1 -1.5099e-14
2 6.23945e-14
3 5.50671e-14
3566 3
1 -4.57412e-14
2 5.4623e-14
3 3.01981e-14
3568 3
1 -4.13003e-14
2 7.30527e-14
3 3.01981e-14
3570 3
1 -5.77316e-15
2 4.35207e-14
3 4.17444e-14
3572 3
1 -2.08722e-14
2 5.71765e-14
3 5.32907e-14
3574 3
1 -2.84217e-14
2 3.38618e-14
3 4.79616e-14
3576 3
1 -6.66134e-15
2 5.57332e-14
3 4.52971e-14
3578 3
1 -2.84217e-14
2 7.69385e-14
3 4.70735e-14
3580 3
1 -3.73035e-14
2 7.00551e-14
3 2.84217e-14
3582 3
1 7.54952e-15
2 5.81757e-14
3 2.75335e-14
3584 3
1 -1.95399e-14
2 7.90479e-14
3 4.44089e-14
3586 3
1 -2.13163e-14
2 5.50671e-14
3 4.61853e-14
3588 3
1 -8.88178e-16
2 6.25056e-14
3 3.19744e-14
3590 3
1 -1.73195e-14
2 8.41549e-14
3 7.72715e-14
3592 3
1 -1.59872e-14
2 6.17284e-14
3 2.93099e-14
3594 3
1 -2.30926e-14
2 5.85088e-14
3 3.90799e-14
3596 3
1 -3.28626e-14
2 6.92779e-14
3 5.86198e-14
3598 3
1 -2.66454e-14
2 7.28306e-14
3 4.61853e-14
3600 3
1 -1.77636e-15
2 7.59393e-14
3 5.68434e-14
3602 3
1 2.22045e-15
2 4.9627e-14
3 4.70735e-14
3604 3
1 -3.01981e-14
2 6.23945e-14
3 4.35207e-14
3606 3
1 -1.5099e-14
2 9.32587e-14
3 6.21725e-14
3608 3
1 -2.30926e-14
2 6.78346e-14
3 4.79616e-14
3610 3
1 -4.88498e-15
2 9.41469e-14
3 6.21725e-14
3612 3
1 -1.77636e-15
2 6.88338e-14
3 6.39488e-14
3614 3
1 -1.37668e-14
2 7.21645e-14
3 3.19744e-14
3616 3
1 -2.13163e-14
2 7.30527e-14
3 4.79616e-14
3618 3
1 -2.22045e-14
2 7.23865e-14
3 1.33227e-14
3620 3
1 -3.73035e-14
2 6.43929e-14
3 2.66454e-14
3622 3
1 -2.4869e-14
2 9.72555e-14
3 5.9508e-14
3624 3
1 -2.04281e-14
2 6.37268e-14
3 3.90799e-14
3626 3
1 1.06581e-14
2 8.77076e-14
3 4.9738e-14
3628 3
1 -2.93099e-14
2 8.61533e-14
3 6.57252e-14
3630 3
1 0
2 7.54952e-14
3 4.9738e-14
3632 3
1 -2.93099e-14
2 6.15064e-14
3 5.50671e-14
3634 3
1 -2.66454e-15
2 6.30607e-14
3 6.92779e-14
3636 3
1 -1.28786e-14
2 6.95e-14
3 5.32907e-14
3638 3
1 -4.13003e-14
2 7.43849e-14
3 6.92779e-14
3640 3
1 -8.88178e-15
2 7.01661e-14
3 5.50671e-14
3642 3
1 -3.41949e-14
2 7.92699e-14
3 4.9738e-14
3644 3
1 2.66454e-15
2 6.4615e-14
3 4.08562e-14
3646 3
1 3.55271e-15
2 7.79377e-14
3 6.39488e-14
3648 3
1 5.32907e-15
2 7.32747e-14
3 4.61853e-14
3650 3
1 -2.4869e-14
2 8.9706e-14
3 2.84217e-14
3652 3
1 -2.93099e-14
2 8.83738e-14
3 5.06262e-14
3654 3
1 -1.42109e-14
2 9.4369e-14
3 3.37508e-14
3656 3
1 -3.73035e-14
2 9.90319e-14
3 4.88498e-14
3658 3
1 -2.13163e-14
2 9.32587e-14
3 5.06262e-14
3660 3
1 -2.30926e-14
2 8.08242e-14
3 4.44089e-14
3662 3
1 -1.06581e-14
2 1.13909e-13
3 3.64153e-14
3664 3
1 -2.22045e-14
2 8.23785e-14
3 4.08562e-14
3666 3
1 1.42109e-14
2 8.01581e-14
3 4.44089e-14
3668 3
1 -1.59872e-14
2 1.05693e-13
3 4.26326e-14
3670 3
1 -1.28786e-14
2 9.4591e-14
3 4.26326e-14
3672 3
1 -7.99361e-15
2 6.86118e-14
3 9.76996e-15
3674 3
1 -1.86517e-14
2 7.19425e-14
3 3.4639e-14
3676 3
1 -3.15303e-14
2 7.21645e-14
3 5.86198e-14
3678 3
1 -5.28466e-14
2 1.0747e-13
3 1.5099e-14
3680 3
1 -2.13163e-14
2 7.90479e-14
3 3.90799e-14
3682 3
1 -2.57572e-14
2 7.23865e-14
3 5.41789e-14
3684 3
1 -1.24345e-14
2 8.61533e-14
3 2.93099e-14
3686 3
1 0
2 5.08482e-14
3 7.99361e-14
3688 3
1 -3.73035e-14
2 6.86118e-14
3 4.35207e-14
3690 3
1 -3.73035e-14
2 7.4829e-14
3 4.08562e-14
3692 3
1 -3.10862e-14
2 7.9492e-14
3 3.73035e-14
3694 3
1 -6.4837e-14
2 7.77156e-14
3 3.73035e-14
3696 3
1 -4.08562e-14
2 6.79456e-14
3 5.86198e-14
3698 3
1 -3.90799e-14
2 6.9722e-14
3 3.73035e-14
3700 3
1 -2.4869e-14
2 7.79377e-14
3 5.50671e-14
3702 3
1 -3.4639e-14
2 6.59472e-14
3 4.35207e-14
3704 3
1 -3.55271e-14
2 5.83977e-14
3 5.59552e-14
3706 3
1 -2.39808e-14
2 7.37188e-14
3 7.54952e-14
3708 3
1 -4.52971e-14
2 7.17204e-14
3 6.21725e-14
3710 3
1 -3.55271e-14
2 8.10463e-14
3 6.03961e-14
3712 3
1 -2.57572e-14
2 8.34888e-14
3 6.21725e-14
3714 3
1 -4.17444e-14
2 6.59472e-14
3 5.68434e-14
3716 3
1 -4.08562e-14
2 4.19664e-14
3 7.10543e-14
3718 3
1 -1.68754e-14
2 6.55032e-14
3 7.10543e-14
3720 3
1 -2.22045e-14
2 5.21805e-14
3 8.70415e-14
3722 3
1 -5.9508e-14
2 5.75096e-14
3 6.66134e-14
3724 3
1 -5.50671e-14
2 5.08482e-14
3 7.10543e-14
3726 3
1 0
2 4.68514e-14
3 7.28306e-14
3728 3
1 -1.24345e-14
2 8.19345e-14
3 6.66134e-14
3730 3
1 -3.55271e-14
2 6.37268e-14
3 6.57252e-14
3732 3
1 -3.4639e-14
2 6.08402e-14
3 7.90479e-14
3734 3
1 -7.99361e-15
2 5.39568e-14
3 6.03961e-14
3736 3
1 -3.01981e-14
2 6.40599e-14
3 8.79297e-14
3738 3
1 -2.66454e-15
2 8.38218e-14
3 6.57252e-14
3740 3
1 -4.88498e-14
2 8.471e-14
3 5.50671e-14
3742 3
1 -1.77636e-14
2 5.40679e-14
3 8.17124e-14
3744 3
1 -4.44089e-14
2 5.18474e-14
3 7.10543e-14
3746 3
1 -3.64153e-14
2 4.51861e-14
3 7.99361e-14
3748 3
1 -4.88498e-14
2 5.72875e-14
3 6.4837e-14
3750 3
1 -2.13163e-14
2 3.84137e-14
3 7.90479e-14
3752 3
1 -4.08562e-14
2 4.19664e-14
3 7.99361e-14
3754 3
1 -1.77636e-14
2 7.4607e-14
3 7.19425e-14
3756 3
1 -5.15143e-14
2 7.4829e-14
3 4.9738e-14
3758 3
1 -3.10862e-14
2 4.35207e-14
3 8.08242e-14
3760 3
1 -2.08722e-14
2 5.9952e-14
3 8.26006e-14
3762 3
1 -6.66134e-15
2 6.83897e-14
3 6.21725e-14
3764 3
1 -3.77476e-14
2 4.9738e-14
3 8.26006e-14
3766 3
1 -4.35207e-14
2 4.30767e-14
3 4.26326e-14
3768 3
1 -5.32907e-15
2 7.54952e-14
3 6.75016e-14
3770 3
1 -3.4639e-14
2 3.28626e-14
3 6.75016e-14
3772 3
1 -2.57572e-14
2 7.10543e-14
3 6.12843e-14
3774 3
1 -4.70735e-14
2 4.84057e-14
3 6.12843e-14
3776 3
1 -2.79776e-14
2 4.9738e-14
3 7.63833e-14
3778 3
1 -3.5083e-14
2 4.75175e-14
3 7.01661e-14
3780 3
1 -1.19904e-14
2 7.32747e-14
3 6.12843e-14
3782 3
1 -5.01821e-14
2 4.30767e-14
3 9.05942e-14
3784 3
1 -4.57412e-14
2 6.88338e-14
3 6.39488e-14
3786 3
1 -1.13243e-14
2 5.06262e-14
3 7.72715e-14
3788 3
1 -3.06422e-14
2 8.17124e-14
3 5.50671e-14
3790 3
1 -3.28626e-14
2 2.30926e-14
3 6.4837e-14
3792 3
1 -1.77636e-14
2 1.11022e-14
3 7.81597e-14
3794 3
1 -4.30767e-14
2 6.88338e-14
3 3.81917e-14
3796 3
1 -3.10862e-14
2 4.75175e-14
3 7.81597e-14
3798 3
1 -3.59712e-14
2 5.68434e-14
3 7.4607e-14
3800 3
1 -2.39808e-14
2 6.21725e-14
3 7.99361e-14
3802 3
1 -3.33067e-14
2 8.52651e-14
3 5.50671e-14
3804 3
1 -5.77316e-14
2 7.54952e-14
3 6.39488e-14
3806 3
1 -3.55271e-14
2 8.83738e-14
3 8.79297e-14
3808 3
1 -3.15303e-14
2 6.43929e-14
3 6.21725e-14
3810 3
1 -2.4869e-14
2 6.83897e-14
3 4.44089e-14
3812 3
1 -3.90799e-14
2 5.77316e-14
3 5.77316e-14
3814 3
1 -2.35367e-14
2 6.52811e-14
3 6.39488e-14
3816 3
1 -4.04121e-14
2 8.43769e-14
3 5.68434e-14
3818 3
1 -4.88498e-15
2 7.28306e-14
3 5.50671e-14
3820 3
1 -1.59872e-14
2 6.35048e-14
3 7.28306e-14
3822 3
1 -5.32907e-15
2 8.17124e-14
3 6.39488e-14
3824 3
1 -4.92939e-14
2 7.19425e-14
3 3.9968e-14
3826 3
1 -1.02141e-14
2 8.26006e-14
3 5.41789e-14
3828 3
1 -1.82077e-14
2 8.70415e-14
3 9.05942e-14
3830 3
1 -9.32587e-15
2 7.28306e-14
3 6.75016e-14
3832 3
1 -1.86517e-14
2 5.59552e-14
3 4.17444e-14
3834 3
1 -2.93099e-14
2 8.12683e-14
3 7.10543e-14
3836 3
1 -9.76996e-15
2 7.50511e-14
3 5.59552e-14
3838 3
1 -2.30926e-14
2 8.79297e-14
3 5.15143e-14
3840 3
1 -2.22045e-14
2 8.34888e-14
3 6.75016e-14
3842 3
1 -2.79776e-14
2 6.83897e-14
3 5.06262e-14
3844 3
1 -2.84217e-14
2 6.30607e-14
3 7.63833e-14
3846 3
1 -2.17604e-14
2 8.52651e-14
3 6.57252e-14
3848 3
1 -2.66454e-14
2 6.83897e-14
3 7.10543e-14
3850 3
1 -2.53131e-14
2 4.79616e-14
3 5.24025e-14
3852 3
1 -4.08562e-14
2 5.50671e-14
3 6.03961e-14
3854 3
1 -1.28786e-14
2 6.30607e-14
3 6.83897e-14
3856 3
1 -4.08562e-14
2 5.68434e-14
3 7.4607e-14
3858 3
1 -4.9738e-14
2 7.37188e-14
3 6.03961e-14
3860 3
1 -5.32907e-15
2 6.66134e-14
3 4.26326e-14
3862 3
1 -2.39808e-14
2 4.61853e-14
3 4.9738e-14
3864 3
1 -2.9754e-14
2 7.54952e-14
3 6.21725e-14
3866 3
1 -2.13163e-14
2 5.41789e-14
3 5.41789e-14
3868 3
1 -2.79776e-14
2 5.77316e-14
3 5.15143e-14
3870 3
1 -3.73035e-14
2 1.0747e-13
3 6.21725e-14
3872 3
1 -7.54952e-15
2 5.86198e-14
3 5.86198e-14
3874 3
1 3.10862e-14
2 5.15143e-14
3 3.73035e-14
3876 3
1 -3.41949e-14
2 6.4837e-14
3 6.03961e-14
3878 3
1 3.9968e-15
2 7.10543e-14
3 3.55271e-14
3880 3
1 -1.64313e-14
2 5.77316e-14
3 3.01981e-14
3882 3
1 -1.19904e-14
2 8.61533e-14
3 5.77316e-14
3884 3
1 -2.13163e-14
2 7.10543e-14
3 6.39488e-14
3886 3
1 0
2 8.52651e-14
3 6.4837e-14
3888 3
1 6.21725e-15
2 7.37188e-14
3 6.21725e-14
3890 3
1 -1.33227e-14
2 6.57252e-14
3 5.15143e-14
3892 3
1 1.90958e-14
2 7.01661e-14
3 4.88498e-14
3894 3
1 -1.11022e-14
2 7.4607e-14
3 2.93099e-14
3896 3
1 -7.54952e-15
2 7.28306e-14
3 5.15143e-14
3898 3
1 -2.22045e-16
2 7.37188e-14
3 6.39488e-14
3900 3
1 1.5099e-14
2 8.52651e-14
3 5.50671e-14
3902 3
1 -9.32587e-15
2 7.99361e-14
3 6.83897e-14
3904 3
1 -7.10543e-15
2 6.83897e-14
3 6.83897e-14
3906 3
1 8.88178e-16
2 7.99361e-14
3 5.77316e-14
3908 3
1 1.46549e-14
2 6.92779e-14
3 4.79616e-14
3910 3
1 -1.73195e-14
2 6.4837e-14
3 5.59552e-14
3912 3
1 -2.88658e-15
2 7.99361e-14
3 5.86198e-14
3914 3
1 -3.9968e-15
2 7.37188e-14
3 3.9968e-14
3916 3
1 -1.64313e-14
2 9.41469e-14
3 7.19425e-14
3918 3
1 -1.15463e-14
2 7.54952e-14
3 4.44089e-14
3920 3
1 -1.55431e-15
2 8.34888e-14
3 6.92779e-14
3922 3
1 -1.9984e-14
2 9.85878e-14
3 5.77316e-14
3924 3
1 -2.13163e-14
2 9.23706e-14
3 6.66134e-14
3926 3
1 3.10862e-15
2 9.50351e-14
3 5.24025e-14
3928 3
1 3.10862e-15
2 7.54952e-14
3 7.99361e-14
3930 3
1 1.68754e-14
2 6.21725e-14
3 5.68434e-14
3932 3
1 8.88178e-16
2 6.30607e-14
3 5.9508e-14
3934 3
1 1.77636e-14
2 8.39329e-14
3 6.75016e-14
3936 3
1 2.57572e-14
2 7.63833e-14
3 5.86198e-14
3938 3
1 8.88178e-15
2 1.03917e-13
3 5.41789e-14
3940 3
1 1.82077e-14
2 5.4623e-14
3 4.61853e-14
3942 3
1 1.95399e-14
2 8.26006e-14
3 7.01661e-14
3944 3
1 2.30926e-14
2 6.4837e-14
3 9.05942e-14
3946 3
1 -3.73035e-14
2 8.34888e-14
3 6.21725e-14
3948 3
1 -1.37668e-14
2 6.66134e-14
3 8.08242e-14
3950 3
1 4.44089e-16
2 7.99361e-14
3 6.66134e-14
3952 3
1 2.66454e-14
2 7.01661e-14
3 6.83897e-14
3954 3
1 8.88178e-16
2 7.50511e-14
3 6.30607e-14
3956 3
1 2.22045e-15
2 7.54952e-14
3 3.10862e-14
3958 3
1 -1.5099e-14
2 1.08358e-13
3 6.75016e-14
3960 3
1 -4.88498e-15
2 1.02141e-13
3 2.84217e-14
3962 3
1 -9.76996e-15
2 1.15463e-13
3 6.03961e-14
3964 3
1 -1.19904e-14
2 8.30447e-14
3 4.79616e-14
3966 3
1 -1.46549e-14
2 9.41469e-14
3 9.05942e-14
3968 3
1 -4.44089e-16
2 7.4607e-14
3 7.81597e-14
3970 3
1 -3.10862e-15
2 1.01252e-13
3 5.24025e-14
3972 3
1 -1.46549e-14
2 9.14824e-14
3 6.66134e-14
3974 3
1 -2.22045e-14
2 9.23706e-14
3 6.12843e-14
3976 3
1 -1.33227e-15
2 8.79297e-14
3 5.41789e-14
3978 3
1 -1.02141e-14
2 7.10543e-14
3 6.66134e-14
3980 3
1 1.77636e-15
2 9.05942e-14
3 3.28626e-14
3982 3
1 -9.32587e-15
2 7.63833e-14
3 5.9508e-14
3984 3
1 5.77316e-15
2 8.88178e-14
3 3.90799e-14
3986 3
1 1.77636e-15
2 9.23706e-14
3 6.66134e-14
3988 3
1 1.46549e-14
2 9.32587e-14
3 6.4837e-14
3990 3
1 -1.46549e-14
2 8.26006e-14
3 5.50671e-14
3992 3
1 -2.79776e-14
2 6.83897e-14
3 4.44089e-14
3994 3
1 -1.64313e-14
2 9.85878e-14
3 7.37188e-14
3996 3
1 -3.10862e-15
2 1.15019e-13
3 3.9968e-14
3998 3
1 -8.43769e-15
2 1.15463e-13
3 4.70735e-14
4000 3
1 4.44089e-16
2 9.28146e-14
3 5.41789e-14
4002 3
1 -5.77316e-15
2 8.26006e-14
3 4.9738e-14
4004 3
1 -2.04281e-14
2 7.86038e-14
3 4.61853e-14
4006 3
1 3.55271e-15
2 6.12843e-14
3 6.92779e-14
4008 3
1 -2.66454e-15
2 8.12683e-14
3 4.44089e-14
4010 3
1 -1.64313e-14
2 9.05942e-14
3 4.26326e-14
4012 3
1 -5.32907e-15
2 8.34888e-14
3 3.37508e-14
4014 3
1 -3.24185e-14
2 9.05942e-14
3 4.79616e-14
4016 3
1 4.44089e-16
2 7.63833e-14
3 6.39488e-14
4018 3
1 -1.06581e-14
2 7.37188e-14
3 7.19425e-14
4020 3
1 -1.33227e-15
2 9.05942e-14
3 3.90799e-14
4022 3
1 4.44089e-16
2 8.34888e-14
3 2.30926e-14
4024 3
1 -1.5099e-14
2 5.86198e-14
3 5.24025e-14
4026 3
1 -2.93099e-14
2 6.75016e-14
3 6.21725e-14
4028 3
1 -9.32587e-15
2 9.05942e-14
3 6.92779e-14
4030 3
1 2.13163e-14
2 8.9706e-14
3 6.66134e-14
4032 3
1 -3.9968e-15
2 6.83897e-14
3 5.50671e-14
4034 3
1 8.43769e-15
2 8.34888e-14
3 1.68754e-14
4036 3
1 -6.21725e-15
2 8.26006e-14
3 3.90799e-14
4038 3
1 7.99361e-15
2 9.14824e-14
3 6.66134e-14
4040 3
1 -6.66134e-15
2 6.75016e-14
3 5.41789e-14
4042 3
1 1.24345e-14
2 6.83897e-14
3 4.26326e-14
4044 3
1 4.44089e-16
2 9.9476e-14
3 4.52971e-14
4046 3
1 -7.99361e-15
2 8.43769e-14
3 6.03961e-14
4048 3
1 -2.13163e-14
2 8.61533e-14
3 4.70735e-14
4050 3
1 -1.5099e-14
2 4.88498e-14
3 4.44089e-14
4052 3
1 -1.02141e-14
2 7.54952e-14
3 4.79616e-14
4054 3
1 6.21725e-15
2 6.30607e-14
3 4.88498e-14
4056 3
1 3.55271e-15
2 9.14824e-14
3 9.50351e-14
4058 3
1 1.68754e-14
2 1.12799e-13
3 6.92779e-14
4060 3
1 8.88178e-16
2 9.50351e-14
3 7.19425e-14
4062 3
1 -1.77636e-14
2 8.70415e-14
3 6.21725e-14
4064 3
1 -1.68754e-14
2 8.70415e-14
3 8.88178e-14
4066 3
1 -1.77636e-14
2 8.26006e-14
3 1.03029e-13
4068 3
1 -1.90958e-14
2 9.50351e-14
3 8.70415e-14
4070 3
1 -1.06581e-14
2 8.08242e-14
3 5.59552e-14
4072 3
1 -1.77636e-15
2 8.17124e-14
3 9.68114e-14
4074 3
1 1.86517e-14
2 1.1191e-13
3 8.79297e-14
4076 3
1 -2.04281e-14
2 1.23457e-13
3 8.9706e-14
4078 3
1 -1.5099e-14
2 9.59233e-14
3 7.81597e-14
4080 3
1 9.32587e-15
2 9.23706e-14
3 7.4607e-14
4082 3
1 -2.75335e-14
2 9.41469e-14
3 7.28306e-14
4084 3
1 -7.10543e-15
2 1.03029e-13
3 8.26006e-14
4086 3
1 -7.54952e-15
2 9.05942e-14
3 9.59233e-14
4088 3
1 -2.66454e-15
2 1.01252e-13
3 5.77316e-14
4090 3
1 -3.55271e-15
2 1.08358e-13
3 6.92779e-14
4092 3
1 1.15463e-14
2 1.06581e-13
3 7.99361e-14
4094 3
1 -3.73035e-14
2 8.9706e-14
3 8.52651e-14
4096 3
1 -2.13163e-14
2 1.4122e-13
3 8.79297e-14
4098 3
1 -1.86517e-14
2 1.0747e-13
3 1.03917e-13
4100 3
1 2.39808e-14
2 1.18128e-13
3 6.12843e-14
4102 3
1 -1.24345e-14
2 1.10134e-13
3 9.41469e-14
4104 3
1 7.10543e-15
2 1.02141e-13
3 6.57252e-14
4106 3
1 -2.66454e-15
2 1.1191e-13
3 7.4607e-14
4108 3
1 -2.39808e-14
2 1.0747e-13
3 9.05942e-14
4110 3
1 -1.5099e-14
2 1.02141e-13
3 8.17124e-14
4112 3
1 -8.88178e-15
2 9.14824e-14
3 9.14824e-14
4114 3
1 7.10543e-15
2 7.99361e-14
3 9.76996e-14
4116 3
1 8.88178e-16
2 8.08242e-14
3 1.03029e-13
4118 3
1 0
2 9.23706e-14
3 1.09246e-13
4120 3
1 1.95399e-14
2 9.05942e-14
3 8.70415e-14
4122 3
1 8.88178e-16
2 9.05942e-14
3 9.85878e-14
4124 3
1 -4.17444e-14
2 9.9476e-14
3 9.9476e-14
4126 3
1 -3.9968e-14
2 9.59233e-14
3 8.26006e-14
4128 3
1 -9.76996e-15
2 8.17124e-14
3 8.61533e-14
4130 3
1 -9.76996e-15
2 8.26006e-14
3 8.9706e-14
4132 3
1 -1.24345e-14
2 9.14824e-14
3 1.14575e-13
4134 3
1 2.39808e-14
2 9.9476e-14
3 1.15463e-13
4136 3
1 -2.22045e-14
2 9.50351e-14
3 7.99361e-14
4138 3
1 -2.66454e-15
2 7.10543e-14
3 6.83897e-14
4140 3
1 -8.88178e-16
2 5.50671e-14
3 9.59233e-14
4142 3
1 1.06581e-14
2 9.05942e-14
3 8.43769e-14
4144 3
1 -3.55271e-15
2 8.17124e-14
3 1.06581e-13
4146 3
1 -1.06581e-14
2 8.08242e-14
3 9.59233e-14
4148 3
1 1.86517e-14
2 5.59552e-14
3 9.76996e-14
4150 3
1 -1.19904e-14
2 6.4837e-14
3 9.59233e-14
4152 3
1 -4.88498e-15
2 6.57252e-14
3 1.05693e-13
4154 3
1 8.88178e-16
2 7.81597e-14
3 1.11022e-13
4156 3
1 -1.37668e-14
2 9.9476e-14
3 1.05693e-13
4158 3
1 1.86517e-14
2 7.19425e-14
3 7.19425e-14
4160 3
1 -4.08562e-14
2 8.70415e-14
3 1.06581e-13
4162 3
1 -3.9968e-15
2 6.83897e-14
3 9.9476e-14
4164 3
1 -1.46549e-14
2 8.43769e-14
3 9.32587e-14
4166 3
1 -5.77316e-15
2 1.04805e-13
3 1.04805e-13
4168 3
1 -1.11022e-14
2 9.59233e-14
3 6.39488e-14
4170 3
1 -2.66454e-15
2 9.41469e-14
3 1.0747e-13
4172 3
1 -3.55271e-14
2 8.88178e-14
3 9.9476e-14
4174 3
1 -1.73195e-14
2 7.28306e-14
3 9.76996e-14
4176 3
1 0
2 1.03029e-13
3 9.9476e-14
4178 3
1 -9.32587e-15
2 1.04805e-13
3 1.02141e-13
4180 3
1 -2.35367e-14
2 8.9706e-14
3 9.41469e-14
4182 3
1 -2.30926e-14
2 7.01661e-14
3 1.03917e-13
4184 3
1 -2.75335e-14
2 7.10543e-14
3 1.05693e-13
4186 3
1 -2.75335e-14
2 7.63833e-14
3 1.01252e-13
4188 3
1 -1.28786e-14
2 8.88178e-14
3 9.76996e-14
4190 3
1 -4.44089e-15
2 7.54952e-14
3 9.50351e-14
4192 3
1 -2.70894e-14
2 8.34888e-14
3 1.0747e-13
4194 3
1 4.44089e-16
2 9.23706e-14
3 8.9706e-14
4196 3
1 -2.84217e-14
2 7.72715e-14
3 9.68114e-14
4198 3
1 -1.46549e-14
2 8.88178e-14
3 1.20792e-13
4200 3
1 -1.37668e-14
2 9.68114e-14
3 9.41469e-14
4202 3
1 -9.76996e-15
2 9.85878e-14
3 9.50351e-14
4204 3
1 7.10543e-15
2 1.03029e-13
3 9.23706e-14
4206 3
1 -8.88178e-15
2 7.28306e-14
3 1.03917e-13
4208 3
1 -4.88498e-15
2 9.41469e-14
3 1.04805e-13
4210 3
1 -1.42109e-14
2 9.85878e-14
3 1.02141e-13
4212 3
1 6.21725e-15
2 8.88178e-14
3 1.18128e-13
4214 3
1 -4.88498e-15
2 8.9706e-14
3 9.85878e-14
4216 3
1 9.32587e-15
2 1.02141e-13
3 1.1724e-13
4218 3
1 -2.66454e-15
2 7.99361e-14
3 9.23706e-14
4220 3
1 -2.13163e-14
2 9.05942e-14
3 1.26121e-13
4222 3
1 3.33067e-14
2 1.19016e-13
3 1.04805e-13
4224 3
1 1.37668e-14
2 1.02141e-13
3 9.59233e-14
4226 3
1 9.76996e-15
2 8.88178e-14
3 1.1724e-13
4228 3
1 3.9968e-15
2 9.85878e-14
3 9.9476e-14
4230 3
1 3.9968e-15
2 1.20792e-13
3 1.08358e-13
4232 3
1 -2.22045e-15
2 8.34888e-14
3 1.13687e-13
4234 3
1 -2.53131e-14
2 1.0747e-13
3 1.08358e-13
4236 3
1 -8.88178e-15
2 1.0747e-13
3 9.14824e-14
4238 3
1 -8.88178e-16
2 1.13687e-13
3 8.88178e-14
4240 3
1 -1.11022e-14
2 9.76996e-14
3 1.08358e-13
4242 3
1 -2.35367e-14
2 1.23457e-13
3 7.81597e-14
4244 3
1 2.22045e-15
2 1.01252e-13
3 8.70415e-14
4246 3
1 4.44089e-16
2 7.10543e-14
3 9.05942e-14
4248 3
1 -2.30926e-14
2 8.17124e-14
3 8.34888e-14
4250 3
1 4.44089e-15
2 7.99361e-14
3 9.23706e-14
4252 3
1 1.46549e-14
2 8.79297e-14
3 7.4607e-14
4254 3
1 -2.22045e-15
2 7.01661e-14
3 7.90479e-14
4256 3
1 4.44089e-16
2 8.17124e-14
3 8.34888e-14
4258 3
1 -1.77636e-15
2 8.9706e-14
3 8.43769e-14
4260 3
1 -3.10862e-15
2 1.04805e-13
3 9.32587e-14
4262 3
1 1.06581e-14
2 7.10543e-14
3 8.43769e-14
4264 3
1 -4.44089e-15
2 9.9476e-14
3 8.17124e-14
4266 3
1 -1.86517e-14
2 6.75016e-14
3 8.88178e-14
4268 3
1 -4.44089e-16
2 9.32587e-14
3 9.32587e-14
4270 3
1 -7.99361e-15
2 9.23706e-14
3 7.72715e-14
4272 3
1 2.17604e-14
2 9.23706e-14
3 9.41469e-14
4274 3
1 -1.06581e-14
2 9.14824e-14
3 1.04805e-13
4276 3
1 -2.17604e-14
2 7.63833e-14
3 1.03029e-13
4278 3
1 -3.01981e-14
2 6.75016e-14
3 8.34888e-14
4280 3
1 -1.55431e-14
2 8.70415e-14
3 1.0747e-13
4282 3
1 -1.15463e-14
2 1.1724e-13
3 1.10134e-13
4284 3
1 -4.30767e-14
2 7.4607e-14
3 1.1724e-13
4286 3
1 -2.75335e-14
2 9.68114e-14
3 1.03917e-13
4288 3
1 -1.82077e-14
2 9.23706e-14
3 9.59233e-14
4290 3
1 -1.33227e-14
2 7.28306e-14
3 9.14824e-14
4292 3
1 -1.9984e-14
2 6.92779e-14
3 1.10134e-13
4294 3
1 -1.5099e-14
2 7.10543e-14
3 9.59233e-14
4296 3
1 -2.30926e-14
2 8.88178e-14
3 1.01252e-13
4298 3
1 -1.33227e-15
2 4.79616e-14
3 7.99361e-14
4300 3
1 -3.81917e-14
2 1.00364e-13
3 1.03029e-13
4302 3
1 7.99361e-15
2 8.70415e-14
3 1.11022e-13
4304 3
1 -5.77316e-15
2 8.43769e-14
3 1.22569e-13
4306 3
1 -2.13163e-14
2 8.88178e-14
3 8.79297e-14
4308 3
1 -2.30926e-14
2 8.52651e-14
3 9.05942e-14
4310 3
1 -2.57572e-14
2 8.17124e-14
3 1.03029e-13
4312 3
1 -3.77476e-14
2 9.23706e-14
3 9.05942e-14
4314 3
1 -3.33067e-14
2 9.23706e-14
3 9.32587e-14
4316 3
1 1.77636e-15
2 9.50351e-14
3 9.50351e-14
4318 3
1 -1.90958e-14
2 8.70415e-14
3 8.88178e-14
4320 3
1 -1.5099e-14
2 1.04805e-13
3 1.00364e-13
4322 3
1 -5.32907e-15
2 8.88178e-14
3 9.32587e-14
4324 3
1 -1.68754e-14
2 9.05942e-14
3 8.88178e-14
4326 3
1 -3.10862e-14
2 6.66134e-14
3 8.9706e-14
4328 3
1 -2.57572e-14
2 7.99361e-14
3 9.9476e-14
4330 3
1 4.44089e-16
2 5.15143e-14
3 1.06581e-13
4332 3
1 -1.73195e-14
2 7.01661e-14
3 8.43769e-14
4334 3
1 -1.33227e-14
2 4.52971e-14
3 9.59233e-14
4336 3
1 -4.61853e-14
2 7.4607e-14
3 7.72715e-14
4338 3
1 -2.66454e-14
2 8.70415e-14
3 1.03917e-13
4340 3
1 -4.61853e-14
2 7.01661e-14
3 1.03029e-13
4342 3
1 -4.52971e-14
2 5.77316e-14
3 1.13687e-13
4344 3
1 -4.26326e-14
2 7.63833e-14
3 8.79297e-14
4346 3
1 -5.06262e-14
2 7.99361e-14
3 1.08358e-13
4348 3
1 -1.46549e-14
2 7.63833e-14
3 9.76996e-14
4350 3
1 -2.79776e-14
2 8.70415e-14
3 1.19904e-13
4352 3
1 -3.24185e-14
2 6.21725e-14
3 8.34888e-14
4354 3
1 -5.32907e-14
2 7.19425e-14
3 9.41469e-14
4356 3
1 -1.42109e-14
2 6.03961e-14
3 1.08358e-13
4358 3
1 -4.70735e-14
2 5.41789e-14
3 7.99361e-14
4360 3
1 -2.30926e-14
2 5.68434e-14
3 7.63833e-14
4362 3
1 -4.08562e-14
2 6.39488e-14
3 7.99361e-14
4364 3
1 -1.73195e-14
2 7.28306e-14
3 9.05942e-14
4366 3
1 -3.41949e-14
2 8.88178e-14
3 8.26006e-14
4368 3
1 -5.15143e-14
2 7.37188e-14
3 9.59233e-14
4370 3
1 -4.44089e-14
2 9.9476e-14
3 1.10134e-13
4372 3
1 -4.30767e-14
2 9.05942e-14
3 1.09246e-13
4374 3
1 -3.33067e-14
2 9.50351e-14
3 8.61533e-14
4376 3
1 -4.88498e-14
2 8.79297e-14
3 7.99361e-14
4378 3
1 -3.41949e-14
2 7.28306e-14
3 8.88178e-14
4380 3
1 -3.55271e-15
2 1.01252e-13
3 1.03029e-13
4382 3
1 -2.75335e-14
2 1.00364e-13
3 9.68114e-14
4384 3
1 6.21725e-15
2 8.70415e-14
3 9.59233e-14
4386 3
1 -7.99361e-15
2 8.70415e-14
3 7.81597e-14
4388 3
1 -2.84217e-14
2 7.10543e-14
3 9.59233e-14
4390 3
1 -5.32907e-15
2 7.99361e-14
3 9.9476e-14
4392 3
1 -3.55271e-14
2 9.9476e-14
3 9.23706e-14
4394 3
1 -4.17444e-14
2 6.83897e-14
3 9.59233e-14
4396 3
1 -2.84217e-14
2 1.03917e-13
3 1.03029e-13
4398 3
1 -5.59552e-14
2 8.34888e-14
3 1.08358e-13
4400 3
1 -3.28626e-14
2 6.21725e-14
3 7.63833e-14
4402 3
1 -2.57572e-14
2 7.81597e-14
3 9.41469e-14
4404 3
1 -2.30926e-14
2 7.81597e-14
3 9.05942e-14
4406 3
1 -5.68434e-14
2 1.01252e-13
3 8.34888e-14
4408 3
1 -3.28626e-14
2 8.34888e-14
3 9.76996e-14
4410 3
1 -2.04281e-14
2 9.76996e-14
3 5.9508e-14
4412 3
1 -4.44089e-14
2 8.52651e-14
3 7.19425e-14
4414 3
1 -2.57572e-14
2 9.05942e-14
3 1.02141e-13
4416 3
1 -5.32907e-14
2 8.88178e-14
3 8.26006e-14
4418 3
1 -1.06581e-14
2 8.70415e-14
3 7.99361e-14
4420 3
1 -1.5099e-14
2 7.28306e-14
3 6.39488e-14
4422 3
1 -5.32907e-14
2 8.52651e-14
3 6.39488e-14
4424 3
1 -1.24345e-14
2 9.59233e-14
3 7.63833e-14
4426 3
1 -2.84217e-14
2 8.79297e-14
3 6.21725e-14
4428 3
1 -1.95399e-14
2 7.28306e-14
3 8.79297e-14
4430 3
1 -1.59872e-14
2 7.63833e-14
3 8.88178e-14
4432 3
1 -1.24345e-14
2 9.9476e-14
3 8.9706e-14
4434 3
1 -3.01981e-14
2 9.41469e-14
3 6.92779e-14
4436 3
1 -5.68434e-14
2 9.05942e-14
3 7.72715e-14
4438 3
1 -3.19744e-14
2 1.01252e-13
3 9.41469e-14
4440 3
1 -2.13163e-14
2 1.03029e-13
3 9.41469e-14
4442 3
1 -2.84217e-14
2 1.10134e-13
3 8.17124e-14
4444 3
1 -4.08562e-14
2 9.41469e-14
3 6.66134e-14
4446 3
1 -1.5099e-14
2 1.16351e-13
3 7.72715e-14
4448 3
1 5.32907e-15
2 8.88178e-14
3 1.01252e-13
4450 3
1 1.5099e-14
2 8.52651e-14
3 8.88178e-14
4452 3
1 -1.77636e-15
2 1.03917e-13
3 8.70415e-14
4454 3
1 -8.88178e-16
2 9.23706e-14
3 8.52651e-14
4456 3
1 -2.04281e-14
2 1.05693e-13
3 1.03917e-13
4458 3
1 -2.66454e-15
2 1.1191e-13
3 8.34888e-14
4460 3
1 -2.13163e-14
2 9.23706e-14
3 1.02141e-13
4462 3
1 -1.77636e-14
2 1.09246e-13
3 1.1191e-13
4464 3
1 -2.66454e-14
2 8.26006e-14
3 8.52651e-14
4466 3
1 -1.77636e-14
2 1.01252e-13
3 1.03029e-13
4468 3
1 -3.19744e-14
2 1.15463e-13
3 5.9508e-14
4470 3
1 -3.19744e-14
2 6.75016e-14
3 8.43769e-14
4472 3
1 -4.44089e-14
2 1.00364e-13
3 7.63833e-14
4474 3
1 -1.95399e-14
2 8.9706e-14
3 6.75016e-14
4476 3
1 -3.4639e-14
2 8.52651e-14
3 9.59233e-14
4478 3
1 -9.76996e-15
2 7.81597e-14
3 6.75016e-14
4480 3
1 -4.35207e-14
2 8.79297e-14
3 8.61533e-14
4482 3
1 -7.10543e-15
2 7.4607e-14
3 8.70415e-14
4484 3
1 -3.73035e-14
2 1.03029e-13
3 1.00364e-13
4486 3
1 -4.52971e-14
2 8.88178e-14
3 9.68114e-14
4488 3
1 -4.17444e-14
2 9.76996e-14
3 9.05942e-14
4490 3
1 -1.24345e-14
2 1.03917e-13
3 8.43769e-14
4492 3
1 -5.32907e-14
2 8.17124e-14
3 1.00364e-13
4494 3
1 -4.44089e-14
2 9.76996e-14
3 1.13687e-13
4496 3
1 -2.30926e-14
2 7.81597e-14
3 8.9706e-14
4498 3
1 -1.86517e-14
2 9.05942e-14
3 9.59233e-14
4500 3
1 -4.08562e-14
2 9.9476e-14
3 8.17124e-14
4502 3
1 -2.93099e-14
2 9.9476e-14
3 1.03029e-13
4504 3
1 -3.37508e-14
2 8.34888e-14
3 8.52651e-14
4506 3
1 -1.33227e-14
2 9.59233e-14
3 1.08358e-13
4508 3
1 -5.77316e-14
2 9.9476e-14
3 8.43769e-14
4510 3
1 -3.10862e-14
2 1.10134e-13
3 9.76996e-14
4512 3
1 -5.41789e-14
2 8.34888e-14
3 1.04805e-13
4514 3
1 -4.79616e-14
2 8.9706e-14
3 1.03029e-13
4516 3
1 -3.90799e-14
2 1.1191e-13
3 9.41469e-14
4518 3
1 -5.68434e-14
2 1.02141e-13
3 9.59233e-14
4520 3
1 -5.32907e-14
2 1.11022e-13
3 9.9476e-14
4522 3
1 -5.50671e-14
2 1.01252e-13
3 1.10134e-13
4524 3
1 -6.21725e-14
2 9.32587e-14
3 1.0747e-13
4526 3
1 -4.26326e-14
2 9.76996e-14
3 1.15463e-13
4528 3
1 -4.88498e-14
2 9.23706e-14
3 1.15463e-13
4530 3
1 -5.41789e-14
2 8.70415e-14
3 1.1191e-13
4532 3
1 -4.44089e-14
2 1.1191e-13
3 9.9476e-14
4534 3
1 -2.13163e-14
2 1.04805e-13
3 9.76996e-14
4536 3
1 -3.73035e-14
2 1.0747e-13
3 1.11022e-13
4538 3
1 -2.39808e-14
2 1.02141e-13
3 1.1191e-13
4540 3
1 -5.68434e-14
2 8.70415e-14
3 1.24345e-13
4542 3
1 -5.32907e-14
2 1.16351e-13
3 1.03917e-13
4544 3
1 -4.17444e-14
2 8.9706e-14
3 1.36779e-13
4546 3
1 -3.37508e-14
2 9.68114e-14
3 1.0747e-13
4548 3
1 -4.26326e-14
2 8.88178e-14
3 1.1191e-13
4550 3
1 -3.73035e-14
2 1.04805e-13
3 1.33227e-13
4552 3
1 -3.10862e-14
2 1.02141e-13
3 1.06581e-13
4554 3
1 -3.64153e-14
2 1.03029e-13
3 1.06581e-13
4556 3
1 -3.73035e-14
2 8.17124e-14
3 8.88178e-14
4558 3
1 -2.4869e-14
2 1.03029e-13
3 1.35003e-13
4560 3
1 -5.32907e-14
2 1.12799e-13
3 1.03029e-13
4562 3
1 -1.86517e-14
2 8.43769e-14
3 9.76996e-14
4564 3
1 -4.79616e-14
2 1.11022e-13
3 1.20792e-13
4566 3
1 -3.81917e-14
2 9.32587e-14
3 8.70415e-14
4568 3
1 -5.15143e-14
2 7.90479e-14
3 9.59233e-14
4570 3
1 -4.26326e-14
2 8.08242e-14
3 9.68114e-14
4572 3
1 -3.90799e-14
2 6.75016e-14
3 1.06581e-13
4574 3
1 -3.4639e-14
2 1.14575e-13
3 1.04805e-13
4576 3
1 -3.4639e-14
2 9.85878e-14
3 9.05942e-14
4578 3
1 -3.01981e-14
2 8.88178e-14
3 1.03917e-13
4580 3
1 -3.19744e-14
2 8.52651e-14
3 9.76996e-14
4582 3
1 -4.08562e-14
2 7.01661e-14
3 8.61533e-14
4584 3
1 -4.26326e-14
2 9.59233e-14
3 9.85878e-14
4586 3
1 -3.01981e-14
2 1.13687e-13
3 1.2168e-13
4588 3
1 -3.73035e-14
2 9.50351e-14
3 1.09246e-13
4590 3
1 -3.55271e-14
2 8.08242e-14
3 9.9476e-14
4592 3
1 -5.06262e-14
2 1.10134e-13
3 8.88178e-14
4594 3
1 -5.59552e-14
2 8.17124e-14
3 9.59233e-14
4596 3
1 -3.37508e-14
2 7.72715e-14
3 8.88178e-14
4598 3
1 -1.68754e-14
2 1.01252e-13
3 9.23706e-14
4600 3
1 -4.17444e-14
2 1.1191e-13
3 8.52651e-14
4602 3
1 -1.68754e-14
2 1.03029e-13
3 9.23706e-14
4604 3
1 -2.39808e-14
2 9.50351e-14
3 8.88178e-14
4606 3
1 -5.9508e-14
2 9.85878e-14
3 9.05942e-14
4608 3
1 -7.19425e-14
2 8.52651e-14
3 9.23706e-14
4610 3
1 -3.81917e-14
2 6.30607e-14
3 1.08358e-13
4612 3
1 -4.26326e-14
2 9.05942e-14
3 9.23706e-14
4614 3
1 -3.90799e-14
2 8.17124e-14
3 1.04805e-13
4616 3
1 -3.10862e-14
2 1.10134e-13
3 1.03029e-13
4618 3
1 -2.84217e-14
2 9.23706e-14
3 9.05942e-14
4620 3
1 -4.61853e-14
2 7.19425e-14
3 9.23706e-14
4622 3
1 -4.88498e-14
2 9.23706e-14
3 1.03029e-13
4624 3
1 -2.13163e-14
2 8.9706e-14
3 9.23706e-14
4626 3
1 -2.30926e-14
2 8.61533e-14
3 1.15463e-13
4628 3
1 -2.39808e-14
2 1.10134e-13
3 1.04805e-13
4630 3
1 -6.66134e-14
2 9.50351e-14
3 1.04805e-13
4632 3
1 -4.52971e-14
2 1.1191e-13
3 9.9476e-14
4634 3
1 -5.9508e-14
2 8.34888e-14
3 1.19016e-13
4636 3
1 -4.88498e-14
2 9.23706e-14
3 9.9476e-14
4638 3
1 -3.73035e-14
2 8.88178e-14
3 1.03029e-13
4640 3
1 -2.30926e-14
2 8.9706e-14
3 1.01252e-13
4642 3
1 -4.9738e-14
2 1.08358e-13
3 1.27898e-13
4644 3
1 -1.42109e-14
2 7.99361e-14
3 1.06581e-13
4646 3
1 -6.39488e-14
2 1.03029e-13
3 1.04805e-13
4648 3
1 -3.37508e-14
2 6.75016e-14
3 9.9476e-14
4650 3
1 -2.30926e-14
2 9.41469e-14
3 1.1191e-13
4652 3
1 -2.75335e-14
2 1.06581e-13
3 1.03029e-13
4654 3
1 -2.84217e-14
2 8.52651e-14
3 1.1191e-13
4656 3
1 -3.37508e-14
2 8.79297e-14
3 9.9476e-14
4658 3
1 -7.99361e-15
2 5.41789e-14
3 1.03029e-13
4660 3
1 -1.68754e-14
2 7.01661e-14
3 1.36779e-13
4662 3
1 -3.19744e-14
2 8.70415e-14
3 1.24345e-13
4664 3
1 -4.08562e-14
2 7.81597e-14
3 1.40332e-13
4666 3
1 -3.37508e-14
2 8.08242e-14
3 1.1724e-13
4668 3
1 -5.50671e-14
2 1.01252e-13
3 9.76996e-14
4670 3
1 -4.52971e-14
2 1.1191e-13
3 1.22569e-13
4672 3
1 -4.52971e-14
2 9.59233e-14
3 1.13687e-13
4674 3
1 -2.84217e-14
2 9.9476e-14
3 1.27898e-13
4676 3
1 1.77636e-15
2 9.05942e-14
3 1.33227e-13
4678 3
1 -5.24025e-14
2 8.43769e-14
3 1.08358e-13
4680 3
1 -3.64153e-14
2 1.1724e-13
3 1.19016e-13
4682 3
1 -2.39808e-14
2 1.08358e-13
3 1.1191e-13
4684 3
1 -3.01981e-14
2 7.63833e-14
3 1.24345e-13
4686 3
1 -2.30926e-14
2 9.32587e-14
3 1.4122e-13
4688 3
1 -2.75335e-14
2 7.54952e-14
3 1.19904e-13
4690 3
1 -3.68594e-14
2 8.79297e-14
3 1.1724e-13
4692 3
1 -2.57572e-14
2 5.86198e-14
3 1.10134e-13
4694 3
1 -1.82077e-14
2 8.9706e-14
3 1.26121e-13
4696 3
1 -2.35367e-14
2 8.52651e-14
3 1.37668e-13
4698 3
1 -7.10543e-15
2 1.08358e-13
3 1.04805e-13
4700 3
1 -1.95399e-14
2 9.59233e-14
3 1.37668e-13
4702 3
1 -7.10543e-15
2 9.50351e-14
3 1.34115e-13
4704 3
1 -4.44089e-14
2 7.4607e-14
3 1.45661e-13
4706 3
1 -3.37508e-14
2 9.59233e-14
3 1.47438e-13
4708 3
1 -3.10862e-14
2 8.9706e-14
3 1.30562e-13
4710 3
1 -1.33227e-14
2 1.0747e-13
3 1.34115e-13
4712 3
1 -1.59872e-14
2 1.02141e-13
3 1.33227e-13
4714 3
1 8.88178e-16
2 6.21725e-14
3 1.42109e-13
4716 3
1 -1.77636e-15
2 8.70415e-14
3 1.30562e-13
4718 3
1 -1.42109e-14
2 6.66134e-14
3 1.34115e-13
4720 3
1 -1.42109e-14
2 1.03029e-13
3 1.38556e-13
4722 3
1 -1.24345e-14
2 8.52651e-14
3 1.22569e-13
4724 3
1 -7.99361e-15
2 8.26006e-14
3 1.47438e-13
4726 3
1 -8.88178e-16
2 8.88178e-14
3 1.39444e-13
4728 3
1 -2.4869e-14
2 9.76996e-14
3 1.35003e-13
4730 3
1 8.88178e-16
2 9.68114e-14
3 1.43885e-13
4732 3
1 7.99361e-15
2 7.10543e-14
3 1.22569e-13
4734 3
1 -3.37508e-14
2 8.9706e-14
3 1.26121e-13
4736 3
1 -9.76996e-15
2 1.10134e-13
3 1.2168e-13
4738 3
1 -2.39808e-14
2 7.72715e-14
3 1.15463e-13
4740 3
1 -3.01981e-14
2 7.4607e-14
3 1.34115e-13
4742 3
1 -4.26326e-14
2 8.08242e-14
3 1.4122e-13
4744 3
1 -1.24345e-14
2 8.9706e-14
3 1.19904e-13
4746 3
1 -4.44089e-15
2 8.17124e-14
3 1.28786e-13
4748 3
1 -8.88178e-15
2 6.4837e-14
3 1.22569e-13
4750 3
1 -1.59872e-14
2 9.76996e-14
3 1.28786e-13
4752 3
1 -1.59872e-14
2 8.9706e-14
3 1.28786e-13
4754 3
1 -1.59872e-14
2 1.00364e-13
3 1.38556e-13
4756 3
1 -8.88178e-15
2 1.09246e-13
3 1.29674e-13
4758 3
1 -3.73035e-14
2 9.50351e-14
3 1.46549e-13
4760 3
1 -1.5099e-14
2 9.50351e-14
3 1.37668e-13
4762 3
1 -8.88178e-16
2 1.15463e-13
3 1.3145e-13
4764 3
1 1.59872e-14
2 1.20792e-13
3 1.34115e-13
4766 3
1 8.88178e-15
2 8.79297e-14
3 1.33227e-13
4768 3
1 -1.86517e-14
2 8.17124e-14
3 1.1191e-13
4770 3
1 7.10543e-15
2 1.05693e-13
3 1.24345e-13
4772 3
1 5.32907e-15
2 8.17124e-14
3 1.7053e-13
4774 3
1 -1.77636e-15
2 9.23706e-14
3 1.14575e-13
4776 3
1 8.88178e-15
2 9.32587e-14
3 1.49214e-13
4778 3
1 6.21725e-15
2 1.03029e-13
3 1.44773e-13
4780 3
1 1.5099e-14
2 8.79297e-14
3 1.42109e-13
4782 3
1 -3.10862e-14
2 1.33227e-13
3 1.43885e-13
4784 3
1 7.99361e-15
2 8.61533e-14
3 1.42997e-13
4786 3
1 -2.22045e-14
2 1.11022e-13
3 1.35003e-13
4788 3
1 -3.28626e-14
2 1.09246e-13
3 1.4122e-13
4790 3
1 -1.68754e-14
2 1.03029e-13
3 1.33227e-13
4792 3
1 -1.86517e-14
2 1.1191e-13
3 1.40332e-13
4794 3
1 -2.93099e-14
2 1.06581e-13
3 1.63425e-13
4796 3
1 -5.32907e-15
2 1.12799e-13
3 1.52767e-13
4798 3
1 -4.52971e-14
2 8.88178e-14
3 1.33227e-13
4800 3
1 -4.17444e-14
2 1.26121e-13
3 1.28786e-13
4802 3
1 -1.95399e-14
2 9.9476e-14
3 1.33227e-13
4804 3
1 -3.19744e-14
2 9.14824e-14
3 1.42109e-13
4806 3
1 -1.33227e-14
2 1.24345e-13
3 1.45661e-13
4808 3
1 -2.66454e-15
2 1.26121e-13
3 1.19016e-13
4810 3
1 -5.32907e-14
2 1.13687e-13
3 1.33227e-13
4812 3
1 -1.95399e-14
2 9.9476e-14
3 1.27898e-13
4814 3
1 -3.64153e-14
2 8.70415e-14
3 1.28786e-13
4816 3
1 -2.84217e-14
2 1.25233e-13
3 1.1191e-13
4818 3
1 -3.55271e-14
2 1.1724e-13
3 9.9476e-14
4820 3
1 -3.10862e-14
2 9.9476e-14
3 1.1724e-13
4822 3
1 -1.59872e-14
2 1.1724e-13
3 1.38556e-13
4824 3
1 -3.4639e-14
2 7.72715e-14
3 1.1724e-13
4826 3
1 -1.5099e-14
2 1.15463e-13
3 1.04805e-13
4828 3
1 -2.4869e-14
2 1.12799e-13
3 1.46549e-13
4830 3
1 -3.28626e-14
2 1.16351e-13
3 1.24345e-13
4832 3
1 -2.57572e-14
2 1.08358e-13
3 1.36779e-13
4834 3
1 -3.37508e-14
2 9.05942e-14
3 1.35003e-13
4836 3
1 -2.13163e-14
2 1.05693e-13
3 1.24345e-13
4838 3
1 -2.30926e-14
2 1.15463e-13
3 1.28786e-13
4840 3
1 -4.44089e-15
2 1.36779e-13
3 1.36779e-13
4842 3
1 -3.64153e-14
2 1.1191e-13
3 1.1724e-13
4844 3
1 -1.59872e-14
2 1.16351e-13
3 1.06581e-13
4846 3
1 -1.24345e-14
2 1.19016e-13
3 1.24345e-13
4848 3
1 -1.42109e-14
2 1.20792e-13
3 1.24345e-13
4850 3
1 -3.19744e-14
2 1.01252e-13
3 1.24345e-13
4852 3
1 -2.66454e-14
2 1.27898e-13
3 1.19016e-13
4854 3
1 -1.86517e-14
2 1.13687e-13
3 1.33227e-13
4856 3
1 -2.30926e-14
2 1.32339e-13
3 1.15463e-13
4858 3
1 -2.22045e-14
2 1.1191e-13
3 1.3145e-13
4860 3
1 -2.4869e-14
2 9.05942e-14
3 1.06581e-13
4862 3
1 -5.41789e-14
2 1.22569e-13
3 9.23706e-14
4864 3
1 -2.84217e-14
2 1.00364e-13
3 1.10134e-13
4866 3
1 -4.44089e-15
2 1.33227e-13
3 1.29674e-13
4868 3
1 -2.4869e-14
2 1.1724e-13
3 1.33227e-13
4870 3
1 -1.95399e-14
2 1.27898e-13
3 1.42109e-13
4872 3
1 -1.15463e-14
2 1.3145e-13
3 1.13687e-13
4874 3
1 -5.41789e-14
2 1.35003e-13
3 1.06581e-13
4876 3
1 -3.64153e-14
2 1.1724e-13
3 1.22569e-13
4878 3
1 -3.19744e-14
2 1.19904e-13
3 1.38556e-13
4880 3
1 -1.15463e-14
2 1.33227e-13
3 1.3145e-13
4882 3
1 -1.24345e-14
2 1.23457e-13
3 1.22569e-13
4884 3
1 -3.55271e-15
2 1.01252e-13
3 1.15463e-13
4886 3
1 -6.21725e-15
2 1.1191e-13
3 1.19016e-13
4888 3
1 -3.55271e-15
2 1.24345e-13
3 1.10134e-13
4890 3
1 -3.81917e-14
2 1.15463e-13
3 1.19016e-13
4892 3
1 -2.22045e-14
2 1.1191e-13
3 1.06581e-13
4894 3
1 -3.01981e-14
2 1.34115e-13
3 1.10134e-13
4896 3
1 -5.32907e-15
2 9.59233e-14
3 1.06581e-13
4898 3
1 -2.30926e-14
2 1.04805e-13
3 1.03029e-13
4900 3
1 -3.86358e-14
2 1.1191e-13
3 1.16351e-13
4902 3
1 -2.57572e-14
2 1.1724e-13
3 1.0747e-13
4904 3
1 -2.44249e-14
2 1.12799e-13
3 1.1191e-13
4906 3
1 -6.21725e-15
2 1.10134e-13
3 1.1191e-13
4908 3
1 -2.66454e-14
2 1.1724e-13
3 1.27898e-13
4910 3
1 -4.44089e-16
2 8.61533e-14
3 1.13687e-13
4912 3
1 -8.88178e-15
2 1.08358e-13
3 1.10134e-13
4914 3
1 -1.95399e-14
2 1.01252e-13
3 1.08358e-13
4916 3
1 -1.33227e-14
2 1.22569e-13
3 1.11022e-13
4918 3
1 2.66454e-15
2 1.19016e-13
3 1.09246e-13
4920 3
1 -7.10543e-15
2 1.04805e-13
3 1.40332e-13
4922 3
1 -4.44089e-15
2 1.06581e-13
3 1.26121e-13
4924 3
1 -6.21725e-15
2 1.20792e-13
3 1.34115e-13
4926 3
1 -1.28786e-14
2 1.24345e-13
3 1.45661e-13
4928 3
1 -2.39808e-14
2 9.23706e-14
3 1.27898e-13
4930 3
1 -2.13163e-14
2 8.17124e-14
3 1.3145e-13
4932 3
1 -1.28786e-14
2 1.26121e-13
3 1.22569e-13
4934 3
1 -1.33227e-15
2 9.9476e-14
3 1.1724e-13
4936 3
1 -1.19904e-14
2 1.06581e-13
3 1.35003e-13
4938 3
1 -2.66454e-15
2 1.06581e-13
3 1.39444e-13
4940 3
1 -3.55271e-15
2 1.33227e-13
3 1.24345e-13
4942 3
1 -1.64313e-14
2 1.03917e-13
3 1.24345e-13
4944 3
1 -3.10862e-14
2 1.12799e-13
3 1.22569e-13
4946 3
1 -2.22045e-14
2 1.35003e-13
3 1.20792e-13
4948 3
1 -7.99361e-15
2 1.13687e-13
3 1.12799e-13
4950 3
1 -1.15463e-14
2 1.06581e-13
3 1.19016e-13
4952 3
1 4.44089e-15
2 1.14575e-13
3 1.27898e-13
4954 3
1 -2.04281e-14
2 1.20792e-13
3 1.37668e-13
4956 3
1 -5.32907e-15
2 1.1724e-13
3 1.1724e-13
4958 3
1 -4.44089e-15
2 1.01252e-13
3 1.1724e-13
4960 3
1 8.88178e-15
2 1.1724e-13
3 1.10134e-13
4962 3
1 -8.88178e-15
2 8.52651e-14
3 1.30562e-13
4964 3
1 -1.5099e-14
2 1.00364e-13
3 1.22569e-13
4966 3
1 -9.76996e-15
2 1.11022e-13
3 1.24345e-13
4968 3
1 -1.24345e-14
2 1.24345e-13
3 1.08358e-13
4970 3
1 9.76996e-15
2 1.03029e-13
3 1.19016e-13
4972 3
1 1.77636e-15
2 1.20792e-13
3 1.25233e-13
4974 3
1 -2.30926e-14
2 1.1724e-13
3 1.33227e-13
4976 3
1 3.9968e-15
2 1.22569e-13
3 1.36779e-13
4978 3
1 8.88178e-15
2 1.24345e-13
3 1.48326e-13
4980 3
1 -8.88178e-15
2 1.1724e-13
3 1.52767e-13
4982 3
1 -1.19904e-14
2 1.01252e-13
3 1.42109e-13
4984 3
1 -4.88498e-15
2 1.02141e-13
3 1.42109e-13
4986 3
1 1.33227e-15
2 1.03029e-13
3 1.29674e-13
4988 3
1 -6.66134e-15
2 1.13687e-13
3 1.33227e-13
4990 3
1 -2.26485e-14
2 1.1191e-13
3 1.6076e-13
4992 3
1 -4.44089e-16
2 1.20792e-13
3 1.39444e-13
4994 3
1 2.22045e-15
2 1.0747e-13
3 1.43885e-13
4996 3
1 1.15463e-14
2 9.05942e-14
3 1.62537e-13
4998 3
1 2.53131e-14
2 9.05942e-14
3 1.35003e-13
5000 3
1 2.66454e-14
2 1.24345e-13
3 1.22569e-13
5002 3
1 1.55431e-14
2 9.85878e-14
3 1.3145e-13
5004 3
1 1.33227e-15
2 6.92779e-14
3 1.46549e-13
5006 3
1 4.88498e-15
2 1.06581e-13
3 1.43885e-13
5008 3
1 -1.33227e-15
2 8.70415e-14
3 1.38556e-13
5010 3
1 2.13163e-14
2 9.76996e-14
3 1.49214e-13
5012 3
1 1.11022e-14
2 9.05942e-14
3 1.16351e-13
5014 3
1 2.13163e-14
2 9.76996e-14
3 1.05693e-13
5016 3
1 -1.11022e-14
2 9.41469e-14
3 1.0747e-13
5018 3
1 -5.77316e-15
2 9.59233e-14
3 1.16351e-13
5020 3
1 -1.42109e-14
2 9.59233e-14
3 1.1724e-13
5022 3
1 -4.44089e-16
2 9.32587e-14
3 1.27898e-13
5024 3
1 -3.55271e-15
2 1.03917e-13
3 1.08358e-13
5026 3
1 5.77316e-15
2 1.20792e-13
3 1.27898e-13
5028 3
1 -3.9968e-15
2 1.35003e-13
3 1.32339e-13
5030 3
1 4.44089e-16
2 1.09246e-13
3 1.29674e-13
5032 3
1 2.44249e-14
2 8.88178e-14
3 1.27898e-13
5034 3
1 -8.88178e-15
2 1.03029e-13
3 1.53655e-13
5036 3
1 1.59872e-14
2 7.72715e-14
3 1.24345e-13
5038 3
1 1.15463e-14
2 8.79297e-14
3 1.26121e-13
5040 3
1 -3.9968e-15
2 1.2701e-13
3 1.19016e-13
5042 3
1 -2.04281e-14
2 1.10134e-13
3 1.38556e-13
5044 3
1 -6.21725e-15
2 1.3145e-13
3 1.13687e-13
5046 3
1 -2.22045e-14
2 9.68114e-14
3 1.2168e-13
5048 3
1 -1.02141e-14
2 1.14575e-13
3 1.27898e-13
5050 3
1 1.15463e-14
2 1.01252e-13
3 1.24345e-13
5052 3
1 -8.43769e-15
2 9.05942e-14
3 1.28786e-13
5054 3
1 4.44089e-16
2 9.50351e-14
3 1.54543e-13
5056 3
1 -4.88498e-15
2 7.90479e-14
3 1.47438e-13
5058 3
1 -1.9984e-14
2 9.59233e-14
3 1.48326e-13
5060 3
1 -3.9968e-14
2 8.17124e-14
3 1.36779e-13
5062 3
1 4.44089e-15
2 9.50351e-14
3 1.42109e-13
5064 3
1 -3.4639e-14
2 1.06581e-13
3 1.13687e-13
5066 3
1 -1.46549e-14
2 9.41469e-14
3 1.56319e-13
5068 3
1 -7.99361e-15
2 1.13687e-13
3 1.29674e-13
5070 3
1 -3.73035e-14
2 9.41469e-14
3 1.34115e-13
5072 3
1 -1.86517e-14
2 1.04805e-13
3 1.29674e-13
5074 3
1 3.55271e-15
2 8.43769e-14
3 1.3145e-13
5076 3
1 -3.10862e-15
2 9.68114e-14
3 1.2701e-13
5078 3
1 9.32587e-15
2 1.08358e-13
3 1.38556e-13
5080 3
1 -1.55431e-14
2 1.02141e-13
3 1.42997e-13
5082 3
1 -3.55271e-14
2 7.19425e-14
3 1.24345e-13
5084 3
1 -3.15303e-14
2 1.20792e-13
3 1.29674e-13
5086 3
1 -2.66454e-14
2 1.01252e-13
3 1.35003e-13
5088 3
1 -9.76996e-15
2 1.13687e-13
3 1.20792e-13
5090 3
1 -1.11022e-15
2 8.9706e-14
3 1.02141e-13
5092 3
1 -2.28706e-14
2 1.11022e-13
3 1.35891e-13
5094 3
1 -8.88178e-15
2 9.05942e-14
3 1.3145e-13
5096 3
1 -3.55271e-15
2 6.75016e-14
3 1.22569e-13
5098 3
1 -1.28786e-14
2 1.23457e-13
3 1.13687e-13
5100 3
1 -1.75415e-14
2 9.05942e-14
3 1.20792e-13
5102 3
1 -1.39888e-14
2 1.19016e-13
3 1.24345e-13
5104 3
1 -2.79776e-14
2 8.26006e-14
3 1.0747e-13
5106 3
1 -9.99201e-15
2 7.01661e-14
3 1.36779e-13
5108 3
1 -2.59792e-14
2 9.59233e-14
3 1.45661e-13
5110 3
1 -6.88338e-15
2 9.50351e-14
3 1.04805e-13
5112 3
1 -1.44329e-14
2 7.99361e-14
3 1.32339e-13
5114 3
1 -4.44089e-16
2 9.14824e-14
3 1.04805e-13
5116 3
1 -9.99201e-15
2 1.08358e-13
3 1.0747e-13
5118 3
1 5.32907e-15
2 9.23706e-14
3 1.10134e-13
5120 3
1 -1.55431e-15
2 6.39488e-14
3 1.14575e-13
5122 3
1 1.17684e-14
2 8.70415e-14
3 1.27898e-13
5124 3
1 2.22045e-16
2 1.02141e-13
3 1.27898e-13
5126 3
1 -4.44089e-15
2 6.66134e-14
3 1.27898e-13
5128 3
1 1.9984e-15
2 7.99361e-14
3 1.19016e-13
5130 3
1 8.65974e-15
2 1.12799e-13
3 1.35003e-13
5132 3
1 7.77156e-15
2 1.08358e-13
3 1.1191e-13
5134 3
1 -8.88178e-15
2 8.34888e-14
3 1.19016e-13
5136 3
1 4.88498e-15
2 9.59233e-14
3 1.16351e-13
5138 3
1 -7.54952e-15
2 1.08358e-13
3 1.4122e-13
5140 3
1 -6.21725e-15
2 8.61533e-14
3 1.24345e-13
5142 3
1 -1.06581e-14
2 6.30607e-14
3 1.2701e-13
5144 3
1 -2.13163e-14
2 9.23706e-14
3 1.16351e-13
5146 3
1 -5.10703e-15
2 1.00364e-13
3 1.22569e-13
5148 3
1 1.55431e-15
2 1.10134e-13
3 1.33227e-13
5150 3
1 3.9968e-15
2 1.00364e-13
3 1.29674e-13
5152 3
1 1.11022e-14
2 1.40332e-13
3 1.1724e-13
5154 3
1 6.88338e-15
2 1.04805e-13
3 1.36779e-13
5156 3
1 3.86358e-14
2 9.9476e-14
3 1.35891e-13
5158 3
1 -1.33227e-15
2 1.2701e-13
3 1.36779e-13
5160 3
1 5.32907e-15
2 1.03917e-13
3 1.27898e-13
5162 3
1 -2.24265e-14
2 8.70415e-14
3 1.55431e-13
5164 3
1 1.24345e-14
2 7.81597e-14
3 1.62537e-13
5166 3
1 -1.24345e-14
2 1.05693e-13
3 1.48326e-13
5168 3
1 3.77476e-15
2 1.03029e-13
3 1.30562e-13
5170 3
1 -1.11022e-14
2 7.81597e-14
3 1.3145e-13
5172 3
1 1.11022e-14
2 7.90479e-14
3 1.2701e-13
5174 3
1 7.99361e-15
2 1.13687e-13
3 1.20792e-13
5176 3
1 -5.77316e-15
2 9.23706e-14
3 1.54543e-13
5178 3
1 2.08722e-14
2 8.17124e-14
3 1.38556e-13
5180 3
1 -2.86438e-14
2 1.08358e-13
3 1.43885e-13
5182 3
1 -5.32907e-15
2 7.81597e-14
3 1.28786e-13
5184 3
1 3.06422e-14
2 8.61533e-14
3 1.26121e-13
5186 3
1 -9.32587e-15
2 1.05693e-13
3 1.24345e-13
5188 3
1 -1.57652e-14
2 5.9508e-14
3 1.45661e-13
5190 3
1 1.55431e-14
2 7.10543e-14
3 1.43885e-13
5192 3
1 -2.86438e-14
2 9.14824e-14
3 1.3145e-13
5194 3
1 -1.11022e-15
2 1.13687e-13
3 1.33227e-13
5196 3
1 -2.88658e-15
2 9.76996e-14
3 1.35891e-13
5198 3
1 1.55431e-14
2 9.32587e-14
3 1.58984e-13
5200 3
1 -6.21725e-15
2 8.88178e-14
3 1.29674e-13
5202 3
1 -2.77556e-14
2 1.0747e-13
3 1.33227e-13
5204 3
1 -2.4647e-14
2 1.27898e-13
3 1.3145e-13
5206 3
1 1.4877e-14
2 8.79297e-14
3 1.35891e-13
5208 3
1 -1.28786e-14
2 1.10134e-13
3 1.48326e-13
5210 3
1 -1.55431e-14
2 1.10134e-13
3 1.37668e-13
5212 3
1 -2.24265e-14
2 8.26006e-14
3 1.22569e-13
5214 3
1 -5.77316e-15
2 8.17124e-14
3 1.33227e-13
5216 3
1 -1.13243e-14
2 1.04805e-13
3 1.51879e-13
5218 3
1 3.77476e-15
2 1.18128e-13
3 1.40332e-13
5220 3
1 -5.9952e-15
2 1.03029e-13
3 1.44773e-13
5222 3
1 1.77636e-14
2 1.16351e-13
3 1.48326e-13
5224 3
1 2.68674e-14
2 1.12799e-13
3 1.45661e-13
5226 3
1 2.4647e-14
2 1.18128e-13
3 1.55431e-13
5228 3
1 -3.55271e-15
2 1.01252e-13
3 1.53655e-13
5230 3
1 -1.11022e-14
2 1.03029e-13
3 1.20792e-13
5232 3
1 6.66134e-15
2 9.32587e-14
3 1.43885e-13
5234 3
1 -1.06581e-14
2 1.0747e-13
3 1.36779e-13
5236 3
1 2.95319e-14
2 1.2168e-13
3 1.54543e-13
5238 3
1 2.26485e-14
2 1.12799e-13
3 1.5099e-13
5240 3
1 1.66533e-14
2 1.0747e-13
3 1.43885e-13
5242 3
1 1.9984e-15
2 1.02141e-13
3 1.52767e-13
5244 3
1 5.55112e-15
2 1.09246e-13
3 1.58984e-13
5246 3
1 1.93179e-14
2 1.1724e-13
3 1.61648e-13
5248 3
1 -1.77636e-15
2 1.16351e-13
3 1.3145e-13
5250 3
1 2.66454e-14
2 1.27898e-13
3 1.28786e-13
5252 3
1 2.39808e-14
2 1.33227e-13
3 1.49214e-13
5254 3
1 1.15463e-14
2 1.1191e-13
3 1.36779e-13
5256 3
1 6.66134e-16
2 1.00364e-13
3 1.16351e-13
5258 3
1 -2.10942e-14
2 1.30562e-13
3 1.40332e-13
5260 3
1 -2.44249e-15
2 1.35003e-13
3 1.47438e-13
5262 3
1 -4.88498e-15
2 1.2701e-13
3 1.42109e-13
5264 3
1 1.26565e-14
2 8.52651e-14
3 1.49214e-13
5266 3
1 -1.11022e-15
2 1.28786e-13
3 1.44773e-13
5268 3
1 -1.53211e-14
2 1.45661e-13
3 1.49214e-13
5270 3
1 -1.28786e-14
2 1.16351e-13
3 1.32339e-13
5272 3
1 5.9952e-15
2 1.19016e-13
3 1.1191e-13
5274 3
1 -4.44089e-16
2 1.29674e-13
3 1.22569e-13
5276 3
1 -1.62093e-14
2 1.13687e-13
3 1.29674e-13
5278 3
1 -6.43929e-15
2 1.15463e-13
3 1.18128e-13
5280 3
1 -4.88498e-15
2 1.20792e-13
3 1.3145e-13
5282 3
1 2.66454e-15
2 1.56319e-13
3 1.35891e-13
5284 3
1 3.59712e-14
2 1.39444e-13
3 1.40332e-13
5286 3
1 2.26485e-14
2 1.35003e-13
3 1.20792e-13
5288 3
1 3.17524e-14
2 1.19904e-13
3 1.22569e-13
5290 3
1 1.22125e-14
2 1.23457e-13
3 1.08358e-13
5292 3
1 4.88498e-15
2 1.13687e-13
3 1.10134e-13
5294 3
1 9.99201e-15
2 1.1191e-13
3 1.12799e-13
5296 3
1 1.86517e-14
2 1.22569e-13
3 1.1191e-13
5298 3
1 1.46549e-14
2 1.06581e-13
3 1.1191e-13
5300 3
1 6.21725e-15
2 1.1191e-13
3 1.28786e-13
5302 3
1 1.77636e-14
2 1.1724e-13
3 1.27898e-13
5304 3
1 2.70894e-14
2 1.19016e-13
3 1.05693e-13
5306 3
1 -9.10383e-15
2 1.18128e-13
3 1.37668e-13
5308 3
1 3.06422e-14
2 1.13687e-13
3 1.34115e-13
5310 3
1 1.68754e-14
2 1.0747e-13
3 1.27898e-13
5312 3
1 1.70974e-14
2 1.24345e-13
3 1.42109e-13
5314 3
1 3.37508e-14
2 1.04805e-13
3 1.23457e-13
5316 3
1 3.53051e-14
2 8.17124e-14
3 1.24345e-13
5318 3
1 1.88738e-14
2 1.12799e-13
3 1.33227e-13
5320 3
1 2.62013e-14
2 1.27898e-13
3 1.40332e-13
5322 3
1 3.19744e-14
2 1.16351e-13
3 1.30562e-13
5324 3
1 3.55271e-15
2 1.35003e-13
3 1.22569e-13
5326 3
1 5.32907e-15
2 1.27898e-13
3 1.32339e-13
5328 3
1 2.26485e-14
2 1.13687e-13
3 1.3145e-13
5330 3
1 3.90799e-14
2 1.43885e-13
3 1.16351e-13
5332 3
1 2.9754e-14
2 1.20792e-13
3 1.24345e-13
5334 3
1 2.57572e-14
2 1.1724e-13
3 1.14575e-13
5336 3
1 4.44089e-16
2 1.19904e-13
3 1.49214e-13
5338 3
1 -1.77636e-15
2 9.32587e-14
3 1.4122e-13
5340 3
1 4.44089e-15
2 9.14824e-14
3 1.13687e-13
5342 3
1 2.44249e-14
2 1.20792e-13
3 1.2701e-13
5344 3
1 1.77636e-14
2 1.36779e-13
3 1.44773e-13
5346 3
1 2.75335e-14
2 1.05693e-13
3 1.30562e-13
5348 3
1 1.95399e-14
2 1.10134e-13
3 1.49214e-13
5350 3
1 3.5083e-14
2 1.1191e-13
3 1.38556e-13
5352 3
1 1.28786e-14
2 1.15463e-13
3 1.16351e-13
5354 3
1 3.9968e-15
2 1.27898e-13
3 1.30562e-13
5356 3
1 1.73195e-14
2 1.1191e-13
3 1.18128e-13
5358 3
1 3.33067e-14
2 1.25233e-13
3 1.1724e-13
5360 3
1 2.57572e-14
2 1.08358e-13
3 1.3145e-13
5362 3
1 1.15463e-14
2 1.12799e-13
3 1.0747e-13
5364 3
1 1.73195e-14
2 1.26121e-13
3 1.19016e-13
5366 3
1 -1.15463e-14
2 1.3145e-13
3 1.36779e-13
5368 3
1 1.02141e-14
2 1.50102e-13
3 1.35003e-13
5370 3
1 3.10862e-15
2 1.24345e-13
3 1.0747e-13
5372 3
1 8.88178e-15
2 1.36779e-13
3 1.32339e-13
5374 3
1 1.46549e-14
2 1.03029e-13
3 1.42109e-13
5376 3
1 1.28786e-14
2 1.35003e-13
3 1.16351e-13
5378 3
1 2.75335e-14
2 1.06581e-13
3 1.35003e-13
5380 3
1 4.88498e-15
2 1.37668e-13
3 1.33227e-13
5382 3
1 2.75335e-14
2 1.23457e-13
3 1.29674e-13
5384 3
1 1.5099e-14
2 1.42109e-13
3 1.42997e-13
5386 3
1 -9.76996e-15
2 1.27898e-13
3 1.35003e-13
5388 3
1 9.76996e-15
2 1.56319e-13
3 1.39444e-13
5390 3
1 1.86517e-14
2 1.57208e-13
3 1.28786e-13
5392 3
1 1.59872e-14
2 1.72307e-13
3 1.40332e-13
5394 3
1 6.21725e-15
2 1.53655e-13
3 1.42109e-13
5396 3
1 3.37508e-14
2 1.36779e-13
3 1.29674e-13
5398 3
1 -8.88178e-16
2 1.44773e-13
3 1.5099e-13
5400 3
1 8.88178e-15
2 1.18128e-13
3 1.33227e-13
5402 3
1 1.33227e-14
2 1.28786e-13
3 1.25233e-13
5404 3
1 -8.88178e-16
2 1.35891e-13
3 1.43885e-13
5406 3
1 2.75335e-14
2 1.35003e-13
3 1.38556e-13
5408 3
1 1.5099e-14
2 1.27898e-13
3 1.4122e-13
5410 3
1 1.33227e-14
2 1.2701e-13
3 1.58096e-13
5412 3
1 9.76996e-15
2 1.22569e-13
3 1.34115e-13
5414 3
1 -1.77636e-14
2 1.00364e-13
3 1.55431e-13
5416 3
1 5.77316e-15
2 1.0747e-13
3 1.3145e-13
5418 3
1 4.44089e-16
2 1.33227e-13
3 1.52767e-13
5420 3
1 2.53131e-14
2 1.36779e-13
3 1.50102e-13
5422 3
1 7.10543e-15
2 1.42109e-13
3 1.32339e-13
5424 3
1 2.35367e-14
2 1.14575e-13
3 1.63425e-13
5426 3
1 1.06581e-14
2 8.70415e-14
3 1.81188e-13
5428 3
1 2.35367e-14
2 1.24345e-13
3 1.47438e-13
5430 3
1 9.76996e-15
2 1.39444e-13
3 1.58984e-13
5432 3
1 3.9746e-14
2 1.27898e-13
3 1.52767e-13
5434 3
1 3.86358e-14
2 1.20792e-13
3 1.43885e-13
5436 3
1 4.61853e-14
2 1.62537e-13
3 1.68754e-13
5438 3
1 3.10862e-14
2 1.2168e-13
3 1.48326e-13
5440 3
1 2.26485e-14
2 1.24345e-13
3 1.45661e-13
5442 3
1 2.39808e-14
2 1.13687e-13
3 1.37668e-13
5444 3
1 1.15463e-14
2 1.58984e-13
3 1.40332e-13
5446 3
1 2.30926e-14
2 1.38556e-13
3 1.29674e-13
5448 3
1 7.54952e-15
2 1.35003e-13
3 1.51879e-13
5450 3
1 9.32587e-15
2 1.45661e-13
3 1.5099e-13
5452 3
1 -8.43769e-15
2 1.1724e-13
3 1.55431e-13
5454 3
1 2.13163e-14
2 1.36779e-13
3 1.56319e-13
5456 3
1 1.33227e-14
2 1.48326e-13
3 1.42109e-13
5458 3
1 8.88178e-16
2 1.43885e-13
3 1.53655e-13
5460 3
1 8.88178e-16
2 1.58984e-13
3 1.47438e-13
5462 3
1 2.26485e-14
2 1.56319e-13
3 1.43885e-13
5464 3
1 5.77316e-15
2 1.36779e-13
3 1.42109e-13
5466 3
1 7.99361e-15
2 1.43885e-13
3 1.39444e-13
5468 3
1 2.44249e-15
2 1.5099e-13
3 1.27898e-13
5470 3
1 1.15463e-14
2 1.06581e-13
3 1.59872e-13
5472 3
1 4.44089e-16
2 1.54543e-13
3 1.45661e-13
5474 3
1 4.44089e-15
2 1.20792e-13
3 1.42997e-13
5476 3
1 2.04281e-14
2 1.58096e-13
3 1.5099e-13
5478 3
1 4.44089e-16
2 1.2701e-13
3 1.29674e-13
5480 3
1 1.46549e-14
2 1.22569e-13
3 1.42997e-13
5482 3
1 2.90878e-14
2 1.20792e-13
3 1.35003e-13
5484 3
1 2.30926e-14
2 1.37668e-13
3 1.39444e-13
5486 3
1 1.82077e-14
2 1.39444e-13
3 1.40332e-13
5488 3
1 1.77636e-14
2 1.29674e-13
3 1.35003e-13
5490 3
1 8.88178e-16
2 1.2701e-13
3 1.58096e-13
5492 3
1 5.32907e-15
2 1.24345e-13
3 1.34115e-13
5494 3
1 1.59872e-14
2 1.35003e-13
3 1.77636e-13
5496 3
1 1.59872e-14
2 1.3145e-13
3 1.49214e-13
5498 3
1 2.35367e-14
2 1.29674e-13
3 1.36779e-13
5500 3
1 3.55271e-15
2 1.3145e-13
3 1.5099e-13
5502 3
1 -3.55271e-15
2 1.19016e-13
3 1.5099e-13
5504 3
1 6.66134e-15
2 1.62537e-13
3 1.40332e-13
5506 3
1 1.86517e-14
2 1.22569e-13
3 1.40332e-13
5508 3
1 2.22045e-15
2 1.29674e-13
3 1.43885e-13
5510 3
1 1.77636e-15
2 1.35003e-13
3 1.22569e-13
5512 3
1 9.32587e-15
2 1.52767e-13
3 1.59872e-13
5514 3
1 2.66454e-15
2 1.34115e-13
3 1.37668e-13
5516 3
1 1.9984e-14
2 1.2168e-13
3 1.49214e-13
5518 3
1 2.44249e-14
2 1.35003e-13
3 1.54543e-13
5520 3
1 2.93099e-14
2 1.34115e-13
3 1.58096e-13
5522 3
1 1.02141e-14
2 1.16351e-13
3 1.38556e-13
5524 3
1 3.55271e-14
2 1.47438e-13
3 1.58984e-13
5526 3
1 -6.21725e-15
2 1.57208e-13
3 1.2701e-13
5528 3
1 2.04281e-14
2 1.40332e-13
3 1.51879e-13
5530 3
1 5.32907e-15
2 1.43885e-13
3 1.49214e-13
5532 3
1 1.15463e-14
2 1.26121e-13
3 1.47438e-13
5534 3
1 5.32907e-15
2 1.29674e-13
3 1.59872e-13
5536 3
1 -5.32907e-15
2 1.36779e-13
3 1.43885e-13
5538 3
1 3.4639e-14
2 1.38556e-13
3 1.45661e-13
5540 3
1 2.4869e-14
2 1.61648e-13
3 1.54543e-13
5542 3
1 2.93099e-14
2 1.26121e-13
3 1.63425e-13
5544 3
1 8.88178e-15
2 1.38556e-13
3 1.5099e-13
5546 3
1 -8.88178e-15
2 1.47438e-13
3 1.56319e-13
5548 3
1 -4.44089e-15
2 1.29674e-13
3 1.61648e-13
5550 3
1 2.84217e-14
2 1.38556e-13
3 1.48326e-13
5552 3
1 6.21725e-15
2 1.57208e-13
3 1.58984e-13
5554 3
1 2.66454e-14
2 1.2701e-13
3 1.58984e-13
5556 3
1 7.99361e-15
2 1.28786e-13
3 1.42997e-13
5558 3
1 4.44089e-15
2 1.5099e-13
3 1.3145e-13
5560 3
1 -1.33227e-14
2 1.33227e-13
3 1.50102e-13
5562 3
1 1.77636e-15
2 1.23457e-13
3 1.20792e-13
5564 3
1 1.5099e-14
2 1.23457e-13
3 1.49214e-13
5566 3
1 -9.76996e-15
2 1.15463e-13
3 1.55431e-13
5568 3
1 -1.11022e-14
2 1.08358e-13
3 1.24345e-13
5570 3
1 -8.43769e-15
2 1.22569e-13
3 1.24345e-13
5572 3
1 1.86517e-14
2 1.11022e-13
3 1.36779e-13
5574 3
1 1.06581e-14
2 1.2701e-13
3 1.53655e-13
5576 3
1 4.44089e-15
2 1.27898e-13
3 1.33227e-13
5578 3
1 -2.22045e-15
2 1.06581e-13
3 1.25233e-13
5580 3
1 1.77636e-14
2 1.35891e-13
3 1.42109e-13
5582 3
1 -6.21725e-15
2 1.27898e-13
3 1.14575e-13
5584 3
1 9.32587e-15
2 1.09246e-13
3 1.38556e-13
5586 3
1 7.10543e-15
2 1.35891e-13
3 1.44773e-13
5588 3
1 4.44089e-16
2 1.08358e-13
3 1.36779e-13
5590 3
1 1.28786e-14
2 1.29674e-13
3 1.34115e-13
5592 3
1 5.32907e-15
2 1.3145e-13
3 1.46549e-13
5594 3
1 2.13163e-14
2 1.2168e-13
3 1.30562e-13
5596 3
1 6.66134e-15
2 1.27898e-13
3 1.33227e-13
5598 3
1 3.9968e-15
2 9.85878e-14
3 1.48326e-13
5600 3
1 1.77636e-14
2 1.01252e-13
3 1.34115e-13
5602 3
1 2.22045e-14
2 1.08358e-13
3 1.27898e-13
5604 3
1 2.75335e-14
2 9.14824e-14
3 1.49214e-13
5606 3
1 1.59872e-14
2 1.22569e-13
3 1.32339e-13
5608 3
1 1.64313e-14
2 1.36779e-13
3 1.42109e-13
5610 3
1 -2.66454e-15
2 1.27898e-13
3 1.30562e-13
5612 3
1 -1.64313e-14
2 1.4122e-13
3 1.4122e-13
5614 3
1 3.64153e-14
2 1.43885e-13
3 1.33227e-13
5616 3
1 5.77316e-15
2 1.18128e-13
3 1.20792e-13
5618 3
1 2.30926e-14
2 1.38556e-13
3 1.39444e-13
5620 3
1 -3.55271e-15
2 1.29674e-13
3 1.29674e-13
5622 3
1 7.99361e-15
2 1.49214e-13
3 1.33227e-13
5624 3
1 1.33227e-14
2 1.20792e-13
3 1.20792e-13
5626 3
1 1.64313e-14
2 1.32339e-13
3 1.49214e-13
5628 3
1 4.44089e-15
2 1.43885e-13
3 1.29674e-13
5630 3
1 1.77636e-15
2 1.39444e-13
3 1.59872e-13
5632 3
1 2.13163e-14
2 1.36779e-13
3 1.35003e-13
5634 3
1 9.76996e-15
2 1.09246e-13
3 1.64313e-13
5636 3
1 -8.88178e-16
2 1.15463e-13
3 1.33227e-13
5638 3
1 3.55271e-15
2 1.38556e-13
3 1.58096e-13
5640 3
1 -2.57572e-14
2 1.26121e-13
3 1.58096e-13
5642 3
1 4.44089e-15
2 1.6076e-13
3 1.58984e-13
5644 3
1 -1.73195e-14
2 1.10134e-13
3 1.53655e-13
5646 3
1 3.10862e-15
2 1.29674e-13
3 1.45661e-13
5648 3
1 -2.08722e-14
2 1.1724e-13
3 1.58096e-13
5650 3
1 -3.06422e-14
2 1.77636e-13
3 1.5099e-13
5652 3
1 -2.79776e-14
2 1.37668e-13
3 1.6076e-13
5654 3
1 -1.15463e-14
2 1.48326e-13
3 1.6076e-13
5656 3
1 -5.32907e-15
2 1.2168e-13
3 1.5099e-13
5658 3
1 -1.33227e-14
2 1.22569e-13
3 1.38556e-13
5660 3
1 -1.24345e-14
2 1.32339e-13
3 1.43885e-13
5662 3
1 -1.37668e-14
2 1.33227e-13
3 1.71418e-13
5664 3
1 -1.86517e-14
2 1.2168e-13
3 1.47438e-13
5666 3
1 0
2 1.27898e-13
3 1.43885e-13
5668 3
1 1.64313e-14
2 1.55431e-13
3 1.58096e-13
5670 3
1 -3.10862e-14
2 1.45661e-13
3 1.65201e-13
5672 3
1 -2.39808e-14
2 1.38556e-13
3 1.52767e-13
5674 3
1 1.46549e-14
2 1.26121e-13
3 1.37668e-13
5676 3
1 -1.06581e-14
2 1.54543e-13
3 1.38556e-13
5678 3
1 1.06581e-14
2 1.47438e-13
3 1.61648e-13
5680 3
1 1.24345e-14
2 1.24345e-13
3 1.42109e-13
5682 3
1 -4.44089e-15
2 1.20792e-13
3 1.62537e-13
5684 3
1 1.33227e-15
2 1.38556e-13
3 1.47438e-13
5686 3
1 1.55431e-14
2 1.37668e-13
3 1.53655e-13
5688 3
1 -5.32907e-15
2 1.44773e-13
3 1.5099e-13
5690 3
1 -5.32907e-15
2 1.48326e-13
3 1.45661e-13
5692 3
1 -1.15463e-14
2 1.15463e-13
3 1.43885e-13
5694 3
1 3.55271e-15
2 1.24345e-13
3 1.58096e-13
5696 3
1 -1.95399e-14
2 1.26121e-13
3 1.50102e-13
5698 3
1 -1.90958e-14
2 1.56319e-13
3 1.57208e-13
5700 3
1 -2.70894e-14
2 1.50102e-13
3 1.45661e-13
5702 3
1 -1.24345e-14
2 1.20792e-13
3 1.56319e-13
5704 3
1 -1.5099e-14
2 1.4122e-13
3 1.59872e-13
5706 3
1 -9.76996e-15
2 1.35003e-13
3 1.49214e-13
5708 3
1 -2.04281e-14
2 1.52767e-13
3 1.58984e-13
5710 3
1 -2.22045e-14
2 1.47438e-13
3 1.62537e-13
5712 3
1 -1.11022e-14
2 1.71418e-13
3 1.7053e-13
5714 3
1 -6.66134e-15
2 1.44773e-13
3 1.45661e-13
5716 3
1 -2.39808e-14
2 1.58096e-13
3 1.803e-13
5718 3
1 -3.28626e-14
2 1.36779e-13
3 1.62537e-13
5720 3
1 -2.20934e-14
2 1.42997e-13
3 1.74971e-13
5722 3
1 -2.4758e-14
2 1.55431e-13
3 1.54543e-13
5724 3
1 -2.22045e-15
2 1.6076e-13
3 1.66978e-13
5726 3
1 -2.13163e-14
2 1.46549e-13
3 1.63425e-13
5728 3
1 -1.55431e-14
2 1.54543e-13
3 1.68754e-13
5730 3
1 -3.53051e-14
2 1.29674e-13
3 1.6076e-13
5732 3
1 -1.86517e-14
2 1.44773e-13
3 1.35003e-13
5734 3
1 -3.55271e-14
2 1.69642e-13
3 1.63425e-13
5736 3
1 -3.53051e-14
2 1.3145e-13
3 1.48326e-13
5738 3
1 -2.55351e-14
2 1.63425e-13
3 1.40332e-13
5740 3
1 -2.13163e-14
2 1.52767e-13
3 1.52767e-13
5742 3
1 -1.26565e-14
2 1.56319e-13
3 1.66978e-13
5744 3
1 -1.77636e-14
2 1.37668e-13
3 1.43885e-13
5746 3
1 -2.17604e-14
2 1.46549e-13
3 1.66978e-13
5748 3
1 -4.30767e-14
2 1.69642e-13
3 1.48326e-13
5750 3
1 1.44329e-15
2 1.66978e-13
3 1.58096e-13
5752 3
1 -2.67564e-14
2 1.71418e-13
3 1.45661e-13
5754 3
1 -3.4639e-14
2 1.30562e-13
3 1.58096e-13
5756 3
1 -3.91909e-14
2 1.1724e-13
3 1.63425e-13
5758 3
1 -3.28626e-14
2 1.81188e-13
3 1.5099e-13
5760 3
1 -2.76446e-14
2 1.50102e-13
3 1.74083e-13
5762 3
1 -2.80886e-14
2 1.42997e-13
3 1.49214e-13
5764 3
1 -3.81917e-14
2 1.47438e-13
3 1.69642e-13
5766 3
1 -4.39648e-14
2 1.49214e-13
3 1.56319e-13
5768 3
1 -2.4647e-14
2 1.40332e-13
3 1.43885e-13
5770 3
1 -2.66454e-14
2 1.66089e-13
3 1.73195e-13
5772 3
1 -5.31797e-14
2 1.7053e-13
3 1.52767e-13
5774 3
1 -4.50751e-14
2 1.5099e-13
3 1.73195e-13
5776 3
1 -4.64073e-14
2 1.35003e-13
3 1.69642e-13
5778 3
1 -2.9754e-14
2 1.48326e-13
3 1.57208e-13
5780 3
1 -3.34177e-14
2 1.44773e-13
3 1.59872e-13
5782 3
1 -4.26326e-14
2 1.6076e-13
3 1.58984e-13
5784 3
1 -4.28546e-14
2 1.68754e-13
3 1.56319e-13
5786 3
1 -7.99361e-15
2 1.53655e-13
3 1.69642e-13
5788 3
1 -2.5091e-14
2 1.66978e-13
3 1.42997e-13
5790 3
1 -4.17444e-14
2 1.62537e-13
3 1.58096e-13
5792 3
1 -4.4631e-14
2 1.67866e-13
3 1.57208e-13
5794 3
1 -1.33227e-14
2 1.33227e-13
3 1.61648e-13
5796 3
1 -9.4369e-15
2 1.58096e-13
3 1.54543e-13
5798 3
1 -1.60982e-14
2 1.43885e-13
3 1.58096e-13
5800 3
1 -2.9976e-15
2 1.74971e-13
3 1.47438e-13
5802 3
1 -7.54952e-15
2 1.58096e-13
3 1.66978e-13
5804 3
1 -2.60902e-14
2 1.50102e-13
3 1.33227e-13
5806 3
1 -1.72085e-14
2 1.68754e-13
3 1.46549e-13
5808 3
1 -1.16573e-14
2 1.73195e-13
3 1.39444e-13
5810 3
1 -2.57572e-14
2 1.63425e-13
3 1.71418e-13
5812 3
1 -1.24345e-14
2 1.57208e-13
3 1.48326e-13
5814 3
1 2.42029e-14
2 1.6076e-13
3 1.59872e-13
5816 3
1 -8.65974e-15
2 1.37668e-13
3 1.56319e-13
5818 3
1 9.32587e-15
2 1.5099e-13
3 1.45661e-13
5820 3
1 -2.62013e-14
2 1.23457e-13
3 1.42109e-13
5822 3
1 3.10862e-15
2 1.45661e-13
3 1.26121e-13
5824 3
1 -2.22045e-14
2 1.2701e-13
3 1.43885e-13
5826 3
1 -2.84217e-14
2 1.4122e-13
3 1.52767e-13
5828 3
1 -1.15463e-14
2 1.30562e-13
3 1.54543e-13
5830 3
1 3.55271e-15
2 1.32339e-13
3 1.43885e-13
5832 3
1 -2.02061e-14
2 1.47438e-13
3 1.36779e-13
5834 3
1 -7.77156e-15
2 1.4122e-13
3 1.28786e-13
5836 3
1 -1.66533e-14
2 1.36779e-13
3 1.42997e-13
5838 3
1 -2.17604e-14
2 1.43885e-13
3 1.38556e-13
5840 3
1 -4.30767e-14
2 1.47438e-13
3 1.5099e-13
5842 3
1 -2.15383e-14
2 1.49214e-13
3 1.52767e-13
5844 3
1 -3.55271e-15
2 1.42109e-13
3 1.73195e-13
5846 3
1 -2.33147e-14
2 1.35003e-13
3 1.40332e-13
5848 3
1 -2.88658e-14
2 1.22569e-13
3 1.75859e-13
5850 3
1 -5.21805e-15
2 1.42997e-13
3 1.26121e-13
5852 3
1 -2.36478e-14
2 1.29674e-13
3 1.6076e-13
5854 3
1 -2.95319e-14
2 1.48326e-13
3 1.19016e-13
5856 3
1 -1.11022e-14
2 1.1191e-13
3 1.45661e-13
5858 3
1 -1.58762e-14
2 1.10134e-13
3 1.54543e-13
5860 3
1 -3.21965e-14
2 1.23457e-13
3 1.54543e-13
5862 3
1 -1.73195e-14
2 1.20792e-13
3 1.6076e-13
5864 3
1 -1.9984e-14
2 1.47438e-13
3 1.58096e-13
5866 3
1 -4.10783e-14
2 1.08358e-13
3 1.65201e-13
5868 3
1 -1.9762e-14
2 1.13687e-13
3 1.7053e-13
5870 3
1 -7.10543e-15
2 1.22569e-13
3 1.42109e-13
5872 3
1 -1.95399e-14
2 1.20792e-13
3 1.43885e-13
5874 3
1 -1.35447e-14
2 1.08358e-13
3 1.50102e-13
5876 3
1 -3.24185e-14
2 1.13687e-13
3 1.36779e-13
5878 3
1 -3.37508e-14
2 1.19016e-13
3 1.42109e-13
5880 3
1 -3.84137e-14
2 1.26121e-13
3 1.35003e-13
5882 3
1 -2.19824e-14
2 1.35891e-13
3 1.40332e-13
5884 3
1 -2.10942e-14
2 1.28786e-13
3 1.62537e-13
5886 3
1 -3.73035e-14
2 1.42997e-13
3 1.43885e-13
5888 3
1 -4.61853e-14
2 1.46549e-13
3 1.57208e-13
5890 3
1 -4.996e-14
2 1.28786e-13
3 1.59872e-13
5892 3
1 -4.84057e-14
2 1.23457e-13
3 1.74083e-13
5894 3
1 -7.77156e-15
2 1.5099e-13
3 1.38556e-13
5896 3
1 -4.81837e-14
2 1.48326e-13
3 1.48326e-13
5898 3
1 3.77476e-15
2 1.35003e-13
3 1.4122e-13
5900 3
1 -2.44249e-14
2 1.59872e-13
3 1.42997e-13
5902 3
1 -2.22045e-15
2 1.20792e-13
3 1.33227e-13
5904 3
1 -1.5099e-14
2 1.38556e-13
3 1.66089e-13
5906 3
1 -6.66134e-15
2 1.36779e-13
3 1.50102e-13
5908 3
1 -7.54952e-15
2 1.49214e-13
3 1.56319e-13
5910 3
1 -4.10783e-14
2 1.46549e-13
3 1.61648e-13
5912 3
1 -1.84297e-14
2 1.61648e-13
3 1.65201e-13
5914 3
1 -3.77476e-14
2 1.40332e-13
3 1.53655e-13
5916 3
1 -3.15303e-14
2 1.39444e-13
3 1.72307e-13
5918 3
1 -2.77556e-14
2 1.50102e-13
3 1.58096e-13
5920 3
1 -2.4647e-14
2 1.48326e-13
3 1.79412e-13
5922 3
1 -2.4869e-14
2 1.47438e-13
3 1.84741e-13
5924 3
1 -3.70814e-14
2 1.5099e-13
3 1.65201e-13
5926 3
1 -2.95319e-14
2 1.50102e-13
3 1.7053e-13
5928 3
1 -3.66374e-14
2 1.53655e-13
3 1.68754e-13
5930 3
1 -7.54952e-15
2 1.56319e-13
3 1.75859e-13
5932 3
1 -2.70894e-14
2 1.0747e-13
3 1.79412e-13
5934 3
1 -2.75335e-14
2 1.42109e-13
3 1.4122e-13
5936 3
1 -3.06422e-14
2 1.20792e-13
3 1.82077e-13
5938 3
1 -2.13163e-14
2 1.24345e-13
3 1.56319e-13
5940 3
1 -1.15463e-14
2 1.47438e-13
3 1.69642e-13
5942 3
1 -2.66454e-14
2 1.38556e-13
3 1.61648e-13
5944 3
1 -4.35207e-14
2 1.45661e-13
3 1.85629e-13
5946 3
1 -2.35367e-14
2 1.49214e-13
3 1.81188e-13
5948 3
1 -2.66454e-15
2 1.37668e-13
3 1.88294e-13
5950 3
1 -1.59872e-14
2 1.4122e-13
3 1.95399e-13
5952 3
1 -3.9968e-15
2 1.24345e-13
3 1.63425e-13
5954 3
1 -1.02141e-14
2 1.38556e-13
3 1.63425e-13
5956 3
1 -1.95399e-14
2 1.26121e-13
3 1.82965e-13
5958 3
1 -2.9754e-14
2 1.11022e-13
3 1.59872e-13
5960 3
1 -3.28626e-14
2 1.6076e-13
3 1.74083e-13
5962 3
1 -4.66294e-14
2 1.06581e-13
3 1.72307e-13
5964 3
1 -5.77316e-14
2 1.42997e-13
3 1.71418e-13
5966 3
1 -2.84217e-14
2 1.36779e-13
3 1.86517e-13
5968 3
1 -8.88178e-15
2 1.20792e-13
3 1.91847e-13
5970 3
1 -4.39648e-14
2 1.37668e-13
3 1.77636e-13
5972 3
1 -5.68434e-14
2 1.0747e-13
3 1.85629e-13
5974 3
1 -1.5099e-14
2 1.33227e-13
3 1.69642e-13
5976 3
1 -3.4639e-14
2 1.16351e-13
3 1.94511e-13
5978 3
1 -3.4639e-14
2 1.28786e-13
3 1.77636e-13
5980 3
1 -1.4877e-14
2 1.1724e-13
3 1.87406e-13
5982 3
1 -2.95319e-14
2 1.26121e-13
3 1.52767e-13
5984 3
1 -2.64233e-14
2 1.16351e-13
3 1.83853e-13
5986 3
1 -1.4877e-14
2 1.13687e-13
3 1.78524e-13
5988 3
1 -4.21885e-14
2 9.50351e-14
3 1.7053e-13
5990 3
1 -2.24265e-14
2 1.29674e-13
3 1.86517e-13
5992 3
1 -1.75415e-14
2 1.19016e-13
3 1.72307e-13
5994 3
1 -7.77156e-15
2 1.0747e-13
3 1.82965e-13
5996 3
1 -1.39888e-14
2 1.32339e-13
3 1.9007e-13
5998 3
1 6.66134e-15
2 1.15463e-13
3 1.83853e-13
6000 3
1 -1.79856e-14
2 9.41469e-14
3 1.86517e-13
6002 3
1 -4.44089e-16
2 9.68114e-14
3 1.75859e-13
6004 3
1 1.46549e-14
2 1.1191e-13
3 1.78524e-13
6006 3
1 -8.88178e-15
2 8.70415e-14
3 1.82077e-13
6008 3
1 8.65974e-15
2 1.35003e-13
3 1.73195e-13
6010 3
1 4.21885e-15
2 1.38556e-13
3 2.16716e-13
6012 3
1 -8.21565e-15
2 1.11022e-13
3 1.74971e-13
6014 3
1 1.46549e-14
2 1.06581e-13
3 2.00728e-13
6016 3
1 1.33227e-15
2 9.59233e-14
3 2.14051e-13
6018 3
1 -1.46549e-14
2 1.58096e-13
3 2.06057e-13
6020 3
1 -2.57572e-14
2 1.03917e-13
3 2.02505e-13
6022 3
1 -1.06581e-14
2 1.42109e-13
3 1.90958e-13
6024 3
1 -2.44249e-15
2 1.20792e-13
3 1.86517e-13
6026 3
1 -1.55431e-14
2 1.1191e-13
3 1.84741e-13
6028 3
1 -3.9968e-15
2 1.2168e-13
3 2.07834e-13
6030 3
1 -1.37668e-14
2 1.24345e-13
3 1.96287e-13
6032 3
1 4.66294e-15
2 1.2701e-13
3 1.91847e-13
6034 3
1 -2.95319e-14
2 1.24345e-13
3 1.84741e-13
6036 3
1 7.54952e-15
2 7.72715e-14
3 2.14051e-13
6038 3
1 -2.9754e-14
2 1.28786e-13
3 2.05169e-13
6040 3
1 -1.64313e-14
2 1.19904e-13
3 1.83853e-13
6042 3
1 3.9968e-15
2 1.13687e-13
3 2.27374e-13
6044 3
1 -1.04361e-14
2 1.19904e-13
3 2.04281e-13
6046 3
1 2.75335e-14
2 1.22569e-13
3 2.01617e-13
6048 3
1 -7.54952e-15
2 7.19425e-14
3 1.95399e-13
6050 3
1 -9.10383e-15
2 9.14824e-14
3 2.1716e-13
6052 3
1 1.04361e-14
2 9.76996e-14
3 2.11831e-13
6054 3
1 -1.77636e-14
2 1.25233e-13
3 2.24709e-13
6056 3
1 1.55431e-15
2 8.26006e-14
3 2.15827e-13
6058 3
1 -1.5099e-14
2 1.3145e-13
3 2.33147e-13
6060 3
1 -7.10543e-15
2 9.9476e-14
3 2.13163e-13
6062 3
1 1.62093e-14
2 1.09246e-13
3 2.367e-13
6064 3
1 -2.53131e-14
2 1.09246e-13
3 2.20712e-13
6066 3
1 -5.9952e-15
2 1.01252e-13
3 2.18492e-13
6068 3
1 -1.11022e-15
2 1.10134e-13
3 2.0739e-13
6070 3
1 -1.88738e-14
2 1.26121e-13
3 2.1938e-13
6072 3
1 -1.90958e-14
2 1.1191e-13
3 2.08722e-13
