# Time-averaged data for fix write_all_momentum
# TimeStep Number-of-rows
# Row c_all_momentum[*]
0 3
1 -1.42109e-14
2 2.93099e-14
3 -1.24345e-14
2 3
1 -3.9968e-15
2 -3.55271e-15
3 -4.79616e-14
4 3
1 -6.66134e-15
2 3.81917e-14
3 -1.24345e-14
6 3
1 7.10543e-15
2 -1.06581e-14
3 1.77636e-15
8 3
1 -4.26326e-14
2 2.39808e-14
3 1.42109e-14
10 3
1 -1.19904e-14
2 2.22045e-14
3 -4.08562e-14
12 3
1 -4.17444e-14
2 2.4869e-14
3 0
14 3
1 -2.13163e-14
2 3.55271e-14
3 -2.84217e-14
16 3
1 -1.19904e-14
2 1.77636e-14
3 -2.13163e-14
18 3
1 -3.33067e-14
2 3.19744e-14
3 -2.30926e-14
20 3
1 -3.06422e-14
2 8.88178e-15
3 -1.95399e-14
22 3
1 1.11022e-14
2 3.28626e-14
3 -2.13163e-14
24 3
1 -1.33227e-14
2 7.10543e-15
3 5.32907e-15
26 3
1 -1.37668e-14
2 4.9738e-14
3 -3.37508e-14
28 3
1 -2.17604e-14
2 1.77636e-14
3 -2.13163e-14
30 3
1 -6.21725e-15
2 7.10543e-15
3 -2.4869e-14
32 3
1 -3.10862e-15
2 1.15463e-14
3 -6.21725e-14
34 3
1 -8.88178e-16
2 2.75335e-14
3 -2.66454e-14
36 3
1 5.32907e-15
2 3.01981e-14
3 -1.95399e-14
38 3
1 3.81917e-14
2 4.44089e-14
3 -4.79616e-14
40 3
1 2.39808e-14
2 2.75335e-14
3 -3.55271e-14
42 3
1 6.66134e-15
2 0
3 -4.9738e-14
44 3
1 1.19904e-14
2 5.32907e-15
3 -6.39488e-14
46 3
1 -1.55431e-14
2 8.88178e-15
3 -3.55271e-14
48 3
1 -2.22045e-14
2 -2.13163e-14
3 -3.55271e-14
50 3
1 -6.21725e-15
2 2.4869e-14
3 -2.4869e-14
52 3
1 -6.66134e-15
2 2.57572e-14
3 -2.4869e-14
54 3
1 5.32907e-15
2 3.81917e-14
3 7.10543e-15
56 3
1 4.88498e-15
2 2.39808e-14
3 -1.24345e-14
58 3
1 -2.17604e-14
2 3.37508e-14
3 -1.24345e-14
60 3
1 1.33227e-15
2 3.37508e-14
3 -5.32907e-15
62 3
1 -2.84217e-14
2 -1.68754e-14
3 -2.66454e-14
64 3
1 -7.99361e-15
2 1.24345e-14
3 -7.10543e-15
66 3
1 1.37668e-14
2 3.90799e-14
3 -1.42109e-14
68 3
1 8.88178e-16
2 3.90799e-14
3 -3.55271e-14
70 3
1 1.24345e-14
2 8.88178e-16
3 -1.42109e-14
72 3
1 -7.99361e-15
2 -1.77636e-15
3 -3.19744e-14
74 3
1 1.33227e-15
2 3.37508e-14
3 -5.32907e-14
76 3
1 1.37668e-14
2 2.30926e-14
3 -4.79616e-14
78 3
1 8.43769e-15
2 8.88178e-15
3 -1.59872e-14
80 3
1 -5.77316e-15
2 3.81917e-14
3 -4.44089e-14
82 3
1 -1.59872e-14
2 4.26326e-14
3 -1.95399e-14
84 3
1 3.10862e-15
2 2.04281e-14
3 -1.42109e-14
86 3
1 -1.95399e-14
2 2.75335e-14
3 -1.06581e-14
88 3
1 -2.62013e-14
2 3.90799e-14
3 7.10543e-15
90 3
1 -3.9968e-15
2 7.99361e-15
3 -8.88178e-15
92 3
1 -1.42109e-14
2 4.61853e-14
3 -1.24345e-14
94 3
1 -1.33227e-15
2 8.88178e-15
3 -6.57252e-14
96 3
1 -3.10862e-15
2 1.15463e-14
3 -2.66454e-14
98 3
1 -5.32907e-15
2 1.42109e-14
3 -1.24345e-14
100 3
1 2.22045e-14
2 5.50671e-14
3 -3.19744e-14
102 3
1 -2.70894e-14
2 4.35207e-14
3 -1.95399e-14
104 3
1 -6.21725e-15
2 2.4869e-14
3 -2.4869e-14
106 3
1 1.77636e-15
2 4.52971e-14
3 -1.95399e-14
108 3
1 -9.32587e-15
2 2.13163e-14
3 -3.55271e-14
110 3
1 -2.57572e-14
2 1.95399e-14
3 -4.44089e-14
112 3
1 -8.88178e-16
2 4.70735e-14
3 -7.10543e-15
114 3
1 -7.54952e-15
2 2.66454e-14
3 -4.08562e-14
116 3
1 1.37668e-14
2 2.04281e-14
3 -3.19744e-14
118 3
1 -1.77636e-15
2 7.10543e-15
3 -3.19744e-14
120 3
1 -3.06422e-14
2 3.90799e-14
3 -1.77636e-14
122 3
1 -1.68754e-14
2 2.30926e-14
3 -1.77636e-14
124 3
1 -1.64313e-14
2 3.01981e-14
3 -6.75016e-14
126 3
1 -1.64313e-14
2 3.90799e-14
3 -1.06581e-14
128 3
1 6.21725e-15
2 1.59872e-14
3 -4.44089e-14
130 3
1 -1.37668e-14
2 3.55271e-14
3 -1.42109e-14
132 3
1 -2.9754e-14
2 5.15143e-14
3 -3.19744e-14
134 3
1 -1.02141e-14
2 7.28306e-14
3 -2.30926e-14
136 3
1 -4.04121e-14
2 5.32907e-14
3 -3.90799e-14
138 3
1 -3.81917e-14
2 3.90799e-14
3 -2.84217e-14
140 3
1 -1.5099e-14
2 4.9738e-14
3 -1.77636e-14
142 3
1 -3.81917e-14
2 1.24345e-14
3 -4.61853e-14
144 3
1 -1.02141e-14
2 3.55271e-14
3 -3.37508e-14
146 3
1 -5.32907e-15
2 2.84217e-14
3 -2.30926e-14
148 3
1 -1.11022e-14
2 3.90799e-14
3 -5.32907e-14
150 3
1 -1.9984e-14
2 1.77636e-14
3 -6.39488e-14
152 3
1 9.32587e-15
2 1.77636e-14
3 -4.44089e-14
154 3
1 -3.64153e-14
2 4.61853e-14
3 -3.01981e-14
156 3
1 -1.11022e-14
2 3.19744e-14
3 -1.95399e-14
158 3
1 2.66454e-14
2 2.84217e-14
3 -4.26326e-14
160 3
1 1.15463e-14
2 2.30926e-14
3 -5.86198e-14
162 3
1 1.77636e-15
2 5.15143e-14
3 -3.90799e-14
164 3
1 1.24345e-14
2 3.90799e-14
3 -6.39488e-14
166 3
1 -6.21725e-15
2 4.9738e-14
3 -2.30926e-14
168 3
1 -8.88178e-16
2 2.13163e-14
3 -4.44089e-14
170 3
1 -3.4639e-14
2 1.42109e-14
3 -4.61853e-14
172 3
1 -1.06581e-14
2 -1.06581e-14
3 -4.08562e-14
174 3
1 2.66454e-15
2 2.30926e-14
3 -1.95399e-14
176 3
1 3.55271e-15
2 2.4869e-14
3 -4.61853e-14
178 3
1 4.88498e-15
2 5.15143e-14
3 -2.66454e-14
180 3
1 3.55271e-15
2 3.01981e-14
3 -1.95399e-14
182 3
1 4.88498e-15
2 3.37508e-14
3 -3.01981e-14
184 3
1 6.66134e-15
2 4.9738e-14
3 -3.19744e-14
186 3
1 1.33227e-15
2 2.30926e-14
3 -3.19744e-14
188 3
1 -1.06581e-14
2 3.01981e-14
3 -2.66454e-14
190 3
1 2.22045e-15
2 1.59872e-14
3 -5.50671e-14
192 3
1 2.88658e-14
2 1.42109e-14
3 -7.10543e-15
194 3
1 -5.32907e-15
2 4.79616e-14
3 -2.30926e-14
196 3
1 -1.68754e-14
2 3.37508e-14
3 -6.75016e-14
198 3
1 2.79776e-14
2 5.50671e-14
3 -3.90799e-14
200 3
1 2.62013e-14
2 3.90799e-14
3 -3.55271e-15
202 3
1 1.64313e-14
2 3.19744e-14
3 -5.68434e-14
204 3
1 1.68754e-14
2 1.42109e-14
3 -1.59872e-14
206 3
1 2.88658e-14
2 3.55271e-14
3 -5.32907e-15
208 3
1 0
2 1.95399e-14
3 -2.13163e-14
210 3
1 2.22045e-14
2 6.92779e-14
3 -2.13163e-14
212 3
1 -2.39808e-14
2 8.34888e-14
3 -2.66454e-14
214 3
1 4.70735e-14
2 2.84217e-14
3 -3.37508e-14
216 3
1 4.13003e-14
2 2.4869e-14
3 -1.95399e-14
218 3
1 1.28786e-14
2 2.13163e-14
3 -2.30926e-14
220 3
1 3.10862e-15
2 2.84217e-14
3 -4.26326e-14
222 3
1 -6.21725e-15
2 -1.59872e-14
3 -1.77636e-14
224 3
1 4.13003e-14
2 -3.55271e-15
3 -2.84217e-14
226 3
1 4.30767e-14
2 1.59872e-14
3 1.42109e-14
228 3
1 2.39808e-14
2 3.90799e-14
3 -3.55271e-15
230 3
1 2.22045e-14
2 3.55271e-14
3 -2.4869e-14
232 3
1 3.68594e-14
2 6.92779e-14
3 -3.19744e-14
234 3
1 3.06422e-14
2 -3.55271e-15
3 -2.13163e-14
236 3
1 4.79616e-14
2 3.19744e-14
3 -3.90799e-14
238 3
1 1.68754e-14
2 1.77636e-14
3 -3.90799e-14
240 3
1 7.68274e-14
2 0
3 -2.66454e-14
242 3
1 1.19904e-14
2 3.90799e-14
3 -3.19744e-14
244 3
1 1.73195e-14
2 1.95399e-14
3 -2.13163e-14
246 3
1 4.35207e-14
2 1.06581e-14
3 -2.4869e-14
248 3
1 2.04281e-14
2 1.24345e-14
3 -2.4869e-14
250 3
1 -2.08722e-14
2 4.26326e-14
3 -4.08562e-14
252 3
1 1.5099e-14
2 5.68434e-14
3 -2.4869e-14
254 3
1 3.15303e-14
2 -5.32907e-15
3 -2.30926e-14
256 3
1 -2.08722e-14
2 3.55271e-15
3 -1.95399e-14
258 3
1 7.54952e-15
2 1.06581e-14
3 -3.19744e-14
260 3
1 3.81917e-14
2 6.03961e-14
3 -4.79616e-14
262 3
1 1.33227e-14
2 1.77636e-14
3 -5.86198e-14
264 3
1 -3.28626e-14
2 -1.42109e-14
3 -5.15143e-14
266 3
1 -8.88178e-15
2 -1.24345e-14
3 -3.01981e-14
268 3
1 2.4869e-14
2 3.19744e-14
3 -3.55271e-14
270 3
1 1.42109e-14
2 4.9738e-14
3 -1.24345e-14
272 3
1 3.59712e-14
2 1.24345e-14
3 -3.37508e-14
274 3
1 6.21725e-15
2 6.21725e-14
3 -5.86198e-14
276 3
1 2.84217e-14
2 3.37508e-14
3 -6.21725e-14
278 3
1 2.70894e-14
2 2.30926e-14
3 -3.55271e-15
280 3
1 1.9984e-14
2 3.01981e-14
3 -2.4869e-14
282 3
1 9.76996e-15
2 2.75335e-14
3 -3.73035e-14
284 3
1 3.19744e-14
2 3.55271e-15
3 -5.50671e-14
286 3
1 2.17604e-14
2 2.75335e-14
3 -3.73035e-14
288 3
1 2.13163e-14
2 7.10543e-15
3 -4.26326e-14
290 3
1 3.9746e-14
2 7.10543e-15
3 -2.13163e-14
292 3
1 1.24345e-14
2 4.26326e-14
3 -2.84217e-14
294 3
1 3.08642e-14
2 2.66454e-14
3 -3.01981e-14
296 3
1 8.21565e-15
2 -1.42109e-14
3 -4.08562e-14
298 3
1 1.5099e-14
2 3.55271e-14
3 -4.08562e-14
300 3
1 1.28786e-14
2 -5.32907e-15
3 -1.42109e-14
302 3
1 1.95399e-14
2 1.24345e-14
3 -1.59872e-14
304 3
1 2.39808e-14
2 2.66454e-14
3 -1.77636e-14
306 3
1 8.43769e-15
2 1.06581e-14
3 -3.90799e-14
308 3
1 3.55271e-14
2 3.55271e-15
3 -4.61853e-14
310 3
1 -2.62013e-14
2 4.26326e-14
3 -4.44089e-14
312 3
1 -3.10862e-15
2 1.95399e-14
3 -5.68434e-14
314 3
1 -1.46549e-14
2 2.13163e-14
3 -3.90799e-14
316 3
1 4.52971e-14
2 1.06581e-14
3 -4.61853e-14
318 3
1 1.42109e-14
2 3.01981e-14
3 -5.32907e-15
320 3
1 2.57572e-14
2 2.13163e-14
3 -1.95399e-14
322 3
1 4.30767e-14
2 2.30926e-14
3 -3.55271e-14
324 3
1 1.19904e-14
2 1.77636e-14
3 -3.19744e-14
326 3
1 2.08722e-14
2 1.77636e-14
3 -4.79616e-14
328 3
1 3.90799e-14
2 3.90799e-14
3 -2.66454e-14
330 3
1 4.44089e-15
2 2.84217e-14
3 -3.01981e-14
332 3
1 2.44249e-14
2 3.90799e-14
3 -2.84217e-14
334 3
1 1.77636e-15
2 7.10543e-14
3 -3.55271e-14
336 3
1 4.88498e-15
2 1.59872e-14
3 -3.01981e-14
338 3
1 3.68594e-14
2 1.59872e-14
3 -3.19744e-14
340 3
1 4.88498e-15
2 5.32907e-14
3 -1.59872e-14
342 3
1 -2.66454e-15
2 3.01981e-14
3 -3.19744e-14
344 3
1 -1.86517e-14
2 3.90799e-14
3 -3.55271e-14
346 3
1 1.33227e-14
2 2.13163e-14
3 -3.01981e-14
348 3
1 -1.90958e-14
2 4.61853e-14
3 -1.77636e-15
350 3
1 -5.77316e-15
2 7.10543e-15
3 -2.4869e-14
352 3
1 5.77316e-15
2 6.39488e-14
3 -3.90799e-14
354 3
1 -8.43769e-15
2 3.37508e-14
3 -8.88178e-15
356 3
1 1.28786e-14
2 1.59872e-14
3 -3.19744e-14
358 3
1 -1.28786e-14
2 0
3 -6.03961e-14
360 3
1 -1.06581e-14
2 1.77636e-14
3 -1.42109e-14
362 3
1 -4.88498e-15
2 -2.4869e-14
3 -2.84217e-14
364 3
1 -1.77636e-15
2 3.01981e-14
3 -3.01981e-14
366 3
1 8.88178e-15
2 1.77636e-14
3 -4.61853e-14
368 3
1 2.04281e-14
2 1.06581e-14
3 -2.84217e-14
370 3
1 3.28626e-14
2 2.13163e-14
3 -1.59872e-14
372 3
1 1.33227e-15
2 4.08562e-14
3 -3.19744e-14
374 3
1 -4.88498e-15
2 4.61853e-14
3 -3.90799e-14
376 3
1 -1.68754e-14
2 1.59872e-14
3 -3.01981e-14
378 3
1 -3.10862e-15
2 1.59872e-14
3 -2.4869e-14
380 3
1 -3.06422e-14
2 3.55271e-14
3 -3.90799e-14
382 3
1 -8.88178e-15
2 7.10543e-15
3 -4.26326e-14
384 3
1 2.66454e-15
2 1.95399e-14
3 -5.86198e-14
386 3
1 -2.39808e-14
2 6.03961e-14
3 -1.42109e-14
388 3
1 -5.77316e-15
2 2.30926e-14
3 -4.79616e-14
390 3
1 -3.9968e-15
2 5.15143e-14
3 -6.03961e-14
392 3
1 2.79776e-14
2 2.4869e-14
3 -2.66454e-14
394 3
1 -2.93099e-14
2 3.19744e-14
3 -3.90799e-14
396 3
1 -1.9984e-14
2 4.08562e-14
3 -5.32907e-14
398 3
1 -5.77316e-15
2 4.79616e-14
3 -2.30926e-14
400 3
1 -5.32907e-15
2 2.30926e-14
3 -3.90799e-14
402 3
1 -4.44089e-16
2 2.57572e-14
3 -2.4869e-14
404 3
1 -1.64313e-14
2 2.66454e-14
3 -4.26326e-14
406 3
1 -7.10543e-15
2 3.90799e-14
3 0
408 3
1 -3.9968e-15
2 3.9968e-14
3 -1.95399e-14
410 3
1 3.06422e-14
2 1.59872e-14
3 -1.24345e-14
412 3
1 -1.06581e-14
2 3.37508e-14
3 -5.86198e-14
414 3
1 3.41949e-14
2 4.44089e-15
3 -2.66454e-14
416 3
1 -4.44089e-15
2 8.52651e-14
3 -3.90799e-14
418 3
1 1.19904e-14
2 4.17444e-14
3 -3.73035e-14
420 3
1 3.06422e-14
2 4.26326e-14
3 -2.13163e-14
422 3
1 -4.88498e-15
2 3.64153e-14
3 -7.10543e-15
424 3
1 7.10543e-15
2 4.08562e-14
3 7.10543e-15
426 3
1 -2.35367e-14
2 2.57572e-14
3 -5.32907e-15
428 3
1 2.62013e-14
2 2.30926e-14
3 -2.30926e-14
430 3
1 -2.26485e-14
2 3.55271e-14
3 -7.10543e-15
432 3
1 1.33227e-15
2 3.73035e-14
3 2.4869e-14
434 3
1 -1.95399e-14
2 4.88498e-14
3 -1.24345e-14
436 3
1 -4.44089e-16
2 1.68754e-14
3 3.19744e-14
438 3
1 2.22045e-15
2 2.75335e-14
3 5.32907e-15
440 3
1 0
2 5.77316e-14
3 -4.26326e-14
442 3
1 -4.88498e-15
2 3.81917e-14
3 -1.06581e-14
444 3
1 7.99361e-15
2 6.21725e-15
3 -1.77636e-15
446 3
1 2.44249e-14
2 3.81917e-14
3 -3.01981e-14
448 3
1 3.24185e-14
2 3.10862e-14
3 -5.32907e-15
450 3
1 1.77636e-14
2 3.37508e-14
3 -1.42109e-14
452 3
1 1.24345e-14
2 6.92779e-14
3 -1.24345e-14
454 3
1 1.33227e-14
2 1.59872e-14
3 1.24345e-14
456 3
1 1.95399e-14
2 5.77316e-14
3 -1.06581e-14
458 3
1 -1.68754e-14
2 4.35207e-14
3 -8.88178e-15
460 3
1 -1.33227e-15
2 8.88178e-16
3 1.24345e-14
462 3
1 -2.75335e-14
2 1.59872e-14
3 -3.55271e-15
464 3
1 1.33227e-14
2 4.44089e-15
3 -1.59872e-14
466 3
1 4.88498e-15
2 1.42109e-14
3 -1.06581e-14
468 3
1 2.62013e-14
2 4.35207e-14
3 -7.10543e-15
470 3
1 5.77316e-15
2 2.04281e-14
3 -1.42109e-14
472 3
1 3.9968e-14
2 1.24345e-14
3 -1.77636e-15
474 3
1 -2.70894e-14
2 8.88178e-16
3 -3.55271e-14
476 3
1 2.22045e-15
2 5.9508e-14
3 -2.66454e-14
478 3
1 1.06581e-14
2 2.04281e-14
3 -1.59872e-14
480 3
1 5.32907e-15
2 2.57572e-14
3 -1.42109e-14
482 3
1 4.30767e-14
2 2.4869e-14
3 -6.21725e-15
484 3
1 2.75335e-14
2 5.15143e-14
3 0
486 3
1 4.08562e-14
2 6.03961e-14
3 3.55271e-15
488 3
1 2.57572e-14
2 1.15463e-14
3 3.19744e-14
490 3
1 1.28786e-14
2 7.99361e-15
3 -1.77636e-15
492 3
1 4.17444e-14
2 1.59872e-14
3 -1.59872e-14
494 3
1 2.84217e-14
2 2.13163e-14
3 0
496 3
1 2.44249e-14
2 3.28626e-14
3 -5.32907e-15
498 3
1 -2.53131e-14
2 5.06262e-14
3 -2.13163e-14
500 3
1 1.95399e-14
2 3.4639e-14
3 -3.73035e-14
502 3
1 2.66454e-14
2 2.30926e-14
3 -2.30926e-14
504 3
1 2.75335e-14
2 4.17444e-14
3 -4.08562e-14
506 3
1 5.32907e-15
2 3.73035e-14
3 -2.39808e-14
508 3
1 1.24345e-14
2 3.01981e-14
3 -1.77636e-15
510 3
1 8.88178e-15
2 2.30926e-14
3 1.59872e-14
512 3
1 4.44089e-14
2 -2.66454e-14
3 3.55271e-15
514 3
1 1.86517e-14
2 5.50671e-14
3 -1.95399e-14
516 3
1 2.39808e-14
2 6.12843e-14
3 -2.30926e-14
518 3
1 2.4869e-14
2 3.19744e-14
3 1.24345e-14
520 3
1 3.19744e-14
2 6.21725e-15
3 -4.17444e-14
522 3
1 4.70735e-14
2 7.99361e-15
3 -7.10543e-15
524 3
1 2.13163e-14
2 2.66454e-14
3 -1.59872e-14
526 3
1 1.33227e-14
2 -1.42109e-14
3 1.5099e-14
528 3
1 3.01981e-14
2 5.06262e-14
3 -3.73035e-14
530 3
1 -3.55271e-15
2 -5.32907e-15
3 3.01981e-14
532 3
1 -1.33227e-14
2 -1.95399e-14
3 1.06581e-14
534 3
1 -2.75335e-14
2 3.28626e-14
3 -2.66454e-15
536 3
1 1.15463e-14
2 -1.33227e-14
3 -6.21725e-15
538 3
1 7.10543e-15
2 1.77636e-14
3 1.77636e-15
540 3
1 1.42109e-14
2 7.10543e-15
3 -3.55271e-15
542 3
1 1.33227e-14
2 3.10862e-14
3 -1.42109e-14
544 3
1 1.59872e-14
2 1.5099e-14
3 3.19744e-14
546 3
1 1.77636e-14
2 2.30926e-14
3 2.84217e-14
548 3
1 2.4869e-14
2 1.33227e-14
3 -6.21725e-15
550 3
1 0
2 1.59872e-14
3 -1.06581e-14
552 3
1 -4.61853e-14
2 3.19744e-14
3 -2.30926e-14
554 3
1 3.55271e-14
2 2.30926e-14
3 -4.88498e-14
556 3
1 -5.32907e-15
2 6.21725e-15
3 -3.37508e-14
558 3
1 1.5099e-14
2 4.70735e-14
3 -7.10543e-15
560 3
1 -1.33227e-14
2 5.15143e-14
3 3.55271e-15
562 3
1 -1.15463e-14
2 1.06581e-14
3 8.88178e-15
564 3
1 5.41789e-14
2 3.01981e-14
3 -6.21725e-15
566 3
1 1.33227e-14
2 4.44089e-14
3 7.99361e-15
568 3
1 -1.06581e-14
2 2.22045e-14
3 8.88178e-16
570 3
1 6.21725e-15
2 1.59872e-14
3 -2.84217e-14
572 3
1 0
2 2.04281e-14
3 -5.32907e-15
574 3
1 -1.77636e-14
2 2.57572e-14
3 1.06581e-14
576 3
1 1.06581e-14
2 1.95399e-14
3 -7.10543e-15
578 3
1 2.4869e-14
2 6.21725e-15
3 -8.88178e-15
580 3
1 1.77636e-15
2 1.24345e-14
3 -1.95399e-14
582 3
1 -1.42109e-14
2 4.17444e-14
3 -2.66454e-15
584 3
1 -9.76996e-15
2 5.9508e-14
3 9.76996e-15
586 3
1 2.13163e-14
2 3.73035e-14
3 -6.21725e-15
588 3
1 -1.5099e-14
2 4.9738e-14
3 -4.52971e-14
590 3
1 -5.32907e-15
2 7.99361e-15
3 -1.86517e-14
592 3
1 4.44089e-14
2 3.01981e-14
3 8.88178e-15
594 3
1 1.5099e-14
2 2.93099e-14
3 -3.55271e-14
596 3
1 -1.15463e-14
2 4.79616e-14
3 -4.17444e-14
598 3
1 5.32907e-15
2 4.88498e-14
3 -2.57572e-14
600 3
1 -1.06581e-14
2 2.30926e-14
3 8.88178e-16
602 3
1 3.55271e-14
2 4.26326e-14
3 -3.90799e-14
604 3
1 2.30926e-14
2 3.81917e-14
3 -7.99361e-15
606 3
1 2.93099e-14
2 7.37188e-14
3 3.55271e-15
608 3
1 3.19744e-14
2 2.57572e-14
3 -8.88178e-15
610 3
1 3.81917e-14
2 4.26326e-14
3 -3.28626e-14
612 3
1 2.9754e-14
2 3.10862e-14
3 1.59872e-14
614 3
1 2.39808e-14
2 1.77636e-15
3 7.10543e-15
616 3
1 -8.43769e-15
2 4.35207e-14
3 -1.95399e-14
618 3
1 -1.95399e-14
2 6.57252e-14
3 -3.73035e-14
620 3
1 1.95399e-14
2 4.08562e-14
3 -2.66454e-15
622 3
1 9.32587e-15
2 7.4607e-14
3 -1.95399e-14
624 3
1 2.75335e-14
2 3.55271e-14
3 2.30926e-14
626 3
1 8.43769e-15
2 5.86198e-14
3 -1.5099e-14
628 3
1 3.28626e-14
2 4.52971e-14
3 -1.77636e-15
630 3
1 1.42109e-14
2 7.4607e-14
3 -2.93099e-14
632 3
1 6.21725e-15
2 1.68754e-14
3 -1.77636e-14
634 3
1 7.99361e-15
2 4.08562e-14
3 -8.88178e-16
636 3
1 2.22045e-14
2 4.52971e-14
3 -2.93099e-14
638 3
1 1.02141e-14
2 8.79297e-14
3 -1.24345e-14
640 3
1 -1.28786e-14
2 7.72715e-14
3 -4.88498e-14
642 3
1 1.42109e-14
2 3.81917e-14
3 1.42109e-14
644 3
1 0
2 3.64153e-14
3 0
646 3
1 4.61853e-14
2 1.03029e-13
3 -2.22045e-14
648 3
1 2.57572e-14
2 2.39808e-14
3 -2.13163e-14
650 3
1 1.64313e-14
2 5.86198e-14
3 -1.42109e-14
652 3
1 -1.86517e-14
2 5.15143e-14
3 5.32907e-15
654 3
1 7.54952e-15
2 5.9508e-14
3 -2.13163e-14
656 3
1 1.42109e-14
2 6.30607e-14
3 -3.55271e-15
658 3
1 1.19904e-14
2 8.88178e-14
3 1.95399e-14
660 3
1 1.24345e-14
2 5.68434e-14
3 -9.76996e-15
662 3
1 2.30926e-14
2 7.4607e-14
3 1.15463e-14
664 3
1 3.01981e-14
2 5.15143e-14
3 1.06581e-14
666 3
1 2.39808e-14
2 6.21725e-14
3 -3.55271e-15
668 3
1 1.06581e-14
2 6.03961e-14
3 1.06581e-14
670 3
1 3.19744e-14
2 3.55271e-14
3 -1.15463e-14
672 3
1 2.13163e-14
2 5.06262e-14
3 1.06581e-14
674 3
1 -7.99361e-15
2 7.01661e-14
3 1.77636e-15
676 3
1 2.39808e-14
2 7.4607e-14
3 5.32907e-15
678 3
1 1.77636e-15
2 4.17444e-14
3 -2.93099e-14
680 3
1 4.44089e-15
2 6.66134e-14
3 8.88178e-15
682 3
1 -7.10543e-15
2 3.55271e-14
3 1.59872e-14
684 3
1 4.88498e-15
2 4.70735e-14
3 5.32907e-15
686 3
1 -3.10862e-15
2 3.10862e-14
3 1.15463e-14
688 3
1 2.53131e-14
2 6.83897e-14
3 1.77636e-14
690 3
1 -5.32907e-15
2 5.68434e-14
3 -8.88178e-16
692 3
1 1.55431e-14
2 4.88498e-14
3 -1.06581e-14
694 3
1 1.46549e-14
2 8.9706e-14
3 -2.66454e-15
696 3
1 1.37668e-14
2 7.4607e-14
3 -9.76996e-15
698 3
1 1.68754e-14
2 4.70735e-14
3 -5.32907e-15
700 3
1 -1.42109e-14
2 6.30607e-14
3 -7.99361e-15
702 3
1 -1.5099e-14
2 6.92779e-14
3 -1.68754e-14
704 3
1 -1.19904e-14
2 7.10543e-14
3 -2.75335e-14
706 3
1 3.9968e-15
2 6.03961e-14
3 -2.93099e-14
708 3
1 1.86517e-14
2 5.86198e-14
3 2.13163e-14
710 3
1 2.93099e-14
2 8.34888e-14
3 9.76996e-15
712 3
1 3.90799e-14
2 1.19904e-13
3 4.17444e-14
714 3
1 -3.55271e-15
2 2.04281e-14
3 -2.84217e-14
716 3
1 2.44249e-14
2 6.30607e-14
3 7.10543e-15
718 3
1 -5.77316e-15
2 5.50671e-14
3 -2.4869e-14
720 3
1 4.15223e-14
2 8.08242e-14
3 1.77636e-14
722 3
1 4.01901e-14
2 7.01661e-14
3 1.42109e-14
724 3
1 5.68434e-14
2 6.30607e-14
3 -3.4639e-14
726 3
1 4.59632e-14
2 7.99361e-14
3 -4.44089e-15
728 3
1 2.5091e-14
2 8.08242e-14
3 0
730 3
1 1.33227e-15
2 1.00364e-13
3 -8.88178e-16
732 3
1 2.4869e-14
2 9.14824e-14
3 1.77636e-14
734 3
1 4.66294e-14
2 4.35207e-14
3 -5.32907e-15
736 3
1 3.13083e-14
2 7.63833e-14
3 8.88178e-16
738 3
1 3.24185e-14
2 2.39808e-14
3 2.04281e-14
740 3
1 3.77476e-14
2 4.26326e-14
3 1.68754e-14
742 3
1 3.9968e-14
2 6.66134e-14
3 -7.10543e-15
744 3
1 5.81757e-14
2 6.57252e-14
3 -1.77636e-14
746 3
1 3.06422e-14
2 5.9508e-14
3 5.32907e-15
748 3
1 3.64153e-14
2 9.41469e-14
3 -2.13163e-14
750 3
1 3.73035e-14
2 6.03961e-14
3 -1.5099e-14
752 3
1 4.79616e-14
2 9.05942e-14
3 -1.95399e-14
754 3
1 -6.21725e-15
2 8.9706e-14
3 2.13163e-14
756 3
1 6.32827e-14
2 9.05942e-14
3 2.84217e-14
758 3
1 1.11022e-15
2 9.23706e-14
3 -3.55271e-14
760 3
1 -1.33227e-15
2 9.32587e-14
3 -7.10543e-15
762 3
1 1.33227e-15
2 5.86198e-14
3 3.81917e-14
764 3
1 3.9968e-14
2 6.75016e-14
3 -1.06581e-14
766 3
1 3.41949e-14
2 5.77316e-14
3 2.84217e-14
768 3
1 -4.21885e-15
2 7.4607e-14
3 3.10862e-14
770 3
1 2.88658e-14
2 9.59233e-14
3 -1.42109e-14
772 3
1 2.66454e-14
2 7.99361e-14
3 5.32907e-14
774 3
1 3.81917e-14
2 1.01252e-13
3 1.42109e-14
776 3
1 1.64313e-14
2 1.00364e-13
3 3.55271e-15
778 3
1 3.17524e-14
2 7.10543e-14
3 1.77636e-15
780 3
1 9.76996e-15
2 7.72715e-14
3 1.06581e-14
782 3
1 2.44249e-14
2 7.99361e-14
3 -8.88178e-15
784 3
1 3.81917e-14
2 7.4607e-14
3 -2.30926e-14
786 3
1 2.30926e-14
2 3.90799e-14
3 -3.55271e-15
788 3
1 -1.11022e-14
2 7.01661e-14
3 -3.55271e-15
790 3
1 3.86358e-14
2 6.39488e-14
3 3.28626e-14
792 3
1 6.21725e-15
2 6.03961e-14
3 8.88178e-15
794 3
1 4.21885e-15
2 7.37188e-14
3 2.93099e-14
796 3
1 3.30846e-14
2 7.10543e-14
3 6.21725e-15
798 3
1 -1.68754e-14
2 3.55271e-14
3 3.81917e-14
800 3
1 -1.11022e-15
2 7.54952e-14
3 -2.30926e-14
802 3
1 -8.65974e-15
2 7.72715e-14
3 2.84217e-14
804 3
1 1.59872e-14
2 1.03029e-13
3 2.30926e-14
806 3
1 4.88498e-14
2 7.54952e-14
3 2.22045e-14
808 3
1 6.01741e-14
2 6.39488e-14
3 3.90799e-14
810 3
1 4.37428e-14
2 8.34888e-14
3 2.57572e-14
812 3
1 3.10862e-14
2 1.08358e-13
3 4.9738e-14
814 3
1 4.26326e-14
2 6.57252e-14
3 1.68754e-14
816 3
1 5.37348e-14
2 5.59552e-14
3 1.06581e-14
818 3
1 4.08562e-14
2 7.81597e-14
3 3.55271e-14
820 3
1 5.63993e-14
2 7.54952e-14
3 2.13163e-14
822 3
1 5.37348e-14
2 9.76996e-14
3 -1.06581e-14
824 3
1 3.33067e-14
2 6.92779e-14
3 3.10862e-14
826 3
1 2.22045e-15
2 6.03961e-14
3 -2.66454e-15
828 3
1 5.50671e-14
2 4.44089e-14
3 3.28626e-14
830 3
1 3.44169e-14
2 9.41469e-14
3 2.75335e-14
832 3
1 5.37348e-14
2 1.03029e-13
3 1.59872e-14
834 3
1 2.5091e-14
2 6.21725e-14
3 -1.86517e-14
836 3
1 2.39808e-14
2 5.41789e-14
3 0
838 3
1 1.68754e-14
2 6.12843e-14
3 0
840 3
1 2.95319e-14
2 7.28306e-14
3 2.66454e-15
842 3
1 2.04281e-14
2 8.08242e-14
3 -1.95399e-14
844 3
1 1.37668e-14
2 1.09246e-13
3 -6.21725e-15
846 3
1 8.88178e-15
2 1.02141e-13
3 1.33227e-14
848 3
1 4.88498e-15
2 8.70415e-14
3 1.42109e-14
850 3
1 3.19744e-14
2 7.72715e-14
3 7.99361e-15
852 3
1 2.88658e-14
2 1.10134e-13
3 1.24345e-14
854 3
1 4.79616e-14
2 8.52651e-14
3 -2.22045e-14
856 3
1 5.32907e-15
2 8.43769e-14
3 -1.86517e-14
858 3
1 4.9738e-14
2 5.24025e-14
3 6.21725e-15
860 3
1 3.30846e-14
2 6.83897e-14
3 5.32907e-15
862 3
1 2.17604e-14
2 9.59233e-14
3 -1.24345e-14
864 3
1 8.43769e-15
2 5.68434e-14
3 2.30926e-14
866 3
1 5.28466e-14
2 4.61853e-14
3 -2.66454e-14
868 3
1 2.75335e-14
2 8.88178e-14
3 2.30926e-14
870 3
1 3.86358e-14
2 6.66134e-14
3 3.19744e-14
872 3
1 2.08722e-14
2 9.41469e-14
3 1.68754e-14
874 3
1 5.06262e-14
2 8.17124e-14
3 8.88178e-16
876 3
1 3.06422e-14
2 8.9706e-14
3 -1.59872e-14
878 3
1 2.84217e-14
2 1.03917e-13
3 -1.42109e-14
880 3
1 1.02141e-14
2 9.41469e-14
3 4.44089e-15
882 3
1 5.55112e-14
2 8.9706e-14
3 8.88178e-16
884 3
1 3.68594e-14
2 6.75016e-14
3 7.10543e-15
886 3
1 5.10703e-14
2 6.57252e-14
3 -7.10543e-15
888 3
1 3.68594e-14
2 4.79616e-14
3 -1.86517e-14
890 3
1 7.01661e-14
2 1.02141e-13
3 -2.75335e-14
892 3
1 3.06422e-14
2 1.0747e-13
3 5.32907e-15
894 3
1 4.26326e-14
2 5.24025e-14
3 -1.77636e-14
896 3
1 1.82077e-14
2 5.59552e-14
3 -3.73035e-14
898 3
1 4.26326e-14
2 7.4607e-14
3 1.06581e-14
900 3
1 4.01901e-14
2 6.30607e-14
3 -2.66454e-14
902 3
1 3.73035e-14
2 8.43769e-14
3 7.99361e-15
904 3
1 7.59393e-14
2 5.50671e-14
3 -5.32907e-15
906 3
1 5.24025e-14
2 5.41789e-14
3 -6.21725e-15
908 3
1 6.12843e-14
2 1.1191e-13
3 -4.44089e-15
910 3
1 5.72875e-14
2 7.54952e-14
3 -7.99361e-15
912 3
1 3.95239e-14
2 6.4837e-14
3 -1.15463e-14
914 3
1 7.99361e-14
2 1.03917e-13
3 -1.33227e-14
916 3
1 2.84217e-14
2 9.9476e-14
3 -6.21725e-15
918 3
1 2.93099e-14
2 6.4837e-14
3 1.77636e-15
920 3
1 3.68594e-14
2 9.14824e-14
3 -1.68754e-14
922 3
1 6.35048e-14
2 9.50351e-14
3 -1.5099e-14
924 3
1 5.81757e-14
2 7.90479e-14
3 -8.88178e-15
926 3
1 5.01821e-14
2 7.01661e-14
3 -1.06581e-14
928 3
1 7.54952e-14
2 9.41469e-14
3 -2.22045e-14
930 3
1 5.28466e-14
2 8.79297e-14
3 -2.22045e-14
932 3
1 5.21805e-14
2 8.34888e-14
3 -1.06581e-14
934 3
1 3.59712e-14
2 1.16351e-13
3 -3.55271e-14
936 3
1 3.9968e-15
2 7.99361e-14
3 -2.13163e-14
938 3
1 6.39488e-14
2 5.32907e-14
3 -1.15463e-14
940 3
1 2.22045e-16
2 8.61533e-14
3 -3.37508e-14
942 3
1 3.10862e-15
2 5.59552e-14
3 -3.73035e-14
944 3
1 2.79776e-14
2 5.68434e-14
3 1.33227e-14
946 3
1 1.64313e-14
2 5.9508e-14
3 -5.32907e-15
948 3
1 5.24025e-14
2 8.52651e-14
3 -1.42109e-14
950 3
1 5.28466e-14
2 3.37508e-14
3 0
952 3
1 5.72875e-14
2 3.37508e-14
3 -3.37508e-14
954 3
1 3.24185e-14
2 5.68434e-14
3 -1.77636e-14
956 3
1 3.33067e-14
2 6.92779e-14
3 -1.33227e-14
958 3
1 5.10703e-14
2 8.08242e-14
3 3.55271e-15
960 3
1 1.33227e-14
2 5.68434e-14
3 -6.21725e-15
962 3
1 4.08562e-14
2 4.9738e-14
3 -4.44089e-14
964 3
1 1.06581e-14
2 6.4837e-14
3 -1.77636e-14
966 3
1 3.15303e-14
2 5.68434e-14
3 5.32907e-15
968 3
1 5.32907e-14
2 6.12843e-14
3 -3.55271e-15
970 3
1 2.62013e-14
2 5.41789e-14
3 -3.73035e-14
972 3
1 4.75175e-14
2 4.26326e-14
3 -1.59872e-14
974 3
1 4.30767e-14
2 2.84217e-14
3 -4.52971e-14
976 3
1 5.4623e-14
2 4.44089e-14
3 -2.66454e-14
978 3
1 5.55112e-14
2 1.01252e-13
3 -1.95399e-14
980 3
1 3.41949e-14
2 7.99361e-14
3 -7.10543e-15
982 3
1 5.72875e-14
2 5.24025e-14
3 -1.5099e-14
984 3
1 3.9968e-14
2 5.68434e-14
3 -1.15463e-14
986 3
1 6.17284e-14
2 6.57252e-14
3 -3.4639e-14
988 3
1 5.41789e-14
2 5.15143e-14
3 -3.4639e-14
990 3
1 5.86198e-14
2 2.4869e-14
3 -3.55271e-14
992 3
1 2.75335e-14
2 5.24025e-14
3 -1.33227e-14
994 3
1 5.24025e-14
2 5.68434e-14
3 -3.55271e-14
996 3
1 7.86038e-14
2 5.15143e-14
3 -4.44089e-14
998 3
1 6.52811e-14
2 2.30926e-14
3 -6.21725e-15
1000 3
1 6.43929e-14
2 3.64153e-14
3 -4.52971e-14
1002 3
1 6.92779e-14
2 7.19425e-14
3 -2.13163e-14
1004 3
1 8.26006e-14
2 5.68434e-14
3 -3.19744e-14
1006 3
1 1.00364e-13
2 8.34888e-14
3 -2.57572e-14
1008 3
1 4.21885e-14
2 7.37188e-14
3 -6.21725e-15
1010 3
1 9.37028e-14
2 5.77316e-14
3 -2.4869e-14
1012 3
1 8.21565e-14
2 5.9508e-14
3 5.32907e-15
1014 3
1 6.70575e-14
2 5.9508e-14
3 -1.68754e-14
1016 3
1 7.77156e-14
2 1.10134e-13
3 -7.10543e-14
1018 3
1 7.99361e-14
2 5.41789e-14
3 -2.30926e-14
1020 3
1 5.77316e-14
2 5.50671e-14
3 3.55271e-15
1022 3
1 6.66134e-14
2 6.57252e-14
3 -3.90799e-14
1024 3
1 4.57412e-14
2 5.86198e-14
3 -4.79616e-14
1026 3
1 9.37028e-14
2 7.90479e-14
3 -1.06581e-14
1028 3
1 9.54792e-14
2 7.37188e-14
3 -3.19744e-14
1030 3
1 9.72555e-14
2 8.08242e-14
3 -2.13163e-14
1032 3
1 7.86038e-14
2 9.50351e-14
3 -3.9968e-14
1034 3
1 9.90319e-14
2 3.4639e-14
3 -4.26326e-14
1036 3
1 9.01501e-14
2 4.9738e-14
3 -2.84217e-14
1038 3
1 7.28306e-14
2 4.26326e-14
3 -2.84217e-14
1040 3
1 7.32747e-14
2 8.17124e-14
3 -5.32907e-14
1042 3
1 7.54952e-14
2 5.15143e-14
3 -4.79616e-14
1044 3
1 7.23865e-14
2 6.83897e-14
3 -3.90799e-14
1046 3
1 1.03917e-13
2 4.44089e-14
3 -1.42109e-14
1048 3
1 8.70415e-14
2 4.9738e-14
3 -3.10862e-14
1050 3
1 7.68274e-14
2 3.81917e-14
3 -1.33227e-14
1052 3
1 8.08242e-14
2 5.06262e-14
3 -4.79616e-14
1054 3
1 6.17284e-14
2 2.30926e-14
3 8.88178e-15
1056 3
1 7.81597e-14
2 7.72715e-14
3 2.66454e-15
1058 3
1 8.43769e-14
2 4.88498e-14
3 -1.42109e-14
1060 3
1 7.9492e-14
2 5.41789e-14
3 -2.30926e-14
1062 3
1 7.63833e-14
2 5.41789e-14
3 -4.26326e-14
1064 3
1 6.88338e-14
2 8.9706e-14
3 -2.66454e-14
1066 3
1 4.61853e-14
2 2.13163e-14
3 -1.68754e-14
1068 3
1 7.01661e-14
2 2.66454e-14
3 -3.37508e-14
1070 3
1 9.85878e-14
2 4.35207e-14
3 -1.42109e-14
1072 3
1 1.03917e-13
2 7.63833e-14
3 -3.9968e-14
1074 3
1 9.50351e-14
2 9.68114e-14
3 -2.66454e-14
1076 3
1 1.14575e-13
2 7.54952e-14
3 -2.22045e-14
1078 3
1 8.30447e-14
2 6.39488e-14
3 -4.44089e-14
1080 3
1 1.04361e-13
2 4.44089e-14
3 -4.9738e-14
1082 3
1 6.17284e-14
2 4.08562e-14
3 -5.68434e-14
1084 3
1 9.32587e-14
2 5.86198e-14
3 -4.44089e-14
1086 3
1 9.63674e-14
2 4.26326e-14
3 1.06581e-14
1088 3
1 1.09246e-13
2 4.9738e-14
3 -2.84217e-14
1090 3
1 9.37028e-14
2 6.75016e-14
3 -5.9508e-14
1092 3
1 6.39488e-14
2 8.34888e-14
3 -3.4639e-14
1094 3
1 9.68114e-14
2 1.02141e-13
3 -1.42109e-14
1096 3
1 1.18572e-13
2 7.10543e-14
3 -1.68754e-14
1098 3
1 8.61533e-14
2 4.9738e-14
3 -5.15143e-14
1100 3
1 8.79297e-14
2 6.92779e-14
3 -4.88498e-14
1102 3
1 1.27454e-13
2 4.08562e-14
3 -1.95399e-14
1104 3
1 8.43769e-14
2 4.17444e-14
3 -3.19744e-14
1106 3
1 8.9706e-14
2 8.52651e-14
3 -2.66454e-14
1108 3
1 7.41629e-14
2 4.44089e-14
3 -2.4869e-14
1110 3
1 7.9492e-14
2 6.03961e-14
3 -3.55271e-14
1112 3
1 9.68114e-14
2 6.57252e-14
3 -6.75016e-14
1114 3
1 1.12799e-13
2 9.14824e-14
3 -3.81917e-14
1116 3
1 7.32747e-14
2 7.28306e-14
3 -4.70735e-14
1118 3
1 5.9952e-14
2 7.10543e-14
3 -4.79616e-14
1120 3
1 9.01501e-14
2 4.26326e-14
3 -4.44089e-14
1122 3
1 1.35003e-13
2 4.88498e-14
3 -4.08562e-14
1124 3
1 8.65974e-14
2 3.90799e-14
3 -9.76996e-15
1126 3
1 8.83738e-14
2 6.03961e-14
3 -1.24345e-14
1128 3
1 9.4591e-14
2 6.66134e-14
3 -8.88178e-15
1130 3
1 6.88338e-14
2 1.15463e-14
3 -4.17444e-14
1132 3
1 9.19265e-14
2 3.73035e-14
3 -1.59872e-14
1134 3
1 6.83897e-14
2 6.66134e-14
3 -4.9738e-14
1136 3
1 7.19425e-14
2 5.15143e-14
3 -5.32907e-14
1138 3
1 8.52651e-14
2 3.19744e-14
3 -3.01981e-14
1140 3
1 9.72555e-14
2 3.81917e-14
3 -2.57572e-14
1142 3
1 7.4607e-14
2 5.86198e-14
3 -2.75335e-14
1144 3
1 9.10383e-14
2 5.15143e-14
3 -3.9968e-14
1146 3
1 1.10578e-13
2 4.88498e-14
3 -5.86198e-14
1148 3
1 8.92619e-14
2 6.57252e-14
3 -3.73035e-14
1150 3
1 1.28342e-13
2 8.88178e-16
3 -1.5099e-14
1152 3
1 1.03917e-13
2 4.26326e-14
3 -5.32907e-14
1154 3
1 8.79297e-14
2 4.44089e-14
3 -2.30926e-14
1156 3
1 1.28786e-13
2 6.03961e-14
3 -6.39488e-14
1158 3
1 9.14824e-14
2 2.66454e-14
3 -3.90799e-14
1160 3
1 1.06137e-13
2 7.54952e-14
3 -3.37508e-14
1162 3
1 8.65974e-14
2 -1.77636e-15
3 -6.21725e-14
1164 3
1 9.41469e-14
2 3.19744e-14
3 -3.19744e-14
1166 3
1 8.9706e-14
2 4.79616e-14
3 -2.13163e-14
1168 3
1 1.02585e-13
2 5.15143e-14
3 -8.9706e-14
1170 3
1 9.59233e-14
2 4.08562e-14
3 -2.13163e-14
1172 3
1 8.52651e-14
2 3.81917e-14
3 -8.88178e-15
1174 3
1 7.81597e-14
2 3.37508e-14
3 -8.88178e-16
1176 3
1 9.37028e-14
2 1.59872e-14
3 -2.39808e-14
1178 3
1 1.20792e-13
2 5.50671e-14
3 -1.24345e-14
1180 3
1 8.79297e-14
2 6.21725e-14
3 -4.70735e-14
1182 3
1 1.47438e-13
2 3.64153e-14
3 1.24345e-14
1184 3
1 1.2168e-13
2 5.59552e-14
3 -5.50671e-14
1186 3
1 1.08358e-13
2 4.52971e-14
3 -6.21725e-15
1188 3
1 5.86198e-14
2 5.59552e-14
3 -1.15463e-14
1190 3
1 1.35891e-13
2 3.90799e-14
3 -4.9738e-14
1192 3
1 1.10134e-13
2 3.81917e-14
3 -1.59872e-14
1194 3
1 1.1191e-13
2 5.15143e-14
3 -1.15463e-14
1196 3
1 1.30562e-13
2 4.79616e-14
3 -3.19744e-14
1198 3
1 9.99201e-14
2 6.57252e-14
3 -1.33227e-14
1200 3
1 1.33227e-13
2 9.23706e-14
3 8.88178e-15
1202 3
1 9.59233e-14
2 3.90799e-14
3 -3.01981e-14
1204 3
1 5.90639e-14
2 2.57572e-14
3 -3.81917e-14
1206 3
1 7.54952e-14
2 4.88498e-14
3 -1.06581e-14
1208 3
1 7.37188e-14
2 8.34888e-14
3 -4.08562e-14
1210 3
1 5.24025e-14
2 3.01981e-14
3 -1.68754e-14
1212 3
1 8.30447e-14
2 6.30607e-14
3 1.15463e-14
1214 3
1 7.10543e-14
2 3.64153e-14
3 -3.10862e-14
1216 3
1 9.63674e-14
2 8.61533e-14
3 3.55271e-15
1218 3
1 1.16795e-13
2 7.37188e-14
3 -7.4607e-14
1220 3
1 7.4607e-14
2 3.64153e-14
3 -5.06262e-14
1222 3
1 7.01661e-14
2 3.19744e-14
3 -3.64153e-14
1224 3
1 7.06102e-14
2 5.9508e-14
3 2.66454e-14
1226 3
1 5.59552e-14
2 4.79616e-14
3 -4.9738e-14
1228 3
1 9.37028e-14
2 5.24025e-14
3 -5.59552e-14
1230 3
1 9.59233e-14
2 5.9508e-14
3 -1.24345e-14
1232 3
1 1.07914e-13
2 4.9738e-14
3 -5.32907e-14
1234 3
1 1.2923e-13
2 4.08562e-14
3 -4.61853e-14
1236 3
1 1.03917e-13
2 5.15143e-14
3 -2.13163e-14
1238 3
1 6.21725e-14
2 1.19904e-13
3 -5.77316e-14
1240 3
1 1.14575e-13
2 7.10543e-14
3 7.10543e-15
1242 3
1 8.4821e-14
2 8.34888e-14
3 -1.68754e-14
1244 3
1 8.83738e-14
2 6.21725e-14
3 -2.13163e-14
1246 3
1 5.86198e-14
2 6.39488e-14
3 -1.68754e-14
1248 3
1 8.79297e-14
2 8.61533e-14
3 7.99361e-15
1250 3
1 7.10543e-14
2 9.59233e-14
3 -1.15463e-14
1252 3
1 7.68274e-14
2 4.35207e-14
3 -4.08562e-14
1254 3
1 9.63674e-14
2 7.54952e-14
3 -2.75335e-14
1256 3
1 9.99201e-14
2 7.81597e-14
3 1.59872e-14
1258 3
1 1.01696e-13
2 6.30607e-14
3 -8.88178e-15
1260 3
1 8.4821e-14
2 5.86198e-14
3 -5.32907e-15
1262 3
1 8.65974e-14
2 5.15143e-14
3 -1.86517e-14
1264 3
1 9.28146e-14
2 7.01661e-14
3 7.10543e-15
1266 3
1 7.90479e-14
2 6.83897e-14
3 -1.68754e-14
1268 3
1 8.9706e-14
2 4.44089e-14
3 -5.9508e-14
1270 3
1 1.03473e-13
2 7.90479e-14
3 -5.32907e-15
1272 3
1 7.23865e-14
2 4.52971e-14
3 -1.95399e-14
1274 3
1 4.52971e-14
2 7.81597e-14
3 -7.10543e-15
1276 3
1 7.54952e-14
2 4.61853e-14
3 -1.24345e-14
1278 3
1 5.19584e-14
2 6.92779e-14
3 -2.75335e-14
1280 3
1 8.12683e-14
2 4.08562e-14
3 -1.68754e-14
1282 3
1 7.72715e-14
2 3.28626e-14
3 -4.44089e-14
1284 3
1 8.34888e-14
2 5.59552e-14
3 -2.13163e-14
1286 3
1 8.34888e-14
2 4.9738e-14
3 -3.01981e-14
1288 3
1 1.08358e-13
2 7.28306e-14
3 -4.26326e-14
1290 3
1 9.05942e-14
2 7.63833e-14
3 -6.03961e-14
1292 3
1 8.79297e-14
2 7.37188e-14
3 -5.50671e-14
1294 3
1 6.43929e-14
2 6.21725e-14
3 -4.08562e-14
1296 3
1 9.85878e-14
2 5.50671e-14
3 -1.24345e-14
1298 3
1 6.61693e-14
2 6.57252e-14
3 -3.73035e-14
1300 3
1 8.88178e-14
2 4.44089e-14
3 -1.5099e-14
1302 3
1 7.9492e-14
2 5.9508e-14
3 -7.10543e-15
1304 3
1 9.85878e-14
2 2.22045e-14
3 -5.32907e-14
1306 3
1 8.88178e-14
2 8.43769e-14
3 -6.21725e-14
1308 3
1 7.86038e-14
2 7.4607e-14
3 -7.10543e-15
1310 3
1 6.9722e-14
2 8.70415e-14
3 -3.28626e-14
1312 3
1 1.15019e-13
2 5.24025e-14
3 -4.9738e-14
1314 3
1 9.50351e-14
2 5.68434e-14
3 -2.39808e-14
1316 3
1 8.26006e-14
2 5.50671e-14
3 -1.68754e-14
1318 3
1 8.88178e-14
2 4.17444e-14
3 -1.5099e-14
1320 3
1 1.2168e-13
2 6.66134e-14
3 -2.39808e-14
1322 3
1 1.1191e-13
2 5.15143e-14
3 -3.01981e-14
1324 3
1 1.26565e-13
2 6.30607e-14
3 -1.59872e-14
1326 3
1 7.81597e-14
2 4.17444e-14
3 -2.84217e-14
1328 3
1 1.23901e-13
2 2.66454e-14
3 -2.4869e-14
1330 3
1 1.08358e-13
2 5.41789e-14
3 -2.13163e-14
1332 3
1 8.65974e-14
2 4.26326e-14
3 -2.13163e-14
1334 3
1 1.14575e-13
2 4.17444e-14
3 -1.77636e-15
1336 3
1 8.9706e-14
2 5.24025e-14
3 -2.22045e-14
1338 3
1 7.4607e-14
2 8.9706e-14
3 0
1340 3
1 5.72875e-14
2 4.61853e-14
3 -5.15143e-14
1342 3
1 1.01252e-13
2 2.13163e-14
3 -5.32907e-15
1344 3
1 9.28146e-14
2 5.50671e-14
3 -1.77636e-14
1346 3
1 6.30607e-14
2 5.32907e-14
3 -4.08562e-14
1348 3
1 7.10543e-14
2 6.92779e-14
3 -4.35207e-14
1350 3
1 7.90479e-14
2 5.32907e-14
3 -1.59872e-14
1352 3
1 9.54792e-14
2 4.79616e-14
3 -3.55271e-15
1354 3
1 1.07025e-13
2 5.15143e-14
3 -8.88178e-15
1356 3
1 7.86038e-14
2 3.55271e-14
3 -1.59872e-14
1358 3
1 1.07914e-13
2 7.28306e-14
3 -8.88178e-15
1360 3
1 1.01252e-13
2 8.52651e-14
3 -2.13163e-14
1362 3
1 8.21565e-14
2 1.03029e-13
3 -3.37508e-14
1364 3
1 1.22569e-13
2 4.79616e-14
3 -4.44089e-14
1366 3
1 1.19904e-13
2 5.32907e-14
3 7.10543e-15
1368 3
1 1.21236e-13
2 8.17124e-14
3 -5.32907e-15
1370 3
1 9.03722e-14
2 6.75016e-14
3 -1.06581e-14
1372 3
1 1.07692e-13
2 7.4607e-14
3 -1.95399e-14
1374 3
1 1.21014e-13
2 3.19744e-14
3 -2.13163e-14
1376 3
1 8.03801e-14
2 4.44089e-14
3 -3.19744e-14
1378 3
1 7.79377e-14
2 6.03961e-14
3 -2.84217e-14
1380 3
1 1.35003e-13
2 4.44089e-14
3 -7.10543e-15
1382 3
1 1.19016e-13
2 4.08562e-14
3 -2.30926e-14
1384 3
1 9.28146e-14
2 0
3 -4.08562e-14
1386 3
1 7.4607e-14
2 8.17124e-14
3 1.42109e-14
1388 3
1 1.10134e-13
2 4.9738e-14
3 -2.13163e-14
1390 3
1 9.9476e-14
2 4.9738e-14
3 -2.30926e-14
1392 3
1 9.32587e-14
2 3.37508e-14
3 -4.44089e-14
1394 3
1 1.03473e-13
2 4.26326e-14
3 3.55271e-15
1396 3
1 6.99441e-14
2 1.59872e-14
3 -4.9738e-14
1398 3
1 1.1724e-13
2 1.77636e-14
3 -2.4869e-14
1400 3
1 8.77076e-14
2 4.79616e-14
3 -8.88178e-15
1402 3
1 8.08242e-14
2 8.88178e-15
3 -1.06581e-14
1404 3
1 1.10134e-13
2 3.19744e-14
3 -8.88178e-15
1406 3
1 8.9484e-14
2 6.21725e-14
3 8.88178e-15
1408 3
1 9.83658e-14
2 3.90799e-14
3 -1.06581e-14
1410 3
1 1.2701e-13
2 2.93099e-14
3 7.10543e-15
1412 3
1 1.21014e-13
2 2.66454e-14
3 -1.95399e-14
1414 3
1 1.09024e-13
2 3.19744e-14
3 -3.01981e-14
1416 3
1 1.69198e-13
2 3.64153e-14
3 -1.06581e-14
1418 3
1 1.19682e-13
2 5.32907e-14
3 -2.4869e-14
1420 3
1 1.04361e-13
2 5.86198e-14
3 -2.66454e-14
1422 3
1 1.26121e-13
2 5.24025e-14
3 -8.88178e-15
1424 3
1 1.46105e-13
2 3.55271e-14
3 -8.88178e-15
1426 3
1 1.43885e-13
2 3.55271e-14
3 -1.42109e-14
1428 3
1 1.47438e-13
2 2.66454e-14
3 -3.55271e-15
1430 3
1 1.24345e-13
2 1.77636e-14
3 3.55271e-15
1432 3
1 1.15463e-13
2 4.08562e-14
3 -1.42109e-14
1434 3
1 1.03917e-13
2 6.4837e-14
3 3.55271e-15
1436 3
1 1.05693e-13
2 4.35207e-14
3 -2.4869e-14
1438 3
1 1.49214e-13
2 6.12843e-14
3 -4.61853e-14
1440 3
1 1.00586e-13
2 5.77316e-14
3 -2.13163e-14
1442 3
1 1.15019e-13
2 6.75016e-14
3 -2.84217e-14
1444 3
1 1.16351e-13
2 5.32907e-14
3 -2.66454e-14
1446 3
1 1.09912e-13
2 5.59552e-14
3 -1.24345e-14
1448 3
1 1.02807e-13
2 4.79616e-14
3 -1.24345e-14
1450 3
1 1.03917e-13
2 4.9738e-14
3 1.77636e-15
1452 3
1 1.06581e-13
2 1.86517e-14
3 -5.15143e-14
1454 3
1 1.37668e-13
2 5.24025e-14
3 -7.10543e-15
1456 3
1 1.24345e-13
2 2.4869e-14
3 -8.88178e-15
1458 3
1 9.10383e-14
2 1.95399e-14
3 -4.26326e-14
1460 3
1 1.33671e-13
2 1.77636e-15
3 -2.4869e-14
1462 3
1 1.5099e-13
2 6.39488e-14
3 -3.55271e-14
1464 3
1 1.24789e-13
2 6.03961e-14
3 -1.77636e-14
1466 3
1 1.09246e-13
2 2.13163e-14
3 -1.95399e-14
1468 3
1 1.31006e-13
2 4.9738e-14
3 -1.77636e-14
1470 3
1 1.17018e-13
2 4.35207e-14
3 -3.37508e-14
1472 3
1 1.31006e-13
2 6.75016e-14
3 -4.26326e-14
1474 3
1 1.40998e-13
2 4.35207e-14
3 -3.55271e-14
1476 3
1 1.49658e-13
2 8.52651e-14
3 -1.77636e-14
1478 3
1 1.36557e-13
2 6.4837e-14
3 -7.10543e-15
1480 3
1 1.39e-13
2 0
3 1.24345e-14
1482 3
1 1.45439e-13
2 6.92779e-14
3 -3.01981e-14
1484 3
1 1.67866e-13
2 2.04281e-14
3 -2.84217e-14
1486 3
1 1.52323e-13
2 5.50671e-14
3 -1.06581e-14
1488 3
1 1.48326e-13
2 2.84217e-14
3 -2.30926e-14
1490 3
1 1.21014e-13
2 5.32907e-14
3 -7.10543e-15
1492 3
1 1.54987e-13
2 6.30607e-14
3 -5.32907e-15
1494 3
1 1.14353e-13
2 4.35207e-14
3 -1.95399e-14
1496 3
1 1.36335e-13
2 6.66134e-14
3 -7.10543e-15
1498 3
1 1.18128e-13
2 4.26326e-14
3 5.32907e-15
1500 3
1 1.09246e-13
2 4.52971e-14
3 3.01981e-14
1502 3
1 1.1946e-13
2 2.84217e-14
3 0
1504 3
1 1.38334e-13
2 1.95399e-14
3 -1.42109e-14
1506 3
1 1.45439e-13
2 5.68434e-14
3 1.95399e-14
1508 3
1 1.19904e-13
2 1.06581e-14
3 7.10543e-15
1510 3
1 1.16129e-13
2 3.4639e-14
3 -8.88178e-15
1512 3
1 1.78524e-13
2 4.70735e-14
3 7.10543e-15
1514 3
1 1.1191e-13
2 2.66454e-14
3 -3.55271e-15
1516 3
1 1.24345e-13
2 5.9508e-14
3 1.95399e-14
1518 3
1 1.09246e-13
2 4.9738e-14
3 2.30926e-14
1520 3
1 1.40332e-13
2 4.44089e-14
3 1.59872e-14
1522 3
1 1.55653e-13
2 1.06581e-14
3 0
1524 3
1 1.50102e-13
2 4.70735e-14
3 1.59872e-14
1526 3
1 1.46771e-13
2 3.55271e-14
3 -3.55271e-15
1528 3
1 9.52571e-14
2 7.10543e-14
3 -7.10543e-15
1530 3
1 1.53655e-13
2 7.37188e-14
3 5.32907e-15
1532 3
1 1.45661e-13
2 3.90799e-14
3 1.59872e-14
1534 3
1 1.19238e-13
2 3.64153e-14
3 1.06581e-14
1536 3
1 1.43441e-13
2 4.26326e-14
3 5.32907e-15
1538 3
1 1.37446e-13
2 4.88498e-14
3 2.66454e-14
1540 3
1 1.53655e-13
2 3.19744e-14
3 3.55271e-15
1542 3
1 1.32783e-13
2 4.08562e-14
3 4.08562e-14
1544 3
1 1.10134e-13
2 4.61853e-14
3 3.37508e-14
1546 3
1 1.44329e-13
2 6.30607e-14
3 3.55271e-15
1548 3
1 1.33005e-13
2 5.50671e-14
3 3.90799e-14
1550 3
1 1.20126e-13
2 5.86198e-14
3 -1.42109e-14
1552 3
1 1.40998e-13
2 8.52651e-14
3 -1.77636e-15
1554 3
1 1.17684e-13
2 5.86198e-14
3 1.06581e-14
1556 3
1 1.54321e-13
2 9.9476e-14
3 -1.06581e-14
1558 3
1 1.33005e-13
2 3.9968e-14
3 -2.4869e-14
1560 3
1 1.21014e-13
2 5.15143e-14
3 -3.55271e-15
1562 3
1 1.15685e-13
2 6.21725e-14
3 1.42109e-14
1564 3
1 1.3789e-13
2 5.32907e-14
3 3.55271e-15
1566 3
1 1.21236e-13
2 1.02141e-13
3 3.01981e-14
1568 3
1 1.55431e-13
2 7.01661e-14
3 2.30926e-14
1570 3
1 1.39222e-13
2 9.23706e-14
3 3.73035e-14
1572 3
1 1.43219e-13
2 5.86198e-14
3 1.77636e-14
1574 3
1 1.02585e-13
2 5.9508e-14
3 3.55271e-14
1576 3
1 1.38112e-13
2 7.81597e-14
3 1.06581e-14
1578 3
1 1.67422e-13
2 6.83897e-14
3 1.59872e-14
1580 3
1 1.62537e-13
2 8.17124e-14
3 3.19744e-14
1582 3
1 1.56541e-13
2 9.14824e-14
3 3.90799e-14
1584 3
1 1.29452e-13
2 5.59552e-14
3 -1.77636e-15
1586 3
1 1.54765e-13
2 6.39488e-14
3 2.84217e-14
1588 3
1 1.65201e-13
2 9.59233e-14
3 -1.77636e-15
1590 3
1 1.42331e-13
2 8.17124e-14
3 1.06581e-14
1592 3
1 1.40998e-13
2 5.32907e-14
3 4.79616e-14
1594 3
1 1.44551e-13
2 8.43769e-14
3 3.55271e-15
1596 3
1 1.58984e-13
2 7.63833e-14
3 1.06581e-14
1598 3
1 1.87628e-13
2 8.26006e-14
3 -3.55271e-15
1600 3
1 1.74083e-13
2 8.88178e-14
3 1.24345e-14
1602 3
1 1.79412e-13
2 1.13687e-13
3 3.01981e-14
1604 3
1 1.65201e-13
2 4.9738e-14
3 7.10543e-14
1606 3
1 1.83853e-13
2 7.99361e-14
3 6.21725e-14
1608 3
1 1.46549e-13
2 9.05942e-14
3 3.37508e-14
1610 3
1 1.67866e-13
2 7.72715e-14
3 5.68434e-14
1612 3
1 1.74527e-13
2 1.03029e-13
3 8.52651e-14
1614 3
1 1.48326e-13
2 6.66134e-14
3 4.08562e-14
1616 3
1 1.73195e-13
2 5.86198e-14
3 4.26326e-14
1618 3
1 1.50102e-13
2 5.86198e-14
3 5.68434e-14
1620 3
1 1.62093e-13
2 1.01252e-13
3 2.4869e-14
1622 3
1 1.56319e-13
2 4.61853e-14
3 4.44089e-14
1624 3
1 1.54543e-13
2 9.76996e-14
3 5.50671e-14
1626 3
1 1.53655e-13
2 6.21725e-14
3 5.50671e-14
1628 3
1 1.25233e-13
2 7.99361e-14
3 8.52651e-14
1630 3
1 1.3145e-13
2 5.86198e-14
3 7.28306e-14
1632 3
1 1.47438e-13
2 5.24025e-14
3 2.4869e-14
1634 3
1 1.53655e-13
2 1.0747e-13
3 7.4607e-14
1636 3
1 1.35891e-13
2 6.57252e-14
3 3.73035e-14
1638 3
1 1.82077e-13
2 7.63833e-14
3 5.15143e-14
1640 3
1 1.43885e-13
2 7.63833e-14
3 9.59233e-14
1642 3
1 1.55431e-13
2 4.61853e-14
3 4.79616e-14
1644 3
1 1.62537e-13
2 6.30607e-14
3 5.86198e-14
1646 3
1 1.89182e-13
2 4.08562e-14
3 4.26326e-14
1648 3
1 1.96287e-13
2 9.9476e-14
3 7.99361e-14
1650 3
1 1.43885e-13
2 5.32907e-14
3 9.41469e-14
1652 3
1 1.44329e-13
2 4.70735e-14
3 9.9476e-14
1654 3
1 1.66978e-13
2 8.9706e-14
3 6.57252e-14
1656 3
1 1.40332e-13
2 7.99361e-14
3 6.39488e-14
1658 3
1 1.37668e-13
2 5.15143e-14
3 1.08358e-13
1660 3
1 1.64757e-13
2 5.86198e-14
3 6.92779e-14
1662 3
1 1.60316e-13
2 6.12843e-14
3 9.05942e-14
1664 3
1 1.61648e-13
2 3.90799e-14
3 7.63833e-14
1666 3
1 1.66089e-13
2 7.28306e-14
3 8.34888e-14
1668 3
1 1.30118e-13
2 8.70415e-14
3 9.41469e-14
1670 3
1 1.62537e-13
2 6.75016e-14
3 8.34888e-14
1672 3
1 1.26565e-13
2 4.52971e-14
3 9.05942e-14
1674 3
1 1.64757e-13
2 7.54952e-14
3 8.70415e-14
1676 3
1 1.62537e-13
2 1.00364e-13
3 9.76996e-14
1678 3
1 1.49214e-13
2 4.79616e-14
3 8.88178e-14
1680 3
1 1.29674e-13
2 5.86198e-14
3 9.59233e-14
1682 3
1 1.65201e-13
2 9.50351e-14
3 6.03961e-14
1684 3
1 1.24345e-13
2 7.37188e-14
3 7.28306e-14
1686 3
1 1.68754e-13
2 9.32587e-14
3 7.28306e-14
1688 3
1 1.59428e-13
2 6.92779e-14
3 7.4607e-14
1690 3
1 1.45661e-13
2 6.92779e-14
3 8.34888e-14
1692 3
1 1.65201e-13
2 -4.44089e-15
3 8.52651e-14
1694 3
1 1.57652e-13
2 5.77316e-14
3 5.68434e-14
1696 3
1 1.27898e-13
2 5.86198e-14
3 8.70415e-14
1698 3
1 1.69198e-13
2 6.66134e-14
3 7.28306e-14
1700 3
1 1.59872e-13
2 7.37188e-14
3 7.4607e-14
1702 3
1 1.6076e-13
2 9.9476e-14
3 5.32907e-14
1704 3
1 1.93623e-13
2 6.75016e-14
3 1.01252e-13
1706 3
1 1.43885e-13
2 9.59233e-14
3 9.05942e-14
1708 3
1 1.55431e-13
2 5.15143e-14
3 9.23706e-14
1710 3
1 1.56319e-13
2 7.4607e-14
3 9.9476e-14
1712 3
1 1.28786e-13
2 6.21725e-14
3 7.81597e-14
1714 3
1 1.19016e-13
2 9.50351e-14
3 9.41469e-14
1716 3
1 1.46549e-13
2 4.08562e-14
3 8.52651e-14
1718 3
1 1.35003e-13
2 4.08562e-14
3 7.28306e-14
1720 3
1 1.53655e-13
2 7.10543e-14
3 7.63833e-14
1722 3
1 1.42997e-13
2 5.32907e-14
3 8.88178e-14
1724 3
1 2.04281e-13
2 4.70735e-14
3 1.04805e-13
1726 3
1 1.22569e-13
2 3.10862e-14
3 7.28306e-14
1728 3
1 1.68754e-13
2 3.73035e-14
3 7.4607e-14
1730 3
1 1.46549e-13
2 6.92779e-14
3 6.21725e-14
1732 3
1 1.78968e-13
2 3.01981e-14
3 6.03961e-14
1734 3
1 1.63425e-13
2 5.86198e-14
3 8.52651e-14
1736 3
1 1.56319e-13
2 4.79616e-14
3 6.92779e-14
1738 3
1 1.42997e-13
2 7.99361e-14
3 6.75016e-14
1740 3
1 1.15463e-13
2 9.41469e-14
3 8.17124e-14
1742 3
1 1.43885e-13
2 4.35207e-14
3 7.81597e-14
1744 3
1 1.52767e-13
2 4.61853e-14
3 7.81597e-14
1746 3
1 1.53655e-13
2 7.99361e-14
3 9.41469e-14
1748 3
1 1.81188e-13
2 4.35207e-14
3 5.68434e-14
1750 3
1 1.55431e-13
2 3.55271e-14
3 7.10543e-14
1752 3
1 1.36779e-13
2 2.4869e-14
3 7.28306e-14
1754 3
1 1.15463e-13
2 3.55271e-15
3 5.50671e-14
1756 3
1 1.39444e-13
2 6.21725e-14
3 4.79616e-14
1758 3
1 1.46549e-13
2 3.37508e-14
3 9.59233e-14
1760 3
1 1.54099e-13
2 5.50671e-14
3 2.84217e-14
1762 3
1 1.7053e-13
2 3.28626e-14
3 5.86198e-14
1764 3
1 1.42997e-13
2 6.12843e-14
3 7.63833e-14
1766 3
1 1.5099e-13
2 4.26326e-14
3 8.34888e-14
1768 3
1 1.72307e-13
2 6.03961e-14
3 5.86198e-14
1770 3
1 1.50102e-13
2 5.68434e-14
3 6.92779e-14
1772 3
1 1.49214e-13
2 5.41789e-14
3 7.99361e-14
1774 3
1 1.69642e-13
2 3.01981e-14
3 7.81597e-14
1776 3
1 1.33227e-13
2 4.52971e-14
3 6.21725e-14
1778 3
1 1.64313e-13
2 6.75016e-14
3 6.57252e-14
1780 3
1 1.45661e-13
2 6.75016e-14
3 3.90799e-14
1782 3
1 1.54543e-13
2 3.37508e-14
3 4.61853e-14
1784 3
1 1.51879e-13
2 7.72715e-14
3 5.68434e-14
1786 3
1 1.6076e-13
2 4.08562e-14
3 2.84217e-14
1788 3
1 1.84741e-13
2 3.19744e-14
3 6.03961e-14
1790 3
1 1.4122e-13
2 4.26326e-14
3 7.28306e-14
1792 3
1 1.67866e-13
2 2.4869e-14
3 7.63833e-14
1794 3
1 1.58096e-13
2 6.12843e-14
3 7.4607e-14
1796 3
1 1.7053e-13
2 3.81917e-14
3 7.4607e-14
1798 3
1 1.5854e-13
2 3.90799e-14
3 8.88178e-14
1800 3
1 1.53655e-13
2 7.63833e-14
3 6.75016e-14
1802 3
1 1.45661e-13
2 6.4837e-14
3 7.10543e-14
1804 3
1 1.65201e-13
2 1.86517e-14
3 7.63833e-14
1806 3
1 1.67866e-13
2 1.06581e-14
3 8.52651e-14
1808 3
1 1.76748e-13
2 1.77636e-14
3 7.10543e-14
1810 3
1 1.26121e-13
2 3.55271e-14
3 6.39488e-14
1812 3
1 1.82965e-13
2 5.68434e-14
3 8.88178e-14
1814 3
1 1.48326e-13
2 4.35207e-14
3 7.4607e-14
1816 3
1 1.44773e-13
2 2.57572e-14
3 4.08562e-14
1818 3
1 1.65201e-13
2 5.50671e-14
3 5.50671e-14
1820 3
1 1.44773e-13
2 6.03961e-14
3 9.76996e-14
1822 3
1 1.95399e-13
2 3.37508e-14
3 7.4607e-14
1824 3
1 1.5099e-13
2 2.75335e-14
3 6.03961e-14
1826 3
1 1.5099e-13
2 3.55271e-15
3 8.17124e-14
1828 3
1 1.56319e-13
2 2.84217e-14
3 6.21725e-14
1830 3
1 1.74083e-13
2 3.4639e-14
3 8.17124e-14
1832 3
1 1.61648e-13
2 4.88498e-14
3 8.17124e-14
1834 3
1 1.48326e-13
2 3.73035e-14
3 4.26326e-14
1836 3
1 1.50102e-13
2 5.86198e-14
3 8.88178e-14
1838 3
1 1.58984e-13
2 1.06581e-14
3 4.26326e-14
1840 3
1 1.82077e-13
2 5.68434e-14
3 8.17124e-14
1842 3
1 1.5099e-13
2 3.55271e-14
3 4.9738e-14
1844 3
1 1.73195e-13
2 5.41789e-14
3 1.10134e-13
1846 3
1 1.76748e-13
2 1.59872e-14
3 7.28306e-14
1848 3
1 1.73195e-13
2 4.9738e-14
3 6.57252e-14
1850 3
1 1.66089e-13
2 6.21725e-14
3 1.01252e-13
1852 3
1 1.51879e-13
2 3.4639e-14
3 8.17124e-14
1854 3
1 1.74971e-13
2 1.24345e-14
3 7.63833e-14
1856 3
1 1.42997e-13
2 1.77636e-14
3 7.28306e-14
1858 3
1 1.75859e-13
2 2.39808e-14
3 4.26326e-14
1860 3
1 1.73195e-13
2 3.55271e-15
3 6.75016e-14
1862 3
1 1.68754e-13
2 4.44089e-14
3 5.50671e-14
1864 3
1 1.85629e-13
2 3.73035e-14
3 6.92779e-14
1866 3
1 1.66089e-13
2 1.15463e-14
3 4.79616e-14
1868 3
1 1.85629e-13
2 4.44089e-14
3 6.21725e-14
1870 3
1 1.72751e-13
2 4.79616e-14
3 5.86198e-14
1872 3
1 1.73639e-13
2 8.88178e-15
3 6.75016e-14
1874 3
1 1.14575e-13
2 1.42109e-14
3 7.28306e-14
1876 3
1 1.7053e-13
2 3.01981e-14
3 5.68434e-14
1878 3
1 1.69642e-13
2 2.30926e-14
3 8.70415e-14
1880 3
1 1.77636e-13
2 1.06581e-14
3 1.08358e-13
1882 3
1 1.3145e-13
2 4.17444e-14
3 6.39488e-14
1884 3
1 1.50102e-13
2 5.68434e-14
3 7.4607e-14
1886 3
1 1.2168e-13
2 3.19744e-14
3 9.76996e-14
1888 3
1 1.40332e-13
2 6.30607e-14
3 7.10543e-14
1890 3
1 1.61648e-13
2 -1.06581e-14
3 8.70415e-14
1892 3
1 1.63425e-13
2 3.01981e-14
3 5.50671e-14
1894 3
1 1.56319e-13
2 8.88178e-15
3 9.05942e-14
1896 3
1 1.47438e-13
2 3.55271e-15
3 6.21725e-14
1898 3
1 1.59872e-13
2 2.66454e-14
3 9.23706e-14
1900 3
1 1.57208e-13
2 2.30926e-14
3 1.08358e-13
1902 3
1 1.56319e-13
2 -8.88178e-16
3 5.15143e-14
1904 3
1 1.52767e-13
2 7.19425e-14
3 7.99361e-14
1906 3
1 1.62537e-13
2 2.13163e-14
3 5.50671e-14
1908 3
1 1.25233e-13
2 5.32907e-14
3 6.39488e-14
1910 3
1 1.45661e-13
2 6.12843e-14
3 5.32907e-14
1912 3
1 1.56319e-13
2 2.13163e-14
3 9.05942e-14
1914 3
1 1.29674e-13
2 4.9738e-14
3 7.99361e-14
1916 3
1 1.71418e-13
2 4.88498e-14
3 6.92779e-14
1918 3
1 1.35003e-13
2 1.06581e-14
3 7.99361e-14
1920 3
1 1.55431e-13
2 2.39808e-14
3 6.75016e-14
1922 3
1 1.55431e-13
2 2.4869e-14
3 3.73035e-14
1924 3
1 1.73195e-13
2 -3.55271e-15
3 4.26326e-14
1926 3
1 1.72307e-13
2 3.55271e-14
3 7.63833e-14
1928 3
1 1.42109e-13
2 5.06262e-14
3 7.28306e-14
1930 3
1 1.61648e-13
2 3.4639e-14
3 7.28306e-14
1932 3
1 1.56319e-13
2 2.75335e-14
3 1.03029e-13
1934 3
1 1.58096e-13
2 4.44089e-14
3 6.75016e-14
1936 3
1 1.66089e-13
2 1.86517e-14
3 6.39488e-14
1938 3
1 1.35891e-13
2 3.81917e-14
3 1.06581e-13
1940 3
1 1.5099e-13
2 4.9738e-14
3 6.21725e-14
1942 3
1 1.42109e-13
2 4.79616e-14
3 7.81597e-14
1944 3
1 1.59872e-13
2 5.9508e-14
3 6.92779e-14
1946 3
1 1.72307e-13
2 4.79616e-14
3 8.88178e-14
1948 3
1 1.63425e-13
2 6.03961e-14
3 7.10543e-14
1950 3
1 1.29674e-13
2 2.66454e-14
3 8.17124e-14
1952 3
1 1.61648e-13
2 4.61853e-14
3 8.34888e-14
1954 3
1 1.50102e-13
2 4.61853e-14
3 4.08562e-14
1956 3
1 1.2701e-13
2 5.86198e-14
3 7.4607e-14
1958 3
1 1.56319e-13
2 4.88498e-14
3 5.68434e-14
1960 3
1 1.48326e-13
2 5.15143e-14
3 3.73035e-14
1962 3
1 1.68754e-13
2 4.9738e-14
3 7.81597e-14
1964 3
1 1.4122e-13
2 4.17444e-14
3 9.41469e-14
1966 3
1 1.35891e-13
2 4.79616e-14
3 6.21725e-14
1968 3
1 1.43885e-13
2 1.59872e-14
3 3.90799e-14
1970 3
1 1.27898e-13
2 5.86198e-14
3 1.95399e-14
1972 3
1 1.1724e-13
2 7.28306e-14
3 5.68434e-14
1974 3
1 8.61533e-14
2 5.9508e-14
3 4.44089e-14
1976 3
1 1.42109e-13
2 5.86198e-14
3 7.28306e-14
1978 3
1 1.26121e-13
2 6.92779e-14
3 6.57252e-14
1980 3
1 1.77636e-13
2 7.99361e-14
3 4.61853e-14
1982 3
1 1.20792e-13
2 1.68754e-14
3 3.55271e-14
1984 3
1 1.45661e-13
2 2.66454e-14
3 3.90799e-14
1986 3
1 1.42109e-13
2 8.17124e-14
3 6.21725e-14
1988 3
1 1.35003e-13
2 3.10862e-14
3 3.73035e-14
1990 3
1 1.59872e-13
2 3.37508e-14
3 5.32907e-14
1992 3
1 1.33227e-13
2 2.75335e-14
3 5.15143e-14
1994 3
1 1.49214e-13
2 8.52651e-14
3 3.01981e-14
1996 3
1 1.35891e-13
2 3.37508e-14
3 7.10543e-14
1998 3
1 1.09246e-13
2 6.21725e-14
3 6.21725e-14
2000 3
1 1.36779e-13
2 6.39488e-14
3 3.73035e-14
2002 3
1 1.3145e-13
2 5.68434e-14
3 2.66454e-14
2004 3
1 1.45661e-13
2 3.9968e-14
3 6.21725e-14
2006 3
1 1.10134e-13
2 2.4869e-14
3 4.08562e-14
2008 3
1 1.19016e-13
2 4.61853e-14
3 4.61853e-14
2010 3
1 1.09246e-13
2 2.4869e-14
3 7.4607e-14
2012 3
1 1.16351e-13
2 -1.77636e-15
3 6.75016e-14
2014 3
1 1.11022e-13
2 6.03961e-14
3 4.79616e-14
2016 3
1 8.61533e-14
2 5.68434e-14
3 3.90799e-14
2018 3
1 1.55431e-13
2 5.15143e-14
3 6.21725e-14
2020 3
1 1.39444e-13
2 5.15143e-14
3 2.84217e-14
2022 3
1 1.26121e-13
2 4.88498e-14
3 3.37508e-14
2024 3
1 1.24345e-13
2 5.06262e-14
3 7.4607e-14
2026 3
1 1.58096e-13
2 3.90799e-14
3 7.28306e-14
2028 3
1 1.53655e-13
2 2.66454e-14
3 6.39488e-14
2030 3
1 1.11022e-13
2 4.44089e-14
3 2.13163e-14
2032 3
1 1.26121e-13
2 4.17444e-14
3 5.32907e-14
2034 3
1 1.39444e-13
2 6.66134e-14
3 7.63833e-14
2036 3
1 1.32339e-13
2 5.50671e-14
3 5.32907e-14
2038 3
1 1.03029e-13
2 6.30607e-14
3 5.86198e-14
2040 3
1 1.19904e-13
2 5.06262e-14
3 4.79616e-14
2042 3
1 1.39444e-13
2 4.26326e-14
3 6.92779e-14
2044 3
1 1.15463e-13
2 4.08562e-14
3 6.21725e-14
2046 3
1 1.33227e-13
2 1.95399e-14
3 3.73035e-14
2048 3
1 1.27898e-13
2 4.26326e-14
3 7.10543e-14
2050 3
1 1.15463e-13
2 3.55271e-14
3 6.57252e-14
2052 3
1 1.2168e-13
2 2.93099e-14
3 3.01981e-14
2054 3
1 1.30562e-13
2 5.68434e-14
3 5.68434e-14
2056 3
1 1.2168e-13
2 4.79616e-14
3 7.4607e-14
2058 3
1 9.9476e-14
2 3.28626e-14
3 4.26326e-14
2060 3
1 7.54952e-14
2 4.61853e-14
3 6.03961e-14
2062 3
1 9.23706e-14
2 5.68434e-14
3 8.17124e-14
2064 3
1 1.2701e-13
2 6.57252e-14
3 5.50671e-14
2066 3
1 1.04805e-13
2 3.90799e-14
3 7.28306e-14
2068 3
1 1.45661e-13
2 8.17124e-14
3 7.63833e-14
2070 3
1 1.43885e-13
2 6.75016e-14
3 6.75016e-14
2072 3
1 1.45661e-13
2 9.59233e-14
3 7.28306e-14
2074 3
1 9.9476e-14
2 6.21725e-14
3 7.28306e-14
2076 3
1 9.59233e-14
2 5.9508e-14
3 5.15143e-14
2078 3
1 1.10134e-13
2 4.61853e-14
3 2.30926e-14
2080 3
1 1.33227e-13
2 8.43769e-14
3 7.28306e-14
2082 3
1 1.36779e-13
2 8.34888e-14
3 6.21725e-14
2084 3
1 1.30562e-13
2 8.79297e-14
3 6.92779e-14
2086 3
1 1.33227e-13
2 4.44089e-14
3 7.81597e-14
2088 3
1 1.16351e-13
2 9.59233e-14
3 6.03961e-14
2090 3
1 1.01252e-13
2 6.57252e-14
3 6.39488e-14
2092 3
1 1.11022e-13
2 6.03961e-14
3 6.92779e-14
2094 3
1 1.30562e-13
2 4.61853e-14
3 7.99361e-14
2096 3
1 1.36779e-13
2 3.10862e-14
3 4.79616e-14
2098 3
1 1.15463e-13
2 3.73035e-14
3 5.32907e-14
2100 3
1 9.05942e-14
2 6.30607e-14
3 5.32907e-14
2102 3
1 1.22569e-13
2 5.68434e-14
3 6.57252e-14
2104 3
1 1.27898e-13
2 6.12843e-14
3 4.61853e-14
2106 3
1 1.20792e-13
2 7.99361e-14
3 5.32907e-14
2108 3
1 1.19016e-13
2 6.39488e-14
3 4.79616e-14
2110 3
1 1.0747e-13
2 5.86198e-14
3 6.03961e-14
2112 3
1 1.15463e-13
2 4.79616e-14
3 6.75016e-14
2114 3
1 1.12799e-13
2 4.70735e-14
3 7.10543e-14
2116 3
1 9.05942e-14
2 9.32587e-14
3 6.21725e-14
2118 3
1 1.26121e-13
2 5.15143e-14
3 3.55271e-14
2120 3
1 7.99361e-14
2 8.17124e-14
3 4.9738e-14
2122 3
1 1.28786e-13
2 7.01661e-14
3 6.57252e-14
2124 3
1 1.2168e-13
2 6.57252e-14
3 3.90799e-14
2126 3
1 9.05942e-14
2 6.21725e-14
3 7.81597e-14
2128 3
1 9.76996e-14
2 6.4837e-14
3 9.05942e-14
2130 3
1 9.9476e-14
2 4.70735e-14
3 5.86198e-14
2132 3
1 1.23457e-13
2 7.01661e-14
3 7.99361e-14
2134 3
1 1.33227e-13
2 5.68434e-14
3 4.44089e-14
2136 3
1 9.85878e-14
2 6.57252e-14
3 5.32907e-14
2138 3
1 1.33227e-13
2 4.9738e-14
3 7.28306e-14
2140 3
1 1.23457e-13
2 7.28306e-14
3 6.39488e-14
2142 3
1 1.0747e-13
2 7.54952e-14
3 4.9738e-14
2144 3
1 1.03029e-13
2 6.03961e-14
3 5.50671e-14
2146 3
1 1.19016e-13
2 7.19425e-14
3 5.86198e-14
2148 3
1 1.0747e-13
2 6.39488e-14
3 7.81597e-14
2150 3
1 1.03029e-13
2 6.75016e-14
3 5.68434e-14
2152 3
1 1.20792e-13
2 5.15143e-14
3 5.86198e-14
2154 3
1 1.06581e-13
2 4.61853e-14
3 7.81597e-14
2156 3
1 9.9476e-14
2 5.86198e-14
3 6.03961e-14
2158 3
1 1.19904e-13
2 5.32907e-14
3 4.08562e-14
2160 3
1 1.19016e-13
2 9.05942e-14
3 4.61853e-14
2162 3
1 1.3145e-13
2 8.52651e-14
3 3.19744e-14
2164 3
1 1.24345e-13
2 5.59552e-14
3 4.61853e-14
2166 3
1 1.40332e-13
2 4.26326e-14
3 4.08562e-14
2168 3
1 1.37668e-13
2 6.75016e-14
3 4.08562e-14
2170 3
1 1.1191e-13
2 6.39488e-14
3 8.88178e-15
2172 3
1 1.1191e-13
2 7.99361e-14
3 3.55271e-14
2174 3
1 1.01252e-13
2 8.61533e-14
3 3.37508e-14
2176 3
1 1.34115e-13
2 4.9738e-14
3 5.32907e-14
2178 3
1 1.32339e-13
2 9.41469e-14
3 2.30926e-14
2180 3
1 1.13687e-13
2 8.61533e-14
3 1.77636e-14
2182 3
1 1.33227e-13
2 8.34888e-14
3 2.84217e-14
2184 3
1 8.70415e-14
2 1.05693e-13
3 4.44089e-14
2186 3
1 1.20792e-13
2 6.57252e-14
3 4.08562e-14
2188 3
1 9.85878e-14
2 6.92779e-14
3 2.13163e-14
2190 3
1 7.54952e-14
2 6.39488e-14
3 4.08562e-14
2192 3
1 1.1191e-13
2 4.9738e-14
3 3.37508e-14
2194 3
1 1.15019e-13
2 9.76996e-14
3 5.68434e-14
2196 3
1 1.01252e-13
2 6.75016e-14
3 8.52651e-14
2198 3
1 8.52651e-14
2 4.79616e-14
3 1.24345e-14
2200 3
1 1.19904e-13
2 5.32907e-14
3 8.88178e-15
2202 3
1 1.39444e-13
2 5.86198e-14
3 2.13163e-14
2204 3
1 7.81597e-14
2 5.50671e-14
3 1.42109e-14
2206 3
1 1.24345e-13
2 7.37188e-14
3 8.88178e-15
2208 3
1 7.90479e-14
2 8.08242e-14
3 3.19744e-14
2210 3
1 1.04805e-13
2 6.66134e-14
3 4.61853e-14
2212 3
1 1.1724e-13
2 8.70415e-14
3 0
2214 3
1 1.15463e-13
2 7.4607e-14
3 4.9738e-14
2216 3
1 1.06581e-13
2 9.59233e-14
3 4.79616e-14
2218 3
1 1.24345e-13
2 8.88178e-14
3 6.21725e-14
2220 3
1 9.23706e-14
2 7.81597e-14
3 5.68434e-14
2222 3
1 1.2701e-13
2 5.15143e-14
3 3.19744e-14
2224 3
1 1.14575e-13
2 9.59233e-14
3 4.08562e-14
2226 3
1 1.59872e-13
2 6.75016e-14
3 5.32907e-14
2228 3
1 1.1724e-13
2 4.79616e-14
3 4.44089e-14
2230 3
1 1.1724e-13
2 7.72715e-14
3 4.79616e-14
2232 3
1 1.25233e-13
2 7.63833e-14
3 4.08562e-14
2234 3
1 8.30447e-14
2 6.39488e-14
3 4.79616e-14
2236 3
1 1.51434e-13
2 5.32907e-14
3 4.61853e-14
2238 3
1 1.04361e-13
2 8.52651e-14
3 4.44089e-14
2240 3
1 1.06581e-13
2 4.52971e-14
3 7.4607e-14
2242 3
1 1.42997e-13
2 5.77316e-14
3 5.50671e-14
2244 3
1 1.31006e-13
2 9.05942e-14
3 2.4869e-14
2246 3
1 1.14131e-13
2 6.03961e-14
3 3.01981e-14
2248 3
1 1.48326e-13
2 8.17124e-14
3 3.90799e-14
2250 3
1 1.29008e-13
2 1.12799e-13
3 7.99361e-14
2252 3
1 1.25899e-13
2 1.1191e-13
3 5.68434e-14
2254 3
1 1.38112e-13
2 9.9476e-14
3 3.55271e-14
2256 3
1 1.58318e-13
2 1.03029e-13
3 1.77636e-14
2258 3
1 1.23457e-13
2 5.86198e-14
3 3.90799e-14
2260 3
1 1.33449e-13
2 7.28306e-14
3 2.13163e-14
2262 3
1 1.23013e-13
2 5.9508e-14
3 2.13163e-14
2264 3
1 1.46327e-13
2 9.05942e-14
3 3.55271e-14
2266 3
1 1.56763e-13
2 7.63833e-14
3 3.90799e-14
2268 3
1 1.47882e-13
2 7.54952e-14
3 2.66454e-14
2270 3
1 1.2701e-13
2 4.9738e-14
3 5.68434e-14
2272 3
1 1.37224e-13
2 6.30607e-14
3 3.90799e-14
2274 3
1 1.52323e-13
2 7.81597e-14
3 4.44089e-14
2276 3
1 1.51434e-13
2 8.34888e-14
3 4.61853e-14
2278 3
1 1.35003e-13
2 1.23457e-13
3 7.10543e-14
2280 3
1 1.19016e-13
2 6.92779e-14
3 6.03961e-14
2282 3
1 1.19904e-13
2 9.76996e-14
3 5.50671e-14
2284 3
1 1.46105e-13
2 7.28306e-14
3 2.66454e-14
2286 3
1 1.58096e-13
2 8.17124e-14
3 5.15143e-14
2288 3
1 1.35003e-13
2 7.99361e-14
3 3.55271e-14
2290 3
1 1.39e-13
2 6.30607e-14
3 3.90799e-14
2292 3
1 1.49214e-13
2 9.59233e-14
3 4.26326e-14
2294 3
1 1.06137e-13
2 7.81597e-14
3 5.68434e-14
2296 3
1 1.41664e-13
2 9.85878e-14
3 5.32907e-14
2298 3
1 1.55875e-13
2 8.70415e-14
3 8.88178e-14
2300 3
1 1.36335e-13
2 8.79297e-14
3 4.26326e-14
2302 3
1 1.59428e-13
2 8.26006e-14
3 9.05942e-14
2304 3
1 1.2168e-13
2 7.63833e-14
3 4.79616e-14
2306 3
1 1.39888e-13
2 7.28306e-14
3 3.90799e-14
2308 3
1 1.64757e-13
2 9.32587e-14
3 4.9738e-14
2310 3
1 1.56763e-13
2 7.10543e-14
3 6.21725e-14
2312 3
1 1.5099e-13
2 8.70415e-14
3 9.59233e-14
2314 3
1 1.44773e-13
2 5.50671e-14
3 6.92779e-14
2316 3
1 1.76303e-13
2 7.99361e-14
3 5.15143e-14
2318 3
1 1.36779e-13
2 6.92779e-14
3 6.57252e-14
2320 3
1 1.23901e-13
2 6.57252e-14
3 4.08562e-14
2322 3
1 1.2168e-13
2 6.39488e-14
3 1.77636e-14
2324 3
1 8.92619e-14
2 4.26326e-14
3 2.13163e-14
2326 3
1 1.22569e-13
2 8.08242e-14
3 3.90799e-14
2328 3
1 1.03473e-13
2 8.88178e-14
3 5.32907e-14
2330 3
1 9.9476e-14
2 8.17124e-14
3 2.4869e-14
2332 3
1 1.11022e-13
2 4.08562e-14
3 5.15143e-14
2334 3
1 1.42109e-13
2 9.41469e-14
3 2.84217e-14
2336 3
1 1.03029e-13
2 5.68434e-14
3 8.34888e-14
2338 3
1 8.4821e-14
2 9.59233e-14
3 4.08562e-14
2340 3
1 1.05249e-13
2 8.34888e-14
3 4.08562e-14
2342 3
1 1.39444e-13
2 4.61853e-14
3 3.37508e-14
2344 3
1 1.0969e-13
2 1.03917e-13
3 6.03961e-14
2346 3
1 8.39329e-14
2 8.70415e-14
3 6.92779e-14
2348 3
1 1.25677e-13
2 7.54952e-14
3 7.81597e-14
2350 3
1 9.85878e-14
2 9.50351e-14
3 3.73035e-14
2352 3
1 8.34888e-14
2 9.76996e-14
3 5.86198e-14
2354 3
1 1.16795e-13
2 8.79297e-14
3 6.03961e-14
2356 3
1 9.19265e-14
2 7.63833e-14
3 5.86198e-14
2358 3
1 1.18128e-13
2 5.59552e-14
3 4.79616e-14
2360 3
1 1.22569e-13
2 8.17124e-14
3 6.75016e-14
2362 3
1 8.52651e-14
2 7.28306e-14
3 4.26326e-14
2364 3
1 9.99201e-14
2 4.52971e-14
3 8.70415e-14
2366 3
1 1.03917e-13
2 6.21725e-14
3 4.44089e-14
2368 3
1 9.99201e-14
2 6.92779e-14
3 8.52651e-14
2370 3
1 9.28146e-14
2 1.13687e-13
3 2.66454e-14
2372 3
1 9.59233e-14
2 7.37188e-14
3 7.81597e-14
2374 3
1 1.02585e-13
2 6.4837e-14
3 6.57252e-14
2376 3
1 9.23706e-14
2 7.4607e-14
3 4.61853e-14
2378 3
1 9.50351e-14
2 5.9508e-14
3 4.79616e-14
2380 3
1 9.90319e-14
2 6.57252e-14
3 5.68434e-14
2382 3
1 1.08802e-13
2 7.63833e-14
3 7.99361e-14
2384 3
1 9.28146e-14
2 6.66134e-14
3 5.68434e-14
2386 3
1 1.08802e-13
2 7.99361e-14
3 5.68434e-14
2388 3
1 9.23706e-14
2 7.01661e-14
3 7.10543e-14
2390 3
1 1.19016e-13
2 7.37188e-14
3 3.55271e-14
2392 3
1 1.35003e-13
2 7.81597e-14
3 6.39488e-14
2394 3
1 9.90319e-14
2 8.52651e-14
3 3.19744e-14
2396 3
1 1.12799e-13
2 5.06262e-14
3 1.77636e-15
2398 3
1 1.08358e-13
2 7.37188e-14
3 5.86198e-14
2400 3
1 1.00808e-13
2 7.10543e-14
3 7.4607e-14
2402 3
1 1.03473e-13
2 8.88178e-14
3 6.03961e-14
2404 3
1 8.57092e-14
2 7.28306e-14
3 5.15143e-14
2406 3
1 8.57092e-14
2 7.81597e-14
3 1.59872e-14
2408 3
1 8.4821e-14
2 6.92779e-14
3 3.73035e-14
2410 3
1 7.81597e-14
2 9.76996e-14
3 2.84217e-14
2412 3
1 6.39488e-14
2 5.32907e-14
3 1.59872e-14
2414 3
1 9.76996e-14
2 8.17124e-14
3 6.21725e-14
2416 3
1 1.05693e-13
2 6.57252e-14
3 3.90799e-14
2418 3
1 1.29674e-13
2 3.01981e-14
3 5.15143e-14
2420 3
1 6.10623e-14
2 7.63833e-14
3 6.92779e-14
2422 3
1 1.12355e-13
2 4.79616e-14
3 5.32907e-14
2424 3
1 1.21014e-13
2 4.9738e-14
3 2.84217e-14
2426 3
1 1.15907e-13
2 6.92779e-14
3 5.15143e-14
2428 3
1 9.19265e-14
2 1.08358e-13
3 6.57252e-14
2430 3
1 1.03917e-13
2 3.55271e-14
3 3.37508e-14
2432 3
1 1.21458e-13
2 7.4607e-14
3 1.42109e-14
2434 3
1 1.06137e-13
2 7.63833e-14
3 5.15143e-14
2436 3
1 1.34115e-13
2 9.05942e-14
3 3.73035e-14
2438 3
1 1.07914e-13
2 5.68434e-14
3 3.19744e-14
2440 3
1 7.9492e-14
2 5.50671e-14
3 5.32907e-14
2442 3
1 9.28146e-14
2 4.9738e-14
3 3.73035e-14
2444 3
1 1.06359e-13
2 7.63833e-14
3 1.42109e-14
2446 3
1 9.52571e-14
2 4.70735e-14
3 4.26326e-14
2448 3
1 1.59872e-13
2 6.39488e-14
3 2.66454e-14
2450 3
1 9.4813e-14
2 8.88178e-14
3 -8.88178e-15
2452 3
1 1.66755e-13
2 6.12843e-14
3 6.21725e-14
2454 3
1 1.07248e-13
2 5.9508e-14
3 3.55271e-14
2456 3
1 8.83738e-14
2 6.39488e-14
3 5.86198e-14
2458 3
1 8.9706e-14
2 8.52651e-14
3 5.86198e-14
2460 3
1 1.14575e-13
2 6.75016e-14
3 4.61853e-14
2462 3
1 1.39666e-13
2 8.79297e-14
3 6.21725e-14
2464 3
1 1.16573e-13
2 8.43769e-14
3 1.24345e-14
2466 3
1 1.07692e-13
2 7.63833e-14
3 3.19744e-14
2468 3
1 1.26565e-13
2 2.22045e-14
3 1.77636e-14
2470 3
1 1.32783e-13
2 6.03961e-14
3 4.61853e-14
2472 3
1 1.01474e-13
2 6.30607e-14
3 3.55271e-14
2474 3
1 9.23706e-14
2 6.57252e-14
3 2.84217e-14
2476 3
1 1.03251e-13
2 3.73035e-14
3 4.26326e-14
2478 3
1 1.01918e-13
2 4.79616e-14
3 2.66454e-14
2480 3
1 1.28786e-13
2 5.86198e-14
3 5.68434e-14
2482 3
1 9.23706e-14
2 4.52971e-14
3 4.26326e-14
2484 3
1 1.34559e-13
2 4.79616e-14
3 2.66454e-14
2486 3
1 9.68114e-14
2 9.14824e-14
3 1.95399e-14
2488 3
1 1.35447e-13
2 3.81917e-14
3 8.88178e-15
2490 3
1 1.11022e-13
2 7.63833e-14
3 1.24345e-14
2492 3
1 1.30784e-13
2 4.79616e-14
3 3.19744e-14
2494 3
1 1.16129e-13
2 4.08562e-14
3 2.4869e-14
2496 3
1 1.38778e-13
2 6.92779e-14
3 6.92779e-14
2498 3
1 1.25011e-13
2 4.44089e-14
3 2.84217e-14
2500 3
1 1.22569e-13
2 3.28626e-14
3 3.73035e-14
2502 3
1 1.35891e-13
2 6.21725e-14
3 7.10543e-15
2504 3
1 9.23706e-14
2 4.26326e-14
3 3.37508e-14
2506 3
1 1.4122e-13
2 7.10543e-14
3 3.90799e-14
2508 3
1 1.35003e-13
2 5.24025e-14
3 2.13163e-14
2510 3
1 1.54543e-13
2 4.70735e-14
3 1.24345e-14
2512 3
1 1.46105e-13
2 2.93099e-14
3 0
2514 3
1 1.14131e-13
2 6.30607e-14
3 2.66454e-14
2516 3
1 1.50546e-13
2 5.86198e-14
3 2.84217e-14
2518 3
1 1.48326e-13
2 3.9968e-14
3 3.90799e-14
2520 3
1 1.2923e-13
2 4.61853e-14
3 4.08562e-14
2522 3
1 1.15685e-13
2 6.92779e-14
3 8.88178e-15
2524 3
1 1.38112e-13
2 3.90799e-14
3 1.59872e-14
2526 3
1 1.28786e-13
2 5.15143e-14
3 2.4869e-14
2528 3
1 1.48104e-13
2 4.44089e-14
3 3.55271e-14
2530 3
1 1.03917e-13
2 5.9508e-14
3 3.37508e-14
2532 3
1 1.46771e-13
2 6.75016e-14
3 3.73035e-14
2534 3
1 1.62093e-13
2 4.17444e-14
3 3.73035e-14
2536 3
1 1.32783e-13
2 8.61533e-14
3 5.68434e-14
2538 3
1 1.5854e-13
2 6.66134e-14
3 -5.32907e-15
2540 3
1 1.66533e-13
2 4.35207e-14
3 1.95399e-14
2542 3
1 1.54543e-13
2 3.4639e-14
3 4.44089e-14
2544 3
1 1.56763e-13
2 7.28306e-14
3 2.84217e-14
2546 3
1 1.34781e-13
2 7.63833e-14
3 1.95399e-14
2548 3
1 1.56097e-13
2 4.79616e-14
3 3.37508e-14
2550 3
1 1.9007e-13
2 5.9508e-14
3 4.44089e-14
2552 3
1 1.64091e-13
2 4.88498e-14
3 4.61853e-14
2554 3
1 1.6942e-13
2 4.9738e-14
3 6.03961e-14
2556 3
1 1.7697e-13
2 6.03961e-14
3 4.08562e-14
2558 3
1 1.69864e-13
2 6.57252e-14
3 3.01981e-14
2560 3
1 1.74305e-13
2 7.19425e-14
3 3.90799e-14
2562 3
1 1.70974e-13
2 7.4607e-14
3 3.90799e-14
2564 3
1 1.89404e-13
2 6.03961e-14
3 1.77636e-15
2566 3
1 1.75637e-13
2 5.86198e-14
3 2.30926e-14
2568 3
1 1.7919e-13
2 3.73035e-14
3 3.37508e-14
2570 3
1 1.83853e-13
2 6.12843e-14
3 1.95399e-14
2572 3
1 2.08722e-13
2 5.24025e-14
3 1.77636e-15
2574 3
1 1.78302e-13
2 6.39488e-14
3 -3.55271e-15
2576 3
1 2.17826e-13
2 7.99361e-14
3 -3.55271e-15
2578 3
1 2.02949e-13
2 2.66454e-14
3 8.88178e-15
2580 3
1 1.803e-13
2 4.52971e-14
3 3.37508e-14
2582 3
1 1.61648e-13
2 4.35207e-14
3 -1.95399e-14
2584 3
1 1.72085e-13
2 4.79616e-14
3 8.88178e-15
2586 3
1 1.67644e-13
2 5.59552e-14
3 -3.55271e-15
2588 3
1 2.18048e-13
2 7.19425e-14
3 3.90799e-14
2590 3
1 1.75415e-13
2 5.50671e-14
3 -1.77636e-14
2592 3
1 1.96287e-13
2 7.72715e-14
3 1.59872e-14
2594 3
1 1.93845e-13
2 4.35207e-14
3 3.19744e-14
2596 3
1 2.12497e-13
2 7.99361e-14
3 4.08562e-14
2598 3
1 1.8141e-13
2 4.79616e-14
3 1.77636e-15
2600 3
1 1.97842e-13
2 2.84217e-14
3 7.10543e-15
2602 3
1 1.75415e-13
2 5.86198e-14
3 2.84217e-14
2604 3
1 2.05835e-13
2 8.9706e-14
3 3.37508e-14
2606 3
1 1.95399e-13
2 8.17124e-14
3 7.10543e-15
2608 3
1 1.96287e-13
2 6.83897e-14
3 1.06581e-14
2610 3
1 2.27818e-13
2 7.4607e-14
3 1.06581e-14
2612 3
1 1.69642e-13
2 5.15143e-14
3 1.24345e-14
2614 3
1 1.84963e-13
2 5.68434e-14
3 -1.95399e-14
2616 3
1 1.94511e-13
2 7.01661e-14
3 2.84217e-14
2618 3
1 1.83409e-13
2 6.12843e-14
3 3.55271e-15
2620 3
1 1.61648e-13
2 7.81597e-14
3 -3.55271e-15
2622 3
1 1.82077e-13
2 6.39488e-14
3 2.66454e-14
2624 3
1 2.04725e-13
2 6.21725e-14
3 1.77636e-15
2626 3
1 1.94733e-13
2 3.19744e-14
3 1.42109e-14
2628 3
1 1.7053e-13
2 5.50671e-14
3 2.30926e-14
2630 3
1 2.26708e-13
2 7.72715e-14
3 -3.73035e-14
2632 3
1 1.71418e-13
2 7.01661e-14
3 -4.26326e-14
2634 3
1 1.53211e-13
2 6.21725e-14
3 1.77636e-14
2636 3
1 2.15827e-13
2 6.57252e-14
3 -1.42109e-14
2638 3
1 2.16271e-13
2 9.05942e-14
3 5.32907e-15
2640 3
1 1.52989e-13
2 3.81917e-14
3 -3.19744e-14
2642 3
1 1.9118e-13
2 6.75016e-14
3 -1.77636e-14
2644 3
1 1.64757e-13
2 4.9738e-14
3 -2.66454e-14
2646 3
1 1.85629e-13
2 4.70735e-14
3 5.32907e-15
2648 3
1 1.74971e-13
2 6.30607e-14
3 3.19744e-14
2650 3
1 1.65201e-13
2 4.35207e-14
3 -3.55271e-15
2652 3
1 1.8785e-13
2 3.19744e-14
3 -2.84217e-14
2654 3
1 1.88072e-13
2 5.15143e-14
3 3.55271e-15
2656 3
1 1.67866e-13
2 4.52971e-14
3 -4.26326e-14
2658 3
1 1.66978e-13
2 4.08562e-14
3 8.88178e-15
2660 3
1 1.52989e-13
2 5.68434e-14
3 1.77636e-15
2662 3
1 1.85629e-13
2 5.68434e-14
3 -2.4869e-14
2664 3
1 1.98952e-13
2 6.75016e-14
3 -7.10543e-15
2666 3
1 1.84075e-13
2 8.08242e-14
3 -3.55271e-15
2668 3
1 2.14717e-13
2 7.4607e-14
3 3.55271e-15
2670 3
1 1.82965e-13
2 7.28306e-14
3 2.84217e-14
2672 3
1 1.95177e-13
2 6.75016e-14
3 1.59872e-14
2674 3
1 1.84075e-13
2 5.59552e-14
3 -1.77636e-15
2676 3
1 2.15161e-13
2 6.39488e-14
3 -1.59872e-14
2678 3
1 1.50102e-13
2 7.54952e-14
3 -1.77636e-15
2680 3
1 1.83409e-13
2 6.66134e-14
3 1.06581e-14
2682 3
1 2.1716e-13
2 6.83897e-14
3 4.08562e-14
2684 3
1 2.24265e-13
2 3.55271e-14
3 4.08562e-14
2686 3
1 1.89404e-13
2 4.08562e-14
3 -3.55271e-15
2688 3
1 2.08722e-13
2 5.06262e-14
3 1.77636e-14
2690 3
1 2.09166e-13
2 5.41789e-14
3 -3.55271e-14
2692 3
1 2.085e-13
2 4.79616e-14
3 2.13163e-14
2694 3
1 1.94511e-13
2 5.41789e-14
3 7.10543e-15
2696 3
1 2.20712e-13
2 6.03961e-14
3 7.10543e-15
2698 3
1 2.0095e-13
2 5.59552e-14
3 1.42109e-14
2700 3
1 1.88072e-13
2 6.21725e-14
3 -1.59872e-14
2702 3
1 1.76748e-13
2 3.81917e-14
3 -1.24345e-14
2704 3
1 1.91847e-13
2 4.88498e-14
3 2.66454e-14
2706 3
1 1.96732e-13
2 3.9968e-14
3 5.50671e-14
2708 3
1 1.94955e-13
2 2.4869e-14
3 2.66454e-14
2710 3
1 2.06279e-13
2 4.61853e-14
3 2.84217e-14
2712 3
1 2.13607e-13
2 4.61853e-14
3 2.4869e-14
2714 3
1 1.94733e-13
2 3.73035e-14
3 -5.32907e-15
2716 3
1 2.1938e-13
2 6.21725e-14
3 3.55271e-14
2718 3
1 2.085e-13
2 6.66134e-14
3 2.13163e-14
2720 3
1 2.06501e-13
2 6.83897e-14
3 5.32907e-14
2722 3
1 2.10498e-13
2 5.32907e-14
3 -1.77636e-14
2724 3
1 1.93179e-13
2 6.75016e-14
3 -2.30926e-14
2726 3
1 1.92735e-13
2 4.88498e-14
3 -1.42109e-14
2728 3
1 1.85185e-13
2 3.9968e-14
3 -1.06581e-14
2730 3
1 2.09166e-13
2 2.75335e-14
3 -3.55271e-15
2732 3
1 1.96954e-13
2 5.86198e-14
3 2.84217e-14
2734 3
1 1.86517e-13
2 4.35207e-14
3 -3.55271e-15
2736 3
1 2.05169e-13
2 3.37508e-14
3 1.24345e-14
2738 3
1 2.01394e-13
2 6.21725e-14
3 3.01981e-14
2740 3
1 2.09166e-13
2 7.81597e-14
3 -8.88178e-15
2742 3
1 2.02949e-13
2 5.9508e-14
3 2.13163e-14
2744 3
1 2.34035e-13
2 3.01981e-14
3 -1.42109e-14
2746 3
1 2.16271e-13
2 5.50671e-14
3 7.10543e-15
2748 3
1 2.23821e-13
2 4.17444e-14
3 -1.77636e-15
2750 3
1 2.04725e-13
2 6.21725e-14
3 1.24345e-14
2752 3
1 1.96287e-13
2 6.30607e-14
3 1.59872e-14
2754 3
1 2.20712e-13
2 5.06262e-14
3 2.66454e-14
2756 3
1 2.03837e-13
2 7.10543e-14
3 1.95399e-14
2758 3
1 2.11831e-13
2 5.15143e-14
3 3.01981e-14
2760 3
1 2.0961e-13
2 2.39808e-14
3 2.30926e-14
2762 3
1 1.74083e-13
2 8.34888e-14
3 3.90799e-14
2764 3
1 2.34479e-13
2 6.39488e-14
3 -2.13163e-14
2766 3
1 1.93623e-13
2 3.81917e-14
3 2.30926e-14
2768 3
1 2.08722e-13
2 6.75016e-14
3 -7.10543e-15
2770 3
1 1.92291e-13
2 6.21725e-14
3 3.37508e-14
2772 3
1 1.99396e-13
2 3.55271e-14
3 1.95399e-14
2774 3
1 1.85185e-13
2 5.68434e-14
3 -1.95399e-14
2776 3
1 2.12275e-13
2 3.90799e-14
3 1.42109e-14
2778 3
1 2.10498e-13
2 5.06262e-14
3 -7.10543e-15
2780 3
1 1.86962e-13
2 3.19744e-14
3 -7.10543e-15
2782 3
1 2.13607e-13
2 4.79616e-14
3 1.77636e-15
2784 3
1 2.24709e-13
2 5.15143e-14
3 3.55271e-15
2786 3
1 2.25597e-13
2 6.12843e-14
3 1.06581e-14
2788 3
1 2.15827e-13
2 5.68434e-14
3 2.84217e-14
2790 3
1 2.03393e-13
2 9.41469e-14
3 3.55271e-15
2792 3
1 1.98952e-13
2 6.66134e-14
3 2.4869e-14
2794 3
1 2.4647e-13
2 4.35207e-14
3 1.06581e-14
2796 3
1 2.22489e-13
2 6.21725e-14
3 2.13163e-14
2798 3
1 2.37144e-13
2 6.75016e-14
3 1.06581e-14
2800 3
1 2.43361e-13
2 8.17124e-14
3 -1.77636e-15
2802 3
1 2.04059e-13
2 3.9968e-14
3 -7.10543e-15
2804 3
1 1.96287e-13
2 6.03961e-14
3 2.4869e-14
2806 3
1 1.65867e-13
2 9.05942e-14
3 2.13163e-14
2808 3
1 2.02505e-13
2 4.79616e-14
3 1.06581e-14
2810 3
1 2.4114e-13
2 8.43769e-14
3 1.77636e-14
2812 3
1 2.23821e-13
2 7.37188e-14
3 -1.77636e-15
2814 3
1 1.70974e-13
2 3.73035e-14
3 4.79616e-14
2816 3
1 1.803e-13
2 3.01981e-14
3 1.77636e-15
2818 3
1 1.86962e-13
2 1.01252e-13
3 3.55271e-14
2820 3
1 2.14495e-13
2 5.41789e-14
3 2.13163e-14
2822 3
1 1.92735e-13
2 7.99361e-14
3 2.30926e-14
2824 3
1 2.16271e-13
2 7.19425e-14
3 4.61853e-14
2826 3
1 2.04281e-13
2 6.03961e-14
3 1.42109e-14
2828 3
1 1.98952e-13
2 6.57252e-14
3 3.73035e-14
2830 3
1 2.14051e-13
2 9.50351e-14
3 8.88178e-15
2832 3
1 1.54099e-13
2 8.9706e-14
3 -8.88178e-15
2834 3
1 1.93179e-13
2 4.70735e-14
3 0
2836 3
1 2.06501e-13
2 4.79616e-14
3 4.44089e-14
2838 3
1 2.13163e-13
2 7.90479e-14
3 2.84217e-14
2840 3
1 2.22933e-13
2 5.41789e-14
3 -1.95399e-14
2842 3
1 2.06057e-13
2 7.01661e-14
3 3.01981e-14
2844 3
1 1.90514e-13
2 6.21725e-14
3 5.32907e-14
2846 3
1 2.11386e-13
2 6.03961e-14
3 3.19744e-14
2848 3
1 2.04725e-13
2 5.24025e-14
3 1.95399e-14
2850 3
1 2.15827e-13
2 7.28306e-14
3 -7.10543e-15
2852 3
1 2.21601e-13
2 9.85878e-14
3 4.26326e-14
2854 3
1 2.14939e-13
2 8.17124e-14
3 -7.10543e-15
2856 3
1 1.84741e-13
2 5.86198e-14
3 3.37508e-14
2858 3
1 2.02505e-13
2 6.83897e-14
3 -1.77636e-14
2860 3
1 1.9007e-13
2 9.9476e-14
3 3.01981e-14
2862 3
1 2.28262e-13
2 9.41469e-14
3 2.4869e-14
2864 3
1 2.37588e-13
2 6.57252e-14
3 3.55271e-15
2866 3
1 2.54907e-13
2 6.66134e-14
3 4.61853e-14
2868 3
1 2.03393e-13
2 9.32587e-14
3 1.77636e-14
2870 3
1 2.14495e-13
2 5.41789e-14
3 3.55271e-15
2872 3
1 2.27818e-13
2 5.15143e-14
3 3.19744e-14
2874 3
1 1.96732e-13
2 7.19425e-14
3 1.42109e-14
2876 3
1 2.03837e-13
2 5.50671e-14
3 -3.55271e-15
2878 3
1 2.37588e-13
2 6.39488e-14
3 5.50671e-14
2880 3
1 2.18492e-13
2 5.9508e-14
3 8.88178e-15
2882 3
1 2.23377e-13
2 7.63833e-14
3 1.06581e-14
2884 3
1 2.38032e-13
2 7.54952e-14
3 2.30926e-14
2886 3
1 1.77192e-13
2 7.4607e-14
3 0
2888 3
1 2.02505e-13
2 7.19425e-14
3 1.06581e-14
2890 3
1 1.84297e-13
2 5.77316e-14
3 2.13163e-14
2892 3
1 2.06501e-13
2 7.54952e-14
3 1.42109e-14
2894 3
1 1.96287e-13
2 7.37188e-14
3 1.59872e-14
2896 3
1 2.00728e-13
2 5.9508e-14
3 2.4869e-14
2898 3
1 2.00284e-13
2 7.72715e-14
3 3.55271e-15
2900 3
1 2.30926e-13
2 6.92779e-14
3 1.06581e-14
2902 3
1 2.18048e-13
2 7.90479e-14
3 -8.88178e-15
2904 3
1 2.34923e-13
2 8.52651e-14
3 -8.88178e-15
2906 3
1 2.04281e-13
2 6.83897e-14
3 2.84217e-14
2908 3
1 1.84297e-13
2 7.37188e-14
3 -2.30926e-14
2910 3
1 1.94067e-13
2 4.9738e-14
3 1.06581e-14
2912 3
1 1.75859e-13
2 8.61533e-14
3 4.61853e-14
2914 3
1 1.54987e-13
2 9.05942e-14
3 3.55271e-14
2916 3
1 2.20712e-13
2 6.92779e-14
3 -1.95399e-14
2918 3
1 1.93179e-13
2 6.92779e-14
3 4.26326e-14
2920 3
1 2.34035e-13
2 6.12843e-14
3 7.10543e-15
2922 3
1 1.94067e-13
2 6.39488e-14
3 3.55271e-15
2924 3
1 1.79856e-13
2 5.77316e-14
3 1.95399e-14
2926 3
1 2.41585e-13
2 1.03917e-13
3 3.19744e-14
2928 3
1 2.20712e-13
2 7.99361e-14
3 2.66454e-14
2930 3
1 1.86073e-13
2 7.10543e-14
3 -1.06581e-14
2932 3
1 1.9762e-13
2 8.88178e-14
3 -1.24345e-14
2934 3
1 2.04281e-13
2 6.21725e-14
3 3.37508e-14
2936 3
1 1.94511e-13
2 7.81597e-14
3 -1.06581e-14
2938 3
1 1.96287e-13
2 8.70415e-14
3 -5.32907e-15
2940 3
1 2.30482e-13
2 1.01252e-13
3 3.55271e-15
2942 3
1 2.32703e-13
2 8.43769e-14
3 5.32907e-15
2944 3
1 2.37144e-13
2 7.81597e-14
3 1.42109e-14
2946 3
1 2.2693e-13
2 9.23706e-14
3 3.55271e-15
2948 3
1 2.38032e-13
2 1.0747e-13
3 -1.06581e-14
2950 3
1 2.2915e-13
2 7.10543e-14
3 1.24345e-14
2952 3
1 2.27374e-13
2 8.52651e-14
3 3.19744e-14
2954 3
1 2.40696e-13
2 9.9476e-14
3 -1.77636e-15
2956 3
1 2.45137e-13
2 9.68114e-14
3 0
2958 3
1 2.07834e-13
2 7.81597e-14
3 7.10543e-15
2960 3
1 2.20712e-13
2 1.03917e-13
3 1.42109e-14
2962 3
1 1.86517e-13
2 8.61533e-14
3 -7.10543e-15
2964 3
1 2.05169e-13
2 1.05693e-13
3 -1.77636e-14
2966 3
1 2.1716e-13
2 7.4607e-14
3 1.24345e-14
2968 3
1 2.30482e-13
2 9.85878e-14
3 1.42109e-14
2970 3
1 2.22045e-13
2 1.20792e-13
3 -3.37508e-14
2972 3
1 2.30038e-13
2 9.76996e-14
3 5.32907e-15
2974 3
1 2.12719e-13
2 1.10134e-13
3 -2.66454e-14
2976 3
1 2.08278e-13
2 7.81597e-14
3 -3.55271e-15
2978 3
1 2.18048e-13
2 8.79297e-14
3 -8.88178e-15
2980 3
1 2.1716e-13
2 1.03029e-13
3 -1.59872e-14
2982 3
1 2.33147e-13
2 1.1191e-13
3 -8.88178e-15
2984 3
1 2.367e-13
2 9.41469e-14
3 -3.90799e-14
2986 3
1 1.83409e-13
2 9.32587e-14
3 -1.95399e-14
2988 3
1 2.04281e-13
2 1.15463e-13
3 -5.32907e-15
2990 3
1 1.98064e-13
2 1.06581e-13
3 8.88178e-15
2992 3
1 2.06501e-13
2 1.13687e-13
3 5.32907e-15
2994 3
1 2.21601e-13
2 1.19016e-13
3 -5.32907e-15
2996 3
1 2.28262e-13
2 1.08358e-13
3 0
2998 3
1 2.10498e-13
2 1.01252e-13
3 5.32907e-15
3000 3
1 2.10498e-13
2 9.85878e-14
3 -1.95399e-14
3002 3
1 2.00728e-13
2 1.03029e-13
3 -5.32907e-15
3004 3
1 2.12275e-13
2 9.23706e-14
3 -1.95399e-14
3006 3
1 1.9762e-13
2 7.4607e-14
3 -1.95399e-14
3008 3
1 1.63869e-13
2 8.88178e-14
3 1.77636e-15
3010 3
1 2.11831e-13
2 1.15463e-13
3 -2.4869e-14
3012 3
1 1.73639e-13
2 7.54952e-14
3 3.55271e-15
3014 3
1 1.84297e-13
2 8.08242e-14
3 -2.4869e-14
3016 3
1 2.12719e-13
2 7.99361e-14
3 -1.77636e-14
3018 3
1 1.83853e-13
2 7.01661e-14
3 -1.06581e-14
3020 3
1 2.34479e-13
2 7.90479e-14
3 0
3022 3
1 1.88294e-13
2 7.54952e-14
3 -2.84217e-14
3024 3
1 2.25597e-13
2 7.01661e-14
3 -1.77636e-14
3026 3
1 2.1938e-13
2 9.9476e-14
3 -1.77636e-15
3028 3
1 2.32703e-13
2 1.01252e-13
3 -2.4869e-14
3030 3
1 2.37144e-13
2 9.32587e-14
3 -4.08562e-14
3032 3
1 2.53131e-13
2 1.03917e-13
3 -2.4869e-14
3034 3
1 2.24709e-13
2 8.79297e-14
3 5.32907e-15
3036 3
1 2.36255e-13
2 9.76996e-14
3 -1.06581e-14
3038 3
1 2.12275e-13
2 7.01661e-14
3 -1.06581e-14
3040 3
1 2.21156e-13
2 1.02141e-13
3 -3.01981e-14
3042 3
1 2.22045e-13
2 9.41469e-14
3 -3.19744e-14
3044 3
1 2.12275e-13
2 8.70415e-14
3 -1.42109e-14
3046 3
1 2.27374e-13
2 1.09246e-13
3 -1.95399e-14
3048 3
1 2.20268e-13
2 8.52651e-14
3 1.24345e-14
3050 3
1 2.28262e-13
2 9.68114e-14
3 -2.84217e-14
3052 3
1 2.55795e-13
2 8.9706e-14
3 -5.68434e-14
3054 3
1 2.33147e-13
2 1.15463e-13
3 -3.90799e-14
3056 3
1 2.33591e-13
2 9.14824e-14
3 -3.01981e-14
3058 3
1 2.03837e-13
2 1.01252e-13
3 -2.4869e-14
3060 3
1 2.27374e-13
2 8.34888e-14
3 -1.42109e-14
3062 3
1 2.20268e-13
2 9.68114e-14
3 -3.19744e-14
3064 3
1 2.15827e-13
2 1.00364e-13
3 -3.19744e-14
3066 3
1 2.4647e-13
2 1.01252e-13
3 -2.84217e-14
3068 3
1 2.21156e-13
2 9.68114e-14
3 3.55271e-15
3070 3
1 2.2693e-13
2 8.17124e-14
3 -4.44089e-14
3072 3
1 1.98952e-13
2 9.41469e-14
3 -8.88178e-15
3074 3
1 2.26485e-13
2 8.70415e-14
3 -3.73035e-14
3076 3
1 2.50466e-13
2 8.61533e-14
3 -1.06581e-14
3078 3
1 2.20268e-13
2 1.13687e-13
3 -1.95399e-14
3080 3
1 2.54463e-13
2 1.03029e-13
3 -1.95399e-14
3082 3
1 2.14939e-13
2 1.10134e-13
3 -1.24345e-14
3084 3
1 2.42029e-13
2 1.26121e-13
3 -3.01981e-14
3086 3
1 2.01617e-13
2 9.50351e-14
3 -1.06581e-14
3088 3
1 2.42029e-13
2 8.79297e-14
3 -8.88178e-15
3090 3
1 2.52243e-13
2 9.50351e-14
3 -2.13163e-14
3092 3
1 2.14939e-13
2 8.70415e-14
3 -1.42109e-14
3094 3
1 2.62901e-13
2 1.11022e-13
3 -3.73035e-14
3096 3
1 2.32703e-13
2 9.9476e-14
3 -1.77636e-14
3098 3
1 2.8777e-13
2 1.12799e-13
3 -3.19744e-14
3100 3
1 2.28706e-13
2 1.11022e-13
3 -3.90799e-14
3102 3
1 2.85993e-13
2 7.90479e-14
3 -4.44089e-14
3104 3
1 2.74447e-13
2 1.00364e-13
3 -5.32907e-15
3106 3
1 2.15827e-13
2 1.19904e-13
3 -3.01981e-14
3108 3
1 2.21156e-13
2 9.76996e-14
3 -3.37508e-14
3110 3
1 2.53131e-13
2 8.26006e-14
3 -7.10543e-14
3112 3
1 2.3892e-13
2 1.24345e-13
3 -2.66454e-14
3114 3
1 2.70894e-13
2 1.06581e-13
3 -2.4869e-14
3116 3
1 2.53131e-13
2 1.0747e-13
3 -5.68434e-14
3118 3
1 2.84217e-13
2 1.0747e-13
3 -2.66454e-14
3120 3
1 2.53575e-13
2 1.03917e-13
3 -5.86198e-14
3122 3
1 2.65565e-13
2 1.14575e-13
3 -4.08562e-14
3124 3
1 2.50022e-13
2 1.2701e-13
3 -3.01981e-14
3126 3
1 2.81553e-13
2 1.03029e-13
3 -6.03961e-14
3128 3
1 2.74003e-13
2 1.1724e-13
3 -6.21725e-14
3130 3
1 2.46025e-13
2 1.11022e-13
3 -6.57252e-14
3132 3
1 2.19824e-13
2 1.18128e-13
3 -4.08562e-14
3134 3
1 2.32703e-13
2 1.33227e-13
3 -3.01981e-14
3136 3
1 2.55795e-13
2 1.29674e-13
3 -2.84217e-14
3138 3
1 2.72671e-13
2 9.76996e-14
3 -4.08562e-14
3140 3
1 2.49134e-13
2 8.9706e-14
3 -2.13163e-14
3142 3
1 2.36255e-13
2 1.14575e-13
3 -5.68434e-14
3144 3
1 2.44249e-13
2 1.16351e-13
3 -5.15143e-14
3146 3
1 2.49134e-13
2 1.34115e-13
3 -3.19744e-14
3148 3
1 2.63345e-13
2 1.24345e-13
3 -7.4607e-14
3150 3
1 2.4869e-13
2 1.37668e-13
3 -5.86198e-14
3152 3
1 2.42029e-13
2 1.03917e-13
3 -6.57252e-14
3154 3
1 2.65121e-13
2 1.14575e-13
3 -4.79616e-14
3156 3
1 2.48246e-13
2 1.08358e-13
3 -1.59872e-14
3158 3
1 2.5846e-13
2 1.1724e-13
3 -3.01981e-14
3160 3
1 2.77112e-13
2 1.24345e-13
3 -3.73035e-14
3162 3
1 2.5091e-13
2 1.01252e-13
3 -2.66454e-14
3164 3
1 2.82885e-13
2 1.1191e-13
3 -5.15143e-14
3166 3
1 2.4647e-13
2 1.23457e-13
3 -8.17124e-14
3168 3
1 2.43805e-13
2 1.02141e-13
3 -3.90799e-14
3170 3
1 3.01537e-13
2 1.22569e-13
3 -3.90799e-14
3172 3
1 2.98428e-13
2 1.05693e-13
3 -3.01981e-14
3174 3
1 2.88436e-13
2 1.08358e-13
3 -3.90799e-14
3176 3
1 2.78e-13
2 1.34115e-13
3 -5.68434e-14
3178 3
1 2.65121e-13
2 1.33227e-13
3 -4.44089e-14
3180 3
1 2.85993e-13
2 1.01252e-13
3 -2.84217e-14
3182 3
1 2.77112e-13
2 1.02141e-13
3 -4.08562e-14
3184 3
1 2.97984e-13
2 1.42109e-13
3 -5.86198e-14
3186 3
1 2.52687e-13
2 1.30562e-13
3 -2.4869e-14
3188 3
1 2.55795e-13
2 1.35891e-13
3 -3.55271e-14
3190 3
1 2.56906e-13
2 9.59233e-14
3 -3.90799e-14
3192 3
1 2.62235e-13
2 9.76996e-14
3 -6.39488e-14
3194 3
1 2.71783e-13
2 1.04805e-13
3 -3.19744e-14
3196 3
1 2.61569e-13
2 4.61853e-14
3 -9.76996e-14
3198 3
1 2.59792e-13
2 1.02141e-13
3 -4.9738e-14
3200 3
1 2.61124e-13
2 8.26006e-14
3 -7.28306e-14
3202 3
1 2.34035e-13
2 1.13687e-13
3 -5.15143e-14
3204 3
1 2.67342e-13
2 4.79616e-14
3 -6.57252e-14
3206 3
1 2.58016e-13
2 8.17124e-14
3 -6.39488e-14
3208 3
1 2.54907e-13
2 8.70415e-14
3 -6.39488e-14
3210 3
1 2.72227e-13
2 9.05942e-14
3 -6.39488e-14
3212 3
1 2.6823e-13
2 7.81597e-14
3 -4.61853e-14
3214 3
1 2.71783e-13
2 8.61533e-14
3 -5.32907e-14
3216 3
1 3.22853e-13
2 1.26121e-13
3 -2.30926e-14
3218 3
1 2.37144e-13
2 1.06581e-13
3 -7.81597e-14
3220 3
1 2.71783e-13
2 8.52651e-14
3 -9.05942e-14
3222 3
1 2.73115e-13
2 1.06581e-13
3 -8.17124e-14
3224 3
1 2.57572e-13
2 6.39488e-14
3 -7.10543e-14
3226 3
1 2.61569e-13
2 7.19425e-14
3 -2.30926e-14
3228 3
1 2.77112e-13
2 1.08358e-13
3 -5.32907e-14
3230 3
1 2.62013e-13
2 8.34888e-14
3 -4.79616e-14
3232 3
1 2.46914e-13
2 1.2168e-13
3 -1.95399e-14
3234 3
1 2.32703e-13
2 8.70415e-14
3 -4.9738e-14
3236 3
1 2.69118e-13
2 1.06581e-13
3 -3.37508e-14
3238 3
1 2.62013e-13
2 8.17124e-14
3 -6.03961e-14
3240 3
1 2.60236e-13
2 1.05693e-13
3 -3.19744e-14
3242 3
1 2.59348e-13
2 7.99361e-14
3 -6.75016e-14
3244 3
1 2.3892e-13
2 9.59233e-14
3 3.55271e-15
3246 3
1 2.4869e-13
2 1.10134e-13
3 -1.42109e-14
3248 3
1 2.57128e-13
2 1.11022e-13
3 -2.84217e-14
3250 3
1 2.84217e-13
2 1.08358e-13
3 -3.55271e-14
3252 3
1 3.05977e-13
2 9.14824e-14
3 -2.84217e-14
3254 3
1 2.98428e-13
2 9.76996e-14
3 -5.68434e-14
3256 3
1 2.75779e-13
2 9.32587e-14
3 -5.50671e-14
3258 3
1 2.82441e-13
2 8.9706e-14
3 -2.84217e-14
3260 3
1 3.00648e-13
2 1.12799e-13
3 -3.55271e-14
3262 3
1 2.58904e-13
2 8.88178e-14
3 -3.55271e-14
3264 3
1 2.71783e-13
2 7.54952e-14
3 8.88178e-15
3266 3
1 2.71783e-13
2 1.03917e-13
3 -5.32907e-15
3268 3
1 2.90878e-13
2 9.85878e-14
3 -1.77636e-14
3270 3
1 2.77112e-13
2 8.9706e-14
3 -4.08562e-14
3272 3
1 2.9976e-13
2 1.10134e-13
3 -8.88178e-15
3274 3
1 2.77556e-13
2 1.04805e-13
3 -1.95399e-14
3276 3
1 2.92655e-13
2 6.75016e-14
3 -2.84217e-14
3278 3
1 2.95763e-13
2 1.06581e-13
3 -1.77636e-14
3280 3
1 2.67342e-13
2 1.11022e-13
3 -1.77636e-15
3282 3
1 2.64677e-13
2 1.11022e-13
3 -2.4869e-14
3284 3
1 2.94875e-13
2 1.18128e-13
3 -5.32907e-14
3286 3
1 3.02869e-13
2 9.41469e-14
3 -4.61853e-14
3288 3
1 2.85105e-13
2 1.19904e-13
3 -7.99361e-14
3290 3
1 2.92211e-13
2 9.14824e-14
3 -5.68434e-14
3292 3
1 2.81553e-13
2 1.08358e-13
3 -7.4607e-14
3294 3
1 3.01537e-13
2 9.23706e-14
3 -5.15143e-14
3296 3
1 2.96208e-13
2 1.01252e-13
3 -5.68434e-14
3298 3
1 3.08198e-13
2 1.11022e-13
3 -4.61853e-14
3300 3
1 2.70006e-13
2 1.18128e-13
3 -2.4869e-14
3302 3
1 2.93099e-13
2 1.34115e-13
3 -3.19744e-14
3304 3
1 2.66009e-13
2 1.39444e-13
3 -3.01981e-14
3306 3
1 3.17968e-13
2 9.14824e-14
3 -4.61853e-14
3308 3
1 2.99316e-13
2 1.06581e-13
3 -2.4869e-14
3310 3
1 2.59348e-13
2 1.29674e-13
3 3.55271e-15
3312 3
1 3.14859e-13
2 1.39444e-13
3 -1.24345e-14
3314 3
1 2.76668e-13
2 1.4122e-13
3 -4.44089e-14
3316 3
1 3.12639e-13
2 1.30562e-13
3 -4.79616e-14
3318 3
1 2.81553e-13
2 1.15463e-13
3 -6.75016e-14
3320 3
1 2.79776e-13
2 1.36779e-13
3 -1.59872e-14
3322 3
1 2.92211e-13
2 1.28786e-13
3 -5.32907e-14
3324 3
1 2.71783e-13
2 1.50102e-13
3 -3.01981e-14
3326 3
1 2.82441e-13
2 1.27898e-13
3 -1.24345e-14
3328 3
1 2.77112e-13
2 1.2168e-13
3 -3.55271e-14
3330 3
1 2.94875e-13
2 1.3145e-13
3 -2.66454e-14
3332 3
1 3.01981e-13
2 1.25233e-13
3 -5.32907e-14
3334 3
1 2.85993e-13
2 1.13687e-13
3 -1.42109e-14
3336 3
1 2.45137e-13
2 1.29674e-13
3 -4.61853e-14
3338 3
1 2.78888e-13
2 1.19016e-13
3 -4.08562e-14
3340 3
1 3.08198e-13
2 1.63425e-13
3 -2.30926e-14
3342 3
1 2.8777e-13
2 1.1191e-13
3 -2.13163e-14
3344 3
1 2.94875e-13
2 1.3145e-13
3 -1.77636e-14
3346 3
1 2.96652e-13
2 1.37668e-13
3 -5.86198e-14
3348 3
1 2.91323e-13
2 1.22569e-13
3 -6.03961e-14
3350 3
1 2.73559e-13
2 1.66978e-13
3 -2.13163e-14
3352 3
1 3.00204e-13
2 1.45661e-13
3 -4.08562e-14
3354 3
1 3.03757e-13
2 1.29674e-13
3 -1.77636e-15
3356 3
1 3.01981e-13
2 1.16351e-13
3 -2.30926e-14
3358 3
1 3.13527e-13
2 1.19904e-13
3 -3.55271e-14
3360 3
1 2.99316e-13
2 1.11022e-13
3 -4.79616e-14
3362 3
1 3.13527e-13
2 1.32339e-13
3 -3.90799e-14
3364 3
1 3.08198e-13
2 1.29674e-13
3 -4.08562e-14
3366 3
1 2.85105e-13
2 1.44773e-13
3 -5.32907e-14
3368 3
1 2.77112e-13
2 1.27898e-13
3 -4.44089e-14
3370 3
1 2.82885e-13
2 1.09246e-13
3 -2.30926e-14
3372 3
1 2.81553e-13
2 1.05693e-13
3 -4.61853e-14
3374 3
1 3.0731e-13
2 1.1724e-13
3 -5.68434e-14
3376 3
1 3.69038e-13
2 1.27898e-13
3 -2.66454e-14
3378 3
1 2.80664e-13
2 1.24345e-13
3 -4.61853e-14
3380 3
1 3.23297e-13
2 1.05693e-13
3 -3.37508e-14
3382 3
1 2.88658e-13
2 1.5099e-13
3 -3.55271e-14
3384 3
1 3.01981e-13
2 1.15463e-13
3 -5.32907e-14
3386 3
1 2.8777e-13
2 1.03029e-13
3 -6.03961e-14
3388 3
1 3.1708e-13
2 1.2168e-13
3 -1.24345e-14
3390 3
1 3.06422e-13
2 1.14575e-13
3 -4.9738e-14
3392 3
1 2.96652e-13
2 1.27898e-13
3 -8.88178e-14
3394 3
1 2.91323e-13
2 1.45661e-13
3 -4.26326e-14
3396 3
1 2.93099e-13
2 1.05693e-13
3 -3.37508e-14
3398 3
1 2.76223e-13
2 1.09246e-13
3 -7.10543e-15
3400 3
1 2.93099e-13
2 1.27898e-13
3 -4.61853e-14
3402 3
1 2.63789e-13
2 1.32339e-13
3 -4.26326e-14
3404 3
1 3.1708e-13
2 1.03029e-13
3 -2.4869e-14
3406 3
1 2.85993e-13
2 1.12799e-13
3 -5.50671e-14
3408 3
1 3.04645e-13
2 9.41469e-14
3 -4.79616e-14
3410 3
1 3.0731e-13
2 1.28786e-13
3 -2.84217e-14
3412 3
1 2.90434e-13
2 9.85878e-14
3 -2.13163e-14
3414 3
1 2.94875e-13
2 1.2168e-13
3 -3.37508e-14
3416 3
1 2.81553e-13
2 9.23706e-14
3 -3.01981e-14
3418 3
1 3.01092e-13
2 1.03917e-13
3 -4.26326e-14
3420 3
1 3.01092e-13
2 1.11022e-13
3 -2.66454e-14
3422 3
1 3.11751e-13
2 1.05693e-13
3 -2.66454e-14
3424 3
1 3.23297e-13
2 8.88178e-14
3 -3.37508e-14
3426 3
1 3.05533e-13
2 8.9706e-14
3 -3.19744e-14
3428 3
1 3.3662e-13
2 1.11022e-13
3 -2.13163e-14
3430 3
1 3.05089e-13
2 1.12799e-13
3 -1.42109e-14
3432 3
1 2.91323e-13
2 6.39488e-14
3 -3.19744e-14
3434 3
1 3.193e-13
2 1.04805e-13
3 -3.90799e-14
3436 3
1 2.77556e-13
2 1.1191e-13
3 -4.08562e-14
3438 3
1 3.45501e-13
2 8.9706e-14
3 -2.13163e-14
3440 3
1 2.65121e-13
2 8.34888e-14
3 0
3442 3
1 3.08642e-13
2 9.14824e-14
3 -4.08562e-14
3444 3
1 3.37952e-13
2 9.14824e-14
3 -3.90799e-14
3446 3
1 3.3884e-13
2 1.06581e-13
3 -1.24345e-14
3448 3
1 3.14859e-13
2 1.01252e-13
3 -3.19744e-14
3450 3
1 3.36176e-13
2 7.81597e-14
3 -2.30926e-14
3452 3
1 3.33067e-13
2 1.19904e-13
3 -3.90799e-14
3454 3
1 2.97096e-13
2 1.19016e-13
3 -4.79616e-14
3456 3
1 3.12195e-13
2 8.79297e-14
3 -5.50671e-14
3458 3
1 3.08198e-13
2 1.10134e-13
3 -4.44089e-14
3460 3
1 3.49054e-13
2 9.50351e-14
3 -3.37508e-14
3462 3
1 3.11751e-13
2 6.75016e-14
3 -2.4869e-14
3464 3
1 3.08642e-13
2 1.05693e-13
3 -1.59872e-14
3466 3
1 3.13527e-13
2 6.57252e-14
3 -3.01981e-14
3468 3
1 3.08198e-13
2 7.81597e-14
3 -4.08562e-14
3470 3
1 3.31735e-13
2 9.59233e-14
3 -2.4869e-14
3472 3
1 3.74811e-13
2 1.0747e-13
3 -4.61853e-14
3474 3
1 3.12639e-13
2 9.23706e-14
3 -3.01981e-14
3476 3
1 3.26406e-13
2 9.14824e-14
3 -3.73035e-14
3478 3
1 3.01537e-13
2 8.34888e-14
3 -4.26326e-14
3480 3
1 3.55271e-13
2 1.15463e-13
3 -2.84217e-14
3482 3
1 3.21521e-13
2 8.88178e-14
3 -5.50671e-14
3484 3
1 3.24185e-13
2 7.4607e-14
3 -1.59872e-14
3486 3
1 3.6593e-13
2 8.9706e-14
3 -1.59872e-14
3488 3
1 2.94431e-13
2 1.01252e-13
3 -6.57252e-14
3490 3
1 3.20632e-13
2 9.23706e-14
3 -1.77636e-14
3492 3
1 3.15303e-13
2 1.06581e-13
3 -4.44089e-14
3494 3
1 3.21521e-13
2 7.99361e-14
3 -3.19744e-14
3496 3
1 3.10862e-13
2 9.32587e-14
3 -4.79616e-14
3498 3
1 3.23741e-13
2 7.81597e-14
3 -1.24345e-14
3500 3
1 3.43725e-13
2 1.03029e-13
3 -3.37508e-14
3502 3
1 3.13971e-13
2 6.30607e-14
3 -2.66454e-14
3504 3
1 3.16192e-13
2 1.19016e-13
3 -3.55271e-14
3506 3
1 3.13527e-13
2 9.23706e-14
3 -5.50671e-14
3508 3
1 3.2907e-13
2 9.41469e-14
3 -3.55271e-14
3510 3
1 3.193e-13
2 1.20792e-13
3 -1.95399e-14
3512 3
1 3.24629e-13
2 8.43769e-14
3 -5.32907e-15
3514 3
1 3.30402e-13
2 8.61533e-14
3 -3.73035e-14
3516 3
1 3.42393e-13
2 8.79297e-14
3 -4.61853e-14
3518 3
1 2.95763e-13
2 8.34888e-14
3 -4.9738e-14
3520 3
1 3.31291e-13
2 1.05693e-13
3 -5.15143e-14
3522 3
1 3.41061e-13
2 9.9476e-14
3 -6.03961e-14
3524 3
1 3.4639e-13
2 9.85878e-14
3 -7.10543e-14
3526 3
1 3.25961e-13
2 7.72715e-14
3 -5.50671e-14
3528 3
1 3.31291e-13
2 9.32587e-14
3 -6.57252e-14
3530 3
1 3.1708e-13
2 8.88178e-14
3 -4.44089e-14
3532 3
1 3.47278e-13
2 6.57252e-14
3 -8.34888e-14
3534 3
1 3.52607e-13
2 1.03029e-13
3 -5.86198e-14
3536 3
1 3.42393e-13
2 8.34888e-14
3 -5.15143e-14
3538 3
1 3.57492e-13
2 1.13687e-13
3 -8.17124e-14
3540 3
1 3.43281e-13
2 9.9476e-14
3 -7.10543e-14
3542 3
1 3.61933e-13
2 9.05942e-14
3 -5.50671e-14
3544 3
1 3.41505e-13
2 9.23706e-14
3 -6.21725e-14
3546 3
1 3.37064e-13
2 5.77316e-14
3 -8.88178e-14
3548 3
1 3.44613e-13
2 7.81597e-14
3 -7.4607e-14
3550 3
1 3.2907e-13
2 7.81597e-14
3 -5.68434e-14
3552 3
1 2.96652e-13
2 9.85878e-14
3 -4.44089e-14
3554 3
1 3.41505e-13
2 9.68114e-14
3 -6.39488e-14
3556 3
1 3.50386e-13
2 9.68114e-14
3 -7.10543e-14
3558 3
1 3.23297e-13
2 1.0747e-13
3 -7.10543e-14
3560 3
1 3.41949e-13
2 8.52651e-14
3 -6.57252e-14
3562 3
1 3.39728e-13
2 6.39488e-14
3 -5.68434e-14
3564 3
1 3.86358e-13
2 8.79297e-14
3 -5.68434e-14
3566 3
1 3.21076e-13
2 8.61533e-14
3 -6.03961e-14
3568 3
1 3.58824e-13
2 1.08358e-13
3 -5.50671e-14
3570 3
1 3.95239e-13
2 6.12843e-14
3 -7.4607e-14
3572 3
1 3.31735e-13
2 9.59233e-14
3 -8.88178e-14
3574 3
1 3.57048e-13
2 6.57252e-14
3 -6.92779e-14
3576 3
1 3.49498e-13
2 9.85878e-14
3 -8.52651e-14
3578 3
1 3.31291e-13
2 5.77316e-14
3 -6.92779e-14
3580 3
1 3.47278e-13
2 8.52651e-14
3 -5.15143e-14
3582 3
1 3.27738e-13
2 9.05942e-14
3 -4.44089e-14
3584 3
1 3.606e-13
2 8.79297e-14
3 -7.63833e-14
3586 3
1 3.57492e-13
2 9.9476e-14
3 -8.70415e-14
3588 3
1 3.30402e-13
2 7.81597e-14
3 -5.68434e-14
3590 3
1 2.83329e-13
2 8.34888e-14
3 -5.15143e-14
3592 3
1 3.74811e-13
2 8.88178e-14
3 -4.9738e-14
3594 3
1 3.18856e-13
2 7.63833e-14
3 -8.70415e-14
3596 3
1 3.34843e-13
2 1.11022e-13
3 -6.75016e-14
3598 3
1 3.39728e-13
2 8.52651e-14
3 -7.28306e-14
3600 3
1 3.44613e-13
2 9.50351e-14
3 -8.34888e-14
3602 3
1 3.49498e-13
2 9.76996e-14
3 -8.34888e-14
3604 3
1 3.57048e-13
2 9.05942e-14
3 -9.05942e-14
3606 3
1 3.10862e-13
2 1.13687e-13
3 -5.50671e-14
3608 3
1 3.25073e-13
2 1.0747e-13
3 -6.75016e-14
3610 3
1 3.85469e-13
2 1.06581e-13
3 -1.04805e-13
3612 3
1 3.31291e-13
2 8.88178e-14
3 -8.17124e-14
3614 3
1 3.193e-13
2 9.14824e-14
3 -9.76996e-14
3616 3
1 3.26406e-13
2 1.0747e-13
3 -1.1191e-13
3618 3
1 3.50386e-13
2 1.22569e-13
3 -6.75016e-14
3620 3
1 3.61933e-13
2 8.9706e-14
3 -8.88178e-14
3622 3
1 3.6593e-13
2 1.20792e-13
3 -8.34888e-14
3624 3
1 3.41949e-13
2 1.19016e-13
3 -8.34888e-14
3626 3
1 3.88578e-13
2 1.13687e-13
3 -9.05942e-14
3628 3
1 3.58824e-13
2 8.9706e-14
3 -7.63833e-14
3630 3
1 3.28626e-13
2 9.41469e-14
3 -6.92779e-14
3632 3
1 3.28182e-13
2 9.85878e-14
3 -8.17124e-14
3634 3
1 3.35287e-13
2 1.03029e-13
3 -8.88178e-14
3636 3
1 3.41061e-13
2 1.1191e-13
3 -7.28306e-14
3638 3
1 3.40172e-13
2 8.79297e-14
3 -8.88178e-14
3640 3
1 3.46834e-13
2 7.81597e-14
3 -1.06581e-13
3642 3
1 3.1708e-13
2 9.9476e-14
3 -6.57252e-14
3644 3
1 3.54383e-13
2 6.57252e-14
3 -1.03029e-13
3646 3
1 3.4861e-13
2 9.41469e-14
3 -9.59233e-14
3648 3
1 3.32179e-13
2 9.9476e-14
3 -7.28306e-14
3650 3
1 3.01537e-13
2 8.88178e-14
3 -7.81597e-14
3652 3
1 3.30846e-13
2 8.79297e-14
3 -8.34888e-14
3654 3
1 3.55715e-13
2 1.06581e-13
3 -6.75016e-14
3656 3
1 3.62377e-13
2 9.50351e-14
3 -6.03961e-14
3658 3
1 3.22853e-13
2 1.01252e-13
3 -1.04805e-13
3660 3
1 3.34399e-13
2 1.01252e-13
3 -1.06581e-13
3662 3
1 3.23741e-13
2 1.13687e-13
3 -7.99361e-14
3664 3
1 3.3662e-13
2 1.09246e-13
3 -1.1724e-13
3666 3
1 3.63709e-13
2 8.88178e-14
3 -1.15463e-13
3668 3
1 3.61045e-13
2 9.05942e-14
3 -7.10543e-14
3670 3
1 3.54827e-13
2 8.88178e-14
3 -8.34888e-14
3672 3
1 3.48166e-13
2 1.03029e-13
3 -8.52651e-14
3674 3
1 3.40172e-13
2 1.05693e-13
3 -9.59233e-14
3676 3
1 3.2907e-13
2 1.14575e-13
3 -1.1191e-13
3678 3
1 3.57492e-13
2 8.17124e-14
3 -7.28306e-14
3680 3
1 3.72147e-13
2 1.05693e-13
3 -7.99361e-14
3682 3
1 3.42837e-13
2 7.99361e-14
3 -7.81597e-14
3684 3
1 3.69482e-13
2 1.12799e-13
3 -4.61853e-14
3686 3
1 3.31291e-13
2 8.61533e-14
3 -5.68434e-14
3688 3
1 3.32623e-13
2 8.43769e-14
3 -6.39488e-14
3690 3
1 3.3662e-13
2 1.10134e-13
3 -5.68434e-14
3692 3
1 3.46834e-13
2 7.72715e-14
3 -7.10543e-14
3694 3
1 3.49942e-13
2 1.19904e-13
3 -7.10543e-14
3696 3
1 3.18856e-13
2 6.92779e-14
3 -2.4869e-14
3698 3
1 3.28182e-13
2 6.57252e-14
3 -7.4607e-14
3700 3
1 3.34399e-13
2 6.83897e-14
3 -8.34888e-14
3702 3
1 3.47278e-13
2 6.39488e-14
3 -6.03961e-14
3704 3
1 3.40172e-13
2 9.23706e-14
3 -7.10543e-14
3706 3
1 3.57936e-13
2 9.76996e-14
3 -1.19016e-13
3708 3
1 3.39284e-13
2 8.08242e-14
3 -7.63833e-14
3710 3
1 3.34843e-13
2 9.41469e-14
3 -6.75016e-14
3712 3
1 3.31291e-13
2 1.1191e-13
3 -6.57252e-14
3714 3
1 3.01537e-13
2 9.23706e-14
3 -7.4607e-14
3716 3
1 3.44613e-13
2 7.81597e-14
3 -1.04805e-13
3718 3
1 3.47722e-13
2 8.52651e-14
3 -9.9476e-14
3720 3
1 3.34843e-13
2 7.01661e-14
3 -9.41469e-14
3722 3
1 3.29514e-13
2 6.92779e-14
3 -6.92779e-14
3724 3
1 3.49054e-13
2 7.37188e-14
3 -9.05942e-14
3726 3
1 3.25517e-13
2 7.72715e-14
3 -8.70415e-14
3728 3
1 3.25073e-13
2 8.43769e-14
3 -9.23706e-14
3730 3
1 3.31291e-13
2 3.9968e-14
3 -7.28306e-14
3732 3
1 3.13083e-13
2 9.50351e-14
3 -7.63833e-14
3734 3
1 3.58824e-13
2 5.59552e-14
3 -6.75016e-14
3736 3
1 3.50386e-13
2 9.05942e-14
3 -9.23706e-14
3738 3
1 3.69482e-13
2 7.90479e-14
3 -7.4607e-14
3740 3
1 2.98428e-13
2 6.39488e-14
3 -7.81597e-14
3742 3
1 3.34399e-13
2 1.01252e-13
3 -6.03961e-14
3744 3
1 3.44169e-13
2 6.66134e-14
3 -4.44089e-14
3746 3
1 3.42393e-13
2 8.70415e-14
3 -7.4607e-14
3748 3
1 3.68594e-13
2 8.88178e-14
3 -8.88178e-14
3750 3
1 3.11307e-13
2 8.08242e-14
3 -8.70415e-14
3752 3
1 3.45057e-13
2 8.88178e-14
3 -8.88178e-14
3754 3
1 3.59712e-13
2 4.79616e-14
3 -9.9476e-14
3756 3
1 3.64597e-13
2 5.41789e-14
3 -1.1191e-13
3758 3
1 3.51719e-13
2 8.70415e-14
3 -4.79616e-14
3760 3
1 3.64597e-13
2 9.14824e-14
3 -1.1191e-13
3762 3
1 3.4639e-13
2 7.81597e-14
3 -6.57252e-14
3764 3
1 3.49498e-13
2 1.20792e-13
3 -1.08358e-13
3766 3
1 3.32179e-13
2 9.23706e-14
3 -6.03961e-14
3768 3
1 3.28182e-13
2 7.01661e-14
3 -7.63833e-14
3770 3
1 3.34399e-13
2 8.34888e-14
3 -1.1191e-13
3772 3
1 3.61045e-13
2 7.72715e-14
3 -7.63833e-14
3774 3
1 3.29514e-13
2 6.75016e-14
3 -9.05942e-14
3776 3
1 3.33955e-13
2 1.0747e-13
3 -1.24345e-13
3778 3
1 3.47278e-13
2 6.92779e-14
3 -9.05942e-14
3780 3
1 3.59712e-13
2 7.19425e-14
3 -1.06581e-13
3782 3
1 3.3662e-13
2 6.83897e-14
3 -8.34888e-14
3784 3
1 3.49942e-13
2 9.59233e-14
3 -6.39488e-14
3786 3
1 4.01013e-13
2 6.75016e-14
3 -7.28306e-14
3788 3
1 3.55715e-13
2 7.90479e-14
3 -7.10543e-14
3790 3
1 3.47278e-13
2 9.68114e-14
3 -8.88178e-14
3792 3
1 3.65485e-13
2 5.41789e-14
3 -4.08562e-14
3794 3
1 3.73923e-13
2 7.54952e-14
3 -7.10543e-14
3796 3
1 3.61489e-13
2 3.73035e-14
3 -6.21725e-14
3798 3
1 3.94795e-13
2 8.52651e-14
3 -8.88178e-14
3800 3
1 3.23741e-13
2 9.32587e-14
3 -8.88178e-14
3802 3
1 3.80584e-13
2 1.16351e-13
3 -9.23706e-14
3804 3
1 3.54383e-13
2 9.32587e-14
3 -8.88178e-14
3806 3
1 3.90354e-13
2 8.79297e-14
3 -7.10543e-14
3808 3
1 3.76144e-13
2 7.63833e-14
3 -7.10543e-14
3810 3
1 3.6815e-13
2 6.66134e-14
3 -7.63833e-14
3812 3
1 3.33511e-13
2 7.63833e-14
3 -1.01252e-13
3814 3
1 3.42393e-13
2 7.54952e-14
3 -6.39488e-14
3816 3
1 3.08642e-13
2 8.17124e-14
3 -8.52651e-14
3818 3
1 3.37508e-13
2 8.52651e-14
3 -7.99361e-14
3820 3
1 3.53495e-13
2 9.9476e-14
3 -1.13687e-13
3822 3
1 3.54827e-13
2 9.23706e-14
3 -1.29674e-13
3824 3
1 3.61045e-13
2 8.52651e-14
3 -9.41469e-14
3826 3
1 3.55271e-13
2 7.54952e-14
3 -9.9476e-14
3828 3
1 3.59268e-13
2 9.76996e-14
3 -1.06581e-13
3830 3
1 3.73479e-13
2 1.02141e-13
3 -9.59233e-14
3832 3
1 3.43725e-13
2 8.9706e-14
3 -7.28306e-14
3834 3
1 3.73923e-13
2 8.17124e-14
3 -6.03961e-14
3836 3
1 3.55271e-13
2 8.9706e-14
3 -6.57252e-14
3838 3
1 3.24185e-13
2 1.15463e-13
3 -8.17124e-14
3840 3
1 3.62377e-13
2 9.05942e-14
3 -1.15463e-13
3842 3
1 3.28182e-13
2 8.52651e-14
3 -1.01252e-13
3844 3
1 3.55271e-13
2 9.32587e-14
3 -1.08358e-13
3846 3
1 3.79252e-13
2 8.52651e-14
3 -1.08358e-13
3848 3
1 3.52163e-13
2 7.28306e-14
3 -1.03029e-13
3850 3
1 3.89466e-13
2 9.23706e-14
3 -7.63833e-14
3852 3
1 3.42393e-13
2 8.34888e-14
3 -1.36779e-13
3854 3
1 3.76144e-13
2 8.52651e-14
3 -7.10543e-14
3856 3
1 3.13083e-13
2 8.70415e-14
3 -7.99361e-14
3858 3
1 3.29958e-13
2 8.88178e-14
3 -6.92779e-14
3860 3
1 3.46834e-13
2 8.9706e-14
3 -1.1724e-13
3862 3
1 4.08562e-13
2 8.70415e-14
3 -1.03029e-13
3864 3
1 3.77032e-13
2 9.05942e-14
3 -9.05942e-14
3866 3
1 3.33955e-13
2 8.26006e-14
3 -3.55271e-14
3868 3
1 3.72591e-13
2 8.08242e-14
3 -7.4607e-14
3870 3
1 3.5838e-13
2 1.06581e-13
3 -9.59233e-14
3872 3
1 3.63709e-13
2 8.79297e-14
3 -5.50671e-14
3874 3
1 3.45501e-13
2 1.04805e-13
3 -8.34888e-14
3876 3
1 3.37064e-13
2 1.15463e-13
3 -6.57252e-14
3878 3
1 3.74811e-13
2 8.08242e-14
3 -7.63833e-14
3880 3
1 3.82805e-13
2 7.4607e-14
3 -7.63833e-14
3882 3
1 3.79252e-13
2 6.92779e-14
3 -7.99361e-14
3884 3
1 3.27294e-13
2 8.9706e-14
3 -5.86198e-14
3886 3
1 3.54383e-13
2 5.68434e-14
3 -4.9738e-14
3888 3
1 3.37508e-13
2 7.10543e-14
3 -6.75016e-14
3890 3
1 3.5616e-13
2 7.10543e-14
3 -1.03029e-13
3892 3
1 3.82805e-13
2 8.88178e-14
3 -5.50671e-14
3894 3
1 3.60156e-13
2 5.77316e-14
3 -1.06581e-13
3896 3
1 3.65041e-13
2 7.19425e-14
3 -1.04805e-13
3898 3
1 3.85469e-13
2 7.4607e-14
3 -7.10543e-14
3900 3
1 3.52607e-13
2 8.34888e-14
3 -9.05942e-14
3902 3
1 3.63709e-13
2 8.88178e-14
3 -7.99361e-14
3904 3
1 3.76588e-13
2 1.09246e-13
3 -1.01252e-13
3906 3
1 3.56604e-13
2 8.17124e-14
3 -8.34888e-14
3908 3
1 3.66818e-13
2 6.92779e-14
3 -7.28306e-14
3910 3
1 3.7037e-13
2 8.9706e-14
3 -1.04805e-13
3912 3
1 3.29958e-13
2 8.26006e-14
3 -3.90799e-14
3914 3
1 3.60156e-13
2 7.28306e-14
3 -7.63833e-14
3916 3
1 3.22409e-13
2 6.4837e-14
3 -6.03961e-14
3918 3
1 3.42393e-13
2 5.32907e-14
3 -9.23706e-14
3920 3
1 3.75699e-13
2 7.01661e-14
3 -1.20792e-13
3922 3
1 3.44169e-13
2 6.57252e-14
3 -9.9476e-14
3924 3
1 3.57936e-13
2 6.12843e-14
3 -1.13687e-13
3926 3
1 3.65485e-13
2 5.24025e-14
3 -1.20792e-13
3928 3
1 3.14415e-13
2 5.41789e-14
3 -8.88178e-14
3930 3
1 3.33955e-13
2 7.37188e-14
3 -8.34888e-14
3932 3
1 3.19744e-13
2 5.68434e-14
3 -8.17124e-14
3934 3
1 3.5838e-13
2 7.90479e-14
3 -6.75016e-14
3936 3
1 3.61489e-13
2 9.23706e-14
3 -8.34888e-14
3938 3
1 3.43725e-13
2 5.32907e-14
3 -1.15463e-13
3940 3
1 3.74145e-13
2 5.63993e-14
3 -1.01252e-13
3942 3
1 3.60822e-13
2 5.01821e-14
3 -1.24345e-13
3944 3
1 3.72369e-13
2 7.19425e-14
3 -7.99361e-14
3946 3
1 3.48832e-13
2 7.23865e-14
3 -1.43885e-13
3948 3
1 3.79474e-13
2 6.66134e-14
3 -1.13687e-13
3950 3
1 3.67262e-13
2 6.83897e-14
3 -1.10134e-13
3952 3
1 3.60822e-13
2 7.01661e-14
3 -6.75016e-14
3954 3
1 3.92353e-13
2 7.54952e-14
3 -7.63833e-14
3956 3
1 3.64597e-13
2 5.06262e-14
3 -7.99361e-14
3958 3
1 3.76366e-13
2 6.12843e-14
3 -9.05942e-14
3960 3
1 3.53717e-13
2 7.01661e-14
3 -7.10543e-14
3962 3
1 3.48832e-13
2 9.9476e-14
3 -6.03961e-14
3964 3
1 3.90799e-13
2 3.81917e-14
3 -9.05942e-14
3966 3
1 3.72147e-13
2 8.61533e-14
3 -9.9476e-14
3968 3
1 3.72813e-13
2 7.4607e-14
3 -1.20792e-13
3970 3
1 3.47944e-13
2 8.83738e-14
3 -8.52651e-14
3972 3
1 3.67262e-13
2 3.64153e-14
3 -6.57252e-14
3974 3
1 3.81251e-13
2 7.63833e-14
3 -8.34888e-14
3976 3
1 3.31735e-13
2 8.26006e-14
3 -7.99361e-14
3978 3
1 3.74367e-13
2 6.21725e-14
3 -7.63833e-14
3980 3
1 3.49054e-13
2 8.30447e-14
3 -7.28306e-14
3982 3
1 3.72147e-13
2 7.63833e-14
3 -7.63833e-14
3984 3
1 3.33733e-13
2 9.59233e-14
3 -7.63833e-14
3986 3
1 3.71037e-13
2 6.03961e-14
3 -9.59233e-14
3988 3
1 3.52607e-13
2 7.37188e-14
3 -8.34888e-14
3990 3
1 3.54161e-13
2 6.57252e-14
3 -7.63833e-14
3992 3
1 3.47722e-13
2 8.52651e-14
3 -6.39488e-14
3994 3
1 3.60378e-13
2 7.90479e-14
3 -9.23706e-14
3996 3
1 3.44391e-13
2 7.72715e-14
3 -1.01252e-13
3998 3
1 3.53051e-13
2 8.08242e-14
3 -5.50671e-14
4000 3
1 3.4972e-13
2 8.61533e-14
3 -6.03961e-14
4002 3
1 3.55049e-13
2 8.26006e-14
3 -6.75016e-14
4004 3
1 3.47056e-13
2 6.52811e-14
3 -6.39488e-14
4006 3
1 3.50164e-13
2 8.9706e-14
3 -7.81597e-14
4008 3
1 3.33733e-13
2 9.59233e-14
3 -8.88178e-14
4010 3
1 3.53051e-13
2 8.43769e-14
3 -3.19744e-14
4012 3
1 3.35287e-13
2 8.08242e-14
3 -5.32907e-14
4014 3
1 3.5838e-13
2 7.90479e-14
3 -4.44089e-14
4016 3
1 3.44169e-13
2 1.01252e-13
3 -9.76996e-14
4018 3
1 3.66818e-13
2 9.50351e-14
3 -1.01252e-13
4020 3
1 3.67706e-13
2 9.05942e-14
3 -8.17124e-14
4022 3
1 3.30846e-13
2 5.06262e-14
3 -1.03029e-13
4024 3
1 3.48832e-13
2 7.28306e-14
3 -6.75016e-14
4026 3
1 3.56604e-13
2 1.00364e-13
3 -9.59233e-14
4028 3
1 3.36842e-13
2 7.54952e-14
3 -7.99361e-14
4030 3
1 3.34843e-13
2 9.63674e-14
3 -9.9476e-14
4032 3
1 3.54383e-13
2 9.85878e-14
3 -1.03029e-13
4034 3
1 2.98428e-13
2 9.63674e-14
3 -6.39488e-14
4036 3
1 3.54383e-13
2 6.21725e-14
3 -9.59233e-14
4038 3
1 3.16192e-13
2 8.17124e-14
3 -6.21725e-14
4040 3
1 3.5838e-13
2 7.23865e-14
3 -9.05942e-14
4042 3
1 3.12639e-13
2 1.16795e-13
3 -6.03961e-14
4044 3
1 3.48166e-13
2 7.41629e-14
3 -7.10543e-14
4046 3
1 3.25517e-13
2 6.17284e-14
3 -1.33227e-13
4048 3
1 3.37952e-13
2 8.57092e-14
3 -8.52651e-14
4050 3
1 3.34399e-13
2 8.26006e-14
3 -8.17124e-14
4052 3
1 3.45501e-13
2 8.08242e-14
3 -8.34888e-14
4054 3
1 3.51719e-13
2 8.61533e-14
3 -1.1724e-13
4056 3
1 3.3662e-13
2 7.68274e-14
3 -1.01252e-13
4058 3
1 3.37064e-13
2 7.50511e-14
3 -8.52651e-14
4060 3
1 3.43725e-13
2 8.79297e-14
3 -7.28306e-14
4062 3
1 3.55715e-13
2 6.66134e-14
3 -1.04805e-13
4064 3
1 3.61045e-13
2 7.59393e-14
3 -1.10134e-13
4066 3
1 3.33955e-13
2 6.12843e-14
3 -7.81597e-14
4068 3
1 3.61045e-13
2 5.9952e-14
3 -1.03029e-13
4070 3
1 3.73035e-13
2 7.41629e-14
3 -6.92779e-14
4072 3
1 3.22853e-13
2 7.77156e-14
3 -6.75016e-14
4074 3
1 3.27294e-13
2 4.9738e-14
3 -1.08358e-13
4076 3
1 3.21521e-13
2 5.86198e-14
3 -6.75016e-14
4078 3
1 3.43281e-13
2 6.39488e-14
3 -9.05942e-14
4080 3
1 3.34399e-13
2 6.52811e-14
3 -9.05942e-14
4082 3
1 3.61489e-13
2 1.00808e-13
3 -1.08358e-13
4084 3
1 3.26406e-13
2 7.90479e-14
3 -1.08358e-13
4086 3
1 3.5838e-13
2 1.05249e-13
3 -9.41469e-14
4088 3
1 3.27738e-13
2 8.03801e-14
3 -1.06581e-13
4090 3
1 3.28182e-13
2 8.61533e-14
3 -7.63833e-14
4092 3
1 3.62821e-13
2 6.43929e-14
3 -1.03029e-13
4094 3
1 3.60156e-13
2 9.59233e-14
3 -5.86198e-14
4096 3
1 3.37508e-13
2 1.07914e-13
3 -8.17124e-14
4098 3
1 3.29958e-13
2 9.01501e-14
3 -9.41469e-14
4100 3
1 3.13971e-13
2 7.63833e-14
3 -6.75016e-14
4102 3
1 3.45945e-13
2 1.07025e-13
3 -1.15463e-13
4104 3
1 3.6593e-13
2 1.13687e-13
3 -7.81597e-14
4106 3
1 3.24629e-13
2 7.9492e-14
3 -2.4869e-14
4108 3
1 3.43725e-13
2 1.16351e-13
3 -8.70415e-14
4110 3
1 3.60156e-13
2 9.01501e-14
3 -1.04805e-13
4112 3
1 3.56604e-13
2 7.99361e-14
3 -9.05942e-14
4114 3
1 3.01537e-13
2 1.21236e-13
3 -8.70415e-14
4116 3
1 3.33511e-13
2 7.59393e-14
3 -9.41469e-14
4118 3
1 3.54827e-13
2 5.01821e-14
3 -7.99361e-14
4120 3
1 3.44169e-13
2 8.65974e-14
3 -7.28306e-14
4122 3
1 3.40172e-13
2 7.06102e-14
3 -9.05942e-14
4124 3
1 3.4861e-13
2 3.95239e-14
3 -9.59233e-14
4126 3
1 3.25517e-13
2 7.63833e-14
3 -9.05942e-14
4128 3
1 3.15747e-13
2 5.77316e-14
3 -6.21725e-14
4130 3
1 3.72591e-13
2 6.21725e-14
3 -7.10543e-14
4132 3
1 3.37952e-13
2 7.19425e-14
3 -9.41469e-14
4134 3
1 3.41061e-13
2 6.43929e-14
3 -6.75016e-14
4136 3
1 3.48166e-13
2 9.4591e-14
3 -6.03961e-14
4138 3
1 3.27294e-13
2 5.19584e-14
3 -6.39488e-14
4140 3
1 3.34399e-13
2 6.08402e-14
3 -6.39488e-14
4142 3
1 3.24185e-13
2 6.75016e-14
3 -9.59233e-14
4144 3
1 3.18856e-13
2 6.12843e-14
3 -1.1191e-13
4146 3
1 3.34843e-13
2 6.12843e-14
3 -9.76996e-14
4148 3
1 3.12195e-13
2 7.37188e-14
3 -7.81597e-14
4150 3
1 3.34843e-13
2 5.15143e-14
3 -2.13163e-14
4152 3
1 3.64597e-13
2 6.52811e-14
3 -1.01252e-13
4154 3
1 3.51275e-13
2 5.55112e-14
3 -6.92779e-14
4156 3
1 3.22853e-13
2 8.79297e-14
3 -5.68434e-14
4158 3
1 3.33067e-13
2 3.55271e-14
3 -6.57252e-14
4160 3
1 3.2907e-13
2 3.55271e-14
3 -7.4607e-14
4162 3
1 3.47722e-13
2 5.59552e-14
3 -9.05942e-14
4164 3
1 3.25517e-13
2 6.26166e-14
3 -6.21725e-14
4166 3
1 3.45057e-13
2 5.86198e-14
3 -8.34888e-14
4168 3
1 3.40172e-13
2 6.21725e-14
3 -8.88178e-14
4170 3
1 3.44613e-13
2 6.83897e-14
3 -9.05942e-14
4172 3
1 3.24629e-13
2 5.86198e-14
3 -8.17124e-14
4174 3
1 3.62821e-13
2 5.59552e-14
3 -9.23706e-14
4176 3
1 3.36176e-13
2 7.90479e-14
3 -6.21725e-14
4178 3
1 3.1708e-13
2 8.88178e-14
3 -7.10543e-14
4180 3
1 3.21076e-13
2 8.17124e-14
3 -7.63833e-14
4182 3
1 3.20188e-13
2 4.52971e-14
3 -5.86198e-14
4184 3
1 2.98872e-13
2 6.70575e-14
3 -6.39488e-14
4186 3
1 3.54827e-13
2 5.86198e-14
3 -3.90799e-14
4188 3
1 3.11307e-13
2 5.15143e-14
3 -9.41469e-14
4190 3
1 3.62377e-13
2 3.77476e-14
3 -9.41469e-14
4192 3
1 3.16192e-13
2 2.17604e-14
3 -8.17124e-14
4194 3
1 3.05533e-13
2 5.86198e-14
3 -1.03029e-13
4196 3
1 3.0953e-13
2 7.41629e-14
3 -5.50671e-14
4198 3
1 3.60156e-13
2 5.15143e-14
3 -9.76996e-14
4200 3
1 2.90878e-13
2 5.24025e-14
3 -1.24345e-13
4202 3
1 3.01537e-13
2 6.66134e-14
3 -5.32907e-14
4204 3
1 3.65485e-13
2 3.55271e-15
3 -6.75016e-14
4206 3
1 2.96208e-13
2 3.90799e-14
3 -8.17124e-14
4208 3
1 3.52163e-13
2 2.13163e-14
3 -5.32907e-14
4210 3
1 3.65041e-13
2 5.06262e-14
3 -8.52651e-14
4212 3
1 3.50386e-13
2 3.19744e-14
3 -8.17124e-14
4214 3
1 3.1708e-13
2 1.55431e-14
3 -6.75016e-14
4216 3
1 3.43281e-13
2 5.37348e-14
3 -9.05942e-14
4218 3
1 3.11751e-13
2 4.4853e-14
3 -7.99361e-14
4220 3
1 3.40172e-13
2 2.66454e-14
3 -5.68434e-14
4222 3
1 3.53051e-13
2 5.01821e-14
3 -6.75016e-14
4224 3
1 3.44169e-13
2 5.72875e-14
3 -7.28306e-14
4226 3
1 3.2685e-13
2 8.03801e-14
3 -8.88178e-14
4228 3
1 3.0953e-13
2 4.88498e-14
3 -6.39488e-14
4230 3
1 2.92655e-13
2 4.35207e-14
3 -8.52651e-14
4232 3
1 3.27294e-13
2 6.83897e-14
3 -9.23706e-14
4234 3
1 2.96652e-13
2 7.10543e-14
3 -9.41469e-14
4236 3
1 3.12195e-13
2 6.39488e-14
3 -5.68434e-14
4238 3
1 3.01092e-13
2 3.81917e-14
3 -7.63833e-14
4240 3
1 3.10418e-13
2 6.21725e-14
3 -7.28306e-14
4242 3
1 3.16636e-13
2 3.4639e-14
3 -5.15143e-14
4244 3
1 2.8777e-13
2 5.77316e-14
3 -1.03029e-13
4246 3
1 2.67786e-13
2 3.73035e-14
3 -8.52651e-14
4248 3
1 3.42393e-13
2 6.83897e-14
3 -9.05942e-14
4250 3
1 2.98872e-13
2 6.4837e-14
3 -1.08358e-13
4252 3
1 3.36176e-13
2 5.59552e-14
3 -1.3145e-13
4254 3
1 2.81108e-13
2 6.52811e-14
3 -8.52651e-14
4256 3
1 2.97984e-13
2 5.24025e-14
3 -9.9476e-14
4258 3
1 3.00648e-13
2 3.81917e-14
3 -8.17124e-14
4260 3
1 3.24185e-13
2 3.90799e-14
3 -8.17124e-14
4262 3
1 3.193e-13
2 2.9754e-14
3 -6.92779e-14
4264 3
1 3.01537e-13
2 5.50671e-14
3 -1.1191e-13
4266 3
1 3.17524e-13
2 3.64153e-14
3 -5.32907e-14
4268 3
1 2.64677e-13
2 1.24345e-14
3 -1.13687e-13
4270 3
1 3.02425e-13
2 9.41469e-14
3 -1.15463e-13
4272 3
1 3.35287e-13
2 5.9952e-14
3 -8.34888e-14
4274 3
1 3.45945e-13
2 7.19425e-14
3 -1.1191e-13
4276 3
1 3.18856e-13
2 5.41789e-14
3 -1.29674e-13
4278 3
1 3.13527e-13
2 8.43769e-14
3 -1.03029e-13
4280 3
1 3.25073e-13
2 5.77316e-14
3 -1.29674e-13
4282 3
1 3.25961e-13
2 5.32907e-14
3 -9.59233e-14
4284 3
1 3.2907e-13
2 5.41789e-14
3 -1.15463e-13
4286 3
1 3.31735e-13
2 6.57252e-14
3 -1.26121e-13
4288 3
1 3.50386e-13
2 6.4837e-14
3 -9.59233e-14
4290 3
1 3.29514e-13
2 4.9738e-14
3 -1.1724e-13
4292 3
1 3.35731e-13
2 5.9508e-14
3 -1.1191e-13
4294 3
1 3.15747e-13
2 6.12843e-14
3 -1.06581e-13
4296 3
1 3.35287e-13
2 5.06262e-14
3 -9.23706e-14
4298 3
1 3.31291e-13
2 3.37508e-14
3 -1.04805e-13
4300 3
1 3.25961e-13
2 3.19744e-14
3 -8.88178e-14
4302 3
1 3.40616e-13
2 4.61853e-14
3 -9.59233e-14
4304 3
1 3.37064e-13
2 2.84217e-14
3 -1.06581e-13
4306 3
1 3.81473e-13
2 2.75335e-14
3 -1.1724e-13
4308 3
1 3.48166e-13
2 5.41789e-14
3 -9.59233e-14
4310 3
1 3.53939e-13
2 0
3 -8.88178e-14
4312 3
1 3.53495e-13
2 3.73035e-14
3 -1.42109e-13
4314 3
1 3.5083e-13
2 2.75335e-14
3 -1.29674e-13
4316 3
1 3.68594e-13
2 4.44089e-14
3 -1.1191e-13
4318 3
1 3.45501e-13
2 3.81917e-14
3 -9.9476e-14
4320 3
1 3.30846e-13
2 8.88178e-15
3 -9.76996e-14
4322 3
1 3.65041e-13
2 5.15143e-14
3 -1.13687e-13
4324 3
1 2.94431e-13
2 8.34888e-14
3 -9.05942e-14
4326 3
1 3.37508e-13
2 5.32907e-14
3 -1.33227e-13
4328 3
1 3.43281e-13
2 3.37508e-14
3 -1.24345e-13
4330 3
1 3.32179e-13
2 2.04281e-14
3 -7.81597e-14
4332 3
1 3.72147e-13
2 3.10862e-14
3 -1.22569e-13
4334 3
1 3.60156e-13
2 4.08562e-14
3 -1.06581e-13
4336 3
1 3.5838e-13
2 3.10862e-14
3 -1.36779e-13
4338 3
1 3.51275e-13
2 2.75335e-14
3 -1.01252e-13
4340 3
1 3.44613e-13
2 4.17444e-14
3 -1.03029e-13
4342 3
1 3.4861e-13
2 4.39648e-14
3 -1.04805e-13
4344 3
1 3.5838e-13
2 -9.32587e-15
3 -7.81597e-14
4346 3
1 3.1708e-13
2 4.9738e-14
3 -1.35003e-13
4348 3
1 3.75255e-13
2 1.95399e-14
3 -1.1724e-13
4350 3
1 3.44613e-13
2 1.5099e-14
3 -1.26121e-13
4352 3
1 3.58824e-13
2 7.10543e-15
3 -1.1191e-13
4354 3
1 3.42837e-13
2 3.64153e-14
3 -1.45661e-13
4356 3
1 3.41061e-13
2 8.88178e-16
3 -1.33227e-13
4358 3
1 3.77032e-13
2 6.21725e-15
3 -7.4607e-14
4360 3
1 3.42393e-13
2 1.5099e-14
3 -1.06581e-13
4362 3
1 3.30402e-13
2 2.79776e-14
3 -9.41469e-14
4364 3
1 3.32623e-13
2 2.30926e-14
3 -6.39488e-14
4366 3
1 3.41505e-13
2 4.44089e-15
3 -1.03029e-13
4368 3
1 3.17524e-13
2 3.4639e-14
3 -1.13687e-13
4370 3
1 3.06422e-13
2 2.66454e-14
3 -1.13687e-13
4372 3
1 3.55715e-13
2 2.22045e-14
3 -9.23706e-14
4374 3
1 3.59712e-13
2 3.28626e-14
3 -9.23706e-14
4376 3
1 3.54383e-13
2 2.13163e-14
3 -1.35003e-13
4378 3
1 3.28626e-13
2 3.90799e-14
3 -9.05942e-14
4380 3
1 3.72591e-13
2 2.4869e-14
3 -6.57252e-14
4382 3
1 3.28182e-13
2 3.86358e-14
3 -7.99361e-14
4384 3
1 3.66374e-13
2 5.81757e-14
3 -1.08358e-13
4386 3
1 3.41061e-13
2 3.01981e-14
3 -1.13687e-13
4388 3
1 3.25073e-13
2 3.9968e-14
3 -1.03029e-13
4390 3
1 3.27294e-13
2 3.81917e-14
3 -8.88178e-14
4392 3
1 3.43281e-13
2 6.66134e-14
3 -1.40332e-13
4394 3
1 3.13971e-13
2 5.81757e-14
3 -1.04805e-13
4396 3
1 3.47722e-13
2 3.01981e-14
3 -1.1724e-13
4398 3
1 3.53495e-13
2 6.4837e-14
3 -1.1191e-13
4400 3
1 3.1708e-13
2 8.88178e-15
3 -1.10134e-13
4402 3
1 3.74367e-13
2 3.90799e-14
3 -6.75016e-14
4404 3
1 3.51719e-13
2 2.79776e-14
3 -8.52651e-14
4406 3
1 3.2685e-13
2 4.75175e-14
3 -1.15463e-13
4408 3
1 3.57048e-13
2 -1.77636e-15
3 -8.17124e-14
4410 3
1 3.37508e-13
2 1.95399e-14
3 -1.38556e-13
4412 3
1 3.08642e-13
2 3.73035e-14
3 -1.42109e-13
4414 3
1 3.31291e-13
2 5.32907e-14
3 -1.01252e-13
4416 3
1 3.35287e-13
2 3.10862e-14
3 -1.22569e-13
4418 3
1 3.34843e-13
2 3.5083e-14
3 -8.17124e-14
4420 3
1 3.55271e-13
2 7.01661e-14
3 -1.06581e-13
4422 3
1 3.40172e-13
2 1.5099e-14
3 -9.41469e-14
4424 3
1 3.25961e-13
2 3.41949e-14
3 -1.04805e-13
4426 3
1 3.55271e-13
2 3.55271e-14
3 -1.03029e-13
4428 3
1 3.41949e-13
2 4.13003e-14
3 -1.1724e-13
4430 3
1 3.21965e-13
2 1.33227e-14
3 -1.29674e-13
4432 3
1 3.39284e-13
2 3.90799e-14
3 -1.38556e-13
4434 3
1 3.14415e-13
2 1.95399e-14
3 -1.26121e-13
4436 3
1 3.50386e-13
2 1.33227e-14
3 -5.50671e-14
4438 3
1 3.35731e-13
2 3.19744e-14
3 -8.70415e-14
4440 3
1 3.37952e-13
2 5.15143e-14
3 -7.99361e-14
4442 3
1 3.3662e-13
2 1.90958e-14
3 -7.63833e-14
4444 3
1 3.35731e-13
2 1.77636e-15
3 -7.4607e-14
4446 3
1 3.28626e-13
2 3.37508e-14
3 -1.13687e-13
4448 3
1 3.52607e-13
2 2.62013e-14
3 -9.23706e-14
4450 3
1 3.11307e-13
2 2.93099e-14
3 -1.1191e-13
4452 3
1 3.22409e-13
2 1.59872e-14
3 -1.27898e-13
4454 3
1 3.35731e-13
2 4.30767e-14
3 -9.76996e-14
4456 3
1 3.09086e-13
2 6.66134e-15
3 -8.34888e-14
4458 3
1 3.0731e-13
2 2.39808e-14
3 -7.28306e-14
4460 3
1 3.80584e-13
2 7.99361e-15
3 -6.75016e-14
4462 3
1 3.28182e-13
2 -7.99361e-15
3 -7.28306e-14
4464 3
1 3.41061e-13
2 2.13163e-14
3 -7.28306e-14
4466 3
1 3.61489e-13
2 3.15303e-14
3 -1.20792e-13
4468 3
1 3.23297e-13
2 7.99361e-15
3 -1.09246e-13
4470 3
1 3.53495e-13
2 1.82077e-14
3 -1.18128e-13
4472 3
1 3.67262e-13
2 3.95239e-14
3 -1.12799e-13
4474 3
1 3.35731e-13
2 2.62013e-14
3 -1.34115e-13
4476 3
1 3.34843e-13
2 4.57412e-14
3 -1.16351e-13
4478 3
1 2.76223e-13
2 2.75335e-14
3 -1.11022e-13
4480 3
1 3.10862e-13
2 3.4639e-14
3 -1.01252e-13
4482 3
1 2.88214e-13
2 1.46549e-14
3 -1.11022e-13
4484 3
1 2.80664e-13
2 -1.28786e-14
3 -1.03029e-13
4486 3
1 3.16636e-13
2 3.19744e-14
3 -1.52767e-13
4488 3
1 3.45945e-13
2 4.84057e-14
3 -9.59233e-14
4490 3
1 3.72147e-13
2 3.68594e-14
3 -1.23457e-13
4492 3
1 3.25073e-13
2 3.9968e-14
3 -1.19904e-13
4494 3
1 3.15303e-13
2 3.95239e-14
3 -1.10134e-13
4496 3
1 3.5616e-13
2 1.46549e-14
3 -1.12799e-13
4498 3
1 3.24629e-13
2 3.77476e-14
3 -1.30562e-13
4500 3
1 2.89546e-13
2 3.19744e-14
3 -1.30562e-13
4502 3
1 3.45945e-13
2 2.13163e-14
3 -1.33227e-13
4504 3
1 3.02425e-13
2 5.90639e-14
3 -1.12799e-13
4506 3
1 3.28626e-13
2 4.15223e-14
3 -1.22569e-13
4508 3
1 3.25961e-13
2 3.73035e-14
3 -1.19016e-13
4510 3
1 3.37952e-13
2 2.79776e-14
3 -1.00364e-13
4512 3
1 3.15303e-13
2 1.24345e-14
3 -1.11022e-13
4514 3
1 3.55271e-13
2 -4.88498e-15
3 -1.4122e-13
4516 3
1 3.48166e-13
2 3.95239e-14
3 -1.01252e-13
4518 3
1 3.37508e-13
2 2.39808e-14
3 -1.2168e-13
4520 3
1 3.64153e-13
2 2.59792e-14
3 -1.01252e-13
4522 3
1 3.00648e-13
2 3.06422e-14
3 -1.1191e-13
4524 3
1 3.21076e-13
2 1.68754e-14
3 -1.1724e-13
4526 3
1 2.93987e-13
2 2.33147e-14
3 -1.19904e-13
4528 3
1 2.80664e-13
2 4.10783e-14
3 -9.50351e-14
4530 3
1 3.24629e-13
2 2.9754e-14
3 -1.01252e-13
4532 3
1 3.52607e-13
2 2.44249e-14
3 -1.1191e-13
4534 3
1 3.20188e-13
2 2.79776e-14
3 -8.34888e-14
4536 3
1 3.24185e-13
2 6.9722e-14
3 -1.44773e-13
4538 3
1 3.17524e-13
2 3.37508e-14
3 -1.0747e-13
4540 3
1 3.05533e-13
2 2.57572e-14
3 -1.16351e-13
4542 3
1 3.28182e-13
2 3.93019e-14
3 -1.3145e-13
4544 3
1 3.37064e-13
2 2.13163e-14
3 -1.03917e-13
4546 3
1 3.03313e-13
2 2.24265e-14
3 -1.14575e-13
4548 3
1 3.15747e-13
2 1.19904e-14
3 -1.25233e-13
4550 3
1 2.81553e-13
2 2.26485e-14
3 -1.06581e-13
4552 3
1 3.15303e-13
2 2.75335e-14
3 -1.19016e-13
4554 3
1 2.81997e-13
2 1.33227e-14
3 -1.15463e-13
4556 3
1 3.54827e-13
2 5.55112e-14
3 -1.03917e-13
4558 3
1 3.5838e-13
2 3.41949e-14
3 -8.43769e-14
4560 3
1 3.20188e-13
2 3.10862e-14
3 -1.10134e-13
4562 3
1 2.87326e-13
2 5.32907e-15
3 -1.16351e-13
4564 3
1 3.61933e-13
2 4.21885e-14
3 -9.59233e-14
4566 3
1 3.05533e-13
2 2.30926e-14
3 -1.01252e-13
4568 3
1 3.15303e-13
2 3.37508e-14
3 -1.09246e-13
4570 3
1 3.39284e-13
2 2.44249e-14
3 -1.1191e-13
4572 3
1 3.193e-13
2 2.57572e-14
3 -9.23706e-14
4574 3
1 3.36176e-13
2 3.9968e-15
3 -8.08242e-14
4576 3
1 2.88658e-13
2 1.77636e-14
3 -1.24345e-13
4578 3
1 3.23741e-13
2 0
3 -1.08358e-13
4580 3
1 3.05533e-13
2 6.66134e-15
3 -1.04805e-13
4582 3
1 3.28626e-13
2 2.22045e-14
3 -1.03029e-13
4584 3
1 3.29514e-13
2 5.15143e-14
3 -7.63833e-14
4586 3
1 3.30402e-13
2 2.4869e-14
3 -1.15463e-13
4588 3
1 3.23297e-13
2 1.95399e-14
3 -1.15463e-13
4590 3
1 3.25073e-13
2 3.10862e-15
3 -1.20792e-13
4592 3
1 3.0731e-13
2 9.76996e-15
3 -1.29674e-13
4594 3
1 3.3662e-13
2 7.10543e-15
3 -1.56319e-13
4596 3
1 3.00204e-13
2 2.75335e-14
3 -1.35003e-13
4598 3
1 3.16192e-13
2 1.28786e-14
3 -1.1724e-13
4600 3
1 3.14415e-13
2 4.61853e-14
3 -1.13687e-13
4602 3
1 3.10862e-13
2 4.08562e-14
3 -9.9476e-14
4604 3
1 3.1708e-13
2 3.73035e-14
3 -1.27898e-13
4606 3
1 3.28626e-13
2 1.86517e-14
3 -1.15463e-13
4608 3
1 3.3662e-13
2 6.21725e-15
3 -1.3145e-13
4610 3
1 3.49942e-13
2 3.01981e-14
3 -1.00364e-13
4612 3
1 3.38396e-13
2 4.44089e-14
3 -1.11022e-13
4614 3
1 3.29514e-13
2 2.66454e-15
3 -8.79297e-14
4616 3
1 3.28626e-13
2 1.59872e-14
3 -1.04805e-13
4618 3
1 3.00204e-13
2 7.99361e-15
3 -1.2701e-13
4620 3
1 3.18856e-13
2 4.08562e-14
3 -1.15463e-13
4622 3
1 3.25961e-13
2 1.15463e-14
3 -1.24345e-13
4624 3
1 3.37508e-13
2 2.13163e-14
3 -1.10134e-13
4626 3
1 3.15303e-13
2 1.86517e-14
3 -7.90479e-14
4628 3
1 3.14415e-13
2 4.08562e-14
3 -1.06581e-13
4630 3
1 3.27738e-13
2 2.30926e-14
3 -1.2701e-13
4632 3
1 3.29514e-13
2 2.93099e-14
3 -1.33227e-13
4634 3
1 3.29514e-13
2 1.95399e-14
3 -1.02141e-13
4636 3
1 3.21521e-13
2 1.5099e-14
3 -1.13687e-13
4638 3
1 3.17968e-13
2 1.15463e-14
3 -1.03917e-13
4640 3
1 3.34843e-13
2 2.4869e-14
3 -1.11022e-13
4642 3
1 3.32179e-13
2 3.55271e-15
3 -8.43769e-14
4644 3
1 3.15303e-13
2 1.42109e-14
3 -1.2701e-13
4646 3
1 2.83329e-13
2 3.4639e-14
3 -1.2168e-13
4648 3
1 3.18856e-13
2 3.4639e-14
3 -9.9476e-14
4650 3
1 3.30402e-13
2 5.59552e-14
3 -1.18128e-13
4652 3
1 3.41949e-13
2 4.44089e-15
3 -1.10134e-13
4654 3
1 3.23297e-13
2 2.04281e-14
3 -1.02141e-13
4656 3
1 3.09086e-13
2 4.44089e-14
3 -9.23706e-14
4658 3
1 3.31291e-13
2 4.9738e-14
3 -1.02141e-13
4660 3
1 3.20632e-13
2 2.04281e-14
3 -1.20792e-13
4662 3
1 3.0731e-13
2 3.4639e-14
3 -7.90479e-14
4664 3
1 3.29514e-13
2 5.41789e-14
3 -1.08358e-13
4666 3
1 2.91323e-13
2 3.28626e-14
3 -9.59233e-14
4668 3
1 3.14415e-13
2 3.90799e-14
3 -1.18128e-13
4670 3
1 2.88658e-13
2 4.44089e-14
3 -1.20792e-13
4672 3
1 3.33067e-13
2 7.63833e-14
3 -1.1724e-13
4674 3
1 3.58824e-13
2 3.81917e-14
3 -9.9476e-14
4676 3
1 3.31291e-13
2 5.06262e-14
3 -1.38556e-13
4678 3
1 3.5083e-13
2 3.9968e-14
3 -9.85878e-14
4680 3
1 3.58824e-13
2 6.21725e-14
3 -1.3145e-13
4682 3
1 2.96652e-13
2 4.70735e-14
3 -1.18128e-13
4684 3
1 3.30402e-13
2 3.73035e-14
3 -8.61533e-14
4686 3
1 3.40172e-13
2 3.9968e-14
3 -1.3145e-13
4688 3
1 3.33955e-13
2 4.88498e-14
3 -1.11022e-13
4690 3
1 3.23297e-13
2 5.50671e-14
3 -1.09246e-13
4692 3
1 3.25961e-13
2 5.86198e-14
3 -1.35003e-13
4694 3
1 3.01092e-13
2 4.9738e-14
3 -9.05942e-14
4696 3
1 3.2685e-13
2 4.70735e-14
3 -1.25233e-13
4698 3
1 3.43725e-13
2 5.68434e-14
3 -7.81597e-14
4700 3
1 3.02869e-13
2 6.83897e-14
3 -9.85878e-14
4702 3
1 3.30402e-13
2 5.32907e-14
3 -1.16351e-13
4704 3
1 2.99316e-13
2 5.32907e-14
3 -9.59233e-14
4706 3
1 3.04645e-13
2 6.30607e-14
3 -9.85878e-14
4708 3
1 3.1708e-13
2 5.41789e-14
3 -9.59233e-14
4710 3
1 3.38396e-13
2 6.12843e-14
3 -9.68114e-14
4712 3
1 3.15303e-13
2 3.28626e-14
3 -1.06581e-13
4714 3
1 3.16192e-13
2 7.4607e-14
3 -9.41469e-14
4716 3
1 3.24185e-13
2 5.41789e-14
3 -9.23706e-14
4718 3
1 3.33067e-13
2 3.81917e-14
3 -9.14824e-14
4720 3
1 3.41949e-13
2 3.4639e-14
3 -9.9476e-14
4722 3
1 3.41061e-13
2 6.57252e-14
3 -1.20792e-13
4724 3
1 3.28626e-13
2 4.44089e-14
3 -1.13687e-13
4726 3
1 3.37508e-13
2 4.79616e-14
3 -9.85878e-14
4728 3
1 3.20632e-13
2 5.15143e-14
3 -1.16351e-13
4730 3
1 3.20632e-13
2 4.61853e-14
3 -1.14575e-13
4732 3
1 3.35731e-13
2 4.44089e-14
3 -1.03917e-13
4734 3
1 3.32179e-13
2 4.17444e-14
3 -1.02141e-13
4736 3
1 2.98428e-13
2 2.13163e-14
3 -1.1191e-13
4738 3
1 3.17968e-13
2 2.57572e-14
3 -8.79297e-14
4740 3
1 3.41061e-13
2 3.90799e-14
3 -1.01252e-13
4742 3
1 3.31291e-13
2 5.32907e-15
3 -9.9476e-14
4744 3
1 3.31291e-13
2 3.28626e-14
3 -1.08358e-13
4746 3
1 3.5616e-13
2 2.13163e-14
3 -1.10134e-13
4748 3
1 3.52607e-13
2 7.10543e-15
3 -1.13687e-13
4750 3
1 3.63265e-13
2 2.84217e-14
3 -1.24345e-13
4752 3
1 3.62377e-13
2 2.13163e-14
3 -9.68114e-14
4754 3
1 2.9754e-13
2 1.24345e-14
3 -1.25233e-13
4756 3
1 3.05533e-13
2 1.5099e-14
3 -1.18128e-13
4758 3
1 3.38396e-13
2 8.88178e-16
3 -1.18128e-13
4760 3
1 3.23297e-13
2 3.55271e-15
3 -1.53655e-13
4762 3
1 3.27738e-13
2 4.44089e-14
3 -9.85878e-14
4764 3
1 2.98428e-13
2 3.37508e-14
3 -9.05942e-14
4766 3
1 2.93987e-13
2 1.24345e-14
3 -1.28786e-13
4768 3
1 3.25961e-13
2 2.22045e-14
3 -9.32587e-14
4770 3
1 3.20632e-13
2 2.57572e-14
3 -1.1724e-13
4772 3
1 3.0731e-13
2 2.39808e-14
3 -1.23457e-13
4774 3
1 3.57936e-13
2 3.81917e-14
3 -1.33227e-13
4776 3
1 3.54383e-13
2 3.01981e-14
3 -1.11022e-13
4778 3
1 3.25961e-13
2 3.01981e-14
3 -9.50351e-14
4780 3
1 3.40172e-13
2 4.9738e-14
3 -1.1724e-13
4782 3
1 3.33955e-13
2 -2.57572e-14
3 -1.2701e-13
4784 3
1 3.45501e-13
2 3.10862e-14
3 -1.35891e-13
4786 3
1 3.32179e-13
2 1.86517e-14
3 -1.35003e-13
4788 3
1 3.10862e-13
2 4.17444e-14
3 -1.03917e-13
4790 3
1 3.22409e-13
2 3.28626e-14
3 -1.28786e-13
4792 3
1 3.25961e-13
2 4.26326e-14
3 -1.42997e-13
4794 3
1 3.33067e-13
2 3.90799e-14
3 -1.46549e-13
4796 3
1 3.06422e-13
2 -1.77636e-15
3 -1.02141e-13
4798 3
1 3.3662e-13
2 2.22045e-14
3 -1.25233e-13
4800 3
1 3.25073e-13
2 1.77636e-14
3 -1.19016e-13
4802 3
1 3.00204e-13
2 5.77316e-14
3 -8.9706e-14
4804 3
1 3.31291e-13
2 2.66454e-14
3 -1.0747e-13
4806 3
1 3.05533e-13
2 3.81917e-14
3 -1.26121e-13
4808 3
1 3.33067e-13
2 1.06581e-14
3 -1.14575e-13
4810 3
1 3.38396e-13
2 2.66454e-14
3 -1.03917e-13
4812 3
1 2.9754e-13
2 3.73035e-14
3 -1.10134e-13
4814 3
1 3.43725e-13
2 1.5099e-14
3 -1.32339e-13
4816 3
1 2.78888e-13
2 3.19744e-14
3 -1.0747e-13
4818 3
1 3.24185e-13
2 1.24345e-14
3 -1.2701e-13
4820 3
1 2.80664e-13
2 3.10862e-14
3 -1.18128e-13
4822 3
1 3.20632e-13
2 2.13163e-14
3 -1.3145e-13
4824 3
1 3.23297e-13
2 4.88498e-14
3 -1.1724e-13
4826 3
1 3.00204e-13
2 2.84217e-14
3 -1.20792e-13
4828 3
1 3.09086e-13
2 7.99361e-15
3 -9.50351e-14
4830 3
1 3.13527e-13
2 3.81917e-14
3 -1.10134e-13
4832 3
1 3.28626e-13
2 4.44089e-15
3 -1.13687e-13
4834 3
1 3.2685e-13
2 2.22045e-14
3 -1.35891e-13
4836 3
1 3.21521e-13
2 1.24345e-14
3 -9.32587e-14
4838 3
1 3.11751e-13
2 3.81917e-14
3 -7.28306e-14
4840 3
1 3.20632e-13
2 1.77636e-15
3 -1.51879e-13
4842 3
1 2.86882e-13
2 4.44089e-14
3 -9.76996e-14
4844 3
1 3.20632e-13
2 3.28626e-14
3 -1.11022e-13
4846 3
1 3.39284e-13
2 4.44089e-14
3 -1.16351e-13
4848 3
1 3.29514e-13
2 -1.86517e-14
3 -1.03917e-13
4850 3
1 3.32179e-13
2 3.90799e-14
3 -6.03961e-14
4852 3
1 3.13527e-13
2 5.06262e-14
3 -8.88178e-14
4854 3
1 3.13527e-13
2 0
3 -1.22569e-13
4856 3
1 3.08198e-13
2 3.28626e-14
3 -9.23706e-14
4858 3
1 3.00204e-13
2 1.24345e-14
3 -1.1191e-13
4860 3
1 3.18412e-13
2 5.24025e-14
3 -6.57252e-14
4862 3
1 3.25961e-13
2 4.17444e-14
3 -1.26121e-13
4864 3
1 3.07754e-13
2 1.15463e-14
3 -1.06581e-13
4866 3
1 3.2907e-13
2 3.64153e-14
3 -1.16351e-13
4868 3
1 3.41949e-13
2 1.06581e-14
3 -1.10134e-13
4870 3
1 3.1708e-13
2 2.39808e-14
3 -1.01252e-13
4872 3
1 3.2685e-13
2 2.84217e-14
3 -8.52651e-14
4874 3
1 2.95763e-13
2 2.22045e-14
3 -9.05942e-14
4876 3
1 3.14415e-13
2 5.41789e-14
3 -1.1724e-13
4878 3
1 3.0731e-13
2 3.4639e-14
3 -1.10134e-13
4880 3
1 2.70006e-13
2 4.08562e-14
3 -9.05942e-14
4882 3
1 3.0731e-13
2 1.77636e-14
3 -1.13687e-13
4884 3
1 3.39284e-13
2 2.93099e-14
3 -1.1724e-13
4886 3
1 3.10862e-13
2 3.73035e-14
3 -1.35003e-13
4888 3
1 3.23297e-13
2 3.55271e-14
3 -9.68114e-14
4890 3
1 3.32179e-13
2 2.22045e-14
3 -1.26121e-13
4892 3
1 3.12639e-13
2 3.28626e-14
3 -1.37668e-13
4894 3
1 3.00204e-13
2 1.59872e-14
3 -1.00364e-13
4896 3
1 3.15303e-13
2 4.88498e-14
3 -8.17124e-14
4898 3
1 3.09086e-13
2 1.15463e-14
3 -1.10134e-13
4900 3
1 3.02869e-13
2 5.15143e-14
3 -1.03917e-13
4902 3
1 3.25073e-13
2 1.33227e-14
3 -8.34888e-14
4904 3
1 3.02869e-13
2 2.22045e-14
3 -1.01252e-13
4906 3
1 3.09974e-13
2 6.39488e-14
3 -1.36779e-13
4908 3
1 2.81553e-13
2 3.90799e-14
3 -1.16351e-13
4910 3
1 3.00204e-13
2 3.64153e-14
3 -9.9476e-14
4912 3
1 3.23297e-13
2 1.68754e-14
3 -1.19016e-13
4914 3
1 2.81553e-13
2 3.73035e-14
3 -9.41469e-14
4916 3
1 3.23297e-13
2 4.44089e-15
3 -8.61533e-14
4918 3
1 2.91323e-13
2 2.39808e-14
3 -1.01252e-13
4920 3
1 2.98428e-13
2 2.30926e-14
3 -8.79297e-14
4922 3
1 2.85993e-13
2 4.26326e-14
3 -8.70415e-14
4924 3
1 2.92211e-13
2 2.04281e-14
3 -1.0747e-13
4926 3
1 2.78888e-13
2 2.22045e-14
3 -9.85878e-14
4928 3
1 3.05533e-13
2 -1.15463e-14
3 -8.61533e-14
4930 3
1 2.86882e-13
2 7.99361e-15
3 -9.76996e-14
4932 3
1 3.13527e-13
2 -1.77636e-15
3 -1.03917e-13
4934 3
1 3.05533e-13
2 3.10862e-14
3 -6.4837e-14
4936 3
1 2.70006e-13
2 1.42109e-14
3 -1.15463e-13
4938 3
1 3.15303e-13
2 2.13163e-14
3 -1.09246e-13
4940 3
1 3.25073e-13
2 1.86517e-14
3 -1.32339e-13
4942 3
1 3.06422e-13
2 1.24345e-14
3 -1.2701e-13
4944 3
1 2.98428e-13
2 1.86517e-14
3 -9.50351e-14
4946 3
1 3.16192e-13
2 4.79616e-14
3 -1.25233e-13
4948 3
1 3.02869e-13
2 2.84217e-14
3 -6.92779e-14
4950 3
1 2.80664e-13
2 5.06262e-14
3 -1.2701e-13
4952 3
1 3.03757e-13
2 3.81917e-14
3 -9.05942e-14
4954 3
1 2.89546e-13
2 6.39488e-14
3 -1.04805e-13
4956 3
1 2.92211e-13
2 3.73035e-14
3 -9.59233e-14
4958 3
1 2.90434e-13
2 2.93099e-14
3 -8.88178e-14
4960 3
1 2.75335e-13
2 1.86517e-14
3 -1.19016e-13
4962 3
1 2.95763e-13
2 2.13163e-14
3 -1.19904e-13
4964 3
1 2.93987e-13
2 2.30926e-14
3 -1.0747e-13
4966 3
1 3.05533e-13
2 3.55271e-15
3 -9.50351e-14
4968 3
1 2.9754e-13
2 3.64153e-14
3 -1.10134e-13
4970 3
1 2.80664e-13
2 9.76996e-15
3 -9.14824e-14
4972 3
1 3.01537e-13
2 4.9738e-14
3 -9.76996e-14
4974 3
1 2.76223e-13
2 4.26326e-14
3 -1.39444e-13
4976 3
1 3.09974e-13
2 3.90799e-14
3 -1.04805e-13
4978 3
1 2.93099e-13
2 4.08562e-14
3 -1.19016e-13
4980 3
1 2.92211e-13
2 2.22045e-14
3 -9.76996e-14
4982 3
1 2.78e-13
2 3.01981e-14
3 -8.88178e-14
4984 3
1 2.80664e-13
2 3.9968e-14
3 -1.04805e-13
4986 3
1 2.69118e-13
2 2.57572e-14
3 -1.01252e-13
4988 3
1 2.70006e-13
2 3.19744e-14
3 -1.00364e-13
4990 3
1 2.82441e-13
2 2.13163e-14
3 -9.23706e-14
4992 3
1 2.52243e-13
2 3.19744e-14
3 -1.01252e-13
4994 3
1 2.79776e-13
2 4.35207e-14
3 -1.12799e-13
4996 3
1 2.63789e-13
2 3.28626e-14
3 -7.99361e-14
4998 3
1 2.85993e-13
2 1.24345e-14
3 -9.41469e-14
5000 3
1 2.84217e-13
2 2.4869e-14
3 -7.99361e-14
5002 3
1 2.5846e-13
2 5.77316e-14
3 -9.76996e-14
5004 3
1 2.88658e-13
2 3.10862e-14
3 -8.17124e-14
5006 3
1 2.89546e-13
2 5.59552e-14
3 -1.03029e-13
5008 3
1 2.82885e-13
2 6.4837e-14
3 -7.99361e-14
5010 3
1 2.71783e-13
2 3.90799e-14
3 -8.17124e-14
5012 3
1 2.65565e-13
2 2.66454e-14
3 -1.00364e-13
5014 3
1 2.71339e-13
2 5.68434e-14
3 -1.06581e-13
5016 3
1 2.95763e-13
2 8.88178e-16
3 -9.59233e-14
5018 3
1 2.66009e-13
2 4.26326e-14
3 -9.05942e-14
5020 3
1 2.44249e-13
2 6.12843e-14
3 -9.85878e-14
5022 3
1 2.67786e-13
2 4.88498e-14
3 -7.37188e-14
5024 3
1 2.74447e-13
2 1.42109e-14
3 -9.59233e-14
5026 3
1 2.75335e-13
2 3.90799e-14
3 -7.72715e-14
5028 3
1 2.93099e-13
2 5.77316e-14
3 -8.43769e-14
5030 3
1 2.70006e-13
2 2.93099e-14
3 -1.02141e-13
5032 3
1 2.78888e-13
2 7.10543e-15
3 -9.68114e-14
5034 3
1 2.47802e-13
2 -2.66454e-15
3 -4.61853e-14
5036 3
1 2.84217e-13
2 2.4869e-14
3 -9.14824e-14
5038 3
1 2.57572e-13
2 4.79616e-14
3 -6.92779e-14
5040 3
1 2.61124e-13
2 6.39488e-14
3 -6.57252e-14
5042 3
1 2.80664e-13
2 7.99361e-15
3 -8.34888e-14
5044 3
1 2.47802e-13
2 1.59872e-14
3 -8.43769e-14
5046 3
1 2.9754e-13
2 1.33227e-14
3 -6.21725e-14
5048 3
1 2.59348e-13
2 3.64153e-14
3 -7.81597e-14
5050 3
1 2.93987e-13
2 7.01661e-14
3 -7.72715e-14
5052 3
1 3.09086e-13
2 4.61853e-14
3 -7.72715e-14
5054 3
1 2.99316e-13
2 4.88498e-14
3 -6.21725e-14
5056 3
1 2.93987e-13
2 1.77636e-14
3 -8.08242e-14
5058 3
1 2.85993e-13
2 4.08562e-14
3 -7.28306e-14
5060 3
1 2.76223e-13
2 2.13163e-14
3 -7.63833e-14
5062 3
1 2.77112e-13
2 6.92779e-14
3 -8.61533e-14
5064 3
1 2.60236e-13
2 1.68754e-14
3 -5.77316e-14
5066 3
1 2.79776e-13
2 1.95399e-14
3 -9.41469e-14
5068 3
1 3.42837e-13
2 5.15143e-14
3 -5.68434e-14
5070 3
1 2.86882e-13
2 9.76996e-15
3 -9.85878e-14
5072 3
1 2.85993e-13
2 3.4639e-14
3 -8.43769e-14
5074 3
1 2.55795e-13
2 2.39808e-14
3 -6.92779e-14
5076 3
1 2.93987e-13
2 3.55271e-15
3 -4.9738e-14
5078 3
1 2.86882e-13
2 -8.88178e-15
3 -5.50671e-14
5080 3
1 2.98428e-13
2 1.24345e-14
3 -8.61533e-14
5082 3
1 2.79776e-13
2 1.77636e-14
3 -5.41789e-14
5084 3
1 2.94875e-13
2 1.5099e-14
3 -8.08242e-14
5086 3
1 2.76223e-13
2 3.55271e-15
3 -6.4837e-14
5088 3
1 3.01981e-13
2 1.77636e-14
3 -8.61533e-14
5090 3
1 3.09974e-13
2 1.59872e-14
3 -8.79297e-14
5092 3
1 2.85993e-13
2 2.30926e-14
3 -8.08242e-14
5094 3
1 3.1708e-13
2 2.4869e-14
3 -8.43769e-14
5096 3
1 2.72671e-13
2 6.12843e-14
3 -5.77316e-14
5098 3
1 2.91323e-13
2 6.30607e-14
3 -5.59552e-14
5100 3
1 2.69118e-13
2 3.28626e-14
3 -7.4607e-14
5102 3
1 2.79776e-13
2 2.30926e-14
3 -7.4607e-14
5104 3
1 3.04645e-13
2 2.39808e-14
3 -8.26006e-14
5106 3
1 2.83329e-13
2 1.24345e-14
3 -1.03029e-13
5108 3
1 3.08198e-13
2 1.77636e-14
3 -9.05942e-14
5110 3
1 3.35731e-13
2 3.28626e-14
3 -8.52651e-14
5112 3
1 2.92211e-13
2 -4.44089e-15
3 -1.05693e-13
5114 3
1 3.29514e-13
2 3.9968e-14
3 -7.54952e-14
5116 3
1 3.19744e-13
2 1.95399e-14
3 -7.28306e-14
5118 3
1 3.01092e-13
2 5.24025e-14
3 -7.90479e-14
5120 3
1 3.06422e-13
2 5.32907e-15
3 -1.14575e-13
5122 3
1 2.70894e-13
2 -1.77636e-15
3 -9.32587e-14
5124 3
1 3.03757e-13
2 1.77636e-15
3 -5.41789e-14
5126 3
1 3.09086e-13
2 -1.77636e-15
3 -7.19425e-14
5128 3
1 2.78e-13
2 1.77636e-14
3 -1.15463e-13
5130 3
1 2.94875e-13
2 -3.55271e-15
3 -6.30607e-14
5132 3
1 3.13527e-13
2 1.5099e-14
3 -8.88178e-14
5134 3
1 3.10862e-13
2 -1.06581e-14
3 -9.50351e-14
5136 3
1 2.96652e-13
2 -1.77636e-14
3 -9.41469e-14
5138 3
1 2.94875e-13
2 2.66454e-15
3 -1.12799e-13
5140 3
1 3.25961e-13
2 3.4639e-14
3 -7.90479e-14
5142 3
1 3.21521e-13
2 6.57252e-14
3 -8.88178e-14
5144 3
1 2.93099e-13
2 2.39808e-14
3 -6.21725e-14
5146 3
1 3.0731e-13
2 1.77636e-15
3 -7.4607e-14
5148 3
1 3.09086e-13
2 2.84217e-14
3 -5.68434e-14
5150 3
1 2.89546e-13
2 1.68754e-14
3 -7.19425e-14
5152 3
1 2.83329e-13
2 1.5099e-14
3 -6.57252e-14
5154 3
1 3.10862e-13
2 3.81917e-14
3 -8.52651e-14
5156 3
1 2.98428e-13
2 3.28626e-14
3 -8.26006e-14
5158 3
1 2.78e-13
2 2.30926e-14
3 -8.9706e-14
5160 3
1 3.01981e-13
2 3.55271e-15
3 -1.10134e-13
5162 3
1 3.0731e-13
2 6.21725e-15
3 -7.54952e-14
5164 3
1 3.03757e-13
2 -4.44089e-15
3 -7.81597e-14
5166 3
1 3.44613e-13
2 8.88178e-16
3 -7.54952e-14
5168 3
1 2.86882e-13
2 -1.24345e-14
3 -1.14575e-13
5170 3
1 3.19744e-13
2 -1.77636e-14
3 -9.76996e-14
5172 3
1 3.03757e-13
2 -2.93099e-14
3 -8.34888e-14
5174 3
1 3.09086e-13
2 4.44089e-15
3 -7.54952e-14
5176 3
1 3.2685e-13
2 1.33227e-14
3 -7.10543e-14
5178 3
1 2.85993e-13
2 7.10543e-15
3 -9.41469e-14
5180 3
1 2.89546e-13
2 2.93099e-14
3 -8.61533e-14
5182 3
1 2.93987e-13
2 -8.88178e-16
3 -6.66134e-14
5184 3
1 3.01092e-13
2 1.42109e-14
3 -7.10543e-14
5186 3
1 2.6823e-13
2 2.04281e-14
3 -1.2168e-13
5188 3
1 3.15303e-13
2 1.15463e-14
3 -8.52651e-14
5190 3
1 2.73559e-13
2 8.88178e-16
3 -8.52651e-14
5192 3
1 3.10862e-13
2 1.68754e-14
3 -8.17124e-14
5194 3
1 3.09086e-13
2 2.57572e-14
3 -9.9476e-14
5196 3
1 2.84217e-13
2 1.59872e-14
3 -1.03029e-13
5198 3
1 3.51719e-13
2 -4.44089e-15
3 -7.99361e-14
5200 3
1 3.03757e-13
2 2.13163e-14
3 -9.50351e-14
5202 3
1 2.78888e-13
2 3.10862e-14
3 -9.76996e-14
5204 3
1 2.73559e-13
2 2.84217e-14
3 -1.01252e-13
5206 3
1 2.6823e-13
2 1.06581e-14
3 -8.08242e-14
5208 3
1 3.18856e-13
2 2.66454e-15
3 -9.9476e-14
5210 3
1 3.0731e-13
2 1.77636e-14
3 -1.18128e-13
5212 3
1 3.28626e-13
2 8.88178e-16
3 -1.06581e-13
5214 3
1 3.05533e-13
2 8.88178e-16
3 -1.15463e-13
5216 3
1 2.93987e-13
2 3.10862e-14
3 -1.22569e-13
5218 3
1 3.37508e-13
2 -7.10543e-15
3 -1.06581e-13
5220 3
1 3.29514e-13
2 1.77636e-15
3 -1.01252e-13
5222 3
1 3.24185e-13
2 1.77636e-14
3 -9.85878e-14
5224 3
1 3.01981e-13
2 -3.55271e-15
3 -1.24345e-13
5226 3
1 3.34843e-13
2 -4.44089e-15
3 -1.24345e-13
5228 3
1 3.40172e-13
2 2.04281e-14
3 -1.02141e-13
5230 3
1 3.09974e-13
2 1.59872e-14
3 -1.13687e-13
5232 3
1 3.23297e-13
2 2.4869e-14
3 -8.26006e-14
5234 3
1 3.30402e-13
2 3.55271e-15
3 -1.1191e-13
5236 3
1 2.95763e-13
2 -5.32907e-15
3 -1.2701e-13
5238 3
1 3.16192e-13
2 -5.32907e-15
3 -1.35891e-13
5240 3
1 3.14415e-13
2 1.33227e-14
3 -1.19904e-13
5242 3
1 2.98428e-13
2 1.33227e-14
3 -1.23457e-13
5244 3
1 3.09086e-13
2 3.19744e-14
3 -1.22569e-13
5246 3
1 3.15303e-13
2 1.06581e-14
3 -1.52767e-13
5248 3
1 3.31291e-13
2 3.55271e-15
3 -1.08358e-13
5250 3
1 2.93987e-13
2 1.68754e-14
3 -1.2168e-13
5252 3
1 3.09086e-13
2 -3.55271e-15
3 -1.23457e-13
5254 3
1 2.79776e-13
2 3.81917e-14
3 -1.16351e-13
5256 3
1 3.09086e-13
2 1.5099e-14
3 -1.01252e-13
5258 3
1 3.04645e-13
2 1.33227e-14
3 -1.35003e-13
5260 3
1 3.06422e-13
2 4.35207e-14
3 -9.14824e-14
5262 3
1 3.25073e-13
2 -1.24345e-14
3 -1.1191e-13
5264 3
1 3.34843e-13
2 -2.66454e-15
3 -1.1724e-13
5266 3
1 2.84217e-13
2 2.13163e-14
3 -1.27898e-13
5268 3
1 2.86882e-13
2 8.88178e-16
3 -1.1191e-13
5270 3
1 3.22409e-13
2 4.79616e-14
3 -1.06581e-13
5272 3
1 3.32179e-13
2 1.15463e-14
3 -1.05693e-13
5274 3
1 2.91323e-13
2 7.10543e-15
3 -1.03029e-13
5276 3
1 3.28626e-13
2 3.4639e-14
3 -1.16351e-13
5278 3
1 3.05533e-13
2 2.4869e-14
3 -1.20792e-13
5280 3
1 3.18856e-13
2 7.10543e-15
3 -9.32587e-14
5282 3
1 3.10862e-13
2 4.26326e-14
3 -1.18128e-13
5284 3
1 2.84217e-13
2 6.21725e-15
3 -1.09246e-13
5286 3
1 3.16636e-13
2 4.44089e-14
3 -1.05693e-13
5288 3
1 3.03757e-13
2 1.5099e-14
3 -1.2701e-13
5290 3
1 3.43281e-13
2 2.66454e-14
3 -1.02141e-13
5292 3
1 3.08198e-13
2 -7.10543e-15
3 -9.76996e-14
5294 3
1 3.28626e-13
2 2.30926e-14
3 -1.18128e-13
5296 3
1 3.13527e-13
2 2.04281e-14
3 -1.32339e-13
5298 3
1 3.20632e-13
2 -4.44089e-15
3 -1.11022e-13
5300 3
1 3.12639e-13
2 1.59872e-14
3 -9.68114e-14
5302 3
1 3.13527e-13
2 1.95399e-14
3 -9.32587e-14
5304 3
1 2.90878e-13
2 2.93099e-14
3 -1.32339e-13
5306 3
1 3.01981e-13
2 2.75335e-14
3 -9.14824e-14
5308 3
1 3.29514e-13
2 2.84217e-14
3 -1.12799e-13
5310 3
1 2.93987e-13
2 1.86517e-14
3 -9.50351e-14
5312 3
1 3.0953e-13
2 5.68434e-14
3 -1.1724e-13
5314 3
1 3.13527e-13
2 1.68754e-14
3 -1.02141e-13
5316 3
1 2.84217e-13
2 2.22045e-14
3 -1.03029e-13
5318 3
1 3.09086e-13
2 1.59872e-14
3 -1.23457e-13
5320 3
1 3.04645e-13
2 4.44089e-15
3 -1.03917e-13
5322 3
1 2.94875e-13
2 -6.21725e-15
3 -8.79297e-14
5324 3
1 3.23741e-13
2 -4.44089e-15
3 -9.32587e-14
5326 3
1 3.31291e-13
2 -8.88178e-15
3 -8.88178e-14
5328 3
1 3.22409e-13
2 1.5099e-14
3 -9.59233e-14
5330 3
1 3.01092e-13
2 1.77636e-15
3 -1.1724e-13
5332 3
1 2.9976e-13
2 -2.30926e-14
3 -8.43769e-14
5334 3
1 3.21521e-13
2 -7.10543e-15
3 -1.05693e-13
5336 3
1 3.10418e-13
2 -2.66454e-15
3 -9.59233e-14
5338 3
1 2.93099e-13
2 2.66454e-14
3 -1.03029e-13
5340 3
1 2.90434e-13
2 1.33227e-14
3 -1.06581e-13
5342 3
1 3.09974e-13
2 2.57572e-14
3 -1.29674e-13
5344 3
1 3.10418e-13
2 1.06581e-14
3 -1.33227e-13
5346 3
1 2.93987e-13
2 -4.44089e-15
3 -1.2168e-13
5348 3
1 2.99316e-13
2 1.59872e-14
3 -1.3145e-13
5350 3
1 2.79776e-13
2 4.44089e-15
3 -1.03029e-13
5352 3
1 3.22409e-13
2 2.66454e-14
3 -1.15463e-13
5354 3
1 3.02425e-13
2 3.64153e-14
3 -9.76996e-14
5356 3
1 3.13083e-13
2 1.95399e-14
3 -1.00364e-13
5358 3
1 2.90434e-13
2 3.81917e-14
3 -1.12799e-13
5360 3
1 3.09974e-13
2 4.44089e-15
3 -1.27898e-13
5362 3
1 3.02869e-13
2 9.76996e-15
3 -1.16351e-13
5364 3
1 2.56239e-13
2 1.42109e-14
3 -1.03029e-13
5366 3
1 2.91323e-13
2 -2.22045e-14
3 -1.01252e-13
5368 3
1 2.93987e-13
2 5.32907e-15
3 -1.32339e-13
5370 3
1 3.29514e-13
2 3.4639e-14
3 -1.13687e-13
5372 3
1 3.11307e-13
2 9.76996e-15
3 -1.30562e-13
5374 3
1 3.18856e-13
2 7.99361e-15
3 -1.30562e-13
5376 3
1 3.11751e-13
2 3.10862e-14
3 -1.39444e-13
5378 3
1 3.15303e-13
2 3.10862e-14
3 -1.40332e-13
5380 3
1 3.24629e-13
2 3.9968e-14
3 -1.04805e-13
5382 3
1 2.74003e-13
2 3.90799e-14
3 -1.54543e-13
5384 3
1 2.8999e-13
2 3.19744e-14
3 -1.03029e-13
5386 3
1 2.73559e-13
2 1.5099e-14
3 -1.47438e-13
5388 3
1 2.88214e-13
2 1.59872e-14
3 -1.30562e-13
5390 3
1 3.28626e-13
2 5.77316e-14
3 -1.4122e-13
5392 3
1 3.08198e-13
2 1.59872e-14
3 -1.25233e-13
5394 3
1 2.95763e-13
2 4.08562e-14
3 -1.18128e-13
5396 3
1 3.04645e-13
2 4.44089e-15
3 -1.22569e-13
5398 3
1 3.15303e-13
2 1.68754e-14
3 -1.39444e-13
5400 3
1 3.10862e-13
2 4.44089e-15
3 -1.34115e-13
5402 3
1 3.13527e-13
2 2.66454e-14
3 -1.03917e-13
5404 3
1 3.18856e-13
2 1.77636e-14
3 -1.22569e-13
5406 3
1 3.2685e-13
2 -8.88178e-16
3 -1.1724e-13
5408 3
1 3.21521e-13
2 8.88178e-15
3 -1.20792e-13
5410 3
1 3.10418e-13
2 -2.39808e-14
3 -8.70415e-14
5412 3
1 3.13971e-13
2 3.01981e-14
3 -1.03029e-13
5414 3
1 2.79776e-13
2 0
3 -1.16351e-13
5416 3
1 2.93543e-13
2 8.88178e-15
3 -1.25233e-13
5418 3
1 2.85105e-13
2 -8.88178e-16
3 -1.09246e-13
5420 3
1 2.85549e-13
2 1.15463e-14
3 -1.01252e-13
5422 3
1 2.93987e-13
2 -8.88178e-16
3 -1.35891e-13
5424 3
1 2.83773e-13
2 2.84217e-14
3 -1.38556e-13
5426 3
1 3.13527e-13
2 -1.86517e-14
3 -1.08358e-13
5428 3
1 2.83773e-13
2 -1.42109e-14
3 -1.51879e-13
5430 3
1 3.04645e-13
2 -1.59872e-14
3 -9.50351e-14
5432 3
1 3.0731e-13
2 -7.10543e-15
3 -1.10134e-13
5434 3
1 3.19744e-13
2 7.99361e-15
3 -1.19016e-13
5436 3
1 3.01981e-13
2 9.76996e-15
3 -1.33227e-13
5438 3
1 3.09086e-13
2 3.37508e-14
3 -1.40332e-13
5440 3
1 3.0953e-13
2 -2.66454e-15
3 -1.33227e-13
5442 3
1 3.13083e-13
2 5.32907e-15
3 -1.1191e-13
5444 3
1 3.13527e-13
2 0
3 -1.27898e-13
5446 3
1 2.96208e-13
2 -7.10543e-15
3 -1.2168e-13
5448 3
1 3.01981e-13
2 8.88178e-15
3 -1.34115e-13
5450 3
1 3.39284e-13
2 2.22045e-14
3 -1.13687e-13
5452 3
1 3.17968e-13
2 4.44089e-15
3 -1.26121e-13
5454 3
1 3.23741e-13
2 4.70735e-14
3 -1.19016e-13
5456 3
1 2.88658e-13
2 3.9968e-14
3 -1.54543e-13
5458 3
1 3.21076e-13
2 2.66454e-15
3 -1.28786e-13
5460 3
1 3.01981e-13
2 -2.30926e-14
3 -1.1724e-13
5462 3
1 3.31291e-13
2 1.77636e-14
3 -1.47438e-13
5464 3
1 3.32179e-13
2 5.32907e-15
3 -1.43885e-13
5466 3
1 3.02869e-13
2 2.66454e-14
3 -1.38556e-13
5468 3
1 2.8777e-13
2 -1.33227e-14
3 -1.27898e-13
5470 3
1 3.23297e-13
2 4.44089e-15
3 -1.19016e-13
5472 3
1 3.14415e-13
2 0
3 -1.20792e-13
5474 3
1 3.21076e-13
2 -7.10543e-15
3 -1.5099e-13
5476 3
1 3.00648e-13
2 1.06581e-14
3 -1.39444e-13
5478 3
1 3.20632e-13
2 2.30926e-14
3 -1.20792e-13
5480 3
1 3.00648e-13
2 1.95399e-14
3 -1.32339e-13
5482 3
1 3.25517e-13
2 3.55271e-14
3 -1.33227e-13
5484 3
1 3.09086e-13
2 4.35207e-14
3 -1.58984e-13
5486 3
1 2.98428e-13
2 3.19744e-14
3 -1.09246e-13
5488 3
1 3.05533e-13
2 2.66454e-14
3 -1.24345e-13
5490 3
1 2.98428e-13
2 3.01981e-14
3 -1.49214e-13
5492 3
1 3.05089e-13
2 -1.15463e-14
3 -1.01252e-13
5494 3
1 2.94431e-13
2 1.42109e-14
3 -9.50351e-14
5496 3
1 3.07754e-13
2 3.37508e-14
3 -1.1724e-13
5498 3
1 3.24185e-13
2 3.64153e-14
3 -1.27898e-13
5500 3
1 2.65121e-13
2 6.21725e-15
3 -1.30562e-13
5502 3
1 2.95319e-13
2 1.24345e-14
3 -1.37668e-13
5504 3
1 2.95541e-13
2 1.42109e-14
3 -1.2168e-13
5506 3
1 2.8777e-13
2 -1.06581e-14
3 -1.15463e-13
5508 3
1 3.08642e-13
2 1.77636e-14
3 -1.54543e-13
5510 3
1 3.14859e-13
2 2.22045e-14
3 -1.26121e-13
5512 3
1 2.88214e-13
2 3.55271e-15
3 -1.32339e-13
5514 3
1 3.03757e-13
2 1.68754e-14
3 -1.42109e-13
5516 3
1 2.90878e-13
2 2.30926e-14
3 -1.38556e-13
5518 3
1 3.25961e-13
2 1.42109e-14
3 -1.2701e-13
5520 3
1 2.92211e-13
2 1.33227e-14
3 -1.34115e-13
5522 3
1 2.97984e-13
2 -1.33227e-14
3 -1.44773e-13
5524 3
1 3.0087e-13
2 6.21725e-15
3 -1.38556e-13
5526 3
1 2.96652e-13
2 -2.04281e-14
3 -1.39444e-13
5528 3
1 3.46168e-13
2 3.55271e-15
3 -1.40332e-13
5530 3
1 2.99982e-13
2 0
3 -1.45661e-13
5532 3
1 2.911e-13
2 -2.66454e-15
3 -1.22569e-13
5534 3
1 3.09752e-13
2 -1.59872e-14
3 -1.42997e-13
5536 3
1 3.24851e-13
2 -8.88178e-15
3 -1.6076e-13
5538 3
1 2.9865e-13
2 4.44089e-15
3 -1.47438e-13
5540 3
1 2.93765e-13
2 1.24345e-14
3 -1.34115e-13
5542 3
1 3.07532e-13
2 2.4869e-14
3 -1.4122e-13
5544 3
1 2.72227e-13
2 7.10543e-15
3 -1.55431e-13
5546 3
1 2.92655e-13
2 2.66454e-14
3 -1.47438e-13
5548 3
1 2.8888e-13
2 1.06581e-14
3 -1.27898e-13
5550 3
1 2.93765e-13
2 1.77636e-14
3 -1.55431e-13
5552 3
1 2.82663e-13
2 2.75335e-14
3 -1.66978e-13
5554 3
1 2.95097e-13
2 0
3 -1.46549e-13
5556 3
1 2.73559e-13
2 -1.77636e-15
3 -1.42997e-13
5558 3
1 2.8022e-13
2 1.15463e-14
3 -1.51879e-13
5560 3
1 3.10418e-13
2 8.88178e-15
3 -1.40332e-13
5562 3
1 2.91545e-13
2 -2.66454e-15
3 -1.35003e-13
5564 3
1 2.94431e-13
2 -1.06581e-14
3 -1.33227e-13
5566 3
1 3.1708e-13
2 -3.19744e-14
3 -1.27898e-13
5568 3
1 3.08642e-13
2 2.66454e-15
3 -1.20792e-13
5570 3
1 2.94431e-13
2 -7.10543e-15
3 -1.42109e-13
5572 3
1 2.94875e-13
2 3.55271e-15
3 -1.54543e-13
5574 3
1 2.83773e-13
2 2.66454e-14
3 -1.52767e-13
5576 3
1 2.94431e-13
2 -2.13163e-14
3 -1.37668e-13
5578 3
1 2.67564e-13
2 -1.06581e-14
3 -1.32339e-13
5580 3
1 2.70672e-13
2 1.68754e-14
3 -1.45661e-13
5582 3
1 2.4869e-13
2 1.42109e-14
3 -1.46549e-13
5584 3
1 2.6823e-13
2 -1.86517e-14
3 -1.47438e-13
5586 3
1 2.88436e-13
2 -2.66454e-15
3 -1.08358e-13
5588 3
1 2.59792e-13
2 1.06581e-14
3 -1.55431e-13
5590 3
1 2.78888e-13
2 -7.10543e-15
3 -1.3145e-13
5592 3
1 3.05977e-13
2 -1.42109e-14
3 -1.36779e-13
5594 3
1 2.34479e-13
2 1.77636e-15
3 -1.35003e-13
5596 3
1 2.3137e-13
2 1.24345e-14
3 -1.40332e-13
5598 3
1 2.56684e-13
2 -7.99361e-15
3 -1.71418e-13
5600 3
1 2.60458e-13
2 1.86517e-14
3 -1.54543e-13
5602 3
1 2.56017e-13
2 -1.06581e-14
3 -1.3145e-13
5604 3
1 2.94431e-13
2 9.76996e-15
3 -1.46549e-13
5606 3
1 2.73781e-13
2 -1.42109e-14
3 -1.48326e-13
5608 3
1 2.78888e-13
2 4.44089e-15
3 -1.46549e-13
5610 3
1 2.84217e-13
2 -1.24345e-14
3 -1.46549e-13
5612 3
1 2.67342e-13
2 2.22045e-14
3 -1.37668e-13
5614 3
1 2.66009e-13
2 -7.10543e-15
3 -1.46549e-13
5616 3
1 2.93099e-13
2 1.15463e-14
3 -1.2701e-13
5618 3
1 3.03757e-13
2 -4.44089e-15
3 -1.51879e-13
5620 3
1 2.93765e-13
2 -1.06581e-14
3 -1.51879e-13
5622 3
1 2.72893e-13
2 1.59872e-14
3 -1.49214e-13
5624 3
1 2.77556e-13
2 2.84217e-14
3 -1.46549e-13
5626 3
1 2.79776e-13
2 4.44089e-15
3 -1.68754e-13
5628 3
1 2.92877e-13
2 3.55271e-15
3 -1.46549e-13
5630 3
1 2.56017e-13
2 3.90799e-14
3 -1.2168e-13
5632 3
1 2.4114e-13
2 7.99361e-15
3 -1.3145e-13
5634 3
1 2.53575e-13
2 9.76996e-15
3 -1.53655e-13
5636 3
1 2.73337e-13
2 1.06581e-14
3 -1.69642e-13
5638 3
1 2.67342e-13
2 2.84217e-14
3 -1.61648e-13
5640 3
1 2.71339e-13
2 1.33227e-14
3 -1.57208e-13
5642 3
1 2.55129e-13
2 3.64153e-14
3 -1.40332e-13
5644 3
1 2.46025e-13
2 1.42109e-14
3 -1.49214e-13
5646 3
1 2.52909e-13
2 2.66454e-15
3 -1.49214e-13
5648 3
1 2.4758e-13
2 1.06581e-14
3 -1.34115e-13
5650 3
1 2.67342e-13
2 1.95399e-14
3 -1.52767e-13
5652 3
1 2.74891e-13
2 -3.73035e-14
3 -1.82965e-13
5654 3
1 2.66898e-13
2 1.77636e-14
3 -1.59872e-13
5656 3
1 2.61124e-13
2 -2.75335e-14
3 -1.47438e-13
5658 3
1 2.53131e-13
2 -2.4869e-14
3 -1.56319e-13
5660 3
1 2.40252e-13
2 3.10862e-14
3 -1.35003e-13
5662 3
1 2.57572e-13
2 -1.24345e-14
3 -1.52767e-13
5664 3
1 2.41585e-13
2 5.32907e-15
3 -1.77636e-13
5666 3
1 2.40696e-13
2 2.13163e-14
3 -1.7053e-13
5668 3
1 2.5846e-13
2 1.33227e-14
3 -1.68754e-13
5670 3
1 2.79776e-13
2 -1.15463e-14
3 -1.74083e-13
5672 3
1 2.5846e-13
2 7.10543e-15
3 -1.59872e-13
5674 3
1 2.67342e-13
2 7.10543e-15
3 -1.5099e-13
5676 3
1 2.56684e-13
2 9.76996e-15
3 -1.74083e-13
5678 3
1 2.38476e-13
2 1.5099e-14
3 -1.45661e-13
5680 3
1 2.55795e-13
2 2.04281e-14
3 -1.81188e-13
5682 3
1 2.5846e-13
2 1.33227e-14
3 -1.9007e-13
5684 3
1 2.53131e-13
2 1.77636e-14
3 -1.61648e-13
5686 3
1 2.3892e-13
2 1.77636e-14
3 -1.5099e-13
5688 3
1 2.72227e-13
2 4.35207e-14
3 -1.43885e-13
5690 3
1 2.70006e-13
2 -1.15463e-14
3 -1.45661e-13
5692 3
1 2.65565e-13
2 3.55271e-14
3 -1.40332e-13
5694 3
1 2.51354e-13
2 3.64153e-14
3 -1.66978e-13
5696 3
1 2.57572e-13
2 3.4639e-14
3 -1.77636e-13
5698 3
1 2.79776e-13
2 3.9968e-14
3 -1.45661e-13
5700 3
1 2.72671e-13
2 3.10862e-14
3 -1.65201e-13
5702 3
1 2.63789e-13
2 7.10543e-15
3 -1.72307e-13
5704 3
1 2.96652e-13
2 2.30926e-14
3 -1.42109e-13
5706 3
1 2.47802e-13
2 1.15463e-14
3 -1.77636e-13
5708 3
1 2.4114e-13
2 2.39808e-14
3 -1.58096e-13
5710 3
1 3.04645e-13
2 -1.77636e-15
3 -1.66978e-13
5712 3
1 2.81553e-13
2 3.4639e-14
3 -1.68754e-13
5714 3
1 2.45581e-13
2 -8.88178e-16
3 -1.47438e-13
5716 3
1 2.59348e-13
2 -1.24345e-14
3 -1.84741e-13
5718 3
1 2.47802e-13
2 -1.06581e-14
3 -1.98952e-13
5720 3
1 2.64677e-13
2 5.32907e-15
3 -1.59872e-13
5722 3
1 2.69118e-13
2 -1.42109e-14
3 -1.81188e-13
5724 3
1 2.85105e-13
2 3.4639e-14
3 -1.95399e-13
5726 3
1 2.80664e-13
2 -5.32907e-15
3 -1.81188e-13
5728 3
1 2.67786e-13
2 -7.10543e-15
3 -1.91847e-13
5730 3
1 2.68674e-13
2 -1.86517e-14
3 -1.43885e-13
5732 3
1 2.73559e-13
2 1.33227e-14
3 -1.95399e-13
5734 3
1 2.65121e-13
2 3.37508e-14
3 -1.7053e-13
5736 3
1 3.12639e-13
2 2.84217e-14
3 -1.59872e-13
5738 3
1 2.63345e-13
2 1.59872e-14
3 -1.95399e-13
5740 3
1 2.46914e-13
2 -2.66454e-15
3 -1.97176e-13
5742 3
1 2.98428e-13
2 1.42109e-14
3 -1.77636e-13
5744 3
1 2.98872e-13
2 0
3 -1.56319e-13
5746 3
1 2.83329e-13
2 -6.21725e-15
3 -1.49214e-13
5748 3
1 2.6823e-13
2 -2.66454e-15
3 -1.74083e-13
5750 3
1 2.69118e-13
2 1.77636e-15
3 -1.79412e-13
5752 3
1 2.74003e-13
2 8.88178e-15
3 -1.91847e-13
5754 3
1 2.76223e-13
2 -1.42109e-14
3 -1.7053e-13
5756 3
1 2.88658e-13
2 -2.66454e-15
3 -1.59872e-13
5758 3
1 2.66454e-13
2 5.15143e-14
3 -1.84741e-13
5760 3
1 2.7045e-13
2 -1.77636e-15
3 -1.66978e-13
5762 3
1 2.47802e-13
2 1.5099e-14
3 -1.91847e-13
5764 3
1 2.57572e-13
2 1.77636e-15
3 -1.66978e-13
5766 3
1 2.81553e-13
2 1.86517e-14
3 -1.66978e-13
5768 3
1 2.52243e-13
2 2.57572e-14
3 -1.52767e-13
5770 3
1 2.46025e-13
2 1.33227e-14
3 -2.02505e-13
5772 3
1 2.88214e-13
2 3.19744e-14
3 -1.84741e-13
5774 3
1 2.70894e-13
2 -1.77636e-14
3 -1.7053e-13
5776 3
1 2.99316e-13
2 -5.32907e-15
3 -1.84741e-13
5778 3
1 3.22409e-13
2 8.88178e-16
3 -1.61648e-13
5780 3
1 2.57572e-13
2 -4.44089e-15
3 -1.63425e-13
5782 3
1 2.82885e-13
2 1.77636e-15
3 -1.66978e-13
5784 3
1 2.74447e-13
2 -3.28626e-14
3 -1.7053e-13
5786 3
1 2.75779e-13
2 7.99361e-15
3 -1.86517e-13
5788 3
1 2.64677e-13
2 2.66454e-15
3 -1.72307e-13
5790 3
1 2.54907e-13
2 3.55271e-15
3 -1.74083e-13
5792 3
1 3.10862e-13
2 -1.24345e-14
3 -1.74083e-13
5794 3
1 2.46025e-13
2 -7.99361e-15
3 -1.65201e-13
5796 3
1 2.67342e-13
2 -1.5099e-14
3 -1.82965e-13
5798 3
1 2.84217e-13
2 8.88178e-16
3 -2.0961e-13
5800 3
1 2.2915e-13
2 -6.21725e-15
3 -1.98952e-13
5802 3
1 2.36255e-13
2 -4.52971e-14
3 -1.91847e-13
5804 3
1 3.05533e-13
2 3.19744e-14
3 -1.75859e-13
5806 3
1 2.54907e-13
2 3.28626e-14
3 -1.54543e-13
5808 3
1 2.4647e-13
2 2.04281e-14
3 -1.93623e-13
5810 3
1 2.78e-13
2 -8.88178e-15
3 -1.84741e-13
5812 3
1 2.4869e-13
2 3.37508e-14
3 -1.98952e-13
5814 3
1 2.40252e-13
2 -2.22045e-14
3 -1.91847e-13
5816 3
1 2.98428e-13
2 -2.4869e-14
3 -1.97176e-13
5818 3
1 2.86882e-13
2 -2.66454e-15
3 -1.77636e-13
5820 3
1 2.62457e-13
2 -5.32907e-15
3 -1.54543e-13
5822 3
1 2.64233e-13
2 -6.21725e-15
3 -2.06057e-13
5824 3
1 2.70006e-13
2 1.24345e-14
3 -1.77636e-13
5826 3
1 2.69118e-13
2 -1.33227e-14
3 -1.77636e-13
5828 3
1 2.86882e-13
2 -2.39808e-14
3 -1.59872e-13
5830 3
1 2.95763e-13
2 -1.77636e-14
3 -1.93623e-13
5832 3
1 2.99316e-13
2 2.4869e-14
3 -1.54543e-13
5834 3
1 2.42917e-13
2 -1.06581e-14
3 -1.68754e-13
5836 3
1 2.67342e-13
2 -7.99361e-15
3 -1.95399e-13
5838 3
1 2.6823e-13
2 -3.10862e-14
3 -1.66978e-13
5840 3
1 2.57572e-13
2 -4.17444e-14
3 -2.02505e-13
5842 3
1 2.59348e-13
2 -3.64153e-14
3 -1.82965e-13
5844 3
1 2.82885e-13
2 -1.24345e-14
3 -1.82965e-13
5846 3
1 2.62901e-13
2 -1.5099e-14
3 -1.63425e-13
5848 3
1 2.89546e-13
2 -1.24345e-14
3 -1.66978e-13
5850 3
1 3.17968e-13
2 -4.26326e-14
3 -1.79412e-13
5852 3
1 2.75779e-13
2 -3.19744e-14
3 -1.91847e-13
5854 3
1 2.77112e-13
2 -6.66134e-14
3 -1.7053e-13
5856 3
1 2.65565e-13
2 -4.88498e-14
3 -1.72307e-13
5858 3
1 2.92655e-13
2 -7.99361e-15
3 -1.74083e-13
5860 3
1 2.72671e-13
2 -6.21725e-15
3 -1.61648e-13
5862 3
1 2.81553e-13
2 -1.95399e-14
3 -1.20792e-13
5864 3
1 3.33067e-13
2 -3.01981e-14
3 -1.7053e-13
5866 3
1 2.5846e-13
2 -1.86517e-14
3 -1.68754e-13
5868 3
1 2.94875e-13
2 -2.93099e-14
3 -1.77636e-13
5870 3
1 2.85549e-13
2 -5.9508e-14
3 -1.81188e-13
5872 3
1 2.78888e-13
2 -5.32907e-15
3 -1.77636e-13
5874 3
1 2.78888e-13
2 -5.77316e-14
3 -1.72307e-13
5876 3
1 2.79776e-13
2 -2.13163e-14
3 -1.84741e-13
5878 3
1 2.90434e-13
2 -4.88498e-14
3 -1.81188e-13
5880 3
1 2.58904e-13
2 -3.28626e-14
3 -2.06057e-13
5882 3
1 2.55795e-13
2 -3.90799e-14
3 -1.98952e-13
5884 3
1 2.54463e-13
2 -2.30926e-14
3 -1.79412e-13
5886 3
1 3.12195e-13
2 1.5099e-14
3 -1.81188e-13
5888 3
1 2.64677e-13
2 -3.90799e-14
3 -1.7053e-13
5890 3
1 2.79776e-13
2 -8.88178e-16
3 -1.84741e-13
5892 3
1 2.48246e-13
2 -6.21725e-15
3 -1.72307e-13
5894 3
1 2.69562e-13
2 -2.04281e-14
3 -1.97176e-13
5896 3
1 2.78888e-13
2 1.5099e-14
3 -1.65201e-13
5898 3
1 2.92211e-13
2 -1.15463e-14
3 -2.0961e-13
5900 3
1 2.86882e-13
2 -1.59872e-14
3 -1.63425e-13
5902 3
1 2.70006e-13
2 -4.52971e-14
3 -1.49214e-13
5904 3
1 2.62901e-13
2 -5.06262e-14
3 -1.74083e-13
5906 3
1 2.8777e-13
2 1.24345e-14
3 -1.79412e-13
5908 3
1 2.77112e-13
2 -3.73035e-14
3 -1.98952e-13
5910 3
1 2.5846e-13
2 -2.13163e-14
3 -1.54543e-13
5912 3
1 2.86882e-13
2 -5.32907e-14
3 -1.38556e-13
5914 3
1 3.09974e-13
2 -3.55271e-14
3 -1.79412e-13
5916 3
1 2.92211e-13
2 -5.24025e-14
3 -1.77636e-13
5918 3
1 2.85993e-13
2 -2.66454e-14
3 -1.52767e-13
5920 3
1 2.47802e-13
2 -5.41789e-14
3 -1.36779e-13
5922 3
1 2.50466e-13
2 -1.24345e-14
3 -1.59872e-13
5924 3
1 2.93099e-13
2 1.5099e-14
3 -1.7053e-13
5926 3
1 2.6823e-13
2 -2.66454e-15
3 -1.81188e-13
5928 3
1 2.73559e-13
2 -7.99361e-15
3 -1.63425e-13
5930 3
1 2.78e-13
2 -7.10543e-15
3 -1.86517e-13
5932 3
1 2.4869e-13
2 -2.13163e-14
3 -1.81188e-13
5934 3
1 2.67342e-13
2 1.5099e-14
3 -1.65201e-13
5936 3
1 2.72671e-13
2 -3.90799e-14
3 -1.77636e-13
5938 3
1 2.45137e-13
2 -1.5099e-14
3 -1.43885e-13
5940 3
1 2.59348e-13
2 -1.59872e-14
3 -1.52767e-13
5942 3
1 2.61124e-13
2 -3.19744e-14
3 -1.68754e-13
5944 3
1 2.78e-13
2 -6.21725e-15
3 -1.7053e-13
5946 3
1 2.69118e-13
2 -1.33227e-14
3 -1.63425e-13
5948 3
1 2.38032e-13
2 -2.75335e-14
3 -1.56319e-13
5950 3
1 3.04645e-13
2 -1.77636e-14
3 -1.77636e-13
5952 3
1 2.46914e-13
2 -3.55271e-15
3 -1.59872e-13
5954 3
1 2.28262e-13
2 5.32907e-15
3 -1.65201e-13
5956 3
1 2.85105e-13
2 -3.9968e-14
3 -1.38556e-13
5958 3
1 2.54907e-13
2 -2.84217e-14
3 -1.75859e-13
5960 3
1 2.60236e-13
2 -3.55271e-14
3 -1.72307e-13
5962 3
1 2.70006e-13
2 -3.37508e-14
3 -1.74083e-13
5964 3
1 2.46025e-13
2 3.55271e-15
3 -1.59872e-13
5966 3
1 2.46025e-13
2 -1.24345e-14
3 -1.5099e-13
5968 3
1 2.39808e-13
2 -4.88498e-14
3 -1.52767e-13
5970 3
1 2.83329e-13
2 -4.61853e-14
3 -1.54543e-13
5972 3
1 2.56239e-13
2 -1.68754e-14
3 -1.49214e-13
5974 3
1 2.66454e-13
2 -3.19744e-14
3 -1.26121e-13
5976 3
1 2.37144e-13
2 -9.76996e-15
3 -1.56319e-13
5978 3
1 2.50466e-13
2 -3.55271e-15
3 -1.79412e-13
5980 3
1 2.38032e-13
2 7.99361e-15
3 -1.56319e-13
5982 3
1 2.82441e-13
2 6.21725e-15
3 -1.40332e-13
5984 3
1 2.23821e-13
2 -9.76996e-15
3 -1.45661e-13
5986 3
1 2.26485e-13
2 -1.68754e-14
3 -1.38556e-13
5988 3
1 2.45137e-13
2 -4.70735e-14
3 -1.5099e-13
5990 3
1 2.59348e-13
2 -7.10543e-15
3 -1.35003e-13
5992 3
1 2.07834e-13
2 -4.26326e-14
3 -1.63425e-13
5994 3
1 2.56684e-13
2 -2.13163e-14
3 -1.5099e-13
5996 3
1 2.40696e-13
2 -3.55271e-14
3 -1.38556e-13
5998 3
1 2.43361e-13
2 -2.66454e-14
3 -1.38556e-13
6000 3
1 2.66454e-13
2 -1.15463e-14
3 -1.72307e-13
6002 3
1 2.64677e-13
2 -4.88498e-14
3 -1.42109e-13
6004 3
1 2.16716e-13
2 -4.26326e-14
3 -1.81188e-13
6006 3
1 2.67342e-13
2 -1.06581e-14
3 -1.56319e-13
6008 3
1 2.30926e-13
2 -3.4639e-14
3 -1.5099e-13
6010 3
1 2.43361e-13
2 -3.10862e-14
3 -1.63425e-13
6012 3
1 2.4869e-13
2 -5.68434e-14
3 -1.43885e-13
6014 3
1 2.30926e-13
2 -2.22045e-14
3 -1.65201e-13
6016 3
1 2.61124e-13
2 -1.77636e-14
3 -1.42109e-13
6018 3
1 2.22045e-13
2 -5.32907e-15
3 -1.36779e-13
6020 3
1 2.54019e-13
2 -1.86517e-14
3 -1.59872e-13
6022 3
1 2.55795e-13
2 -2.39808e-14
3 -1.54543e-13
6024 3
1 2.4869e-13
2 9.76996e-15
3 -1.33227e-13
6026 3
1 3.01092e-13
2 -4.79616e-14
3 -1.72307e-13
6028 3
1 2.8777e-13
2 -2.84217e-14
3 -1.43885e-13
6030 3
1 2.46914e-13
2 -2.84217e-14
3 -1.52767e-13
6032 3
1 2.61124e-13
2 -3.4639e-14
3 -1.36779e-13
6034 3
1 2.57572e-13
2 -4.08562e-14
3 -1.40332e-13
6036 3
1 2.71783e-13
2 -1.95399e-14
3 -1.63425e-13
6038 3
1 2.56684e-13
2 -3.28626e-14
3 -1.95399e-13
6040 3
1 2.84217e-13
2 -4.79616e-14
3 -1.40332e-13
6042 3
1 2.6823e-13
2 -3.28626e-14
3 -1.20792e-13
6044 3
1 2.49578e-13
2 -2.4869e-14
3 -1.54543e-13
6046 3
1 2.75335e-13
2 -2.66454e-14
3 -1.38556e-13
6048 3
1 2.52243e-13
2 -3.73035e-14
3 -1.35003e-13
6050 3
1 2.52243e-13
2 -3.55271e-15
3 -1.7053e-13
6052 3
1 2.75335e-13
2 -3.28626e-14
3 -1.45661e-13
6054 3
1 2.2915e-13
2 -1.15463e-14
3 -1.35003e-13
6056 3
1 2.6823e-13
2 -2.75335e-14
3 -1.65201e-13
6058 3
1 2.56684e-13
2 -2.93099e-14
3 -1.65201e-13
6060 3
1 2.41585e-13
2 -2.84217e-14
3 -1.75859e-13
6062 3
1 2.8777e-13
2 -3.10862e-14
3 -1.35003e-13
6064 3
1 2.4869e-13
2 -2.93099e-14
3 -1.35003e-13
6066 3
1 2.62901e-13
2 -4.08562e-14
3 -1.66978e-13
6068 3
1 2.30926e-13
2 -2.75335e-14
3 -1.3145e-13
6070 3
1 2.78888e-13
2 -3.81917e-14
3 -1.95399e-13
6072 3
1 2.38032e-13
2 -2.66454e-14
3 -1.79412e-13
6074 3
1 2.32703e-13
2 -2.30926e-14
3 -1.22569e-13
6076 3
1 2.52243e-13
2 -2.93099e-14
3 -1.65201e-13
6078 3
1 2.66454e-13
2 -3.01981e-14
3 -1.84741e-13
6080 3
1 2.66454e-13
2 -2.22045e-14
3 -1.7053e-13
6082 3
1 2.73559e-13
2 -2.57572e-14
3 -1.63425e-13
6084 3
1 2.41585e-13
2 -7.10543e-15
3 -1.74083e-13
6086 3
1 2.46025e-13
2 -4.52971e-14
3 -1.82965e-13
6088 3
1 2.46025e-13
2 -3.55271e-14
3 -1.7053e-13
6090 3
1 2.74447e-13
2 -2.39808e-14
3 -1.54543e-13
6092 3
1 2.81553e-13
2 -2.57572e-14
3 -1.66978e-13
6094 3
1 2.21156e-13
2 -2.93099e-14
3 -1.5099e-13
6096 3
1 2.66454e-13
2 1.77636e-15
3 -1.54543e-13
6098 3
1 2.5846e-13
2 -3.28626e-14
3 -1.84741e-13
6100 3
1 2.39808e-13
2 -3.55271e-14
3 -1.75859e-13
6102 3
1 2.62013e-13
2 -3.28626e-14
3 -1.49214e-13
6104 3
1 2.71783e-13
2 -4.88498e-14
3 -1.88294e-13
6106 3
1 2.50466e-13
2 -1.59872e-14
3 -1.86517e-13
6108 3
1 2.56684e-13
2 -3.10862e-14
3 -1.95399e-13
6110 3
1 2.28262e-13
2 -2.4869e-14
3 -1.38556e-13
6112 3
1 2.65565e-13
2 -6.75016e-14
3 -1.35003e-13
6114 3
1 2.36255e-13
2 -1.86517e-14
3 -1.47438e-13
6116 3
1 2.45137e-13
2 -1.95399e-14
3 -1.40332e-13
6118 3
1 2.55795e-13
2 -1.5099e-14
3 -1.61648e-13
6120 3
1 2.2915e-13
2 -2.04281e-14
3 -1.66978e-13
6122 3
1 2.13163e-13
2 -1.68754e-14
3 -1.43885e-13
6124 3
1 2.57572e-13
2 -6.57252e-14
3 -1.42109e-13
6126 3
1 2.2915e-13
2 -3.90799e-14
3 -1.52767e-13
6128 3
1 2.05169e-13
2 -3.9968e-14
3 -1.35003e-13
6130 3
1 2.32703e-13
2 -8.88178e-16
3 -1.36779e-13
6132 3
1 2.76223e-13
2 -1.42109e-14
3 -1.59872e-13
6134 3
1 2.5091e-13
2 -2.04281e-14
3 -1.35003e-13
6136 3
1 2.65121e-13
2 -1.06581e-14
3 -1.27898e-13
6138 3
1 2.22933e-13
2 -3.64153e-14
3 -1.52767e-13
6140 3
1 2.48246e-13
2 -2.93099e-14
3 -1.54543e-13
6142 3
1 2.47358e-13
2 3.55271e-15
3 -1.47438e-13
6144 3
1 2.45581e-13
2 -2.39808e-14
3 -1.47438e-13
6146 3
1 2.23377e-13
2 -1.77636e-14
3 -1.43885e-13
6148 3
1 2.22933e-13
2 -1.24345e-14
3 -1.27898e-13
6150 3
1 2.22045e-13
2 1.77636e-14
3 -1.42109e-13
6152 3
1 2.23821e-13
2 -1.95399e-14
3 -1.13687e-13
6154 3
1 2.34479e-13
2 -1.68754e-14
3 -1.3145e-13
6156 3
1 2.52243e-13
2 -3.37508e-14
3 -1.45661e-13
6158 3
1 2.42473e-13
2 7.10543e-15
3 -1.20792e-13
6160 3
1 2.41585e-13
2 -4.79616e-14
3 -1.45661e-13
6162 3
1 2.46025e-13
2 2.66454e-15
3 -1.20792e-13
6164 3
1 2.34479e-13
2 -3.55271e-15
3 -1.38556e-13
6166 3
1 2.54019e-13
2 6.21725e-15
3 -1.36779e-13
6168 3
1 2.63345e-13
2 6.21725e-15
3 -1.5099e-13
6170 3
1 2.45137e-13
2 0
3 -1.45661e-13
6172 3
1 2.77112e-13
2 8.88178e-16
3 -1.49214e-13
6174 3
1 2.46914e-13
2 1.68754e-14
3 -1.3145e-13
6176 3
1 2.39808e-13
2 -2.66454e-14
3 -1.47438e-13
6178 3
1 2.55795e-13
2 6.21725e-15
3 -1.42109e-13
6180 3
1 2.45137e-13
2 -6.21725e-15
3 -1.45661e-13
6182 3
1 2.55795e-13
2 1.77636e-15
3 -1.1191e-13
6184 3
1 2.53131e-13
2 2.66454e-15
3 -1.56319e-13
6186 3
1 2.41585e-13
2 -3.64153e-14
3 -9.59233e-14
6188 3
1 2.61124e-13
2 -2.30926e-14
3 -1.19016e-13
6190 3
1 2.64677e-13
2 -1.42109e-14
3 -1.24345e-13
6192 3
1 2.62901e-13
2 -2.13163e-14
3 -9.9476e-14
6194 3
1 2.45137e-13
2 -3.10862e-14
3 -9.9476e-14
6196 3
1 2.43361e-13
2 -2.66454e-15
3 -1.35003e-13
6198 3
1 2.3892e-13
2 -6.21725e-15
3 -9.76996e-14
6200 3
1 2.70006e-13
2 1.42109e-14
3 -1.20792e-13
6202 3
1 2.41585e-13
2 -1.33227e-14
3 -1.03029e-13
6204 3
1 2.43361e-13
2 -1.06581e-14
3 -1.24345e-13
6206 3
1 2.30926e-13
2 -1.24345e-14
3 -1.27898e-13
6208 3
1 2.46914e-13
2 -8.88178e-15
3 -1.26121e-13
6210 3
1 2.27374e-13
2 -4.35207e-14
3 -1.1724e-13
6212 3
1 2.30926e-13
2 2.66454e-14
3 -1.1724e-13
6214 3
1 2.25597e-13
2 1.33227e-14
3 -1.45661e-13
6216 3
1 2.50466e-13
2 -4.44089e-15
3 -1.19016e-13
6218 3
1 2.78e-13
2 1.95399e-14
3 -1.35003e-13
6220 3
1 2.46914e-13
2 4.44089e-15
3 -1.5099e-13
6222 3
1 2.38032e-13
2 1.33227e-14
3 -1.19016e-13
6224 3
1 2.49578e-13
2 -2.13163e-14
3 -1.1724e-13
6226 3
1 2.46914e-13
2 -1.77636e-15
3 -9.9476e-14
6228 3
1 2.36255e-13
2 -1.06581e-14
3 -1.1191e-13
6230 3
1 2.30926e-13
2 -4.44089e-15
3 -1.35003e-13
6232 3
1 2.36255e-13
2 -8.88178e-15
3 -1.19016e-13
6234 3
1 2.38032e-13
2 1.5099e-14
3 -1.06581e-13
6236 3
1 2.43361e-13
2 -5.32907e-15
3 -1.10134e-13
6238 3
1 2.55795e-13
2 -3.73035e-14
3 -1.1724e-13
6240 3
1 2.3137e-13
2 -7.99361e-15
3 -1.29674e-13
6242 3
1 2.77556e-13
2 -1.42109e-14
3 -1.24345e-13
6244 3
1 2.69562e-13
2 -2.4869e-14
3 -1.40332e-13
6246 3
1 2.56239e-13
2 1.33227e-14
3 -1.43885e-13
6248 3
1 2.23377e-13
2 2.66454e-15
3 -1.56319e-13
6250 3
1 2.26485e-13
2 -1.95399e-14
3 -1.19016e-13
6252 3
1 2.35367e-13
2 0
3 -1.22569e-13
6254 3
1 2.34923e-13
2 -5.32907e-15
3 -1.3145e-13
6256 3
1 2.68674e-13
2 1.5099e-14
3 -1.29674e-13
6258 3
1 2.22045e-13
2 1.86517e-14
3 -1.15463e-13
6260 3
1 2.3137e-13
2 -2.13163e-14
3 -1.26121e-13
6262 3
1 2.43361e-13
2 -1.5099e-14
3 -1.27898e-13
6264 3
1 2.367e-13
2 2.66454e-15
3 -1.38556e-13
6266 3
1 2.37144e-13
2 2.62013e-14
3 -1.65201e-13
6268 3
1 2.48246e-13
2 -7.99361e-15
3 -1.42109e-13
6270 3
1 2.5091e-13
2 -1.82077e-14
3 -1.36779e-13
6272 3
1 2.39808e-13
2 2.13163e-14
3 -1.45661e-13
6274 3
1 2.69562e-13
2 -8.88178e-15
3 -1.7053e-13
6276 3
1 2.6068e-13
2 6.21725e-15
3 -1.72307e-13
6278 3
1 2.40252e-13
2 2.04281e-14
3 -1.59872e-13
6280 3
1 2.4869e-13
2 6.21725e-15
3 -1.38556e-13
6282 3
1 2.34479e-13
2 2.04281e-14
3 -1.45661e-13
6284 3
1 2.34479e-13
2 -1.86517e-14
3 -1.27898e-13
6286 3
1 2.73559e-13
2 2.57572e-14
3 -1.13687e-13
6288 3
1 2.64677e-13
2 1.86517e-14
3 -1.68754e-13
6290 3
1 2.55795e-13
2 3.4639e-14
3 -1.38556e-13
6292 3
1 2.59348e-13
2 2.35367e-14
3 -1.61648e-13
6294 3
1 2.27374e-13
2 8.88178e-15
3 -1.40332e-13
6296 3
1 2.22045e-13
2 0
3 -1.45661e-13
6298 3
1 2.46914e-13
2 3.55271e-14
3 -1.72307e-13
6300 3
1 2.46025e-13
2 1.24345e-14
3 -1.29674e-13
6302 3
1 2.32703e-13
2 -7.99361e-15
3 -1.3145e-13
6304 3
1 2.11386e-13
2 -3.28626e-14
3 -1.38556e-13
6306 3
1 2.50466e-13
2 -6.21725e-15
3 -1.47438e-13
6308 3
1 2.41585e-13
2 -1.77636e-15
3 -1.36779e-13
6310 3
1 2.41585e-13
2 -2.75335e-14
3 -1.36779e-13
6312 3
1 2.65565e-13
2 -2.04281e-14
3 -1.45661e-13
6314 3
1 2.38032e-13
2 -9.76996e-15
3 -1.56319e-13
6316 3
1 2.30926e-13
2 -2.66454e-15
3 -1.20792e-13
6318 3
1 2.31815e-13
2 2.04281e-14
3 -1.29674e-13
6320 3
1 2.44249e-13
2 5.32907e-15
3 -1.45661e-13
6322 3
1 2.2915e-13
2 -1.64313e-14
3 -1.35003e-13
6324 3
1 2.53131e-13
2 -3.01981e-14
3 -1.58096e-13
6326 3
1 2.36255e-13
2 2.26485e-14
3 -1.40332e-13
6328 3
1 2.43361e-13
2 3.28626e-14
3 -1.43885e-13
6330 3
1 2.52243e-13
2 1.86517e-14
3 -1.49214e-13
6332 3
1 2.30038e-13
2 2.75335e-14
3 -1.40332e-13
6334 3
1 2.53131e-13
2 7.10543e-15
3 -1.24345e-13
6336 3
1 2.22045e-13
2 3.10862e-15
3 -1.63425e-13
6338 3
1 2.49578e-13
2 -2.66454e-15
3 -1.54543e-13
6340 3
1 2.2915e-13
2 2.57572e-14
3 -1.33227e-13
6342 3
1 2.49578e-13
2 3.10862e-15
3 -1.5099e-13
6344 3
1 2.14939e-13
2 -2.66454e-15
3 -1.13687e-13
6346 3
1 2.14939e-13
2 8.88178e-16
3 -1.43885e-13
6348 3
1 2.2915e-13
2 -1.77636e-14
3 -1.52767e-13
6350 3
1 2.25597e-13
2 1.06581e-14
3 -1.1724e-13
6352 3
1 2.45137e-13
2 9.76996e-15
3 -1.24345e-13
6354 3
1 2.41585e-13
2 2.04281e-14
3 -1.52767e-13
6356 3
1 2.23821e-13
2 1.46549e-14
3 -1.26121e-13
6358 3
1 2.47802e-13
2 -2.39808e-14
3 -1.42109e-13
6360 3
1 2.27374e-13
2 -5.32907e-15
3 -1.42109e-13
6362 3
1 2.46025e-13
2 -1.15463e-14
3 -1.66978e-13
6364 3
1 2.53131e-13
2 1.24345e-14
3 -1.3145e-13
6366 3
1 2.46914e-13
2 -1.77636e-15
3 -1.38556e-13
6368 3
1 2.31815e-13
2 -2.57572e-14
3 -1.79412e-13
6370 3
1 2.64677e-13
2 -2.04281e-14
3 -1.42109e-13
6372 3
1 2.53131e-13
2 4.44089e-15
3 -1.52767e-13
6374 3
1 2.71783e-13
2 1.77636e-15
3 -1.54543e-13
6376 3
1 2.52243e-13
2 -2.13163e-14
3 -1.65201e-13
6378 3
1 2.70006e-13
2 8.88178e-16
3 -1.49214e-13
6380 3
1 2.43361e-13
2 -2.04281e-14
3 -1.59872e-13
6382 3
1 2.30038e-13
2 -2.13163e-14
3 -1.43885e-13
6384 3
1 2.77112e-13
2 1.06581e-14
3 -1.36779e-13
6386 3
1 2.84217e-13
2 -2.57572e-14
3 -1.74083e-13
6388 3
1 2.60236e-13
2 -3.28626e-14
3 -1.36779e-13
6390 3
1 2.88658e-13
2 -1.42109e-14
3 -1.63425e-13
6392 3
1 2.72671e-13
2 -4.26326e-14
3 -1.77636e-13
6394 3
1 2.72671e-13
2 -3.37508e-14
3 -1.40332e-13
6396 3
1 2.71783e-13
2 -1.59872e-14
3 -1.40332e-13
6398 3
1 2.85993e-13
2 -8.88178e-16
3 -1.52767e-13
6400 3
1 2.6823e-13
2 6.21725e-15
3 -1.33227e-13
6402 3
1 2.57572e-13
2 -1.77636e-15
3 -1.26121e-13
6404 3
1 2.71783e-13
2 2.13163e-14
3 -1.42109e-13
6406 3
1 2.56684e-13
2 -9.76996e-15
3 -1.36779e-13
6408 3
1 2.43361e-13
2 -3.55271e-14
3 -1.27898e-13
6410 3
1 2.85993e-13
2 -4.44089e-15
3 -1.22569e-13
6412 3
1 2.56684e-13
2 -1.42109e-14
3 -1.40332e-13
6414 3
1 3.03757e-13
2 -2.4869e-14
3 -1.45661e-13
6416 3
1 2.78888e-13
2 2.04281e-14
3 -1.49214e-13
6418 3
1 2.52243e-13
2 8.88178e-15
3 -1.38556e-13
6420 3
1 2.62901e-13
2 8.88178e-16
3 -1.40332e-13
6422 3
1 2.43361e-13
2 2.66454e-15
3 -1.40332e-13
6424 3
1 2.54019e-13
2 8.43769e-15
3 -1.43885e-13
6426 3
1 2.80664e-13
2 -1.73195e-14
3 -1.36779e-13
6428 3
1 2.67342e-13
2 -1.68754e-14
3 -1.63425e-13
6430 3
1 2.33591e-13
2 -1.42109e-14
3 -1.40332e-13
6432 3
1 2.6823e-13
2 2.4869e-14
3 -1.52767e-13
6434 3
1 2.46914e-13
2 -1.82077e-14
3 -1.65201e-13
6436 3
1 2.91323e-13
2 -1.15463e-14
3 -1.38556e-13
6438 3
1 2.57572e-13
2 -2.39808e-14
3 -1.45661e-13
6440 3
1 2.85993e-13
2 2.17604e-14
3 -1.66978e-13
6442 3
1 2.70894e-13
2 -3.90799e-14
3 -1.7053e-13
6444 3
1 2.75335e-13
2 1.5099e-14
3 -1.66978e-13
6446 3
1 2.61124e-13
2 1.9984e-14
3 -1.49214e-13
6448 3
1 2.80664e-13
2 -1.06581e-14
3 -1.7053e-13
6450 3
1 2.80664e-13
2 3.55271e-15
3 -1.45661e-13
6452 3
1 2.55795e-13
2 4.44089e-15
3 -1.45661e-13
6454 3
1 2.51354e-13
2 3.28626e-14
3 -1.58096e-13
6456 3
1 2.78888e-13
2 1.11022e-14
3 -1.13687e-13
6458 3
1 2.62013e-13
2 -1.73195e-14
3 -1.3145e-13
6460 3
1 2.66454e-13
2 2.4869e-14
3 -1.66978e-13
6462 3
1 2.65565e-13
2 1.5099e-14
3 -1.10134e-13
6464 3
1 2.62901e-13
2 1.68754e-14
3 -1.59872e-13
6466 3
1 2.69118e-13
2 3.55271e-15
3 -1.33227e-13
6468 3
1 2.71783e-13
2 6.66134e-15
3 -1.59872e-13
6470 3
1 2.89546e-13
2 1.42109e-14
3 -1.24345e-13
6472 3
1 2.40696e-13
2 -3.10862e-14
3 -1.38556e-13
6474 3
1 2.73559e-13
2 4.17444e-14
3 -1.5099e-13
6476 3
1 2.30038e-13
2 1.68754e-14
3 -1.59872e-13
6478 3
1 2.62901e-13
2 8.88178e-16
3 -1.45661e-13
6480 3
1 2.55795e-13
2 2.4869e-14
3 -1.66978e-13
6482 3
1 2.46914e-13
2 1.86517e-14
3 -1.29674e-13
6484 3
1 2.59348e-13
2 1.02141e-14
3 -1.49214e-13
6486 3
1 2.33591e-13
2 2.13163e-14
3 -1.38556e-13
6488 3
1 2.61124e-13
2 -1.02141e-14
3 -1.42109e-13
6490 3
1 2.69118e-13
2 -7.10543e-15
3 -1.38556e-13
6492 3
1 2.30926e-13
2 2.70894e-14
3 -1.42109e-13
6494 3
1 2.46914e-13
2 4.75175e-14
3 -1.43885e-13
6496 3
1 2.50466e-13
2 1.02141e-14
3 -1.38556e-13
6498 3
1 2.57572e-13
2 -4.44089e-16
3 -1.49214e-13
6500 3
1 2.84217e-13
2 4.35207e-14
3 -1.33227e-13
6502 3
1 2.50466e-13
2 -2.22045e-15
3 -1.45661e-13
6504 3
1 2.53131e-13
2 0
3 -1.26121e-13
6506 3
1 2.50466e-13
2 3.19744e-14
3 -1.52767e-13
6508 3
1 2.42473e-13
2 3.55271e-15
3 -1.1724e-13
6510 3
1 2.54019e-13
2 1.33227e-14
3 -1.63425e-13
6512 3
1 2.46914e-13
2 2.04281e-14
3 -1.45661e-13
6514 3
1 2.80664e-13
2 -4.44089e-15
3 -1.5099e-13
6516 3
1 2.03393e-13
2 3.10862e-14
3 -1.54543e-13
6518 3
1 2.22045e-13
2 1.33227e-14
3 -1.42109e-13
6520 3
1 2.47802e-13
2 8.88178e-15
3 -1.45661e-13
6522 3
1 2.16716e-13
2 4.44089e-15
3 -1.27898e-13
6524 3
1 2.63789e-13
2 9.76996e-15
3 -1.13687e-13
6526 3
1 2.30926e-13
2 3.55271e-15
3 -1.72307e-13
6528 3
1 2.10498e-13
2 3.10862e-14
3 -1.29674e-13
6530 3
1 2.25597e-13
2 2.22045e-14
3 -1.38556e-13
6532 3
1 2.2915e-13
2 3.28626e-14
3 -1.20792e-13
6534 3
1 2.16716e-13
2 3.73035e-14
3 -1.52767e-13
6536 3
1 2.54019e-13
2 3.90799e-14
3 -1.58096e-13
6538 3
1 2.46025e-13
2 2.66454e-15
3 -1.24345e-13
6540 3
1 2.46914e-13
2 -1.59872e-14
3 -1.26121e-13
6542 3
1 2.27374e-13
2 -3.55271e-15
3 -1.45661e-13
6544 3
1 2.53131e-13
2 -1.59872e-14
3 -1.42109e-13
6546 3
1 2.38032e-13
2 -2.66454e-15
3 -1.45661e-13
6548 3
1 2.46914e-13
2 -2.22045e-14
3 -1.52767e-13
6550 3
1 2.50466e-13
2 1.33227e-14
3 -1.22569e-13
6552 3
1 2.22933e-13
2 -6.21725e-15
3 -1.45661e-13
6554 3
1 2.49578e-13
2 -7.99361e-15
3 -1.59872e-13
6556 3
1 2.42473e-13
2 -6.21725e-15
3 -1.49214e-13
6558 3
1 2.55795e-13
2 1.77636e-15
3 -1.84741e-13
6560 3
1 2.52243e-13
2 0
3 -1.26121e-13
6562 3
1 2.35367e-13
2 1.95399e-14
3 -1.1724e-13
6564 3
1 2.35367e-13
2 -1.5099e-14
3 -1.56319e-13
6566 3
1 2.55795e-13
2 4.44089e-15
3 -1.24345e-13
6568 3
1 2.50466e-13
2 -8.88178e-15
3 -1.13687e-13
6570 3
1 2.69118e-13
2 2.39808e-14
3 -1.47438e-13
6572 3
1 2.74447e-13
2 6.21725e-15
3 -1.3145e-13
6574 3
1 2.22045e-13
2 -4.26326e-14
3 -1.45661e-13
6576 3
1 2.76223e-13
2 -2.30926e-14
3 -1.20792e-13
6578 3
1 2.38032e-13
2 -3.01981e-14
3 -1.40332e-13
6580 3
1 2.52243e-13
2 -2.04281e-14
3 -1.38556e-13
6582 3
1 2.22045e-13
2 -6.21725e-15
3 -1.56319e-13
6584 3
1 2.46914e-13
2 -2.75335e-14
3 -1.03029e-13
6586 3
1 2.32703e-13
2 -1.77636e-15
3 -1.52767e-13
6588 3
1 2.38032e-13
2 -1.59872e-14
3 -1.08358e-13
6590 3
1 2.51354e-13
2 -1.5099e-14
3 -1.1724e-13
6592 3
1 2.53131e-13
2 -1.95399e-14
3 -1.20792e-13
6594 3
1 2.30038e-13
2 -2.66454e-15
3 -1.35003e-13
6596 3
1 2.55795e-13
2 -2.57572e-14
3 -1.42109e-13
6598 3
1 2.52243e-13
2 3.55271e-15
3 -1.24345e-13
6600 3
1 2.50466e-13
2 -5.32907e-15
3 -1.52767e-13
6602 3
1 2.44249e-13
2 3.55271e-15
3 -1.1724e-13
6604 3
1 2.62013e-13
2 -3.4639e-14
3 -1.47438e-13
6606 3
1 2.34479e-13
2 -1.24345e-14
3 -1.10134e-13
6608 3
1 2.33591e-13
2 -5.32907e-15
3 -9.23706e-14
6610 3
1 2.1938e-13
2 2.66454e-15
3 -1.42109e-13
6612 3
1 2.2915e-13
2 -1.68754e-14
3 -1.13687e-13
6614 3
1 2.43361e-13
2 1.5099e-14
3 -1.49214e-13
6616 3
1 2.20268e-13
2 -1.5099e-14
3 -9.9476e-14
6618 3
1 2.38032e-13
2 -1.77636e-15
3 -1.22569e-13
6620 3
1 2.80664e-13
2 -2.66454e-15
3 -1.13687e-13
6622 3
1 2.16716e-13
2 4.44089e-15
3 -1.22569e-13
6624 3
1 2.37144e-13
2 -2.04281e-14
3 -1.38556e-13
6626 3
1 2.46914e-13
2 -1.95399e-14
3 -1.45661e-13
6628 3
1 2.39808e-13
2 -1.77636e-14
3 -1.27898e-13
6630 3
1 2.61124e-13
2 1.86517e-14
3 -9.23706e-14
6632 3
1 2.84217e-13
2 3.55271e-15
3 -1.42109e-13
6634 3
1 2.54019e-13
2 -8.88178e-15
3 -1.26121e-13
6636 3
1 2.34479e-13
2 0
3 -1.59872e-13
6638 3
1 2.62901e-13
2 1.33227e-14
3 -1.26121e-13
6640 3
1 2.50466e-13
2 -1.5099e-14
3 -1.19016e-13
6642 3
1 2.54019e-13
2 1.15463e-14
3 -1.20792e-13
6644 3
1 2.40696e-13
2 0
3 -1.13687e-13
6646 3
1 2.71783e-13
2 9.76996e-15
3 -1.36779e-13
6648 3
1 2.43361e-13
2 -8.88178e-15
3 -1.27898e-13
6650 3
1 2.41585e-13
2 1.11022e-14
3 -1.49214e-13
6652 3
1 2.4869e-13
2 -1.02141e-14
3 -1.26121e-13
6654 3
1 2.77112e-13
2 -1.42109e-14
3 -1.5099e-13
6656 3
1 2.47802e-13
2 0
3 -1.58096e-13
6658 3
1 2.74447e-13
2 -1.77636e-15
3 -1.3145e-13
6660 3
1 2.33591e-13
2 -9.76996e-15
3 -1.47438e-13
6662 3
1 2.23821e-13
2 9.76996e-15
3 -1.3145e-13
6664 3
1 2.54019e-13
2 1.33227e-15
3 -1.63425e-13
6666 3
1 1.9007e-13
2 -2.84217e-14
3 -1.26121e-13
6668 3
1 2.14939e-13
2 -1.77636e-14
3 -1.24345e-13
6670 3
1 2.20268e-13
2 -2.22045e-15
3 -1.38556e-13
6672 3
1 2.36255e-13
2 -1.15463e-14
3 -1.24345e-13
6674 3
1 2.38032e-13
2 1.77636e-14
3 -1.38556e-13
6676 3
1 2.41585e-13
2 -7.10543e-15
3 -1.63425e-13
6678 3
1 2.54019e-13
2 -8.88178e-16
3 -1.43885e-13
6680 3
1 2.45137e-13
2 -3.28626e-14
3 -1.3145e-13
6682 3
1 2.45137e-13
2 -8.88178e-16
3 -1.59872e-13
6684 3
1 1.95399e-13
2 -3.37508e-14
3 -1.3145e-13
6686 3
1 2.50466e-13
2 -1.77636e-15
3 -1.66978e-13
6688 3
1 2.46914e-13
2 -2.84217e-14
3 -1.81188e-13
6690 3
1 2.59348e-13
2 2.13163e-14
3 -1.3145e-13
6692 3
1 2.77112e-13
2 -5.32907e-15
3 -1.52767e-13
6694 3
1 2.41585e-13
2 -2.66454e-15
3 -1.42109e-13
6696 3
1 2.0961e-13
2 -1.90958e-14
3 -1.35003e-13
6698 3
1 2.70006e-13
2 -4.44089e-16
3 -1.29674e-13
6700 3
1 2.41585e-13
2 1.02141e-14
3 -1.68754e-13
6702 3
1 2.41585e-13
2 9.76996e-15
3 -1.42109e-13
6704 3
1 2.57572e-13
2 1.24345e-14
3 -1.29674e-13
6706 3
1 2.50466e-13
2 2.66454e-15
3 -1.38556e-13
6708 3
1 2.25597e-13
2 -4.44089e-15
3 -1.5099e-13
6710 3
1 2.27374e-13
2 -2.93099e-14
3 -1.47438e-13
6712 3
1 2.2915e-13
2 3.19744e-14
3 -1.19016e-13
6714 3
1 2.32703e-13
2 -4.70735e-14
3 -1.66978e-13
6716 3
1 2.07834e-13
2 -2.66454e-14
3 -1.43885e-13
6718 3
1 2.39808e-13
2 -3.10862e-14
3 -1.35003e-13
6720 3
1 2.14939e-13
2 -2.13163e-14
3 -1.27898e-13
6722 3
1 2.34479e-13
2 -2.13163e-14
3 -1.19016e-13
6724 3
1 1.98952e-13
2 -4.52971e-14
3 -1.72307e-13
6726 3
1 2.38032e-13
2 -5.32907e-15
3 -1.38556e-13
6728 3
1 2.34479e-13
2 -3.55271e-15
3 -1.49214e-13
6730 3
1 2.4869e-13
2 -1.77636e-14
3 -1.43885e-13
6732 3
1 2.4869e-13
2 -7.10543e-15
3 -1.29674e-13
6734 3
1 2.38032e-13
2 5.32907e-15
3 -1.59872e-13
6736 3
1 2.54019e-13
2 -2.66454e-15
3 -1.7053e-13
6738 3
1 2.2915e-13
2 1.77636e-15
3 -1.26121e-13
6740 3
1 2.14939e-13
2 -3.37508e-14
3 -1.5099e-13
6742 3
1 2.18492e-13
2 2.22045e-14
3 -1.35003e-13
6744 3
1 2.11386e-13
2 -1.06581e-14
3 -1.24345e-13
6746 3
1 2.07834e-13
2 -2.30926e-14
3 -1.26121e-13
6748 3
1 2.04281e-13
2 3.55271e-15
3 -1.1724e-13
6750 3
1 2.34479e-13
2 1.59872e-14
3 -1.26121e-13
6752 3
1 2.32703e-13
2 4.44089e-15
3 -1.19016e-13
6754 3
1 2.41585e-13
2 2.30926e-14
3 -1.13687e-13
6756 3
1 2.11386e-13
2 -8.88178e-16
3 -1.63425e-13
6758 3
1 2.25597e-13
2 -1.24345e-14
3 -1.22569e-13
6760 3
1 2.23821e-13
2 -3.55271e-14
3 -1.38556e-13
6762 3
1 2.32703e-13
2 -2.4869e-14
3 -1.33227e-13
6764 3
1 2.38032e-13
2 -2.39808e-14
3 -1.42109e-13
6766 3
1 2.0961e-13
2 -2.30926e-14
3 -1.27898e-13
6768 3
1 2.20268e-13
2 1.06581e-14
3 -1.33227e-13
6770 3
1 2.30926e-13
2 2.13163e-14
3 -1.33227e-13
6772 3
1 2.52243e-13
2 -1.24345e-14
3 -1.20792e-13
6774 3
1 2.25597e-13
2 2.66454e-15
3 -1.1191e-13
6776 3
1 2.45137e-13
2 -1.42109e-14
3 -1.20792e-13
6778 3
1 2.23821e-13
2 -8.88178e-16
3 -1.06581e-13
6780 3
1 2.22045e-13
2 1.06581e-14
3 -1.49214e-13
6782 3
1 2.2915e-13
2 0
3 -1.27898e-13
6784 3
1 2.39808e-13
2 -1.68754e-14
3 -1.27898e-13
6786 3
1 2.22045e-13
2 -3.55271e-15
3 -1.65201e-13
6788 3
1 2.30038e-13
2 -2.04281e-14
3 -1.22569e-13
6790 3
1 2.27374e-13
2 8.88178e-16
3 -1.54543e-13
6792 3
1 2.30926e-13
2 -2.30926e-14
3 -1.26121e-13
6794 3
1 2.50466e-13
2 -5.32907e-15
3 -1.5099e-13
6796 3
1 2.45137e-13
2 1.86517e-14
3 -1.5099e-13
6798 3
1 2.16716e-13
2 -1.42109e-14
3 -1.38556e-13
6800 3
1 2.31815e-13
2 -9.76996e-15
3 -1.3145e-13
6802 3
1 2.21156e-13
2 2.13163e-14
3 -1.24345e-13
6804 3
1 2.30926e-13
2 -1.06581e-14
3 -1.26121e-13
6806 3
1 2.54019e-13
2 7.99361e-15
3 -1.45661e-13
6808 3
1 2.36255e-13
2 -1.59872e-14
3 -1.52767e-13
6810 3
1 2.16716e-13
2 -4.61853e-14
3 -1.56319e-13
6812 3
1 2.46914e-13
2 1.15463e-14
3 -1.15463e-13
6814 3
1 2.43361e-13
2 -2.30926e-14
3 -1.08358e-13
6816 3
1 2.30926e-13
2 -2.66454e-15
3 -1.35003e-13
6818 3
1 2.23821e-13
2 2.39808e-14
3 -1.43885e-13
6820 3
1 2.27374e-13
2 1.95399e-14
3 -1.33227e-13
6822 3
1 2.2915e-13
2 -2.13163e-14
3 -1.42109e-13
6824 3
1 2.13163e-13
2 -1.33227e-14
3 -1.38556e-13
6826 3
1 2.30038e-13
2 -1.15463e-14
3 -1.26121e-13
6828 3
1 2.15827e-13
2 1.59872e-14
3 -1.15463e-13
6830 3
1 2.26485e-13
2 7.99361e-15
3 -1.10134e-13
6832 3
1 2.36255e-13
2 3.55271e-15
3 -1.24345e-13
6834 3
1 2.34479e-13
2 -1.33227e-14
3 -1.27898e-13
6836 3
1 2.16716e-13
2 2.66454e-15
3 -1.15463e-13
6838 3
1 2.25597e-13
2 1.95399e-14
3 -1.08358e-13
6840 3
1 2.49578e-13
2 -1.77636e-15
3 -1.59872e-13
6842 3
1 2.55795e-13
2 -1.42109e-14
3 -1.1724e-13
6844 3
1 2.41585e-13
2 3.64153e-14
3 -1.29674e-13
6846 3
1 2.21156e-13
2 3.81917e-14
3 -1.49214e-13
6848 3
1 2.45137e-13
2 1.33227e-14
3 -1.66978e-13
6850 3
1 2.37144e-13
2 -7.99361e-15
3 -1.40332e-13
6852 3
1 2.22045e-13
2 2.39808e-14
3 -1.45661e-13
6854 3
1 2.44249e-13
2 9.76996e-15
3 -1.47438e-13
6856 3
1 2.43361e-13
2 3.01981e-14
3 -1.33227e-13
6858 3
1 2.54019e-13
2 1.15463e-14
3 -1.04805e-13
6860 3
1 2.36255e-13
2 9.76996e-15
3 -1.36779e-13
6862 3
1 2.31815e-13
2 1.06581e-14
3 -1.49214e-13
6864 3
1 2.40696e-13
2 -7.99361e-15
3 -1.58096e-13
6866 3
1 2.66454e-13
2 6.21725e-15
3 -1.26121e-13
6868 3
1 2.43361e-13
2 2.93099e-14
3 -1.58096e-13
6870 3
1 2.41585e-13
2 2.84217e-14
3 -1.77636e-13
6872 3
1 2.16716e-13
2 1.68754e-14
3 -1.63425e-13
6874 3
1 2.82441e-13
2 7.99361e-15
3 -1.5099e-13
6876 3
1 2.40696e-13
2 -7.99361e-15
3 -1.3145e-13
6878 3
1 2.22933e-13
2 5.32907e-15
3 -1.5099e-13
6880 3
1 2.54019e-13
2 7.99361e-15
3 -1.56319e-13
6882 3
1 2.46914e-13
2 5.32907e-15
3 -1.61648e-13
6884 3
1 2.34479e-13
2 -3.10862e-14
3 -1.7053e-13
6886 3
1 2.36255e-13
2 -2.66454e-15
3 -1.43885e-13
6888 3
1 2.55795e-13
2 -2.66454e-14
3 -1.29674e-13
6890 3
1 2.50466e-13
2 -8.88178e-16
3 -1.47438e-13
6892 3
1 2.54907e-13
2 -1.77636e-15
3 -1.45661e-13
6894 3
1 2.59348e-13
2 -3.19744e-14
3 -1.63425e-13
6896 3
1 2.46025e-13
2 -1.42109e-14
3 -1.65201e-13
6898 3
1 2.62901e-13
2 -4.44089e-14
3 -1.52767e-13
6900 3
1 2.32703e-13
2 -4.9738e-14
3 -1.59872e-13
6902 3
1 2.25597e-13
2 -4.70735e-14
3 -1.40332e-13
6904 3
1 2.45137e-13
2 -2.75335e-14
3 -1.40332e-13
6906 3
1 2.75335e-13
2 -4.88498e-14
3 -1.74083e-13
6908 3
1 2.54019e-13
2 -2.30926e-14
3 -1.82965e-13
6910 3
1 2.16716e-13
2 -2.39808e-14
3 -1.77636e-13
6912 3
1 2.22933e-13
2 -1.33227e-14
3 -1.33227e-13
6914 3
1 2.38032e-13
2 -1.42109e-14
3 -1.45661e-13
6916 3
1 2.38032e-13
2 -1.5099e-14
3 -1.36779e-13
6918 3
1 2.64677e-13
2 -1.15463e-14
3 -1.56319e-13
6920 3
1 2.27374e-13
2 -8.88178e-16
3 -1.27898e-13
6922 3
1 2.85993e-13
2 -4.35207e-14
3 -1.47438e-13
6924 3
1 2.25597e-13
2 -4.44089e-15
3 -1.5099e-13
6926 3
1 2.18492e-13
2 -8.88178e-15
3 -1.45661e-13
6928 3
1 2.45137e-13
2 -4.44089e-15
3 -1.29674e-13
6930 3
1 2.62901e-13
2 -7.10543e-15
3 -1.49214e-13
6932 3
1 2.39808e-13
2 -3.01981e-14
3 -1.49214e-13
6934 3
1 2.34479e-13
2 -4.52971e-14
3 -1.59872e-13
6936 3
1 2.16716e-13
2 -2.13163e-14
3 -1.3145e-13
6938 3
1 2.32703e-13
2 -3.19744e-14
3 -1.47438e-13
6940 3
1 2.41585e-13
2 -4.9738e-14
3 -1.33227e-13
6942 3
1 2.39808e-13
2 -1.95399e-14
3 -1.22569e-13
6944 3
1 2.17604e-13
2 1.15463e-14
3 -1.3145e-13
6946 3
1 1.89182e-13
2 -3.01981e-14
3 -1.26121e-13
6948 3
1 2.2915e-13
2 -8.88178e-16
3 -1.38556e-13
6950 3
1 2.25597e-13
2 -2.04281e-14
3 -1.26121e-13
6952 3
1 2.38032e-13
2 -4.44089e-15
3 -1.45661e-13
6954 3
1 2.50466e-13
2 2.75335e-14
3 -1.1724e-13
6956 3
1 2.14939e-13
2 -1.77636e-14
3 -1.49214e-13
6958 3
1 2.16716e-13
2 9.76996e-15
3 -1.3145e-13
6960 3
1 2.23821e-13
2 7.10543e-15
3 -1.1191e-13
6962 3
1 2.18492e-13
2 -5.32907e-15
3 -1.20792e-13
6964 3
1 2.66454e-13
2 -3.37508e-14
3 -1.19016e-13
6966 3
1 2.22933e-13
2 -7.99361e-15
3 -1.45661e-13
6968 3
1 2.1938e-13
2 8.88178e-15
3 -1.45661e-13
6970 3
1 2.48246e-13
2 -3.55271e-15
3 -1.49214e-13
6972 3
1 2.53131e-13
2 6.21725e-15
3 -1.43885e-13
6974 3
1 2.04725e-13
2 2.39808e-14
3 -1.1724e-13
6976 3
1 2.13607e-13
2 1.42109e-14
3 -1.3145e-13
6978 3
1 2.44693e-13
2 1.86517e-14
3 -1.19016e-13
6980 3
1 2.367e-13
2 -7.99361e-15
3 -1.1191e-13
6982 3
1 2.12719e-13
2 -1.77636e-15
3 -1.26121e-13
6984 3
1 2.24265e-13
2 3.19744e-14
3 -1.19016e-13
6986 3
1 2.27374e-13
2 9.76996e-15
3 -1.43885e-13
6988 3
1 2.0739e-13
2 -3.55271e-15
3 -1.72307e-13
6990 3
1 2.44249e-13
2 3.19744e-14
3 -1.38556e-13
6992 3
1 2.0961e-13
2 1.42109e-14
3 -9.59233e-14
6994 3
1 2.22933e-13
2 -2.57572e-14
3 -1.26121e-13
6996 3
1 1.98952e-13
2 2.30926e-14
3 -1.58096e-13
6998 3
1 2.22045e-13
2 2.75335e-14
3 -1.42109e-13
7000 3
1 2.03393e-13
2 1.5099e-14
3 -1.16351e-13
7002 3
1 2.2915e-13
2 2.39808e-14
3 -1.77636e-13
7004 3
1 2.2915e-13
2 1.77636e-15
3 -1.1724e-13
7006 3
1 2.14939e-13
2 -3.73035e-14
3 -1.22569e-13
7008 3
1 2.20268e-13
2 8.88178e-16
3 -1.35003e-13
7010 3
1 2.53131e-13
2 -4.44089e-15
3 -1.55431e-13
7012 3
1 2.26485e-13
2 -1.77636e-14
3 -1.1724e-13
7014 3
1 2.00728e-13
2 -3.55271e-15
3 -1.54543e-13
7016 3
1 2.13163e-13
2 7.10543e-15
3 -1.3145e-13
7018 3
1 2.13163e-13
2 -2.4869e-14
3 -1.39444e-13
7020 3
1 1.97176e-13
2 1.95399e-14
3 -1.2701e-13
7022 3
1 2.2915e-13
2 3.19744e-14
3 -1.66089e-13
7024 3
1 1.97176e-13
2 -1.59872e-14
3 -1.43885e-13
7026 3
1 2.14939e-13
2 7.10543e-15
3 -1.47438e-13
7028 3
1 2.41585e-13
2 2.04281e-14
3 -1.35891e-13
7030 3
1 2.23821e-13
2 2.84217e-14
3 -1.57208e-13
7032 3
1 2.36255e-13
2 -1.42109e-14
3 -1.63425e-13
7034 3
1 2.3892e-13
2 1.77636e-14
3 -1.36779e-13
7036 3
1 2.20268e-13
2 -7.99361e-15
3 -1.47438e-13
7038 3
1 2.38032e-13
2 9.76996e-15
3 -1.27898e-13
7040 3
1 2.13163e-13
2 -1.5099e-14
3 -1.33227e-13
7042 3
1 2.4869e-13
2 -4.44089e-15
3 -1.39444e-13
7044 3
1 2.35367e-13
2 1.86517e-14
3 -1.25233e-13
7046 3
1 2.45137e-13
2 1.24345e-14
3 -1.37668e-13
7048 3
1 2.13163e-13
2 -2.04281e-14
3 -1.35891e-13
7050 3
1 2.45137e-13
2 2.13163e-14
3 -1.35003e-13
7052 3
1 2.35367e-13
2 0
3 -9.76996e-14
7054 3
1 2.46914e-13
2 5.86198e-14
3 -1.38556e-13
7056 3
1 2.47802e-13
2 4.26326e-14
3 -1.33227e-13
7058 3
1 2.34479e-13
2 -1.77636e-15
3 -1.56319e-13
7060 3
1 2.59348e-13
2 -2.84217e-14
3 -1.36779e-13
7062 3
1 2.34479e-13
2 -7.10543e-15
3 -1.50102e-13
7064 3
1 2.32703e-13
2 1.77636e-14
3 -1.27898e-13
7066 3
1 2.46914e-13
2 1.59872e-14
3 -1.49214e-13
7068 3
1 2.50466e-13
2 -1.5099e-14
3 -1.48326e-13
7070 3
1 2.14939e-13
2 2.66454e-14
3 -1.5099e-13
7072 3
1 2.52243e-13
2 1.15463e-14
3 -1.34115e-13
7074 3
1 2.41585e-13
2 2.13163e-14
3 -1.35891e-13
7076 3
1 2.23821e-13
2 2.93099e-14
3 -1.47438e-13
7078 3
1 2.39808e-13
2 2.30926e-14
3 -1.51879e-13
7080 3
1 2.36255e-13
2 8.88178e-16
3 -1.2701e-13
7082 3
1 2.22045e-13
2 -2.04281e-14
3 -1.32339e-13
7084 3
1 2.4869e-13
2 9.76996e-15
3 -1.54543e-13
7086 3
1 2.41585e-13
2 2.04281e-14
3 -1.49214e-13
7088 3
1 2.59348e-13
2 7.99361e-15
3 -1.62537e-13
7090 3
1 2.32703e-13
2 -1.68754e-14
3 -1.42997e-13
7092 3
1 2.46914e-13
2 1.68754e-14
3 -1.43885e-13
7094 3
1 2.25597e-13
2 2.4869e-14
3 -1.53655e-13
7096 3
1 2.32703e-13
2 1.68754e-14
3 -1.57208e-13
7098 3
1 2.55795e-13
2 5.32907e-15
3 -1.47438e-13
7100 3
1 2.39808e-13
2 5.32907e-15
3 -1.53655e-13
7102 3
1 2.16716e-13
2 2.75335e-14
3 -1.74083e-13
7104 3
1 2.50466e-13
2 2.30926e-14
3 -1.48326e-13
7106 3
1 2.37144e-13
2 2.93099e-14
3 -1.34115e-13
7108 3
1 2.31815e-13
2 2.04281e-14
3 -1.48326e-13
7110 3
1 2.30926e-13
2 3.55271e-14
3 -1.49214e-13
7112 3
1 2.42473e-13
2 -8.88178e-16
3 -1.52767e-13
7114 3
1 2.4869e-13
2 1.77636e-14
3 -1.42109e-13
7116 3
1 2.5846e-13
2 1.77636e-14
3 -1.72307e-13
7118 3
1 2.46914e-13
2 3.01981e-14
3 -1.56319e-13
7120 3
1 2.4869e-13
2 1.95399e-14
3 -1.5099e-13
7122 3
1 2.32703e-13
2 1.95399e-14
3 -1.51879e-13
7124 3
1 2.34479e-13
2 2.04281e-14
3 -1.71418e-13
7126 3
1 2.41585e-13
2 2.93099e-14
3 -1.52767e-13
7128 3
1 2.45137e-13
2 2.4869e-14
3 -1.4122e-13
7130 3
1 2.39808e-13
2 3.4639e-14
3 -1.73195e-13
7132 3
1 2.22933e-13
2 3.4639e-14
3 -1.5099e-13
7134 3
1 2.02505e-13
2 2.39808e-14
3 -1.39444e-13
7136 3
1 2.50466e-13
2 2.4869e-14
3 -1.51879e-13
7138 3
1 2.04281e-13
2 1.68754e-14
3 -1.58096e-13
7140 3
1 2.27374e-13
2 2.08722e-14
3 -1.57208e-13
7142 3
1 2.43361e-13
2 2.62013e-14
3 -1.69642e-13
7144 3
1 2.20268e-13
2 5.4623e-14
3 -1.9007e-13
7146 3
1 2.41585e-13
2 2.62013e-14
3 -1.82077e-13
7148 3
1 2.43361e-13
2 -1.33227e-15
3 -1.4122e-13
7150 3
1 2.30038e-13
2 4.75175e-14
3 -1.81188e-13
7152 3
1 2.2915e-13
2 5.59552e-14
3 -1.67866e-13
7154 3
1 2.70006e-13
2 6.26166e-14
3 -1.66978e-13
7156 3
1 2.66454e-13
2 1.86517e-14
3 -1.76748e-13
7158 3
1 2.66454e-13
2 3.28626e-14
3 -1.77636e-13
7160 3
1 2.6823e-13
2 7.23865e-14
3 -1.66978e-13
7162 3
1 2.6823e-13
2 3.15303e-14
3 -1.89182e-13
7164 3
1 2.66454e-13
2 6.12843e-14
3 -1.68754e-13
7166 3
1 2.46914e-13
2 6.39488e-14
3 -1.78524e-13
7168 3
1 2.60236e-13
2 6.03961e-14
3 -1.61648e-13
7170 3
1 2.62901e-13
2 2.88658e-14
3 -1.68754e-13
7172 3
1 2.50466e-13
2 7.28306e-14
3 -1.75859e-13
7174 3
1 2.72671e-13
2 4.21885e-14
3 -1.58984e-13
7176 3
1 2.64677e-13
2 5.37348e-14
3 -1.77636e-13
7178 3
1 2.89546e-13
2 5.77316e-14
3 -1.7053e-13
7180 3
1 2.43361e-13
2 3.5083e-14
3 -1.48326e-13
7182 3
1 2.25597e-13
2 1.19904e-14
3 -1.7053e-13
7184 3
1 2.45137e-13
2 3.86358e-14
3 -1.83853e-13
7186 3
1 2.54019e-13
2 3.37508e-14
3 -1.74971e-13
7188 3
1 2.80664e-13
2 6.39488e-14
3 -1.32339e-13
7190 3
1 2.52243e-13
2 6.9722e-14
3 -1.74083e-13
7192 3
1 2.77112e-13
2 3.77476e-14
3 -1.93623e-13
7194 3
1 2.77112e-13
2 2.84217e-14
3 -1.97176e-13
7196 3
1 2.82441e-13
2 3.77476e-14
3 -1.98952e-13
7198 3
1 2.77112e-13
2 6.12843e-14
3 -1.803e-13
7200 3
1 2.4869e-13
2 7.23865e-14
3 -1.94511e-13
7202 3
1 2.66454e-13
2 2.66454e-14
3 -1.93623e-13
7204 3
1 2.66454e-13
2 4.61853e-14
3 -1.84741e-13
7206 3
1 2.41585e-13
2 6.17284e-14
3 -1.53655e-13
7208 3
1 2.6823e-13
2 2.26485e-14
3 -1.87406e-13
7210 3
1 2.70894e-13
2 4.70735e-14
3 -1.67866e-13
7212 3
1 2.77112e-13
2 4.30767e-14
3 -1.47438e-13
7214 3
1 2.88658e-13
2 6.52811e-14
3 -1.9007e-13
7216 3
1 2.70006e-13
2 1.00808e-13
3 -1.64313e-13
7218 3
1 2.67342e-13
2 6.39488e-14
3 -2.01617e-13
7220 3
1 2.64677e-13
2 4.17444e-14
3 -1.68754e-13
7222 3
1 2.53131e-13
2 3.10862e-14
3 -1.68754e-13
7224 3
1 2.55795e-13
2 4.70735e-14
3 -1.94511e-13
7226 3
1 2.70006e-13
2 6.75016e-14
3 -1.79412e-13
7228 3
1 2.54907e-13
2 4.26326e-14
3 -1.81188e-13
7230 3
1 2.41585e-13
2 6.83897e-14
3 -1.97176e-13
7232 3
1 2.50466e-13
2 6.17284e-14
3 -1.82077e-13
7234 3
1 2.46914e-13
2 7.19425e-14
3 -1.84741e-13
7236 3
1 2.59348e-13
2 2.30926e-14
3 -1.75859e-13
7238 3
1 2.77112e-13
2 3.81917e-14
3 -1.65201e-13
7240 3
1 2.57572e-13
2 4.44089e-14
3 -1.9007e-13
7242 3
1 2.85993e-13
2 5.06262e-14
3 -1.56319e-13
7244 3
1 2.59348e-13
2 3.5083e-14
3 -1.59872e-13
7246 3
1 2.74447e-13
2 4.66294e-14
3 -1.50102e-13
7248 3
1 2.73559e-13
2 5.68434e-14
3 -1.57208e-13
7250 3
1 2.70006e-13
2 6.4837e-14
3 -1.73195e-13
7252 3
1 2.66454e-13
2 6.83897e-14
3 -1.74971e-13
7254 3
1 2.52243e-13
2 4.08562e-14
3 -1.7053e-13
7256 3
1 2.8777e-13
2 4.70735e-14
3 -1.58984e-13
7258 3
1 2.93987e-13
2 7.28306e-14
3 -1.98064e-13
7260 3
1 2.55795e-13
2 5.37348e-14
3 -1.74083e-13
7262 3
1 2.57572e-13
2 3.19744e-14
3 -1.82965e-13
7264 3
1 2.80664e-13
2 2.08722e-14
3 -1.73195e-13
7266 3
1 2.70006e-13
2 6.92779e-14
3 -1.62537e-13
7268 3
1 2.34479e-13
2 7.23865e-14
3 -1.56319e-13
7270 3
1 2.4869e-13
2 4.92939e-14
3 -1.71418e-13
7272 3
1 2.73559e-13
2 5.50671e-14
3 -1.803e-13
7274 3
1 2.55795e-13
2 5.10703e-14
3 -1.82965e-13
7276 3
1 2.77112e-13
2 7.41629e-14
3 -1.47438e-13
7278 3
1 2.55795e-13
2 7.06102e-14
3 -1.69642e-13
7280 3
1 2.80664e-13
2 4.04121e-14
3 -1.27898e-13
7282 3
1 2.70006e-13
2 3.81917e-14
3 -1.53655e-13
7284 3
1 2.64677e-13
2 4.44089e-14
3 -1.58096e-13
7286 3
1 2.59348e-13
2 7.72715e-14
3 -1.52767e-13
7288 3
1 2.4869e-13
2 4.9738e-14
3 -1.42997e-13
7290 3
1 2.86882e-13
2 8.52651e-14
3 -1.65201e-13
7292 3
1 2.89546e-13
2 5.19584e-14
3 -1.61648e-13
7294 3
1 2.5846e-13
2 7.28306e-14
3 -1.48326e-13
7296 3
1 2.61124e-13
2 8.61533e-14
3 -1.74971e-13
7298 3
1 2.59348e-13
2 6.66134e-14
3 -1.75859e-13
7300 3
1 2.64677e-13
2 6.52811e-14
3 -1.86517e-13
7302 3
1 2.71783e-13
2 6.9722e-14
3 -1.50102e-13
7304 3
1 2.91323e-13
2 7.54952e-14
3 -1.64313e-13
7306 3
1 2.6823e-13
2 6.39488e-14
3 -1.36779e-13
7308 3
1 2.66454e-13
2 7.68274e-14
3 -1.61648e-13
7310 3
1 3.21521e-13
2 4.44089e-14
3 -1.74971e-13
7312 3
1 2.78888e-13
2 9.37028e-14
3 -1.76748e-13
7314 3
1 2.66454e-13
2 8.21565e-14
3 -1.64313e-13
7316 3
1 2.82441e-13
2 5.77316e-14
3 -1.82965e-13
7318 3
1 2.91323e-13
2 7.54952e-14
3 -1.49214e-13
7320 3
1 2.93099e-13
2 7.68274e-14
3 -1.77636e-13
7322 3
1 2.84217e-13
2 5.59552e-14
3 -1.67866e-13
7324 3
1 2.6823e-13
2 8.17124e-14
3 -1.74971e-13
7326 3
1 2.82441e-13
2 7.10543e-14
3 -1.6076e-13
7328 3
1 2.54019e-13
2 5.50671e-14
3 -1.78524e-13
7330 3
1 2.64677e-13
2 6.9722e-14
3 -1.73195e-13
7332 3
1 2.78e-13
2 7.14984e-14
3 -1.85629e-13
7334 3
1 2.78888e-13
2 6.03961e-14
3 -1.71418e-13
7336 3
1 3.03757e-13
2 7.37188e-14
3 -1.57208e-13
7338 3
1 2.75335e-13
2 6.75016e-14
3 -1.59872e-13
7340 3
1 2.70894e-13
2 8.03801e-14
3 -1.74971e-13
7342 3
1 2.80664e-13
2 8.21565e-14
3 -1.66089e-13
7344 3
1 2.69118e-13
2 9.01501e-14
3 -1.66978e-13
7346 3
1 2.79776e-13
2 7.86038e-14
3 -1.65201e-13
7348 3
1 2.91323e-13
2 5.55112e-14
3 -1.92735e-13
7350 3
1 2.82441e-13
2 8.43769e-14
3 -1.73195e-13
7352 3
1 2.51354e-13
2 9.28146e-14
3 -1.90958e-13
7354 3
1 3.17968e-13
2 8.70415e-14
3 -1.81188e-13
7356 3
1 2.96652e-13
2 6.9722e-14
3 -2.01617e-13
7358 3
1 2.96652e-13
2 7.59393e-14
3 -1.93623e-13
7360 3
1 3.00204e-13
2 5.55112e-14
3 -2.06946e-13
7362 3
1 2.88658e-13
2 7.90479e-14
3 -1.85629e-13
7364 3
1 2.80664e-13
2 7.32747e-14
3 -2.07834e-13
7366 3
1 3.08198e-13
2 9.41469e-14
3 -1.75859e-13
7368 3
1 2.57572e-13
2 7.54952e-14
3 -1.98064e-13
7370 3
1 2.71783e-13
2 7.90479e-14
3 -1.83853e-13
7372 3
1 2.98428e-13
2 5.06262e-14
3 -1.73195e-13
7374 3
1 3.09974e-13
2 6.4837e-14
3 -2.03393e-13
7376 3
1 2.91323e-13
2 8.21565e-14
3 -1.72307e-13
7378 3
1 3.01981e-13
2 6.92779e-14
3 -1.89182e-13
7380 3
1 2.91323e-13
2 9.37028e-14
3 -1.93623e-13
7382 3
1 2.93987e-13
2 8.9706e-14
3 -2.06946e-13
7384 3
1 2.92211e-13
2 7.81597e-14
3 -1.84741e-13
7386 3
1 2.74447e-13
2 7.4607e-14
3 -1.81188e-13
7388 3
1 2.92211e-13
2 9.72555e-14
3 -1.86517e-13
7390 3
1 2.85105e-13
2 9.05942e-14
3 -2.23821e-13
7392 3
1 2.89546e-13
2 8.9706e-14
3 -1.803e-13
7394 3
1 2.67342e-13
2 1.01252e-13
3 -1.89182e-13
7396 3
1 2.54907e-13
2 7.54952e-14
3 -1.91847e-13
7398 3
1 2.71783e-13
2 7.37188e-14
3 -1.93623e-13
7400 3
1 2.66454e-13
2 9.10383e-14
3 -1.95399e-13
7402 3
1 2.91323e-13
2 1.01252e-13
3 -2.02505e-13
7404 3
1 2.93987e-13
2 8.08242e-14
3 -2.11386e-13
7406 3
1 2.93099e-13
2 9.37028e-14
3 -1.92735e-13
7408 3
1 2.8777e-13
2 1.22125e-13
3 -1.89182e-13
7410 3
1 2.85993e-13
2 8.30447e-14
3 -2.17604e-13
7412 3
1 2.84217e-13
2 7.54952e-14
3 -1.96287e-13
7414 3
1 2.8777e-13
2 1.00364e-13
3 -2.08722e-13
7416 3
1 3.01981e-13
2 7.59393e-14
3 -1.96287e-13
7418 3
1 2.75335e-13
2 9.01501e-14
3 -2.14939e-13
7420 3
1 2.57572e-13
2 9.28146e-14
3 -2.14939e-13
7422 3
1 2.66454e-13
2 1.16795e-13
3 -2.27374e-13
7424 3
1 2.94875e-13
2 1.04805e-13
3 -1.91847e-13
7426 3
1 2.81553e-13
2 8.34888e-14
3 -2.11386e-13
7428 3
1 3.01981e-13
2 8.21565e-14
3 -1.95399e-13
7430 3
1 2.90434e-13
2 1.00808e-13
3 -2.00728e-13
7432 3
1 2.77112e-13
2 6.26166e-14
3 -2.14051e-13
7434 3
1 2.55795e-13
2 8.26006e-14
3 -1.98064e-13
7436 3
1 2.94875e-13
2 8.21565e-14
3 -1.92735e-13
7438 3
1 2.75335e-13
2 9.76996e-14
3 -2.24709e-13
7440 3
1 2.41585e-13
2 9.19265e-14
3 -1.90958e-13
7442 3
1 2.88658e-13
2 7.63833e-14
3 -2.15827e-13
7444 3
1 2.75335e-13
2 8.39329e-14
3 -2.14051e-13
7446 3
1 2.6823e-13
2 9.01501e-14
3 -2.15827e-13
7448 3
1 2.91323e-13
2 8.57092e-14
3 -1.98952e-13
7450 3
1 2.95763e-13
2 1.03917e-13
3 -2.08722e-13
7452 3
1 2.75335e-13
2 6.66134e-14
3 -2.17604e-13
7454 3
1 2.72671e-13
2 8.34888e-14
3 -1.9984e-13
7456 3
1 2.65565e-13
2 9.4591e-14
3 -2.18492e-13
7458 3
1 2.85993e-13
2 8.34888e-14
3 -2.06057e-13
7460 3
1 3.0731e-13
2 8.34888e-14
3 -2.24709e-13
7462 3
1 3.05533e-13
2 9.32587e-14
3 -2.08722e-13
7464 3
1 2.92211e-13
2 7.28306e-14
3 -2.28262e-13
7466 3
1 2.61124e-13
2 8.88178e-14
3 -2.00728e-13
7468 3
1 2.65565e-13
2 7.90479e-14
3 -2.03393e-13
7470 3
1 2.34479e-13
2 8.70415e-14
3 -2.20268e-13
7472 3
1 2.94875e-13
2 7.37188e-14
3 -2.16716e-13
7474 3
1 2.93987e-13
2 7.90479e-14
3 -1.97176e-13
7476 3
1 2.80664e-13
2 6.21725e-14
3 -1.93623e-13
7478 3
1 2.93987e-13
2 7.77156e-14
3 -1.76748e-13
7480 3
1 2.46914e-13
2 5.68434e-14
3 -2.13163e-13
7482 3
1 2.57572e-13
2 5.9508e-14
3 -2.10498e-13
