# Time-averaged data for fix write_all_momentum
# TimeStep Number-of-rows
# Row c_all_momentum[*]
0 3
1 3.10862e-15
2 1.06581e-14
3 7.10543e-15
1 3
1 -4.70735e-14
2 -5.18696e-13
3 -2.13163e-14
2 3
1 -1.10623e-12
2 -8.25473e-12
3 -3.09086e-13
3 3
1 -6.44906e-12
2 -4.4226e-11
3 -1.50635e-12
4 3
1 -2.27671e-11
2 -1.47535e-10
3 -5.45164e-12
5 3
1 -6.18154e-11
2 -3.76545e-10
3 -1.54277e-11
6 3
1 -1.40699e-10
2 -8.05995e-10
3 -3.38165e-11
7 3
1 -2.82399e-10
2 -1.52095e-09
3 -5.79572e-11
8 3
1 -5.14792e-10
2 -2.60861e-09
3 -7.79821e-11
9 3
1 -8.67308e-10
2 -4.1508e-09
3 -7.70495e-11
10 3
1 -1.36757e-09
2 -6.2198e-09
3 -3.26565e-11
11 3
1 -2.04008e-09
2 -8.87569e-09
3 8.27391e-11
12 3
1 -2.90642e-09
2 -1.21655e-08
3 3.00796e-10
13 3
1 -3.98623e-09
2 -1.61238e-08
3 6.56192e-10
14 3
1 -5.29708e-09
2 -2.07742e-08
3 1.18545e-09
15 3
1 -6.85432e-09
2 -2.61312e-08
3 1.92583e-09
16 3
1 -8.67168e-09
2 -3.2201e-08
3 2.91481e-09
17 3
1 -1.07635e-08
2 -3.89826e-08
3 4.19002e-09
18 3
1 -1.31458e-08
2 -4.64693e-08
3 5.78831e-09
19 3
1 -1.58365e-08
2 -5.46522e-08
3 7.74495e-09
20 3
1 -1.8855e-08
2 -6.35225e-08
3 1.00925e-08
21 3
1 -2.22208e-08
2 -7.3074e-08
3 1.28596e-08
22 3
1 -2.59533e-08
2 -8.33043e-08
3 1.60705e-08
23 3
1 -3.00728e-08
2 -9.42178e-08
3 1.97466e-08
24 3
1 -3.46009e-08
2 -1.05827e-07
3 2.39086e-08
25 3
1 -3.95601e-08
2 -1.18153e-07
3 2.85778e-08
26 3
1 -4.49721e-08
2 -1.31225e-07
3 3.3779e-08
27 3
1 -5.0857e-08
2 -1.45082e-07
3 3.95416e-08
28 3
1 -5.72335e-08
2 -1.59774e-07
3 4.59015e-08
29 3
1 -6.41184e-08
2 -1.75365e-07
3 5.29004e-08
30 3
1 -7.15267e-08
2 -1.9194e-07
3 6.05864e-08
31 3
1 -7.94726e-08
2 -2.09601e-07
3 6.90175e-08
32 3
1 -8.79741e-08
2 -2.28451e-07
3 7.82609e-08
33 3
1 -9.70551e-08
2 -2.48581e-07
3 8.83827e-08
34 3
1 -1.06748e-07
2 -2.70056e-07
3 9.94253e-08
35 3
1 -1.17097e-07
2 -2.92927e-07
3 1.11391e-07
36 3
1 -1.28157e-07
2 -3.17233e-07
3 1.24256e-07
37 3
1 -1.39972e-07
2 -3.43003e-07
3 1.37995e-07
38 3
1 -1.52561e-07
2 -3.70259e-07
3 1.52597e-07
39 3
1 -1.65913e-07
2 -3.98999e-07
3 1.68073e-07
40 3
1 -1.80002e-07
2 -4.29194e-07
3 1.84452e-07
41 3
1 -1.94805e-07
2 -4.60768e-07
3 2.01766e-07
42 3
1 -2.10307e-07
2 -4.93597e-07
3 2.20021e-07
43 3
1 -2.26493e-07
2 -5.2752e-07
3 2.39181e-07
44 3
1 -2.43336e-07
2 -5.62374e-07
3 2.59189e-07
45 3
1 -2.60796e-07
2 -5.98012e-07
3 2.79995e-07
46 3
1 -2.7883e-07
2 -6.34305e-07
3 3.01565e-07
47 3
1 -2.97385e-07
2 -6.71148e-07
3 3.23873e-07
48 3
1 -3.16414e-07
2 -7.08459e-07
3 3.46889e-07
49 3
1 -3.3587e-07
2 -7.46176e-07
3 3.70579e-07
50 3
1 -3.5571e-07
2 -7.84248e-07
3 3.94902e-07
51 3
1 -3.75895e-07
2 -8.22638e-07
3 4.19826e-07
52 3
1 -3.96388e-07
2 -8.6131e-07
3 4.45321e-07
53 3
1 -4.17152e-07
2 -9.00232e-07
3 4.71357e-07
54 3
1 -4.38146e-07
2 -9.39367e-07
3 4.97901e-07
55 3
1 -4.59327e-07
2 -9.7867e-07
3 5.24916e-07
56 3
1 -4.80651e-07
2 -1.01809e-06
3 5.52361e-07
57 3
1 -5.02077e-07
2 -1.05757e-06
3 5.80191e-07
58 3
1 -5.23569e-07
2 -1.09704e-06
3 6.08361e-07
59 3
1 -5.45093e-07
2 -1.13643e-06
3 6.36827e-07
60 3
1 -5.66621e-07
2 -1.17566e-06
3 6.65547e-07
61 3
1 -5.88126e-07
2 -1.21466e-06
3 6.94485e-07
62 3
1 -6.09584e-07
2 -1.25335e-06
3 7.2361e-07
63 3
1 -6.30978e-07
2 -1.29166e-06
3 7.52896e-07
64 3
1 -6.5229e-07
2 -1.32955e-06
3 7.82329e-07
65 3
1 -6.73509e-07
2 -1.36696e-06
3 8.11897e-07
66 3
1 -6.94624e-07
2 -1.40388e-06
3 8.41592e-07
67 3
1 -7.15629e-07
2 -1.44029e-06
3 8.71399e-07
68 3
1 -7.3652e-07
2 -1.47618e-06
3 9.01286e-07
69 3
1 -7.57295e-07
2 -1.51156e-06
3 9.31207e-07
70 3
1 -7.77944e-07
2 -1.54642e-06
3 9.61106e-07
71 3
1 -7.98447e-07
2 -1.58075e-06
3 9.90928e-07
72 3
1 -8.18777e-07
2 -1.61454e-06
3 1.02062e-06
73 3
1 -8.38899e-07
2 -1.64775e-06
3 1.05011e-06
74 3
1 -8.58767e-07
2 -1.68036e-06
3 1.07934e-06
75 3
1 -8.78328e-07
2 -1.71234e-06
3 1.10827e-06
76 3
1 -8.97524e-07
2 -1.74362e-06
3 1.13683e-06
77 3
1 -9.16309e-07
2 -1.77416e-06
3 1.165e-06
78 3
1 -9.34648e-07
2 -1.80389e-06
3 1.19272e-06
79 3
1 -9.52523e-07
2 -1.83277e-06
3 1.21999e-06
80 3
1 -9.69932e-07
2 -1.86076e-06
3 1.24677e-06
81 3
1 -9.86883e-07
2 -1.88783e-06
3 1.27305e-06
82 3
1 -1.00338e-06
2 -1.91396e-06
3 1.29883e-06
83 3
1 -1.01943e-06
2 -1.93913e-06
3 1.32408e-06
84 3
1 -1.03502e-06
2 -1.96335e-06
3 1.34879e-06
85 3
1 -1.05014e-06
2 -1.98659e-06
3 1.37293e-06
86 3
1 -1.06475e-06
2 -2.00886e-06
3 1.39647e-06
87 3
1 -1.07885e-06
2 -2.03016e-06
3 1.41937e-06
88 3
1 -1.09242e-06
2 -2.05048e-06
3 1.4416e-06
89 3
1 -1.10543e-06
2 -2.06981e-06
3 1.4631e-06
90 3
1 -1.11785e-06
2 -2.08814e-06
3 1.48383e-06
91 3
1 -1.12968e-06
2 -2.10547e-06
3 1.50371e-06
92 3
1 -1.14087e-06
2 -2.12178e-06
3 1.52269e-06
93 3
1 -1.1514e-06
2 -2.13704e-06
3 1.54068e-06
94 3
1 -1.16123e-06
2 -2.15123e-06
3 1.55762e-06
95 3
1 -1.17034e-06
2 -2.16433e-06
3 1.57342e-06
96 3
1 -1.1787e-06
2 -2.17631e-06
3 1.58801e-06
97 3
1 -1.18625e-06
2 -2.18712e-06
3 1.60129e-06
98 3
1 -1.19297e-06
2 -2.19672e-06
3 1.61317e-06
99 3
1 -1.19881e-06
2 -2.20506e-06
3 1.62356e-06
100 3
1 -1.20373e-06
2 -2.21209e-06
3 1.63235e-06
101 3
1 -1.20768e-06
2 -2.21774e-06
3 1.63944e-06
102 3
1 -1.21061e-06
2 -2.22195e-06
3 1.64474e-06
103 3
1 -1.21248e-06
2 -2.22463e-06
3 1.64811e-06
104 3
1 -1.21323e-06
2 -2.22572e-06
3 1.64948e-06
105 3
1 -1.21282e-06
2 -2.22511e-06
3 1.64872e-06
106 3
1 -1.21118e-06
2 -2.22272e-06
3 1.64575e-06
107 3
1 -1.20828e-06
2 -2.21845e-06
3 1.64048e-06
108 3
1 -1.20407e-06
2 -2.21218e-06
3 1.63282e-06
109 3
1 -1.19849e-06
2 -2.20382e-06
3 1.6227e-06
110 3
1 -1.1915e-06
2 -2.19325e-06
3 1.61003e-06
111 3
1 -1.18304e-06
2 -2.18037e-06
3 1.59473e-06
112 3
1 -1.17306e-06
2 -2.16508e-06
3 1.57672e-06
113 3
1 -1.16152e-06
2 -2.14727e-06
3 1.5559e-06
114 3
1 -1.14836e-06
2 -2.12684e-06
3 1.5322e-06
115 3
1 -1.13353e-06
2 -2.10371e-06
3 1.5055e-06
116 3
1 -1.11697e-06
2 -2.07777e-06
3 1.47569e-06
117 3
1 -1.09862e-06
2 -2.04896e-06
3 1.44266e-06
118 3
1 -1.07843e-06
2 -2.01716e-06
3 1.40628e-06
119 3
1 -1.05633e-06
2 -1.98228e-06
3 1.36643e-06
120 3
1 -1.0323e-06
2 -1.94421e-06
3 1.32299e-06
121 3
1 -1.00629e-06
2 -1.90279e-06
3 1.27584e-06
122 3
1 -9.78294e-07
2 -1.85789e-06
3 1.22488e-06
123 3
1 -9.48288e-07
2 -1.80934e-06
3 1.16998e-06
124 3
1 -9.16275e-07
2 -1.75695e-06
3 1.11101e-06
125 3
1 -8.82258e-07
2 -1.70055e-06
3 1.04783e-06
126 3
1 -8.46244e-07
2 -1.63994e-06
3 9.80273e-07
127 3
1 -8.08237e-07
2 -1.57495e-06
3 9.08151e-07
128 3
1 -7.68241e-07
2 -1.50537e-06
3 8.31272e-07
129 3
1 -7.26256e-07
2 -1.43101e-06
3 7.49434e-07
130 3
1 -6.82279e-07
2 -1.35169e-06
3 6.62422e-07
131 3
1 -6.363e-07
2 -1.2672e-06
3 5.70007e-07
132 3
1 -5.88299e-07
2 -1.17736e-06
3 4.7195e-07
133 3
1 -5.38245e-07
2 -1.08198e-06
3 3.67993e-07
134 3
1 -4.86095e-07
2 -9.80841e-07
3 2.57869e-07
135 3
1 -4.31796e-07
2 -8.73765e-07
3 1.41298e-07
136 3
1 -3.75286e-07
2 -7.60543e-07
3 1.79967e-08
137 3
1 -3.16488e-07
2 -6.40965e-07
3 -1.12324e-07
138 3
1 -2.55316e-07
2 -5.14799e-07
3 -2.49962e-07
139 3
1 -1.91668e-07
2 -3.81799e-07
3 -3.95231e-07
140 3
1 -1.25432e-07
2 -2.417e-07
3 -5.48468e-07
141 3
1 -5.64879e-08
2 -9.42268e-08
3 -7.10035e-07
142 3
1 1.52864e-08
2 6.0893e-08
3 -8.80314e-07
143 3
1 9.00219e-08
2 2.23918e-07
3 -1.0597e-06
144 3
1 1.67864e-07
2 3.95079e-07
3 -1.24859e-06
145 3
1 2.48984e-07
2 5.74579e-07
3 -1.4474e-06
146 3
1 3.33591e-07
2 7.62599e-07
3 -1.65652e-06
147 3
1 4.21934e-07
2 9.59293e-07
3 -1.87641e-06
148 3
1 5.14296e-07
2 1.16476e-06
3 -2.10753e-06
149 3
1 6.10972e-07
2 1.37902e-06
3 -2.35034e-06
150 3
1 7.12218e-07
2 1.60206e-06
3 -2.60533e-06
151 3
1 8.1822e-07
2 1.83384e-06
3 -2.8729e-06
152 3
1 9.29072e-07
2 2.07438e-06
3 -3.15339e-06
153 3
1 1.0448e-06
2 2.32382e-06
3 -3.44716e-06
154 3
1 1.16537e-06
2 2.58234e-06
3 -3.75458e-06
155 3
1 1.29073e-06
2 2.85015e-06
3 -4.07608e-06
156 3
1 1.4208e-06
2 3.12747e-06
3 -4.41212e-06
157 3
1 1.55543e-06
2 3.41449e-06
3 -4.76316e-06
158 3
1 1.6944e-06
2 3.71143e-06
3 -5.12962e-06
159 3
1 1.83746e-06
2 4.01848e-06
3 -5.51191e-06
160 3
1 1.98429e-06
2 4.3358e-06
3 -5.91044e-06
161 3
1 2.13457e-06
2 4.66355e-06
3 -6.32562e-06
162 3
1 2.28793e-06
2 5.00184e-06
3 -6.75785e-06
163 3
1 2.444e-06
2 5.35083e-06
3 -7.20757e-06
164 3
1 2.60236e-06
2 5.71065e-06
3 -7.67523e-06
165 3
1 2.76266e-06
2 6.08141e-06
3 -8.1613e-06
166 3
1 2.92453e-06
2 6.46322e-06
3 -8.6662e-06
167 3
1 3.08765e-06
2 6.85612e-06
3 -9.1904e-06
168 3
1 3.25171e-06
2 7.2601e-06
3 -9.73432e-06
169 3
1 3.41642e-06
2 7.67508e-06
3 -1.02984e-05
170 3
1 3.58155e-06
2 8.1009e-06
3 -1.08829e-05
171 3
1 3.7469e-06
2 8.53738e-06
3 -1.14884e-05
172 3
1 3.91234e-06
2 8.98434e-06
3 -1.21152e-05
173 3
1 4.0778e-06
2 9.44161e-06
3 -1.27637e-05
174 3
1 4.24326e-06
2 9.90915e-06
3 -1.34344e-05
175 3
1 4.40875e-06
2 1.0387e-05
3 -1.41278e-05
176 3
1 4.57435e-06
2 1.08753e-05
3 -1.48446e-05
177 3
1 4.74013e-06
2 1.13743e-05
3 -1.55855e-05
178 3
1 4.90618e-06
2 1.18843e-05
3 -1.63514e-05
179 3
1 5.07258e-06
2 1.24056e-05
3 -1.71432e-05
180 3
1 5.2394e-06
2 1.29385e-05
3 -1.79618e-05
181 3
1 5.4067e-06
2 1.34829e-05
3 -1.8808e-05
182 3
1 5.57455e-06
2 1.40388e-05
3 -1.96825e-05
183 3
1 5.74301e-06
2 1.46058e-05
3 -2.05857e-05
184 3
1 5.91223e-06
2 1.51835e-05
3 -2.15175e-05
185 3
1 6.08248e-06
2 1.57711e-05
3 -2.2478e-05
186 3
1 6.25427e-06
2 1.63679e-05
3 -2.34668e-05
187 3
1 6.42834e-06
2 1.69732e-05
3 -2.44835e-05
188 3
1 6.60549e-06
2 1.75857e-05
3 -2.55271e-05
189 3
1 6.78627e-06
2 1.82041e-05
3 -2.65966e-05
190 3
1 6.97091e-06
2 1.8827e-05
3 -2.76908e-05
191 3
1 7.15919e-06
2 1.94531e-05
3 -2.88087e-05
192 3
1 7.35059e-06
2 2.0082e-05
3 -2.99493e-05
193 3
1 7.54422e-06
2 2.07134e-05
3 -3.11121e-05
194 3
1 7.7388e-06
2 2.13472e-05
3 -3.22969e-05
195 3
1 7.9329e-06
2 2.19838e-05
3 -3.35037e-05
196 3
1 8.12507e-06
2 2.26234e-05
3 -3.47326e-05
197 3
1 8.31388e-06
2 2.32665e-05
3 -3.59838e-05
198 3
1 8.49793e-06
2 2.39137e-05
3 -3.72576e-05
199 3
1 8.67584e-06
2 2.45658e-05
3 -3.85541e-05
200 3
1 8.84631e-06
2 2.52233e-05
3 -3.98738e-05
201 3
1 9.00816e-06
2 2.58868e-05
3 -4.12168e-05
202 3
1 9.16041e-06
2 2.65568e-05
3 -4.25835e-05
203 3
1 9.30224e-06
2 2.72334e-05
3 -4.3974e-05
204 3
1 9.43307e-06
2 2.79169e-05
3 -4.53883e-05
205 3
1 9.55247e-06
2 2.86074e-05
3 -4.68265e-05
206 3
1 9.66023e-06
2 2.93047e-05
3 -4.82884e-05
207 3
1 9.75625e-06
2 3.00087e-05
3 -4.97738e-05
208 3
1 9.84056e-06
2 3.0719e-05
3 -5.12825e-05
209 3
1 9.91321e-06
2 3.14351e-05
3 -5.28143e-05
210 3
1 9.97423e-06
2 3.21566e-05
3 -5.43691e-05
211 3
1 1.00236e-05
2 3.28829e-05
3 -5.59467e-05
212 3
1 1.00611e-05
2 3.36136e-05
3 -5.75472e-05
213 3
1 1.00865e-05
2 3.43484e-05
3 -5.91704e-05
214 3
1 1.00996e-05
2 3.50876e-05
3 -6.08167e-05
215 3
1 1.00998e-05
2 3.58312e-05
3 -6.24862e-05
216 3
1 1.00866e-05
2 3.65797e-05
3 -6.41791e-05
217 3
1 1.00594e-05
2 3.73336e-05
3 -6.58956e-05
218 3
1 1.00178e-05
2 3.80934e-05
3 -6.76355e-05
219 3
1 9.96101e-06
2 3.88593e-05
3 -6.93984e-05
220 3
1 9.88834e-06
2 3.96315e-05
3 -7.11834e-05
221 3
1 9.79875e-06
2 4.04102e-05
3 -7.29893e-05
222 3
1 9.69091e-06
2 4.1195e-05
3 -7.48144e-05
223 3
1 9.56353e-06
2 4.19858e-05
3 -7.66569e-05
224 3
1 9.41578e-06
2 4.27826e-05
3 -7.85149e-05
225 3
1 9.24745e-06
2 4.35859e-05
3 -8.03871e-05
226 3
1 9.05861e-06
2 4.43965e-05
3 -8.22719e-05
227 3
1 8.8491e-06
2 4.52159e-05
3 -8.41677e-05
228 3
1 8.61838e-06
2 4.60459e-05
3 -8.60726e-05
229 3
1 8.36563e-06
2 4.68881e-05
3 -8.79851e-05
230 3
1 8.08988e-06
2 4.77439e-05
3 -8.99045e-05
231 3
1 7.79017e-06
2 4.86137e-05
3 -9.18305e-05
232 3
1 7.4657e-06
2 4.9497e-05
3 -9.37635e-05
233 3
1 7.11602e-06
2 5.03933e-05
3 -9.57041e-05
234 3
1 6.741e-06
2 5.13018e-05
3 -9.76529e-05
235 3
1 6.3407e-06
2 5.22218e-05
3 -9.961e-05
236 3
1 5.91511e-06
2 5.31527e-05
3 -0.000101575
237 3
1 5.46409e-06
2 5.40941e-05
3 -0.000103547
238 3
1 4.98731e-06
2 5.50456e-05
3 -0.000105526
239 3
1 4.4843e-06
2 5.60072e-05
3 -0.00010751
240 3
1 3.95457e-06
2 5.6979e-05
3 -0.000109499
241 3
1 3.39763e-06
2 5.7961e-05
3 -0.00011149
242 3
1 2.81309e-06
2 5.89532e-05
3 -0.000113482
243 3
1 2.20052e-06
2 5.99553e-05
3 -0.000115474
244 3
1 1.5595e-06
2 6.09669e-05
3 -0.000117463
245 3
1 8.89488e-07
2 6.19876e-05
3 -0.000119447
246 3
1 1.89894e-07
2 6.30168e-05
3 -0.000121424
247 3
1 -5.39979e-07
2 6.4054e-05
3 -0.000123392
248 3
1 -1.30095e-06
2 6.50988e-05
3 -0.000125348
249 3
1 -2.09402e-06
2 6.61513e-05
3 -0.000127291
250 3
1 -2.9204e-06
2 6.72115e-05
3 -0.000129217
251 3
1 -3.78162e-06
2 6.82804e-05
3 -0.000131126
252 3
1 -4.67953e-06
2 6.93588e-05
3 -0.000133017
253 3
1 -5.61626e-06
2 7.04481e-05
3 -0.000134887
254 3
1 -6.59408e-06
2 7.15496e-05
3 -0.000136737
255 3
1 -7.61519e-06
2 7.26645e-05
3 -0.000138565
256 3
1 -8.6816e-06
2 7.37941e-05
3 -0.000140369
257 3
1 -9.79509e-06
2 7.49397e-05
3 -0.000142149
258 3
1 -1.09572e-05
2 7.61025e-05
3 -0.000143904
259 3
1 -1.21695e-05
2 7.72842e-05
3 -0.000145634
260 3
1 -1.34334e-05
2 7.84867e-05
3 -0.000147336
261 3
1 -1.47504e-05
2 7.97115e-05
3 -0.000149014
262 3
1 -1.61218e-05
2 8.09601e-05
3 -0.000150666
263 3
1 -1.75491e-05
2 8.22332e-05
3 -0.000152293
264 3
1 -1.90337e-05
2 8.35311e-05
3 -0.000153897
265 3
1 -2.05768e-05
2 8.48536e-05
3 -0.000155477
266 3
1 -2.21796e-05
2 8.61996e-05
3 -0.000157032
267 3
1 -2.3842e-05
2 8.75678e-05
3 -0.00015856
268 3
1 -2.55626e-05
2 8.8956e-05
3 -0.000160059
269 3
1 -2.73391e-05
2 9.03619e-05
3 -0.000161528
270 3
1 -2.91689e-05
2 9.17829e-05
3 -0.000162967
271 3
1 -3.10493e-05
2 9.32167e-05
3 -0.000164375
272 3
1 -3.29782e-05
2 9.46615e-05
3 -0.000165754
273 3
1 -3.49532e-05
2 9.61155e-05
3 -0.000167103
274 3
1 -3.69724e-05
2 9.75775e-05
3 -0.000168423
275 3
1 -3.90338e-05
2 9.90461e-05
3 -0.000169715
276 3
1 -4.11353e-05
2 0.000100521
3 -0.000170979
277 3
1 -4.32753e-05
2 0.000102
3 -0.000172216
278 3
1 -4.54523e-05
2 0.000103484
3 -0.000173425
279 3
1 -4.76651e-05
2 0.000104971
3 -0.000174609
280 3
1 -4.9913e-05
2 0.000106461
3 -0.000175766
281 3
1 -5.21952e-05
2 0.000107953
3 -0.000176896
282 3
1 -5.45112e-05
2 0.000109447
3 -0.000178
283 3
1 -5.68607e-05
2 0.000110941
3 -0.000179076
284 3
1 -5.92434e-05
2 0.000112435
3 -0.000180124
285 3
1 -6.16589e-05
2 0.000113929
3 -0.000181145
286 3
1 -6.41068e-05
2 0.000115422
3 -0.000182138
287 3
1 -6.65867e-05
2 0.000116913
3 -0.000183102
288 3
1 -6.90979e-05
2 0.000118401
3 -0.000184039
289 3
1 -7.16396e-05
2 0.000119886
3 -0.000184946
290 3
1 -7.42111e-05
2 0.000121367
3 -0.000185823
291 3
1 -7.68123e-05
2 0.000122844
3 -0.00018667
292 3
1 -7.94433e-05
2 0.000124317
3 -0.000187486
293 3
1 -8.21052e-05
2 0.000125787
3 -0.000188271
294 3
1 -8.47995e-05
2 0.000127256
3 -0.000189025
295 3
1 -8.75285e-05
2 0.000128722
3 -0.000189747
296 3
1 -9.02944e-05
2 0.000130188
3 -0.000190436
297 3
1 -9.30998e-05
2 0.000131652
3 -0.000191092
298 3
1 -9.59467e-05
2 0.000133115
3 -0.000191712
299 3
1 -9.88363e-05
2 0.000134576
3 -0.000192295
300 3
1 -0.000101768
2 0.000136032
3 -0.000192838
301 3
1 -0.00010474
2 0.000137484
3 -0.000193339
302 3
1 -0.000107749
2 0.000138928
3 -0.000193796
303 3
1 -0.000110791
2 0.000140367
3 -0.000194208
304 3
1 -0.000113861
2 0.000141799
3 -0.000194577
305 3
1 -0.000116955
2 0.000143224
3 -0.000194901
306 3
1 -0.00012007
2 0.000144642
3 -0.000195181
307 3
1 -0.000123203
2 0.00014605
3 -0.00019542
308 3
1 -0.000126349
2 0.000147447
3 -0.00019562
309 3
1 -0.000129507
2 0.000148831
3 -0.000195784
310 3
1 -0.000132674
2 0.0001502
3 -0.000195915
311 3
1 -0.000135845
2 0.000151552
3 -0.000196015
312 3
1 -0.000139019
2 0.000152886
3 -0.000196087
313 3
1 -0.00014219
2 0.000154202
3 -0.000196132
314 3
1 -0.000145357
2 0.000155499
3 -0.000196154
315 3
1 -0.000148516
2 0.000156777
3 -0.000196152
316 3
1 -0.000151667
2 0.000158037
3 -0.000196128
317 3
1 -0.000154806
2 0.000159279
3 -0.000196084
318 3
1 -0.000157933
2 0.000160503
3 -0.00019602
319 3
1 -0.000161047
2 0.000161709
3 -0.000195938
320 3
1 -0.000164148
2 0.000162897
3 -0.000195837
321 3
1 -0.000167234
2 0.000164068
3 -0.000195719
322 3
1 -0.000170306
2 0.000165222
3 -0.000195584
323 3
1 -0.000173363
2 0.000166358
3 -0.000195433
324 3
1 -0.000176405
2 0.000167477
3 -0.000195267
325 3
1 -0.000179431
2 0.00016858
3 -0.000195086
326 3
1 -0.000182441
2 0.000169667
3 -0.000194892
327 3
1 -0.000185435
2 0.000170738
3 -0.000194684
328 3
1 -0.000188411
2 0.000171793
3 -0.000194465
329 3
1 -0.000191371
2 0.000172831
3 -0.000194234
330 3
1 -0.000194314
2 0.000173852
3 -0.000193993
331 3
1 -0.000197238
2 0.000174855
3 -0.000193742
332 3
1 -0.000200143
2 0.000175838
3 -0.000193481
333 3
1 -0.000203028
2 0.0001768
3 -0.00019321
334 3
1 -0.000205891
2 0.000177739
3 -0.00019293
335 3
1 -0.000208731
2 0.000178654
3 -0.000192641
336 3
1 -0.000211546
2 0.000179543
3 -0.000192343
337 3
1 -0.000214335
2 0.000180406
3 -0.000192037
338 3
1 -0.000217096
2 0.000181242
3 -0.000191724
339 3
1 -0.000219827
2 0.00018205
3 -0.000191405
340 3
1 -0.000222523
2 0.000182831
3 -0.00019108
341 3
1 -0.000225183
2 0.000183587
3 -0.000190753
342 3
1 -0.000227801
2 0.000184319
3 -0.000190423
343 3
1 -0.000230376
2 0.000185028
3 -0.000190094
344 3
1 -0.000232903
2 0.000185717
3 -0.000189767
345 3
1 -0.000235381
2 0.000186384
3 -0.000189443
346 3
1 -0.000237807
2 0.000187032
3 -0.000189123
347 3
1 -0.000240178
2 0.000187659
3 -0.000188809
348 3
1 -0.000242491
2 0.000188265
3 -0.000188501
349 3
1 -0.000244745
2 0.000188848
3 -0.0001882
350 3
1 -0.000246937
2 0.000189408
3 -0.000187905
351 3
1 -0.000249064
2 0.000189945
3 -0.000187617
352 3
1 -0.000251124
2 0.000190459
3 -0.000187337
353 3
1 -0.000253115
2 0.00019095
3 -0.000187065
354 3
1 -0.000255035
2 0.000191417
3 -0.000186801
355 3
1 -0.000256881
2 0.000191862
3 -0.000186546
356 3
1 -0.000258652
2 0.000192284
3 -0.000186301
357 3
1 -0.000260346
2 0.000192684
3 -0.000186066
358 3
1 -0.00026196
2 0.000193061
3 -0.000185841
359 3
1 -0.000263494
2 0.000193417
3 -0.000185627
360 3
1 -0.000264946
2 0.000193751
3 -0.000185424
361 3
1 -0.000266314
2 0.000194062
3 -0.000185232
362 3
1 -0.000267597
2 0.000194352
3 -0.000185053
363 3
1 -0.000268793
2 0.000194619
3 -0.000184885
364 3
1 -0.000269902
2 0.000194864
3 -0.00018473
365 3
1 -0.000270921
2 0.000195088
3 -0.000184588
366 3
1 -0.00027185
2 0.00019529
3 -0.000184458
367 3
1 -0.000272688
2 0.00019547
3 -0.000184343
368 3
1 -0.000273432
2 0.000195629
3 -0.000184241
369 3
1 -0.000274084
2 0.000195766
3 -0.000184152
370 3
1 -0.00027464
2 0.000195883
3 -0.000184078
371 3
1 -0.0002751
2 0.000195979
3 -0.000184018
372 3
1 -0.000275463
2 0.000196054
3 -0.000183971
373 3
1 -0.000275728
2 0.000196108
3 -0.000183938
374 3
1 -0.000275893
2 0.000196142
3 -0.000183918
375 3
1 -0.000275958
2 0.000196155
3 -0.000183911
376 3
1 -0.00027592
2 0.000196147
3 -0.000183915
377 3
1 -0.00027578
2 0.000196119
3 -0.000183929
378 3
1 -0.000275535
2 0.000196071
3 -0.000183953
379 3
1 -0.000275186
2 0.000196002
3 -0.000183986
380 3
1 -0.00027473
2 0.000195912
3 -0.000184025
381 3
1 -0.000274168
2 0.000195801
3 -0.00018407
382 3
1 -0.000273499
2 0.000195669
3 -0.000184121
383 3
1 -0.000272721
2 0.000195515
3 -0.000184175
384 3
1 -0.000271836
2 0.00019534
3 -0.000184232
385 3
1 -0.000270842
2 0.000195142
3 -0.000184292
386 3
1 -0.00026974
2 0.000194921
3 -0.000184353
387 3
1 -0.000268528
2 0.000194678
3 -0.000184415
388 3
1 -0.000267207
2 0.000194411
3 -0.000184476
389 3
1 -0.000265776
2 0.000194121
3 -0.000184537
390 3
1 -0.000264235
2 0.000193806
3 -0.000184596
391 3
1 -0.000262583
2 0.000193465
3 -0.000184654
392 3
1 -0.00026082
2 0.000193099
3 -0.000184708
393 3
1 -0.000258945
2 0.000192705
3 -0.000184759
394 3
1 -0.000256959
2 0.000192283
3 -0.000184806
395 3
1 -0.00025486
2 0.000191832
3 -0.000184847
396 3
1 -0.000252649
2 0.000191351
3 -0.000184883
397 3
1 -0.000250325
2 0.000190837
3 -0.000184913
398 3
1 -0.000247888
2 0.000190291
3 -0.000184936
399 3
1 -0.000245337
2 0.00018971
3 -0.000184954
400 3
1 -0.000242672
2 0.000189094
3 -0.000184965
401 3
1 -0.000239895
2 0.000188439
3 -0.000184971
402 3
1 -0.000237004
2 0.000187746
3 -0.000184972
403 3
1 -0.000233999
2 0.000187013
3 -0.000184969
404 3
1 -0.000230882
2 0.000186238
3 -0.000184964
405 3
1 -0.000227653
2 0.00018542
3 -0.000184956
406 3
1 -0.000224313
2 0.000184556
3 -0.000184947
407 3
1 -0.000220862
2 0.000183644
3 -0.000184938
408 3
1 -0.000217302
2 0.00018268
3 -0.00018493
409 3
1 -0.000213635
2 0.000181662
3 -0.000184923
410 3
1 -0.000209864
2 0.000180586
3 -0.000184918
411 3
1 -0.00020599
2 0.000179447
3 -0.000184915
412 3
1 -0.000202016
2 0.000178241
3 -0.000184914
413 3
1 -0.000197941
2 0.000176961
3 -0.000184916
414 3
1 -0.000193767
2 0.000175603
3 -0.000184923
415 3
1 -0.000189495
2 0.000174163
3 -0.000184935
416 3
1 -0.000185127
2 0.000172639
3 -0.000184955
417 3
1 -0.000180664
2 0.000171031
3 -0.000184982
418 3
1 -0.000176109
2 0.000169343
3 -0.000185018
419 3
1 -0.000171461
2 0.000167577
3 -0.000185065
420 3
1 -0.000166721
2 0.000165736
3 -0.000185124
421 3
1 -0.000161886
2 0.000163825
3 -0.000185199
422 3
1 -0.000156956
2 0.000161845
3 -0.000185292
423 3
1 -0.00015193
2 0.000159798
3 -0.000185404
424 3
1 -0.000146805
2 0.000157686
3 -0.000185537
425 3
1 -0.000141581
2 0.00015551
3 -0.000185692
426 3
1 -0.000136257
2 0.000153269
3 -0.000185869
427 3
1 -0.00013083
2 0.000150963
3 -0.000186068
428 3
1 -0.000125301
2 0.000148592
3 -0.00018629
429 3
1 -0.00011967
2 0.000146154
3 -0.000186535
430 3
1 -0.000113937
2 0.000143648
3 -0.000186804
431 3
1 -0.000108103
2 0.000141071
3 -0.000187096
432 3
1 -0.000102169
2 0.000138423
3 -0.000187411
433 3
1 -9.61361e-05
2 0.0001357
3 -0.000187751
434 3
1 -9.00072e-05
2 0.000132901
3 -0.000188114
435 3
1 -8.37842e-05
2 0.000130023
3 -0.000188504
436 3
1 -7.747e-05
2 0.000127065
3 -0.000188919
437 3
1 -7.10678e-05
2 0.000124024
3 -0.000189363
438 3
1 -6.45812e-05
2 0.0001209
3 -0.000189837
439 3
1 -5.80142e-05
2 0.000117692
3 -0.000190345
440 3
1 -5.13708e-05
2 0.000114399
3 -0.000190888
441 3
1 -4.46548e-05
2 0.000111022
3 -0.000191471
442 3
1 -3.78698e-05
2 0.00010756
3 -0.000192097
443 3
1 -3.10184e-05
2 0.000104015
3 -0.000192768
444 3
1 -2.41029e-05
2 0.000100388
3 -0.000193488
445 3
1 -1.71251e-05
2 9.66801e-05
3 -0.000194259
446 3
1 -1.00868e-05
2 9.28939e-05
3 -0.000195085
447 3
1 -2.99017e-06
2 8.90303e-05
3 -0.000195969
448 3
1 4.16309e-06
2 8.50916e-05
3 -0.000196915
449 3
1 1.13723e-05
2 8.10808e-05
3 -0.000197926
450 3
1 1.86375e-05
2 7.70014e-05
3 -0.000199004
451 3
1 2.59587e-05
2 7.28565e-05
3 -0.000200148
452 3
1 3.33359e-05
2 6.86485e-05
3 -0.000201359
453 3
1 4.07695e-05
2 6.43789e-05
3 -0.000202635
454 3
1 4.82609e-05
2 6.00484e-05
3 -0.000203971
455 3
1 5.58121e-05
2 5.56558e-05
3 -0.000205364
456 3
1 6.34246e-05
2 5.11987e-05
3 -0.00020681
457 3
1 7.10981e-05
2 4.66738e-05
3 -0.000208301
458 3
1 7.88312e-05
2 4.20774e-05
3 -0.000209836
459 3
1 8.66226e-05
2 3.74062e-05
3 -0.00021141
460 3
1 9.44707e-05
2 3.2657e-05
3 -0.000213022
461 3
1 0.000102374
2 2.78278e-05
3 -0.000214671
462 3
1 0.000110331
2 2.29173e-05
3 -0.000216356
463 3
1 0.000118338
2 1.79257e-05
3 -0.000218076
464 3
1 0.000126394
2 1.28538e-05
3 -0.000219831
465 3
1 0.000134494
2 7.70397e-06
3 -0.00022162
466 3
1 0.000142635
2 2.47884e-06
3 -0.000223443
467 3
1 0.000150813
2 -2.81843e-06
3 -0.0002253
468 3
1 0.000159023
2 -8.18474e-06
3 -0.000227192
469 3
1 0.000167261
2 -1.3617e-05
3 -0.000229118
470 3
1 0.000175522
2 -1.91124e-05
3 -0.000231081
471 3
1 0.000183801
2 -2.4668e-05
3 -0.000233082
472 3
1 0.000192092
2 -3.02808e-05
3 -0.000235123
473 3
1 0.000200392
2 -3.59482e-05
3 -0.000237207
474 3
1 0.000208695
2 -4.16672e-05
3 -0.000239339
475 3
1 0.000216998
2 -4.74348e-05
3 -0.000241523
476 3
1 0.000225294
2 -5.32474e-05
3 -0.000243765
477 3
1 0.00023358
2 -5.91011e-05
3 -0.00024607
478 3
1 0.000241851
2 -6.49915e-05
3 -0.000248443
479 3
1 0.0002501
2 -7.09148e-05
3 -0.000250889
480 3
1 0.000258322
2 -7.68686e-05
3 -0.000253412
481 3
1 0.000266512
2 -8.28523e-05
3 -0.000256017
482 3
1 0.000274664
2 -8.88667e-05
3 -0.000258704
483 3
1 0.00028277
2 -9.49139e-05
3 -0.000261472
484 3
1 0.000290823
2 -0.000100997
3 -0.000264316
485 3
1 0.000298818
2 -0.000107121
3 -0.000267228
486 3
1 0.000306749
2 -0.000113287
3 -0.0002702
487 3
1 0.00031461
2 -0.000119496
3 -0.000273225
488 3
1 0.000322397
2 -0.000125748
3 -0.000276298
489 3
1 0.000330108
2 -0.000132041
3 -0.000279416
490 3
1 0.00033774
2 -0.000138372
3 -0.000282577
491 3
1 0.000345293
2 -0.000144739
3 -0.000285786
492 3
1 0.000352769
2 -0.000151137
3 -0.000289045
493 3
1 0.000360173
2 -0.000157565
3 -0.000292357
494 3
1 0.000367508
2 -0.00016402
3 -0.000295727
495 3
1 0.000374782
2 -0.000170501
3 -0.000299152
496 3
1 0.000382001
2 -0.000177012
3 -0.00030263
497 3
1 0.000389173
2 -0.000183555
3 -0.000306159
498 3
1 0.000396306
2 -0.000190134
3 -0.00030973
499 3
1 0.000403407
2 -0.000196754
3 -0.000313339
500 3
1 0.00041048
2 -0.000203417
3 -0.000316978
501 3
1 0.000417531
2 -0.000210128
3 -0.000320642
502 3
1 0.000424564
2 -0.000216889
3 -0.000324326
503 3
1 0.000431583
2 -0.000223701
3 -0.000328025
504 3
1 0.00043859
2 -0.000230566
3 -0.000331736
505 3
1 0.00044559
2 -0.000237484
3 -0.000335456
506 3
1 0.000452583
2 -0.000244455
3 -0.000339182
507 3
1 0.000459572
2 -0.000251479
3 -0.000342912
508 3
1 0.000466557
2 -0.000258553
3 -0.000346646
509 3
1 0.000473536
2 -0.000265678
3 -0.000350385
510 3
1 0.000480507
2 -0.000272851
3 -0.00035413
511 3
1 0.000487469
2 -0.00028007
3 -0.000357881
512 3
1 0.00049442
2 -0.000287334
3 -0.000361642
513 3
1 0.000501357
2 -0.000294639
3 -0.000365413
514 3
1 0.000508278
2 -0.000301982
3 -0.000369194
515 3
1 0.000515177
2 -0.000309359
3 -0.000372986
516 3
1 0.000522054
2 -0.000316764
3 -0.000376786
517 3
1 0.000528903
2 -0.000324193
3 -0.00038059
518 3
1 0.000535722
2 -0.000331641
3 -0.000384395
519 3
1 0.000542509
2 -0.000339101
3 -0.000388194
520 3
1 0.000549262
2 -0.000346566
3 -0.000391978
521 3
1 0.000555982
2 -0.000354028
3 -0.000395741
522 3
1 0.000562669
2 -0.000361474
3 -0.000399475
523 3
1 0.000569328
2 -0.000368895
3 -0.000403172
524 3
1 0.000575964
2 -0.000376281
3 -0.00040683
525 3
1 0.000582584
2 -0.000383625
3 -0.000410445
526 3
1 0.000589193
2 -0.000390923
3 -0.000414019
527 3
1 0.000595797
2 -0.000398172
3 -0.000417552
528 3
1 0.0006024
2 -0.000405372
3 -0.000421047
529 3
1 0.000609003
2 -0.00041252
3 -0.000424507
530 3
1 0.000615612
2 -0.000419617
3 -0.000427935
531 3
1 0.000622229
2 -0.000426663
3 -0.00043133
532 3
1 0.000628858
2 -0.000433659
3 -0.000434693
533 3
1 0.000635503
2 -0.00044061
3 -0.000438023
534 3
1 0.000642165
2 -0.000447517
3 -0.000441323
535 3
1 0.000648844
2 -0.000454384
3 -0.000444592
536 3
1 0.000655537
2 -0.000461214
3 -0.000447835
537 3
1 0.000662241
2 -0.000468008
3 -0.000451053
538 3
1 0.000668951
2 -0.000474767
3 -0.00045425
539 3
1 0.000675661
2 -0.00048149
3 -0.00045743
540 3
1 0.000682365
2 -0.000488178
3 -0.000460595
541 3
1 0.00068906
2 -0.000494828
3 -0.000463748
542 3
1 0.000695739
2 -0.000501439
3 -0.000466892
543 3
1 0.000702398
2 -0.000508009
3 -0.000470026
544 3
1 0.000709032
2 -0.000514539
3 -0.000473152
545 3
1 0.000715637
2 -0.000521027
3 -0.000476269
546 3
1 0.000722207
2 -0.000527471
3 -0.000479373
547 3
1 0.00072874
2 -0.00053387
3 -0.000482464
548 3
1 0.000735233
2 -0.000540222
3 -0.000485536
549 3
1 0.000741684
2 -0.000546525
3 -0.000488586
550 3
1 0.000748091
2 -0.000552775
3 -0.00049161
551 3
1 0.000754453
2 -0.00055897
3 -0.000494602
552 3
1 0.000760769
2 -0.000565107
3 -0.000497556
553 3
1 0.000767039
2 -0.000571181
3 -0.000500467
554 3
1 0.000773263
2 -0.00057719
3 -0.000503331
555 3
1 0.000779443
2 -0.000583128
3 -0.000506142
556 3
1 0.000785578
2 -0.000588991
3 -0.000508897
557 3
1 0.00079167
2 -0.000594772
3 -0.000511595
558 3
1 0.000797722
2 -0.000600467
3 -0.000514234
559 3
1 0.000803737
2 -0.000606066
3 -0.000516814
560 3
1 0.000809716
2 -0.000611562
3 -0.000519336
561 3
1 0.000815662
2 -0.000616948
3 -0.000521799
562 3
1 0.000821577
2 -0.000622219
3 -0.000524201
563 3
1 0.00082746
2 -0.000627372
3 -0.00052654
564 3
1 0.000833313
2 -0.000632406
3 -0.000528813
565 3
1 0.000839134
2 -0.000637321
3 -0.000531016
566 3
1 0.000844921
2 -0.00064212
3 -0.000533146
567 3
1 0.000850672
2 -0.000646804
3 -0.000535203
568 3
1 0.00085638
2 -0.000651375
3 -0.00053719
569 3
1 0.000862037
2 -0.000655837
3 -0.000539109
570 3
1 0.000867636
2 -0.00066019
3 -0.000540961
571 3
1 0.000873168
2 -0.000664436
3 -0.000542746
572 3
1 0.000878628
2 -0.000668578
3 -0.000544467
573 3
1 0.000884009
2 -0.000672617
3 -0.000546123
574 3
1 0.000889309
2 -0.000676554
3 -0.000547719
575 3
1 0.000894524
2 -0.000680392
3 -0.000549254
576 3
1 0.00089965
2 -0.000684129
3 -0.000550731
577 3
1 0.000904684
2 -0.000687766
3 -0.000552151
578 3
1 0.000909622
2 -0.000691302
3 -0.000553516
579 3
1 0.00091446
2 -0.000694737
3 -0.000554827
580 3
1 0.000919195
2 -0.000698071
3 -0.000556087
581 3
1 0.000923821
2 -0.000701303
3 -0.000557296
582 3
1 0.000928333
2 -0.000704435
3 -0.000558457
583 3
1 0.000932726
2 -0.000707465
3 -0.000559571
584 3
1 0.000936997
2 -0.000710393
3 -0.000560638
585 3
1 0.00094114
2 -0.000713218
3 -0.000561659
586 3
1 0.000945151
2 -0.000715937
3 -0.000562633
587 3
1 0.000949026
2 -0.000718549
3 -0.00056356
588 3
1 0.000952762
2 -0.000721052
3 -0.000564439
589 3
1 0.000956356
2 -0.000723443
3 -0.00056527
590 3
1 0.000959805
2 -0.000725721
3 -0.000566051
591 3
1 0.000963107
2 -0.000727884
3 -0.000566779
592 3
1 0.00096626
2 -0.000729931
3 -0.000567455
593 3
1 0.000969264
2 -0.000731859
3 -0.000568076
594 3
1 0.000972117
2 -0.000733667
3 -0.000568643
595 3
1 0.000974817
2 -0.000735355
3 -0.000569157
596 3
1 0.000977362
2 -0.000736921
3 -0.000569618
597 3
1 0.00097975
2 -0.000738365
3 -0.000570029
598 3
1 0.000981977
2 -0.000739687
3 -0.00057039
599 3
1 0.00098404
2 -0.000740888
3 -0.000570706
600 3
1 0.000985934
2 -0.000741969
3 -0.000570979
601 3
1 0.000987653
2 -0.00074293
3 -0.000571213
602 3
1 0.000989192
2 -0.000743772
3 -0.000571411
603 3
1 0.000990544
2 -0.000744499
3 -0.000571576
604 3
1 0.000991706
2 -0.00074511
3 -0.00057171
605 3
1 0.000992674
2 -0.00074561
3 -0.000571817
606 3
1 0.000993446
2 -0.000746001
3 -0.000571897
607 3
1 0.00099402
2 -0.000746286
3 -0.000571953
608 3
1 0.000994394
2 -0.000746469
3 -0.000571987
609 3
1 0.000994567
2 -0.000746552
3 -0.000572002
610 3
1 0.000994538
2 -0.000746538
3 -0.000572
611 3
1 0.000994303
2 -0.00074643
3 -0.000571982
612 3
1 0.000993863
2 -0.00074623
3 -0.000571951
613 3
1 0.000993213
2 -0.000745941
3 -0.000571907
614 3
1 0.000992353
2 -0.000745565
3 -0.000571852
615 3
1 0.00099128
2 -0.000745102
3 -0.000571788
616 3
1 0.00098999
2 -0.000744553
3 -0.000571715
617 3
1 0.000988481
2 -0.000743921
3 -0.000571634
618 3
1 0.000986751
2 -0.000743207
3 -0.000571547
619 3
1 0.000984795
2 -0.00074241
3 -0.000571454
620 3
1 0.000982612
2 -0.000741532
3 -0.000571356
621 3
1 0.000980196
2 -0.000740574
3 -0.000571257
622 3
1 0.000977546
2 -0.000739536
3 -0.000571157
623 3
1 0.000974656
2 -0.000738419
3 -0.000571061
624 3
1 0.000971525
2 -0.000737224
3 -0.000570971
625 3
1 0.000968148
2 -0.000735952
3 -0.000570892
626 3
1 0.000964521
2 -0.000734603
3 -0.000570827
627 3
1 0.000960643
2 -0.000733179
3 -0.000570781
628 3
1 0.00095651
2 -0.000731682
3 -0.000570759
629 3
1 0.00095212
2 -0.000730114
3 -0.000570765
630 3
1 0.000947472
2 -0.000728478
3 -0.000570803
631 3
1 0.000942562
2 -0.000726774
3 -0.000570877
632 3
1 0.000937388
2 -0.000725006
3 -0.000570992
633 3
1 0.000931946
2 -0.000723176
3 -0.000571152
634 3
1 0.000926229
2 -0.000721286
3 -0.000571361
635 3
1 0.000920229
2 -0.000719343
3 -0.000571624
636 3
1 0.000913939
2 -0.000717351
3 -0.000571944
637 3
1 0.000907348
2 -0.000715317
3 -0.000572329
638 3
1 0.000900449
2 -0.000713243
3 -0.000572786
639 3
1 0.000893233
2 -0.000711134
3 -0.000573321
640 3
1 0.000885695
2 -0.00070899
3 -0.000573944
641 3
1 0.000877831
2 -0.000706815
3 -0.00057466
642 3
1 0.000869641
2 -0.000704612
3 -0.000575479
643 3
1 0.000861123
2 -0.000702387
3 -0.000576411
644 3
1 0.000852277
2 -0.000700143
3 -0.000577465
645 3
1 0.000843101
2 -0.000697881
3 -0.00057865
646 3
1 0.000833594
2 -0.000695601
3 -0.000579973
647 3
1 0.000823753
2 -0.0006933
3 -0.000581441
648 3
1 0.000813578
2 -0.000690972
3 -0.000583057
649 3
1 0.000803065
2 -0.000688614
3 -0.000584824
650 3
1 0.000792212
2 -0.000686219
3 -0.000586747
651 3
1 0.000781017
2 -0.000683783
3 -0.000588826
652 3
1 0.000769477
2 -0.000681299
3 -0.000591065
653 3
1 0.00075759
2 -0.000678762
3 -0.000593468
654 3
1 0.000745353
2 -0.000676166
3 -0.000596038
655 3
1 0.000732762
2 -0.000673506
3 -0.000598778
656 3
1 0.000719817
2 -0.00067078
3 -0.000601692
657 3
1 0.000706516
2 -0.000667985
3 -0.000604782
658 3
1 0.000692857
2 -0.00066512
3 -0.000608049
659 3
1 0.000678841
2 -0.000662184
3 -0.000611496
660 3
1 0.000664465
2 -0.000659179
3 -0.000615125
661 3
1 0.000649731
2 -0.000656108
3 -0.000618942
662 3
1 0.000634638
2 -0.000652973
3 -0.000622952
663 3
1 0.000619185
2 -0.00064978
3 -0.000627162
664 3
1 0.000603371
2 -0.000646534
3 -0.000631583
665 3
1 0.000587194
2 -0.000643242
3 -0.000636227
666 3
1 0.000570654
2 -0.000639909
3 -0.000641107
667 3
1 0.000553746
2 -0.000636543
3 -0.000646241
668 3
1 0.000536472
2 -0.000633146
3 -0.000651646
669 3
1 0.000518833
2 -0.000629725
3 -0.000657341
670 3
1 0.000500833
2 -0.000626279
3 -0.000663349
671 3
1 0.000482481
2 -0.000622809
3 -0.000669688
672 3
1 0.000463788
2 -0.000619311
3 -0.000676382
673 3
1 0.00044477
2 -0.000615779
3 -0.000683452
674 3
1 0.000425446
2 -0.000612204
3 -0.000690923
675 3
1 0.000405839
2 -0.000608576
3 -0.000698813
676 3
1 0.00038597
2 -0.000604889
3 -0.000707133
677 3
1 0.000365852
2 -0.00060114
3 -0.000715889
678 3
1 0.000345493
2 -0.000597327
3 -0.000725084
679 3
1 0.000324893
2 -0.000593447
3 -0.00073472
680 3
1 0.00030405
2 -0.000589503
3 -0.000744799
681 3
1 0.000282961
2 -0.0005855
3 -0.000755323
682 3
1 0.000261624
2 -0.000581453
3 -0.000766295
683 3
1 0.000240041
2 -0.000577377
3 -0.000777711
684 3
1 0.000218216
2 -0.000573288
3 -0.000789565
685 3
1 0.000196155
2 -0.000569197
3 -0.00080185
686 3
1 0.000173866
2 -0.000565115
3 -0.000814557
687 3
1 0.000151356
2 -0.000561046
3 -0.00082768
688 3
1 0.000128629
2 -0.000556995
3 -0.000841214
689 3
1 0.000105691
2 -0.000552963
3 -0.000855154
690 3
1 8.25435e-05
2 -0.000548951
3 -0.000869499
691 3
1 5.91882e-05
2 -0.000544961
3 -0.000884246
692 3
1 3.56254e-05
2 -0.000540994
3 -0.000899394
693 3
1 1.18544e-05
2 -0.000537051
3 -0.000914941
694 3
1 -1.21267e-05
2 -0.000533135
3 -0.000930885
695 3
1 -3.6321e-05
2 -0.000529247
3 -0.000947227
696 3
1 -6.07321e-05
2 -0.000525389
3 -0.000963968
697 3
1 -8.53645e-05
2 -0.000521567
3 -0.000981113
698 3
1 -0.000110222
2 -0.000517786
3 -0.000998666
699 3
1 -0.00013531
2 -0.000514052
3 -0.00101664
700 3
1 -0.000160631
2 -0.000510371
3 -0.00103503
701 3
1 -0.000186187
2 -0.00050675
3 -0.00105386
702 3
1 -0.000211978
2 -0.000503192
3 -0.00107313
703 3
1 -0.000237999
2 -0.000499701
3 -0.00109285
704 3
1 -0.000264243
2 -0.000496279
3 -0.001113
705 3
1 -0.000290694
2 -0.000492927
3 -0.0011336
706 3
1 -0.000317339
2 -0.000489642
3 -0.00115461
707 3
1 -0.00034416
2 -0.000486421
3 -0.00117603
708 3
1 -0.000371146
2 -0.000483262
3 -0.00119785
709 3
1 -0.000398288
2 -0.000480163
3 -0.00122004
710 3
1 -0.000425579
2 -0.000477129
3 -0.00124259
711 3
1 -0.000453019
2 -0.000474167
3 -0.0012655
712 3
1 -0.000480607
2 -0.000471286
3 -0.00128878
713 3
1 -0.000508344
2 -0.0004685
3 -0.00131243
714 3
1 -0.000536229
2 -0.000465822
3 -0.00133645
715 3
1 -0.000564255
2 -0.000463278
3 -0.00136083
716 3
1 -0.000592411
2 -0.000460895
3 -0.00138556
717 3
1 -0.000620682
2 -0.000458701
3 -0.00141062
718 3
1 -0.000649049
2 -0.000456717
3 -0.00143602
719 3
1 -0.000677492
2 -0.000454957
3 -0.00146172
720 3
1 -0.000705994
2 -0.00045343
3 -0.00148773
721 3
1 -0.000734548
2 -0.000452141
3 -0.00151403
722 3
1 -0.000763153
2 -0.00045109
3 -0.0015406
723 3
1 -0.000791815
2 -0.000450274
3 -0.00156745
724 3
1 -0.000820539
2 -0.000449685
3 -0.00159456
725 3
1 -0.000849334
2 -0.000449317
3 -0.00162193
726 3
1 -0.000878203
2 -0.000449161
3 -0.00164954
727 3
1 -0.000907151
2 -0.000449211
3 -0.00167739
728 3
1 -0.000936181
2 -0.000449464
3 -0.00170545
729 3
1 -0.000965295
2 -0.000449915
3 -0.00173373
730 3
1 -0.000994497
2 -0.000450562
3 -0.00176221
731 3
1 -0.00102379
2 -0.000451406
3 -0.00179087
732 3
1 -0.00105316
2 -0.000452445
3 -0.0018197
733 3
1 -0.00108262
2 -0.00045368
3 -0.00184871
734 3
1 -0.00111216
2 -0.000455111
3 -0.00187788
735 3
1 -0.00114178
2 -0.000456736
3 -0.00190721
736 3
1 -0.00117147
2 -0.000458551
3 -0.00193669
737 3
1 -0.00120122
2 -0.000460553
3 -0.00196634
738 3
1 -0.00123102
2 -0.000462738
3 -0.00199615
739 3
1 -0.00126088
2 -0.000465098
3 -0.00202612
740 3
1 -0.00129077
2 -0.000467628
3 -0.00205627
741 3
1 -0.00132071
2 -0.00047032
3 -0.00208659
742 3
1 -0.00135068
2 -0.000473167
3 -0.00211709
743 3
1 -0.00138066
2 -0.000476163
3 -0.00214777
744 3
1 -0.00141066
2 -0.000479302
3 -0.00217862
745 3
1 -0.00144064
2 -0.000482582
3 -0.00220965
746 3
1 -0.0014706
2 -0.000486003
3 -0.00224083
747 3
1 -0.00150051
2 -0.000489561
3 -0.00227214
748 3
1 -0.00153037
2 -0.000493244
3 -0.00230357
749 3
1 -0.00156016
2 -0.000497031
3 -0.00233508
750 3
1 -0.00158989
2 -0.000500896
3 -0.00236666
751 3
1 -0.00161956
2 -0.000504809
3 -0.00239827
752 3
1 -0.00164917
2 -0.000508753
3 -0.00242989
753 3
1 -0.00167871
2 -0.000512725
3 -0.0024615
754 3
1 -0.00170815
2 -0.000516728
3 -0.00249309
755 3
1 -0.00173746
2 -0.000520767
3 -0.00252464
756 3
1 -0.00176661
2 -0.000524845
3 -0.00255615
757 3
1 -0.00179555
2 -0.000528957
3 -0.00258759
758 3
1 -0.00182425
2 -0.000533101
3 -0.00261894
759 3
1 -0.0018527
2 -0.000537273
3 -0.00265018
760 3
1 -0.0018809
2 -0.000541469
3 -0.00268129
761 3
1 -0.00190884
2 -0.000545686
3 -0.00271225
762 3
1 -0.00193654
2 -0.000549921
3 -0.00274305
763 3
1 -0.00196399
2 -0.000554172
3 -0.00277367
764 3
1 -0.00199121
2 -0.000558437
3 -0.00280412
765 3
1 -0.00201819
2 -0.000562712
3 -0.00283436
766 3
1 -0.00204494
2 -0.000566994
3 -0.0028644
767 3
1 -0.00207148
2 -0.000571279
3 -0.00289423
768 3
1 -0.00209781
2 -0.000575564
3 -0.00292383
769 3
1 -0.00212395
2 -0.000579843
3 -0.0029532
770 3
1 -0.00214991
2 -0.000584113
3 -0.00298234
771 3
1 -0.00217571
2 -0.000588369
3 -0.00301125
772 3
1 -0.00220136
2 -0.000592606
3 -0.00303993
773 3
1 -0.00222687
2 -0.000596819
3 -0.00306838
774 3
1 -0.00225225
2 -0.000601002
3 -0.0030966
775 3
1 -0.0022775
2 -0.000605151
3 -0.00312459
776 3
1 -0.00230264
2 -0.000609262
3 -0.00315235
777 3
1 -0.00232766
2 -0.000613333
3 -0.00317989
778 3
1 -0.00235254
2 -0.000617361
3 -0.00320721
779 3
1 -0.0023773
2 -0.000621348
3 -0.0032343
780 3
1 -0.0024019
2 -0.000625295
3 -0.00326117
781 3
1 -0.00242635
2 -0.000629199
3 -0.00328782
782 3
1 -0.00245063
2 -0.00063306
3 -0.00331424
783 3
1 -0.00247473
2 -0.000636871
3 -0.00334046
784 3
1 -0.00249864
2 -0.000640622
3 -0.00336646
785 3
1 -0.00252233
2 -0.000644301
3 -0.00339226
786 3
1 -0.00254579
2 -0.000647892
3 -0.00341785
787 3
1 -0.00256901
2 -0.000651376
3 -0.00344323
788 3
1 -0.00259197
2 -0.000654738
3 -0.00346838
789 3
1 -0.00261466
2 -0.000657967
3 -0.0034933
790 3
1 -0.00263709
2 -0.00066106
3 -0.00351798
791 3
1 -0.00265925
2 -0.000664018
3 -0.00354241
792 3
1 -0.00268112
2 -0.000666842
3 -0.00356657
793 3
1 -0.00270271
2 -0.000669536
3 -0.00359044
794 3
1 -0.00272398
2 -0.000672105
3 -0.00361402
795 3
1 -0.00274492
2 -0.000674554
3 -0.00363728
796 3
1 -0.00276553
2 -0.00067689
3 -0.00366022
797 3
1 -0.00278579
2 -0.000679118
3 -0.0036828
798 3
1 -0.0028057
2 -0.00068124
3 -0.00370503
799 3
1 -0.00282528
2 -0.000683258
3 -0.00372688
800 3
1 -0.00284451
2 -0.000685174
3 -0.00374835
801 3
1 -0.00286341
2 -0.000686993
3 -0.00376944
802 3
1 -0.00288197
2 -0.000688717
3 -0.00379012
803 3
1 -0.00290019
2 -0.000690351
3 -0.00381039
804 3
1 -0.00291806
2 -0.000691899
3 -0.00383025
805 3
1 -0.00293559
2 -0.000693367
3 -0.00384968
806 3
1 -0.00295277
2 -0.00069476
3 -0.00386867
807 3
1 -0.00296959
2 -0.000696082
3 -0.00388721
808 3
1 -0.00298604
2 -0.000697338
3 -0.0039053
809 3
1 -0.00300212
2 -0.000698531
3 -0.00392292
810 3
1 -0.00301781
2 -0.000699664
3 -0.00394006
811 3
1 -0.0030331
2 -0.000700738
3 -0.00395671
812 3
1 -0.00304798
2 -0.000701755
3 -0.00397286
813 3
1 -0.00306244
2 -0.000702715
3 -0.00398849
814 3
1 -0.00307646
2 -0.00070362
3 -0.00400361
815 3
1 -0.00309003
2 -0.000704469
3 -0.00401819
816 3
1 -0.00310313
2 -0.000705262
3 -0.00403224
817 3
1 -0.00311576
2 -0.000705997
3 -0.00404574
818 3
1 -0.0031279
2 -0.000706672
3 -0.00405869
819 3
1 -0.00313953
2 -0.000707285
3 -0.0040711
820 3
1 -0.00315067
2 -0.000707833
3 -0.00408295
821 3
1 -0.00316128
2 -0.000708313
3 -0.00409424
822 3
1 -0.00317138
2 -0.000708724
3 -0.00410497
823 3
1 -0.00318094
2 -0.000709064
3 -0.00411513
824 3
1 -0.00318996
2 -0.000709334
3 -0.00412469
825 3
1 -0.00319843
2 -0.000709536
3 -0.00413366
826 3
1 -0.00320634
2 -0.000709677
3 -0.00414202
827 3
1 -0.00321368
2 -0.000709766
3 -0.00414976
828 3
1 -0.00322045
2 -0.000709811
3 -0.00415688
829 3
1 -0.00322664
2 -0.00070982
3 -0.00416337
830 3
1 -0.00323223
2 -0.000709802
3 -0.00416923
831 3
1 -0.00323721
2 -0.000709762
3 -0.00417445
832 3
1 -0.00324158
2 -0.000709708
3 -0.00417903
833 3
1 -0.00324533
2 -0.000709644
3 -0.00418296
834 3
1 -0.00324845
2 -0.000709577
3 -0.00418625
835 3
1 -0.00325093
2 -0.000709513
3 -0.00418887
836 3
1 -0.00325279
2 -0.000709456
3 -0.00419084
837 3
1 -0.00325401
2 -0.000709414
3 -0.00419213
838 3
1 -0.00325459
2 -0.000709392
3 -0.00419276
839 3
1 -0.00325454
2 -0.000709394
3 -0.0041927
840 3
1 -0.00325386
2 -0.000709425
3 -0.00419197
841 3
1 -0.00325253
2 -0.000709488
3 -0.00419054
842 3
1 -0.00325057
2 -0.000709583
3 -0.00418843
843 3
1 -0.00324797
2 -0.000709713
3 -0.00418562
844 3
1 -0.00324473
2 -0.000709877
3 -0.0041821
845 3
1 -0.00324083
2 -0.000710072
3 -0.00417789
846 3
1 -0.00323629
2 -0.000710296
3 -0.00417297
847 3
1 -0.0032311
2 -0.000710545
3 -0.00416735
848 3
1 -0.00322525
2 -0.000710814
3 -0.00416101
849 3
1 -0.00321874
2 -0.000711096
3 -0.00415396
850 3
1 -0.00321157
2 -0.000711384
3 -0.00414619
851 3
1 -0.00320374
2 -0.000711671
3 -0.00413771
852 3
1 -0.00319525
2 -0.000711951
3 -0.00412851
853 3
1 -0.0031861
2 -0.00071222
3 -0.0041186
854 3
1 -0.0031763
2 -0.000712474
3 -0.00410799
855 3
1 -0.00316585
2 -0.000712713
3 -0.00409667
856 3
1 -0.00315475
2 -0.000712937
3 -0.00408466
857 3
1 -0.00314301
2 -0.000713143
3 -0.00407196
858 3
1 -0.00313064
2 -0.000713326
3 -0.00405859
859 3
1 -0.00311764
2 -0.000713481
3 -0.00404457
860 3
1 -0.00310403
2 -0.0007136
3 -0.00402989
861 3
1 -0.0030898
2 -0.000713673
3 -0.00401458
862 3
1 -0.00307499
2 -0.000713693
3 -0.00399866
863 3
1 -0.00305959
2 -0.00071365
3 -0.00398215
864 3
1 -0.00304361
2 -0.000713525
3 -0.00396508
865 3
1 -0.00302704
2 -0.000713297
3 -0.0039475
866 3
1 -0.00300989
2 -0.000712943
3 -0.00392942
867 3
1 -0.00299216
2 -0.000712441
3 -0.00391089
868 3
1 -0.00297383
2 -0.000711771
3 -0.00389192
869 3
1 -0.00295491
2 -0.000710916
3 -0.00387253
870 3
1 -0.0029354
2 -0.00070986
3 -0.00385272
871 3
1 -0.00291531
2 -0.000708586
3 -0.00383251
872 3
1 -0.00289465
2 -0.000707079
3 -0.00381189
873 3
1 -0.00287344
2 -0.000705326
3 -0.00379087
874 3
1 -0.00285167
2 -0.000703321
3 -0.00376946
875 3
1 -0.00282934
2 -0.000701062
3 -0.00374767
876 3
1 -0.00280646
2 -0.00069855
3 -0.00372551
877 3
1 -0.00278299
2 -0.000695791
3 -0.00370299
878 3
1 -0.00275894
2 -0.000692796
3 -0.00368011
879 3
1 -0.00273429
2 -0.000689573
3 -0.00365688
880 3
1 -0.00270903
2 -0.000686132
3 -0.00363331
881 3
1 -0.00268316
2 -0.000682482
3 -0.00360939
882 3
1 -0.00265667
2 -0.000678629
3 -0.00358513
883 3
1 -0.00262956
2 -0.000674575
3 -0.00356055
884 3
1 -0.00260185
2 -0.000670317
3 -0.00353564
885 3
1 -0.00257352
2 -0.000665851
3 -0.00351043
886 3
1 -0.00254461
2 -0.000661165
3 -0.00348493
887 3
1 -0.00251511
2 -0.000656251
3 -0.00345916
888 3
1 -0.00248504
2 -0.000651094
3 -0.00343316
889 3
1 -0.00245441
2 -0.000645683
3 -0.00340696
890 3
1 -0.00242326
2 -0.000640005
3 -0.00338059
891 3
1 -0.00239159
2 -0.000634051
3 -0.0033541
892 3
1 -0.00235943
2 -0.000627815
3 -0.00332752
893 3
1 -0.0023268
2 -0.000621295
3 -0.00330092
894 3
1 -0.00229371
2 -0.000614494
3 -0.00327434
895 3
1 -0.00226017
2 -0.000607413
3 -0.00324786
896 3
1 -0.00222618
2 -0.000600049
3 -0.00322154
897 3
1 -0.00219173
2 -0.00059239
3 -0.00319547
898 3
1 -0.0021568
2 -0.000584416
3 -0.00316973
899 3
1 -0.00212137
2 -0.000576099
3 -0.00314442
900 3
1 -0.00208544
2 -0.000567404
3 -0.00311964
901 3
1 -0.00204897
2 -0.000558295
3 -0.00309547
902 3
1 -0.00201197
2 -0.00054874
3 -0.003072
903 3
1 -0.00197443
2 -0.00053872
3 -0.00304927
904 3
1 -0.00193639
2 -0.000528224
3 -0.0030273
905 3
1 -0.00189786
2 -0.000517246
3 -0.0030061
906 3
1 -0.00185891
2 -0.000505784
3 -0.00298563
907 3
1 -0.00181957
2 -0.000493834
3 -0.00296588
908 3
1 -0.0017799
2 -0.000481395
3 -0.0029468
909 3
1 -0.00173994
2 -0.000468464
3 -0.00292838
910 3
1 -0.00169975
2 -0.000455039
3 -0.00291057
911 3
1 -0.00165935
2 -0.000441121
3 -0.00289331
912 3
1 -0.00161876
2 -0.000426708
3 -0.00287654
913 3
1 -0.00157801
2 -0.000411794
3 -0.00286022
914 3
1 -0.00153711
2 -0.000396369
3 -0.00284428
915 3
1 -0.0014961
2 -0.000380417
3 -0.00282868
916 3
1 -0.00145498
2 -0.000363924
3 -0.00281339
917 3
1 -0.00141377
2 -0.000346873
3 -0.00279838
918 3
1 -0.00137251
2 -0.000329256
3 -0.00278363
919 3
1 -0.00133121
2 -0.000311063
3 -0.00276914
920 3
1 -0.00128992
2 -0.000292286
3 -0.0027549
921 3
1 -0.00124866
2 -0.00027292
3 -0.0027409
922 3
1 -0.00120748
2 -0.00025296
3 -0.00272717
923 3
1 -0.00116641
2 -0.000232405
3 -0.00271369
924 3
1 -0.00112549
2 -0.000211254
3 -0.00270048
925 3
1 -0.00108475
2 -0.000189509
3 -0.00268753
926 3
1 -0.00104424
2 -0.000167174
3 -0.00267486
927 3
1 -0.00100399
2 -0.000144253
3 -0.00266248
928 3
1 -0.000964047
2 -0.000120751
3 -0.00265041
929 3
1 -0.000924448
2 -9.66734e-05
3 -0.00263868
930 3
1 -0.000885246
2 -7.2023e-05
3 -0.00262731
931 3
1 -0.000846502
2 -4.67988e-05
3 -0.00261635
932 3
1 -0.000808282
2 -2.09911e-05
3 -0.00260585
933 3
1 -0.000770652
2 5.41912e-06
3 -0.00259586
934 3
1 -0.000733679
2 3.24553e-05
3 -0.00258647
935 3
1 -0.000697419
2 6.0141e-05
3 -0.00257776
936 3
1 -0.000661913
2 8.85004e-05
3 -0.00256978
937 3
1 -0.000627176
2 0.000117563
3 -0.00256257
938 3
1 -0.000593213
2 0.000147358
3 -0.00255614
939 3
1 -0.000560026
2 0.000177902
3 -0.0025505
940 3
1 -0.000527604
2 0.000209187
3 -0.00254563
941 3
1 -0.000495924
2 0.000241183
3 -0.0025415
942 3
1 -0.000464949
2 0.000273846
3 -0.00253812
943 3
1 -0.000434644
2 0.000307134
3 -0.00253547
944 3
1 -0.000404976
2 0.000340998
3 -0.00253357
945 3
1 -0.000375911
2 0.00037539
3 -0.00253242
946 3
1 -0.000347414
2 0.000410262
3 -0.00253201
947 3
1 -0.000319458
2 0.000445565
3 -0.00253232
948 3
1 -0.000292026
2 0.00048125
3 -0.0025333
949 3
1 -0.000265109
2 0.000517262
3 -0.00253492
950 3
1 -0.000238707
2 0.000553545
3 -0.00253713
951 3
1 -0.000212817
2 0.00059004
3 -0.0025399
952 3
1 -0.000187436
2 0.000626688
3 -0.00254321
953 3
1 -0.000162565
2 0.000663427
3 -0.00254703
954 3
1 -0.000138205
2 0.0007002
3 -0.00255134
955 3
1 -0.000114362
2 0.000736953
3 -0.00255613
956 3
1 -9.10459e-05
2 0.000773639
3 -0.00256137
957 3
1 -6.82674e-05
2 0.000810217
3 -0.00256707
958 3
1 -4.60398e-05
2 0.000846654
3 -0.0025732
959 3
1 -2.43768e-05
2 0.000882922
3 -0.00257976
960 3
1 -3.29103e-06
2 0.000918997
3 -0.00258672
961 3
1 1.72063e-05
2 0.000954867
3 -0.00259408
962 3
1 3.7106e-05
2 0.000990523
3 -0.0026018
963 3
1 5.64008e-05
2 0.00102597
3 -0.00260986
964 3
1 7.50838e-05
2 0.00106121
3 -0.00261823
965 3
1 9.31471e-05
2 0.00109627
3 -0.00262689
966 3
1 0.00011058
2 0.00113115
3 -0.00263579
967 3
1 0.000127371
2 0.00116585
3 -0.00264491
968 3
1 0.000143502
2 0.00120037
3 -0.0026542
969 3
1 0.000158962
2 0.00123468
3 -0.00266361
970 3
1 0.000173738
2 0.00126872
3 -0.0026731
971 3
1 0.000187821
2 0.00130247
3 -0.00268263
972 3
1 0.0002012
2 0.00133586
3 -0.00269215
973 3
1 0.000213859
2 0.00136887
3 -0.00270166
974 3
1 0.00022579
2 0.00140148
3 -0.00271112
975 3
1 0.000236992
2 0.00143365
3 -0.00272054
976 3
1 0.000247478
2 0.00146535
3 -0.00272991
977 3
1 0.000257279
2 0.00149658
3 -0.00273922
978 3
1 0.000266441
2 0.00152732
3 -0.0027485
979 3
1 0.000275023
2 0.00155756
3 -0.00275776
980 3
1 0.000283088
2 0.00158727
3 -0.00276704
981 3
1 0.0002907
2 0.00161644
3 -0.00277638
982 3
1 0.000297918
2 0.00164506
3 -0.00278582
983 3
1 0.000304798
2 0.00167309
3 -0.00279536
984 3
1 0.00031139
2 0.00170055
3 -0.00280501
985 3
1 0.000317747
2 0.00172742
3 -0.00281474
986 3
1 0.000323914
2 0.00175374
3 -0.00282453
987 3
1 0.000329926
2 0.0017795
3 -0.00283435
988 3
1 0.000335811
2 0.00180472
3 -0.00284417
989 3
1 0.000341586
2 0.00182944
3 -0.00285394
990 3
1 0.000347264
2 0.00185366
3 -0.00286363
991 3
1 0.000352854
2 0.00187743
3 -0.0028732
992 3
1 0.000358361
2 0.00190077
3 -0.00288259
993 3
1 0.000363784
2 0.00192373
3 -0.00289179
994 3
1 0.000369122
2 0.00194632
3 -0.00290075
995 3
1 0.000374372
2 0.00196856
3 -0.00290944
996 3
1 0.000379534
2 0.00199045
3 -0.00291785
997 3
1 0.000384606
2 0.00201201
3 -0.00292596
998 3
1 0.000389593
2 0.00203321
3 -0.00293375
999 3
1 0.000394501
2 0.00205406
3 -0.00294121
1000 3
1 0.000399341
2 0.00207455
3 -0.00294834
1001 3
1 0.000404129
2 0.00209466
3 -0.00295513
1002 3
1 0.000408883
2 0.0021144
3 -0.00296159
1003 3
1 0.00041363
2 0.00213376
3 -0.00296771
1004 3
1 0.000418395
2 0.00215276
3 -0.00297349
1005 3
1 0.000423212
2 0.00217142
3 -0.00297892
1006 3
1 0.000428119
2 0.00218974
3 -0.00298399
1007 3
1 0.000433159
2 0.00220775
3 -0.00298868
1008 3
1 0.000438383
2 0.00222546
3 -0.00299299
1009 3
1 0.000443839
2 0.0022429
3 -0.00299691
1010 3
1 0.000449568
2 0.00226008
3 -0.00300044
1011 3
1 0.000455599
2 0.00227701
3 -0.00300359
1012 3
1 0.000461945
2 0.00229372
3 -0.00300639
1013 3
1 0.000468609
2 0.00231022
3 -0.00300887
1014 3
1 0.000475583
2 0.00232654
3 -0.00301108
1015 3
1 0.000482865
2 0.00234271
3 -0.00301305
1016 3
1 0.000490466
2 0.00235875
3 -0.00301481
1017 3
1 0.000498404
2 0.00237467
3 -0.00301639
1018 3
1 0.000506692
2 0.00239048
3 -0.00301781
1019 3
1 0.000515323
2 0.00240615
3 -0.00301908
1020 3
1 0.000524272
2 0.0024217
3 -0.00302022
1021 3
1 0.000533495
2 0.00243709
3 -0.00302124
1022 3
1 0.00054294
2 0.00245234
3 -0.00302215
1023 3
1 0.000552547
2 0.00246744
3 -0.00302295
1024 3
1 0.000562252
2 0.00248237
3 -0.00302364
1025 3
1 0.000571994
2 0.00249713
3 -0.00302424
1026 3
1 0.000581714
2 0.0025117
3 -0.00302476
1027 3
1 0.000591365
2 0.00252605
3 -0.0030252
1028 3
1 0.000600908
2 0.00254015
3 -0.00302559
1029 3
1 0.000610311
2 0.00255398
3 -0.00302593
1030 3
1 0.000619551
2 0.00256751
3 -0.00302623
1031 3
1 0.000628603
2 0.00258072
3 -0.00302649
1032 3
1 0.000637449
2 0.00259357
3 -0.00302672
1033 3
1 0.000646067
2 0.00260606
3 -0.00302691
1034 3
1 0.00065444
2 0.00261816
3 -0.00302706
1035 3
1 0.00066255
2 0.00262985
3 -0.00302717
1036 3
1 0.000670381
2 0.00264113
3 -0.00302722
1037 3
1 0.00067792
2 0.00265197
3 -0.0030272
1038 3
1 0.000685152
2 0.00266236
3 -0.00302712
1039 3
1 0.000692067
2 0.00267229
3 -0.00302695
1040 3
1 0.000698656
2 0.00268175
3 -0.0030267
1041 3
1 0.000704909
2 0.00269071
3 -0.00302636
1042 3
1 0.000710819
2 0.00269917
3 -0.00302593
1043 3
1 0.000716376
2 0.00270711
3 -0.00302541
1044 3
1 0.00072157
2 0.00271452
3 -0.00302481
1045 3
1 0.000726388
2 0.00272138
3 -0.00302414
1046 3
1 0.000730817
2 0.00272766
3 -0.00302341
1047 3
1 0.00073484
2 0.00273335
3 -0.00302264
1048 3
1 0.000738438
2 0.00273843
3 -0.00302185
1049 3
1 0.000741589
2 0.00274287
3 -0.00302107
1050 3
1 0.000744268
2 0.00274665
3 -0.00302033
1051 3
1 0.000746445
2 0.00274972
3 -0.00301968
1052 3
1 0.000748087
2 0.00275203
3 -0.00301914
1053 3
1 0.000749156
2 0.00275355
3 -0.00301877
1054 3
1 0.000749614
2 0.0027542
3 -0.0030186
1055 3
1 0.000749425
2 0.00275393
3 -0.00301867
1056 3
1 0.000748552
2 0.00275267
3 -0.00301903
1057 3
1 0.000746957
2 0.00275037
3 -0.0030197
1058 3
1 0.000744606
2 0.00274695
3 -0.00302071
1059 3
1 0.000741464
2 0.00274237
3 -0.00302209
1060 3
1 0.000737502
2 0.00273657
3 -0.00302385
1061 3
1 0.000732691
2 0.00272951
3 -0.00302603
1062 3
1 0.000727007
2 0.00272112
3 -0.00302862
1063 3
1 0.000720426
2 0.00271138
3 -0.00303165
1064 3
1 0.000712929
2 0.00270025
3 -0.00303513
1065 3
1 0.000704496
2 0.00268768
3 -0.00303907
1066 3
1 0.000695112
2 0.00267365
3 -0.00304348
1067 3
1 0.000684764
2 0.00265813
3 -0.00304838
1068 3
1 0.000673437
2 0.00264107
3 -0.00305378
1069 3
1 0.000661116
2 0.00262246
3 -0.00305969
1070 3
1 0.000647785
2 0.00260226
3 -0.00306612
1071 3
1 0.000633426
2 0.00258044
3 -0.00307307
1072 3
1 0.000618021
2 0.00255697
3 -0.00308057
1073 3
1 0.000601549
2 0.00253179
3 -0.00308861
1074 3
1 0.000583987
2 0.00250487
3 -0.00309721
1075 3
1 0.000565314
2 0.00247617
3 -0.00310638
1076 3
1 0.000545506
2 0.00244563
3 -0.00311613
1077 3
1 0.000524542
2 0.00241318
3 -0.00312647
1078 3
1 0.0005024
2 0.00237875
3 -0.00313743
1079 3
1 0.000479059
2 0.00234228
3 -0.003149
1080 3
1 0.000454501
2 0.00230368
3 -0.00316122
1081 3
1 0.000428705
2 0.00226286
3 -0.00317407
1082 3
1 0.000401655
2 0.00221976
3 -0.00318756
1083 3
1 0.000373333
2 0.00217428
3 -0.00320169
1084 3
1 0.000343724
2 0.00212637
3 -0.00321644
1085 3
1 0.000312821
2 0.00207595
3 -0.00323181
1086 3
1 0.000280626
2 0.00202293
3 -0.00324779
1087 3
1 0.00024715
2 0.00196726
3 -0.00326438
1088 3
1 0.000212418
2 0.00190885
3 -0.00328158
1089 3
1 0.000176461
2 0.00184763
3 -0.00329939
1090 3
1 0.000139315
2 0.00178353
3 -0.00331783
1091 3
1 0.000101019
2 0.00171647
3 -0.00333688
1092 3
1 6.16112e-05
2 0.00164641
3 -0.00335656
1093 3
1 2.11229e-05
2 0.00157331
3 -0.00337683
1094 3
1 -2.04208e-05
2 0.00149717
3 -0.00339768
1095 3
1 -6.30013e-05
2 0.001418
3 -0.00341908
1096 3
1 -0.000106607
2 0.00133581
3 -0.00344099
1097 3
1 -0.000151236
2 0.00125063
3 -0.00346338
1098 3
1 -0.000196894
2 0.00116247
3 -0.00348622
1099 3
1 -0.000243595
2 0.00107133
3 -0.0035095
1100 3
1 -0.000291357
2 0.00097722
3 -0.00353319
1101 3
1 -0.000340205
2 0.000880115
3 -0.0035573
1102 3
1 -0.000390163
2 0.000779998
3 -0.0035818
1103 3
1 -0.000441254
2 0.000676851
3 -0.00360671
1104 3
1 -0.000493497
2 0.000570663
3 -0.00363201
1105 3
1 -0.000546905
2 0.000461432
3 -0.00365769
1106 3
1 -0.000601482
2 0.000349173
3 -0.00368376
1107 3
1 -0.000657225
2 0.000233906
3 -0.0037102
1108 3
1 -0.000714124
2 0.000115661
3 -0.00373701
1109 3
1 -0.000772163
2 -5.52515e-06
3 -0.00376419
1110 3
1 -0.000831319
2 -0.000129614
3 -0.00379172
1111 3
1 -0.000891563
2 -0.000256559
3 -0.0038196
1112 3
1 -0.000952863
2 -0.00038631
3 -0.00384781
1113 3
1 -0.00101518
2 -0.000518808
3 -0.00387636
1114 3
1 -0.00107845
2 -0.000653993
3 -0.0039052
1115 3
1 -0.00114264
2 -0.000791802
3 -0.00393433
1116 3
1 -0.00120765
2 -0.000932175
3 -0.00396371
1117 3
1 -0.00127343
2 -0.00107505
3 -0.00399329
1118 3
1 -0.00133986
2 -0.00122037
3 -0.00402303
1119 3
1 -0.00140684
2 -0.00136807
3 -0.00405287
1120 3
1 -0.00147423
2 -0.00151808
3 -0.00408275
1121 3
1 -0.00154188
2 -0.00167032
3 -0.00411261
1122 3
1 -0.00160962
2 -0.00182473
3 -0.00414235
1123 3
1 -0.00167726
2 -0.00198124
3 -0.00417186
1124 3
1 -0.00174459
2 -0.00213982
3 -0.00420101
1125 3
1 -0.00181143
2 -0.00230041
3 -0.00422964
1126 3
1 -0.00187761
2 -0.00246295
3 -0.0042576
1127 3
1 -0.00194298
2 -0.00262735
3 -0.00428472
1128 3
1 -0.00200744
2 -0.00279349
3 -0.00431089
1129 3
1 -0.0020709
2 -0.00296123
3 -0.00433602
1130 3
1 -0.00213332
2 -0.00313041
3 -0.00436008
1131 3
1 -0.00219468
2 -0.00330088
3 -0.00438306
1132 3
1 -0.00225499
2 -0.00347248
3 -0.00440498
1133 3
1 -0.00231427
2 -0.00364507
3 -0.00442585
1134 3
1 -0.00237255
2 -0.00381855
3 -0.00444571
1135 3
1 -0.00242989
2 -0.00399279
3 -0.00446458
1136 3
1 -0.00248637
2 -0.0041677
3 -0.0044825
1137 3
1 -0.00254207
2 -0.00434316
3 -0.00449951
1138 3
1 -0.00259707
2 -0.00451908
3 -0.00451567
1139 3
1 -0.00265144
2 -0.00469538
3 -0.00453103
1140 3
1 -0.00270526
2 -0.00487194
3 -0.00454563
1141 3
1 -0.00275856
2 -0.00504869
3 -0.00455952
1142 3
1 -0.00281136
2 -0.00522553
3 -0.00457272
1143 3
1 -0.00286369
2 -0.00540236
3 -0.00458525
1144 3
1 -0.00291552
2 -0.00557909
3 -0.00459711
1145 3
1 -0.00296683
2 -0.00575564
3 -0.00460827
1146 3
1 -0.0030176
2 -0.0059319
3 -0.0046187
1147 3
1 -0.00306778
2 -0.0061078
3 -0.00462834
1148 3
1 -0.0031173
2 -0.00628324
3 -0.00463712
1149 3
1 -0.0031661
2 -0.00645813
3 -0.00464496
1150 3
1 -0.00321411
2 -0.00663235
3 -0.00465175
1151 3
1 -0.00326125
2 -0.0068058
3 -0.0046574
1152 3
1 -0.00330743
2 -0.00697837
3 -0.00466178
1153 3
1 -0.00335258
2 -0.00714992
3 -0.0046648
1154 3
1 -0.00339659
2 -0.00732034
3 -0.00466634
1155 3
1 -0.00343937
2 -0.00748948
3 -0.00466631
1156 3
1 -0.00348081
2 -0.00765721
3 -0.00466461
1157 3
1 -0.00352084
2 -0.00782339
3 -0.00466114
1158 3
1 -0.00355936
2 -0.00798791
3 -0.00465582
1159 3
1 -0.00359631
2 -0.00815064
3 -0.00464857
1160 3
1 -0.00363161
2 -0.0083115
3 -0.0046393
1161 3
1 -0.0036652
2 -0.0084704
3 -0.00462795
1162 3
1 -0.003697
2 -0.00862727
3 -0.00461446
1163 3
1 -0.00372694
2 -0.00878207
3 -0.00459878
1164 3
1 -0.00375499
2 -0.00893477
3 -0.0045809
1165 3
1 -0.00378113
2 -0.00908537
3 -0.00456084
1166 3
1 -0.00380541
2 -0.0092339
3 -0.00453866
1167 3
1 -0.00382788
2 -0.00938039
3 -0.00451441
1168 3
1 -0.00384861
2 -0.00952486
3 -0.00448821
1169 3
1 -0.00386765
2 -0.00966733
3 -0.0044602
1170 3
1 -0.00388508
2 -0.0098078
3 -0.00443051
1171 3
1 -0.00390098
2 -0.00994626
3 -0.00439925
1172 3
1 -0.00391544
2 -0.0100827
3 -0.00436649
1173 3
1 -0.00392857
2 -0.010217
3 -0.00433232
1174 3
1 -0.00394049
2 -0.0103493
3 -0.0042968
1175 3
1 -0.00395131
2 -0.0104794
3 -0.00425998
1176 3
1 -0.00396114
2 -0.0106074
3 -0.00422194
1177 3
1 -0.00397007
2 -0.0107332
3 -0.00418277
1178 3
1 -0.00397818
2 -0.0108568
3 -0.00414255
1179 3
1 -0.00398554
2 -0.010978
3 -0.00410136
1180 3
1 -0.00399218
2 -0.011097
3 -0.00405931
1181 3
1 -0.00399817
2 -0.0112135
3 -0.00401647
1182 3
1 -0.00400353
2 -0.0113276
3 -0.00397294
1183 3
1 -0.00400829
2 -0.0114393
3 -0.0039288
1184 3
1 -0.00401249
2 -0.0115485
3 -0.00388413
1185 3
1 -0.00401614
2 -0.0116551
3 -0.003839
1186 3
1 -0.00401927
2 -0.0117592
3 -0.00379348
1187 3
1 -0.00402188
2 -0.0118608
3 -0.00374763
1188 3
1 -0.004024
2 -0.0119598
3 -0.0037015
1189 3
1 -0.00402563
2 -0.0120563
3 -0.00365514
1190 3
1 -0.00402678
2 -0.0121503
3 -0.00360856
1191 3
1 -0.00402746
2 -0.0122418
3 -0.00356181
1192 3
1 -0.00402768
2 -0.0123308
3 -0.00351492
1193 3
1 -0.00402745
2 -0.0124175
3 -0.00346791
1194 3
1 -0.00402678
2 -0.0125017
3 -0.0034208
1195 3
1 -0.00402567
2 -0.0125836
3 -0.00337363
1196 3
1 -0.00402415
2 -0.012663
3 -0.00332644
1197 3
1 -0.0040222
2 -0.01274
3 -0.00327927
1198 3
1 -0.00401986
2 -0.0128146
3 -0.00323221
1199 3
1 -0.00401712
2 -0.0128868
3 -0.0031853
1200 3
1 -0.00401402
2 -0.0129568
3 -0.00313864
1201 3
1 -0.00401058
2 -0.0130244
3 -0.00309227
1202 3
1 -0.00400683
2 -0.01309
3 -0.00304627
1203 3
1 -0.00400278
2 -0.0131535
3 -0.00300074
1204 3
1 -0.00399845
2 -0.0132151
3 -0.00295578
1205 3
1 -0.00399387
2 -0.0132747
3 -0.00291149
1206 3
1 -0.00398907
2 -0.0133325
3 -0.00286799
1207 3
1 -0.00398409
2 -0.0133884
3 -0.00282535
1208 3
1 -0.00397897
2 -0.0134425
3 -0.00278366
1209 3
1 -0.00397375
2 -0.0134946
3 -0.00274297
1210 3
1 -0.00396843
2 -0.0135448
3 -0.00270333
1211 3
1 -0.00396305
2 -0.0135931
3 -0.00266481
1212 3
1 -0.00395764
2 -0.0136395
3 -0.00262743
1213 3
1 -0.00395222
2 -0.013684
3 -0.00259124
1214 3
1 -0.00394682
2 -0.0137266
3 -0.00255628
1215 3
1 -0.00394146
2 -0.0137672
3 -0.00252257
1216 3
1 -0.00393617
2 -0.013806
3 -0.00249015
1217 3
1 -0.00393096
2 -0.0138428
3 -0.00245904
1218 3
1 -0.00392585
2 -0.0138778
3 -0.00242927
1219 3
1 -0.00392086
2 -0.0139108
3 -0.00240086
1220 3
1 -0.00391601
2 -0.0139419
3 -0.00237384
1221 3
1 -0.00391131
2 -0.013971
3 -0.00234825
1222 3
1 -0.00390678
2 -0.0139983
3 -0.00232409
1223 3
1 -0.00390244
2 -0.0140236
3 -0.00230139
1224 3
1 -0.0038983
2 -0.0140471
3 -0.00228018
1225 3
1 -0.00389439
2 -0.0140687
3 -0.00226047
1226 3
1 -0.00389073
2 -0.0140884
3 -0.00224228
1227 3
1 -0.00388733
2 -0.0141062
3 -0.00222562
1228 3
1 -0.00388422
2 -0.0141222
3 -0.00221052
1229 3
1 -0.0038814
2 -0.0141364
3 -0.002197
1230 3
1 -0.00387889
2 -0.0141488
3 -0.00218507
1231 3
1 -0.00387671
2 -0.0141594
3 -0.00217477
1232 3
1 -0.00387486
2 -0.0141682
3 -0.00216613
1233 3
1 -0.00387336
2 -0.0141752
3 -0.00215916
1234 3
1 -0.00387222
2 -0.0141805
3 -0.00215389
1235 3
1 -0.00387145
2 -0.014184
3 -0.00215035
1236 3
1 -0.00387105
2 -0.0141858
3 -0.00214856
1237 3
1 -0.00387105
2 -0.0141858
3 -0.00214853
1238 3
1 -0.00387144
2 -0.0141841
3 -0.00215029
1239 3
1 -0.00387226
2 -0.0141806
3 -0.00215385
1240 3
1 -0.0038735
2 -0.0141754
3 -0.00215923
1241 3
1 -0.00387519
2 -0.0141684
3 -0.00216643
1242 3
1 -0.00387734
2 -0.0141596
3 -0.00217548
1243 3
1 -0.00387995
2 -0.014149
3 -0.00218638
1244 3
1 -0.00388305
2 -0.0141365
3 -0.00219914
1245 3
1 -0.00388664
2 -0.0141223
3 -0.00221377
1246 3
1 -0.00389073
2 -0.0141062
3 -0.00223029
1247 3
1 -0.00389534
2 -0.0140884
3 -0.00224871
1248 3
1 -0.00390048
2 -0.0140686
3 -0.00226904
1249 3
1 -0.00390617
2 -0.014047
3 -0.00229131
1250 3
1 -0.00391241
2 -0.0140236
3 -0.00231554
1251 3
1 -0.00391921
2 -0.0139983
3 -0.00234175
1252 3
1 -0.00392658
2 -0.0139712
3 -0.00236996
1253 3
1 -0.00393452
2 -0.0139422
3 -0.00240018
1254 3
1 -0.00394304
2 -0.0139113
3 -0.00243243
1255 3
1 -0.00395214
2 -0.0138785
3 -0.00246672
1256 3
1 -0.00396182
2 -0.0138438
3 -0.00250306
1257 3
1 -0.00397209
2 -0.0138073
3 -0.00254145
1258 3
1 -0.00398296
2 -0.0137689
3 -0.00258191
1259 3
1 -0.00399442
2 -0.0137285
3 -0.00262443
1260 3
1 -0.00400647
2 -0.0136863
3 -0.00266903
1261 3
1 -0.00401913
2 -0.0136422
3 -0.00271572
1262 3
1 -0.00403238
2 -0.0135962
3 -0.00276451
1263 3
1 -0.00404624
2 -0.0135484
3 -0.00281539
1264 3
1 -0.0040607
2 -0.0134986
3 -0.00286837
1265 3
1 -0.00407576
2 -0.013447
3 -0.00292345
1266 3
1 -0.00409143
2 -0.0133936
3 -0.00298062
1267 3
1 -0.0041077
2 -0.0133383
3 -0.00303989
1268 3
1 -0.00412458
2 -0.0132813
3 -0.00310125
1269 3
1 -0.00414207
2 -0.0132224
3 -0.0031647
1270 3
1 -0.00416016
2 -0.0131617
3 -0.00323025
1271 3
1 -0.00417885
2 -0.0130992
3 -0.00329788
1272 3
1 -0.0041981
2 -0.013035
3 -0.00336761
1273 3
1 -0.0042179
2 -0.012969
3 -0.0034394
1274 3
1 -0.00423822
2 -0.0129012
3 -0.00351325
1275 3
1 -0.00425902
2 -0.0128316
3 -0.00358914
1276 3
1 -0.00428026
2 -0.0127603
3 -0.00366708
1277 3
1 -0.00430192
2 -0.0126872
3 -0.00374704
1278 3
1 -0.00432399
2 -0.0126125
3 -0.00382901
1279 3
1 -0.00434646
2 -0.0125361
3 -0.00391298
1280 3
1 -0.00436935
2 -0.0124581
3 -0.00399891
1281 3
1 -0.00439264
2 -0.0123785
3 -0.00408678
1282 3
1 -0.00441636
2 -0.0122974
3 -0.00417657
1283 3
1 -0.00444049
2 -0.0122148
3 -0.00426825
1284 3
1 -0.00446505
2 -0.0121308
3 -0.00436182
1285 3
1 -0.00449005
2 -0.0120453
3 -0.00445725
1286 3
1 -0.00451551
2 -0.0119584
3 -0.00455452
1287 3
1 -0.00454145
2 -0.0118701
3 -0.00465361
1288 3
1 -0.0045679
2 -0.0117804
3 -0.00475447
1289 3
1 -0.00459487
2 -0.0116894
3 -0.00485709
1290 3
1 -0.00462235
2 -0.0115969
3 -0.00496141
1291 3
1 -0.00465036
2 -0.011503
3 -0.0050674
1292 3
1 -0.00467888
2 -0.0114079
3 -0.005175
1293 3
1 -0.00470792
2 -0.0113113
3 -0.00528419
1294 3
1 -0.00473746
2 -0.0112134
3 -0.0053949
1295 3
1 -0.0047675
2 -0.0111143
3 -0.00550709
1296 3
1 -0.00479803
2 -0.0110138
3 -0.00562074
1297 3
1 -0.00482901
2 -0.0109122
3 -0.00573581
1298 3
1 -0.00486042
2 -0.0108092
3 -0.00585227
1299 3
1 -0.00489223
2 -0.0107051
3 -0.00597011
1300 3
1 -0.0049244
2 -0.0105998
3 -0.00608929
1301 3
1 -0.00495686
2 -0.0104933
3 -0.00620981
1302 3
1 -0.00498959
2 -0.0103857
3 -0.00633165
1303 3
1 -0.00502254
2 -0.0102769
3 -0.00645481
1304 3
1 -0.00505566
2 -0.010167
3 -0.00657926
1305 3
1 -0.00508892
2 -0.0100559
3 -0.00670499
1306 3
1 -0.0051223
2 -0.00994387
3 -0.00683199
1307 3
1 -0.00515576
2 -0.00983075
3 -0.00696025
1308 3
1 -0.00518929
2 -0.00971664
3 -0.00708974
1309 3
1 -0.00522285
2 -0.0096016
3 -0.00722043
1310 3
1 -0.00525643
2 -0.00948569
3 -0.00735228
1311 3
1 -0.00528999
2 -0.00936898
3 -0.00748526
1312 3
1 -0.0053235
2 -0.00925157
3 -0.00761931
1313 3
1 -0.00535693
2 -0.00913353
3 -0.00775441
1314 3
1 -0.00539025
2 -0.00901495
3 -0.00789053
1315 3
1 -0.00542344
2 -0.0088959
3 -0.00802763
1316 3
1 -0.00545649
2 -0.00877646
3 -0.00816569
1317 3
1 -0.00548939
2 -0.00865669
3 -0.00830465
1318 3
1 -0.00552218
2 -0.00853666
3 -0.00844444
1319 3
1 -0.00555488
2 -0.00841643
3 -0.00858495
1320 3
1 -0.00558752
2 -0.00829602
3 -0.0087261
1321 3
1 -0.0056201
2 -0.00817547
3 -0.0088678
1322 3
1 -0.00565263
2 -0.00805478
3 -0.00900999
1323 3
1 -0.00568511
2 -0.00793395
3 -0.00915261
1324 3
1 -0.00571753
2 -0.00781299
3 -0.0092956
1325 3
1 -0.0057499
2 -0.00769188
3 -0.0094389
1326 3
1 -0.0057822
2 -0.00757065
3 -0.00958245
1327 3
1 -0.00581441
2 -0.0074493
3 -0.00972616
1328 3
1 -0.00584654
2 -0.00732786
3 -0.00986998
1329 3
1 -0.00587856
2 -0.00720637
3 -0.0100138
1330 3
1 -0.00591048
2 -0.00708487
3 -0.0101576
1331 3
1 -0.00594228
2 -0.0069634
3 -0.0103013
1332 3
1 -0.00597397
2 -0.00684204
3 -0.0104448
1333 3
1 -0.00600553
2 -0.00672083
3 -0.010588
1334 3
1 -0.00603698
2 -0.00659986
3 -0.0107309
1335 3
1 -0.00606829
2 -0.0064792
3 -0.0108735
1336 3
1 -0.00609947
2 -0.00635892
3 -0.0110156
1337 3
1 -0.0061305
2 -0.00623911
3 -0.0111574
1338 3
1 -0.00616137
2 -0.00611984
3 -0.0112986
1339 3
1 -0.00619205
2 -0.0060012
3 -0.0114394
1340 3
1 -0.0062225
2 -0.00588325
3 -0.0115796
1341 3
1 -0.0062527
2 -0.00576607
3 -0.0117194
1342 3
1 -0.00628259
2 -0.0056497
3 -0.0118586
1343 3
1 -0.00631214
2 -0.00553421
3 -0.0119973
1344 3
1 -0.00634129
2 -0.00541964
3 -0.0121355
1345 3
1 -0.00637004
2 -0.00530605
3 -0.0122731
1346 3
1 -0.00639835
2 -0.0051935
3 -0.0124102
1347 3
1 -0.00642623
2 -0.00508206
3 -0.0125467
1348 3
1 -0.00645368
2 -0.00497179
3 -0.0126826
1349 3
1 -0.00648072
2 -0.00486274
3 -0.0128179
1350 3
1 -0.00650735
2 -0.00475499
3 -0.0129526
1351 3
1 -0.0065336
2 -0.00464856
3 -0.0130867
1352 3
1 -0.0065595
2 -0.0045435
3 -0.0132202
1353 3
1 -0.00658508
2 -0.00443983
3 -0.0133531
1354 3
1 -0.00661038
2 -0.00433755
3 -0.0134854
1355 3
1 -0.00663545
2 -0.00423666
3 -0.0136171
1356 3
1 -0.00666036
2 -0.00413714
3 -0.0137482
1357 3
1 -0.00668512
2 -0.00403895
3 -0.0138785
1358 3
1 -0.00670977
2 -0.00394204
3 -0.0140081
1359 3
1 -0.00673433
2 -0.00384637
3 -0.0141369
1360 3
1 -0.00675879
2 -0.00375189
3 -0.0142648
1361 3
1 -0.00678315
2 -0.00365858
3 -0.0143918
1362 3
1 -0.0068074
2 -0.0035664
3 -0.0145178
1363 3
1 -0.00683151
2 -0.00347534
3 -0.0146429
1364 3
1 -0.00685545
2 -0.0033854
3 -0.0147669
1365 3
1 -0.00687921
2 -0.00329658
3 -0.0148898
1366 3
1 -0.00690274
2 -0.00320889
3 -0.0150116
1367 3
1 -0.00692602
2 -0.00312233
3 -0.0151323
1368 3
1 -0.00694903
2 -0.00303691
3 -0.0152517
1369 3
1 -0.00697174
2 -0.00295262
3 -0.0153698
1370 3
1 -0.00699415
2 -0.00286947
3 -0.0154866
1371 3
1 -0.00701625
2 -0.00278746
3 -0.0156022
1372 3
1 -0.00703802
2 -0.0027066
3 -0.0157163
1373 3
1 -0.00705946
2 -0.00262689
3 -0.0158291
1374 3
1 -0.00708058
2 -0.00254835
3 -0.0159404
1375 3
1 -0.00710137
2 -0.00247098
3 -0.0160504
1376 3
1 -0.00712184
2 -0.0023948
3 -0.0161589
1377 3
1 -0.00714199
2 -0.00231982
3 -0.016266
1378 3
1 -0.00716182
2 -0.00224604
3 -0.0163718
1379 3
1 -0.00718133
2 -0.00217346
3 -0.0164761
1380 3
1 -0.00720053
2 -0.00210209
3 -0.016579
1381 3
1 -0.00721941
2 -0.00203194
3 -0.0166806
1382 3
1 -0.00723799
2 -0.00196301
3 -0.0167808
1383 3
1 -0.00725626
2 -0.00189531
3 -0.0168796
1384 3
1 -0.00727423
2 -0.00182885
3 -0.016977
1385 3
1 -0.00729191
2 -0.00176364
3 -0.0170731
1386 3
1 -0.00730929
2 -0.0016997
3 -0.017168
1387 3
1 -0.00732639
2 -0.00163702
3 -0.0172615
1388 3
1 -0.00734319
2 -0.00157558
3 -0.0173537
1389 3
1 -0.00735968
2 -0.00151536
3 -0.0174446
1390 3
1 -0.00737588
2 -0.00145633
3 -0.0175343
1391 3
1 -0.00739179
2 -0.00139847
3 -0.0176226
1392 3
1 -0.00740742
2 -0.00134175
3 -0.0177097
1393 3
1 -0.00742279
2 -0.00128616
3 -0.0177954
1394 3
1 -0.00743792
2 -0.00123167
3 -0.0178797
1395 3
1 -0.00745282
2 -0.00117824
3 -0.0179628
1396 3
1 -0.00746753
2 -0.00112583
3 -0.0180445
1397 3
1 -0.00748206
2 -0.00107438
3 -0.0181251
1398 3
1 -0.00749644
2 -0.00102386
3 -0.0182043
1399 3
1 -0.00751068
2 -0.00097422
3 -0.0182824
1400 3
1 -0.00752483
2 -0.000925432
3 -0.0183592
1401 3
1 -0.0075389
2 -0.000877477
3 -0.0184349
1402 3
1 -0.00755291
2 -0.000830341
3 -0.0185093
1403 3
1 -0.00756688
2 -0.000784012
3 -0.0185825
1404 3
1 -0.00758081
2 -0.000738478
3 -0.0186544
1405 3
1 -0.00759472
2 -0.000693733
3 -0.0187251
1406 3
1 -0.00760859
2 -0.000649771
3 -0.0187946
1407 3
1 -0.00762243
2 -0.00060659
3 -0.0188629
1408 3
1 -0.00763623
2 -0.000564188
3 -0.0189298
1409 3
1 -0.00764998
2 -0.000522566
3 -0.0189956
1410 3
1 -0.00766369
2 -0.00048172
3 -0.0190601
1411 3
1 -0.00767734
2 -0.000441651
3 -0.0191233
1412 3
1 -0.00769091
2 -0.000402355
3 -0.0191854
1413 3
1 -0.0077044
2 -0.000363832
3 -0.0192462
1414 3
1 -0.00771779
2 -0.000326078
3 -0.0193059
1415 3
1 -0.00773106
2 -0.000289089
3 -0.0193644
1416 3
1 -0.00774419
2 -0.000252863
3 -0.0194217
1417 3
1 -0.00775717
2 -0.000217392
3 -0.0194778
1418 3
1 -0.00776997
2 -0.000182674
3 -0.0195328
1419 3
1 -0.00778258
2 -0.000148702
3 -0.0195867
1420 3
1 -0.00779498
2 -0.000115479
3 -0.0196394
1421 3
1 -0.00780715
2 -8.30055e-05
3 -0.019691
1422 3
1 -0.00781909
2 -5.12904e-05
3 -0.0197415
1423 3
1 -0.00783079
2 -2.03422e-05
3 -0.0197909
1424 3
1 -0.00784223
2 9.83237e-06
3 -0.0198392
1425 3
1 -0.00785343
2 3.9233e-05
3 -0.0198865
1426 3
1 -0.00786439
2 6.78679e-05
3 -0.0199327
1427 3
1 -0.0078751
2 9.57542e-05
3 -0.0199779
1428 3
1 -0.00788559
2 0.000122915
3 -0.020022
1429 3
1 -0.00789583
2 0.000149377
3 -0.0200652
1430 3
1 -0.00790586
2 0.000175161
3 -0.0201073
1431 3
1 -0.00791567
2 0.000200284
3 -0.0201485
1432 3
1 -0.00792528
2 0.000224759
3 -0.0201886
1433 3
1 -0.00793469
2 0.000248595
3 -0.0202277
1434 3
1 -0.00794391
2 0.000271803
3 -0.0202659
1435 3
1 -0.00795293
2 0.000294399
3 -0.0203032
1436 3
1 -0.00796173
2 0.000316399
3 -0.0203395
1437 3
1 -0.00797031
2 0.000337817
3 -0.020375
1438 3
1 -0.00797865
2 0.00035867
3 -0.0204095
1439 3
1 -0.00798673
2 0.000378967
3 -0.0204432
1440 3
1 -0.00799456
2 0.000398719
3 -0.020476
1441 3
1 -0.00800213
2 0.000417933
3 -0.0205079
1442 3
1 -0.00800943
2 0.000436615
3 -0.020539
1443 3
1 -0.00801646
2 0.000454773
3 -0.0205693
1444 3
1 -0.00802323
2 0.000472412
3 -0.0205987
1445 3
1 -0.00802975
2 0.000489541
3 -0.0206272
1446 3
1 -0.00803602
2 0.000506167
3 -0.020655
1447 3
1 -0.00804204
2 0.0005223
3 -0.0206819
1448 3
1 -0.00804782
2 0.000537945
3 -0.020708
1449 3
1 -0.00805337
2 0.000553112
3 -0.0207333
1450 3
1 -0.00805869
2 0.000567806
3 -0.0207578
1451 3
1 -0.00806378
2 0.000582032
3 -0.0207815
1452 3
1 -0.00806865
2 0.000595796
3 -0.0208044
1453 3
1 -0.0080733
2 0.000609102
3 -0.0208265
1454 3
1 -0.00807774
2 0.000621956
3 -0.0208478
1455 3
1 -0.00808197
2 0.000634362
3 -0.0208683
1456 3
1 -0.00808599
2 0.000646329
3 -0.020888
1457 3
1 -0.00808982
2 0.000657863
3 -0.020907
1458 3
1 -0.00809345
2 0.000668973
3 -0.0209252
1459 3
1 -0.00809689
2 0.000679668
3 -0.0209426
1460 3
1 -0.00810015
2 0.000689958
3 -0.0209593
1461 3
1 -0.00810323
2 0.000699854
3 -0.0209753
1462 3
1 -0.00810613
2 0.000709366
3 -0.0209905
1463 3
1 -0.00810885
2 0.000718505
3 -0.021005
1464 3
1 -0.0081114
2 0.000727281
3 -0.0210188
1465 3
1 -0.00811377
2 0.000735702
3 -0.0210318
1466 3
1 -0.00811597
2 0.000743773
3 -0.0210442
1467 3
1 -0.00811801
2 0.000751498
3 -0.0210559
1468 3
1 -0.00811989
2 0.000758879
3 -0.0210669
1469 3
1 -0.00812162
2 0.000765916
3 -0.0210773
1470 3
1 -0.00812322
2 0.000772609
3 -0.021087
1471 3
1 -0.00812467
2 0.000778953
3 -0.0210961
1472 3
1 -0.00812599
2 0.000784942
3 -0.0211046
1473 3
1 -0.00812718
2 0.000790569
3 -0.0211125
1474 3
1 -0.00812824
2 0.000795828
3 -0.0211198
1475 3
1 -0.0081292
2 0.000800711
3 -0.0211264
1476 3
1 -0.00813004
2 0.000805211
3 -0.0211325
1477 3
1 -0.00813078
2 0.000809322
3 -0.0211381
1478 3
1 -0.00813142
2 0.000813039
3 -0.021143
1479 3
1 -0.00813197
2 0.000816358
3 -0.0211474
1480 3
1 -0.00813243
2 0.000819275
3 -0.0211512
1481 3
1 -0.00813281
2 0.00082179
3 -0.0211545
1482 3
1 -0.00813311
2 0.000823901
3 -0.0211573
1483 3
1 -0.00813335
2 0.000825609
3 -0.0211595
1484 3
1 -0.00813352
2 0.000826914
3 -0.0211612
1485 3
1 -0.00813364
2 0.000827818
3 -0.0211623
1486 3
1 -0.0081337
2 0.000828321
3 -0.021163
1487 3
1 -0.00813371
2 0.000828426
3 -0.0211631
1488 3
1 -0.00813368
2 0.000828134
3 -0.0211627
1489 3
1 -0.00813361
2 0.000827447
3 -0.0211619
1490 3
1 -0.00813351
2 0.000826365
3 -0.0211605
1491 3
1 -0.00813338
2 0.000824889
3 -0.0211587
1492 3
1 -0.00813323
2 0.000823019
3 -0.0211564
1493 3
1 -0.00813305
2 0.000820755
3 -0.0211536
1494 3
1 -0.00813286
2 0.000818097
3 -0.0211503
1495 3
1 -0.00813265
2 0.000815042
3 -0.0211467
1496 3
1 -0.00813243
2 0.00081159
3 -0.0211425
1497 3
1 -0.00813219
2 0.000807739
3 -0.021138
1498 3
1 -0.00813194
2 0.000803489
3 -0.0211329
1499 3
1 -0.00813166
2 0.000798839
3 -0.0211275
1500 3
1 -0.00813137
2 0.000793786
3 -0.0211217
1501 3
1 -0.00813105
2 0.000788331
3 -0.0211154
1502 3
1 -0.00813072
2 0.000782472
3 -0.0211088
1503 3
1 -0.00813035
2 0.000776211
3 -0.0211017
1504 3
1 -0.00812996
2 0.00076955
3 -0.0210943
1505 3
1 -0.00812955
2 0.000762491
3 -0.0210865
1506 3
1 -0.00812913
2 0.00075504
3 -0.0210783
1507 3
1 -0.00812868
2 0.000747201
3 -0.0210698
1508 3
1 -0.00812823
2 0.000738977
3 -0.0210609
1509 3
1 -0.00812778
2 0.000730373
3 -0.0210516
1510 3
1 -0.00812732
2 0.000721394
3 -0.021042
1511 3
1 -0.00812686
2 0.000712043
3 -0.0210321
1512 3
1 -0.00812641
2 0.000702326
3 -0.0210218
1513 3
1 -0.00812598
2 0.000692244
3 -0.0210112
1514 3
1 -0.00812558
2 0.000681801
3 -0.0210002
1515 3
1 -0.00812521
2 0.000670997
3 -0.0209889
1516 3
1 -0.00812488
2 0.000659835
3 -0.0209773
1517 3
1 -0.00812459
2 0.000648314
3 -0.0209653
1518 3
1 -0.00812435
2 0.000636437
3 -0.020953
1519 3
1 -0.00812416
2 0.000624204
3 -0.0209403
1520 3
1 -0.00812404
2 0.000611616
3 -0.0209274
1521 3
1 -0.00812397
2 0.000598673
3 -0.0209141
1522 3
1 -0.00812396
2 0.000585375
3 -0.0209005
1523 3
1 -0.00812402
2 0.000571722
3 -0.0208866
1524 3
1 -0.00812415
2 0.000557714
3 -0.0208724
1525 3
1 -0.00812435
2 0.000543348
3 -0.0208579
1526 3
1 -0.00812463
2 0.000528625
3 -0.0208431
1527 3
1 -0.00812498
2 0.000513541
3 -0.020828
1528 3
1 -0.0081254
2 0.000498095
3 -0.0208127
1529 3
1 -0.00812591
2 0.000482282
3 -0.020797
1530 3
1 -0.00812649
2 0.000466099
3 -0.0207811
1531 3
1 -0.00812717
2 0.000449539
3 -0.020765
1532 3
1 -0.00812793
2 0.000432597
3 -0.0207485
1533 3
1 -0.00812878
2 0.000415267
3 -0.0207319
1534 3
1 -0.00812973
2 0.000397546
3 -0.020715
1535 3
1 -0.00813079
2 0.000379432
3 -0.020698
1536 3
1 -0.00813197
2 0.00036093
3 -0.0206807
1537 3
1 -0.00813326
2 0.000342048
3 -0.0206632
1538 3
1 -0.00813468
2 0.000322797
3 -0.0206456
1539 3
1 -0.00813622
2 0.000303189
3 -0.0206278
1540 3
1 -0.00813788
2 0.000283238
3 -0.0206097
1541 3
1 -0.00813967
2 0.000262956
3 -0.0205915
1542 3
1 -0.0081416
2 0.000242353
3 -0.0205731
1543 3
1 -0.00814367
2 0.000221438
3 -0.0205545
1544 3
1 -0.00814591
2 0.000200215
3 -0.0205357
1545 3
1 -0.00814831
2 0.000178688
3 -0.0205166
1546 3
1 -0.00815089
2 0.000156856
3 -0.0204974
1547 3
1 -0.00815366
2 0.000134719
3 -0.0204779
1548 3
1 -0.00815663
2 0.000112275
3 -0.0204582
1549 3
1 -0.0081598
2 8.95201e-05
3 -0.0204382
1550 3
1 -0.00816318
2 6.64497e-05
3 -0.0204179
1551 3
1 -0.00816677
2 4.30579e-05
3 -0.0203974
1552 3
1 -0.00817058
2 1.93375e-05
3 -0.0203765
1553 3
1 -0.00817461
2 -4.71944e-06
3 -0.0203554
1554 3
1 -0.00817886
2 -2.91211e-05
3 -0.0203339
1555 3
1 -0.00818332
2 -5.3875e-05
3 -0.0203122
1556 3
1 -0.008188
2 -7.89885e-05
3 -0.0202901
1557 3
1 -0.0081929
2 -0.000104469
3 -0.0202677
1558 3
1 -0.00819799
2 -0.000130325
3 -0.020245
1559 3
1 -0.00820329
2 -0.000156566
3 -0.0202221
1560 3
1 -0.00820879
2 -0.000183199
3 -0.0201988
1561 3
1 -0.00821448
2 -0.000210233
3 -0.0201753
1562 3
1 -0.00822035
2 -0.000237678
3 -0.0201515
1563 3
1 -0.00822642
2 -0.000265539
3 -0.0201274
1564 3
1 -0.00823266
2 -0.000293823
3 -0.0201031
1565 3
1 -0.00823909
2 -0.000322537
3 -0.0200786
1566 3
1 -0.0082457
2 -0.000351687
3 -0.0200538
1567 3
1 -0.00825251
2 -0.00038128
3 -0.0200289
1568 3
1 -0.0082595
2 -0.00041132
3 -0.0200037
1569 3
1 -0.00826669
2 -0.000441813
3 -0.0199783
1570 3
1 -0.0082741
2 -0.000472763
3 -0.0199527
1571 3
1 -0.00828171
2 -0.000504168
3 -0.0199269
1572 3
1 -0.00828954
2 -0.000536025
3 -0.019901
1573 3
1 -0.00829759
2 -0.000568326
3 -0.0198749
1574 3
1 -0.00830584
2 -0.000601056
3 -0.0198487
1575 3
1 -0.00831431
2 -0.000634204
3 -0.0198223
1576 3
1 -0.00832298
2 -0.000667752
3 -0.0197958
1577 3
1 -0.00833185
2 -0.000701684
3 -0.0197691
1578 3
1 -0.00834092
2 -0.000735983
3 -0.0197422
1579 3
1 -0.0083502
2 -0.000770636
3 -0.0197152
1580 3
1 -0.00835969
2 -0.00080563
3 -0.0196881
1581 3
1 -0.00836942
2 -0.000840957
3 -0.0196607
1582 3
1 -0.0083794
2 -0.00087661
3 -0.019633
1583 3
1 -0.00838966
2 -0.000912587
3 -0.0196052
1584 3
1 -0.0084002
2 -0.00094889
3 -0.019577
1585 3
1 -0.00841104
2 -0.000985528
3 -0.0195486
1586 3
1 -0.00842218
2 -0.00102252
3 -0.0195199
1587 3
1 -0.00843361
2 -0.00105986
3 -0.0194909
1588 3
1 -0.00844533
2 -0.00109758
3 -0.0194615
1589 3
1 -0.00845733
2 -0.00113568
3 -0.0194319
1590 3
1 -0.00846962
2 -0.00117417
3 -0.0194019
1591 3
1 -0.00848216
2 -0.00121307
3 -0.0193716
1592 3
1 -0.00849497
2 -0.00125238
3 -0.0193409
1593 3
1 -0.00850803
2 -0.00129211
3 -0.01931
1594 3
1 -0.00852134
2 -0.00133228
3 -0.0192787
1595 3
1 -0.0085349
2 -0.00137289
3 -0.019247
1596 3
1 -0.00854872
2 -0.00141395
3 -0.0192151
1597 3
1 -0.00856279
2 -0.00145548
3 -0.0191828
1598 3
1 -0.00857711
2 -0.00149746
3 -0.0191502
1599 3
1 -0.0085917
2 -0.00153992
3 -0.0191172
1600 3
1 -0.00860654
2 -0.00158285
3 -0.019084
1601 3
1 -0.00862164
2 -0.00162626
3 -0.0190504
1602 3
1 -0.008637
2 -0.00167015
3 -0.0190165
1603 3
1 -0.00865262
2 -0.00171452
3 -0.0189823
1604 3
1 -0.0086685
2 -0.00175938
3 -0.0189477
1605 3
1 -0.00868464
2 -0.00180473
3 -0.0189129
1606 3
1 -0.00870105
2 -0.00185056
3 -0.0188778
1607 3
1 -0.00871773
2 -0.00189688
3 -0.0188423
1608 3
1 -0.00873471
2 -0.00194368
3 -0.0188066
1609 3
1 -0.00875198
2 -0.00199097
3 -0.0187706
1610 3
1 -0.00876958
2 -0.00203873
3 -0.0187342
1611 3
1 -0.0087875
2 -0.00208697
3 -0.0186976
1612 3
1 -0.00880576
2 -0.0021357
3 -0.0186607
1613 3
1 -0.00882437
2 -0.00218489
3 -0.0186234
1614 3
1 -0.00884335
2 -0.00223457
3 -0.0185858
1615 3
1 -0.00886273
2 -0.00228472
3 -0.0185479
1616 3
1 -0.00888253
2 -0.00233535
3 -0.0185097
1617 3
1 -0.0089028
2 -0.00238646
3 -0.0184711
1618 3
1 -0.00892356
2 -0.00243805
3 -0.0184321
1619 3
1 -0.00894481
2 -0.00249011
3 -0.0183927
1620 3
1 -0.00896656
2 -0.00254262
3 -0.0183529
1621 3
1 -0.00898878
2 -0.00259559
3 -0.0183126
1622 3
1 -0.00901143
2 -0.002649
3 -0.0182718
1623 3
1 -0.00903449
2 -0.00270284
3 -0.0182306
1624 3
1 -0.00905792
2 -0.0027571
3 -0.0181888
1625 3
1 -0.0090817
2 -0.00281179
3 -0.0181466
1626 3
1 -0.00910579
2 -0.00286691
3 -0.0181038
1627 3
1 -0.00913019
2 -0.00292248
3 -0.0180605
1628 3
1 -0.00915487
2 -0.00297851
3 -0.0180166
1629 3
1 -0.00917982
2 -0.00303504
3 -0.0179722
1630 3
1 -0.00920502
2 -0.00309209
3 -0.0179273
1631 3
1 -0.00923046
2 -0.00314969
3 -0.0178817
1632 3
1 -0.00925612
2 -0.00320787
3 -0.0178356
1633 3
1 -0.00928198
2 -0.00326666
3 -0.017789
1634 3
1 -0.00930805
2 -0.00332607
3 -0.0177418
1635 3
1 -0.0093343
2 -0.00338612
3 -0.017694
1636 3
1 -0.00936075
2 -0.00344684
3 -0.0176457
1637 3
1 -0.00938738
2 -0.00350821
3 -0.0175969
1638 3
1 -0.0094142
2 -0.00357026
3 -0.0175475
1639 3
1 -0.00944121
2 -0.00363299
3 -0.0174976
1640 3
1 -0.00946843
2 -0.00369641
3 -0.0174472
1641 3
1 -0.00949587
2 -0.00376052
3 -0.0173963
1642 3
1 -0.00952355
2 -0.00382532
3 -0.0173449
1643 3
1 -0.0095515
2 -0.00389083
3 -0.017293
1644 3
1 -0.00957977
2 -0.00395705
3 -0.0172406
1645 3
1 -0.00960838
2 -0.00402399
3 -0.0171878
1646 3
1 -0.00963737
2 -0.00409164
3 -0.0171345
1647 3
1 -0.0096668
2 -0.00416001
3 -0.0170808
1648 3
1 -0.0096967
2 -0.0042291
3 -0.0170266
1649 3
1 -0.0097271
2 -0.0042989
3 -0.016972
1650 3
1 -0.00975805
2 -0.00436942
3 -0.016917
1651 3
1 -0.00978958
2 -0.00444068
3 -0.0168615
1652 3
1 -0.00982173
2 -0.00451267
3 -0.0168055
1653 3
1 -0.00985451
2 -0.00458539
3 -0.0167489
1654 3
1 -0.00988796
2 -0.0046588
3 -0.0166918
1655 3
1 -0.00992208
2 -0.00473289
3 -0.0166341
1656 3
1 -0.00995687
2 -0.00480764
3 -0.0165758
1657 3
1 -0.00999234
2 -0.00488304
3 -0.0165168
1658 3
1 -0.0100285
2 -0.0049591
3 -0.0164572
1659 3
1 -0.0100652
2 -0.00503585
3 -0.0163969
1660 3
1 -0.0101026
2 -0.00511329
3 -0.0163359
1661 3
1 -0.0101406
2 -0.00519143
3 -0.0162742
1662 3
1 -0.0101791
2 -0.00527024
3 -0.0162117
1663 3
1 -0.0102181
2 -0.00534971
3 -0.0161486
1664 3
1 -0.0102575
2 -0.00542981
3 -0.0160847
1665 3
1 -0.0102974
2 -0.00551052
3 -0.0160202
1666 3
1 -0.0103377
2 -0.00559184
3 -0.015955
1667 3
1 -0.0103784
2 -0.00567374
3 -0.015889
1668 3
1 -0.0104193
2 -0.00575623
3 -0.0158224
1669 3
1 -0.0104607
2 -0.00583931
3 -0.0157551
1670 3
1 -0.0105023
2 -0.00592298
3 -0.0156871
1671 3
1 -0.0105441
2 -0.00600725
3 -0.0156185
1672 3
1 -0.0105863
2 -0.00609213
3 -0.0155491
1673 3
1 -0.0106286
2 -0.00617761
3 -0.0154791
1674 3
1 -0.0106712
2 -0.00626372
3 -0.0154084
1675 3
1 -0.0107139
2 -0.00635045
3 -0.015337
1676 3
1 -0.0107569
2 -0.00643782
3 -0.0152651
1677 3
1 -0.0108
2 -0.00652582
3 -0.0151926
1678 3
1 -0.0108432
2 -0.00661445
3 -0.0151196
1679 3
1 -0.0108867
2 -0.00670373
3 -0.0150461
1680 3
1 -0.0109303
2 -0.00679365
3 -0.0149722
1681 3
1 -0.010974
2 -0.00688421
3 -0.0148978
1682 3
1 -0.011018
2 -0.0069754
3 -0.014823
1683 3
1 -0.0110622
2 -0.00706724
3 -0.0147479
1684 3
1 -0.0111066
2 -0.0071597
3 -0.0146724
1685 3
1 -0.0111513
2 -0.00725279
3 -0.0145965
1686 3
1 -0.0111963
2 -0.00734647
3 -0.0145203
1687 3
1 -0.0112415
2 -0.00744072
3 -0.0144436
1688 3
1 -0.0112872
2 -0.0075355
3 -0.0143666
1689 3
1 -0.0113332
2 -0.00763075
3 -0.0142891
1690 3
1 -0.0113796
2 -0.00772644
3 -0.0142113
1691 3
1 -0.0114264
2 -0.00782254
3 -0.0141333
1692 3
1 -0.0114735
2 -0.00791901
3 -0.014055
1693 3
1 -0.0115208
2 -0.00801582
3 -0.0139766
1694 3
1 -0.0115683
2 -0.00811296
3 -0.013898
1695 3
1 -0.0116159
2 -0.00821038
3 -0.0138194
1696 3
1 -0.0116637
2 -0.00830805
3 -0.0137406
1697 3
1 -0.0117114
2 -0.00840593
3 -0.0136618
1698 3
1 -0.0117591
2 -0.00850395
3 -0.0135829
1699 3
1 -0.0118068
2 -0.00860208
3 -0.0135041
1700 3
1 -0.0118543
2 -0.00870027
3 -0.0134252
1701 3
1 -0.0119018
2 -0.00879848
3 -0.0133464
1702 3
1 -0.0119492
2 -0.00889668
3 -0.0132676
1703 3
1 -0.0119964
2 -0.00899482
3 -0.013189
1704 3
1 -0.0120435
2 -0.00909287
3 -0.0131104
1705 3
1 -0.0120904
2 -0.00919079
3 -0.0130321
1706 3
1 -0.0121372
2 -0.00928855
3 -0.0129538
1707 3
1 -0.0121837
2 -0.0093861
3 -0.0128758
1708 3
1 -0.01223
2 -0.00948342
3 -0.012798
1709 3
1 -0.012276
2 -0.00958046
3 -0.0127205
1710 3
1 -0.0123216
2 -0.00967718
3 -0.0126434
1711 3
1 -0.0123669
2 -0.00977356
3 -0.0125666
1712 3
1 -0.0124118
2 -0.00986953
3 -0.0124902
1713 3
1 -0.0124563
2 -0.00996506
3 -0.0124144
1714 3
1 -0.0125004
2 -0.0100601
3 -0.0123391
1715 3
1 -0.012544
2 -0.0101546
3 -0.0122644
1716 3
1 -0.0125872
2 -0.0102485
3 -0.0121904
1717 3
1 -0.0126301
2 -0.0103418
3 -0.012117
1718 3
1 -0.0126725
2 -0.0104344
3 -0.0120445
1719 3
1 -0.0127146
2 -0.0105263
3 -0.0119727
1720 3
1 -0.0127562
2 -0.0106174
3 -0.0119017
1721 3
1 -0.0127974
2 -0.0107078
3 -0.0118315
1722 3
1 -0.0128382
2 -0.0107974
3 -0.0117621
1723 3
1 -0.0128786
2 -0.0108862
3 -0.0116935
1724 3
1 -0.0129186
2 -0.0109742
3 -0.0116257
1725 3
1 -0.0129581
2 -0.0110613
3 -0.0115586
1726 3
1 -0.0129972
2 -0.0111476
3 -0.0114922
1727 3
1 -0.0130357
2 -0.011233
3 -0.0114266
1728 3
1 -0.0130737
2 -0.0113174
3 -0.0113617
1729 3
1 -0.0131112
2 -0.0114008
3 -0.0112976
1730 3
1 -0.0131481
2 -0.0114832
3 -0.0112343
1731 3
1 -0.0131844
2 -0.0115644
3 -0.0111718
1732 3
1 -0.0132202
2 -0.0116444
3 -0.0111101
1733 3
1 -0.0132554
2 -0.0117231
3 -0.0110492
1734 3
1 -0.0132899
2 -0.0118004
3 -0.0109892
1735 3
1 -0.0133237
2 -0.0118762
3 -0.0109301
1736 3
1 -0.0133568
2 -0.0119505
3 -0.0108721
1737 3
1 -0.0133891
2 -0.0120232
3 -0.0108151
1738 3
1 -0.0134206
2 -0.0120943
3 -0.0107592
1739 3
1 -0.0134514
2 -0.0121638
3 -0.0107044
1740 3
1 -0.0134814
2 -0.0122315
3 -0.0106509
1741 3
1 -0.0135106
2 -0.0122976
3 -0.0105985
1742 3
1 -0.013539
2 -0.0123618
3 -0.0105474
1743 3
1 -0.0135667
2 -0.0124243
3 -0.0104974
1744 3
1 -0.0135936
2 -0.012485
3 -0.0104488
1745 3
1 -0.0136197
2 -0.0125439
3 -0.0104013
1746 3
1 -0.0136451
2 -0.0126009
3 -0.0103551
1747 3
1 -0.0136697
2 -0.012656
3 -0.0103102
1748 3
1 -0.0136936
2 -0.0127093
3 -0.0102667
1749 3
1 -0.0137166
2 -0.0127606
3 -0.0102244
1750 3
1 -0.0137389
2 -0.01281
3 -0.0101835
1751 3
1 -0.0137604
2 -0.0128575
3 -0.010144
1752 3
1 -0.0137812
2 -0.012903
3 -0.0101058
1753 3
1 -0.0138011
2 -0.0129466
3 -0.0100691
1754 3
1 -0.0138202
2 -0.0129882
3 -0.0100339
1755 3
1 -0.0138385
2 -0.0130277
3 -0.0100002
1756 3
1 -0.0138559
2 -0.0130653
3 -0.00996791
1757 3
1 -0.0138724
2 -0.0131007
3 -0.00993716
1758 3
1 -0.0138881
2 -0.0131342
3 -0.00990793
1759 3
1 -0.0139029
2 -0.0131656
3 -0.00988022
1760 3
1 -0.0139167
2 -0.0131949
3 -0.00985406
1761 3
1 -0.0139296
2 -0.0132222
3 -0.00982946
1762 3
1 -0.0139416
2 -0.0132474
3 -0.00980642
1763 3
1 -0.0139526
2 -0.0132705
3 -0.00978499
1764 3
1 -0.0139627
2 -0.0132915
3 -0.00976518
1765 3
1 -0.0139719
2 -0.0133105
3 -0.00974705
1766 3
1 -0.01398
2 -0.0133274
3 -0.00973063
1767 3
1 -0.0139873
2 -0.0133421
3 -0.00971599
1768 3
1 -0.0139935
2 -0.0133548
3 -0.00970319
1769 3
1 -0.0139988
2 -0.0133654
3 -0.00969229
1770 3
1 -0.014003
2 -0.0133739
3 -0.00968336
1771 3
1 -0.0140063
2 -0.0133804
3 -0.00967649
1772 3
1 -0.0140085
2 -0.0133848
3 -0.00967173
1773 3
1 -0.0140097
2 -0.0133871
3 -0.00966918
1774 3
1 -0.0140098
2 -0.0133874
3 -0.00966888
1775 3
1 -0.0140089
2 -0.0133856
3 -0.00967092
1776 3
1 -0.0140069
2 -0.0133817
3 -0.00967534
1777 3
1 -0.0140038
2 -0.0133758
3 -0.00968221
1778 3
1 -0.0139996
2 -0.0133678
3 -0.00969157
1779 3
1 -0.0139942
2 -0.0133578
3 -0.00970348
1780 3
1 -0.0139878
2 -0.0133456
3 -0.00971799
1781 3
1 -0.0139801
2 -0.0133314
3 -0.00973515
1782 3
1 -0.0139714
2 -0.0133151
3 -0.009755
1783 3
1 -0.0139615
2 -0.0132968
3 -0.00977758
1784 3
1 -0.0139504
2 -0.0132763
3 -0.00980294
1785 3
1 -0.0139381
2 -0.0132538
3 -0.00983112
1786 3
1 -0.0139246
2 -0.0132291
3 -0.00986216
1787 3
1 -0.0139099
2 -0.0132024
3 -0.0098961
1788 3
1 -0.0138939
2 -0.0131735
3 -0.00993298
1789 3
1 -0.0138768
2 -0.0131426
3 -0.00997286
1790 3
1 -0.0138584
2 -0.0131095
3 -0.0100158
1791 3
1 -0.0138387
2 -0.0130744
3 -0.0100618
1792 3
1 -0.0138178
2 -0.0130371
3 -0.010111
1793 3
1 -0.0137957
2 -0.0129978
3 -0.0101633
1794 3
1 -0.0137723
2 -0.0129564
3 -0.010219
1795 3
1 -0.0137478
2 -0.0129129
3 -0.010278
1796 3
1 -0.0137221
2 -0.0128672
3 -0.0103405
1797 3
1 -0.0136952
2 -0.0128195
3 -0.0104064
1798 3
1 -0.0136673
2 -0.0127696
3 -0.010476
1799 3
1 -0.0136383
2 -0.0127176
3 -0.0105491
1800 3
1 -0.0136082
2 -0.0126635
3 -0.010626
1801 3
1 -0.0135771
2 -0.0126072
3 -0.0107066
1802 3
1 -0.0135449
2 -0.0125488
3 -0.010791
1803 3
1 -0.0135117
2 -0.0124883
3 -0.0108793
1804 3
1 -0.0134774
2 -0.0124258
3 -0.0109714
1805 3
1 -0.0134421
2 -0.0123612
3 -0.0110674
1806 3
1 -0.0134057
2 -0.0122945
3 -0.0111673
1807 3
1 -0.0133682
2 -0.0122257
3 -0.011271
1808 3
1 -0.0133296
2 -0.0121549
3 -0.0113786
1809 3
1 -0.0132899
2 -0.0120819
3 -0.0114901
1810 3
1 -0.013249
2 -0.0120067
3 -0.0116053
1811 3
1 -0.0132068
2 -0.0119293
3 -0.0117245
1812 3
1 -0.0131634
2 -0.0118497
3 -0.0118475
1813 3
1 -0.0131186
2 -0.0117677
3 -0.0119744
1814 3
1 -0.0130724
2 -0.0116834
3 -0.0121051
1815 3
1 -0.0130249
2 -0.0115967
3 -0.0122398
1816 3
1 -0.0129758
2 -0.0115077
3 -0.0123783
1817 3
1 -0.0129254
2 -0.0114163
3 -0.0125207
1818 3
1 -0.0128735
2 -0.0113227
3 -0.0126668
1819 3
1 -0.0128201
2 -0.0112267
3 -0.0128168
1820 3
1 -0.0127654
2 -0.0111286
3 -0.0129706
1821 3
1 -0.0127091
2 -0.0110282
3 -0.0131281
1822 3
1 -0.0126515
2 -0.0109256
3 -0.0132892
1823 3
1 -0.0125925
2 -0.010821
3 -0.013454
1824 3
1 -0.0125321
2 -0.0107142
3 -0.0136223
1825 3
1 -0.0124703
2 -0.0106054
3 -0.0137941
1826 3
1 -0.0124071
2 -0.0104945
3 -0.0139693
1827 3
1 -0.0123426
2 -0.0103816
3 -0.0141478
1828 3
1 -0.0122767
2 -0.0102666
3 -0.0143296
1829 3
1 -0.0122095
2 -0.0101496
3 -0.0145147
1830 3
1 -0.0121409
2 -0.0100306
3 -0.0147028
1831 3
1 -0.012071
2 -0.00990943
3 -0.014894
1832 3
1 -0.0119998
2 -0.00978617
3 -0.0150881
1833 3
1 -0.0119272
2 -0.00966071
3 -0.0152851
1834 3
1 -0.0118532
2 -0.009533
3 -0.0154847
1835 3
1 -0.0117778
2 -0.00940298
3 -0.0156867
1836 3
1 -0.0117011
2 -0.0092706
3 -0.015891
1837 3
1 -0.011623
2 -0.00913579
3 -0.0160974
1838 3
1 -0.0115434
2 -0.00899854
3 -0.0163056
1839 3
1 -0.0114626
2 -0.00885884
3 -0.0165155
1840 3
1 -0.0113804
2 -0.0087167
3 -0.016727
1841 3
1 -0.0112969
2 -0.00857214
3 -0.0169399
1842 3
1 -0.0112122
2 -0.00842522
3 -0.0171542
1843 3
1 -0.0111262
2 -0.00827594
3 -0.0173698
1844 3
1 -0.011039
2 -0.00812433
3 -0.0175867
1845 3
1 -0.0109507
2 -0.00797042
3 -0.0178048
1846 3
1 -0.0108611
2 -0.00781425
3 -0.0180242
1847 3
1 -0.0107704
2 -0.00765588
3 -0.0182446
1848 3
1 -0.0106785
2 -0.00749538
3 -0.0184661
1849 3
1 -0.0105854
2 -0.00733288
3 -0.0186883
1850 3
1 -0.0104912
2 -0.00716848
3 -0.0189114
1851 3
1 -0.010396
2 -0.00700235
3 -0.0191351
1852 3
1 -0.0102998
2 -0.00683464
3 -0.0193595
1853 3
1 -0.0102026
2 -0.00666551
3 -0.0195843
1854 3
1 -0.0101045
2 -0.00649514
3 -0.0198095
1855 3
1 -0.0100056
2 -0.00632368
3 -0.0200351
1856 3
1 -0.00990585
2 -0.00615129
3 -0.0202609
1857 3
1 -0.00980539
2 -0.0059781
3 -0.0204868
1858 3
1 -0.00970424
2 -0.00580422
3 -0.0207127
1859 3
1 -0.00960245
2 -0.00562977
3 -0.0209385
1860 3
1 -0.00950005
2 -0.00545481
3 -0.0211641
1861 3
1 -0.00939711
2 -0.00527941
3 -0.0213894
1862 3
1 -0.00929366
2 -0.00510363
3 -0.0216142
1863 3
1 -0.00918978
2 -0.00492749
3 -0.0218384
1864 3
1 -0.00908553
2 -0.00475104
3 -0.0220619
1865 3
1 -0.00898099
2 -0.00457431
3 -0.0222846
1866 3
1 -0.00887626
2 -0.00439731
3 -0.0225063
1867 3
1 -0.00877142
2 -0.00422009
3 -0.0227268
1868 3
1 -0.00866656
2 -0.00404265
3 -0.0229462
1869 3
1 -0.00856178
2 -0.00386501
3 -0.0231641
1870 3
1 -0.00845715
2 -0.0036872
3 -0.0233806
1871 3
1 -0.00835275
2 -0.00350923
3 -0.0235955
1872 3
1 -0.00824863
2 -0.00333112
3 -0.0238087
1873 3
1 -0.00814486
2 -0.00315291
3 -0.0240202
1874 3
1 -0.00804147
2 -0.00297464
3 -0.0242297
1875 3
1 -0.00793852
2 -0.00279638
3 -0.0244372
1876 3
1 -0.00783605
2 -0.00261823
3 -0.0246425
1877 3
1 -0.00773414
2 -0.00244028
3 -0.0248457
1878 3
1 -0.00763286
2 -0.00226263
3 -0.0250465
1879 3
1 -0.00753225
2 -0.00208536
3 -0.025245
1880 3
1 -0.00743235
2 -0.00190857
3 -0.0254411
1881 3
1 -0.00733317
2 -0.00173234
3 -0.0256346
1882 3
1 -0.00723473
2 -0.00155677
3 -0.0258257
1883 3
1 -0.00713708
2 -0.00138194
3 -0.0260142
1884 3
1 -0.00704026
2 -0.00120793
3 -0.0262003
1885 3
1 -0.00694437
2 -0.00103482
3 -0.0263839
1886 3
1 -0.00684949
2 -0.000862676
3 -0.026565
1887 3
1 -0.00675569
2 -0.000691568
3 -0.0267435
1888 3
1 -0.00666303
2 -0.000521565
3 -0.0269195
1889 3
1 -0.00657154
2 -0.000352743
3 -0.0270929
1890 3
1 -0.00648126
2 -0.00018518
3 -0.0272637
1891 3
1 -0.00639219
2 -1.89611e-05
3 -0.0274318
1892 3
1 -0.00630436
2 0.000145823
3 -0.0275972
1893 3
1 -0.00621775
2 0.000309084
3 -0.0277598
1894 3
1 -0.00613237
2 0.000470736
3 -0.0279197
1895 3
1 -0.00604821
2 0.000630702
3 -0.0280768
1896 3
1 -0.00596527
2 0.000788911
3 -0.0282311
1897 3
1 -0.00588353
2 0.000945303
3 -0.0283827
1898 3
1 -0.00580298
2 0.00109982
3 -0.0285315
1899 3
1 -0.0057236
2 0.00125241
3 -0.0286775
1900 3
1 -0.00564539
2 0.00140304
3 -0.0288208
1901 3
1 -0.00556833
2 0.00155165
3 -0.0289613
1902 3
1 -0.00549243
2 0.00169821
3 -0.029099
1903 3
1 -0.00541768
2 0.00184268
3 -0.0292339
1904 3
1 -0.00534409
2 0.00198504
3 -0.0293661
1905 3
1 -0.00527165
2 0.00212525
3 -0.0294954
1906 3
1 -0.00520038
2 0.00226332
3 -0.029622
1907 3
1 -0.00513026
2 0.00239923
3 -0.0297459
1908 3
1 -0.00506131
2 0.00253299
3 -0.0298669
1909 3
1 -0.00499353
2 0.00266462
3 -0.0299853
1910 3
1 -0.00492695
2 0.00279413
3 -0.030101
1911 3
1 -0.00486159
2 0.00292155
3 -0.030214
1912 3
1 -0.0047975
2 0.00304691
3 -0.0303243
1913 3
1 -0.0047347
2 0.00317022
3 -0.0304321
1914 3
1 -0.00467321
2 0.00329153
3 -0.0305373
1915 3
1 -0.00461304
2 0.00341084
3 -0.0306399
1916 3
1 -0.00455419
2 0.00352816
3 -0.03074
1917 3
1 -0.00449668
2 0.00364348
3 -0.0308374
1918 3
1 -0.00444048
2 0.00375679
3 -0.0309323
1919 3
1 -0.0043856
2 0.00386808
3 -0.0310246
1920 3
1 -0.00433203
2 0.00397735
3 -0.0311143
1921 3
1 -0.00427977
2 0.00408459
3 -0.0312015
1922 3
1 -0.00422878
2 0.00418978
3 -0.0312862
1923 3
1 -0.00417907
2 0.00429289
3 -0.0313685
1924 3
1 -0.00413063
2 0.00439389
3 -0.0314483
1925 3
1 -0.00408342
2 0.00449275
3 -0.0315258
1926 3
1 -0.00403743
2 0.00458945
3 -0.0316011
1927 3
1 -0.00399264
2 0.00468398
3 -0.031674
1928 3
1 -0.00394901
2 0.0047763
3 -0.0317448
1929 3
1 -0.00390653
2 0.00486642
3 -0.0318135
1930 3
1 -0.00386517
2 0.0049543
3 -0.03188
1931 3
1 -0.0038249
2 0.00503993
3 -0.0319445
1932 3
1 -0.00378572
2 0.0051233
3 -0.032007
1933 3
1 -0.00374762
2 0.0052044
3 -0.0320674
1934 3
1 -0.00371058
2 0.00528323
3 -0.0321259
1935 3
1 -0.00367461
2 0.00535977
3 -0.0321824
1936 3
1 -0.0036397
2 0.00543404
3 -0.032237
1937 3
1 -0.00360586
2 0.00550603
3 -0.0322898
1938 3
1 -0.00357307
2 0.00557576
3 -0.0323406
1939 3
1 -0.00354134
2 0.00564324
3 -0.0323897
1940 3
1 -0.00351065
2 0.00570847
3 -0.0324369
1941 3
1 -0.003481
2 0.00577149
3 -0.0324824
1942 3
1 -0.00345236
2 0.0058323
3 -0.032526
1943 3
1 -0.00342472
2 0.00589093
3 -0.0325679
1944 3
1 -0.00339807
2 0.0059474
3 -0.032608
1945 3
1 -0.00337238
2 0.00600175
3 -0.0326463
1946 3
1 -0.00334766
2 0.00605399
3 -0.0326829
1947 3
1 -0.00332387
2 0.00610416
3 -0.0327177
1948 3
1 -0.00330102
2 0.00615227
3 -0.0327508
1949 3
1 -0.0032791
2 0.00619834
3 -0.0327822
1950 3
1 -0.0032581
2 0.00624239
3 -0.0328118
1951 3
1 -0.00323802
2 0.00628441
3 -0.0328398
1952 3
1 -0.00321887
2 0.0063244
3 -0.0328661
1953 3
1 -0.00320065
2 0.00636237
3 -0.0328908
1954 3
1 -0.00318338
2 0.00639832
3 -0.0329139
1955 3
1 -0.00316708
2 0.00643225
3 -0.0329354
1956 3
1 -0.00315176
2 0.00646415
3 -0.0329555
1957 3
1 -0.00313743
2 0.00649403
3 -0.032974
1958 3
1 -0.00312409
2 0.00652188
3 -0.0329912
1959 3
1 -0.00311175
2 0.0065477
3 -0.033007
1960 3
1 -0.00310041
2 0.00657147
3 -0.0330213
1961 3
1 -0.00309008
2 0.00659319
3 -0.0330344
1962 3
1 -0.00308075
2 0.00661286
3 -0.0330461
1963 3
1 -0.00307242
2 0.00663046
3 -0.0330565
1964 3
1 -0.00306508
2 0.006646
3 -0.0330656
1965 3
1 -0.00305875
2 0.00665947
3 -0.0330734
1966 3
1 -0.0030534
2 0.00667086
3 -0.0330799
1967 3
1 -0.00304905
2 0.00668017
3 -0.0330852
1968 3
1 -0.00304569
2 0.00668739
3 -0.0330893
1969 3
1 -0.0030433
2 0.00669252
3 -0.0330922
1970 3
1 -0.0030419
2 0.00669554
3 -0.0330939
1971 3
1 -0.00304148
2 0.00669646
3 -0.0330944
1972 3
1 -0.00304203
2 0.00669527
3 -0.0330937
1973 3
1 -0.00304355
2 0.00669197
3 -0.0330919
1974 3
1 -0.00304605
2 0.00668655
3 -0.033089
1975 3
1 -0.00304951
2 0.00667901
3 -0.033085
1976 3
1 -0.00305395
2 0.00666937
3 -0.0330799
1977 3
1 -0.00305936
2 0.0066576
3 -0.0330737
1978 3
1 -0.00306575
2 0.00664373
3 -0.0330664
1979 3
1 -0.00307312
2 0.00662775
3 -0.0330581
1980 3
1 -0.00308147
2 0.00660966
3 -0.0330488
1981 3
1 -0.00309081
2 0.00658947
3 -0.0330384
1982 3
1 -0.00310115
2 0.00656717
3 -0.0330271
1983 3
1 -0.0031125
2 0.00654277
3 -0.0330148
1984 3
1 -0.00312487
2 0.00651627
3 -0.0330015
1985 3
1 -0.00313826
2 0.00648765
3 -0.0329873
1986 3
1 -0.00315269
2 0.00645693
3 -0.0329721
1987 3
1 -0.00316817
2 0.00642408
3 -0.032956
1988 3
1 -0.00318471
2 0.00638912
3 -0.032939
1989 3
1 -0.00320234
2 0.00635204
3 -0.0329211
1990 3
1 -0.00322105
2 0.00631284
3 -0.0329023
1991 3
1 -0.00324084
2 0.00627153
3 -0.0328826
1992 3
1 -0.00326172
2 0.00622811
3 -0.0328621
1993 3
1 -0.00328368
2 0.00618258
3 -0.0328408
1994 3
1 -0.0033067
2 0.00613493
3 -0.0328186
1995 3
1 -0.00333078
2 0.00608519
3 -0.0327956
1996 3
1 -0.00335591
2 0.00603334
3 -0.0327717
1997 3
1 -0.00338208
2 0.00597942
3 -0.0327471
1998 3
1 -0.00340927
2 0.00592344
3 -0.0327216
1999 3
1 -0.00343747
2 0.00586542
3 -0.0326953
2000 3
1 -0.00346669
2 0.00580537
3 -0.0326682
2001 3
1 -0.00349692
2 0.0057433
3 -0.0326403
2002 3
1 -0.00352815
2 0.00567921
3 -0.0326115
2003 3
1 -0.00356038
2 0.00561313
3 -0.032582
2004 3
1 -0.00359363
2 0.00554505
3 -0.0325517
2005 3
1 -0.00362788
2 0.00547499
3 -0.0325205
2006 3
1 -0.00366313
2 0.00540295
3 -0.0324886
2007 3
1 -0.00369939
2 0.00532896
3 -0.032456
2008 3
1 -0.00373666
2 0.00525303
3 -0.0324226
2009 3
1 -0.00377493
2 0.00517517
3 -0.0323884
2010 3
1 -0.00381422
2 0.00509542
3 -0.0323535
2011 3
1 -0.00385453
2 0.00501379
3 -0.0323178
2012 3
1 -0.00389586
2 0.00493031
3 -0.0322815
2013 3
1 -0.00393822
2 0.00484501
3 -0.0322444
2014 3
1 -0.0039816
2 0.00475792
3 -0.0322066
2015 3
1 -0.00402603
2 0.00466907
3 -0.0321681
2016 3
1 -0.00407149
2 0.00457848
3 -0.0321289
2017 3
1 -0.00411801
2 0.00448619
3 -0.032089
2018 3
1 -0.00416559
2 0.00439222
3 -0.0320484
2019 3
1 -0.00421424
2 0.0042966
3 -0.032007
2020 3
1 -0.00426397
2 0.00419936
3 -0.031965
2021 3
1 -0.00431481
2 0.00410054
3 -0.0319221
2022 3
1 -0.00436677
2 0.00400018
3 -0.0318786
2023 3
1 -0.00441987
2 0.00389831
3 -0.0318343
2024 3
1 -0.00447413
2 0.00379496
3 -0.0317893
2025 3
1 -0.00452957
2 0.00369016
3 -0.0317436
2026 3
1 -0.0045862
2 0.00358394
3 -0.0316973
2027 3
1 -0.00464403
2 0.00347631
3 -0.0316504
2028 3
1 -0.00470307
2 0.00336728
3 -0.031603
2029 3
1 -0.00476332
2 0.00325687
3 -0.031555
2030 3
1 -0.00482478
2 0.00314509
3 -0.0315065
2031 3
1 -0.00488743
2 0.00303192
3 -0.0314575
2032 3
1 -0.00495127
2 0.00291739
3 -0.0314081
2033 3
1 -0.00501628
2 0.00280148
3 -0.0313583
2034 3
1 -0.00508247
2 0.00268419
3 -0.031308
2035 3
1 -0.00514982
2 0.00256552
3 -0.0312573
2036 3
1 -0.00521832
2 0.00244549
3 -0.0312062
2037 3
1 -0.00528798
2 0.0023241
3 -0.0311547
2038 3
1 -0.00535879
2 0.00220137
3 -0.0311027
2039 3
1 -0.00543074
2 0.00207732
3 -0.0310502
2040 3
1 -0.00550382
2 0.00195199
3 -0.0309974
2041 3
1 -0.00557803
2 0.00182539
3 -0.0309441
2042 3
1 -0.00565338
2 0.00169756
3 -0.0308903
2043 3
1 -0.00572983
2 0.00156855
3 -0.0308362
2044 3
1 -0.00580739
2 0.00143838
3 -0.0307816
2045 3
1 -0.00588602
2 0.00130712
3 -0.0307266
2046 3
1 -0.00596571
2 0.00117479
3 -0.0306712
2047 3
1 -0.00604643
2 0.00104146
3 -0.0306154
2048 3
1 -0.00612815
2 0.000907173
3 -0.0305592
2049 3
1 -0.00621086
2 0.000771964
3 -0.0305026
2050 3
1 -0.00629452
2 0.000635878
3 -0.0304456
2051 3
1 -0.00637914
2 0.000498954
3 -0.0303882
2052 3
1 -0.00646468
2 0.000361231
3 -0.0303305
2053 3
1 -0.00655116
2 0.000222747
3 -0.0302724
2054 3
1 -0.00663856
2 8.35426e-05
3 -0.030214
2055 3
1 -0.00672688
2 -5.63421e-05
3 -0.0301554
2056 3
1 -0.00681611
2 -0.000196865
3 -0.0300965
2057 3
1 -0.00690626
2 -0.000337984
3 -0.0300375
2058 3
1 -0.00699732
2 -0.000479664
3 -0.0299783
2059 3
1 -0.00708927
2 -0.00062187
3 -0.0299189
2060 3
1 -0.00718211
2 -0.000764577
3 -0.0298595
2061 3
1 -0.00727582
2 -0.00090776
3 -0.0298
2062 3
1 -0.00737037
2 -0.0010514
3 -0.0297405
2063 3
1 -0.00746574
2 -0.00119548
3 -0.0296811
2064 3
1 -0.0075619
2 -0.00133998
3 -0.0296217
2065 3
1 -0.00765884
2 -0.0014849
3 -0.0295625
2066 3
1 -0.00775653
2 -0.00163021
3 -0.0295034
2067 3
1 -0.00785497
2 -0.0017759
3 -0.0294447
2068 3
1 -0.00795415
2 -0.00192192
3 -0.0293861
2069 3
1 -0.00805403
2 -0.00206823
3 -0.0293279
2070 3
1 -0.00815459
2 -0.00221481
3 -0.0292699
2071 3
1 -0.00825577
2 -0.0023616
3 -0.0292122
2072 3
1 -0.00835751
2 -0.00250857
3 -0.0291547
2073 3
1 -0.00845974
2 -0.00265569
3 -0.0290975
2074 3
1 -0.0085624
2 -0.0028029
3 -0.0290405
2075 3
1 -0.00866543
2 -0.0029502
3 -0.0289837
2076 3
1 -0.00876875
2 -0.00309753
3 -0.0289271
2077 3
1 -0.0088723
2 -0.00324489
3 -0.0288707
2078 3
1 -0.00897601
2 -0.00339226
3 -0.0288145
2079 3
1 -0.00907984
2 -0.00353962
3 -0.0287584
2080 3
1 -0.00918371
2 -0.00368696
3 -0.0287026
2081 3
1 -0.00928758
2 -0.00383426
3 -0.0286469
2082 3
1 -0.00939139
2 -0.0039815
3 -0.0285914
2083 3
1 -0.0094951
2 -0.00412863
3 -0.0285361
2084 3
1 -0.00959866
2 -0.00427563
3 -0.0284809
2085 3
1 -0.00970205
2 -0.00442245
3 -0.0284259
2086 3
1 -0.00980524
2 -0.00456906
3 -0.028371
2087 3
1 -0.00990822
2 -0.0047154
3 -0.0283162
2088 3
1 -0.010011
2 -0.00486144
3 -0.0282616
2089 3
1 -0.0101135
2 -0.00500712
3 -0.0282072
2090 3
1 -0.0102157
2 -0.0051524
3 -0.0281529
2091 3
1 -0.0103176
2 -0.00529722
3 -0.0280989
2092 3
1 -0.0104193
2 -0.00544153
3 -0.0280452
2093 3
1 -0.0105207
2 -0.00558526
3 -0.0279918
2094 3
1 -0.0106218
2 -0.00572837
3 -0.0279388
2095 3
1 -0.0107225
2 -0.0058708
3 -0.0278863
2096 3
1 -0.010823
2 -0.00601248
3 -0.0278343
2097 3
1 -0.0109231
2 -0.00615337
3 -0.0277828
2098 3
1 -0.0110228
2 -0.00629343
3 -0.0277319
2099 3
1 -0.011122
2 -0.0064326
3 -0.0276815
2100 3
1 -0.0112208
2 -0.00657085
3 -0.0276317
2101 3
1 -0.011319
2 -0.00670816
3 -0.0275825
2102 3
1 -0.0114166
2 -0.0068445
3 -0.0275338
2103 3
1 -0.0115135
2 -0.00697983
3 -0.0274857
2104 3
1 -0.0116096
2 -0.00711414
3 -0.0274381
2105 3
1 -0.0117051
2 -0.00724742
3 -0.0273912
2106 3
1 -0.0118
2 -0.00737972
3 -0.0273447
2107 3
1 -0.0118941
2 -0.00751108
3 -0.0272988
2108 3
1 -0.0119876
2 -0.00764154
3 -0.0272535
2109 3
1 -0.0120805
2 -0.0077711
3 -0.0272087
2110 3
1 -0.0121726
2 -0.00789977
3 -0.0271645
2111 3
1 -0.0122641
2 -0.00802755
3 -0.027121
2112 3
1 -0.0123549
2 -0.00815442
3 -0.0270781
2113 3
1 -0.012445
2 -0.00828038
3 -0.0270359
2114 3
1 -0.0125343
2 -0.00840543
3 -0.0269943
2115 3
1 -0.0126229
2 -0.00852955
3 -0.0269535
2116 3
1 -0.0127106
2 -0.00865274
3 -0.0269133
2117 3
1 -0.0127975
2 -0.00877497
3 -0.0268738
2118 3
1 -0.0128836
2 -0.00889624
3 -0.0268349
2119 3
1 -0.0129687
2 -0.00901651
3 -0.0267966
2120 3
1 -0.0130529
2 -0.00913575
3 -0.0267588
2121 3
1 -0.0131361
2 -0.00925393
3 -0.0267215
2122 3
1 -0.0132183
2 -0.00937103
3 -0.0266847
2123 3
1 -0.0132995
2 -0.009487
3 -0.0266483
2124 3
1 -0.0133797
2 -0.0096018
3 -0.0266123
2125 3
1 -0.0134589
2 -0.00971539
3 -0.0265767
2126 3
1 -0.013537
2 -0.00982775
3 -0.0265415
2127 3
1 -0.013614
2 -0.00993884
3 -0.0265067
2128 3
1 -0.0136901
2 -0.0100487
3 -0.0264722
2129 3
1 -0.0137651
2 -0.0101572
3 -0.0264382
2130 3
1 -0.013839
2 -0.0102644
3 -0.0264045
2131 3
1 -0.013912
2 -0.0103702
3 -0.0263713
2132 3
1 -0.0139838
2 -0.0104748
3 -0.0263385
2133 3
1 -0.0140547
2 -0.010578
3 -0.0263061
2134 3
1 -0.0141245
2 -0.01068
3 -0.0262741
2135 3
1 -0.0141933
2 -0.0107806
3 -0.0262426
2136 3
1 -0.014261
2 -0.0108798
3 -0.0262115
2137 3
1 -0.0143277
2 -0.0109777
3 -0.026181
2138 3
1 -0.0143934
2 -0.0110742
3 -0.0261508
2139 3
1 -0.0144583
2 -0.0111692
3 -0.0261212
2140 3
1 -0.0145221
2 -0.0112628
3 -0.026092
2141 3
1 -0.0145852
2 -0.0113549
3 -0.0260633
2142 3
1 -0.0146474
2 -0.0114455
3 -0.0260351
2143 3
1 -0.0147087
2 -0.0115346
3 -0.0260073
2144 3
1 -0.0147693
2 -0.0116222
3 -0.0259801
2145 3
1 -0.0148291
2 -0.0117082
3 -0.0259535
2146 3
1 -0.014888
2 -0.0117926
3 -0.0259274
2147 3
1 -0.0149461
2 -0.0118755
3 -0.0259019
2148 3
1 -0.0150032
2 -0.0119567
3 -0.025877
2149 3
1 -0.0150594
2 -0.0120363
3 -0.0258527
2150 3
1 -0.0151145
2 -0.0121143
3 -0.025829
2151 3
1 -0.0151685
2 -0.0121907
3 -0.025806
2152 3
1 -0.0152214
2 -0.0122654
3 -0.0257836
2153 3
1 -0.0152732
2 -0.0123384
3 -0.0257618
2154 3
1 -0.0153237
2 -0.0124099
3 -0.0257407
2155 3
1 -0.0153731
2 -0.0124796
3 -0.0257201
2156 3
1 -0.0154213
2 -0.0125477
3 -0.0257002
2157 3
1 -0.0154682
2 -0.0126141
3 -0.0256809
2158 3
1 -0.015514
2 -0.0126788
3 -0.0256621
2159 3
1 -0.0155585
2 -0.0127417
3 -0.0256439
2160 3
1 -0.0156018
2 -0.0128029
3 -0.0256262
2161 3
1 -0.0156438
2 -0.0128624
3 -0.0256091
2162 3
1 -0.0156847
2 -0.01292
3 -0.0255925
2163 3
1 -0.0157243
2 -0.012976
3 -0.0255764
2164 3
1 -0.0157627
2 -0.0130301
3 -0.0255609
2165 3
1 -0.0158
2 -0.0130824
3 -0.0255458
2166 3
1 -0.015836
2 -0.013133
3 -0.0255313
2167 3
1 -0.0158709
2 -0.0131818
3 -0.0255173
2168 3
1 -0.0159046
2 -0.0132288
3 -0.0255038
2169 3
1 -0.0159371
2 -0.013274
3 -0.0254908
2170 3
1 -0.0159684
2 -0.0133175
3 -0.0254783
2171 3
1 -0.0159985
2 -0.0133591
3 -0.0254663
2172 3
1 -0.0160274
2 -0.013399
3 -0.0254549
2173 3
1 -0.0160551
2 -0.013437
3 -0.0254439
2174 3
1 -0.0160815
2 -0.0134732
3 -0.0254334
2175 3
1 -0.0161067
2 -0.0135076
3 -0.0254235
2176 3
1 -0.0161307
2 -0.0135402
3 -0.0254141
2177 3
1 -0.0161533
2 -0.0135709
3 -0.0254051
2178 3
1 -0.0161746
2 -0.0135998
3 -0.0253967
2179 3
1 -0.0161947
2 -0.0136268
3 -0.0253889
2180 3
1 -0.0162133
2 -0.0136519
3 -0.0253815
2181 3
1 -0.0162306
2 -0.0136751
3 -0.0253748
2182 3
1 -0.0162466
2 -0.0136965
3 -0.0253685
2183 3
1 -0.0162611
2 -0.0137159
3 -0.0253629
2184 3
1 -0.0162742
2 -0.0137333
3 -0.0253577
2185 3
1 -0.0162859
2 -0.0137489
3 -0.0253532
2186 3
1 -0.016296
2 -0.0137624
3 -0.0253492
2187 3
1 -0.0163047
2 -0.0137739
3 -0.0253459
2188 3
1 -0.0163118
2 -0.0137834
3 -0.0253431
2189 3
1 -0.0163174
2 -0.0137908
3 -0.025341
2190 3
1 -0.0163214
2 -0.0137961
3 -0.0253394
2191 3
1 -0.0163238
2 -0.0137993
3 -0.0253385
2192 3
1 -0.0163246
2 -0.0138004
3 -0.0253382
2193 3
1 -0.0163238
2 -0.0137993
3 -0.0253385
2194 3
1 -0.0163213
2 -0.013796
3 -0.0253394
2195 3
1 -0.0163172
2 -0.0137906
3 -0.025341
2196 3
1 -0.0163115
2 -0.0137829
3 -0.0253432
2197 3
1 -0.016304
2 -0.013773
3 -0.0253461
2198 3
1 -0.0162948
2 -0.0137609
3 -0.0253495
2199 3
1 -0.0162839
2 -0.0137464
3 -0.0253537
2200 3
1 -0.0162712
2 -0.0137297
3 -0.0253585
2201 3
1 -0.0162568
2 -0.0137106
3 -0.0253639
2202 3
1 -0.0162405
2 -0.0136891
3 -0.02537
2203 3
1 -0.0162223
2 -0.0136653
3 -0.0253767
2204 3
1 -0.0162023
2 -0.0136389
3 -0.0253841
2205 3
1 -0.0161804
2 -0.0136102
3 -0.0253922
2206 3
1 -0.0161565
2 -0.0135789
3 -0.0254009
2207 3
1 -0.0161305
2 -0.0135451
3 -0.0254103
2208 3
1 -0.0161026
2 -0.0135086
3 -0.0254203
2209 3
1 -0.0160725
2 -0.0134695
3 -0.0254311
2210 3
1 -0.0160403
2 -0.0134278
3 -0.0254425
2211 3
1 -0.016006
2 -0.0133833
3 -0.0254547
2212 3
1 -0.0159694
2 -0.013336
3 -0.0254675
2213 3
1 -0.0159305
2 -0.0132858
3 -0.0254811
2214 3
1 -0.0158894
2 -0.0132327
3 -0.0254955
2215 3
1 -0.0158459
2 -0.0131766
3 -0.0255106
2216 3
1 -0.0158
2 -0.0131175
3 -0.0255266
2217 3
1 -0.0157516
2 -0.0130553
3 -0.0255434
2218 3
1 -0.0157007
2 -0.0129899
3 -0.0255611
2219 3
1 -0.0156474
2 -0.0129213
3 -0.0255796
2220 3
1 -0.0155915
2 -0.0128494
3 -0.0255991
2221 3
1 -0.0155331
2 -0.0127741
3 -0.0256195
2222 3
1 -0.0154721
2 -0.0126954
3 -0.0256409
2223 3
1 -0.0154086
2 -0.0126131
3 -0.0256632
2224 3
1 -0.0153423
2 -0.0125273
3 -0.0256865
2225 3
1 -0.0152734
2 -0.0124377
3 -0.0257107
2226 3
1 -0.0152018
2 -0.0123445
3 -0.025736
2227 3
1 -0.0151274
2 -0.0122475
3 -0.0257622
2228 3
1 -0.0150502
2 -0.0121466
3 -0.0257894
2229 3
1 -0.0149701
2 -0.0120419
3 -0.0258176
2230 3
1 -0.014887
2 -0.0119333
3 -0.0258468
2231 3
1 -0.014801
2 -0.0118207
3 -0.0258771
2232 3
1 -0.0147118
2 -0.0117042
3 -0.0259084
2233 3
1 -0.0146195
2 -0.0115835
3 -0.0259407
2234 3
1 -0.014524
2 -0.0114588
3 -0.0259741
2235 3
1 -0.0144251
2 -0.0113298
3 -0.0260086
2236 3
1 -0.0143227
2 -0.0111966
3 -0.0260442
2237 3
1 -0.0142168
2 -0.011059
3 -0.0260809
2238 3
1 -0.0141072
2 -0.0109169
3 -0.0261187
2239 3
1 -0.0139939
2 -0.0107702
3 -0.0261576
2240 3
1 -0.0138766
2 -0.0106187
3 -0.0261976
2241 3
1 -0.0137552
2 -0.0104624
3 -0.0262387
2242 3
1 -0.0136296
2 -0.0103011
3 -0.0262808
2243 3
1 -0.0134998
2 -0.0101346
3 -0.026324
2244 3
1 -0.0133654
2 -0.00996267
3 -0.0263682
2245 3
1 -0.0132265
2 -0.00978521
3 -0.0264134
2246 3
1 -0.0130829
2 -0.00960202
3 -0.0264596
2247 3
1 -0.0129345
2 -0.00941291
3 -0.0265069
2248 3
1 -0.0127814
2 -0.00921774
3 -0.0265552
2249 3
1 -0.0126233
2 -0.00901636
3 -0.0266045
2250 3
1 -0.0124602
2 -0.00880862
3 -0.0266549
2251 3
1 -0.012292
2 -0.0085944
3 -0.0267064
2252 3
1 -0.0121185
2 -0.00837356
3 -0.026759
2253 3
1 -0.0119398
2 -0.00814595
3 -0.0268128
2254 3
1 -0.0117557
2 -0.00791143
3 -0.0268678
2255 3
1 -0.011566
2 -0.00766983
3 -0.0269242
2256 3
1 -0.0113706
2 -0.00742104
3 -0.026982
2257 3
1 -0.0111696
2 -0.00716493
3 -0.0270413
2258 3
1 -0.0109628
2 -0.00690143
3 -0.0271021
2259 3
1 -0.01075
2 -0.00663046
3 -0.0271643
2260 3
1 -0.0105312
2 -0.00635202
3 -0.027228
2261 3
1 -0.0103062
2 -0.0060661
3 -0.027293
2262 3
1 -0.0100749
2 -0.00577272
3 -0.0273593
2263 3
1 -0.00983712
2 -0.00547186
3 -0.0274267
2264 3
1 -0.0095928
2 -0.00516352
3 -0.0274952
2265 3
1 -0.00934183
2 -0.00484765
3 -0.0275647
2266 3
1 -0.00908416
2 -0.00452424
3 -0.0276351
2267 3
1 -0.00881978
2 -0.00419325
3 -0.0277065
2268 3
1 -0.00854872
2 -0.00385465
3 -0.0277787
2269 3
1 -0.00827103
2 -0.00350845
3 -0.0278517
2270 3
1 -0.00798678
2 -0.0031547
3 -0.0279254
2271 3
1 -0.00769605
2 -0.00279344
3 -0.0279997
2272 3
1 -0.00739894
2 -0.00242477
3 -0.0280745
2273 3
1 -0.00709553
2 -0.00204881
3 -0.0281497
2274 3
1 -0.00678595
2 -0.00166569
3 -0.0282253
2275 3
1 -0.0064703
2 -0.00127555
3 -0.0283011
2276 3
1 -0.00614869
2 -0.000878574
3 -0.0283771
2277 3
1 -0.00582122
2 -0.000474921
3 -0.0284532
2278 3
1 -0.00548801
2 -6.47756e-05
3 -0.0285294
2279 3
1 -0.00514916
2 0.000351672
3 -0.0286058
2280 3
1 -0.00480479
2 0.000774218
3 -0.0286821
2281 3
1 -0.004455
2 0.00120264
3 -0.0287586
2282 3
1 -0.00409993
2 0.0016367
3 -0.028835
2283 3
1 -0.00373971
2 0.00207612
3 -0.0289115
2284 3
1 -0.00337446
2 0.0025206
3 -0.0289879
2285 3
1 -0.00300432
2 0.00296981
3 -0.0290642
2286 3
1 -0.00262944
2 0.00342338
3 -0.0291405
2287 3
1 -0.00224996
2 0.00388094
3 -0.0292168
2288 3
1 -0.00186607
2 0.00434209
3 -0.0292931
2289 3
1 -0.00147798
2 0.00480639
3 -0.0293695
2290 3
1 -0.00108594
2 0.00527336
3 -0.0294459
2291 3
1 -0.000690191
2 0.00574249
3 -0.0295224
2292 3
1 -0.000291037
2 0.0062133
3 -0.0295989
2293 3
1 0.000111198
2 0.00668533
3 -0.0296753
2294 3
1 0.000516155
2 0.00715819
3 -0.0297513
2295 3
1 0.000923434
2 0.0076315
3 -0.0298271
2296 3
1 0.0013326
2 0.00810491
3 -0.0299026
2297 3
1 0.00174318
2 0.00857806
3 -0.0299777
2298 3
1 0.00215473
2 0.00905058
3 -0.0300524
2299 3
1 0.00256678
2 0.00952209
3 -0.0301266
2300 3
1 0.0029789
2 0.0099922
3 -0.0302004
2301 3
1 0.00339062
2 0.0104605
3 -0.0302737
2302 3
1 0.00380151
2 0.0109267
3 -0.0303464
2303 3
1 0.00421109
2 0.0113903
3 -0.0304185
2304 3
1 0.00461889
2 0.0118509
3 -0.0304901
2305 3
1 0.00502445
2 0.0123082
3 -0.030561
2306 3
1 0.00542731
2 0.0127617
3 -0.0306314
2307 3
1 0.00582703
2 0.0132111
3 -0.0307011
2308 3
1 0.0062232
2 0.013656
3 -0.0307701
2309 3
1 0.0066154
2 0.0140959
3 -0.0308385
2310 3
1 0.00700324
2 0.0145305
3 -0.0309061
2311 3
1 0.00738636
2 0.0149595
3 -0.030973
2312 3
1 0.00776442
2 0.0153825
3 -0.031039
2313 3
1 0.00813711
2 0.0157992
3 -0.0311042
2314 3
1 0.00850418
2 0.0162093
3 -0.0311685
2315 3
1 0.0088654
2 0.0166127
3 -0.0312317
2316 3
1 0.00922056
2 0.0170091
3 -0.0312939
2317 3
1 0.00956952
2 0.0173982
3 -0.0313549
2318 3
1 0.00991216
2 0.0177799
3 -0.0314147
2319 3
1 0.0102484
2 0.0181541
3 -0.0314733
2320 3
1 0.0105781
2 0.0185204
3 -0.0315305
2321 3
1 0.0109013
2 0.0188789
3 -0.0315864
2322 3
1 0.0112179
2 0.0192293
3 -0.0316411
2323 3
1 0.0115278
2 0.0195715
3 -0.0316946
2324 3
1 0.011831
2 0.0199054
3 -0.0317468
2325 3
1 0.0121272
2 0.0202308
3 -0.0317978
2326 3
1 0.0124164
2 0.0205478
3 -0.0318477
2327 3
1 0.0126983
2 0.0208562
3 -0.0318965
2328 3
1 0.012973
2 0.021156
3 -0.0319442
2329 3
1 0.0132403
2 0.0214474
3 -0.0319908
2330 3
1 0.0135002
2 0.0217303
3 -0.0320364
2331 3
1 0.0137528
2 0.0220049
3 -0.032081
2332 3
1 0.0139979
2 0.0222711
3 -0.0321247
2333 3
1 0.0142357
2 0.0225291
3 -0.0321674
2334 3
1 0.0144661
2 0.0227788
3 -0.0322092
2335 3
1 0.0146891
2 0.0230202
3 -0.0322501
2336 3
1 0.0149048
2 0.0232534
3 -0.0322901
2337 3
1 0.0151133
2 0.0234785
3 -0.0323291
2338 3
1 0.0153145
2 0.0236955
3 -0.0323673
2339 3
1 0.0155085
2 0.0239046
3 -0.0324046
2340 3
1 0.0156952
2 0.0241057
3 -0.032441
2341 3
1 0.0158748
2 0.0242989
3 -0.0324764
2342 3
1 0.0160471
2 0.0244843
3 -0.0325108
2343 3
1 0.0162122
2 0.024662
3 -0.0325441
2344 3
1 0.01637
2 0.0248319
3 -0.0325763
2345 3
1 0.0165207
2 0.0249941
3 -0.0326074
2346 3
1 0.0166642
2 0.0251487
3 -0.0326372
2347 3
1 0.0168006
2 0.0252957
3 -0.0326657
2348 3
1 0.0169299
2 0.0254353
3 -0.032693
2349 3
1 0.0170522
2 0.0255674
3 -0.0327191
2350 3
1 0.0171676
2 0.0256923
3 -0.0327438
2351 3
1 0.0172761
2 0.0258098
3 -0.0327672
2352 3
1 0.0173779
2 0.0259203
3 -0.0327894
2353 3
1 0.0174729
2 0.0260236
3 -0.0328102
2354 3
1 0.0175614
2 0.0261199
3 -0.0328298
2355 3
1 0.0176433
2 0.0262092
3 -0.032848
2356 3
1 0.0177188
2 0.0262917
3 -0.032865
2357 3
1 0.0177879
2 0.0263673
3 -0.0328807
2358 3
1 0.0178507
2 0.0264361
3 -0.0328952
2359 3
1 0.0179074
2 0.0264983
3 -0.0329083
2360 3
1 0.0179579
2 0.0265538
3 -0.0329202
2361 3
1 0.0180025
2 0.0266027
3 -0.0329307
2362 3
1 0.018041
2 0.0266452
3 -0.03294
2363 3
1 0.0180737
2 0.0266811
3 -0.0329479
2364 3
1 0.0181005
2 0.0267107
3 -0.0329545
2365 3
1 0.0181215
2 0.0267339
3 -0.0329597
2366 3
1 0.0181369
2 0.0267509
3 -0.0329635
2367 3
1 0.0181466
2 0.0267616
3 -0.0329659
2368 3
1 0.0181507
2 0.0267661
3 -0.032967
2369 3
1 0.0181492
2 0.0267644
3 -0.0329666
2370 3
1 0.0181422
2 0.0267567
3 -0.0329648
2371 3
1 0.0181297
2 0.0267429
3 -0.0329615
2372 3
1 0.0181119
2 0.0267231
3 -0.0329567
2373 3
1 0.0180886
2 0.0266973
3 -0.0329504
2374 3
1 0.01806
2 0.0266656
3 -0.0329425
2375 3
1 0.0180262
2 0.026628
3 -0.0329331
2376 3
1 0.0179871
2 0.0265845
3 -0.0329221
2377 3
1 0.0179428
2 0.0265352
3 -0.0329096
2378 3
1 0.0178933
2 0.0264801
3 -0.0328954
2379 3
1 0.0178388
2 0.0264193
3 -0.0328797
2380 3
1 0.0177792
2 0.0263528
3 -0.0328623
2381 3
1 0.0177146
2 0.0262807
3 -0.0328433
2382 3
1 0.0176451
2 0.026203
3 -0.0328227
2383 3
1 0.0175706
2 0.0261197
3 -0.0328004
2384 3
1 0.0174913
2 0.026031
3 -0.0327764
2385 3
1 0.0174073
2 0.0259369
3 -0.0327508
2386 3
1 0.0173184
2 0.0258374
3 -0.0327235
2387 3
1 0.0172249
2 0.0257325
3 -0.0326946
2388 3
1 0.0171267
2 0.0256223
3 -0.0326639
2389 3
1 0.0170238
2 0.0255069
3 -0.0326315
2390 3
1 0.0169164
2 0.0253863
3 -0.0325974
2391 3
1 0.0168045
2 0.0252605
3 -0.0325616
2392 3
1 0.016688
2 0.0251296
3 -0.0325241
2393 3
1 0.0165671
2 0.0249936
3 -0.0324848
2394 3
1 0.0164418
2 0.0248526
3 -0.0324438
2395 3
1 0.0163121
2 0.0247065
3 -0.032401
2396 3
1 0.0161781
2 0.0245555
3 -0.0323564
2397 3
1 0.0160397
2 0.0243994
3 -0.0323101
2398 3
1 0.015897
2 0.0242385
3 -0.032262
2399 3
1 0.0157501
2 0.0240725
3 -0.0322121
2400 3
1 0.0155991
2 0.0239017
3 -0.0321604
2401 3
1 0.0154438
2 0.0237261
3 -0.0321068
2402 3
1 0.0152845
2 0.0235455
3 -0.0320513
2403 3
1 0.0151212
2 0.0233602
3 -0.0319938
2404 3
1 0.0149539
2 0.02317
3 -0.0319344
2405 3
1 0.0147827
2 0.0229751
3 -0.0318731
2406 3
1 0.0146077
2 0.0227754
3 -0.0318097
2407 3
1 0.0144289
2 0.0225709
3 -0.0317444
2408 3
1 0.0142464
2 0.0223617
3 -0.0316772
2409 3
1 0.0140602
2 0.0221478
3 -0.0316081
2410 3
1 0.0138704
2 0.0219294
3 -0.031537
2411 3
1 0.0136771
2 0.0217066
3 -0.031464
2412 3
1 0.0134803
2 0.0214793
3 -0.0313891
2413 3
1 0.01328
2 0.0212478
3 -0.0313124
2414 3
1 0.0130764
2 0.0210121
3 -0.0312337
2415 3
1 0.0128695
2 0.0207724
3 -0.0311531
2416 3
1 0.0126594
2 0.0205287
3 -0.0310707
2417 3
1 0.0124463
2 0.0202812
3 -0.0309863
2418 3
1 0.0122302
2 0.0200299
3 -0.0309
2419 3
1 0.0120112
2 0.019775
3 -0.0308118
2420 3
1 0.0117896
2 0.0195165
3 -0.0307216
2421 3
1 0.0115653
2 0.0192545
3 -0.0306294
2422 3
1 0.0113384
2 0.0189892
3 -0.0305352
2423 3
1 0.0111091
2 0.0187206
3 -0.0304391
2424 3
1 0.0108773
2 0.0184489
3 -0.0303409
2425 3
1 0.0106432
2 0.0181741
3 -0.0302408
2426 3
1 0.0104068
2 0.0178964
3 -0.0301387
2427 3
1 0.0101682
2 0.0176158
3 -0.0300347
2428 3
1 0.00992736
2 0.0173324
3 -0.0299288
2429 3
1 0.00968439
2 0.0170463
3 -0.0298209
2430 3
1 0.00943932
2 0.0167576
3 -0.0297112
2431 3
1 0.00919222
2 0.0164663
3 -0.0295997
2432 3
1 0.00894314
2 0.0161724
3 -0.0294863
2433 3
1 0.00869214
2 0.015876
3 -0.029371
2434 3
1 0.00843926
2 0.0155772
3 -0.0292539
2435 3
1 0.00818455
2 0.0152759
3 -0.0291349
2436 3
1 0.00792804
2 0.0149722
3 -0.0290139
2437 3
1 0.00766978
2 0.014666
3 -0.028891
2438 3
1 0.00740979
2 0.0143575
3 -0.0287661
2439 3
1 0.00714813
2 0.0140465
3 -0.0286392
2440 3
1 0.00688484
2 0.0137333
3 -0.0285105
2441 3
1 0.00661999
2 0.0134177
3 -0.0283799
2442 3
1 0.00635363
2 0.0130998
3 -0.0282474
2443 3
1 0.00608584
2 0.0127798
3 -0.0281132
2444 3
1 0.0058167
2 0.0124575
3 -0.0279772
2445 3
1 0.00554626
2 0.0121332
3 -0.0278394
2446 3
1 0.00527459
2 0.0118069
3 -0.0276999
2447 3
1 0.00500178
2 0.0114788
3 -0.0275587
2448 3
1 0.00472789
2 0.011149
3 -0.027416
2449 3
1 0.00445303
2 0.0108176
3 -0.0272717
2450 3
1 0.00417729
2 0.0104846
3 -0.027126
2451 3
1 0.00390078
2 0.0101503
3 -0.0269789
2452 3
1 0.00362363
2 0.00981464
3 -0.0268303
2453 3
1 0.00334595
2 0.00947776
3 -0.0266806
2454 3
1 0.00306786
2 0.00913979
3 -0.0265295
2455 3
1 0.00278946
2 0.00880087
3 -0.0263773
2456 3
1 0.00251085
2 0.0084611
3 -0.0262239
2457 3
1 0.00223213
2 0.0081206
3 -0.0260694
2458 3
1 0.00195339
2 0.00777949
3 -0.0259139
2459 3
1 0.00167471
2 0.00743787
3 -0.0257575
2460 3
1 0.00139616
2 0.00709584
3 -0.0256001
2461 3
1 0.0011178
2 0.00675349
3 -0.0254418
2462 3
1 0.000839708
2 0.00641093
3 -0.0252828
2463 3
1 0.000561934
2 0.00606824
3 -0.0251231
2464 3
1 0.000284538
2 0.00572549
3 -0.0249628
2465 3
1 7.57649e-06
2 0.00538277
3 -0.0248019
2466 3
1 -0.000268897
2 0.00504012
3 -0.0246406
2467 3
1 -0.000544829
2 0.00469762
3 -0.0244789
2468 3
1 -0.000820167
2 0.0043553
3 -0.024317
2469 3
1 -0.00109486
2 0.00401321
3 -0.0241549
2470 3
1 -0.00136884
2 0.00367138
3 -0.0239926
2471 3
1 -0.00164207
2 0.00332981
3 -0.0238303
2472 3
1 -0.00191447
2 0.00298851
3 -0.023668
2473 3
1 -0.00218599
2 0.00264749
3 -0.0235056
2474 3
1 -0.00245653
2 0.00230677
3 -0.0233432
2475 3
1 -0.00272599
2 0.00196634
3 -0.0231808
2476 3
1 -0.00299427
2 0.00162624
3 -0.0230184
2477 3
1 -0.00326123
2 0.00128648
3 -0.0228559
2478 3
1 -0.00352675
2 0.000947053
3 -0.0226935
2479 3
1 -0.00379071
2 0.000607993
3 -0.0225312
2480 3
1 -0.00405299
2 0.000269328
3 -0.0223689
2481 3
1 -0.00431348
2 -6.88862e-05
3 -0.0222068
2482 3
1 -0.00457208
2 -0.000406576
3 -0.0220447
2483 3
1 -0.00482871
2 -0.000743656
3 -0.0218829
2484 3
1 -0.0050833
2 -0.00108004
3 -0.0217212
2485 3
1 -0.00533582
2 -0.00141567
3 -0.0215598
2486 3
1 -0.00558623
2 -0.00175047
3 -0.0213987
2487 3
1 -0.00583452
2 -0.00208441
3 -0.021238
2488 3
1 -0.00608069
2 -0.00241744
3 -0.0210777
2489 3
1 -0.00632473
2 -0.00274953
3 -0.0209179
2490 3
1 -0.00656665
2 -0.00308063
3 -0.0207586
2491 3
1 -0.00680644
2 -0.00341069
3 -0.0205998
2492 3
1 -0.00704411
2 -0.00373964
3 -0.0204416
2493 3
1 -0.00727966
2 -0.00406743
3 -0.020284
2494 3
1 -0.00751309
2 -0.004394
3 -0.0201271
2495 3
1 -0.00774444
2 -0.00471926
3 -0.0199708
2496 3
1 -0.0079737
2 -0.00504316
3 -0.0198153
2497 3
1 -0.00820092
2 -0.00536563
3 -0.0196606
2498 3
1 -0.0084261
2 -0.00568661
3 -0.0195066
2499 3
1 -0.00864928
2 -0.00600602
3 -0.0193535
2500 3
1 -0.00887047
2 -0.00632382
3 -0.0192012
2501 3
1 -0.0090897
2 -0.00663994
3 -0.0190499
2502 3
1 -0.00930698
2 -0.00695434
3 -0.0188995
2503 3
1 -0.00952232
2 -0.00726696
3 -0.01875
2504 3
1 -0.00973574
2 -0.00757777
3 -0.0186016
2505 3
1 -0.00994722
2 -0.0078867
3 -0.0184543
2506 3
1 -0.0101568
2 -0.00819373
3 -0.0183081
2507 3
1 -0.0103644
2 -0.00849883
3 -0.018163
2508 3
1 -0.0105701
2 -0.00880199
3 -0.0180191
2509 3
1 -0.0107738
2 -0.0091032
3 -0.0178763
2510 3
1 -0.0109754
2 -0.00940248
3 -0.0177348
2511 3
1 -0.0111751
2 -0.00969986
3 -0.0175945
2512 3
1 -0.0113727
2 -0.00999539
3 -0.0174554
2513 3
1 -0.0115682
2 -0.0102891
3 -0.0173176
2514 3
1 -0.0117617
2 -0.010581
3 -0.0171811
2515 3
1 -0.011953
2 -0.0108711
3 -0.0170457
2516 3
1 -0.0121423
2 -0.0111594
3 -0.0169116
2517 3
1 -0.0123295
2 -0.0114458
3 -0.0167785
2518 3
1 -0.0125146
2 -0.0117304
3 -0.0166465
2519 3
1 -0.0126978
2 -0.012013
3 -0.0165155
2520 3
1 -0.0128788
2 -0.0122935
3 -0.0163855
2521 3
1 -0.0130578
2 -0.012572
3 -0.0162565
2522 3
1 -0.0132348
2 -0.0128485
3 -0.0161284
2523 3
1 -0.0134096
2 -0.0131228
3 -0.0160014
2524 3
1 -0.0135824
2 -0.0133949
3 -0.0158753
2525 3
1 -0.0137531
2 -0.013665
3 -0.0157504
2526 3
1 -0.0139217
2 -0.0139328
3 -0.0156265
2527 3
1 -0.0140884
2 -0.0141983
3 -0.0155038
2528 3
1 -0.0142532
2 -0.0144616
3 -0.0153823
2529 3
1 -0.014416
2 -0.0147225
3 -0.015262
2530 3
1 -0.014577
2 -0.014981
3 -0.015143
2531 3
1 -0.0147361
2 -0.015237
3 -0.0150252
2532 3
1 -0.0148934
2 -0.0154904
3 -0.0149087
2533 3
1 -0.0150489
2 -0.0157413
3 -0.0147936
2534 3
1 -0.0152026
2 -0.0159896
3 -0.0146799
2535 3
1 -0.0153545
2 -0.0162353
3 -0.0145675
2536 3
1 -0.0155047
2 -0.0164784
3 -0.0144565
2537 3
1 -0.0156531
2 -0.0167188
3 -0.0143469
2538 3
1 -0.0157997
2 -0.0169565
3 -0.0142388
2539 3
1 -0.0159446
2 -0.0171915
3 -0.014132
2540 3
1 -0.0160877
2 -0.0174238
3 -0.0140267
2541 3
1 -0.016229
2 -0.0176533
3 -0.0139228
2542 3
1 -0.0163686
2 -0.0178802
3 -0.0138204
2543 3
1 -0.0165065
2 -0.0181043
3 -0.0137194
2544 3
1 -0.0166426
2 -0.0183257
3 -0.0136199
2545 3
1 -0.0167769
2 -0.0185445
3 -0.0135218
2546 3
1 -0.0169096
2 -0.0187606
3 -0.0134253
2547 3
1 -0.0170404
2 -0.018974
3 -0.0133301
2548 3
1 -0.0171696
2 -0.0191849
3 -0.0132365
2549 3
1 -0.017297
2 -0.0193932
3 -0.0131443
2550 3
1 -0.0174227
2 -0.019599
3 -0.0130536
2551 3
1 -0.0175466
2 -0.0198022
3 -0.0129644
2552 3
1 -0.0176688
2 -0.0200029
3 -0.0128765
2553 3
1 -0.0177893
2 -0.0202011
3 -0.0127899
2554 3
1 -0.017908
2 -0.0203967
3 -0.0127046
2555 3
1 -0.018025
2 -0.0205898
3 -0.0126206
2556 3
1 -0.0181402
2 -0.0207803
3 -0.0125379
2557 3
1 -0.0182537
2 -0.0209682
3 -0.0124563
2558 3
1 -0.0183654
2 -0.0211534
3 -0.0123759
2559 3
1 -0.0184753
2 -0.0213358
3 -0.0122967
2560 3
1 -0.0185835
2 -0.0215155
3 -0.0122187
2561 3
1 -0.0186899
2 -0.0216924
3 -0.012142
2562 3
1 -0.0187945
2 -0.0218665
3 -0.0120666
2563 3
1 -0.0188974
2 -0.0220377
3 -0.0119924
2564 3
1 -0.0189985
2 -0.022206
3 -0.0119195
2565 3
1 -0.0190979
2 -0.0223714
3 -0.0118479
2566 3
1 -0.0191955
2 -0.0225339
3 -0.0117776
2567 3
1 -0.0192913
2 -0.0226935
3 -0.0117085
2568 3
1 -0.0193854
2 -0.0228501
3 -0.0116407
2569 3
1 -0.0194777
2 -0.0230038
3 -0.0115742
2570 3
1 -0.0195683
2 -0.0231545
3 -0.0115089
2571 3
1 -0.0196571
2 -0.0233023
3 -0.0114449
2572 3
1 -0.0197442
2 -0.0234471
3 -0.0113821
2573 3
1 -0.0198295
2 -0.023589
3 -0.0113206
2574 3
1 -0.0199132
2 -0.023728
3 -0.0112604
2575 3
1 -0.0199951
2 -0.023864
3 -0.0112014
2576 3
1 -0.0200754
2 -0.0239971
3 -0.0111436
2577 3
1 -0.020154
2 -0.0241272
3 -0.0110872
2578 3
1 -0.0202309
2 -0.0242544
3 -0.0110319
2579 3
1 -0.0203061
2 -0.0243787
3 -0.010978
2580 3
1 -0.0203797
2 -0.0245
3 -0.0109253
2581 3
1 -0.0204516
2 -0.0246185
3 -0.010874
2582 3
1 -0.0205219
2 -0.0247341
3 -0.0108238
2583 3
1 -0.0205904
2 -0.0248469
3 -0.010775
2584 3
1 -0.0206574
2 -0.0249568
3 -0.0107274
2585 3
1 -0.0207226
2 -0.0250638
3 -0.0106811
2586 3
1 -0.0207861
2 -0.025168
3 -0.0106361
2587 3
1 -0.020848
2 -0.0252693
3 -0.0105924
2588 3
1 -0.0209081
2 -0.0253679
3 -0.0105499
2589 3
1 -0.0209666
2 -0.0254635
3 -0.0105086
2590 3
1 -0.0210233
2 -0.0255563
3 -0.0104686
2591 3
1 -0.0210783
2 -0.0256463
3 -0.0104298
2592 3
1 -0.0211315
2 -0.0257334
3 -0.0103922
2593 3
1 -0.021183
2 -0.0258177
3 -0.0103558
2594 3
1 -0.0212328
2 -0.025899
3 -0.0103205
2595 3
1 -0.0212809
2 -0.0259776
3 -0.0102864
2596 3
1 -0.0213273
2 -0.0260533
3 -0.0102535
2597 3
1 -0.021372
2 -0.0261262
3 -0.0102217
2598 3
1 -0.021415
2 -0.0261963
3 -0.010191
2599 3
1 -0.0214564
2 -0.0262637
3 -0.0101614
2600 3
1 -0.021496
2 -0.0263284
3 -0.0101329
2601 3
1 -0.021534
2 -0.0263904
3 -0.0101056
2602 3
1 -0.0215703
2 -0.0264498
3 -0.0100794
2603 3
1 -0.0216051
2 -0.0265065
3 -0.0100543
2604 3
1 -0.0216381
2 -0.0265607
3 -0.0100303
2605 3
1 -0.0216696
2 -0.0266122
3 -0.0100074
2606 3
1 -0.0216996
2 -0.0266612
3 -0.00998562
2607 3
1 -0.0217279
2 -0.0267077
3 -0.00996498
2608 3
1 -0.0217548
2 -0.0267516
3 -0.00994545
2609 3
1 -0.02178
2 -0.026793
3 -0.00992703
2610 3
1 -0.0218038
2 -0.0268319
3 -0.00990972
2611 3
1 -0.0218261
2 -0.0268683
3 -0.00989351
2612 3
1 -0.0218468
2 -0.0269022
3 -0.0098784
2613 3
1 -0.021866
2 -0.0269336
3 -0.00986439
2614 3
1 -0.0218838
2 -0.0269626
3 -0.00985148
2615 3
1 -0.0219001
2 -0.0269891
3 -0.00983966
2616 3
1 -0.0219148
2 -0.0270132
3 -0.00982893
2617 3
1 -0.0219281
2 -0.0270348
3 -0.00981928
2618 3
1 -0.02194
2 -0.0270541
3 -0.00981071
2619 3
1 -0.0219503
2 -0.0270709
3 -0.00980321
2620 3
1 -0.0219592
2 -0.0270853
3 -0.00979678
2621 3
1 -0.0219667
2 -0.0270974
3 -0.00979141
2622 3
1 -0.0219727
2 -0.0271071
3 -0.0097871
2623 3
1 -0.0219772
2 -0.0271144
3 -0.00978383
2624 3
1 -0.0219803
2 -0.0271193
3 -0.00978161
2625 3
1 -0.0219819
2 -0.027122
3 -0.00978043
2626 3
1 -0.0219821
2 -0.0271223
3 -0.00978029
2627 3
1 -0.0219808
2 -0.0271203
3 -0.00978119
2628 3
1 -0.0219782
2 -0.027116
3 -0.00978313
2629 3
1 -0.0219741
2 -0.0271095
3 -0.0097861
2630 3
1 -0.0219687
2 -0.0271007
3 -0.00979011
2631 3
1 -0.0219618
2 -0.0270897
3 -0.00979516
2632 3
1 -0.0219536
2 -0.0270764
3 -0.00980124
2633 3
1 -0.021944
2 -0.027061
3 -0.00980835
2634 3
1 -0.0219331
2 -0.0270435
3 -0.00981649
2635 3
1 -0.0219208
2 -0.0270237
3 -0.00982566
2636 3
1 -0.0219072
2 -0.0270019
3 -0.00983585
2637 3
1 -0.0218922
2 -0.0269779
3 -0.00984706
2638 3
1 -0.021876
2 -0.0269517
3 -0.0098593
2639 3
1 -0.0218584
2 -0.0269235
3 -0.00987256
2640 3
1 -0.0218394
2 -0.0268932
3 -0.00988684
2641 3
1 -0.0218191
2 -0.0268608
3 -0.00990215
2642 3
1 -0.0217975
2 -0.0268263
3 -0.00991849
2643 3
1 -0.0217746
2 -0.0267898
3 -0.00993587
2644 3
1 -0.0217503
2 -0.0267512
3 -0.00995428
2645 3
1 -0.0217247
2 -0.0267105
3 -0.00997373
2646 3
1 -0.0216977
2 -0.0266678
3 -0.00999423
2647 3
1 -0.0216694
2 -0.026623
3 -0.0100158
2648 3
1 -0.0216398
2 -0.0265763
3 -0.0100384
2649 3
1 -0.0216088
2 -0.0265275
3 -0.010062
2650 3
1 -0.0215765
2 -0.0264767
3 -0.0100867
2651 3
1 -0.0215429
2 -0.026424
3 -0.0101125
2652 3
1 -0.021508
2 -0.0263693
3 -0.0101394
2653 3
1 -0.0214717
2 -0.0263126
3 -0.0101673
2654 3
1 -0.0214341
2 -0.026254
3 -0.0101963
2655 3
1 -0.0213952
2 -0.0261934
3 -0.0102263
2656 3
1 -0.021355
2 -0.026131
3 -0.0102575
2657 3
1 -0.0213135
2 -0.0260666
3 -0.0102897
2658 3
1 -0.0212707
2 -0.0260004
3 -0.0103231
2659 3
1 -0.0212266
2 -0.0259324
3 -0.0103575
2660 3
1 -0.0211812
2 -0.0258626
3 -0.0103931
2661 3
1 -0.0211345
2 -0.025791
3 -0.0104297
2662 3
1 -0.0210865
2 -0.0257177
3 -0.0104675
2663 3
1 -0.0210372
2 -0.0256427
3 -0.0105064
2664 3
1 -0.0209866
2 -0.0255661
3 -0.0105463
2665 3
1 -0.0209346
2 -0.0254878
3 -0.0105874
2666 3
1 -0.0208813
2 -0.0254079
3 -0.0106296
2667 3
1 -0.0208267
2 -0.0253265
3 -0.0106728
2668 3
1 -0.0207706
2 -0.0252435
3 -0.0107172
2669 3
1 -0.0207131
2 -0.025159
3 -0.0107627
2670 3
1 -0.0206542
2 -0.025073
3 -0.0108092
2671 3
1 -0.0205939
2 -0.0249855
3 -0.0108569
2672 3
1 -0.0205321
2 -0.0248965
3 -0.0109057
2673 3
1 -0.0204689
2 -0.024806
3 -0.0109555
2674 3
1 -0.0204043
2 -0.0247139
3 -0.0110065
2675 3
1 -0.0203382
2 -0.0246204
3 -0.0110586
2676 3
1 -0.0202708
2 -0.0245253
3 -0.0111119
2677 3
1 -0.020202
2 -0.0244287
3 -0.0111663
2678 3
1 -0.0201318
2 -0.0243306
3 -0.0112219
2679 3
1 -0.0200602
2 -0.0242309
3 -0.0112786
2680 3
1 -0.0199873
2 -0.0241296
3 -0.0113364
2681 3
1 -0.019913
2 -0.0240267
3 -0.0113954
2682 3
1 -0.0198374
2 -0.0239222
3 -0.0114555
2683 3
1 -0.0197604
2 -0.0238161
3 -0.0115168
2684 3
1 -0.019682
2 -0.0237085
3 -0.0115791
2685 3
1 -0.0196022
2 -0.0235992
3 -0.0116426
2686 3
1 -0.019521
2 -0.0234885
3 -0.0117071
2687 3
1 -0.0194385
2 -0.0233761
3 -0.0117728
2688 3
1 -0.0193545
2 -0.0232623
3 -0.0118395
2689 3
1 -0.0192691
2 -0.023147
3 -0.0119074
2690 3
1 -0.0191823
2 -0.0230301
3 -0.0119764
2691 3
1 -0.0190941
2 -0.0229118
3 -0.0120465
2692 3
1 -0.0190044
2 -0.022792
3 -0.0121177
2693 3
1 -0.0189133
2 -0.0226708
3 -0.0121901
2694 3
1 -0.0188208
2 -0.0225482
3 -0.0122637
2695 3
1 -0.0187269
2 -0.0224241
3 -0.0123384
2696 3
1 -0.0186315
2 -0.0222987
3 -0.0124144
2697 3
1 -0.0185347
2 -0.0221718
3 -0.0124917
2698 3
1 -0.0184365
2 -0.0220435
3 -0.0125702
2699 3
1 -0.0183368
2 -0.0219139
3 -0.01265
2700 3
1 -0.0182357
2 -0.0217829
3 -0.0127312
2701 3
1 -0.0181331
2 -0.0216506
3 -0.0128137
2702 3
1 -0.0180291
2 -0.0215169
3 -0.0128976
2703 3
1 -0.0179235
2 -0.021382
3 -0.0129829
2704 3
1 -0.0178164
2 -0.0212459
3 -0.0130695
2705 3
1 -0.0177078
2 -0.0211085
3 -0.0131575
2706 3
1 -0.0175974
2 -0.0209699
3 -0.0132469
2707 3
1 -0.0174855
2 -0.02083
3 -0.0133378
2708 3
1 -0.0173719
2 -0.0206889
3 -0.01343
2709 3
1 -0.0172566
2 -0.0205466
3 -0.0135236
2710 3
1 -0.0171397
2 -0.020403
3 -0.0136186
2711 3
1 -0.0170212
2 -0.0202581
3 -0.0137149
2712 3
1 -0.0169011
2 -0.0201117
3 -0.0138127
2713 3
1 -0.0167794
2 -0.0199639
3 -0.0139119
2714 3
1 -0.0166562
2 -0.0198146
3 -0.0140126
2715 3
1 -0.0165315
2 -0.0196637
3 -0.0141146
2716 3
1 -0.0164053
2 -0.0195111
3 -0.0142182
2717 3
1 -0.0162777
2 -0.0193568
3 -0.0143232
2718 3
1 -0.0161487
2 -0.0192007
3 -0.0144297
2719 3
1 -0.0160183
2 -0.0190428
3 -0.0145378
2720 3
1 -0.0158865
2 -0.0188831
3 -0.0146474
2721 3
1 -0.0157533
2 -0.0187214
3 -0.0147586
2722 3
1 -0.0156187
2 -0.018558
3 -0.0148713
2723 3
1 -0.0154828
2 -0.0183926
3 -0.0149857
2724 3
1 -0.0153455
2 -0.0182253
3 -0.0151016
2725 3
1 -0.0152069
2 -0.0180562
3 -0.0152191
2726 3
1 -0.0150668
2 -0.0178852
3 -0.0153382
2727 3
1 -0.0149254
2 -0.0177123
3 -0.0154589
2728 3
1 -0.0147825
2 -0.0175375
3 -0.0155811
2729 3
1 -0.0146382
2 -0.017361
3 -0.0157048
2730 3
1 -0.0144924
2 -0.0171826
3 -0.01583
2731 3
1 -0.0143451
2 -0.0170024
3 -0.0159566
2732 3
1 -0.0141963
2 -0.0168205
3 -0.0160847
2733 3
1 -0.014046
2 -0.0166368
3 -0.0162142
2734 3
1 -0.0138941
2 -0.0164515
3 -0.0163451
2735 3
1 -0.0137405
2 -0.0162646
3 -0.0164773
2736 3
1 -0.0135853
2 -0.0160761
3 -0.0166108
2737 3
1 -0.0134285
2 -0.015886
3 -0.0167457
2738 3
1 -0.01327
2 -0.0156944
3 -0.0168818
2739 3
1 -0.0131098
2 -0.0155013
3 -0.0170192
2740 3
1 -0.012948
2 -0.0153066
3 -0.0171579
2741 3
1 -0.0127845
2 -0.0151105
3 -0.0172978
2742 3
1 -0.0126195
2 -0.0149129
3 -0.0174392
2743 3
1 -0.0124528
2 -0.0147138
3 -0.0175818
2744 3
1 -0.0122847
2 -0.0145133
3 -0.0177258
2745 3
1 -0.0121152
2 -0.0143113
3 -0.0178711
2746 3
1 -0.0119443
2 -0.0141078
3 -0.0180177
2747 3
1 -0.011772
2 -0.0139029
3 -0.0181657
2748 3
1 -0.0115984
2 -0.0136964
3 -0.018315
2749 3
1 -0.0114236
2 -0.0134884
3 -0.0184656
2750 3
1 -0.0112474
2 -0.0132788
3 -0.0186176
2751 3
1 -0.01107
2 -0.0130676
3 -0.018771
2752 3
1 -0.0108913
2 -0.0128547
3 -0.0189256
2753 3
1 -0.0107113
2 -0.0126402
3 -0.0190817
2754 3
1 -0.01053
2 -0.012424
3 -0.0192391
2755 3
1 -0.0103476
2 -0.012206
3 -0.0193978
2756 3
1 -0.0101638
2 -0.0119862
3 -0.0195579
2757 3
1 -0.00997896
2 -0.0117647
3 -0.0197192
2758 3
1 -0.00979295
2 -0.0115413
3 -0.0198819
2759 3
1 -0.00960584
2 -0.0113161
3 -0.0200458
2760 3
1 -0.00941767
2 -0.011089
3 -0.0202109
2761 3
1 -0.00922849
2 -0.0108602
3 -0.0203773
2762 3
1 -0.00903831
2 -0.0106295
3 -0.0205448
2763 3
1 -0.00884718
2 -0.0103971
3 -0.0207135
2764 3
1 -0.00865511
2 -0.0101631
3 -0.0208834
2765 3
1 -0.00846212
2 -0.00992734
3 -0.0210545
2766 3
1 -0.00826824
2 -0.00969006
3 -0.0212267
2767 3
1 -0.00807349
2 -0.00945129
3 -0.0214
2768 3
1 -0.0078779
2 -0.00921112
3 -0.0215746
2769 3
1 -0.00768152
2 -0.0089696
3 -0.0217503
2770 3
1 -0.00748436
2 -0.00872681
3 -0.0219271
2771 3
1 -0.00728648
2 -0.00848281
3 -0.0221051
2772 3
1 -0.00708792
2 -0.00823765
3 -0.0222842
2773 3
1 -0.00688873
2 -0.00799136
3 -0.0224645
2774 3
1 -0.00668897
2 -0.00774396
3 -0.0226459
2775 3
1 -0.00648867
2 -0.00749547
3 -0.0228284
2776 3
1 -0.0062879
2 -0.00724589
3 -0.0230121
2777 3
1 -0.0060867
2 -0.0069952
3 -0.0231968
2778 3
1 -0.00588512
2 -0.00674337
3 -0.0233825
2779 3
1 -0.00568321
2 -0.00649039
3 -0.0235692
2780 3
1 -0.00548103
2 -0.0062362
3 -0.0237569
2781 3
1 -0.00527864
2 -0.00598078
3 -0.0239453
2782 3
1 -0.00507609
2 -0.0057241
3 -0.0241346
2783 3
1 -0.00487342
2 -0.00546619
3 -0.0243245
2784 3
1 -0.00467067
2 -0.00520704
3 -0.0245152
2785 3
1 -0.00446789
2 -0.00494672
3 -0.0247064
2786 3
1 -0.00426512
2 -0.00468531
3 -0.0248983
2787 3
1 -0.00406241
2 -0.00442289
3 -0.0250909
2788 3
1 -0.0038598
2 -0.00415957
3 -0.025284
2789 3
1 -0.00365735
2 -0.00389542
3 -0.0254776
2790 3
1 -0.0034551
2 -0.00363051
3 -0.0256718
2791 3
1 -0.00325308
2 -0.0033649
3 -0.0258664
2792 3
1 -0.00305133
2 -0.00309867
3 -0.0260613
2793 3
1 -0.00284987
2 -0.0028319
3 -0.0262565
2794 3
1 -0.00264871
2 -0.00256469
3 -0.026452
2795 3
1 -0.00244788
2 -0.00229711
3 -0.0266476
2796 3
1 -0.00224741
2 -0.00202926
3 -0.0268433
2797 3
1 -0.00204733
2 -0.00176123
3 -0.0270391
2798 3
1 -0.00184771
2 -0.00149311
3 -0.0272348
2799 3
1 -0.00164857
2 -0.00122498
3 -0.0274305
2800 3
1 -0.00144997
2 -0.000956936
3 -0.0276261
2801 3
1 -0.00125195
2 -0.000689053
3 -0.0278215
2802 3
1 -0.00105456
2 -0.000421415
3 -0.0280168
2803 3
1 -0.000857826
2 -0.0001541
3 -0.0282118
2804 3
1 -0.00066179
2 0.000112818
3 -0.0284066
2805 3
1 -0.000466482
2 0.000379265
3 -0.0286012
2806 3
1 -0.000271931
2 0.000645172
3 -0.0287955
2807 3
1 -7.81668e-05
2 0.000910473
3 -0.0289895
2808 3
1 0.000114777
2 0.00117511
3 -0.0291833
2809 3
1 0.000306862
2 0.00143902
3 -0.0293767
2810 3
1 0.000498044
2 0.00170216
3 -0.0295697
2811 3
1 0.000688267
2 0.00196446
3 -0.0297624
2812 3
1 0.000877463
2 0.00222586
3 -0.0299545
2813 3
1 0.00106556
2 0.00248629
3 -0.0301461
2814 3
1 0.00125246
2 0.0027457
3 -0.030337
2815 3
1 0.00143808
2 0.00300404
3 -0.0305273
2816 3
1 0.00162236
2 0.00326128
3 -0.0307168
2817 3
1 0.00180521
2 0.00351739
3 -0.0309055
2818 3
1 0.00198657
2 0.00377231
3 -0.0310934
2819 3
1 0.00216638
2 0.00402601
3 -0.0312804
2820 3
1 0.00234458
2 0.00427841
3 -0.0314664
2821 3
1 0.00252112
2 0.00452943
3 -0.0316514
2822 3
1 0.00269596
2 0.00477897
3 -0.0318353
2823 3
1 0.00286908
2 0.00502691
3 -0.0320181
2824 3
1 0.0030405
2 0.00527315
3 -0.0321996
2825 3
1 0.00321022
2 0.00551761
3 -0.0323798
2826 3
1 0.00337826
2 0.00576021
3 -0.0325588
2827 3
1 0.00354463
2 0.00600086
3 -0.0327365
2828 3
1 0.00370934
2 0.0062395
3 -0.0329128
2829 3
1 0.00387238
2 0.00647603
3 -0.0330877
2830 3
1 0.00403373
2 0.00671036
3 -0.0332611
2831 3
1 0.00419337
2 0.00694241
3 -0.033433
2832 3
1 0.00435126
2 0.00717207
3 -0.0336033
2833 3
1 0.00450735
2 0.00739927
3 -0.0337719
2834 3
1 0.00466161
2 0.00762389
3 -0.0339387
2835 3
1 0.00481396
2 0.00784585
3 -0.0341036
2836 3
1 0.00496437
2 0.00806505
3 -0.0342667
2837 3
1 0.00511277
2 0.0082814
3 -0.0344277
2838 3
1 0.0052591
2 0.00849479
3 -0.0345866
2839 3
1 0.0054033
2 0.00870516
3 -0.0347433
2840 3
1 0.00554529
2 0.0089124
3 -0.0348978
2841 3
1 0.00568502
2 0.00911645
3 -0.03505
2842 3
1 0.00582242
2 0.00931722
3 -0.0351998
2843 3
1 0.00595743
2 0.00951464
3 -0.0353472
2844 3
1 0.00608999
2 0.00970862
3 -0.0354922
2845 3
1 0.00622004
2 0.00989909
3 -0.0356346
2846 3
1 0.00634752
2 0.010086
3 -0.0357744
2847 3
1 0.00647238
2 0.0102692
3 -0.0359116
2848 3
1 0.00659458
2 0.0104488
3 -0.0360461
2849 3
1 0.00671406
2 0.0106245
3 -0.036178
2850 3
1 0.00683076
2 0.0107965
3 -0.036307
2851 3
1 0.00694463
2 0.0109646
3 -0.0364333
2852 3
1 0.0070556
2 0.0111288
3 -0.0365567
2853 3
1 0.00716363
2 0.0112891
3 -0.0366772
2854 3
1 0.00726866
2 0.0114454
3 -0.0367948
2855 3
1 0.00737066
2 0.0115976
3 -0.0369094
2856 3
1 0.00746962
2 0.0117458
3 -0.037021
2857 3
1 0.00756553
2 0.0118899
3 -0.0371296
2858 3
1 0.00765836
2 0.0120299
3 -0.0372351
2859 3
1 0.00774812
2 0.0121657
3 -0.0373374
2860 3
1 0.00783478
2 0.0122971
3 -0.0374365
2861 3
1 0.00791834
2 0.0124242
3 -0.0375324
2862 3
1 0.0079988
2 0.0125468
3 -0.0376249
2863 3
1 0.00807616
2 0.0126649
3 -0.0377141
2864 3
1 0.00815039
2 0.0127782
3 -0.0377999
2865 3
1 0.00822148
2 0.0128868
3 -0.0378821
2866 3
1 0.00828942
2 0.0129905
3 -0.0379608
2867 3
1 0.00835415
2 0.0130892
3 -0.0380358
2868 3
1 0.00841564
2 0.0131829
3 -0.038107
2869 3
1 0.00847384
2 0.0132714
3 -0.0381745
2870 3
1 0.0085287
2 0.0133547
3 -0.038238
2871 3
1 0.00858016
2 0.0134327
3 -0.0382975
2872 3
1 0.00862814
2 0.0135052
3 -0.0383529
2873 3
1 0.0086726
2 0.0135723
3 -0.0384042
2874 3
1 0.00871344
2 0.0136339
3 -0.0384513
2875 3
1 0.00875062
2 0.0136898
3 -0.0384941
2876 3
1 0.00878405
2 0.01374
3 -0.0385326
2877 3
1 0.00881366
2 0.0137845
3 -0.0385667
2878 3
1 0.0088394
2 0.0138231
3 -0.0385964
2879 3
1 0.00886119
2 0.0138557
3 -0.0386215
2880 3
1 0.00887898
2 0.0138823
3 -0.0386419
2881 3
1 0.0088927
2 0.0139028
3 -0.0386577
2882 3
1 0.00890229
2 0.0139171
3 -0.0386688
2883 3
1 0.0089077
2 0.0139251
3 -0.038675
2884 3
1 0.00890886
2 0.0139269
3 -0.0386764
2885 3
1 0.0089057
2 0.0139222
3 -0.0386727
2886 3
1 0.00889818
2 0.013911
3 -0.0386641
2887 3
1 0.00888622
2 0.0138933
3 -0.0386502
2888 3
1 0.00886975
2 0.0138689
3 -0.0386313
2889 3
1 0.00884871
2 0.0138378
3 -0.038607
2890 3
1 0.00882302
2 0.0137999
3 -0.0385774
2891 3
1 0.00879262
2 0.0137552
3 -0.0385425
2892 3
1 0.00875743
2 0.0137035
3 -0.0385021
2893 3
1 0.00871738
2 0.0136448
3 -0.0384562
2894 3
1 0.00867241
2 0.0135791
3 -0.0384048
2895 3
1 0.00862243
2 0.0135061
3 -0.0383477
2896 3
1 0.00856736
2 0.013426
3 -0.0382849
2897 3
1 0.00850712
2 0.0133385
3 -0.0382163
2898 3
1 0.00844162
2 0.0132435
3 -0.0381418
2899 3
1 0.00837078
2 0.0131411
3 -0.0380615
2900 3
1 0.00829453
2 0.013031
3 -0.037975
2901 3
1 0.00821275
2 0.0129133
3 -0.0378825
2902 3
1 0.00812537
2 0.0127877
3 -0.0377838
2903 3
1 0.00803227
2 0.0126543
3 -0.0376788
2904 3
1 0.00793334
2 0.012513
3 -0.0375674
2905 3
1 0.0078285
2 0.0123636
3 -0.0374496
2906 3
1 0.00771762
2 0.0122061
3 -0.0373253
2907 3
1 0.00760064
2 0.0120405
3 -0.0371944
2908 3
1 0.00747744
2 0.0118667
3 -0.0370568
2909 3
1 0.00734794
2 0.0116847
3 -0.0369125
2910 3
1 0.00721206
2 0.0114946
3 -0.0367614
2911 3
1 0.00706971
2 0.0112962
3 -0.0366035
2912 3
1 0.00692082
2 0.0110896
3 -0.0364388
2913 3
1 0.00676532
2 0.0108748
3 -0.0362672
2914 3
1 0.00660315
2 0.0106518
3 -0.0360886
2915 3
1 0.00643425
2 0.0104206
3 -0.0359031
2916 3
1 0.00625856
2 0.0101814
3 -0.0357106
2917 3
1 0.00607603
2 0.009934
3 -0.0355111
2918 3
1 0.00588661
2 0.00967862
3 -0.0353045
2919 3
1 0.00569027
2 0.00941526
3 -0.035091
2920 3
1 0.00548694
2 0.009144
3 -0.0348704
2921 3
1 0.00527659
2 0.00886491
3 -0.0346429
2922 3
1 0.00505917
2 0.00857807
3 -0.0344083
2923 3
1 0.00483464
2 0.00828356
3 -0.0341668
2924 3
1 0.00460296
2 0.00798149
3 -0.0339183
2925 3
1 0.00436411
2 0.00767193
3 -0.033663
2926 3
1 0.00411805
2 0.00735496
3 -0.0334009
2927 3
1 0.00386477
2 0.00703064
3 -0.0331322
2928 3
1 0.00360424
2 0.00669903
3 -0.0328569
2929 3
1 0.00333645
2 0.00636022
3 -0.0325753
2930 3
1 0.00306141
2 0.0060143
3 -0.0322875
2931 3
1 0.00277916
2 0.00566141
3 -0.0319937
2932 3
1 0.00248976
2 0.00530168
3 -0.0316938
2933 3
1 0.00219328
2 0.00493529
3 -0.0313881
2934 3
1 0.0018898
2 0.00456238
3 -0.0310764
2935 3
1 0.00157938
2 0.00418311
3 -0.0307587
2936 3
1 0.00126212
2 0.00379766
3 -0.0304352
2937 3
1 0.000938109
2 0.00340622
3 -0.0301057
2938 3
1 0.000607445
2 0.00300897
3 -0.0297704
2939 3
1 0.000270242
2 0.00260613
3 -0.0294294
2940 3
1 -7.33754e-05
2 0.0021979
3 -0.0290828
2941 3
1 -0.000423273
2 0.00178451
3 -0.0287308
2942 3
1 -0.000779297
2 0.00136617
3 -0.0283735
2943 3
1 -0.00114127
2 0.000943097
3 -0.028011
2944 3
1 -0.00150899
2 0.000515533
3 -0.0276436
2945 3
1 -0.00188223
2 8.37195e-05
3 -0.0272715
2946 3
1 -0.00226078
2 -0.000352092
3 -0.0268948
2947 3
1 -0.00264438
2 -0.000791649
3 -0.0265138
2948 3
1 -0.00303281
2 -0.00123469
3 -0.0261286
2949 3
1 -0.0034258
2 -0.00168096
3 -0.0257396
2950 3
1 -0.00382309
2 -0.00213018
3 -0.025347
2951 3
1 -0.00422442
2 -0.00258206
3 -0.024951
2952 3
1 -0.0046295
2 -0.0030363
3 -0.0245521
2953 3
1 -0.00503802
2 -0.00349255
3 -0.0241504
2954 3
1 -0.00544969
2 -0.00395046
3 -0.0237464
2955 3
1 -0.00586418
2 -0.00440967
3 -0.0233402
2956 3
1 -0.00628116
2 -0.00486975
3 -0.0229324
2957 3
1 -0.0067003
2 -0.0053303
3 -0.0225232
2958 3
1 -0.00712126
2 -0.00579085
3 -0.022113
2959 3
1 -0.00754369
2 -0.00625094
3 -0.0217021
2960 3
1 -0.00796727
2 -0.00671006
3 -0.021291
2961 3
1 -0.00839165
2 -0.0071677
3 -0.02088
2962 3
1 -0.00881645
2 -0.00762336
3 -0.0204695
2963 3
1 -0.00924129
2 -0.00807658
3 -0.0200595
2964 3
1 -0.00966576
2 -0.00852694
3 -0.0196506
2965 3
1 -0.0100894
2 -0.00897405
3 -0.0192427
2966 3
1 -0.010512
2 -0.00941759
3 -0.0188362
2967 3
1 -0.0109329
2 -0.00985728
3 -0.0184311
2968 3
1 -0.011352
2 -0.0102929
3 -0.0180278
2969 3
1 -0.011769
2 -0.0107242
3 -0.0176263
2970 3
1 -0.0121836
2 -0.0111511
3 -0.0172271
2971 3
1 -0.0125956
2 -0.0115735
3 -0.0168303
2972 3
1 -0.0130047
2 -0.0119912
3 -0.0164362
2973 3
1 -0.0134106
2 -0.0124042
3 -0.0160451
2974 3
1 -0.0138133
2 -0.0128126
3 -0.0156574
2975 3
1 -0.0142125
2 -0.0132161
3 -0.0152733
2976 3
1 -0.0146081
2 -0.0136148
3 -0.0148931
2977 3
1 -0.015
2 -0.0140086
3 -0.014517
2978 3
1 -0.0153878
2 -0.0143975
3 -0.0141452
2979 3
1 -0.0157716
2 -0.0147813
3 -0.013778
2980 3
1 -0.0161509
2 -0.0151599
3 -0.0134153
2981 3
1 -0.0165257
2 -0.0155334
3 -0.0130575
2982 3
1 -0.0168957
2 -0.0159014
3 -0.0127045
2983 3
1 -0.0172608
2 -0.0162641
3 -0.0123566
2984 3
1 -0.0176208
2 -0.0166212
3 -0.0120139
2985 3
1 -0.0179754
2 -0.0169727
3 -0.0116764
2986 3
1 -0.0183247
2 -0.0173186
3 -0.0113442
2987 3
1 -0.0186684
2 -0.0176587
3 -0.0110173
2988 3
1 -0.0190065
2 -0.017993
3 -0.0106959
2989 3
1 -0.0193388
2 -0.0183214
3 -0.0103799
2990 3
1 -0.0196653
2 -0.0186439
3 -0.0100694
2991 3
1 -0.0199859
2 -0.0189604
3 -0.00976435
2992 3
1 -0.0203006
2 -0.0192709
3 -0.00946477
2993 3
1 -0.0206092
2 -0.0195752
3 -0.00917068
2994 3
1 -0.0209119
2 -0.0198735
3 -0.00888209
2995 3
1 -0.0212084
2 -0.0201655
3 -0.00859901
2996 3
1 -0.0214989
2 -0.0204514
3 -0.00832144
2997 3
1 -0.0217833
2 -0.0207311
3 -0.00804938
2998 3
1 -0.0220616
2 -0.0210044
3 -0.00778282
2999 3
1 -0.0223337
2 -0.0212715
3 -0.00752172
3000 3
1 -0.0225996
2 -0.0215323
3 -0.00726603
3001 3
1 -0.0228593
2 -0.0217868
3 -0.00701569
3002 3
1 -0.0231126
2 -0.0220351
3 -0.00677062
3003 3
1 -0.0233597
2 -0.0222772
3 -0.00653074
3004 3
1 -0.0236005
2 -0.0225131
3 -0.00629597
3005 3
1 -0.023835
2 -0.0227431
3 -0.00606622
3006 3
1 -0.0240631
2 -0.022967
3 -0.00584138
3007 3
1 -0.0242851
2 -0.023185
3 -0.00562134
3008 3
1 -0.0245009
2 -0.023397
3 -0.00540601
3009 3
1 -0.0247107
2 -0.0236031
3 -0.00519531
3010 3
1 -0.0249145
2 -0.0238034
3 -0.00498919
3011 3
1 -0.0251125
2 -0.023998
3 -0.00478765
3012 3
1 -0.0253047
2 -0.024187
3 -0.00459071
3013 3
1 -0.0254912
2 -0.0243705
3 -0.00439841
3014 3
1 -0.0256722
2 -0.0245486
3 -0.00421078
3015 3
1 -0.0258477
2 -0.0247216
3 -0.00402785
3016 3
1 -0.0260179
2 -0.0248895
3 -0.00384965
3017 3
1 -0.026183
2 -0.0250524
3 -0.00367616
3018 3
1 -0.0263429
2 -0.0252105
3 -0.00350738
3019 3
1 -0.0264979
2 -0.0253638
3 -0.0033433
3020 3
1 -0.0266481
2 -0.0255125
3 -0.00318387
3021 3
1 -0.0267936
2 -0.0256566
3 -0.00302908
3022 3
1 -0.0269344
2 -0.0257961
3 -0.00287889
3023 3
1 -0.0270707
2 -0.0259312
3 -0.00273327
3024 3
1 -0.0272026
2 -0.0260619
3 -0.00259219
3025 3
1 -0.0273302
2 -0.0261883
3 -0.00245559
3026 3
1 -0.0274534
2 -0.0263105
3 -0.00232344
3027 3
1 -0.0275725
2 -0.0264285
3 -0.0021957
3028 3
1 -0.0276873
2 -0.0265423
3 -0.00207229
3029 3
1 -0.0277981
2 -0.0266521
3 -0.00195318
3030 3
1 -0.0279049
2 -0.0267579
3 -0.00183829
3031 3
1 -0.0280077
2 -0.0268597
3 -0.00172757
3032 3
1 -0.0281066
2 -0.0269576
3 -0.00162095
3033 3
1 -0.0282016
2 -0.0270517
3 -0.00151836
3034 3
1 -0.0282927
2 -0.027142
3 -0.00141974
3035 3
1 -0.0283802
2 -0.0272285
3 -0.00132501
3036 3
1 -0.0284639
2 -0.0273112
3 -0.00123409
3037 3
1 -0.028544
2 -0.0273903
3 -0.00114694
3038 3
1 -0.0286204
2 -0.0274657
3 -0.00106347
3039 3
1 -0.0286934
2 -0.0275376
3 -0.00098366
3040 3
1 -0.0287629
2 -0.027606
3 -0.00090746
3041 3
1 -0.0288289
2 -0.0276709
3 -0.000834849
3042 3
1 -0.0288915
2 -0.0277325
3 -0.000765809
3043 3
1 -0.0289507
2 -0.0277907
3 -0.000700326
3044 3
1 -0.0290066
2 -0.0278457
3 -0.000638387
3045 3
1 -0.0290592
2 -0.0278975
3 -0.000579979
3046 3
1 -0.0291084
2 -0.0279461
3 -0.000525083
3047 3
1 -0.0291544
2 -0.0279915
3 -0.00047368
3048 3
1 -0.0291972
2 -0.0280338
3 -0.000425749
3049 3
1 -0.0292367
2 -0.0280731
3 -0.000381267
3050 3
1 -0.0292731
2 -0.0281093
3 -0.000340215
3051 3
1 -0.0293064
2 -0.0281426
3 -0.000302574
3052 3
1 -0.0293366
2 -0.0281728
3 -0.000268324
3053 3
1 -0.0293638
2 -0.0282001
3 -0.000237446
3054 3
1 -0.029388
2 -0.0282244
3 -0.000209919
3055 3
1 -0.0294092
2 -0.0282458
3 -0.000185721
3056 3
1 -0.0294275
2 -0.0282643
3 -0.000164829
3057 3
1 -0.029443
2 -0.0282799
3 -0.000147216
3058 3
1 -0.0294555
2 -0.0282926
3 -0.000132854
3059 3
1 -0.0294653
2 -0.0283025
3 -0.000121715
3060 3
1 -0.0294723
2 -0.0283095
3 -0.000113767
3061 3
1 -0.0294764
2 -0.0283138
3 -0.000108982
3062 3
1 -0.0294779
2 -0.0283152
3 -0.00010733
3063 3
1 -0.0294766
2 -0.0283139
3 -0.000108781
3064 3
1 -0.0294727
2 -0.0283099
3 -0.000113308
3065 3
1 -0.029466
2 -0.0283032
3 -0.000120881
3066 3
1 -0.0294567
2 -0.0282937
3 -0.000131472
3067 3
1 -0.0294448
2 -0.0282816
3 -0.000145054
3068 3
1 -0.0294303
2 -0.0282668
3 -0.000161597
3069 3
1 -0.0294132
2 -0.0282494
3 -0.000181074
3070 3
1 -0.0293936
2 -0.0282294
3 -0.000203457
3071 3
1 -0.0293713
2 -0.0282067
3 -0.000228717
3072 3
1 -0.0293466
2 -0.0281815
3 -0.000256828
3073 3
1 -0.0293194
2 -0.0281537
3 -0.000287767
3074 3
1 -0.0292896
2 -0.0281233
3 -0.000321508
3075 3
1 -0.0292574
2 -0.0280904
3 -0.00035803
3076 3
1 -0.0292228
2 -0.028055
3 -0.000397308
3077 3
1 -0.0291858
2 -0.028017
3 -0.000439324
3078 3
1 -0.0291465
2 -0.0279766
3 -0.000484059
3079 3
1 -0.0291048
2 -0.0279337
3 -0.000531501
3080 3
1 -0.0290608
2 -0.0278883
3 -0.000581637
3081 3
1 -0.0290146
2 -0.0278405
3 -0.00063446
3082 3
1 -0.0289662
2 -0.0277902
3 -0.000689959
3083 3
1 -0.0289155
2 -0.0277375
3 -0.000748119
3084 3
1 -0.0288627
2 -0.0276825
3 -0.000808916
3085 3
1 -0.0288077
2 -0.027625
3 -0.000872318
3086 3
1 -0.0287505
2 -0.0275652
3 -0.000938289
3087 3
1 -0.0286912
2 -0.0275031
3 -0.00100679
3088 3
1 -0.0286297
2 -0.0274386
3 -0.00107778
3089 3
1 -0.028566
2 -0.0273719
3 -0.00115122
3090 3
1 -0.0285001
2 -0.0273029
3 -0.00122706
3091 3
1 -0.0284322
2 -0.0272316
3 -0.00130526
3092 3
1 -0.028362
2 -0.027158
3 -0.00138576
3093 3
1 -0.0282898
2 -0.0270822
3 -0.00146851
3094 3
1 -0.0282155
2 -0.0270042
3 -0.00155345
3095 3
1 -0.028139
2 -0.0269239
3 -0.00164052
3096 3
1 -0.0280605
2 -0.0268414
3 -0.00172967
3097 3
1 -0.0279799
2 -0.0267567
3 -0.00182083
3098 3
1 -0.0278973
2 -0.0266699
3 -0.00191395
3099 3
1 -0.0278126
2 -0.0265809
3 -0.00200898
3100 3
1 -0.0277259
2 -0.0264897
3 -0.00210585
3101 3
1 -0.0276372
2 -0.0263965
3 -0.00220453
3102 3
1 -0.0275465
2 -0.0263012
3 -0.00230496
3103 3
1 -0.0274538
2 -0.0262038
3 -0.0024071
3104 3
1 -0.0273592
2 -0.0261044
3 -0.0025109
3105 3
1 -0.0272626
2 -0.026003
3 -0.00261632
3106 3
1 -0.0271642
2 -0.0258997
3 -0.00272334
3107 3
1 -0.0270639
2 -0.0257944
3 -0.00283192
3108 3
1 -0.0269617
2 -0.0256872
3 -0.00294202
3109 3
1 -0.0268576
2 -0.0255781
3 -0.00305363
3110 3
1 -0.0267518
2 -0.025467
3 -0.00316672
3111 3
1 -0.0266441
2 -0.025354
3 -0.00328126
3112 3
1 -0.0265347
2 -0.0252391
3 -0.00339723
3113 3
1 -0.0264235
2 -0.0251222
3 -0.00351463
3114 3
1 -0.0263105
2 -0.0250032
3 -0.00363344
3115 3
1 -0.0261959
2 -0.0248822
3 -0.00375364
3116 3
1 -0.0260795
2 -0.0247591
3 -0.00387524
3117 3
1 -0.0259615
2 -0.0246339
3 -0.00399823
3118 3
1 -0.0258419
2 -0.0245067
3 -0.0041226
3119 3
1 -0.0257207
2 -0.0243773
3 -0.00424833
3120 3
1 -0.025598
2 -0.0242459
3 -0.00437538
3121 3
1 -0.0254737
2 -0.0241125
3 -0.00450371
3122 3
1 -0.025348
2 -0.023977
3 -0.00463327
3123 3
1 -0.0252208
2 -0.0238397
3 -0.004764
3124 3
1 -0.0250922
2 -0.0237005
3 -0.00489586
3125 3
1 -0.0249622
2 -0.0235595
3 -0.00502879
3126 3
1 -0.0248309
2 -0.0234168
3 -0.00516273
3127 3
1 -0.0246984
2 -0.0232725
3 -0.00529763
3128 3
1 -0.0245645
2 -0.0231266
3 -0.00543343
3129 3
1 -0.0244295
2 -0.0229791
3 -0.00557007
3130 3
1 -0.0242933
2 -0.02283
3 -0.00570748
3131 3
1 -0.0241559
2 -0.0226795
3 -0.00584563
3132 3
1 -0.0240173
2 -0.0225274
3 -0.00598445
3133 3
1 -0.0238776
2 -0.022374
3 -0.0061239
3134 3
1 -0.0237368
2 -0.0222191
3 -0.00626392
3135 3
1 -0.023595
2 -0.0220628
3 -0.00640447
3136 3
1 -0.0234522
2 -0.0219051
3 -0.0065455
3137 3
1 -0.0233084
2 -0.0217461
3 -0.00668696
3138 3
1 -0.0231637
2 -0.0215857
3 -0.00682881
3139 3
1 -0.0230181
2 -0.0214241
3 -0.00697099
3140 3
1 -0.0228717
2 -0.0212612
3 -0.00711346
3141 3
1 -0.0227246
2 -0.021097
3 -0.00725617
3142 3
1 -0.0225767
2 -0.0209315
3 -0.00739907
3143 3
1 -0.0224281
2 -0.0207649
3 -0.00754212
3144 3
1 -0.0222788
2 -0.0205971
3 -0.00768527
3145 3
1 -0.0221289
2 -0.0204281
3 -0.00782848
3146 3
1 -0.0219784
2 -0.0202581
3 -0.00797173
3147 3
1 -0.0218273
2 -0.020087
3 -0.00811498
3148 3
1 -0.0216757
2 -0.0199148
3 -0.00825821
3149 3
1 -0.0215234
2 -0.0197417
3 -0.00840141
3150 3
1 -0.0213706
2 -0.0195677
3 -0.00854454
3151 3
1 -0.0212173
2 -0.0193929
3 -0.0086876
3152 3
1 -0.0210634
2 -0.0192173
3 -0.00883055
3153 3
1 -0.0209092
2 -0.0190409
3 -0.00897338
3154 3
1 -0.0207545
2 -0.0188638
3 -0.00911605
3155 3
1 -0.0205997
2 -0.0186861
3 -0.00925852
3156 3
1 -0.0204447
2 -0.0185079
3 -0.00940073
3157 3
1 -0.0202897
2 -0.0183292
3 -0.00954264
3158 3
1 -0.0201349
2 -0.0181501
3 -0.00968418
3159 3
1 -0.0199804
2 -0.0179706
3 -0.00982528
3160 3
1 -0.0198263
2 -0.0177908
3 -0.00996586
3161 3
1 -0.0196725
2 -0.0176108
3 -0.0101059
3162 3
1 -0.0195193
2 -0.0174307
3 -0.0102452
3163 3
1 -0.0193665
2 -0.0172506
3 -0.0103839
3164 3
1 -0.0192142
2 -0.0170705
3 -0.0105218
3165 3
1 -0.0190624
2 -0.0168906
3 -0.010659
3166 3
1 -0.0189112
2 -0.0167109
3 -0.0107953
3167 3
1 -0.0187606
2 -0.0165315
3 -0.0109309
3168 3
1 -0.0186105
2 -0.0163524
3 -0.0110656
3169 3
1 -0.0184611
2 -0.0161737
3 -0.0111995
3170 3
1 -0.0183123
2 -0.0159954
3 -0.0113325
3171 3
1 -0.0181641
2 -0.0158177
3 -0.0114645
3172 3
1 -0.0180166
2 -0.0156405
3 -0.0115957
3173 3
1 -0.0178696
2 -0.0154639
3 -0.0117258
3174 3
1 -0.0177232
2 -0.015288
3 -0.011855
3175 3
1 -0.0175774
2 -0.0151128
3 -0.0119832
3176 3
1 -0.0174322
2 -0.0149382
3 -0.0121103
3177 3
1 -0.0172876
2 -0.0147645
3 -0.0122365
3178 3
1 -0.0171435
2 -0.0145916
3 -0.0123616
3179 3
1 -0.017
2 -0.0144194
3 -0.0124857
3180 3
1 -0.0168572
2 -0.0142481
3 -0.0126088
3181 3
1 -0.0167149
2 -0.0140776
3 -0.0127308
3182 3
1 -0.0165733
2 -0.0139079
3 -0.0128519
3183 3
1 -0.0164323
2 -0.013739
3 -0.012972
3184 3
1 -0.016292
2 -0.0135708
3 -0.0130911
3185 3
1 -0.0161524
2 -0.0134034
3 -0.0132091
3186 3
1 -0.0160136
2 -0.0132367
3 -0.0133262
3187 3
1 -0.0158756
2 -0.0130706
3 -0.0134422
3188 3
1 -0.0157384
2 -0.0129052
3 -0.0135571
3189 3
1 -0.0156021
2 -0.0127404
3 -0.0136708
3190 3
1 -0.0154668
2 -0.0125763
3 -0.0137833
3191 3
1 -0.0153325
2 -0.0124129
3 -0.0138946
3192 3
1 -0.0151993
2 -0.0122502
3 -0.0140046
3193 3
1 -0.0150672
2 -0.0120882
3 -0.0141133
3194 3
1 -0.0149364
2 -0.0119271
3 -0.0142207
3195 3
1 -0.0148069
2 -0.0117667
3 -0.0143268
3196 3
1 -0.0146788
2 -0.0116072
3 -0.0144315
3197 3
1 -0.0145522
2 -0.0114487
3 -0.0145349
3198 3
1 -0.0144271
2 -0.0112912
3 -0.014637
3199 3
1 -0.0143036
2 -0.0111348
3 -0.0147377
3200 3
1 -0.0141817
2 -0.0109795
3 -0.0148371
3201 3
1 -0.0140614
2 -0.0108255
3 -0.0149352
3202 3
1 -0.0139427
2 -0.0106726
3 -0.0150319
3203 3
1 -0.0138256
2 -0.010521
3 -0.0151273
3204 3
1 -0.0137102
2 -0.0103708
3 -0.0152214
3205 3
1 -0.0135965
2 -0.0102218
3 -0.0153141
3206 3
1 -0.0134844
2 -0.0100742
3 -0.0154056
3207 3
1 -0.0133741
2 -0.009928
3 -0.0154957
3208 3
1 -0.0132654
2 -0.00978316
3 -0.0155845
3209 3
1 -0.0131584
2 -0.00963973
3 -0.015672
3210 3
1 -0.0130531
2 -0.00949771
3 -0.0157582
3211 3
1 -0.0129495
2 -0.0093571
3 -0.0158433
3212 3
1 -0.0128477
2 -0.0092179
3 -0.0159271
3213 3
1 -0.0127476
2 -0.0090801
3 -0.0160097
3214 3
1 -0.0126492
2 -0.00894368
3 -0.0160912
3215 3
1 -0.0125525
2 -0.00880865
3 -0.0161715
3216 3
1 -0.0124576
2 -0.00867501
3 -0.0162507
3217 3
1 -0.0123643
2 -0.00854274
3 -0.0163288
3218 3
1 -0.0122728
2 -0.00841186
3 -0.0164059
3219 3
1 -0.0121828
2 -0.00828237
3 -0.016482
3220 3
1 -0.0120945
2 -0.00815429
3 -0.016557
3221 3
1 -0.0120079
2 -0.00802762
3 -0.0166311
3222 3
1 -0.0119228
2 -0.00790238
3 -0.0167043
3223 3
1 -0.0118392
2 -0.00777857
3 -0.0167765
3224 3
1 -0.0117572
2 -0.00765622
3 -0.0168478
3225 3
1 -0.0116768
2 -0.00753533
3 -0.0169181
3226 3
1 -0.0115979
2 -0.00741592
3 -0.0169876
3227 3
1 -0.0115206
2 -0.00729801
3 -0.017056
3228 3
1 -0.0114448
2 -0.00718161
3 -0.0171235
3229 3
1 -0.0113706
2 -0.00706675
3 -0.0171899
3230 3
1 -0.0112979
2 -0.00695347
3 -0.0172552
3231 3
1 -0.0112268
2 -0.0068418
3 -0.0173193
3232 3
1 -0.0111572
2 -0.00673177
3 -0.0173823
3233 3
1 -0.0110892
2 -0.00662342
3 -0.0174441
3234 3
1 -0.0110226
2 -0.00651679
3 -0.0175046
3235 3
1 -0.0109575
2 -0.0064119
3 -0.017564
3236 3
1 -0.010894
2 -0.0063088
3 -0.0176222
3237 3
1 -0.0108319
2 -0.00620754
3 -0.0176793
3238 3
1 -0.0107714
2 -0.00610816
3 -0.0177353
3239 3
1 -0.0107125
2 -0.00601073
3 -0.0177901
3240 3
1 -0.0106551
2 -0.00591528
3 -0.0178439
3241 3
1 -0.0105992
2 -0.00582188
3 -0.0178966
3242 3
1 -0.0105449
2 -0.00573055
3 -0.0179483
3243 3
1 -0.0104921
2 -0.00564134
3 -0.017999
3244 3
1 -0.0104408
2 -0.00555428
3 -0.0180486
3245 3
1 -0.010391
2 -0.0054694
3 -0.0180972
3246 3
1 -0.0103427
2 -0.00538673
3 -0.0181447
3247 3
1 -0.0102959
2 -0.00530626
3 -0.0181912
3248 3
1 -0.0102506
2 -0.005228
3 -0.0182366
3249 3
1 -0.0102067
2 -0.00515194
3 -0.018281
3250 3
1 -0.0101643
2 -0.00507809
3 -0.0183243
3251 3
1 -0.0101233
2 -0.00500642
3 -0.0183665
3252 3
1 -0.0100837
2 -0.00493693
3 -0.0184077
3253 3
1 -0.0100455
2 -0.00486961
3 -0.0184477
3254 3
1 -0.0100087
2 -0.00480445
3 -0.0184866
3255 3
1 -0.00997326
2 -0.00474145
3 -0.0185245
3256 3
1 -0.00993918
2 -0.00468059
3 -0.0185612
3257 3
1 -0.00990646
2 -0.00462189
3 -0.0185967
3258 3
1 -0.00987508
2 -0.00456532
3 -0.0186311
3259 3
1 -0.00984503
2 -0.0045109
3 -0.0186643
3260 3
1 -0.00981632
2 -0.00445862
3 -0.0186964
3261 3
1 -0.00978894
2 -0.00440848
3 -0.0187272
3262 3
1 -0.00976289
2 -0.00436047
3 -0.0187568
3263 3
1 -0.00973817
2 -0.00431459
3 -0.0187852
3264 3
1 -0.00971476
2 -0.00427085
3 -0.0188123
3265 3
1 -0.00969266
2 -0.00422925
3 -0.0188382
3266 3
1 -0.00967185
2 -0.00418978
3 -0.0188628
3267 3
1 -0.00965232
2 -0.00415247
3 -0.0188861
3268 3
1 -0.00963405
2 -0.00411731
3 -0.0189081
3269 3
1 -0.00961701
2 -0.00408432
3 -0.0189288
3270 3
1 -0.0096012
2 -0.00405349
3 -0.0189482
3271 3
1 -0.0095866
2 -0.00402485
3 -0.0189662
3272 3
1 -0.00957318
2 -0.00399839
3 -0.0189828
3273 3
1 -0.00956094
2 -0.00397412
3 -0.0189981
3274 3
1 -0.00954986
2 -0.00395205
3 -0.019012
3275 3
1 -0.00953993
2 -0.00393218
3 -0.0190245
3276 3
1 -0.00953112
2 -0.00391452
3 -0.0190357
3277 3
1 -0.00952344
2 -0.00389907
3 -0.0190455
3278 3
1 -0.00951687
2 -0.00388583
3 -0.0190539
3279 3
1 -0.0095114
2 -0.00387481
3 -0.0190609
3280 3
1 -0.00950703
2 -0.00386599
3 -0.0190665
3281 3
1 -0.00950376
2 -0.00385937
3 -0.0190707
3282 3
1 -0.00950158
2 -0.00385495
3 -0.0190736
3283 3
1 -0.00950047
2 -0.00385272
3 -0.019075
3284 3
1 -0.00950045
2 -0.00385267
3 -0.019075
3285 3
1 -0.00950149
2 -0.0038548
3 -0.0190737
3286 3
1 -0.0095036
2 -0.00385909
3 -0.0190708
3287 3
1 -0.00950676
2 -0.00386556
3 -0.0190666
3288 3
1 -0.00951096
2 -0.00387419
3 -0.0190609
3289 3
1 -0.0095162
2 -0.00388498
3 -0.0190538
3290 3
1 -0.00952247
2 -0.00389793
3 -0.0190451
3291 3
1 -0.00952977
2 -0.00391303
3 -0.019035
3292 3
1 -0.00953809
2 -0.0039303
3 -0.0190235
3293 3
1 -0.00954742
2 -0.00394971
3 -0.0190104
3294 3
1 -0.00955776
2 -0.00397129
3 -0.0189958
3295 3
1 -0.00956912
2 -0.00399502
3 -0.0189797
3296 3
1 -0.00958149
2 -0.00402091
3 -0.0189621
3297 3
1 -0.00959487
2 -0.00404896
3 -0.018943
3298 3
1 -0.00960928
2 -0.00407917
3 -0.0189223
3299 3
1 -0.0096247
2 -0.00411155
3 -0.0189001
3300 3
1 -0.00964115
2 -0.00414609
3 -0.0188764
3301 3
1 -0.0096586
2 -0.00418279
3 -0.0188512
3302 3
1 -0.00967706
2 -0.00422166
3 -0.0188245
3303 3
1 -0.00969652
2 -0.00426269
3 -0.0187962
3304 3
1 -0.00971696
2 -0.00430589
3 -0.0187665
3305 3
1 -0.00973837
2 -0.00435124
3 -0.0187352
3306 3
1 -0.00976076
2 -0.00439875
3 -0.0187025
3307 3
1 -0.00978412
2 -0.00444843
3 -0.0186684
3308 3
1 -0.00980844
2 -0.00450026
3 -0.0186328
3309 3
1 -0.00983375
2 -0.00455425
3 -0.0185959
3310 3
1 -0.00986004
2 -0.00461037
3 -0.0185575
3311 3
1 -0.0098873
2 -0.00466863
3 -0.0185178
3312 3
1 -0.00991555
2 -0.00472901
3 -0.0184766
3313 3
1 -0.00994478
2 -0.00479149
3 -0.018434
3314 3
1 -0.00997499
2 -0.00485606
3 -0.0183899
3315 3
1 -0.0100062
2 -0.0049227
3 -0.0183444
3316 3
1 -0.0100383
2 -0.00499138
3 -0.0182973
3317 3
1 -0.0100715
2 -0.00506207
3 -0.0182488
3318 3
1 -0.0101056
2 -0.00513474
3 -0.0181987
3319 3
1 -0.0101407
2 -0.00520937
3 -0.018147
3320 3
1 -0.0101768
2 -0.00528594
3 -0.0180937
3321 3
1 -0.0102139
2 -0.00536441
3 -0.0180388
3322 3
1 -0.010252
2 -0.00544478
3 -0.0179823
3323 3
1 -0.0102911
2 -0.00552702
3 -0.0179241
3324 3
1 -0.0103313
2 -0.00561113
3 -0.0178643
3325 3
1 -0.0103724
2 -0.0056971
3 -0.0178028
3326 3
1 -0.0104145
2 -0.00578492
3 -0.0177396
3327 3
1 -0.0104576
2 -0.00587459
3 -0.0176748
3328 3
1 -0.0105017
2 -0.00596612
3 -0.0176083
3329 3
1 -0.0105468
2 -0.00605952
3 -0.01754
3330 3
1 -0.0105929
2 -0.00615479
3 -0.0174701
3331 3
1 -0.01064
2 -0.00625194
3 -0.0173984
3332 3
1 -0.0106881
2 -0.00635098
3 -0.0173251
3333 3
1 -0.0107371
2 -0.00645192
3 -0.01725
3334 3
1 -0.0107872
2 -0.00655475
3 -0.0171732
3335 3
1 -0.0108382
2 -0.00665949
3 -0.0170947
3336 3
1 -0.0108901
2 -0.00676613
3 -0.0170145
3337 3
1 -0.0109431
2 -0.00687469
3 -0.0169327
3338 3
1 -0.010997
2 -0.00698516
3 -0.0168491
3339 3
1 -0.0110519
2 -0.00709755
3 -0.016764
3340 3
1 -0.0111079
2 -0.00721189
3 -0.0166772
3341 3
1 -0.0111649
2 -0.00732816
3 -0.0165888
3342 3
1 -0.011223
2 -0.00744637
3 -0.016499
3343 3
1 -0.0112822
2 -0.00756651
3 -0.0164076
3344 3
1 -0.0113425
2 -0.00768856
3 -0.0163148
3345 3
1 -0.011404
2 -0.00781253
3 -0.0162204
3346 3
1 -0.0114668
2 -0.00793841
3 -0.0161247
3347 3
1 -0.0115308
2 -0.00806621
3 -0.0160274
3348 3
1 -0.0115961
2 -0.00819595
3 -0.0159287
3349 3
1 -0.0116627
2 -0.00832765
3 -0.0158286
3350 3
1 -0.0117306
2 -0.00846131
3 -0.0157269
3351 3
1 -0.0118
2 -0.00859696
3 -0.0156237
3352 3
1 -0.0118707
2 -0.00873461
3 -0.0155189
3353 3
1 -0.0119428
2 -0.00887427
3 -0.0154126
3354 3
1 -0.0120163
2 -0.00901593
3 -0.0153047
3355 3
1 -0.0120913
2 -0.00915958
3 -0.0151952
3356 3
1 -0.0121678
2 -0.00930522
3 -0.0150841
3357 3
1 -0.0122458
2 -0.00945284
3 -0.0149713
3358 3
1 -0.0123252
2 -0.00960246
3 -0.0148568
3359 3
1 -0.0124062
2 -0.00975406
3 -0.0147406
3360 3
1 -0.0124887
2 -0.00990765
3 -0.0146228
3361 3
1 -0.0125727
2 -0.0100632
3 -0.0145032
3362 3
1 -0.0126582
2 -0.0102208
3 -0.0143819
3363 3
1 -0.0127453
2 -0.0103803
3 -0.014259
3364 3
1 -0.0128341
2 -0.0105418
3 -0.0141344
3365 3
1 -0.0129244
2 -0.0107053
3 -0.0140083
3366 3
1 -0.0130164
2 -0.0108708
3 -0.0138805
3367 3
1 -0.0131101
2 -0.0110382
3 -0.0137513
3368 3
1 -0.0132055
2 -0.0112076
3 -0.0136204
3369 3
1 -0.0133027
2 -0.0113789
3 -0.0134882
3370 3
1 -0.0134016
2 -0.0115522
3 -0.0133544
3371 3
1 -0.0135022
2 -0.0117275
3 -0.0132191
3372 3
1 -0.0136046
2 -0.0119046
3 -0.0130824
3373 3
1 -0.0137088
2 -0.0120837
3 -0.0129441
3374 3
1 -0.0138147
2 -0.0122646
3 -0.0128044
3375 3
1 -0.0139223
2 -0.0124474
3 -0.0126632
3376 3
1 -0.0140317
2 -0.012632
3 -0.0125203
3377 3
1 -0.0141427
2 -0.0128184
3 -0.0123759
3378 3
1 -0.0142555
2 -0.0130066
3 -0.0122298
3379 3
1 -0.0143699
2 -0.0131965
3 -0.0120819
3380 3
1 -0.0144858
2 -0.0133881
3 -0.0119322
3381 3
1 -0.0146034
2 -0.0135815
3 -0.0117806
3382 3
1 -0.0147223
2 -0.0137765
3 -0.011627
3383 3
1 -0.0148427
2 -0.0139731
3 -0.0114714
3384 3
1 -0.0149643
2 -0.0141712
3 -0.0113136
3385 3
1 -0.0150872
2 -0.0143708
3 -0.0111535
3386 3
1 -0.0152112
2 -0.0145716
3 -0.0109913
3387 3
1 -0.0153365
2 -0.0147736
3 -0.0108269
3388 3
1 -0.0154629
2 -0.0149767
3 -0.0106603
3389 3
1 -0.0155906
2 -0.015181
3 -0.0104918
3390 3
1 -0.0157195
2 -0.0153864
3 -0.0103212
3391 3
1 -0.0158497
2 -0.0155929
3 -0.0101487
3392 3
1 -0.0159814
2 -0.0158006
3 -0.00997431
3393 3
1 -0.0161145
2 -0.0160094
3 -0.00979795
3394 3
1 -0.0162491
2 -0.0162193
3 -0.00961963
3395 3
1 -0.0163852
2 -0.0164303
3 -0.00943935
3396 3
1 -0.0165229
2 -0.0166425
3 -0.00925716
3397 3
1 -0.0166623
2 -0.0168556
3 -0.00907307
3398 3
1 -0.0168033
2 -0.0170698
3 -0.00888716
3399 3
1 -0.0169459
2 -0.0172851
3 -0.00869949
3400 3
1 -0.0170901
2 -0.0175013
3 -0.00851016
3401 3
1 -0.0172359
2 -0.0177184
3 -0.00831925
3402 3
1 -0.0173832
2 -0.0179365
3 -0.00812684
3403 3
1 -0.0175319
2 -0.0181555
3 -0.00793301
3404 3
1 -0.017682
2 -0.0183753
3 -0.00773786
3405 3
1 -0.0178335
2 -0.0185959
3 -0.00754146
3406 3
1 -0.0179861
2 -0.0188173
3 -0.00734386
3407 3
1 -0.01814
2 -0.0190394
3 -0.00714514
3408 3
1 -0.0182949
2 -0.0192622
3 -0.00694536
3409 3
1 -0.0184508
2 -0.0194857
3 -0.00674455
3410 3
1 -0.0186078
2 -0.0197099
3 -0.00654279
3411 3
1 -0.0187657
2 -0.0199348
3 -0.00634013
3412 3
1 -0.0189244
2 -0.0201602
3 -0.00613664
3413 3
1 -0.019084
2 -0.0203863
3 -0.00593241
3414 3
1 -0.0192441
2 -0.0206128
3 -0.0057275
3415 3
1 -0.0194048
2 -0.0208398
3 -0.00552202
3416 3
1 -0.0195657
2 -0.021067
3 -0.00531606
3417 3
1 -0.0197267
2 -0.0212943
3 -0.00510971
3418 3
1 -0.0198876
2 -0.0215215
3 -0.00490309
3419 3
1 -0.0200482
2 -0.0217484
3 -0.00469633
3420 3
1 -0.0202085
2 -0.0219749
3 -0.00448953
3421 3
1 -0.0203683
2 -0.0222007
3 -0.00428279
3422 3
1 -0.0205277
2 -0.0224258
3 -0.00407623
3423 3
1 -0.0206865
2 -0.0226501
3 -0.00386994
3424 3
1 -0.0208449
2 -0.0228737
3 -0.003664
3425 3
1 -0.021003
2 -0.0230965
3 -0.00345851
3426 3
1 -0.0211607
2 -0.0233185
3 -0.00325353
3427 3
1 -0.0213181
2 -0.0235397
3 -0.00304914
3428 3
1 -0.0214753
2 -0.02376
3 -0.00284542
3429 3
1 -0.0216321
2 -0.0239794
3 -0.00264247
3430 3
1 -0.0217887
2 -0.0241976
3 -0.0024404
3431 3
1 -0.0219449
2 -0.0244147
3 -0.00223936
3432 3
1 -0.0221007
2 -0.0246305
3 -0.00203948
3433 3
1 -0.0222561
2 -0.024845
3 -0.00184093
3434 3
1 -0.0224109
2 -0.025058
3 -0.00164387
3435 3
1 -0.0225652
2 -0.0252695
3 -0.00144846
3436 3
1 -0.0227188
2 -0.0254794
3 -0.00125487
3437 3
1 -0.0228717
2 -0.0256877
3 -0.00106322
3438 3
1 -0.0230238
2 -0.0258942
3 -0.000873659
3439 3
1 -0.023175
2 -0.026099
3 -0.000686291
3440 3
1 -0.0233252
2 -0.0263018
3 -0.000501225
3441 3
1 -0.0234743
2 -0.0265027
3 -0.000318563
3442 3
1 -0.0236223
2 -0.0267015
3 -0.000138407
3443 3
1 -0.0237689
2 -0.0268982
3 3.9141e-05
3444 3
1 -0.0239142
2 -0.0270927
3 0.000213984
3445 3
1 -0.024058
2 -0.027285
3 0.000386032
3446 3
1 -0.0242002
2 -0.0274748
3 0.000555203
3447 3
1 -0.0243408
2 -0.0276622
3 0.000721429
3448 3
1 -0.0244796
2 -0.0278472
3 0.000884645
3449 3
1 -0.0246167
2 -0.0280295
3 0.0010448
3450 3
1 -0.0247518
2 -0.0282092
3 0.00120183
3451 3
1 -0.024885
2 -0.0283863
3 0.00135568
3452 3
1 -0.0250162
2 -0.0285606
3 0.00150629
3453 3
1 -0.0251452
2 -0.0287321
3 0.00165361
3454 3
1 -0.025272
2 -0.0289007
3 0.00179757
3455 3
1 -0.0253965
2 -0.0290663
3 0.0019381
3456 3
1 -0.0255186
2 -0.0292289
3 0.00207514
3457 3
1 -0.0256383
2 -0.0293885
3 0.00220861
3458 3
1 -0.0257555
2 -0.029545
3 0.00233846
3459 3
1 -0.02587
2 -0.0296983
3 0.00246464
3460 3
1 -0.0259819
2 -0.0298484
3 0.00258713
3461 3
1 -0.026091
2 -0.0299953
3 0.00270595
3462 3
1 -0.0261975
2 -0.0301389
3 0.00282117
3463 3
1 -0.0263012
2 -0.0302791
3 0.00293283
3464 3
1 -0.0264022
2 -0.030416
3 0.003041
3465 3
1 -0.0265004
2 -0.0305496
3 0.00314575
3466 3
1 -0.0265958
2 -0.0306796
3 0.0032471
3467 3
1 -0.0266884
2 -0.0308062
3 0.00334508
3468 3
1 -0.0267781
2 -0.0309292
3 0.00343971
3469 3
1 -0.0268649
2 -0.0310486
3 0.00353098
3470 3
1 -0.0269488
2 -0.0311643
3 0.0036189
3471 3
1 -0.0270297
2 -0.0312761
3 0.00370343
3472 3
1 -0.0271075
2 -0.031384
3 0.00378457
3473 3
1 -0.0271823
2 -0.0314879
3 0.0038623
3474 3
1 -0.0272539
2 -0.0315877
3 0.00393658
3475 3
1 -0.0273224
2 -0.0316835
3 0.00400739
3476 3
1 -0.0273877
2 -0.031775
3 0.00407472
3477 3
1 -0.0274498
2 -0.0318624
3 0.00413854
3478 3
1 -0.0275086
2 -0.0319454
3 0.00419884
3479 3
1 -0.0275642
2 -0.0320241
3 0.00425561
3480 3
1 -0.0276165
2 -0.0320984
3 0.00430885
3481 3
1 -0.0276656
2 -0.0321683
3 0.00435855
3482 3
1 -0.0277113
2 -0.0322337
3 0.00440472
3483 3
1 -0.0277538
2 -0.0322946
3 0.00444737
3484 3
1 -0.0277929
2 -0.032351
3 0.00448652
3485 3
1 -0.0278287
2 -0.0324027
3 0.00452217
3486 3
1 -0.0278612
2 -0.0324499
3 0.00455435
3487 3
1 -0.0278904
2 -0.0324923
3 0.00458309
3488 3
1 -0.0279162
2 -0.0325301
3 0.00460841
3489 3
1 -0.0279386
2 -0.0325631
3 0.00463035
3490 3
1 -0.0279577
2 -0.0325913
3 0.00464894
3491 3
1 -0.0279735
2 -0.0326147
3 0.00466419
3492 3
1 -0.0279859
2 -0.0326333
3 0.00467616
3493 3
1 -0.0279949
2 -0.0326469
3 0.00468486
3494 3
1 -0.0280006
2 -0.0326556
3 0.00469034
3495 3
1 -0.028003
2 -0.0326592
3 0.00469262
3496 3
1 -0.0280021
2 -0.0326578
3 0.00469174
3497 3
1 -0.0279978
2 -0.0326512
3 0.00468773
3498 3
1 -0.0279903
2 -0.0326394
3 0.00468062
3499 3
1 -0.0279795
2 -0.0326223
3 0.00467047
3500 3
1 -0.0279655
2 -0.0325999
3 0.0046573
3501 3
1 -0.0279481
2 -0.0325721
3 0.00464116
3502 3
1 -0.0279275
2 -0.0325388
3 0.00462209
3503 3
1 -0.0279037
2 -0.0325
3 0.00460013
3504 3
1 -0.0278765
2 -0.0324557
3 0.00457531
3505 3
1 -0.0278461
2 -0.0324057
3 0.00454768
3506 3
1 -0.0278125
2 -0.0323502
3 0.00451726
3507 3
1 -0.0277755
2 -0.032289
3 0.0044841
3508 3
1 -0.0277354
2 -0.0322221
3 0.00444822
3509 3
1 -0.0276919
2 -0.0321495
3 0.00440965
3510 3
1 -0.0276452
2 -0.0320711
3 0.00436843
3511 3
1 -0.0275952
2 -0.0319869
3 0.00432456
3512 3
1 -0.0275419
2 -0.0318969
3 0.00427808
3513 3
1 -0.0274854
2 -0.0318011
3 0.00422898
3514 3
1 -0.0274256
2 -0.0316995
3 0.00417728
3515 3
1 -0.0273625
2 -0.031592
3 0.004123
3516 3
1 -0.0272962
2 -0.0314787
3 0.00406613
3517 3
1 -0.0272267
2 -0.0313594
3 0.00400671
3518 3
1 -0.027154
2 -0.0312342
3 0.00394474
3519 3
1 -0.027078
2 -0.0311031
3 0.00388024
3520 3
1 -0.0269989
2 -0.0309659
3 0.00381325
3521 3
1 -0.0269167
2 -0.0308228
3 0.00374379
3522 3
1 -0.0268314
2 -0.0306737
3 0.00367191
3523 3
1 -0.0267431
2 -0.0305185
3 0.00359763
3524 3
1 -0.0266517
2 -0.0303572
3 0.003521
3525 3
1 -0.0265573
2 -0.0301899
3 0.00344208
3526 3
1 -0.02646
2 -0.0300164
3 0.00336092
3527 3
1 -0.0263598
2 -0.0298368
3 0.00327758
3528 3
1 -0.0262566
2 -0.0296508
3 0.00319211
3529 3
1 -0.0261506
2 -0.0294586
3 0.00310455
3530 3
1 -0.0260418
2 -0.02926
3 0.00301492
3531 3
1 -0.0259303
2 -0.0290551
3 0.00292323
3532 3
1 -0.025816
2 -0.0288437
3 0.00282951
3533 3
1 -0.025699
2 -0.028626
3 0.00273375
3534 3
1 -0.0255795
2 -0.028402
3 0.00263598
3535 3
1 -0.0254575
2 -0.0281719
3 0.00253618
3536 3
1 -0.0253329
2 -0.0279356
3 0.0024343
3537 3
1 -0.025206
2 -0.0276934
3 0.0023303
3538 3
1 -0.0250767
2 -0.0274452
3 0.00222414
3539 3
1 -0.024945
2 -0.0271912
3 0.00211583
3540 3
1 -0.0248111
2 -0.0269314
3 0.00200538
3541 3
1 -0.0246748
2 -0.0266659
3 0.00189279
3542 3
1 -0.0245363
2 -0.0263948
3 0.00177808
3543 3
1 -0.0243956
2 -0.0261181
3 0.0016613
3544 3
1 -0.0242526
2 -0.0258359
3 0.00154248
3545 3
1 -0.0241074
2 -0.0255483
3 0.00142166
3546 3
1 -0.0239601
2 -0.0252553
3 0.00129891
3547 3
1 -0.0238108
2 -0.0249572
3 0.00117428
3548 3
1 -0.0236596
2 -0.024654
3 0.00104783
3549 3
1 -0.0235065
2 -0.0243459
3 0.000919627
3550 3
1 -0.0233517
2 -0.0240329
3 0.000789738
3551 3
1 -0.0231952
2 -0.0237152
3 0.000658229
3552 3
1 -0.023037
2 -0.0233929
3 0.000525174
3553 3
1 -0.0228773
2 -0.0230663
3 0.000390643
3554 3
1 -0.0227162
2 -0.0227355
3 0.000254709
3555 3
1 -0.0225536
2 -0.0224006
3 0.000117446
3556 3
1 -0.0223896
2 -0.0220619
3 -2.1071e-05
3557 3
1 -0.0222244
2 -0.0217197
3 -0.000160763
3558 3
1 -0.0220579
2 -0.021374
3 -0.000301542
3559 3
1 -0.0218902
2 -0.0210252
3 -0.00044331
3560 3
1 -0.0217215
2 -0.0206736
3 -0.000585951
3561 3
1 -0.0215519
2 -0.0203194
3 -0.000729336
3562 3
1 -0.0213816
2 -0.019963
3 -0.000873317
3563 3
1 -0.0212108
2 -0.0196047
3 -0.00101774
3564 3
1 -0.0210396
2 -0.0192448
3 -0.00116245
3565 3
1 -0.0208681
2 -0.0188835
3 -0.0013073
3566 3
1 -0.0206965
2 -0.0185214
3 -0.00145216
3567 3
1 -0.0205249
2 -0.0181586
3 -0.00159691
3568 3
1 -0.0203533
2 -0.0177956
3 -0.00174145
3569 3
1 -0.0201818
2 -0.0174327
3 -0.0018857
3570 3
1 -0.0200105
2 -0.01707
3 -0.00202955
3571 3
1 -0.0198393
2 -0.016708
3 -0.0021729
3572 3
1 -0.0196683
2 -0.0163469
3 -0.0023156
3573 3
1 -0.0194976
2 -0.015987
3 -0.00245755
3574 3
1 -0.0193271
2 -0.0156285
3 -0.00259861
3575 3
1 -0.0191571
2 -0.0152717
3 -0.00273864
3576 3
1 -0.0189876
2 -0.014917
3 -0.00287755
3577 3
1 -0.0188187
2 -0.0145645
3 -0.00301522
3578 3
1 -0.0186506
2 -0.0142146
3 -0.00315154
3579 3
1 -0.0184834
2 -0.0138675
3 -0.0032864
3580 3
1 -0.0183172
2 -0.0135236
3 -0.00341967
3581 3
1 -0.0181522
2 -0.0131831
3 -0.00355126
3582 3
1 -0.0179885
2 -0.0128464
3 -0.00368107
3583 3
1 -0.0178263
2 -0.0125138
3 -0.00380903
3584 3
1 -0.0176656
2 -0.0121855
3 -0.00393506
3585 3
1 -0.0175066
2 -0.0118616
3 -0.00405914
3586 3
1 -0.0173494
2 -0.0115425
3 -0.00418124
3587 3
1 -0.0171941
2 -0.0112284
3 -0.00430134
3588 3
1 -0.0170408
2 -0.0109194
3 -0.00441944
3589 3
1 -0.0168896
2 -0.0106156
3 -0.00453552
3590 3
1 -0.0167406
2 -0.0103174
3 -0.00464956
3591 3
1 -0.0165938
2 -0.0100247
3 -0.00476156
3592 3
1 -0.0164493
2 -0.00973783
3 -0.0048715
3593 3
1 -0.0163071
2 -0.00945684
3 -0.00497935
3594 3
1 -0.0161674
2 -0.00918189
3 -0.00508507
3595 3
1 -0.0160302
2 -0.00891313
3 -0.00518864
3596 3
1 -0.0158956
2 -0.00865072
3 -0.00528999
3597 3
1 -0.0157636
2 -0.00839479
3 -0.0053891
3598 3
1 -0.0156343
2 -0.0081455
3 -0.00548592
3599 3
1 -0.0155079
2 -0.00790295
3 -0.0055804
3600 3
1 -0.0153844
2 -0.00766722
3 -0.00567249
3601 3
1 -0.015264
2 -0.00743835
3 -0.00576217
3602 3
1 -0.0151467
2 -0.00721631
3 -0.00584941
3603 3
1 -0.0150326
2 -0.00700106
3 -0.00593416
3604 3
1 -0.0149218
2 -0.00679249
3 -0.00601643
3605 3
1 -0.0148143
2 -0.00659048
3 -0.00609618
3606 3
1 -0.0147102
2 -0.00639494
3 -0.00617341
3607 3
1 -0.0146093
2 -0.00620576
3 -0.00624809
3608 3
1 -0.0145117
2 -0.00602289
3 -0.00632023
3609 3
1 -0.0144172
2 -0.00584626
3 -0.00638985
3610 3
1 -0.0143259
2 -0.0056758
3 -0.00645696
3611 3
1 -0.0142377
2 -0.00551145
3 -0.00652163
3612 3
1 -0.0141524
2 -0.0053531
3 -0.00658393
3613 3
1 -0.0140701
2 -0.00520066
3 -0.00664395
3614 3
1 -0.0139907
2 -0.005054
3 -0.0067018
3615 3
1 -0.0139141
2 -0.00491297
3 -0.00675757
3616 3
1 -0.0138402
2 -0.00477742
3 -0.00681137
3617 3
1 -0.0137691
2 -0.00464718
3 -0.00686325
3618 3
1 -0.0137005
2 -0.00452206
3 -0.0069133
3619 3
1 -0.0136346
2 -0.00440188
3 -0.00696156
3620 3
1 -0.0135711
2 -0.00428647
3 -0.00700808
3621 3
1 -0.0135101
2 -0.00417565
3 -0.00705292
3622 3
1 -0.0134514
2 -0.00406922
3 -0.00709612
3623 3
1 -0.013395
2 -0.00396701
3 -0.00713774
3624 3
1 -0.0133407
2 -0.00386885
3 -0.00717784
3625 3
1 -0.0132886
2 -0.00377458
3 -0.00721646
3626 3
1 -0.0132384
2 -0.00368402
3 -0.00725366
3627 3
1 -0.0131903
2 -0.00359701
3 -0.00728948
3628 3
1 -0.013144
2 -0.00351339
3 -0.00732398
3629 3
1 -0.0130995
2 -0.00343303
3 -0.00735721
3630 3
1 -0.0130567
2 -0.00335575
3 -0.00738921
3631 3
1 -0.0130156
2 -0.00328143
3 -0.00742003
3632 3
1 -0.0129762
2 -0.00320993
3 -0.00744972
3633 3
1 -0.0129382
2 -0.00314113
3 -0.00747832
3634 3
1 -0.0129018
2 -0.0030749
3 -0.00750587
3635 3
1 -0.0128669
2 -0.00301115
3 -0.00753242
3636 3
1 -0.0128333
2 -0.00294977
3 -0.007558
3637 3
1 -0.0128011
2 -0.00289067
3 -0.00758265
3638 3
1 -0.0127702
2 -0.00283376
3 -0.00760639
3639 3
1 -0.0127406
2 -0.00277897
3 -0.00762926
3640 3
1 -0.0127122
2 -0.00272622
3 -0.00765129
3641 3
1 -0.012685
2 -0.00267543
3 -0.00767249
3642 3
1 -0.012659
2 -0.00262655
3 -0.00769291
3643 3
1 -0.0126341
2 -0.00257948
3 -0.00771257
3644 3
1 -0.0126102
2 -0.00253418
3 -0.00773149
3645 3
1 -0.0125874
2 -0.00249057
3 -0.00774973
3646 3
1 -0.0125656
2 -0.00244859
3 -0.0077673
3647 3
1 -0.0125448
2 -0.00240819
3 -0.00778425
3648 3
1 -0.0125249
2 -0.00236931
3 -0.00780059
3649 3
1 -0.0125059
2 -0.0023319
3 -0.00781637
3650 3
1 -0.0124877
2 -0.00229591
3 -0.00783158
3651 3
1 -0.0124703
2 -0.00226131
3 -0.00784627
3652 3
1 -0.0124538
2 -0.00222803
3 -0.00786043
3653 3
1 -0.0124379
2 -0.00219606
3 -0.00787409
3654 3
1 -0.0124227
2 -0.00216533
3 -0.00788726
3655 3
1 -0.0124082
2 -0.00213583
3 -0.00789997
3656 3
1 -0.0123943
2 -0.00210751
3 -0.00791221
3657 3
1 -0.012381
2 -0.00208034
3 -0.007924
3658 3
1 -0.0123682
2 -0.00205429
3 -0.00793535
3659 3
1 -0.012356
2 -0.00202934
3 -0.00794628
3660 3
1 -0.0123443
2 -0.00200545
3 -0.00795679
3661 3
1 -0.0123331
2 -0.00198259
3 -0.0079669
3662 3
1 -0.0123224
2 -0.00196074
3 -0.0079766
3663 3
1 -0.0123122
2 -0.00193987
3 -0.0079859
3664 3
1 -0.0123025
2 -0.00191996
3 -0.00799482
3665 3
1 -0.0122932
2 -0.00190097
3 -0.00800335
3666 3
1 -0.0122844
2 -0.0018829
3 -0.0080115
3667 3
1 -0.012276
2 -0.00186571
3 -0.00801927
3668 3
1 -0.0122681
2 -0.0018494
3 -0.00802666
3669 3
1 -0.0122606
2 -0.00183394
3 -0.00803368
3670 3
1 -0.0122535
2 -0.00181933
3 -0.00804033
3671 3
1 -0.0122468
2 -0.00180553
3 -0.0080466
3672 3
1 -0.0122406
2 -0.00179255
3 -0.00805251
3673 3
1 -0.0122348
2 -0.00178038
3 -0.00805805
3674 3
1 -0.0122293
2 -0.001769
3 -0.00806323
3675 3
1 -0.0122243
2 -0.0017584
3 -0.00806804
3676 3
1 -0.0122197
2 -0.00174857
3 -0.00807249
3677 3
1 -0.0122154
2 -0.00173952
3 -0.00807658
3678 3
1 -0.0122116
2 -0.00173123
3 -0.00808031
3679 3
1 -0.0122081
2 -0.00172369
3 -0.00808368
3680 3
1 -0.012205
2 -0.00171691
3 -0.0080867
3681 3
1 -0.0122023
2 -0.00171088
3 -0.00808937
3682 3
1 -0.0121999
2 -0.0017056
3 -0.00809169
3683 3
1 -0.0121979
2 -0.00170106
3 -0.00809367
3684 3
1 -0.0121962
2 -0.00169727
3 -0.00809531
3685 3
1 -0.0121949
2 -0.00169423
3 -0.00809661
3686 3
1 -0.0121939
2 -0.00169194
3 -0.00809759
3687 3
1 -0.0121932
2 -0.00169039
3 -0.00809824
3688 3
1 -0.0121928
2 -0.0016896
3 -0.00809857
3689 3
1 -0.0121928
2 -0.00168957
3 -0.00809859
3690 3
1 -0.0121931
2 -0.00169029
3 -0.00809829
3691 3
1 -0.0121938
2 -0.00169177
3 -0.00809768
3692 3
1 -0.0121947
2 -0.00169401
3 -0.00809676
3693 3
1 -0.012196
2 -0.00169702
3 -0.00809554
3694 3
1 -0.0121976
2 -0.00170079
3 -0.00809401
3695 3
1 -0.0121996
2 -0.00170532
3 -0.00809218
3696 3
1 -0.0122018
2 -0.00171062
3 -0.00809005
3697 3
1 -0.0122044
2 -0.00171669
3 -0.00808762
3698 3
1 -0.0122074
2 -0.00172353
3 -0.00808489
3699 3
1 -0.0122106
2 -0.00173115
3 -0.00808186
3700 3
1 -0.0122142
2 -0.00173953
3 -0.00807853
3701 3
1 -0.0122182
2 -0.00174869
3 -0.0080749
3702 3
1 -0.0122225
2 -0.00175862
3 -0.00807098
3703 3
1 -0.0122271
2 -0.00176933
3 -0.00806675
3704 3
1 -0.0122321
2 -0.00178082
3 -0.00806223
3705 3
1 -0.0122375
2 -0.0017931
3 -0.00805742
3706 3
1 -0.0122432
2 -0.00180617
3 -0.00805231
3707 3
1 -0.0122493
2 -0.00182003
3 -0.00804692
3708 3
1 -0.0122557
2 -0.00183468
3 -0.00804124
3709 3
1 -0.0122626
2 -0.00185014
3 -0.00803528
3710 3
1 -0.0122698
2 -0.0018664
3 -0.00802904
3711 3
1 -0.0122773
2 -0.00188348
3 -0.00802253
3712 3
1 -0.0122853
2 -0.00190137
3 -0.00801577
3713 3
1 -0.0122937
2 -0.0019201
3 -0.00800874
3714 3
1 -0.0123024
2 -0.00193965
3 -0.00800148
3715 3
1 -0.0123115
2 -0.00196004
3 -0.00799398
3716 3
1 -0.0123211
2 -0.00198127
3 -0.00798626
3717 3
1 -0.012331
2 -0.00200334
3 -0.00797834
3718 3
1 -0.0123414
2 -0.00202627
3 -0.00797024
3719 3
1 -0.0123522
2 -0.00205006
3 -0.00796196
3720 3
1 -0.0123634
2 -0.00207471
3 -0.00795354
3721 3
1 -0.0123751
2 -0.00210022
3 -0.00794499
3722 3
1 -0.0123872
2 -0.00212659
3 -0.00793631
3723 3
1 -0.0123998
2 -0.00215383
3 -0.00792754
3724 3
1 -0.0124129
2 -0.00218194
3 -0.00791866
3725 3
1 -0.0124265
2 -0.00221092
3 -0.00790969
3726 3
1 -0.0124406
2 -0.00224076
3 -0.00790063
3727 3
1 -0.0124551
2 -0.00227149
3 -0.00789148
3728 3
1 -0.0124702
2 -0.00230308
3 -0.00788223
3729 3
1 -0.0124857
2 -0.00233555
3 -0.00787289
3730 3
1 -0.0125017
2 -0.00236888
3 -0.00786344
3731 3
1 -0.0125182
2 -0.00240307
3 -0.00785388
3732 3
1 -0.0125352
2 -0.00243812
3 -0.00784422
3733 3
1 -0.0125527
2 -0.00247403
3 -0.00783446
3734 3
1 -0.0125707
2 -0.00251078
3 -0.0078246
3735 3
1 -0.0125891
2 -0.00254838
3 -0.00781464
3736 3
1 -0.0126081
2 -0.00258682
3 -0.00780459
3737 3
1 -0.0126275
2 -0.0026261
3 -0.00779445
3738 3
1 -0.0126474
2 -0.00266621
3 -0.00778421
3739 3
1 -0.0126677
2 -0.00270715
3 -0.00777389
3740 3
1 -0.0126886
2 -0.00274891
3 -0.00776348
3741 3
1 -0.0127099
2 -0.00279149
3 -0.00775298
3742 3
1 -0.0127318
2 -0.0028349
3 -0.00774239
3743 3
1 -0.0127541
2 -0.00287911
3 -0.00773171
3744 3
1 -0.0127769
2 -0.00292413
3 -0.00772094
3745 3
1 -0.0128001
2 -0.00296995
3 -0.00771008
3746 3
1 -0.0128239
2 -0.00301657
3 -0.00769914
3747 3
1 -0.0128481
2 -0.00306397
3 -0.00768811
3748 3
1 -0.0128728
2 -0.00311215
3 -0.00767701
3749 3
1 -0.0128979
2 -0.0031611
3 -0.00766584
3750 3
1 -0.0129236
2 -0.00321082
3 -0.0076546
3751 3
1 -0.0129497
2 -0.00326129
3 -0.0076433
3752 3
1 -0.0129764
2 -0.00331251
3 -0.00763194
3753 3
1 -0.0130035
2 -0.00336446
3 -0.00762053
3754 3
1 -0.0130312
2 -0.00341713
3 -0.00760908
3755 3
1 -0.0130594
2 -0.00347049
3 -0.0075976
3756 3
1 -0.0130882
2 -0.00352453
3 -0.00758611
3757 3
1 -0.0131175
2 -0.00357922
3 -0.00757461
3758 3
1 -0.0131473
2 -0.00363454
3 -0.00756312
3759 3
1 -0.0131777
2 -0.00369046
3 -0.00755162
3760 3
1 -0.0132086
2 -0.00374698
3 -0.00754013
3761 3
1 -0.0132399
2 -0.00380407
3 -0.00752865
3762 3
1 -0.0132718
2 -0.00386172
3 -0.00751715
3763 3
1 -0.0133042
2 -0.00391993
3 -0.00750564
3764 3
1 -0.0133371
2 -0.00397867
3 -0.0074941
3765 3
1 -0.0133704
2 -0.00403796
3 -0.00748252
3766 3
1 -0.0134042
2 -0.00409777
3 -0.00747088
3767 3
1 -0.0134384
2 -0.00415811
3 -0.00745917
3768 3
1 -0.013473
2 -0.00421897
3 -0.00744739
3769 3
1 -0.013508
2 -0.00428033
3 -0.00743553
3770 3
1 -0.0135435
2 -0.00434218
3 -0.00742358
3771 3
1 -0.0135793
2 -0.00440451
3 -0.00741153
3772 3
1 -0.0136155
2 -0.00446731
3 -0.00739937
3773 3
1 -0.0136521
2 -0.00453057
3 -0.0073871
3774 3
1 -0.0136891
2 -0.00459428
3 -0.0073747
3775 3
1 -0.0137265
2 -0.00465842
3 -0.00736216
3776 3
1 -0.0137642
2 -0.00472299
3 -0.00734947
3777 3
1 -0.0138024
2 -0.00478797
3 -0.00733662
3778 3
1 -0.013841
2 -0.00485335
3 -0.00732362
3779 3
1 -0.0138799
2 -0.00491911
3 -0.00731044
3780 3
1 -0.0139192
2 -0.00498524
3 -0.00729708
3781 3
1 -0.0139589
2 -0.00505171
3 -0.00728354
3782 3
1 -0.0139989
2 -0.00511851
3 -0.0072698
3783 3
1 -0.0140393
2 -0.00518562
3 -0.00725587
3784 3
1 -0.01408
2 -0.00525301
3 -0.00724172
3785 3
1 -0.0141211
2 -0.00532066
3 -0.00722735
3786 3
1 -0.0141624
2 -0.00538854
3 -0.00721275
3787 3
1 -0.014204
2 -0.00545661
3 -0.00719789
3788 3
1 -0.0142458
2 -0.00552484
3 -0.00718276
3789 3
1 -0.0142879
2 -0.00559319
3 -0.00716735
3790 3
1 -0.0143303
2 -0.00566162
3 -0.00715164
3791 3
1 -0.0143729
2 -0.0057301
3 -0.00713564
3792 3
1 -0.0144157
2 -0.0057986
3 -0.00711933
3793 3
1 -0.0144587
2 -0.00586709
3 -0.00710269
3794 3
1 -0.014502
2 -0.00593554
3 -0.00708571
3795 3
1 -0.0145455
2 -0.00600394
3 -0.00706837
3796 3
1 -0.0145892
2 -0.00607229
3 -0.00705066
3797 3
1 -0.0146331
2 -0.00614056
3 -0.00703255
3798 3
1 -0.0146772
2 -0.00620877
3 -0.00701406
3799 3
1 -0.0147215
2 -0.0062769
3 -0.00699518
3800 3
1 -0.014766
2 -0.00634497
3 -0.00697592
3801 3
1 -0.0148106
2 -0.00641295
3 -0.00695631
3802 3
1 -0.0148553
2 -0.00648085
3 -0.00693635
3803 3
1 -0.0149001
2 -0.00654863
3 -0.00691608
3804 3
1 -0.014945
2 -0.00661629
3 -0.00689551
3805 3
1 -0.0149899
2 -0.00668381
3 -0.00687466
3806 3
1 -0.0150349
2 -0.00675115
3 -0.00685353
3807 3
1 -0.0150799
2 -0.00681831
3 -0.00683213
3808 3
1 -0.0151249
2 -0.00688526
3 -0.00681047
3809 3
1 -0.0151699
2 -0.00695199
3 -0.00678855
3810 3
1 -0.0152149
2 -0.00701848
3 -0.00676637
3811 3
1 -0.0152599
2 -0.00708471
3 -0.00674393
3812 3
1 -0.0153048
2 -0.00715066
3 -0.00672123
3813 3
1 -0.0153498
2 -0.00721631
3 -0.00669828
3814 3
1 -0.0153947
2 -0.00728165
3 -0.00667508
3815 3
1 -0.0154396
2 -0.00734666
3 -0.00665162
3816 3
1 -0.0154845
2 -0.00741132
3 -0.00662791
3817 3
1 -0.0155293
2 -0.0074756
3 -0.00660394
3818 3
1 -0.015574
2 -0.0075395
3 -0.00657971
3819 3
1 -0.0156186
2 -0.00760299
3 -0.00655522
3820 3
1 -0.0156631
2 -0.00766607
3 -0.00653046
3821 3
1 -0.0157075
2 -0.00772873
3 -0.00650541
3822 3
1 -0.0157517
2 -0.00779095
3 -0.00648008
3823 3
1 -0.0157958
2 -0.00785273
3 -0.00645444
3824 3
1 -0.0158397
2 -0.00791407
3 -0.00642849
3825 3
1 -0.0158835
2 -0.00797498
3 -0.00640221
3826 3
1 -0.015927
2 -0.00803545
3 -0.00637559
3827 3
1 -0.0159704
2 -0.00809548
3 -0.00634861
3828 3
1 -0.0160136
2 -0.00815507
3 -0.00632126
3829 3
1 -0.0160565
2 -0.00821421
3 -0.00629354
3830 3
1 -0.0160992
2 -0.00827288
3 -0.00626544
3831 3
1 -0.0161418
2 -0.00833109
3 -0.00623697
3832 3
1 -0.0161841
2 -0.0083888
3 -0.00620815
3833 3
1 -0.0162263
2 -0.00844604
3 -0.006179
3834 3
1 -0.0162682
2 -0.00850279
3 -0.00614954
3835 3
1 -0.01631
2 -0.00855907
3 -0.00611979
3836 3
1 -0.0163515
2 -0.00861487
3 -0.00608978
3837 3
1 -0.0163928
2 -0.0086702
3 -0.00605954
3838 3
1 -0.0164339
2 -0.0087251
3 -0.00602909
3839 3
1 -0.0164748
2 -0.00877956
3 -0.00599845
3840 3
1 -0.0165154
2 -0.00883359
3 -0.00596764
3841 3
1 -0.0165557
2 -0.00888719
3 -0.00593667
3842 3
1 -0.0165957
2 -0.00894036
3 -0.00590555
3843 3
1 -0.0166354
2 -0.00899307
3 -0.00587429
3844 3
1 -0.0166749
2 -0.00904529
3 -0.0058429
3845 3
1 -0.0167141
2 -0.00909703
3 -0.0058114
3846 3
1 -0.0167529
2 -0.00914825
3 -0.0057798
3847 3
1 -0.0167915
2 -0.00919894
3 -0.00574811
3848 3
1 -0.0168298
2 -0.0092491
3 -0.00571635
3849 3
1 -0.0168678
2 -0.00929873
3 -0.00568453
3850 3
1 -0.0169055
2 -0.00934781
3 -0.00565267
3851 3
1 -0.0169429
2 -0.00939635
3 -0.00562079
3852 3
1 -0.0169799
2 -0.00944434
3 -0.00558889
3853 3
1 -0.0170167
2 -0.00949179
3 -0.00555701
3854 3
1 -0.0170531
2 -0.00953868
3 -0.00552515
3855 3
1 -0.0170892
2 -0.00958502
3 -0.00549334
3856 3
1 -0.017125
2 -0.00963079
3 -0.00546158
3857 3
1 -0.0171605
2 -0.00967601
3 -0.00542989
3858 3
1 -0.0171957
2 -0.00972065
3 -0.00539828
3859 3
1 -0.0172305
2 -0.00976472
3 -0.00536675
3860 3
1 -0.0172651
2 -0.00980821
3 -0.00533531
3861 3
1 -0.0172994
2 -0.00985112
3 -0.00530397
3862 3
1 -0.0173333
2 -0.00989343
3 -0.00527273
3863 3
1 -0.017367
2 -0.00993513
3 -0.00524159
3864 3
1 -0.0174003
2 -0.00997623
3 -0.00521056
3865 3
1 -0.0174332
2 -0.0100167
3 -0.00517963
3866 3
1 -0.0174658
2 -0.0100566
3 -0.00514883
3867 3
1 -0.0174981
2 -0.0100958
3 -0.00511816
3868 3
1 -0.01753
2 -0.0101345
3 -0.00508763
3869 3
1 -0.0175615
2 -0.0101725
3 -0.00505727
3870 3
1 -0.0175926
2 -0.0102099
3 -0.0050271
3871 3
1 -0.0176232
2 -0.0102467
3 -0.00499715
3872 3
1 -0.0176534
2 -0.0102829
3 -0.00496746
3873 3
1 -0.0176832
2 -0.0103185
3 -0.00493804
3874 3
1 -0.0177124
2 -0.0103534
3 -0.00490892
3875 3
1 -0.0177412
2 -0.0103878
3 -0.00488013
3876 3
1 -0.0177694
2 -0.0104216
3 -0.00485168
3877 3
1 -0.0177971
2 -0.0104547
3 -0.00482359
3878 3
1 -0.0178242
2 -0.0104873
3 -0.00479587
3879 3
1 -0.0178507
2 -0.0105192
3 -0.00476854
3880 3
1 -0.0178767
2 -0.0105505
3 -0.00474161
3881 3
1 -0.017902
2 -0.0105812
3 -0.00471511
3882 3
1 -0.0179268
2 -0.0106113
3 -0.00468906
3883 3
1 -0.017951
2 -0.0106408
3 -0.00466346
3884 3
1 -0.0179746
2 -0.0106696
3 -0.00463834
3885 3
1 -0.0179976
2 -0.0106977
3 -0.00461372
3886 3
1 -0.01802
2 -0.0107252
3 -0.0045896
3887 3
1 -0.0180418
2 -0.0107521
3 -0.00456602
3888 3
1 -0.018063
2 -0.0107782
3 -0.00454298
3889 3
1 -0.0180837
2 -0.0108037
3 -0.0045205
3890 3
1 -0.0181037
2 -0.0108284
3 -0.00449858
3891 3
1 -0.0181231
2 -0.0108525
3 -0.00447725
3892 3
1 -0.018142
2 -0.0108758
3 -0.00445651
3893 3
1 -0.0181602
2 -0.0108984
3 -0.00443637
3894 3
1 -0.0181778
2 -0.0109202
3 -0.00441684
3895 3
1 -0.0181949
2 -0.0109413
3 -0.00439794
3896 3
1 -0.0182113
2 -0.0109617
3 -0.00437968
3897 3
1 -0.0182271
2 -0.0109813
3 -0.00436207
3898 3
1 -0.0182423
2 -0.0110001
3 -0.00434512
3899 3
1 -0.0182569
2 -0.0110182
3 -0.00432883
3900 3
1 -0.0182708
2 -0.0110355
3 -0.00431323
3901 3
1 -0.0182841
2 -0.011052
3 -0.00429831
3902 3
1 -0.0182968
2 -0.0110677
3 -0.0042841
3903 3
1 -0.0183088
2 -0.0110826
3 -0.0042706
3904 3
1 -0.0183201
2 -0.0110966
3 -0.00425782
3905 3
1 -0.0183307
2 -0.0111099
3 -0.00424579
3906 3
1 -0.0183407
2 -0.0111222
3 -0.00423451
3907 3
1 -0.01835
2 -0.0111338
3 -0.004224
3908 3
1 -0.0183585
2 -0.0111444
3 -0.00421427
3909 3
1 -0.0183664
2 -0.0111542
3 -0.00420532
3910 3
1 -0.0183735
2 -0.0111631
3 -0.00419718
3911 3
1 -0.01838
2 -0.0111711
3 -0.00418983
3912 3
1 -0.0183857
2 -0.0111783
3 -0.0041833
3913 3
1 -0.0183906
2 -0.0111845
3 -0.00417759
3914 3
1 -0.0183949
2 -0.0111898
3 -0.00417272
3915 3
1 -0.0183984
2 -0.0111942
3 -0.00416869
3916 3
1 -0.0184011
2 -0.0111976
3 -0.0041655
3917 3
1 -0.0184031
2 -0.0112001
3 -0.00416319
3918 3
1 -0.0184044
2 -0.0112017
3 -0.00416174
3919 3
1 -0.0184049
2 -0.0112023
3 -0.00416117
3920 3
1 -0.0184046
2 -0.011202
3 -0.00416149
3921 3
1 -0.0184036
2 -0.0112006
3 -0.00416271
3922 3
1 -0.0184017
2 -0.0111984
3 -0.00416484
3923 3
1 -0.0183992
2 -0.0111951
3 -0.00416789
3924 3
1 -0.0183958
2 -0.0111909
3 -0.00417188
3925 3
1 -0.0183917
2 -0.0111856
3 -0.00417681
3926 3
1 -0.0183868
2 -0.0111794
3 -0.0041827
3927 3
1 -0.018381
2 -0.0111721
3 -0.00418956
3928 3
1 -0.0183745
2 -0.0111639
3 -0.0041974
3929 3
1 -0.0183672
2 -0.0111546
3 -0.00420624
3930 3
1 -0.0183591
2 -0.0111442
3 -0.00421608
3931 3
1 -0.0183502
2 -0.0111328
3 -0.00422693
3932 3
1 -0.0183405
2 -0.0111204
3 -0.00423881
3933 3
1 -0.0183299
2 -0.0111069
3 -0.00425171
3934 3
1 -0.0183185
2 -0.0110924
3 -0.00426564
3935 3
1 -0.0183063
2 -0.0110768
3 -0.00428062
3936 3
1 -0.0182932
2 -0.0110601
3 -0.00429662
3937 3
1 -0.0182793
2 -0.0110423
3 -0.00431368
3938 3
1 -0.0182645
2 -0.0110235
3 -0.00433177
3939 3
1 -0.0182489
2 -0.0110036
3 -0.00435091
3940 3
1 -0.0182324
2 -0.0109826
3 -0.00437109
3941 3
1 -0.0182151
2 -0.0109606
3 -0.00439232
3942 3
1 -0.0181969
2 -0.0109375
3 -0.00441459
3943 3
1 -0.0181779
2 -0.0109133
3 -0.0044379
3944 3
1 -0.018158
2 -0.0108881
3 -0.00446226
3945 3
1 -0.0181374
2 -0.0108619
3 -0.00448767
3946 3
1 -0.0181159
2 -0.0108347
3 -0.00451414
3947 3
1 -0.0180935
2 -0.0108065
3 -0.00454168
3948 3
1 -0.0180704
2 -0.0107773
3 -0.00457032
3949 3
1 -0.0180464
2 -0.0107472
3 -0.00460004
3950 3
1 -0.0180216
2 -0.010716
3 -0.00463087
3951 3
1 -0.0179959
2 -0.0106839
3 -0.00466278
3952 3
1 -0.0179695
2 -0.0106509
3 -0.00469579
3953 3
1 -0.0179422
2 -0.0106168
3 -0.00472987
3954 3
1 -0.0179142
2 -0.0105818
3 -0.00476503
3955 3
1 -0.0178853
2 -0.0105458
3 -0.00480126
3956 3
1 -0.0178556
2 -0.0105087
3 -0.00483856
3957 3
1 -0.0178251
2 -0.0104707
3 -0.00487692
3958 3
1 -0.0177937
2 -0.0104316
3 -0.00491635
3959 3
1 -0.0177615
2 -0.0103916
3 -0.00495684
3960 3
1 -0.0177285
2 -0.0103504
3 -0.00499838
3961 3
1 -0.0176946
2 -0.0103082
3 -0.00504098
3962 3
1 -0.0176598
2 -0.010265
3 -0.00508463
3963 3
1 -0.0176242
2 -0.0102207
3 -0.00512932
3964 3
1 -0.0175877
2 -0.0101753
3 -0.00517507
3965 3
1 -0.0175503
2 -0.0101288
3 -0.00522186
3966 3
1 -0.0175121
2 -0.0100812
3 -0.0052697
3967 3
1 -0.0174729
2 -0.0100324
3 -0.00531858
3968 3
1 -0.0174329
2 -0.00998262
3 -0.00536851
3969 3
1 -0.0173921
2 -0.00993168
3 -0.00541946
3970 3
1 -0.0173504
2 -0.00987962
3 -0.00547143
3971 3
1 -0.0173078
2 -0.00982645
3 -0.00552442
3972 3
1 -0.0172644
2 -0.00977216
3 -0.0055784
3973 3
1 -0.0172203
2 -0.00971678
3 -0.00563337
3974 3
1 -0.0171753
2 -0.00966031
3 -0.0056893
3975 3
1 -0.0171296
2 -0.00960277
3 -0.00574619
3976 3
1 -0.0170832
2 -0.00954418
3 -0.005804
3977 3
1 -0.0170361
2 -0.00948455
3 -0.00586272
3978 3
1 -0.0169883
2 -0.00942389
3 -0.00592233
3979 3
1 -0.0169398
2 -0.00936223
3 -0.00598282
3980 3
1 -0.0168907
2 -0.00929957
3 -0.00604419
3981 3
1 -0.016841
2 -0.00923592
3 -0.00610644
3982 3
1 -0.0167907
2 -0.00917131
3 -0.0061696
3983 3
1 -0.0167398
2 -0.00910575
3 -0.00623368
3984 3
1 -0.0166883
2 -0.00903928
3 -0.00629869
3985 3
1 -0.0166361
2 -0.00897194
3 -0.00636463
3986 3
1 -0.0165833
2 -0.00890377
3 -0.00643152
3987 3
1 -0.0165298
2 -0.0088348
3 -0.00649938
3988 3
1 -0.0164755
2 -0.00876504
3 -0.00656821
3989 3
1 -0.0164206
2 -0.00869453
3 -0.00663804
3990 3
1 -0.0163649
2 -0.00862325
3 -0.00670889
3991 3
1 -0.0163085
2 -0.00855121
3 -0.00678078
3992 3
1 -0.0162513
2 -0.0084784
3 -0.00685374
3993 3
1 -0.0161934
2 -0.00840479
3 -0.00692777
3994 3
1 -0.0161347
2 -0.00833037
3 -0.0070029
3995 3
1 -0.0160753
2 -0.00825512
3 -0.00707911
3996 3
1 -0.0160151
2 -0.00817901
3 -0.00715638
3997 3
1 -0.0159541
2 -0.00810202
3 -0.00723471
3998 3
1 -0.0158924
2 -0.00802414
3 -0.00731407
3999 3
1 -0.0158298
2 -0.00794536
3 -0.00739443
4000 3
1 -0.0157665
2 -0.00786567
3 -0.00747576
4001 3
1 -0.0157023
2 -0.00778504
3 -0.00755803
4002 3
1 -0.0156374
2 -0.00770349
3 -0.0076412
4003 3
1 -0.0155716
2 -0.00762098
3 -0.00772525
4004 3
1 -0.0155051
2 -0.00753753
3 -0.00781015
4005 3
1 -0.0154377
2 -0.00745313
3 -0.00789587
4006 3
1 -0.0153696
2 -0.00736778
3 -0.0079824
4007 3
1 -0.0153006
2 -0.00728148
3 -0.00806971
4008 3
1 -0.015231
2 -0.00719426
3 -0.00815781
4009 3
1 -0.0151606
2 -0.00710613
3 -0.00824671
4010 3
1 -0.0150896
2 -0.00701713
3 -0.00833642
4011 3
1 -0.015018
2 -0.00692729
3 -0.00842696
4012 3
1 -0.0149458
2 -0.00683666
3 -0.00851837
4013 3
1 -0.014873
2 -0.00674527
3 -0.00861068
4014 3
1 -0.0147998
2 -0.00665316
3 -0.00870392
4015 3
1 -0.0147261
2 -0.00656038
3 -0.00879814
4016 3
1 -0.0146519
2 -0.00646697
3 -0.00889337
4017 3
1 -0.0145773
2 -0.00637298
3 -0.00898963
4018 3
1 -0.0145024
2 -0.00627846
3 -0.00908694
4019 3
1 -0.0144271
2 -0.00618344
3 -0.0091853
4020 3
1 -0.0143514
2 -0.00608796
3 -0.00928472
4021 3
1 -0.0142755
2 -0.00599206
3 -0.00938516
4022 3
1 -0.0141993
2 -0.00589578
3 -0.00948661
4023 3
1 -0.0141229
2 -0.00579917
3 -0.00958905
4024 3
1 -0.0140464
2 -0.00570223
3 -0.00969244
4025 3
1 -0.0139697
2 -0.00560497
3 -0.00979678
4026 3
1 -0.0138929
2 -0.0055074
3 -0.00990206
4027 3
1 -0.013816
2 -0.00540951
3 -0.0100083
4028 3
1 -0.013739
2 -0.00531131
3 -0.0101154
4029 3
1 -0.0136618
2 -0.00521283
3 -0.0102235
4030 3
1 -0.0135845
2 -0.00511408
3 -0.0103326
4031 3
1 -0.013507
2 -0.00501509
3 -0.0104426
4032 3
1 -0.0134293
2 -0.00491588
3 -0.0105536
4033 3
1 -0.0133515
2 -0.00481647
3 -0.0106655
4034 3
1 -0.0132734
2 -0.00471686
3 -0.0107783
4035 3
1 -0.0131951
2 -0.00461707
3 -0.010892
4036 3
1 -0.0131166
2 -0.00451709
3 -0.0110066
4037 3
1 -0.0130379
2 -0.00441692
3 -0.0111219
4038 3
1 -0.0129589
2 -0.00431654
3 -0.0112381
4039 3
1 -0.0128798
2 -0.00421595
3 -0.0113549
4040 3
1 -0.0128004
2 -0.00411514
3 -0.0114725
4041 3
1 -0.0127208
2 -0.00401411
3 -0.0115906
4042 3
1 -0.0126411
2 -0.00391287
3 -0.0117095
4043 3
1 -0.0125612
2 -0.00381141
3 -0.0118289
4044 3
1 -0.0124812
2 -0.00370976
3 -0.0119489
4045 3
1 -0.0124011
2 -0.00360793
3 -0.0120695
4046 3
1 -0.0123208
2 -0.00350596
3 -0.0121907
4047 3
1 -0.0122405
2 -0.00340387
3 -0.0123124
4048 3
1 -0.0121602
2 -0.00330173
3 -0.0124347
4049 3
1 -0.0120799
2 -0.00319957
3 -0.0125575
4050 3
1 -0.0119995
2 -0.00309748
3 -0.0126809
4051 3
1 -0.0119193
2 -0.00299553
3 -0.0128047
4052 3
1 -0.0118392
2 -0.00289379
3 -0.012929
4053 3
1 -0.0117593
2 -0.00279235
3 -0.0130536
4054 3
1 -0.0116797
2 -0.00269129
3 -0.0131785
4055 3
1 -0.0116003
2 -0.00259071
3 -0.0133037
4056 3
1 -0.0115213
2 -0.00249067
3 -0.0134289
4057 3
1 -0.0114427
2 -0.00239125
3 -0.0135542
4058 3
1 -0.0113645
2 -0.00229252
3 -0.0136794
4059 3
1 -0.0112867
2 -0.00219448
3 -0.0138046
4060 3
1 -0.0112092
2 -0.00209716
3 -0.0139296
4061 3
1 -0.011132
2 -0.00200054
3 -0.0140544
4062 3
1 -0.0110552
2 -0.0019046
3 -0.0141792
4063 3
1 -0.0109786
2 -0.00180932
3 -0.0143038
4064 3
1 -0.0109023
2 -0.00171467
3 -0.0144283
4065 3
1 -0.0108264
2 -0.00162064
3 -0.0145527
4066 3
1 -0.0107507
2 -0.00152722
3 -0.0146769
4067 3
1 -0.0106753
2 -0.00143442
3 -0.0148008
4068 3
1 -0.0106002
2 -0.00134226
3 -0.0149246
4069 3
1 -0.0105254
2 -0.00125074
3 -0.015048
4070 3
1 -0.010451
2 -0.00115987
3 -0.0151711
4071 3
1 -0.0103769
2 -0.00106966
3 -0.0152939
4072 3
1 -0.0103033
2 -0.0009801
3 -0.0154162
4073 3
1 -0.01023
2 -0.000891209
3 -0.0155381
4074 3
1 -0.0101572
2 -0.000802996
3 -0.0156595
4075 3
1 -0.0100849
2 -0.000715482
3 -0.0157804
4076 3
1 -0.010013
2 -0.000628688
3 -0.0159007
4077 3
1 -0.00994168
2 -0.000542642
3 -0.0160204
4078 3
1 -0.0098709
2 -0.00045737
3 -0.0161395
4079 3
1 -0.0098007
2 -0.000372898
3 -0.0162578
4080 3
1 -0.0097311
2 -0.000289254
3 -0.0163753
4081 3
1 -0.00966211
2 -0.000206461
3 -0.016492
4082 3
1 -0.00959376
2 -0.000124544
3 -0.0166078
4083 3
1 -0.00952607
2 -4.35311e-05
3 -0.0167227
4084 3
1 -0.00945906
2 3.65491e-05
3 -0.0168367
4085 3
1 -0.00939275
2 0.000115664
3 -0.0169498
4086 3
1 -0.00932717
2 0.000193781
3 -0.0170619
4087 3
1 -0.00926232
2 0.000270864
3 -0.0171729
4088 3
1 -0.00919822
2 0.000346883
3 -0.017283
4089 3
1 -0.00913489
2 0.000421814
3 -0.0173921
4090 3
1 -0.00907233
2 0.000495642
3 -0.0175002
4091 3
1 -0.00901055
2 0.000568358
3 -0.0176073
4092 3
1 -0.00894956
2 0.000639955
3 -0.0177133
4093 3
1 -0.00888937
2 0.000710418
3 -0.0178183
4094 3
1 -0.00882998
2 0.000779727
3 -0.0179224
4095 3
1 -0.00877139
2 0.000847865
3 -0.0180254
4096 3
1 -0.00871363
2 0.000914816
3 -0.0181274
4097 3
1 -0.00865669
2 0.000980573
3 -0.0182285
4098 3
1 -0.0086006
2 0.00104514
3 -0.0183285
4099 3
1 -0.00854535
2 0.00110853
3 -0.0184274
4100 3
1 -0.00849096
2 0.00117076
3 -0.0185252
4101 3
1 -0.00843744
2 0.00123185
3 -0.0186218
4102 3
1 -0.00838478
2 0.00129183
3 -0.0187171
4103 3
1 -0.008333
2 0.00135072
3 -0.0188111
4104 3
1 -0.00828208
2 0.00140853
3 -0.0189037
4105 3
1 -0.00823204
2 0.00146529
3 -0.0189949
4106 3
1 -0.00818287
2 0.00152099
3 -0.0190845
4107 3
1 -0.00813458
2 0.00157565
3 -0.0191726
4108 3
1 -0.00808719
2 0.00162927
3 -0.0192591
4109 3
1 -0.00804071
2 0.00168183
3 -0.019344
4110 3
1 -0.00799515
2 0.00173333
3 -0.0194272
4111 3
1 -0.00795052
2 0.00178377
3 -0.0195086
4112 3
1 -0.00790684
2 0.00183313
3 -0.0195884
4113 3
1 -0.00786411
2 0.0018814
3 -0.0196663
4114 3
1 -0.00782235
2 0.00192858
3 -0.0197424
4115 3
1 -0.00778156
2 0.00197465
3 -0.0198167
4116 3
1 -0.00774176
2 0.00201961
3 -0.0198892
4117 3
1 -0.00770295
2 0.00206345
3 -0.0199599
4118 3
1 -0.00766514
2 0.00210617
3 -0.0200287
4119 3
1 -0.00762834
2 0.00214775
3 -0.0200956
4120 3
1 -0.00759255
2 0.00218819
3 -0.0201607
4121 3
1 -0.00755779
2 0.00222747
3 -0.0202239
4122 3
1 -0.00752408
2 0.00226557
3 -0.0202853
4123 3
1 -0.00749143
2 0.00230249
3 -0.0203447
4124 3
1 -0.00745986
2 0.00233821
3 -0.0204021
4125 3
1 -0.00742936
2 0.0023727
3 -0.0204577
4126 3
1 -0.00739997
2 0.00240594
3 -0.0205112
4127 3
1 -0.00737167
2 0.00243791
3 -0.0205628
4128 3
1 -0.00734448
2 0.00246858
3 -0.0206123
4129 3
1 -0.00731839
2 0.00249795
3 -0.0206597
4130 3
1 -0.00729343
2 0.00252598
3 -0.020705
4131 3
1 -0.00726958
2 0.00255266
3 -0.0207482
4132 3
1 -0.00724687
2 0.00257799
3 -0.0207892
4133 3
1 -0.00722529
2 0.00260195
3 -0.020828
4134 3
1 -0.00720487
2 0.00262454
3 -0.0208646
4135 3
1 -0.00718561
2 0.00264575
3 -0.020899
4136 3
1 -0.00716752
2 0.00266556
3 -0.0209312
4137 3
1 -0.00715062
2 0.00268399
3 -0.020961
4138 3
1 -0.00713495
2 0.00270101
3 -0.0209887
4139 3
1 -0.00712051
2 0.00271662
3 -0.021014
4140 3
1 -0.00710734
2 0.00273082
3 -0.0210371
4141 3
1 -0.00709546
2 0.00274358
3 -0.0210578
4142 3
1 -0.00708489
2 0.00275491
3 -0.0210762
4143 3
1 -0.00707566
2 0.0027648
3 -0.0210923
4144 3
1 -0.00706777
2 0.00277322
3 -0.021106
4145 3
1 -0.00706124
2 0.00278018
3 -0.0211173
4146 3
1 -0.0070561
2 0.00278565
3 -0.0211262
4147 3
1 -0.00705236
2 0.00278963
3 -0.0211327
4148 3
1 -0.00705004
2 0.00279211
3 -0.0211367
4149 3
1 -0.00704914
2 0.00279306
3 -0.0211383
4150 3
1 -0.00704969
2 0.00279248
3 -0.0211373
4151 3
1 -0.0070517
2 0.00279035
3 -0.0211339
4152 3
1 -0.00705518
2 0.00278665
3 -0.0211279
4153 3
1 -0.00706015
2 0.00278137
3 -0.0211193
4154 3
1 -0.00706662
2 0.00277449
3 -0.0211082
4155 3
1 -0.00707462
2 0.002766
3 -0.0210944
4156 3
1 -0.00708416
2 0.00275588
3 -0.0210781
4157 3
1 -0.00709525
2 0.0027441
3 -0.0210591
4158 3
1 -0.00710793
2 0.00273065
3 -0.0210375
4159 3
1 -0.00712221
2 0.0027155
3 -0.0210132
4160 3
1 -0.00713812
2 0.00269862
3 -0.0209863
4161 3
1 -0.0071557
2 0.00267999
3 -0.0209566
4162 3
1 -0.00717498
2 0.00265958
3 -0.0209243
4163 3
1 -0.007196
2 0.00263736
3 -0.0208893
4164 3
1 -0.0072188
2 0.00261329
3 -0.0208515
4165 3
1 -0.00724342
2 0.00258733
3 -0.0208111
4166 3
1 -0.00726992
2 0.00255946
3 -0.0207678
4167 3
1 -0.00729832
2 0.00252963
3 -0.0207218
4168 3
1 -0.00732869
2 0.0024978
3 -0.020673
4169 3
1 -0.00736107
2 0.00246393
3 -0.0206213
4170 3
1 -0.00739551
2 0.002428
3 -0.0205668
4171 3
1 -0.00743206
2 0.00238996
3 -0.0205094
4172 3
1 -0.00747076
2 0.00234982
3 -0.0204491
4173 3
1 -0.00751165
2 0.00230756
3 -0.0203858
4174 3
1 -0.00755475
2 0.00226317
3 -0.0203195
4175 3
1 -0.00760009
2 0.00221666
3 -0.0202503
4176 3
1 -0.00764766
2 0.00216801
3 -0.020178
4177 3
1 -0.00769747
2 0.00211721
3 -0.0201027
4178 3
1 -0.00774952
2 0.00206427
3 -0.0200244
4179 3
1 -0.00780379
2 0.00200918
3 -0.0199431
4180 3
1 -0.00786028
2 0.00195194
3 -0.0198588
4181 3
1 -0.00791898
2 0.00189255
3 -0.0197715
4182 3
1 -0.00797985
2 0.00183102
3 -0.0196812
4183 3
1 -0.00804287
2 0.00176734
3 -0.0195879
4184 3
1 -0.00810804
2 0.00170152
3 -0.0194917
4185 3
1 -0.00817534
2 0.00163355
3 -0.0193926
4186 3
1 -0.00824477
2 0.00156343
3 -0.0192905
4187 3
1 -0.00831634
2 0.00149116
3 -0.0191856
4188 3
1 -0.00839008
2 0.00141674
3 -0.0190777
4189 3
1 -0.00846601
2 0.00134017
3 -0.018967
4190 3
1 -0.00854415
2 0.00126146
3 -0.0188534
4191 3
1 -0.00862455
2 0.0011806
3 -0.018737
4192 3
1 -0.00870723
2 0.00109762
3 -0.0186179
4193 3
1 -0.00879225
2 0.00101252
3 -0.0184959
4194 3
1 -0.00887963
2 0.000925318
3 -0.0183713
4195 3
1 -0.00896942
2 0.000836029
3 -0.0182439
4196 3
1 -0.00906167
2 0.000744665
3 -0.0181138
4197 3
1 -0.0091564
2 0.000651234
3 -0.0179811
4198 3
1 -0.00925365
2 0.00055574
3 -0.0178457
4199 3
1 -0.00935342
2 0.000458184
3 -0.0177077
4200 3
1 -0.00945572
2 0.000358566
3 -0.017567
4201 3
1 -0.00956053
2 0.000256889
3 -0.0174238
4202 3
1 -0.00966784
2 0.000153162
3 -0.017278
4203 3
1 -0.00977761
2 4.74103e-05
3 -0.0171297
4204 3
1 -0.00988984
2 -6.03322e-05
3 -0.0169788
4205 3
1 -0.0100045
2 -0.000170019
3 -0.0168255
4206 3
1 -0.0101215
2 -0.000281596
3 -0.0166699
4207 3
1 -0.0102409
2 -0.000395002
3 -0.0165118
4208 3
1 -0.0103627
2 -0.000510172
3 -0.0163515
4209 3
1 -0.0104869
2 -0.000627027
3 -0.0161887
4210 3
1 -0.0106134
2 -0.000745468
3 -0.0160236
4211 3
1 -0.0107421
2 -0.000865383
3 -0.0158561
4212 3
1 -0.0108731
2 -0.000986668
3 -0.0156863
4213 3
1 -0.0110064
2 -0.00110924
3 -0.0155141
4214 3
1 -0.0111418
2 -0.00123305
3 -0.0153397
4215 3
1 -0.0112793
2 -0.00135807
3 -0.015163
4216 3
1 -0.0114188
2 -0.0014843
3 -0.0149841
4217 3
1 -0.0115603
2 -0.00161176
3 -0.014803
4218 3
1 -0.0117037
2 -0.00174045
3 -0.0146199
4219 3
1 -0.0118489
2 -0.00187037
3 -0.0144346
4220 3
1 -0.0119959
2 -0.00200152
3 -0.0142475
4221 3
1 -0.0121445
2 -0.00213386
3 -0.0140584
4222 3
1 -0.0122947
2 -0.00226737
3 -0.0138675
4223 3
1 -0.0124464
2 -0.002402
3 -0.0136748
4224 3
1 -0.0125995
2 -0.00253771
3 -0.0134805
4225 3
1 -0.0127541
2 -0.00267442
3 -0.0132847
4226 3
1 -0.01291
2 -0.00281208
3 -0.0130874
4227 3
1 -0.0130672
2 -0.0029506
3 -0.0128888
4228 3
1 -0.0132257
2 -0.00308989
3 -0.0126891
4229 3
1 -0.0133853
2 -0.00322985
3 -0.0124883
4230 3
1 -0.0135461
2 -0.00337038
3 -0.0122866
4231 3
1 -0.013708
2 -0.00351139
3 -0.0120842
4232 3
1 -0.0138709
2 -0.00365278
3 -0.0118811
4233 3
1 -0.0140348
2 -0.00379446
3 -0.0116775
4234 3
1 -0.0141997
2 -0.00393637
3 -0.0114736
4235 3
1 -0.0143654
2 -0.00407844
3 -0.0112695
4236 3
1 -0.0145318
2 -0.00422061
3 -0.0110653
4237 3
1 -0.0146989
2 -0.00436281
3 -0.010861
4238 3
1 -0.0148665
2 -0.00450496
3 -0.0106567
4239 3
1 -0.0150347
2 -0.00464695
3 -0.0104526
4240 3
1 -0.0152031
2 -0.00478869
3 -0.0102486
4241 3
1 -0.0153719
2 -0.00493004
3 -0.0100448
4242 3
1 -0.0155409
2 -0.00507091
3 -0.00984119
4243 3
1 -0.0157099
2 -0.00521117
3 -0.00963787
4244 3
1 -0.015879
2 -0.00535073
3 -0.00943486
4245 3
1 -0.0160481
2 -0.00548949
3 -0.00923227
4246 3
1 -0.016217
2 -0.00562736
3 -0.00903022
4247 3
1 -0.0163857
2 -0.00576426
3 -0.00882886
4248 3
1 -0.0165542
2 -0.00590013
3 -0.00862835
4249 3
1 -0.0167224
2 -0.00603491
3 -0.00842883
4250 3
1 -0.0168901
2 -0.00616855
3 -0.00823042
4251 3
1 -0.0170573
2 -0.00630101
3 -0.00803324
4252 3
1 -0.0172241
2 -0.00643231
3 -0.00783737
4253 3
1 -0.0173903
2 -0.00656247
3 -0.00764289
4254 3
1 -0.0175559
2 -0.00669155
3 -0.00744985
4255 3
1 -0.0177209
2 -0.00681958
3 -0.0072583
4256 3
1 -0.0178852
2 -0.00694658
3 -0.00706828
4257 3
1 -0.0180489
2 -0.00707253
3 -0.00687983
4258 3
1 -0.0182119
2 -0.00719739
3 -0.00669298
4259 3
1 -0.0183741
2 -0.00732111
3 -0.00650777
4260 3
1 -0.0185355
2 -0.00744363
3 -0.00632424
4261 3
1 -0.0186959
2 -0.00756492
3 -0.00614246
4262 3
1 -0.0188552
2 -0.00768491
3 -0.00596248
4263 3
1 -0.0190132
2 -0.00780357
3 -0.00578436
4264 3
1 -0.0191699
2 -0.00792083
3 -0.00560817
4265 3
1 -0.019325
2 -0.00803666
3 -0.00543398
4266 3
1 -0.0194785
2 -0.00815099
3 -0.00526187
4267 3
1 -0.0196303
2 -0.00826377
3 -0.00509192
4268 3
1 -0.0197803
2 -0.00837493
3 -0.0049242
4269 3
1 -0.0199283
2 -0.00848441
3 -0.00475879
4270 3
1 -0.0200745
2 -0.00859214
3 -0.00459574
4271 3
1 -0.0202187
2 -0.00869808
3 -0.00443512
4272 3
1 -0.0203609
2 -0.0088022
3 -0.00427695
4273 3
1 -0.0205012
2 -0.00890448
3 -0.00412128
4274 3
1 -0.0206394
2 -0.00900491
3 -0.00396812
4275 3
1 -0.0207757
2 -0.0091035
3 -0.00381746
4276 3
1 -0.02091
2 -0.00920026
3 -0.00366932
4277 3
1 -0.0210424
2 -0.00929517
3 -0.00352369
4278 3
1 -0.0211727
2 -0.00938823
3 -0.00338059
4279 3
1 -0.0213011
2 -0.00947941
3 -0.00324005
4280 3
1 -0.0214276
2 -0.00956869
3 -0.00310206
4281 3
1 -0.021552
2 -0.00965602
3 -0.00296666
4282 3
1 -0.0216745
2 -0.00974141
3 -0.00283382
4283 3
1 -0.0217951
2 -0.00982482
3 -0.00270355
4284 3
1 -0.0219137
2 -0.00990629
3 -0.00257583
4285 3
1 -0.0220304
2 -0.00998582
3 -0.00245064
4286 3
1 -0.0221452
2 -0.0100634
3 -0.00232797
4287 3
1 -0.0222579
2 -0.0101392
3 -0.0022078
4288 3
1 -0.0223685
2 -0.010213
3 -0.00209014
4289 3
1 -0.0224771
2 -0.010285
3 -0.00197497
4290 3
1 -0.0225834
2 -0.0103552
3 -0.00186227
4291 3
1 -0.0226876
2 -0.0104236
3 -0.00175201
4292 3
1 -0.0227896
2 -0.0104903
3 -0.00164419
4293 3
1 -0.0228893
2 -0.0105552
3 -0.00153879
4294 3
1 -0.0229867
2 -0.0106183
3 -0.00143581
4295 3
1 -0.0230818
2 -0.0106797
3 -0.00133526
4296 3
1 -0.0231744
2 -0.0107395
3 -0.00123716
4297 3
1 -0.0232646
2 -0.0107974
3 -0.00114154
4298 3
1 -0.0233524
2 -0.0108537
3 -0.00104845
4299 3
1 -0.0234376
2 -0.0109082
3 -0.00095792
4300 3
1 -0.0235203
2 -0.0109609
3 -0.00087
4301 3
1 -0.0236003
2 -0.0110118
3 -0.000784728
4302 3
1 -0.0236778
2 -0.011061
3 -0.000702143
4303 3
1 -0.0237526
2 -0.0111084
3 -0.000622278
4304 3
1 -0.0238247
2 -0.011154
3 -0.000545159
4305 3
1 -0.0238942
2 -0.0111977
3 -0.000470808
4306 3
1 -0.0239611
2 -0.0112397
3 -0.000399236
4307 3
1 -0.0240253
2 -0.0112798
3 -0.000330449
4308 3
1 -0.0240869
2 -0.0113182
3 -0.000264443
4309 3
1 -0.0241458
2 -0.0113547
3 -0.000201212
4310 3
1 -0.0242021
2 -0.0113895
3 -0.000140744
4311 3
1 -0.0242558
2 -0.0114226
3 -8.30279e-05
4312 3
1 -0.0243069
2 -0.0114539
3 -2.80526e-05
4313 3
1 -0.0243554
2 -0.0114835
3 2.41913e-05
4314 3
1 -0.0244013
2 -0.0115114
3 7.37111e-05
4315 3
1 -0.0244446
2 -0.0115377
3 0.000120513
4316 3
1 -0.0244853
2 -0.0115623
3 0.000164601
4317 3
1 -0.0245234
2 -0.0115853
3 0.00020598
4318 3
1 -0.0245589
2 -0.0116066
3 0.000244654
4319 3
1 -0.0245919
2 -0.0116264
3 0.000280625
4320 3
1 -0.0246223
2 -0.0116445
3 0.000313894
4321 3
1 -0.0246502
2 -0.0116611
3 0.000344462
4322 3
1 -0.0246755
2 -0.0116761
3 0.000372328
4323 3
1 -0.0246982
2 -0.0116896
3 0.000397489
4324 3
1 -0.0247184
2 -0.0117015
3 0.000419942
4325 3
1 -0.0247361
2 -0.011712
3 0.000439681
4326 3
1 -0.0247512
2 -0.0117209
3 0.0004567
4327 3
1 -0.0247639
2 -0.0117284
3 0.000470989
4328 3
1 -0.024774
2 -0.0117344
3 0.000482539
4329 3
1 -0.0247817
2 -0.0117389
3 0.000491339
4330 3
1 -0.024787
2 -0.011742
3 0.00049738
4331 3
1 -0.0247898
2 -0.0117437
3 0.000500655
4332 3
1 -0.0247903
2 -0.011744
3 0.000501159
4333 3
1 -0.0247883
2 -0.0117428
3 0.00049889
4334 3
1 -0.024784
2 -0.0117403
3 0.000493845
4335 3
1 -0.0247773
2 -0.0117365
3 0.000486025
4336 3
1 -0.0247684
2 -0.0117313
3 0.000475429
4337 3
1 -0.0247571
2 -0.0117249
3 0.000462061
4338 3
1 -0.0247435
2 -0.0117172
3 0.00044592
4339 3
1 -0.0247276
2 -0.0117083
3 0.00042701
4340 3
1 -0.0247095
2 -0.0116982
3 0.000405333
4341 3
1 -0.0246892
2 -0.0116869
3 0.000380891
4342 3
1 -0.0246667
2 -0.0116746
3 0.000353686
4343 3
1 -0.024642
2 -0.0116612
3 0.000323723
4344 3
1 -0.0246153
2 -0.0116467
3 0.000291005
4345 3
1 -0.0245864
2 -0.0116313
3 0.000255538
4346 3
1 -0.0245555
2 -0.0116149
3 0.00021733
4347 3
1 -0.0245225
2 -0.0115976
3 0.00017639
4348 3
1 -0.0244875
2 -0.0115794
3 0.000132729
4349 3
1 -0.0244506
2 -0.0115603
3 8.63553e-05
4350 3
1 -0.0244117
2 -0.0115405
3 3.72791e-05
4351 3
1 -0.024371
2 -0.0115198
3 -1.44944e-05
4352 3
1 -0.0243283
2 -0.0114984
3 -6.89639e-05
4353 3
1 -0.0242838
2 -0.0114763
3 -0.000126134
4354 3
1 -0.0242374
2 -0.0114535
3 -0.000186017
4355 3
1 -0.0241892
2 -0.0114299
3 -0.000248629
4356 3
1 -0.0241393
2 -0.0114057
3 -0.000313991
4357 3
1 -0.0240876
2 -0.0113809
3 -0.000382122
4358 3
1 -0.0240342
2 -0.0113554
3 -0.000453037
4359 3
1 -0.0239791
2 -0.0113293
3 -0.000526745
4360 3
1 -0.0239225
2 -0.0113026
3 -0.000603249
4361 3
1 -0.0238643
2 -0.0112754
3 -0.000682551
4362 3
1 -0.0238046
2 -0.0112476
3 -0.00076465
4363 3
1 -0.0237434
2 -0.0112192
3 -0.000849548
4364 3
1 -0.0236806
2 -0.0111904
3 -0.00093724
4365 3
1 -0.0236165
2 -0.0111611
3 -0.00102772
4366 3
1 -0.0235508
2 -0.0111312
3 -0.00112098
4367 3
1 -0.0234837
2 -0.011101
3 -0.00121701
4368 3
1 -0.0234151
2 -0.0110702
3 -0.0013158
4369 3
1 -0.023345
2 -0.011039
3 -0.00141733
4370 3
1 -0.0232735
2 -0.0110072
3 -0.00152158
4371 3
1 -0.0232006
2 -0.0109749
3 -0.0016285
4372 3
1 -0.0231262
2 -0.0109421
3 -0.00173806
4373 3
1 -0.0230504
2 -0.0109087
3 -0.00185022
4374 3
1 -0.0229733
2 -0.0108749
3 -0.00196494
4375 3
1 -0.0228949
2 -0.0108405
3 -0.00208217
4376 3
1 -0.0228151
2 -0.0108056
3 -0.00220187
4377 3
1 -0.022734
2 -0.0107702
3 -0.002324
4378 3
1 -0.0226518
2 -0.0107343
3 -0.0024485
4379 3
1 -0.0225683
2 -0.0106979
3 -0.00257535
4380 3
1 -0.0224837
2 -0.0106611
3 -0.00270448
4381 3
1 -0.022398
2 -0.0106238
3 -0.00283586
4382 3
1 -0.0223112
2 -0.0105861
3 -0.00296944
4383 3
1 -0.0222232
2 -0.010548
3 -0.00310518
4384 3
1 -0.0221342
2 -0.0105096
3 -0.00324305
4385 3
1 -0.022044
2 -0.0104708
3 -0.00338302
4386 3
1 -0.0219529
2 -0.0104318
3 -0.00352506
4387 3
1 -0.0218606
2 -0.0103925
3 -0.00366919
4388 3
1 -0.0217673
2 -0.010353
3 -0.00381539
4389 3
1 -0.021673
2 -0.0103134
3 -0.00396368
4390 3
1 -0.0215777
2 -0.0102737
3 -0.00411409
4391 3
1 -0.0214815
2 -0.0102339
3 -0.00426665
4392 3
1 -0.0213844
2 -0.010194
3 -0.00442137
4393 3
1 -0.0212865
2 -0.010154
3 -0.00457828
4394 3
1 -0.0211879
2 -0.0101141
3 -0.00473739
4395 3
1 -0.0210884
2 -0.0100742
3 -0.00489871
4396 3
1 -0.0209883
2 -0.0100344
3 -0.00506223
4397 3
1 -0.0208875
2 -0.00999466
3 -0.00522794
4398 3
1 -0.020786
2 -0.00995498
3 -0.00539584
4399 3
1 -0.0206838
2 -0.00991538
3 -0.00556589
4400 3
1 -0.020581
2 -0.00987581
3 -0.00573803
4401 3
1 -0.0204776
2 -0.00983624
3 -0.00591218
4402 3
1 -0.0203736
2 -0.00979662
3 -0.00608826
4403 3
1 -0.0202691
2 -0.00975692
3 -0.00626619
4404 3
1 -0.0201641
2 -0.00971712
3 -0.00644585
4405 3
1 -0.0200587
2 -0.0096772
3 -0.00662714
4406 3
1 -0.0199531
2 -0.00963717
3 -0.00680996
4407 3
1 -0.0198471
2 -0.00959706
3 -0.00699419
4408 3
1 -0.0197411
2 -0.0095569
3 -0.00717972
4409 3
1 -0.0196349
2 -0.0095167
3 -0.00736644
4410 3
1 -0.0195287
2 -0.0094765
3 -0.00755424
4411 3
1 -0.0194226
2 -0.00943629
3 -0.00774304
4412 3
1 -0.0193165
2 -0.00939611
3 -0.00793274
4413 3
1 -0.0192106
2 -0.00935595
3 -0.00812327
4414 3
1 -0.0191049
2 -0.0093158
3 -0.00831455
4415 3
1 -0.0189993
2 -0.00927568
3 -0.00850649
4416 3
1 -0.018894
2 -0.00923557
3 -0.00869903
4417 3
1 -0.018789
2 -0.00919547
3 -0.00889209
4418 3
1 -0.0186843
2 -0.00915536
3 -0.00908559
4419 3
1 -0.01858
2 -0.00911524
3 -0.00927946
4420 3
1 -0.018476
2 -0.00907511
3 -0.00947363
4421 3
1 -0.0183725
2 -0.00903496
3 -0.00966803
4422 3
1 -0.0182694
2 -0.00899481
3 -0.00986259
4423 3
1 -0.0181667
2 -0.00895465
3 -0.0100572
4424 3
1 -0.0180644
2 -0.0089145
3 -0.0102519
4425 3
1 -0.0179625
2 -0.00887436
3 -0.0104466
4426 3
1 -0.017861
2 -0.00883424
3 -0.0106412
4427 3
1 -0.0177598
2 -0.00879413
3 -0.0108357
4428 3
1 -0.0176591
2 -0.008754
3 -0.0110301
4429 3
1 -0.0175587
2 -0.00871383
3 -0.0112242
4430 3
1 -0.0174587
2 -0.00867357
3 -0.0114182
4431 3
1 -0.0173592
2 -0.00863319
3 -0.0116119
4432 3
1 -0.01726
2 -0.00859262
3 -0.0118053
4433 3
1 -0.0171613
2 -0.00855185
3 -0.0119984
4434 3
1 -0.0170631
2 -0.00851086
3 -0.0121912
4435 3
1 -0.0169656
2 -0.00846964
3 -0.0123835
4436 3
1 -0.0168688
2 -0.00842822
3 -0.0125752
4437 3
1 -0.0167727
2 -0.00838663
3 -0.0127664
4438 3
1 -0.0166775
2 -0.00834491
3 -0.0129569
4439 3
1 -0.0165831
2 -0.00830315
3 -0.0131467
4440 3
1 -0.0164898
2 -0.00826138
3 -0.0133358
4441 3
1 -0.0163974
2 -0.00821965
3 -0.0135241
4442 3
1 -0.0163061
2 -0.00817798
3 -0.0137115
4443 3
1 -0.0162158
2 -0.00813637
3 -0.0138979
4444 3
1 -0.0161266
2 -0.00809481
3 -0.0140833
4445 3
1 -0.0160385
2 -0.00805329
3 -0.0142674
4446 3
1 -0.0159515
2 -0.00801178
3 -0.0144503
4447 3
1 -0.0158656
2 -0.00797028
3 -0.0146317
4448 3
1 -0.0157807
2 -0.00792879
3 -0.0148117
4449 3
1 -0.0156968
2 -0.00788733
3 -0.01499
4450 3
1 -0.015614
2 -0.00784593
3 -0.0151667
4451 3
1 -0.0155321
2 -0.00780461
3 -0.0153417
4452 3
1 -0.0154511
2 -0.0077634
3 -0.0155149
4453 3
1 -0.0153709
2 -0.00772233
3 -0.0156862
4454 3
1 -0.0152917
2 -0.00768143
3 -0.0158556
4455 3
1 -0.0152133
2 -0.00764069
3 -0.0160232
4456 3
1 -0.0151356
2 -0.00760015
3 -0.0161888
4457 3
1 -0.0150588
2 -0.0075598
3 -0.0163525
4458 3
1 -0.0149827
2 -0.00751965
3 -0.0165143
4459 3
1 -0.0149074
2 -0.0074797
3 -0.0166742
4460 3
1 -0.0148328
2 -0.00743996
3 -0.0168322
4461 3
1 -0.0147589
2 -0.00740045
3 -0.0169882
4462 3
1 -0.0146858
2 -0.00736117
3 -0.0171424
4463 3
1 -0.0146134
2 -0.00732213
3 -0.0172946
4464 3
1 -0.0145417
2 -0.00728335
3 -0.017445
4465 3
1 -0.0144709
2 -0.00724487
3 -0.0175934
4466 3
1 -0.0144009
2 -0.00720671
3 -0.0177399
4467 3
1 -0.0143318
2 -0.0071689
3 -0.0178844
4468 3
1 -0.0142635
2 -0.00713149
3 -0.0180269
4469 3
1 -0.0141962
2 -0.00709451
3 -0.0181675
4470 3
1 -0.0141298
2 -0.007058
3 -0.0183061
4471 3
1 -0.0140644
2 -0.00702196
3 -0.0184427
4472 3
1 -0.014
2 -0.0069864
3 -0.0185773
4473 3
1 -0.0139365
2 -0.00695132
3 -0.0187099
4474 3
1 -0.0138742
2 -0.00691669
3 -0.0188404
4475 3
1 -0.0138128
2 -0.00688252
3 -0.0189688
4476 3
1 -0.0137525
2 -0.00684878
3 -0.0190952
4477 3
1 -0.0136932
2 -0.00681549
3 -0.0192196
4478 3
1 -0.0136349
2 -0.00678262
3 -0.0193419
4479 3
1 -0.0135777
2 -0.00675018
3 -0.0194621
4480 3
1 -0.0135215
2 -0.00671814
3 -0.0195804
4481 3
1 -0.0134664
2 -0.0066865
3 -0.0196967
4482 3
1 -0.0134122
2 -0.00665527
3 -0.019811
4483 3
1 -0.013359
2 -0.00662446
3 -0.0199234
4484 3
1 -0.0133067
2 -0.00659407
3 -0.0200338
4485 3
1 -0.0132554
2 -0.00656412
3 -0.0201423
4486 3
1 -0.0132051
2 -0.00653461
3 -0.0202488
4487 3
1 -0.0131556
2 -0.00650556
3 -0.0203535
4488 3
1 -0.013107
2 -0.00647697
3 -0.0204561
4489 3
1 -0.0130593
2 -0.00644882
3 -0.0205569
4490 3
1 -0.0130125
2 -0.00642112
3 -0.0206556
4491 3
1 -0.0129665
2 -0.00639386
3 -0.0207525
4492 3
1 -0.0129213
2 -0.00636704
3 -0.0208474
4493 3
1 -0.0128769
2 -0.00634064
3 -0.0209403
4494 3
1 -0.0128334
2 -0.00631467
3 -0.0210313
4495 3
1 -0.0127906
2 -0.00628913
3 -0.0211203
4496 3
1 -0.0127487
2 -0.00626401
3 -0.0212075
4497 3
1 -0.0127076
2 -0.00623933
3 -0.0212926
4498 3
1 -0.0126672
2 -0.00621507
3 -0.0213759
4499 3
1 -0.0126277
2 -0.00619125
3 -0.0214573
4500 3
1 -0.0125889
2 -0.00616787
3 -0.0215368
4501 3
1 -0.0125508
2 -0.00614491
3 -0.0216144
4502 3
1 -0.0125135
2 -0.00612237
3 -0.0216901
4503 3
1 -0.012477
2 -0.00610025
3 -0.0217641
4504 3
1 -0.0124411
2 -0.00607855
3 -0.0218362
4505 3
1 -0.012406
2 -0.00605725
3 -0.0219065
4506 3
1 -0.0123716
2 -0.00603636
3 -0.0219751
4507 3
1 -0.012338
2 -0.00601589
3 -0.0220419
4508 3
1 -0.012305
2 -0.00599585
3 -0.0221069
4509 3
1 -0.0122728
2 -0.00597623
3 -0.0221702
4510 3
1 -0.0122414
2 -0.00595707
3 -0.0222318
4511 3
1 -0.0122106
2 -0.00593838
3 -0.0222918
4512 3
1 -0.0121807
2 -0.00592018
3 -0.02235
4513 3
1 -0.0121514
2 -0.00590248
3 -0.0224066
4514 3
1 -0.0121229
2 -0.00588529
3 -0.0224615
4515 3
1 -0.0120952
2 -0.00586863
3 -0.0225147
4516 3
1 -0.0120683
2 -0.00585249
3 -0.0225662
4517 3
1 -0.0120422
2 -0.00583689
3 -0.0226161
4518 3
1 -0.0120168
2 -0.00582181
3 -0.0226642
4519 3
1 -0.0119923
2 -0.00580726
3 -0.0227108
4520 3
1 -0.0119686
2 -0.00579324
3 -0.0227556
4521 3
1 -0.0119458
2 -0.00577975
3 -0.0227989
4522 3
1 -0.0119237
2 -0.00576677
3 -0.0228406
4523 3
1 -0.0119025
2 -0.00575431
3 -0.0228806
4524 3
1 -0.011882
2 -0.00574235
3 -0.0229191
4525 3
1 -0.0118624
2 -0.00573091
3 -0.022956
4526 3
1 -0.0118436
2 -0.00571996
3 -0.0229914
4527 3
1 -0.0118256
2 -0.00570951
3 -0.0230252
4528 3
1 -0.0118084
2 -0.00569956
3 -0.0230575
4529 3
1 -0.011792
2 -0.00569009
3 -0.0230883
4530 3
1 -0.0117763
2 -0.0056811
3 -0.0231176
4531 3
1 -0.0117615
2 -0.00567259
3 -0.0231453
4532 3
1 -0.0117474
2 -0.00566455
3 -0.0231716
4533 3
1 -0.0117341
2 -0.00565699
3 -0.0231964
4534 3
1 -0.0117216
2 -0.0056499
3 -0.0232198
4535 3
1 -0.0117099
2 -0.00564327
3 -0.0232416
4536 3
1 -0.0116989
2 -0.00563711
3 -0.023262
4537 3
1 -0.0116887
2 -0.00563141
3 -0.023281
4538 3
1 -0.0116793
2 -0.00562617
3 -0.0232985
4539 3
1 -0.0116706
2 -0.00562139
3 -0.0233146
4540 3
1 -0.0116627
2 -0.00561706
3 -0.0233292
4541 3
1 -0.0116555
2 -0.00561318
3 -0.0233424
4542 3
1 -0.0116491
2 -0.00560973
3 -0.0233543
4543 3
1 -0.0116434
2 -0.00560672
3 -0.0233647
4544 3
1 -0.0116385
2 -0.00560414
3 -0.0233737
4545 3
1 -0.0116343
2 -0.00560198
3 -0.0233814
4546 3
1 -0.0116309
2 -0.00560023
3 -0.0233876
4547 3
1 -0.0116282
2 -0.00559887
3 -0.0233925
4548 3
1 -0.0116262
2 -0.00559791
3 -0.0233961
4549 3
1 -0.011625
2 -0.00559733
3 -0.0233982
4550 3
1 -0.0116246
2 -0.0055971
3 -0.0233991
4551 3
1 -0.0116249
2 -0.00559723
3 -0.0233986
4552 3
1 -0.0116259
2 -0.0055977
3 -0.0233967
4553 3
1 -0.0116276
2 -0.00559849
3 -0.0233936
4554 3
1 -0.0116301
2 -0.00559959
3 -0.0233892
4555 3
1 -0.0116332
2 -0.00560098
3 -0.0233834
4556 3
1 -0.0116371
2 -0.00560266
3 -0.0233764
4557 3
1 -0.0116417
2 -0.00560461
3 -0.0233682
4558 3
1 -0.011647
2 -0.00560682
3 -0.0233586
4559 3
1 -0.011653
2 -0.00560929
3 -0.0233479
4560 3
1 -0.0116597
2 -0.00561201
3 -0.0233359
4561 3
1 -0.0116671
2 -0.00561497
3 -0.0233226
4562 3
1 -0.0116751
2 -0.00561816
3 -0.0233082
4563 3
1 -0.0116838
2 -0.00562158
3 -0.0232925
4564 3
1 -0.0116933
2 -0.00562522
3 -0.0232756
4565 3
1 -0.0117033
2 -0.00562907
3 -0.0232576
4566 3
1 -0.0117141
2 -0.00563312
3 -0.0232383
4567 3
1 -0.0117255
2 -0.00563736
3 -0.0232179
4568 3
1 -0.0117376
2 -0.00564177
3 -0.0231963
4569 3
1 -0.0117503
2 -0.00564636
3 -0.0231735
4570 3
1 -0.0117636
2 -0.0056511
3 -0.0231495
4571 3
1 -0.0117776
2 -0.00565598
3 -0.0231244
4572 3
1 -0.0117922
2 -0.00566098
3 -0.0230982
4573 3
1 -0.0118075
2 -0.0056661
3 -0.0230708
4574 3
1 -0.0118233
2 -0.00567131
3 -0.0230423
4575 3
1 -0.0118398
2 -0.00567661
3 -0.0230126
4576 3
1 -0.0118568
2 -0.00568197
3 -0.0229818
4577 3
1 -0.0118744
2 -0.00568737
3 -0.02295
4578 3
1 -0.0118926
2 -0.00569281
3 -0.022917
4579 3
1 -0.0119113
2 -0.00569825
3 -0.022883
4580 3
1 -0.0119306
2 -0.00570368
3 -0.0228479
4581 3
1 -0.0119504
2 -0.00570907
3 -0.0228117
4582 3
1 -0.0119708
2 -0.00571442
3 -0.0227745
4583 3
1 -0.0119917
2 -0.00571969
3 -0.0227363
4584 3
1 -0.0120131
2 -0.00572486
3 -0.022697
4585 3
1 -0.012035
2 -0.00572992
3 -0.0226568
4586 3
1 -0.0120574
2 -0.00573484
3 -0.0226155
4587 3
1 -0.0120803
2 -0.0057396
3 -0.0225733
4588 3
1 -0.0121037
2 -0.0057442
3 -0.0225301
4589 3
1 -0.0121276
2 -0.00574863
3 -0.022486
4590 3
1 -0.0121519
2 -0.00575289
3 -0.0224409
4591 3
1 -0.0121767
2 -0.00575698
3 -0.0223948
4592 3
1 -0.0122019
2 -0.00576091
3 -0.0223478
4593 3
1 -0.0122276
2 -0.00576468
3 -0.0222999
4594 3
1 -0.0122537
2 -0.00576829
3 -0.0222511
4595 3
1 -0.0122803
2 -0.00577177
3 -0.0222014
4596 3
1 -0.0123073
2 -0.00577512
3 -0.0221507
4597 3
1 -0.0123348
2 -0.00577835
3 -0.0220992
4598 3
1 -0.0123627
2 -0.00578149
3 -0.0220469
4599 3
1 -0.012391
2 -0.00578453
3 -0.0219937
4600 3
1 -0.0124198
2 -0.00578748
3 -0.0219396
4601 3
1 -0.012449
2 -0.00579036
3 -0.0218848
4602 3
1 -0.0124787
2 -0.00579315
3 -0.0218291
4603 3
1 -0.0125088
2 -0.00579586
3 -0.0217725
4604 3
1 -0.0125394
2 -0.00579849
3 -0.0217152
4605 3
1 -0.0125704
2 -0.00580103
3 -0.0216571
4606 3
1 -0.0126018
2 -0.00580347
3 -0.0215982
4607 3
1 -0.0126336
2 -0.00580582
3 -0.0215385
4608 3
1 -0.0126659
2 -0.00580806
3 -0.021478
4609 3
1 -0.0126986
2 -0.00581019
3 -0.0214168
4610 3
1 -0.0127317
2 -0.00581221
3 -0.0213548
4611 3
1 -0.0127652
2 -0.00581411
3 -0.0212921
4612 3
1 -0.0127992
2 -0.0058159
3 -0.0212287
4613 3
1 -0.0128335
2 -0.00581757
3 -0.0211646
4614 3
1 -0.0128682
2 -0.00581912
3 -0.0210998
4615 3
1 -0.0129032
2 -0.00582053
3 -0.0210343
4616 3
1 -0.0129386
2 -0.0058218
3 -0.0209681
4617 3
1 -0.0129743
2 -0.0058229
3 -0.0209014
4618 3
1 -0.0130103
2 -0.00582383
3 -0.0208339
4619 3
1 -0.0130465
2 -0.00582454
3 -0.0207659
4620 3
1 -0.013083
2 -0.00582504
3 -0.0206972
4621 3
1 -0.0131198
2 -0.00582529
3 -0.0206279
4622 3
1 -0.0131567
2 -0.00582528
3 -0.0205581
4623 3
1 -0.0131939
2 -0.00582502
3 -0.0204876
4624 3
1 -0.0132312
2 -0.00582451
3 -0.0204165
4625 3
1 -0.0132688
2 -0.00582379
3 -0.0203449
4626 3
1 -0.0133065
2 -0.00582285
3 -0.0202727
4627 3
1 -0.0133444
2 -0.00582173
3 -0.0201999
4628 3
1 -0.0133825
2 -0.00582043
3 -0.0201266
4629 3
1 -0.0134208
2 -0.00581896
3 -0.0200527
4630 3
1 -0.0134592
2 -0.00581736
3 -0.0199783
4631 3
1 -0.0134979
2 -0.00581562
3 -0.0199034
4632 3
1 -0.0135368
2 -0.00581377
3 -0.0198279
4633 3
1 -0.0135758
2 -0.00581182
3 -0.0197519
4634 3
1 -0.0136151
2 -0.00580976
3 -0.0196755
4635 3
1 -0.0136545
2 -0.00580761
3 -0.0195985
4636 3
1 -0.0136942
2 -0.00580536
3 -0.019521
4637 3
1 -0.013734
2 -0.00580303
3 -0.0194431
4638 3
1 -0.013774
2 -0.0058006
3 -0.0193646
4639 3
1 -0.0138143
2 -0.00579808
3 -0.0192857
4640 3
1 -0.0138547
2 -0.00579546
3 -0.0192064
4641 3
1 -0.0138952
2 -0.00579274
3 -0.0191266
4642 3
1 -0.0139359
2 -0.00578992
3 -0.0190463
4643 3
1 -0.0139768
2 -0.00578698
3 -0.0189657
4644 3
1 -0.0140178
2 -0.00578393
3 -0.0188846
4645 3
1 -0.014059
2 -0.00578076
3 -0.0188031
4646 3
1 -0.0141002
2 -0.00577746
3 -0.0187213
4647 3
1 -0.0141416
2 -0.00577402
3 -0.018639
4648 3
1 -0.014183
2 -0.00577045
3 -0.0185564
4649 3
1 -0.0142246
2 -0.00576674
3 -0.0184734
4650 3
1 -0.0142662
2 -0.00576288
3 -0.0183901
4651 3
1 -0.0143079
2 -0.00575889
3 -0.0183065
4652 3
1 -0.0143496
2 -0.00575475
3 -0.0182225
4653 3
1 -0.0143913
2 -0.00575046
3 -0.0181382
4654 3
1 -0.014433
2 -0.00574602
3 -0.0180536
4655 3
1 -0.0144747
2 -0.00574144
3 -0.0179688
4656 3
1 -0.0145164
2 -0.00573671
3 -0.0178837
4657 3
1 -0.0145581
2 -0.00573182
3 -0.0177984
4658 3
1 -0.0145997
2 -0.00572678
3 -0.0177129
4659 3
1 -0.0146412
2 -0.00572157
3 -0.0176271
4660 3
1 -0.0146827
2 -0.00571621
3 -0.0175412
4661 3
1 -0.0147241
2 -0.00571068
3 -0.017455
4662 3
1 -0.0147655
2 -0.00570498
3 -0.0173686
4663 3
1 -0.0148069
2 -0.00569912
3 -0.0172819
4664 3
1 -0.0148482
2 -0.00569312
3 -0.0171951
4665 3
1 -0.0148895
2 -0.00568701
3 -0.017108
4666 3
1 -0.0149308
2 -0.00568081
3 -0.0170208
4667 3
1 -0.014972
2 -0.00567456
3 -0.0169333
4668 3
1 -0.0150132
2 -0.00566827
3 -0.0168457
4669 3
1 -0.0150544
2 -0.00566195
3 -0.016758
4670 3
1 -0.0150956
2 -0.00565561
3 -0.0166702
4671 3
1 -0.0151367
2 -0.00564925
3 -0.0165823
4672 3
1 -0.0151777
2 -0.00564287
3 -0.0164943
4673 3
1 -0.0152187
2 -0.00563647
3 -0.0164062
4674 3
1 -0.0152596
2 -0.00563003
3 -0.0163182
4675 3
1 -0.0153004
2 -0.00562356
3 -0.0162301
4676 3
1 -0.0153411
2 -0.00561705
3 -0.0161421
4677 3
1 -0.0153816
2 -0.00561049
3 -0.016054
4678 3
1 -0.015422
2 -0.00560388
3 -0.015966
4679 3
1 -0.0154623
2 -0.00559721
3 -0.015878
4680 3
1 -0.0155024
2 -0.00559049
3 -0.01579
4681 3
1 -0.0155423
2 -0.0055837
3 -0.0157021
4682 3
1 -0.0155821
2 -0.00557685
3 -0.0156142
4683 3
1 -0.0156217
2 -0.00556993
3 -0.0155264
4684 3
1 -0.0156611
2 -0.00556294
3 -0.0154386
4685 3
1 -0.0157004
2 -0.00555588
3 -0.015351
4686 3
1 -0.0157395
2 -0.00554875
3 -0.0152634
4687 3
1 -0.0157785
2 -0.00554154
3 -0.015176
4688 3
1 -0.0158172
2 -0.00553427
3 -0.0150887
4689 3
1 -0.0158558
2 -0.00552692
3 -0.0150016
4690 3
1 -0.0158941
2 -0.00551951
3 -0.0149146
4691 3
1 -0.0159323
2 -0.00551206
3 -0.0148277
4692 3
1 -0.0159702
2 -0.00550459
3 -0.014741
4693 3
1 -0.0160079
2 -0.0054971
3 -0.0146543
4694 3
1 -0.0160453
2 -0.00548963
3 -0.0145679
4695 3
1 -0.0160824
2 -0.0054822
3 -0.0144815
4696 3
1 -0.0161193
2 -0.00547484
3 -0.0143953
4697 3
1 -0.0161558
2 -0.00546755
3 -0.0143093
4698 3
1 -0.0161921
2 -0.00546038
3 -0.0142233
4699 3
1 -0.0162281
2 -0.00545332
3 -0.0141375
4700 3
1 -0.0162638
2 -0.0054464
3 -0.0140519
4701 3
1 -0.0162991
2 -0.00543962
3 -0.0139663
4702 3
1 -0.0163342
2 -0.00543298
3 -0.0138809
4703 3
1 -0.0163689
2 -0.00542647
3 -0.0137956
4704 3
1 -0.0164033
2 -0.00542009
3 -0.0137105
4705 3
1 -0.0164374
2 -0.0054138
3 -0.0136255
4706 3
1 -0.0164712
2 -0.00540761
3 -0.0135407
4707 3
1 -0.0165046
2 -0.00540148
3 -0.0134561
4708 3
1 -0.0165378
2 -0.00539541
3 -0.0133717
4709 3
1 -0.0165706
2 -0.00538939
3 -0.0132875
4710 3
1 -0.0166032
2 -0.0053834
3 -0.0132036
4711 3
1 -0.0166355
2 -0.00537744
3 -0.0131198
4712 3
1 -0.0166675
2 -0.00537152
3 -0.0130364
4713 3
1 -0.0166992
2 -0.00536562
3 -0.0129532
4714 3
1 -0.0167307
2 -0.00535974
3 -0.0128703
4715 3
1 -0.0167619
2 -0.00535389
3 -0.0127878
4716 3
1 -0.0167929
2 -0.00534806
3 -0.0127056
4717 3
1 -0.0168236
2 -0.00534225
3 -0.0126237
4718 3
1 -0.0168541
2 -0.00533647
3 -0.0125422
4719 3
1 -0.0168843
2 -0.00533071
3 -0.0124611
4720 3
1 -0.0169142
2 -0.005325
3 -0.0123804
4721 3
1 -0.0169439
2 -0.00531933
3 -0.0123
4722 3
1 -0.0169733
2 -0.00531373
3 -0.0122201
4723 3
1 -0.0170025
2 -0.00530822
3 -0.0121406
4724 3
1 -0.0170314
2 -0.00530282
3 -0.0120616
4725 3
1 -0.01706
2 -0.00529755
3 -0.0119829
4726 3
1 -0.0170883
2 -0.00529243
3 -0.0119047
4727 3
1 -0.0171164
2 -0.00528749
3 -0.011827
4728 3
1 -0.0171442
2 -0.00528274
3 -0.0117496
4729 3
1 -0.0171717
2 -0.00527819
3 -0.0116727
4730 3
1 -0.0171989
2 -0.00527387
3 -0.0115963
4731 3
1 -0.0172259
2 -0.00526979
3 -0.0115203
4732 3
1 -0.0172526
2 -0.00526595
3 -0.0114448
4733 3
1 -0.0172791
2 -0.00526236
3 -0.0113697
4734 3
1 -0.0173054
2 -0.00525903
3 -0.0112952
4735 3
1 -0.0173315
2 -0.00525594
3 -0.0112211
4736 3
1 -0.0173574
2 -0.0052531
3 -0.0111476
4737 3
1 -0.0173831
2 -0.00525049
3 -0.0110746
4738 3
1 -0.0174087
2 -0.0052481
3 -0.0110022
4739 3
1 -0.0174341
2 -0.00524594
3 -0.0109302
4740 3
1 -0.0174594
2 -0.005244
3 -0.0108588
4741 3
1 -0.0174845
2 -0.00524227
3 -0.010788
4742 3
1 -0.0175094
2 -0.00524073
3 -0.0107177
4743 3
1 -0.0175342
2 -0.00523939
3 -0.0106479
4744 3
1 -0.0175587
2 -0.00523822
3 -0.0105787
4745 3
1 -0.017583
2 -0.00523721
3 -0.01051
4746 3
1 -0.0176072
2 -0.00523636
3 -0.010442
4747 3
1 -0.0176311
2 -0.00523565
3 -0.0103745
4748 3
1 -0.0176549
2 -0.00523507
3 -0.0103076
4749 3
1 -0.0176784
2 -0.00523463
3 -0.0102412
4750 3
1 -0.0177018
2 -0.00523432
3 -0.0101755
4751 3
1 -0.0177249
2 -0.00523414
3 -0.0101104
4752 3
1 -0.0177478
2 -0.0052341
3 -0.0100458
4753 3
1 -0.0177706
2 -0.0052342
3 -0.00998187
4754 3
1 -0.017793
2 -0.00523443
3 -0.00991854
4755 3
1 -0.0178153
2 -0.00523481
3 -0.00985582
4756 3
1 -0.0178373
2 -0.00523533
3 -0.0097937
4757 3
1 -0.0178591
2 -0.00523598
3 -0.00973219
4758 3
1 -0.0178807
2 -0.00523677
3 -0.0096713
4759 3
1 -0.017902
2 -0.00523769
3 -0.00961102
4760 3
1 -0.0179231
2 -0.00523874
3 -0.00955136
4761 3
1 -0.0179439
2 -0.00523992
3 -0.00949233
4762 3
1 -0.0179645
2 -0.00524123
3 -0.00943393
4763 3
1 -0.0179849
2 -0.00524268
3 -0.00937617
4764 3
1 -0.0180051
2 -0.00524427
3 -0.00931906
4765 3
1 -0.0180251
2 -0.00524601
3 -0.00926259
4766 3
1 -0.0180449
2 -0.00524791
3 -0.00920677
4767 3
1 -0.0180645
2 -0.00524997
3 -0.0091516
4768 3
1 -0.018084
2 -0.00525221
3 -0.00909709
4769 3
1 -0.0181034
2 -0.00525462
3 -0.00904323
4770 3
1 -0.0181226
2 -0.0052572
3 -0.00899
4771 3
1 -0.0181417
2 -0.00525996
3 -0.00893741
4772 3
1 -0.0181607
2 -0.00526289
3 -0.00888545
4773 3
1 -0.0181796
2 -0.00526598
3 -0.00883411
4774 3
1 -0.0181984
2 -0.00526923
3 -0.0087834
4775 3
1 -0.0182171
2 -0.00527262
3 -0.00873331
4776 3
1 -0.0182357
2 -0.00527616
3 -0.00868385
4777 3
1 -0.0182541
2 -0.00527982
3 -0.00863503
4778 3
1 -0.0182724
2 -0.0052836
3 -0.00858685
4779 3
1 -0.0182905
2 -0.00528748
3 -0.00853932
4780 3
1 -0.0183085
2 -0.00529144
3 -0.00849243
4781 3
1 -0.0183262
2 -0.00529549
3 -0.00844619
4782 3
1 -0.0183438
2 -0.00529961
3 -0.00840059
4783 3
1 -0.0183612
2 -0.0053038
3 -0.00835563
4784 3
1 -0.0183783
2 -0.00530804
3 -0.00831131
4785 3
1 -0.0183952
2 -0.00531234
3 -0.00826762
4786 3
1 -0.0184118
2 -0.00531669
3 -0.00822456
4787 3
1 -0.0184282
2 -0.0053211
3 -0.00818211
4788 3
1 -0.0184443
2 -0.00532556
3 -0.00814028
4789 3
1 -0.0184601
2 -0.00533006
3 -0.00809905
4790 3
1 -0.0184757
2 -0.00533461
3 -0.00805842
4791 3
1 -0.0184909
2 -0.0053392
3 -0.00801839
4792 3
1 -0.0185059
2 -0.00534383
3 -0.00797896
4793 3
1 -0.0185206
2 -0.0053485
3 -0.00794011
4794 3
1 -0.0185349
2 -0.0053532
3 -0.00790186
4795 3
1 -0.018549
2 -0.00535792
3 -0.0078642
4796 3
1 -0.0185628
2 -0.00536267
3 -0.00782714
4797 3
1 -0.0185764
2 -0.00536743
3 -0.00779068
4798 3
1 -0.0185896
2 -0.00537221
3 -0.00775482
4799 3
1 -0.0186026
2 -0.00537701
3 -0.00771957
4800 3
1 -0.0186153
2 -0.00538181
3 -0.00768494
4801 3
1 -0.0186277
2 -0.00538664
3 -0.00765093
4802 3
1 -0.0186398
2 -0.00539148
3 -0.00761755
4803 3
1 -0.0186517
2 -0.00539635
3 -0.00758482
4804 3
1 -0.0186633
2 -0.00540124
3 -0.00755273
4805 3
1 -0.0186746
2 -0.00540616
3 -0.0075213
4806 3
1 -0.0186856
2 -0.0054111
3 -0.00749054
4807 3
1 -0.0186964
2 -0.00541607
3 -0.00746044
4808 3
1 -0.0187069
2 -0.00542105
3 -0.00743101
4809 3
1 -0.0187171
2 -0.00542604
3 -0.00740226
4810 3
1 -0.018727
2 -0.00543103
3 -0.00737418
4811 3
1 -0.0187366
2 -0.00543601
3 -0.00734679
4812 3
1 -0.0187459
2 -0.00544097
3 -0.00732008
4813 3
1 -0.0187549
2 -0.00544591
3 -0.00729407
4814 3
1 -0.0187637
2 -0.00545081
3 -0.00726876
4815 3
1 -0.0187721
2 -0.00545567
3 -0.00724416
4816 3
1 -0.0187803
2 -0.00546049
3 -0.00722029
4817 3
1 -0.0187882
2 -0.00546524
3 -0.00719716
4818 3
1 -0.0187958
2 -0.00546992
3 -0.00717477
4819 3
1 -0.0188031
2 -0.00547452
3 -0.00715315
4820 3
1 -0.0188101
2 -0.00547903
3 -0.0071323
4821 3
1 -0.0188168
2 -0.00548344
3 -0.00711223
4822 3
1 -0.0188232
2 -0.00548774
3 -0.00709298
4823 3
1 -0.0188293
2 -0.00549192
3 -0.00707455
4824 3
1 -0.0188351
2 -0.00549596
3 -0.00705695
4825 3
1 -0.0188405
2 -0.00549986
3 -0.00704022
4826 3
1 -0.0188456
2 -0.00550361
3 -0.00702435
4827 3
1 -0.0188504
2 -0.0055072
3 -0.00700939
4828 3
1 -0.0188549
2 -0.00551061
3 -0.00699534
4829 3
1 -0.018859
2 -0.00551384
3 -0.00698222
4830 3
1 -0.0188628
2 -0.00551687
3 -0.00697007
4831 3
1 -0.0188662
2 -0.0055197
3 -0.0069589
4832 3
1 -0.0188693
2 -0.0055223
3 -0.00694874
4833 3
1 -0.0188721
2 -0.00552467
3 -0.00693961
4834 3
1 -0.0188745
2 -0.00552678
3 -0.00693155
4835 3
1 -0.0188765
2 -0.00552864
3 -0.00692457
4836 3
1 -0.0188783
2 -0.00553022
3 -0.00691871
4837 3
1 -0.0188796
2 -0.00553151
3 -0.00691399
4838 3
1 -0.0188806
2 -0.00553249
3 -0.00691045
4839 3
1 -0.0188813
2 -0.00553314
3 -0.0069081
4840 3
1 -0.0188816
2 -0.00553346
3 -0.00690699
4841 3
1 -0.0188816
2 -0.00553342
3 -0.00690713
4842 3
1 -0.0188812
2 -0.005533
3 -0.00690857
4843 3
1 -0.0188805
2 -0.00553219
3 -0.00691131
4844 3
1 -0.0188794
2 -0.00553096
3 -0.0069154
4845 3
1 -0.018878
2 -0.0055293
3 -0.00692086
4846 3
1 -0.0188762
2 -0.00552718
3 -0.00692771
4847 3
1 -0.0188741
2 -0.00552459
3 -0.00693599
4848 3
1 -0.0188717
2 -0.00552151
3 -0.0069457
4849 3
1 -0.018869
2 -0.00551791
3 -0.00695689
4850 3
1 -0.018866
2 -0.00551378
3 -0.00696958
4851 3
1 -0.0188627
2 -0.0055091
3 -0.00698379
4852 3
1 -0.0188591
2 -0.00550385
3 -0.00699956
4853 3
1 -0.0188552
2 -0.00549801
3 -0.0070169
4854 3
1 -0.018851
2 -0.00549157
3 -0.00703585
4855 3
1 -0.0188466
2 -0.00548451
3 -0.00705643
4856 3
1 -0.0188418
2 -0.0054768
3 -0.00707865
4857 3
1 -0.0188368
2 -0.00546843
3 -0.00710255
4858 3
1 -0.0188315
2 -0.00545939
3 -0.00712814
4859 3
1 -0.018826
2 -0.00544966
3 -0.00715545
4860 3
1 -0.0188202
2 -0.00543923
3 -0.0071845
4861 3
1 -0.0188141
2 -0.00542808
3 -0.0072153
4862 3
1 -0.0188077
2 -0.0054162
3 -0.00724789
4863 3
1 -0.018801
2 -0.00540357
3 -0.00728228
4864 3
1 -0.0187941
2 -0.00539018
3 -0.00731849
4865 3
1 -0.0187869
2 -0.00537601
3 -0.00735654
4866 3
1 -0.0187794
2 -0.00536105
3 -0.00739644
4867 3
1 -0.0187716
2 -0.00534527
3 -0.00743819
4868 3
1 -0.0187635
2 -0.00532866
3 -0.00748182
4869 3
1 -0.0187552
2 -0.00531121
3 -0.00752731
4870 3
1 -0.0187466
2 -0.00529289
3 -0.00757469
4871 3
1 -0.0187377
2 -0.0052737
3 -0.00762394
4872 3
1 -0.0187285
2 -0.00525362
3 -0.00767508
4873 3
1 -0.0187191
2 -0.00523265
3 -0.0077281
4874 3
1 -0.0187094
2 -0.00521076
3 -0.00778299
4875 3
1 -0.0186995
2 -0.00518796
3 -0.00783977
4876 3
1 -0.0186893
2 -0.00516423
3 -0.00789844
4877 3
1 -0.018679
2 -0.00513958
3 -0.00795899
4878 3
1 -0.0186685
2 -0.00511398
3 -0.00802143
4879 3
1 -0.0186578
2 -0.00508745
3 -0.00808576
4880 3
1 -0.018647
2 -0.00505999
3 -0.00815197
4881 3
1 -0.0186361
2 -0.00503159
3 -0.00822005
4882 3
1 -0.018625
2 -0.00500226
3 -0.00829001
4883 3
1 -0.0186139
2 -0.00497201
3 -0.00836185
4884 3
1 -0.0186027
2 -0.00494085
3 -0.00843556
4885 3
1 -0.0185915
2 -0.00490877
3 -0.00851115
4886 3
1 -0.0185802
2 -0.00487578
3 -0.00858863
4887 3
1 -0.0185689
2 -0.0048419
3 -0.00866801
4888 3
1 -0.0185576
2 -0.00480713
3 -0.0087493
4889 3
1 -0.0185463
2 -0.00477147
3 -0.0088325
4890 3
1 -0.0185349
2 -0.00473494
3 -0.00891762
4891 3
1 -0.0185234
2 -0.00469754
3 -0.00900466
4892 3
1 -0.0185119
2 -0.00465926
3 -0.0090936
4893 3
1 -0.0185003
2 -0.00462011
3 -0.00918443
4894 3
1 -0.0184885
2 -0.00458008
3 -0.00927713
4895 3
1 -0.0184767
2 -0.00453917
3 -0.00937168
4896 3
1 -0.0184647
2 -0.00449739
3 -0.00946804
4897 3
1 -0.0184526
2 -0.00445474
3 -0.0095662
4898 3
1 -0.0184404
2 -0.00441122
3 -0.00966612
4899 3
1 -0.0184282
2 -0.00436682
3 -0.00976777
4900 3
1 -0.0184158
2 -0.00432156
3 -0.00987112
4901 3
1 -0.0184033
2 -0.00427543
3 -0.00997616
4902 3
1 -0.0183907
2 -0.00422845
3 -0.0100828
4903 3
1 -0.0183781
2 -0.00418062
3 -0.0101912
4904 3
1 -0.0183654
2 -0.00413196
3 -0.0103011
4905 3
1 -0.0183526
2 -0.00408249
3 -0.0104126
4906 3
1 -0.0183397
2 -0.00403222
3 -0.0105257
4907 3
1 -0.0183267
2 -0.00398118
3 -0.0106403
4908 3
1 -0.0183136
2 -0.00392938
3 -0.0107564
4909 3
1 -0.0183004
2 -0.00387684
3 -0.0108739
4910 3
1 -0.0182871
2 -0.00382358
3 -0.010993
4911 3
1 -0.0182737
2 -0.00376963
3 -0.0111135
4912 3
1 -0.0182602
2 -0.00371499
3 -0.0112354
4913 3
1 -0.0182466
2 -0.00365967
3 -0.0113587
4914 3
1 -0.0182328
2 -0.0036037
3 -0.0114835
4915 3
1 -0.018219
2 -0.00354708
3 -0.0116096
4916 3
1 -0.0182049
2 -0.00348983
3 -0.011737
4917 3
1 -0.0181907
2 -0.00343196
3 -0.0118658
4918 3
1 -0.0181764
2 -0.00337348
3 -0.0119959
4919 3
1 -0.0181618
2 -0.00331441
3 -0.0121272
4920 3
1 -0.0181471
2 -0.00325476
3 -0.0122597
4921 3
1 -0.0181321
2 -0.00319455
3 -0.0123933
4922 3
1 -0.0181169
2 -0.00313382
3 -0.012528
4923 3
1 -0.0181014
2 -0.00307259
3 -0.0126638
4924 3
1 -0.0180858
2 -0.00301092
3 -0.0128006
4925 3
1 -0.0180698
2 -0.00294885
3 -0.0129383
4926 3
1 -0.0180536
2 -0.00288643
3 -0.013077
4927 3
1 -0.0180371
2 -0.00282369
3 -0.0132167
4928 3
1 -0.0180203
2 -0.00276066
3 -0.0133572
4929 3
1 -0.0180032
2 -0.00269735
3 -0.0134986
4930 3
1 -0.0179857
2 -0.0026338
3 -0.0136408
4931 3
1 -0.0179679
2 -0.00257001
3 -0.0137838
4932 3
1 -0.0179498
2 -0.00250599
3 -0.0139275
4933 3
1 -0.0179313
2 -0.00244174
3 -0.014072
4934 3
1 -0.0179125
2 -0.00237728
3 -0.014217
4935 3
1 -0.0178933
2 -0.00231261
3 -0.0143626
4936 3
1 -0.0178738
2 -0.00224775
3 -0.0145087
4937 3
1 -0.017854
2 -0.00218272
3 -0.0146553
4938 3
1 -0.017834
2 -0.00211755
3 -0.0148023
4939 3
1 -0.0178137
2 -0.00205226
3 -0.0149496
4940 3
1 -0.0177931
2 -0.00198687
3 -0.0150972
4941 3
1 -0.0177724
2 -0.00192143
3 -0.015245
4942 3
1 -0.0177516
2 -0.00185597
3 -0.0153929
4943 3
1 -0.0177306
2 -0.0017905
3 -0.015541
4944 3
1 -0.0177095
2 -0.00172507
3 -0.0156892
4945 3
1 -0.0176883
2 -0.0016597
3 -0.0158373
4946 3
1 -0.0176671
2 -0.00159443
3 -0.0159854
4947 3
1 -0.0176459
2 -0.00152928
3 -0.0161334
4948 3
1 -0.0176246
2 -0.0014643
3 -0.0162812
4949 3
1 -0.0176034
2 -0.00139951
3 -0.0164288
4950 3
1 -0.0175821
2 -0.00133495
3 -0.0165762
4951 3
1 -0.0175608
2 -0.00127066
3 -0.0167233
4952 3
1 -0.0175395
2 -0.00120668
3 -0.01687
4953 3
1 -0.0175181
2 -0.00114306
3 -0.0170164
4954 3
1 -0.0174966
2 -0.00107983
3 -0.0171624
4955 3
1 -0.017475
2 -0.00101704
3 -0.0173079
4956 3
1 -0.0174533
2 -0.000954729
3 -0.0174529
4957 3
1 -0.0174314
2 -0.000892941
3 -0.0175974
4958 3
1 -0.0174094
2 -0.000831716
3 -0.0177413
4959 3
1 -0.0173872
2 -0.000771083
3 -0.0178847
4960 3
1 -0.0173648
2 -0.000711056
3 -0.0180274
4961 3
1 -0.0173423
2 -0.000651632
3 -0.0181695
4962 3
1 -0.0173196
2 -0.000592797
3 -0.0183109
4963 3
1 -0.0172967
2 -0.000534535
3 -0.0184515
4964 3
1 -0.0172738
2 -0.000476836
3 -0.0185914
4965 3
1 -0.0172508
2 -0.000419699
3 -0.0187304
4966 3
1 -0.0172277
2 -0.000363135
3 -0.0188686
4967 3
1 -0.0172046
2 -0.000307158
3 -0.019006
4968 3
1 -0.0171815
2 -0.00025178
3 -0.0191423
4969 3
1 -0.0171584
2 -0.000197006
3 -0.0192778
4970 3
1 -0.0171354
2 -0.000142836
3 -0.0194122
4971 3
1 -0.0171124
2 -8.92669e-05
3 -0.0195456
4972 3
1 -0.0170896
2 -3.62924e-05
3 -0.0196778
4973 3
1 -0.0170668
2 1.60925e-05
3 -0.0198089
4974 3
1 -0.0170442
2 6.78933e-05
3 -0.0199388
4975 3
1 -0.0170218
2 0.000119115
3 -0.0200674
4976 3
1 -0.0169995
2 0.000169762
3 -0.0201947
4977 3
1 -0.0169774
2 0.000219835
3 -0.0203206
4978 3
1 -0.0169555
2 0.000269336
3 -0.0204451
4979 3
1 -0.0169337
2 0.000318265
3 -0.0205682
4980 3
1 -0.0169121
2 0.000366617
3 -0.0206898
4981 3
1 -0.0168907
2 0.00041439
3 -0.0208098
4982 3
1 -0.0168695
2 0.000461574
3 -0.0209283
4983 3
1 -0.0168485
2 0.00050816
3 -0.0210451
4984 3
1 -0.0168277
2 0.000554132
3 -0.0211603
4985 3
1 -0.0168071
2 0.000599477
3 -0.0212738
4986 3
1 -0.0167866
2 0.000644178
3 -0.0213856
4987 3
1 -0.0167663
2 0.000688224
3 -0.0214956
4988 3
1 -0.0167462
2 0.000731602
3 -0.0216038
4989 3
1 -0.0167263
2 0.000774303
3 -0.0217101
4990 3
1 -0.0167066
2 0.000816319
3 -0.0218146
4991 3
1 -0.0166871
2 0.000857638
3 -0.0219171
4992 3
1 -0.0166677
2 0.00089825
3 -0.0220176
4993 3
1 -0.0166485
2 0.000938141
3 -0.0221162
4994 3
1 -0.0166295
2 0.000977301
3 -0.0222127
4995 3
1 -0.0166107
2 0.00101572
3 -0.0223071
4996 3
1 -0.0165921
2 0.00105339
3 -0.0223995
4997 3
1 -0.0165738
2 0.00109032
3 -0.0224897
4998 3
1 -0.0165557
2 0.00112649
3 -0.0225778
4999 3
1 -0.016538
2 0.00116192
3 -0.0226637
5000 3
1 -0.0165205
2 0.00119658
3 -0.0227473
5001 3
1 -0.0165033
2 0.00123047
3 -0.0228288
5002 3
1 -0.0164864
2 0.00126356
3 -0.0229081
5003 3
1 -0.0164699
2 0.00129586
3 -0.0229851
5004 3
1 -0.0164536
2 0.00132733
3 -0.0230598
5005 3
1 -0.0164378
2 0.00135796
3 -0.0231323
5006 3
1 -0.0164223
2 0.00138773
3 -0.0232025
5007 3
1 -0.0164072
2 0.00141664
3 -0.0232705
5008 3
1 -0.0163925
2 0.00144465
3 -0.0233362
5009 3
1 -0.0163783
2 0.00147176
3 -0.0233995
5010 3
1 -0.0163644
2 0.00149795
3 -0.0234606
5011 3
1 -0.016351
2 0.00152322
3 -0.0235194
5012 3
1 -0.0163381
2 0.00154754
3 -0.0235758
5013 3
1 -0.0163256
2 0.0015709
3 -0.0236299
5014 3
1 -0.0163136
2 0.00159329
3 -0.0236816
5015 3
1 -0.0163021
2 0.0016147
3 -0.023731
5016 3
1 -0.0162911
2 0.00163511
3 -0.0237779
5017 3
1 -0.0162805
2 0.00165451
3 -0.0238225
5018 3
1 -0.0162705
2 0.00167289
3 -0.0238646
5019 3
1 -0.016261
2 0.00169022
3 -0.0239043
5020 3
1 -0.0162521
2 0.00170651
3 -0.0239415
5021 3
1 -0.0162437
2 0.00172174
3 -0.0239762
5022 3
1 -0.0162358
2 0.0017359
3 -0.0240083
5023 3
1 -0.0162285
2 0.00174897
3 -0.024038
5024 3
1 -0.0162218
2 0.00176094
3 -0.0240651
5025 3
1 -0.0162156
2 0.00177181
3 -0.0240896
5026 3
1 -0.0162101
2 0.00178156
3 -0.0241115
5027 3
1 -0.0162051
2 0.00179018
3 -0.0241308
5028 3
1 -0.0162008
2 0.00179765
3 -0.0241475
5029 3
1 -0.0161971
2 0.00180397
3 -0.0241615
5030 3
1 -0.016194
2 0.00180912
3 -0.024173
5031 3
1 -0.0161917
2 0.00181308
3 -0.0241817
5032 3
1 -0.01619
2 0.00181585
3 -0.0241878
5033 3
1 -0.0161891
2 0.00181741
3 -0.0241912
5034 3
1 -0.0161889
2 0.00181774
3 -0.024192
5035 3
1 -0.0161894
2 0.00181685
3 -0.02419
5036 3
1 -0.0161908
2 0.0018147
3 -0.0241854
5037 3
1 -0.0161929
2 0.00181131
3 -0.024178
5038 3
1 -0.0161959
2 0.00180665
3 -0.0241679
5039 3
1 -0.0161996
2 0.00180072
3 -0.0241551
5040 3
1 -0.0162043
2 0.00179351
3 -0.0241396
5041 3
1 -0.0162098
2 0.00178503
3 -0.0241214
5042 3
1 -0.0162161
2 0.00177527
3 -0.0241004
5043 3
1 -0.0162234
2 0.00176424
3 -0.0240767
5044 3
1 -0.0162316
2 0.00175194
3 -0.0240502
5045 3
1 -0.0162407
2 0.00173835
3 -0.024021
5046 3
1 -0.0162507
2 0.00172347
3 -0.0239891
5047 3
1 -0.0162616
2 0.0017073
3 -0.0239544
5048 3
1 -0.0162736
2 0.00168983
3 -0.023917
5049 3
1 -0.0162865
2 0.00167104
3 -0.0238769
5050 3
1 -0.0163004
2 0.00165092
3 -0.0238341
5051 3
1 -0.0163153
2 0.00162947
3 -0.0237886
5052 3
1 -0.0163312
2 0.00160667
3 -0.0237404
5053 3
1 -0.0163482
2 0.00158252
3 -0.0236895
5054 3
1 -0.0163663
2 0.001557
3 -0.023636
5055 3
1 -0.0163854
2 0.00153011
3 -0.0235797
5056 3
1 -0.0164057
2 0.00150186
3 -0.0235208
5057 3
1 -0.016427
2 0.00147222
3 -0.0234592
5058 3
1 -0.0164495
2 0.00144121
3 -0.0233949
5059 3
1 -0.0164731
2 0.00140883
3 -0.023328
5060 3
1 -0.0164979
2 0.00137506
3 -0.0232584
5061 3
1 -0.0165238
2 0.00133991
3 -0.0231862
5062 3
1 -0.016551
2 0.00130338
3 -0.0231113
5063 3
1 -0.0165793
2 0.00126545
3 -0.0230339
5064 3
1 -0.016609
2 0.00122613
3 -0.0229538
5065 3
1 -0.0166399
2 0.00118543
3 -0.0228711
5066 3
1 -0.0166722
2 0.00114334
3 -0.0227858
5067 3
1 -0.0167058
2 0.00109986
3 -0.0226979
5068 3
1 -0.0167408
2 0.00105502
3 -0.0226075
5069 3
1 -0.0167772
2 0.00100882
3 -0.0225145
5070 3
1 -0.0168151
2 0.000961259
3 -0.0224189
5071 3
1 -0.0168545
2 0.000912366
3 -0.0223208
5072 3
1 -0.0168955
2 0.00086215
3 -0.0222202
5073 3
1 -0.0169381
2 0.000810629
3 -0.022117
5074 3
1 -0.0169822
2 0.000757828
3 -0.0220114
5075 3
1 -0.017028
2 0.000703772
3 -0.0219033
5076 3
1 -0.0170755
2 0.000648491
3 -0.0217928
5077 3
1 -0.0171246
2 0.000592007
3 -0.0216799
5078 3
1 -0.0171753
2 0.000534338
3 -0.0215647
5079 3
1 -0.0172278
2 0.000475486
3 -0.0214472
5080 3
1 -0.0172819
2 0.000415446
3 -0.0213275
5081 3
1 -0.0173376
2 0.000354201
3 -0.0212056
5082 3
1 -0.017395
2 0.000291726
3 -0.0210815
5083 3
1 -0.017454
2 0.000227988
3 -0.0209553
5084 3
1 -0.0175146
2 0.000162951
3 -0.0208269
5085 3
1 -0.0175768
2 9.65798e-05
3 -0.0206965
5086 3
1 -0.0176405
2 2.88431e-05
3 -0.020564
5087 3
1 -0.0177058
2 -4.02856e-05
3 -0.0204294
5088 3
1 -0.0177727
2 -0.000110826
3 -0.0202928
5089 3
1 -0.0178411
2 -0.00018279
3 -0.0201542
5090 3
1 -0.017911
2 -0.000256182
3 -0.0200137
5091 3
1 -0.0179824
2 -0.000331003
3 -0.0198711
5092 3
1 -0.0180554
2 -0.000407246
3 -0.0197266
5093 3
1 -0.0181299
2 -0.000484901
3 -0.0195803
5094 3
1 -0.018206
2 -0.000563952
3 -0.019432
5095 3
1 -0.0182836
2 -0.000644379
3 -0.0192819
5096 3
1 -0.0183628
2 -0.000726156
3 -0.0191299
5097 3
1 -0.0184435
2 -0.000809252
3 -0.0189761
5098 3
1 -0.0185258
2 -0.000893629
3 -0.0188205
5099 3
1 -0.0186096
2 -0.000979243
3 -0.0186631
5100 3
1 -0.0186949
2 -0.00106604
3 -0.0185039
5101 3
1 -0.0187819
2 -0.00115396
3 -0.018343
5102 3
1 -0.0188703
2 -0.00124292
3 -0.0181803
5103 3
1 -0.0189603
2 -0.00133283
3 -0.0180159
5104 3
1 -0.0190518
2 -0.00142357
3 -0.0178498
5105 3
1 -0.0191449
2 -0.00151504
3 -0.017682
5106 3
1 -0.0192395
2 -0.00160711
3 -0.0175124
5107 3
1 -0.0193356
2 -0.00169966
3 -0.0173412
5108 3
1 -0.0194333
2 -0.00179258
3 -0.0171683
5109 3
1 -0.0195325
2 -0.00188575
3 -0.0169938
5110 3
1 -0.0196333
2 -0.00197908
3 -0.0168176
5111 3
1 -0.0197357
2 -0.00207245
3 -0.0166398
5112 3
1 -0.0198396
2 -0.00216578
3 -0.0164605
5113 3
1 -0.0199451
2 -0.00225897
3 -0.0162795
5114 3
1 -0.0200521
2 -0.00235195
3 -0.016097
5115 3
1 -0.0201607
2 -0.0024447
3 -0.0159129
5116 3
1 -0.0202708
2 -0.00253721
3 -0.0157274
5117 3
1 -0.0203824
2 -0.00262952
3 -0.0155405
5118 3
1 -0.0204954
2 -0.00272165
3 -0.0153523
5119 3
1 -0.0206098
2 -0.00281366
3 -0.0151628
5120 3
1 -0.0207256
2 -0.0029056
3 -0.0149721
5121 3
1 -0.0208427
2 -0.0029975
3 -0.0147803
5122 3
1 -0.0209612
2 -0.00308939
3 -0.0145874
5123 3
1 -0.0210811
2 -0.00318128
3 -0.0143935
5124 3
1 -0.0212022
2 -0.00327317
3 -0.0141986
5125 3
1 -0.0213246
2 -0.00336506
3 -0.0140028
5126 3
1 -0.0214482
2 -0.00345694
3 -0.0138062
5127 3
1 -0.021573
2 -0.00354881
3 -0.0136088
5128 3
1 -0.0216988
2 -0.00364067
3 -0.0134107
5129 3
1 -0.0218258
2 -0.0037325
3 -0.013212
5130 3
1 -0.0219538
2 -0.0038243
3 -0.0130126
5131 3
1 -0.0220828
2 -0.00391605
3 -0.0128127
5132 3
1 -0.0222128
2 -0.00400774
3 -0.0126123
5133 3
1 -0.0223436
2 -0.00409935
3 -0.0124114
5134 3
1 -0.0224754
2 -0.00419083
3 -0.0122102
5135 3
1 -0.0226079
2 -0.00428213
3 -0.0120086
5136 3
1 -0.0227413
2 -0.00437322
3 -0.0118068
5137 3
1 -0.0228754
2 -0.00446402
3 -0.0116047
5138 3
1 -0.0230102
2 -0.00455447
3 -0.0114024
5139 3
1 -0.0231458
2 -0.00464451
3 -0.0111999
5140 3
1 -0.023282
2 -0.00473405
3 -0.0109974
5141 3
1 -0.0234188
2 -0.00482301
3 -0.0107947
5142 3
1 -0.0235562
2 -0.00491132
3 -0.010592
5143 3
1 -0.0236942
2 -0.00499888
3 -0.0103891
5144 3
1 -0.0238328
2 -0.00508561
3 -0.0101862
5145 3
1 -0.0239719
2 -0.00517142
3 -0.00998308
5146 3
1 -0.0241116
2 -0.00525624
3 -0.00977981
5147 3
1 -0.0242518
2 -0.00533999
3 -0.00957632
5148 3
1 -0.0243926
2 -0.00542264
3 -0.00937261
5149 3
1 -0.0245339
2 -0.00550417
3 -0.0091687
5150 3
1 -0.0246756
2 -0.00558455
3 -0.00896466
5151 3
1 -0.0248178
2 -0.00566379
3 -0.00876058
5152 3
1 -0.0249605
2 -0.00574187
3 -0.00855658
5153 3
1 -0.0251035
2 -0.00581879
3 -0.00835276
5154 3
1 -0.0252469
2 -0.00589456
3 -0.00814925
5155 3
1 -0.0253907
2 -0.00596921
3 -0.00794615
5156 3
1 -0.0255346
2 -0.00604277
3 -0.00774353
5157 3
1 -0.0256788
2 -0.00611529
3 -0.00754144
5158 3
1 -0.025823
2 -0.00618683
3 -0.00733994
5159 3
1 -0.0259673
2 -0.00625744
3 -0.00713904
5160 3
1 -0.0261115
2 -0.00632716
3 -0.00693879
5161 3
1 -0.0262555
2 -0.00639604
3 -0.00673922
5162 3
1 -0.0263993
2 -0.00646413
3 -0.00654037
5163 3
1 -0.0265428
2 -0.00653146
3 -0.00634228
5164 3
1 -0.026686
2 -0.00659807
3 -0.00614498
5165 3
1 -0.0268287
2 -0.00666398
3 -0.0059485
5166 3
1 -0.0269709
2 -0.00672923
3 -0.00575286
5167 3
1 -0.0271126
2 -0.00679382
3 -0.00555808
5168 3
1 -0.0272538
2 -0.00685778
3 -0.00536419
5169 3
1 -0.0273943
2 -0.0069211
3 -0.00517119
5170 3
1 -0.0275342
2 -0.00698379
3 -0.00497909
5171 3
1 -0.0276735
2 -0.00704582
3 -0.0047879
5172 3
1 -0.0278122
2 -0.00710719
3 -0.00459763
5173 3
1 -0.0279502
2 -0.00716788
3 -0.00440828
5174 3
1 -0.0280876
2 -0.00722785
3 -0.00421987
5175 3
1 -0.0282244
2 -0.0072871
3 -0.00403241
5176 3
1 -0.0283606
2 -0.0073456
3 -0.00384593
5177 3
1 -0.0284962
2 -0.00740332
3 -0.00366045
5178 3
1 -0.0286313
2 -0.00746025
3 -0.00347603
5179 3
1 -0.0287657
2 -0.00751635
3 -0.00329271
5180 3
1 -0.0288995
2 -0.0075716
3 -0.00311055
5181 3
1 -0.0290327
2 -0.00762599
3 -0.00292958
5182 3
1 -0.0291653
2 -0.00767949
3 -0.00274987
5183 3
1 -0.0292972
2 -0.00773209
3 -0.00257145
5184 3
1 -0.0294285
2 -0.00778377
3 -0.00239437
5185 3
1 -0.0295591
2 -0.00783452
3 -0.00221865
5186 3
1 -0.029689
2 -0.00788437
3 -0.00204434
5187 3
1 -0.0298181
2 -0.00793331
3 -0.00187148
5188 3
1 -0.0299464
2 -0.00798137
3 -0.00170012
5189 3
1 -0.0300738
2 -0.00802856
3 -0.00153032
5190 3
1 -0.0302003
2 -0.0080749
3 -0.00136214
5191 3
1 -0.0303258
2 -0.00812041
3 -0.00119561
5192 3
1 -0.0304503
2 -0.00816509
3 -0.00103077
5193 3
1 -0.0305736
2 -0.00820897
3 -0.000867676
5194 3
1 -0.0306958
2 -0.00825205
3 -0.00070637
5195 3
1 -0.0308167
2 -0.00829435
3 -0.000546907
5196 3
1 -0.0309363
2 -0.0083359
3 -0.000389339
5197 3
1 -0.0310546
2 -0.00837671
3 -0.000233715
5198 3
1 -0.0311713
2 -0.00841678
3 -8.00768e-05
5199 3
1 -0.0312865
2 -0.00845611
3 7.15418e-05
5200 3
1 -0.0314002
2 -0.00849471
3 0.000221113
5201 3
1 -0.0315123
2 -0.00853256
3 0.000368615
5202 3
1 -0.0316227
2 -0.00856965
3 0.000514028
5203 3
1 -0.0317314
2 -0.00860596
3 0.000657337
5204 3
1 -0.0318383
2 -0.00864147
3 0.000798527
5205 3
1 -0.0319436
2 -0.00867616
3 0.000937588
5206 3
1 -0.032047
2 -0.00871003
3 0.00107451
5207 3
1 -0.0321486
2 -0.00874305
3 0.00120928
5208 3
1 -0.0322485
2 -0.00877522
3 0.0013419
5209 3
1 -0.0323465
2 -0.00880653
3 0.00147235
5210 3
1 -0.0324427
2 -0.00883697
3 0.00160064
5211 3
1 -0.0325371
2 -0.00886653
3 0.00172676
5212 3
1 -0.0326296
2 -0.00889523
3 0.00185069
5213 3
1 -0.0327203
2 -0.00892304
3 0.00197243
5214 3
1 -0.0328093
2 -0.00894997
3 0.00209194
5215 3
1 -0.0328964
2 -0.00897602
3 0.00220922
5216 3
1 -0.0329818
2 -0.00900118
3 0.00232424
5217 3
1 -0.0330653
2 -0.00902545
3 0.00243698
5218 3
1 -0.0331471
2 -0.00904882
3 0.00254744
5219 3
1 -0.0332271
2 -0.0090713
3 0.00265559
5220 3
1 -0.0333054
2 -0.0090929
3 0.00276141
5221 3
1 -0.0333819
2 -0.00911363
3 0.00286486
5222 3
1 -0.0334566
2 -0.00913354
3 0.00296592
5223 3
1 -0.0335296
2 -0.00915264
3 0.00306454
5224 3
1 -0.0336007
2 -0.00917097
3 0.00316069
5225 3
1 -0.0336701
2 -0.00918854
3 0.00325433
5226 3
1 -0.0337375
2 -0.00920537
3 0.00334543
5227 3
1 -0.0338031
2 -0.00922148
3 0.00343396
5228 3
1 -0.0338666
2 -0.00923688
3 0.00351987
5229 3
1 -0.0339282
2 -0.00925158
3 0.0036031
5230 3
1 -0.0339878
2 -0.00926557
3 0.00368358
5231 3
1 -0.0340452
2 -0.00927888
3 0.00376126
5232 3
1 -0.0341006
2 -0.00929151
3 0.00383605
5233 3
1 -0.0341538
2 -0.00930347
3 0.00390791
5234 3
1 -0.0342048
2 -0.00931477
3 0.00397679
5235 3
1 -0.0342537
2 -0.00932543
3 0.00404265
5236 3
1 -0.0343003
2 -0.00933546
3 0.00410547
5237 3
1 -0.0343446
2 -0.00934488
3 0.00416521
5238 3
1 -0.0343867
2 -0.00935371
3 0.00422186
5239 3
1 -0.0344264
2 -0.00936195
3 0.00427539
5240 3
1 -0.0344638
2 -0.00936961
3 0.0043258
5241 3
1 -0.0344988
2 -0.00937672
3 0.00437307
5242 3
1 -0.0345315
2 -0.00938329
3 0.00441717
5243 3
1 -0.0345617
2 -0.00938933
3 0.0044581
5244 3
1 -0.0345896
2 -0.00939484
3 0.00449583
5245 3
1 -0.034615
2 -0.00939985
3 0.00453034
5246 3
1 -0.0346381
2 -0.00940436
3 0.00456161
5247 3
1 -0.0346586
2 -0.00940837
3 0.00458962
5248 3
1 -0.0346767
2 -0.00941189
3 0.00461434
5249 3
1 -0.0346924
2 -0.00941494
3 0.00463575
5250 3
1 -0.0347056
2 -0.0094175
3 0.00465382
5251 3
1 -0.0347162
2 -0.00941958
3 0.0046685
5252 3
1 -0.0347244
2 -0.00942118
3 0.00467979
5253 3
1 -0.0347301
2 -0.00942229
3 0.00468762
5254 3
1 -0.0347332
2 -0.00942291
3 0.00469198
5255 3
1 -0.0347338
2 -0.00942303
3 0.00469283
5256 3
1 -0.0347319
2 -0.00942264
3 0.00469011
5257 3
1 -0.0347274
2 -0.00942173
3 0.0046838
5258 3
1 -0.0347203
2 -0.00942028
3 0.00467385
5259 3
1 -0.0347106
2 -0.00941829
3 0.00466021
5260 3
1 -0.0346984
2 -0.00941575
3 0.00464284
5261 3
1 -0.0346835
2 -0.00941264
3 0.00462169
5262 3
1 -0.034666
2 -0.00940897
3 0.00459672
5263 3
1 -0.0346459
2 -0.00940473
3 0.0045679
5264 3
1 -0.0346231
2 -0.00939992
3 0.00453518
5265 3
1 -0.0345978
2 -0.00939453
3 0.00449853
5266 3
1 -0.0345697
2 -0.00938858
3 0.00445794
5267 3
1 -0.0345391
2 -0.00938206
3 0.00441337
5268 3
1 -0.0345058
2 -0.00937494
3 0.00436479
5269 3
1 -0.0344699
2 -0.00936723
3 0.00431221
5270 3
1 -0.0344315
2 -0.0093589
3 0.00425558
5271 3
1 -0.0343904
2 -0.00934993
3 0.00419492
5272 3
1 -0.0343469
2 -0.00934029
3 0.0041302
5273 3
1 -0.0343007
2 -0.00932996
3 0.00406141
5274 3
1 -0.0342521
2 -0.00931892
3 0.00398854
5275 3
1 -0.034201
2 -0.00930715
3 0.00391157
5276 3
1 -0.0341474
2 -0.00929464
3 0.00383048
5277 3
1 -0.0340914
2 -0.00928136
3 0.00374526
5278 3
1 -0.0340329
2 -0.0092673
3 0.00365588
5279 3
1 -0.0339719
2 -0.00925244
3 0.00356232
5280 3
1 -0.0339086
2 -0.00923677
3 0.00346457
5281 3
1 -0.0338429
2 -0.00922026
3 0.00336258
5282 3
1 -0.0337747
2 -0.00920289
3 0.00325634
5283 3
1 -0.0337042
2 -0.00918463
3 0.00314579
5284 3
1 -0.0336314
2 -0.00916546
3 0.00303091
5285 3
1 -0.0335563
2 -0.00914534
3 0.00291165
5286 3
1 -0.0334788
2 -0.00912423
3 0.00278796
5287 3
1 -0.0333991
2 -0.0091021
3 0.00265977
5288 3
1 -0.0333171
2 -0.00907889
3 0.00252705
5289 3
1 -0.033233
2 -0.00905458
3 0.00238971
5290 3
1 -0.0331468
2 -0.0090291
3 0.00224771
5291 3
1 -0.0330585
2 -0.00900243
3 0.00210099
5292 3
1 -0.0329681
2 -0.00897449
3 0.00194947
5293 3
1 -0.0328759
2 -0.00894525
3 0.0017931
5294 3
1 -0.0327817
2 -0.00891464
3 0.00163183
5295 3
1 -0.0326858
2 -0.0088826
3 0.00146559
5296 3
1 -0.0325881
2 -0.00884907
3 0.00129436
5297 3
1 -0.0324887
2 -0.00881399
3 0.00111809
5298 3
1 -0.0323877
2 -0.00877729
3 0.000936737
5299 3
1 -0.0322852
2 -0.00873893
3 0.000750255
5300 3
1 -0.0321812
2 -0.00869884
3 0.0005586
5301 3
1 -0.0320758
2 -0.00865697
3 0.000361728
5302 3
1 -0.0319691
2 -0.00861328
3 0.000159602
5303 3
1 -0.031861
2 -0.00856774
3 -4.78022e-05
5304 3
1 -0.0317517
2 -0.00852031
3 -0.000260496
5305 3
1 -0.0316412
2 -0.008471
3 -0.000478485
5306 3
1 -0.0315294
2 -0.00841978
3 -0.000701775
5307 3
1 -0.0314165
2 -0.00836663
3 -0.000930377
5308 3
1 -0.0313023
2 -0.00831154
3 -0.0011643
5309 3
1 -0.0311869
2 -0.00825448
3 -0.00140354
5310 3
1 -0.0310702
2 -0.00819541
3 -0.00164809
5311 3
1 -0.0309523
2 -0.0081343
3 -0.00189797
5312 3
1 -0.0308332
2 -0.00807112
3 -0.00215316
5313 3
1 -0.0307129
2 -0.00800584
3 -0.00241366
5314 3
1 -0.0305914
2 -0.00793842
3 -0.00267945
5315 3
1 -0.0304686
2 -0.00786885
3 -0.00295055
5316 3
1 -0.0303447
2 -0.00779708
3 -0.00322692
5317 3
1 -0.0302195
2 -0.00772308
3 -0.00350857
5318 3
1 -0.0300932
2 -0.00764682
3 -0.00379547
5319 3
1 -0.0299657
2 -0.00756826
3 -0.00408761
5320 3
1 -0.0298372
2 -0.00748734
3 -0.00438496
5321 3
1 -0.0297075
2 -0.00740403
3 -0.00468751
5322 3
1 -0.0295769
2 -0.00731827
3 -0.00499522
5323 3
1 -0.0294453
2 -0.00723001
3 -0.00530807
5324 3
1 -0.0293127
2 -0.0071392
3 -0.00562603
5325 3
1 -0.0291794
2 -0.00704578
3 -0.00594904
5326 3
1 -0.0290452
2 -0.00694973
3 -0.00627708
5327 3
1 -0.0289103
2 -0.00685099
3 -0.00661009
5328 3
1 -0.0287748
2 -0.00674955
3 -0.00694802
5329 3
1 -0.0286388
2 -0.00664538
3 -0.00729082
5330 3
1 -0.0285024
2 -0.00653847
3 -0.00763843
5331 3
1 -0.0283656
2 -0.0064288
3 -0.0079908
5332 3
1 -0.0282285
2 -0.00631633
3 -0.00834787
5333 3
1 -0.0280913
2 -0.006201
3 -0.0087096
5334 3
1 -0.0279541
2 -0.00608276
3 -0.00907592
5335 3
1 -0.0278168
2 -0.00596153
3 -0.00944681
5336 3
1 -0.0276795
2 -0.00583725
3 -0.00982223
5337 3
1 -0.0275422
2 -0.00570989
3 -0.0102021
5338 3
1 -0.0274048
2 -0.00557944
3 -0.0105865
5339 3
1 -0.0272673
2 -0.00544595
3 -0.0109752
5340 3
1 -0.0271295
2 -0.00530953
3 -0.0113682
5341 3
1 -0.0269915
2 -0.00517034
3 -0.0117655
5342 3
1 -0.026853
2 -0.00502855
3 -0.012167
5343 3
1 -0.0267141
2 -0.00488436
3 -0.0125725
5344 3
1 -0.0265747
2 -0.00473795
3 -0.0129821
5345 3
1 -0.0264347
2 -0.00458951
3 -0.0133956
5346 3
1 -0.0262941
2 -0.00443919
3 -0.0138131
5347 3
1 -0.026153
2 -0.00428713
3 -0.0142343
5348 3
1 -0.0260112
2 -0.00413347
3 -0.0146594
5349 3
1 -0.025869
2 -0.00397829
3 -0.015088
5350 3
1 -0.0257262
2 -0.00382166
3 -0.01552
5351 3
1 -0.0255829
2 -0.00366363
3 -0.0159553
5352 3
1 -0.0254392
2 -0.00350424
3 -0.0163936
5353 3
1 -0.025295
2 -0.00334354
3 -0.0168347
5354 3
1 -0.0251505
2 -0.00318155
3 -0.0172785
5355 3
1 -0.0250057
2 -0.00301832
3 -0.0177246
5356 3
1 -0.0248606
2 -0.00285388
3 -0.018173
5357 3
1 -0.0247153
2 -0.00268826
3 -0.0186233
5358 3
1 -0.0245698
2 -0.00252151
3 -0.0190754
5359 3
1 -0.0244242
2 -0.00235368
3 -0.019529
5360 3
1 -0.0242785
2 -0.00218481
3 -0.019984
5361 3
1 -0.0241329
2 -0.00201496
3 -0.0204402
5362 3
1 -0.0239872
2 -0.0018442
3 -0.0208973
5363 3
1 -0.0238417
2 -0.00167261
3 -0.0213553
5364 3
1 -0.0236964
2 -0.00150028
3 -0.021814
5365 3
1 -0.0235513
2 -0.0013273
3 -0.0222731
5366 3
1 -0.0234065
2 -0.00115381
3 -0.0227326
5367 3
1 -0.0232621
2 -0.000979926
3 -0.0231922
5368 3
1 -0.0231181
2 -0.000805771
3 -0.0236517
5369 3
1 -0.0229745
2 -0.000631464
3 -0.0241108
5370 3
1 -0.0228315
2 -0.000457115
3 -0.0245693
5371 3
1 -0.022689
2 -0.000282821
3 -0.0250269
5372 3
1 -0.0225471
2 -0.000108659
3 -0.0254834
5373 3
1 -0.0224059
2 6.53203e-05
3 -0.0259385
5374 3
1 -0.0222656
2 0.000239088
3 -0.0263919
5375 3
1 -0.0221261
2 0.000412612
3 -0.0268434
5376 3
1 -0.0219875
2 0.000585851
3 -0.0272927
5377 3
1 -0.0218498
2 0.000758754
3 -0.0277395
5378 3
1 -0.0217129
2 0.000931258
3 -0.0281836
5379 3
1 -0.0215769
2 0.00110328
3 -0.0286249
5380 3
1 -0.0214417
2 0.00127472
3 -0.0290632
5381 3
1 -0.0213073
2 0.00144544
3 -0.0294983
5382 3
1 -0.0211738
2 0.00161529
3 -0.0299299
5383 3
1 -0.0210412
2 0.00178413
3 -0.030358
5384 3
1 -0.0209094
2 0.00195182
3 -0.0307822
5385 3
1 -0.0207786
2 0.00211821
3 -0.0312026
5386 3
1 -0.0206487
2 0.00228317
3 -0.0316188
5387 3
1 -0.0205199
2 0.0024466
3 -0.0320307
5388 3
1 -0.0203921
2 0.00260838
3 -0.0324383
5389 3
1 -0.0202654
2 0.00276841
3 -0.0328412
5390 3
1 -0.0201399
2 0.0029266
3 -0.0332394
5391 3
1 -0.0200156
2 0.00308287
3 -0.0336327
5392 3
1 -0.0198927
2 0.00323712
3 -0.0340211
5393 3
1 -0.019771
2 0.00338928
3 -0.0344043
5394 3
1 -0.0196508
2 0.00353925
3 -0.0347822
5395 3
1 -0.0195322
2 0.00368697
3 -0.0351548
5396 3
1 -0.0194151
2 0.00383235
3 -0.0355219
5397 3
1 -0.0192996
2 0.00397533
3 -0.0358832
5398 3
1 -0.0191859
2 0.00411587
3 -0.0362388
5399 3
1 -0.019074
2 0.00425391
3 -0.0365883
5400 3
1 -0.018964
2 0.00438942
3 -0.0369319
5401 3
1 -0.0188559
2 0.00452235
3 -0.0372692
5402 3
1 -0.0187499
2 0.00465267
3 -0.0376003
5403 3
1 -0.0186459
2 0.00478033
3 -0.037925
5404 3
1 -0.0185439
2 0.00490529
3 -0.0382433
5405 3
1 -0.0184441
2 0.00502752
3 -0.0385551
5406 3
1 -0.0183463
2 0.005147
3 -0.0388604
5407 3
1 -0.0182507
2 0.0052637
3 -0.039159
5408 3
1 -0.0181573
2 0.00537763
3 -0.0394509
5409 3
1 -0.0180661
2 0.00548879
3 -0.0397361
5410 3
1 -0.0179772
2 0.00559718
3 -0.0400144
5411 3
1 -0.0178906
2 0.00570277
3 -0.0402859
5412 3
1 -0.0178064
2 0.00580556
3 -0.0405504
5413 3
1 -0.0177245
2 0.00590551
3 -0.0408079
5414 3
1 -0.0176449
2 0.00600263
3 -0.0410584
5415 3
1 -0.0175677
2 0.00609692
3 -0.0413017
5416 3
1 -0.0174929
2 0.0061884
3 -0.041538
5417 3
1 -0.0174203
2 0.0062771
3 -0.0417671
5418 3
1 -0.01735
2 0.00636302
3 -0.0419891
5419 3
1 -0.0172817
2 0.00644616
3 -0.0422039
5420 3
1 -0.0172156
2 0.00652649
3 -0.0424116
5421 3
1 -0.0171516
2 0.006604
3 -0.0426121
5422 3
1 -0.0170896
2 0.00667867
3 -0.0428055
5423 3
1 -0.0170296
2 0.00675049
3 -0.0429918
5424 3
1 -0.0169716
2 0.00681945
3 -0.0431709
5425 3
1 -0.0169156
2 0.00688557
3 -0.0433428
5426 3
1 -0.0168617
2 0.00694883
3 -0.0435077
5427 3
1 -0.0168099
2 0.00700927
3 -0.0436654
5428 3
1 -0.0167601
2 0.00706688
3 -0.043816
5429 3
1 -0.0167125
2 0.00712167
3 -0.0439595
5430 3
1 -0.016667
2 0.00717367
3 -0.044096
5431 3
1 -0.0166236
2 0.00722288
3 -0.0442253
5432 3
1 -0.0165825
2 0.00726932
3 -0.0443477
5433 3
1 -0.0165435
2 0.00731301
3 -0.044463
5434 3
1 -0.0165068
2 0.00735397
3 -0.0445713
5435 3
1 -0.0164723
2 0.00739223
3 -0.0446726
5436 3
1 -0.0164401
2 0.00742781
3 -0.0447671
5437 3
1 -0.0164102
2 0.00746074
3 -0.0448546
5438 3
1 -0.0163825
2 0.00749104
3 -0.0449353
5439 3
1 -0.0163571
2 0.00751873
3 -0.0450092
5440 3
1 -0.0163341
2 0.00754385
3 -0.0450764
5441 3
1 -0.0163133
2 0.00756641
3 -0.0451369
5442 3
1 -0.0162948
2 0.00758644
3 -0.0451907
5443 3
1 -0.0162786
2 0.00760397
3 -0.0452379
5444 3
1 -0.0162647
2 0.00761901
3 -0.0452785
5445 3
1 -0.016253
2 0.00763161
3 -0.0453126
5446 3
1 -0.0162435
2 0.00764178
3 -0.0453402
5447 3
1 -0.0162363
2 0.00764955
3 -0.0453614
5448 3
1 -0.0162313
2 0.00765496
3 -0.0453762
5449 3
1 -0.0162284
2 0.00765803
3 -0.0453846
5450 3
1 -0.0162277
2 0.0076588
3 -0.0453867
5451 3
1 -0.0162291
2 0.0076573
3 -0.0453826
5452 3
1 -0.0162326
2 0.00765354
3 -0.0453722
5453 3
1 -0.0162382
2 0.00764758
3 -0.0453557
5454 3
1 -0.0162458
2 0.00763941
3 -0.0453331
5455 3
1 -0.0162554
2 0.00762909
3 -0.0453044
5456 3
1 -0.0162671
2 0.00761663
3 -0.0452698
5457 3
1 -0.0162808
2 0.00760205
3 -0.0452293
5458 3
1 -0.0162965
2 0.00758541
3 -0.0451829
5459 3
1 -0.0163142
2 0.00756671
3 -0.0451307
5460 3
1 -0.0163338
2 0.007546
3 -0.0450727
5461 3
1 -0.0163554
2 0.00752332
3 -0.0450091
5462 3
1 -0.016379
2 0.00749869
3 -0.0449399
5463 3
1 -0.0164044
2 0.00747216
3 -0.0448651
5464 3
1 -0.0164318
2 0.00744375
3 -0.0447848
5465 3
1 -0.0164611
2 0.00741352
3 -0.044699
5466 3
1 -0.0164922
2 0.0073815
3 -0.0446078
5467 3
1 -0.0165252
2 0.00734773
3 -0.0445113
5468 3
1 -0.01656
2 0.00731227
3 -0.0444095
5469 3
1 -0.0165966
2 0.00727515
3 -0.0443025
5470 3
1 -0.016635
2 0.00723643
3 -0.0441904
5471 3
1 -0.0166752
2 0.00719615
3 -0.0440732
5472 3
1 -0.016717
2 0.00715435
3 -0.0439511
5473 3
1 -0.0167606
2 0.00711109
3 -0.0438241
5474 3
1 -0.0168059
2 0.00706643
3 -0.0436923
5475 3
1 -0.0168528
2 0.00702039
3 -0.0435559
5476 3
1 -0.0169013
2 0.00697304
3 -0.0434149
5477 3
1 -0.0169514
2 0.00692442
3 -0.0432694
5478 3
1 -0.017003
2 0.00687456
3 -0.0431196
5479 3
1 -0.0170562
2 0.00682352
3 -0.0429655
5480 3
1 -0.0171108
2 0.00677132
3 -0.0428073
5481 3
1 -0.0171669
2 0.00671801
3 -0.042645
5482 3
1 -0.0172244
2 0.00666362
3 -0.0424787
5483 3
1 -0.0172832
2 0.0066082
3 -0.0423085
5484 3
1 -0.0173432
2 0.00655179
3 -0.0421346
5485 3
1 -0.0174046
2 0.00649441
3 -0.041957
5486 3
1 -0.0174671
2 0.00643611
3 -0.0417759
5487 3
1 -0.0175308
2 0.00637689
3 -0.0415913
5488 3
1 -0.0175956
2 0.00631678
3 -0.0414034
5489 3
1 -0.0176616
2 0.0062558
3 -0.0412122
5490 3
1 -0.0177288
2 0.00619397
3 -0.041018
5491 3
1 -0.0177971
2 0.00613135
3 -0.0408207
5492 3
1 -0.0178665
2 0.006068
3 -0.0406206
5493 3
1 -0.017937
2 0.006004
3 -0.0404178
5494 3
1 -0.0180086
2 0.00593938
3 -0.0402123
5495 3
1 -0.0180812
2 0.00587418
3 -0.0400044
5496 3
1 -0.0181547
2 0.00580844
3 -0.0397942
5497 3
1 -0.018229
2 0.00574218
3 -0.0395817
5498 3
1 -0.0183043
2 0.00567542
3 -0.0393671
5499 3
1 -0.0183803
2 0.00560819
3 -0.0391505
5500 3
1 -0.0184571
2 0.0055405
3 -0.038932
5501 3
1 -0.0185347
2 0.00547237
3 -0.0387117
5502 3
1 -0.0186129
2 0.00540381
3 -0.0384896
5503 3
1 -0.0186918
2 0.00533485
3 -0.038266
5504 3
1 -0.0187714
2 0.0052655
3 -0.0380409
5505 3
1 -0.0188515
2 0.00519579
3 -0.0378144
5506 3
1 -0.0189321
2 0.00512574
3 -0.0375867
5507 3
1 -0.0190131
2 0.00505537
3 -0.037358
5508 3
1 -0.0190946
2 0.00498472
3 -0.0371282
5509 3
1 -0.0191764
2 0.00491382
3 -0.0368977
5510 3
1 -0.0192584
2 0.00484272
3 -0.0366664
5511 3
1 -0.0193406
2 0.00477147
3 -0.0364345
5512 3
1 -0.0194228
2 0.00470014
3 -0.0362022
5513 3
1 -0.0195051
2 0.00462877
3 -0.0359694
5514 3
1 -0.0195874
2 0.00455743
3 -0.0357364
5515 3
1 -0.0196695
2 0.00448618
3 -0.0355032
5516 3
1 -0.0197514
2 0.00441506
3 -0.0352699
5517 3
1 -0.0198332
2 0.00434411
3 -0.0350365
5518 3
1 -0.0199147
2 0.00427337
3 -0.0348032
5519 3
1 -0.019996
2 0.00420286
3 -0.0345699
5520 3
1 -0.0200772
2 0.00413262
3 -0.0343368
5521 3
1 -0.0201581
2 0.00406263
3 -0.0341039
5522 3
1 -0.0202389
2 0.00399291
3 -0.0338713
5523 3
1 -0.0203194
2 0.00392345
3 -0.0336391
5524 3
1 -0.0203997
2 0.00385424
3 -0.0334074
5525 3
1 -0.0204797
2 0.00378528
3 -0.0331764
5526 3
1 -0.0205592
2 0.00371655
3 -0.0329462
5527 3
1 -0.0206383
2 0.00364805
3 -0.0327168
5528 3
1 -0.0207168
2 0.00357974
3 -0.0324884
5529 3
1 -0.0207948
2 0.0035116
3 -0.032261
5530 3
1 -0.0208722
2 0.0034436
3 -0.0320348
5531 3
1 -0.020949
2 0.00337576
3 -0.0318097
5532 3
1 -0.0210252
2 0.0033081
3 -0.0315859
5533 3
1 -0.0211008
2 0.00324067
3 -0.0313633
5534 3
1 -0.0211759
2 0.00317351
3 -0.0311422
5535 3
1 -0.0212504
2 0.00310667
3 -0.0309225
5536 3
1 -0.0213242
2 0.00304017
3 -0.0307043
5537 3
1 -0.0213974
2 0.00297405
3 -0.0304878
5538 3
1 -0.0214698
2 0.00290831
3 -0.0302729
5539 3
1 -0.0215416
2 0.00284297
3 -0.0300598
5540 3
1 -0.0216127
2 0.00277804
3 -0.0298484
5541 3
1 -0.021683
2 0.00271352
3 -0.0296389
5542 3
1 -0.0217526
2 0.00264944
3 -0.0294312
5543 3
1 -0.0218214
2 0.0025858
3 -0.0292254
5544 3
1 -0.0218894
2 0.00252263
3 -0.0290216
5545 3
1 -0.0219568
2 0.00245996
3 -0.0288197
5546 3
1 -0.0220233
2 0.00239781
3 -0.0286198
5547 3
1 -0.0220892
2 0.00233623
3 -0.0284221
5548 3
1 -0.0221543
2 0.00227525
3 -0.0282265
5549 3
1 -0.0222187
2 0.0022149
3 -0.028033
5550 3
1 -0.0222823
2 0.00215521
3 -0.0278417
5551 3
1 -0.0223452
2 0.00209622
3 -0.0276526
5552 3
1 -0.0224073
2 0.00203794
3 -0.0274657
5553 3
1 -0.0224687
2 0.00198038
3 -0.027281
5554 3
1 -0.0225293
2 0.00192354
3 -0.0270985
5555 3
1 -0.0225891
2 0.0018674
3 -0.0269183
5556 3
1 -0.0226481
2 0.00181195
3 -0.0267402
5557 3
1 -0.0227064
2 0.00175715
3 -0.0265642
5558 3
1 -0.0227639
2 0.00170298
3 -0.0263904
5559 3
1 -0.0228206
2 0.00164941
3 -0.0262188
5560 3
1 -0.0228766
2 0.0015964
3 -0.0260492
5561 3
1 -0.0229319
2 0.00154392
3 -0.0258816
5562 3
1 -0.0229865
2 0.00149194
3 -0.025716
5563 3
1 -0.0230404
2 0.00144042
3 -0.0255524
5564 3
1 -0.0230936
2 0.00138934
3 -0.0253907
5565 3
1 -0.0231462
2 0.00133865
3 -0.0252308
5566 3
1 -0.0231983
2 0.00128835
3 -0.0250728
5567 3
1 -0.0232498
2 0.00123841
3 -0.0249165
5568 3
1 -0.0233008
2 0.00118885
3 -0.024762
5569 3
1 -0.0233513
2 0.00113968
3 -0.0246093
5570 3
1 -0.0234014
2 0.00109094
3 -0.0244584
5571 3
1 -0.0234509
2 0.00104265
3 -0.0243093
5572 3
1 -0.0235001
2 0.000994837
3 -0.0241619
5573 3
1 -0.0235487
2 0.000947529
3 -0.0240164
5574 3
1 -0.0235968
2 0.000900732
3 -0.0238726
5575 3
1 -0.0236444
2 0.000854447
3 -0.0237307
5576 3
1 -0.0236914
2 0.000808668
3 -0.0235905
5577 3
1 -0.0237379
2 0.000763387
3 -0.023452
5578 3
1 -0.0237837
2 0.000718594
3 -0.0233153
5579 3
1 -0.0238291
2 0.000674281
3 -0.0231804
5580 3
1 -0.0238738
2 0.000630443
3 -0.0230471
5581 3
1 -0.0239179
2 0.000587077
3 -0.0229155
5582 3
1 -0.0239615
2 0.000544182
3 -0.0227857
5583 3
1 -0.0240044
2 0.000501755
3 -0.0226574
5584 3
1 -0.0240468
2 0.000459795
3 -0.0225308
5585 3
1 -0.0240885
2 0.000418299
3 -0.0224058
5586 3
1 -0.0241296
2 0.000377265
3 -0.0222824
5587 3
1 -0.0241702
2 0.000336694
3 -0.0221606
5588 3
1 -0.0242101
2 0.000296586
3 -0.0220404
5589 3
1 -0.0242494
2 0.000256946
3 -0.0219217
5590 3
1 -0.0242882
2 0.00021778
3 -0.0218045
5591 3
1 -0.0243263
2 0.000179091
3 -0.0216887
5592 3
1 -0.0243638
2 0.00014088
3 -0.0215745
5593 3
1 -0.0244008
2 0.000103147
3 -0.0214616
5594 3
1 -0.0244372
2 6.58908e-05
3 -0.0213502
5595 3
1 -0.0244731
2 2.91114e-05
3 -0.02124
5596 3
1 -0.0245085
2 -7.19124e-06
3 -0.0211312
5597 3
1 -0.0245434
2 -4.30194e-05
3 -0.0210236
5598 3
1 -0.0245778
2 -7.83806e-05
3 -0.0209173
5599 3
1 -0.0246119
2 -0.000113289
3 -0.0208122
5600 3
1 -0.0246456
2 -0.000147766
3 -0.0207082
5601 3
1 -0.024679
2 -0.000181832
3 -0.0206054
5602 3
1 -0.0247121
2 -0.000215506
3 -0.0205038
5603 3
1 -0.0247449
2 -0.0002488
3 -0.0204032
5604 3
1 -0.0247773
2 -0.000281724
3 -0.0203037
5605 3
1 -0.0248094
2 -0.000314285
3 -0.0202053
5606 3
1 -0.0248411
2 -0.000346493
3 -0.0201079
5607 3
1 -0.0248724
2 -0.00037836
3 -0.0200115
5608 3
1 -0.0249033
2 -0.000409894
3 -0.0199161
5609 3
1 -0.0249337
2 -0.000441096
3 -0.0198217
5610 3
1 -0.0249638
2 -0.000471958
3 -0.0197281
5611 3
1 -0.0249934
2 -0.000502471
3 -0.0196355
5612 3
1 -0.0250225
2 -0.000532625
3 -0.0195439
5613 3
1 -0.0250512
2 -0.000562416
3 -0.0194531
5614 3
1 -0.0250796
2 -0.000591843
3 -0.0193632
5615 3
1 -0.0251074
2 -0.000620906
3 -0.0192741
5616 3
1 -0.0251349
2 -0.000649605
3 -0.019186
5617 3
1 -0.025162
2 -0.000677938
3 -0.0190987
5618 3
1 -0.0251888
2 -0.000705904
3 -0.0190123
5619 3
1 -0.0252151
2 -0.000733501
3 -0.0189267
5620 3
1 -0.0252412
2 -0.000760725
3 -0.0188419
5621 3
1 -0.0252669
2 -0.000787576
3 -0.018758
5622 3
1 -0.0252922
2 -0.000814054
3 -0.0186749
5623 3
1 -0.0253174
2 -0.000840162
3 -0.0185926
5624 3
1 -0.0253422
2 -0.000865902
3 -0.0185112
5625 3
1 -0.0253668
2 -0.000891276
3 -0.0184305
5626 3
1 -0.0253911
2 -0.000916289
3 -0.0183507
5627 3
1 -0.0254152
2 -0.000940943
3 -0.0182717
5628 3
1 -0.0254391
2 -0.000965243
3 -0.0181935
5629 3
1 -0.0254628
2 -0.000989196
3 -0.018116
5630 3
1 -0.0254863
2 -0.00101281
3 -0.0180393
5631 3
1 -0.0255096
2 -0.00103608
3 -0.0179634
5632 3
1 -0.0255327
2 -0.00105903
3 -0.0178883
5633 3
1 -0.0255557
2 -0.00108165
3 -0.0178139
5634 3
1 -0.0255784
2 -0.00110397
3 -0.0177403
5635 3
1 -0.0256011
2 -0.00112598
3 -0.0176675
5636 3
1 -0.0256235
2 -0.0011477
3 -0.0175955
5637 3
1 -0.0256458
2 -0.00116913
3 -0.0175242
5638 3
1 -0.025668
2 -0.00119029
3 -0.0174537
5639 3
1 -0.0256899
2 -0.00121118
3 -0.0173839
5640 3
1 -0.0257117
2 -0.00123181
3 -0.017315
5641 3
1 -0.0257334
2 -0.00125217
3 -0.0172467
5642 3
1 -0.0257548
2 -0.00127228
3 -0.0171793
5643 3
1 -0.0257761
2 -0.00129214
3 -0.0171126
5644 3
1 -0.0257972
2 -0.00131174
3 -0.0170467
5645 3
1 -0.025818
2 -0.0013311
3 -0.0169815
5646 3
1 -0.0258386
2 -0.00135022
3 -0.0169172
5647 3
1 -0.025859
2 -0.0013691
3 -0.0168536
5648 3
1 -0.0258791
2 -0.00138774
3 -0.0167908
5649 3
1 -0.025899
2 -0.00140612
3 -0.0167287
5650 3
1 -0.0259187
2 -0.00142425
3 -0.0166674
5651 3
1 -0.0259381
2 -0.00144211
3 -0.0166068
5652 3
1 -0.0259573
2 -0.00145971
3 -0.016547
5653 3
1 -0.0259763
2 -0.00147704
3 -0.0164879
5654 3
1 -0.0259951
2 -0.00149411
3 -0.0164296
5655 3
1 -0.0260137
2 -0.00151092
3 -0.016372
5656 3
1 -0.0260321
2 -0.00152747
3 -0.0163151
5657 3
1 -0.0260503
2 -0.00154377
3 -0.016259
5658 3
1 -0.0260684
2 -0.00155981
3 -0.0162035
5659 3
1 -0.0260863
2 -0.00157561
3 -0.0161489
5660 3
1 -0.0261041
2 -0.00159116
3 -0.0160949
5661 3
1 -0.0261217
2 -0.00160648
3 -0.0160416
5662 3
1 -0.0261393
2 -0.00162155
3 -0.0159891
5663 3
1 -0.0261567
2 -0.0016364
3 -0.0159372
5664 3
1 -0.0261741
2 -0.00165101
3 -0.015886
5665 3
1 -0.0261914
2 -0.00166538
3 -0.0158355
5666 3
1 -0.0262086
2 -0.00167953
3 -0.0157856
5667 3
1 -0.0262257
2 -0.00169343
3 -0.0157364
5668 3
1 -0.0262428
2 -0.00170709
3 -0.0156879
5669 3
1 -0.0262598
2 -0.00172051
3 -0.01564
5670 3
1 -0.0262768
2 -0.00173368
3 -0.0155929
5671 3
1 -0.0262938
2 -0.0017466
3 -0.0155464
5672 3
1 -0.0263108
2 -0.00175926
3 -0.0155006
5673 3
1 -0.0263277
2 -0.00177167
3 -0.0154556
5674 3
1 -0.0263446
2 -0.00178383
3 -0.0154114
5675 3
1 -0.0263614
2 -0.00179573
3 -0.0153679
5676 3
1 -0.0263783
2 -0.00180737
3 -0.0153252
5677 3
1 -0.0263951
2 -0.00181874
3 -0.0152833
5678 3
1 -0.0264118
2 -0.00182984
3 -0.0152421
5679 3
1 -0.0264285
2 -0.00184066
3 -0.0152018
5680 3
1 -0.0264451
2 -0.0018512
3 -0.0151622
5681 3
1 -0.0264616
2 -0.00186145
3 -0.0151233
5682 3
1 -0.026478
2 -0.00187141
3 -0.0150852
5683 3
1 -0.0264942
2 -0.00188109
3 -0.0150478
5684 3
1 -0.0265103
2 -0.00189049
3 -0.0150111
5685 3
1 -0.0265263
2 -0.00189962
3 -0.0149751
5686 3
1 -0.0265421
2 -0.00190849
3 -0.0149397
5687 3
1 -0.0265577
2 -0.00191711
3 -0.0149051
5688 3
1 -0.0265732
2 -0.00192549
3 -0.0148711
5689 3
1 -0.0265885
2 -0.00193365
3 -0.0148377
5690 3
1 -0.0266036
2 -0.00194158
3 -0.0148051
5691 3
1 -0.0266185
2 -0.00194931
3 -0.014773
5692 3
1 -0.0266332
2 -0.00195684
3 -0.0147416
5693 3
1 -0.0266478
2 -0.00196418
3 -0.0147109
5694 3
1 -0.0266621
2 -0.00197135
3 -0.0146807
5695 3
1 -0.0266763
2 -0.00197834
3 -0.0146512
5696 3
1 -0.0266903
2 -0.00198517
3 -0.0146223
5697 3
1 -0.0267041
2 -0.00199184
3 -0.0145941
5698 3
1 -0.0267177
2 -0.00199836
3 -0.0145664
5699 3
1 -0.0267312
2 -0.00200471
3 -0.0145394
5700 3
1 -0.0267444
2 -0.00201092
3 -0.014513
5701 3
1 -0.0267574
2 -0.00201697
3 -0.0144872
5702 3
1 -0.0267703
2 -0.00202287
3 -0.014462
5703 3
1 -0.0267829
2 -0.00202861
3 -0.0144375
5704 3
1 -0.0267954
2 -0.0020342
3 -0.0144136
5705 3
1 -0.0268077
2 -0.00203963
3 -0.0143904
5706 3
1 -0.0268198
2 -0.00204491
3 -0.0143678
5707 3
1 -0.0268316
2 -0.00205003
3 -0.0143459
5708 3
1 -0.0268433
2 -0.00205499
3 -0.0143246
5709 3
1 -0.0268548
2 -0.00205979
3 -0.0143039
5710 3
1 -0.0268661
2 -0.00206443
3 -0.0142839
5711 3
1 -0.0268772
2 -0.00206891
3 -0.0142646
5712 3
1 -0.026888
2 -0.00207322
3 -0.0142459
5713 3
1 -0.0268987
2 -0.00207739
3 -0.0142278
5714 3
1 -0.0269091
2 -0.00208139
3 -0.0142104
5715 3
1 -0.0269193
2 -0.00208525
3 -0.0141936
5716 3
1 -0.0269292
2 -0.00208897
3 -0.0141775
5717 3
1 -0.0269388
2 -0.00209254
3 -0.0141619
5718 3
1 -0.0269482
2 -0.00209597
3 -0.014147
5719 3
1 -0.0269572
2 -0.00209925
3 -0.0141327
5720 3
1 -0.026966
2 -0.00210238
3 -0.014119
5721 3
1 -0.0269744
2 -0.00210537
3 -0.0141059
5722 3
1 -0.0269825
2 -0.00210821
3 -0.0140934
5723 3
1 -0.0269902
2 -0.00211089
3 -0.0140815
5724 3
1 -0.0269977
2 -0.00211343
3 -0.0140702
5725 3
1 -0.0270047
2 -0.00211582
3 -0.0140594
5726 3
1 -0.0270115
2 -0.00211806
3 -0.0140493
5727 3
1 -0.0270179
2 -0.00212015
3 -0.0140398
5728 3
1 -0.0270239
2 -0.0021221
3 -0.0140308
5729 3
1 -0.0270296
2 -0.00212391
3 -0.0140224
5730 3
1 -0.0270349
2 -0.00212559
3 -0.0140146
5731 3
1 -0.0270398
2 -0.00212713
3 -0.0140074
5732 3
1 -0.0270444
2 -0.00212854
3 -0.0140008
5733 3
1 -0.0270487
2 -0.00212983
3 -0.0139947
5734 3
1 -0.0270525
2 -0.00213099
3 -0.0139893
5735 3
1 -0.027056
2 -0.00213202
3 -0.0139843
5736 3
1 -0.0270591
2 -0.00213293
3 -0.01398
5737 3
1 -0.0270618
2 -0.00213372
3 -0.0139762
5738 3
1 -0.0270641
2 -0.0021344
3 -0.013973
5739 3
1 -0.0270661
2 -0.00213495
3 -0.0139704
5740 3
1 -0.0270676
2 -0.00213538
3 -0.0139683
5741 3
1 -0.0270687
2 -0.0021357
3 -0.0139668
5742 3
1 -0.0270695
2 -0.0021359
3 -0.0139658
5743 3
1 -0.0270698
2 -0.00213598
3 -0.0139654
5744 3
1 -0.0270697
2 -0.00213595
3 -0.0139655
5745 3
1 -0.0270691
2 -0.00213581
3 -0.0139662
5746 3
1 -0.0270681
2 -0.00213555
3 -0.0139675
5747 3
1 -0.0270667
2 -0.00213517
3 -0.0139692
5748 3
1 -0.0270649
2 -0.00213468
3 -0.0139716
5749 3
1 -0.0270626
2 -0.00213407
3 -0.0139744
5750 3
1 -0.0270598
2 -0.00213335
3 -0.0139778
5751 3
1 -0.0270566
2 -0.00213252
3 -0.0139817
5752 3
1 -0.0270529
2 -0.00213157
3 -0.0139861
5753 3
1 -0.0270487
2 -0.00213051
3 -0.013991
5754 3
1 -0.0270441
2 -0.00212934
3 -0.0139965
5755 3
1 -0.027039
2 -0.00212806
3 -0.0140025
5756 3
1 -0.0270334
2 -0.00212667
3 -0.014009
5757 3
1 -0.0270273
2 -0.00212518
3 -0.0140161
5758 3
1 -0.0270208
2 -0.00212358
3 -0.0140236
5759 3
1 -0.0270138
2 -0.00212188
3 -0.0140317
5760 3
1 -0.0270062
2 -0.00212007
3 -0.0140404
5761 3
1 -0.0269982
2 -0.00211817
3 -0.0140495
5762 3
1 -0.0269896
2 -0.00211616
3 -0.0140592
5763 3
1 -0.0269806
2 -0.00211406
3 -0.0140694
5764 3
1 -0.026971
2 -0.00211187
3 -0.0140802
5765 3
1 -0.0269609
2 -0.00210958
3 -0.0140915
5766 3
1 -0.0269503
2 -0.00210719
3 -0.0141034
5767 3
1 -0.0269391
2 -0.00210472
3 -0.0141158
5768 3
1 -0.0269274
2 -0.00210216
3 -0.0141287
5769 3
1 -0.0269152
2 -0.00209951
3 -0.0141422
5770 3
1 -0.0269024
2 -0.00209677
3 -0.0141563
5771 3
1 -0.0268891
2 -0.00209394
3 -0.0141709
5772 3
1 -0.0268753
2 -0.00209103
3 -0.0141861
5773 3
1 -0.026861
2 -0.00208803
3 -0.0142019
5774 3
1 -0.0268461
2 -0.00208494
3 -0.0142182
5775 3
1 -0.0268307
2 -0.00208177
3 -0.0142351
5776 3
1 -0.0268148
2 -0.00207851
3 -0.0142526
5777 3
1 -0.0267983
2 -0.00207517
3 -0.0142706
5778 3
1 -0.0267813
2 -0.00207175
3 -0.0142892
5779 3
1 -0.0267638
2 -0.00206824
3 -0.0143083
5780 3
1 -0.0267457
2 -0.00206466
3 -0.014328
5781 3
1 -0.0267271
2 -0.002061
3 -0.0143483
5782 3
1 -0.0267079
2 -0.00205726
3 -0.0143692
5783 3
1 -0.0266882
2 -0.00205346
3 -0.0143907
5784 3
1 -0.026668
2 -0.0020496
3 -0.0144127
5785 3
1 -0.0266471
2 -0.00204568
3 -0.0144354
5786 3
1 -0.0266257
2 -0.00204171
3 -0.0144586
5787 3
1 -0.0266037
2 -0.00203769
3 -0.0144825
5788 3
1 -0.0265811
2 -0.00203364
3 -0.014507
5789 3
1 -0.0265579
2 -0.00202957
3 -0.0145322
5790 3
1 -0.0265341
2 -0.00202547
3 -0.0145581
5791 3
1 -0.0265098
2 -0.00202137
3 -0.0145847
5792 3
1 -0.0264848
2 -0.00201727
3 -0.0146119
5793 3
1 -0.0264593
2 -0.00201317
3 -0.0146398
5794 3
1 -0.0264331
2 -0.00200907
3 -0.0146683
5795 3
1 -0.0264064
2 -0.00200498
3 -0.0146975
5796 3
1 -0.0263791
2 -0.0020009
3 -0.0147274
5797 3
1 -0.0263512
2 -0.00199683
3 -0.0147579
5798 3
1 -0.0263228
2 -0.00199276
3 -0.0147891
5799 3
1 -0.0262938
2 -0.00198869
3 -0.014821
5800 3
1 -0.0262642
2 -0.00198462
3 -0.0148536
5801 3
1 -0.0262341
2 -0.00198055
3 -0.0148869
5802 3
1 -0.0262035
2 -0.00197649
3 -0.0149209
5803 3
1 -0.0261724
2 -0.00197243
3 -0.0149556
5804 3
1 -0.0261407
2 -0.00196838
3 -0.0149911
5805 3
1 -0.0261085
2 -0.00196434
3 -0.0150273
5806 3
1 -0.0260759
2 -0.0019603
3 -0.0150642
5807 3
1 -0.0260427
2 -0.00195627
3 -0.0151019
5808 3
1 -0.026009
2 -0.00195224
3 -0.0151405
5809 3
1 -0.0259749
2 -0.00194821
3 -0.0151798
5810 3
1 -0.0259402
2 -0.00194417
3 -0.0152199
5811 3
1 -0.025905
2 -0.00194012
3 -0.0152609
5812 3
1 -0.0258694
2 -0.00193606
3 -0.0153027
5813 3
1 -0.0258332
2 -0.00193198
3 -0.0153454
5814 3
1 -0.0257965
2 -0.00192789
3 -0.0153889
5815 3
1 -0.0257594
2 -0.0019238
3 -0.0154334
5816 3
1 -0.0257217
2 -0.0019197
3 -0.0154787
5817 3
1 -0.0256836
2 -0.0019156
3 -0.015525
5818 3
1 -0.0256449
2 -0.00191151
3 -0.0155721
5819 3
1 -0.0256058
2 -0.00190745
3 -0.0156202
5820 3
1 -0.0255662
2 -0.00190342
3 -0.0156692
5821 3
1 -0.025526
2 -0.00189946
3 -0.0157192
5822 3
1 -0.0254854
2 -0.00189558
3 -0.0157701
5823 3
1 -0.0254442
2 -0.0018918
3 -0.0158219
5824 3
1 -0.0254026
2 -0.00188816
3 -0.0158747
5825 3
1 -0.0253605
2 -0.00188467
3 -0.0159284
5826 3
1 -0.0253179
2 -0.00188135
3 -0.015983
5827 3
1 -0.0252749
2 -0.00187819
3 -0.0160386
5828 3
1 -0.0252313
2 -0.00187521
3 -0.016095
5829 3
1 -0.0251873
2 -0.00187238
3 -0.0161524
5830 3
1 -0.0251427
2 -0.0018697
3 -0.0162107
5831 3
1 -0.0250977
2 -0.00186714
3 -0.01627
5832 3
1 -0.0250521
2 -0.00186469
3 -0.0163301
5833 3
1 -0.0250061
2 -0.00186233
3 -0.0163912
5834 3
1 -0.0249595
2 -0.00186003
3 -0.0164533
5835 3
1 -0.0249125
2 -0.00185778
3 -0.0165163
5836 3
1 -0.0248649
2 -0.00185557
3 -0.0165803
5837 3
1 -0.0248168
2 -0.00185339
3 -0.0166452
5838 3
1 -0.0247682
2 -0.00185122
3 -0.0167112
5839 3
1 -0.0247191
2 -0.00184906
3 -0.0167781
5840 3
1 -0.0246694
2 -0.00184692
3 -0.0168461
5841 3
1 -0.0246192
2 -0.00184479
3 -0.016915
5842 3
1 -0.0245685
2 -0.0018427
3 -0.016985
5843 3
1 -0.0245172
2 -0.00184064
3 -0.017056
5844 3
1 -0.0244655
2 -0.00183862
3 -0.0171281
5845 3
1 -0.0244132
2 -0.00183667
3 -0.0172012
5846 3
1 -0.0243605
2 -0.00183478
3 -0.0172755
5847 3
1 -0.0243072
2 -0.00183298
3 -0.0173507
5848 3
1 -0.0242536
2 -0.00183126
3 -0.0174271
5849 3
1 -0.0241994
2 -0.00182964
3 -0.0175046
5850 3
1 -0.0241448
2 -0.00182814
3 -0.0175833
5851 3
1 -0.0240898
2 -0.00182676
3 -0.017663
