# Time-averaged data for fix write_all_momentum
# TimeStep Number-of-rows
# Row c_all_momentum[*]
0 3
1 3.10862e-15
2 1.06581e-14
3 7.10543e-15
2 3
1 2.30926e-14
2 1.06581e-14
3 1.24345e-14
4 3
1 -1.55431e-14
2 -1.06581e-14
3 1.06581e-14
6 3
1 7.99361e-15
2 -2.13163e-14
3 1.59872e-14
8 3
1 2.39808e-14
2 -1.95399e-14
3 1.77636e-14
10 3
1 1.15463e-14
2 7.10543e-15
3 1.77636e-14
12 3
1 3.81917e-14
2 4.44089e-14
3 3.01981e-14
14 3
1 2.79776e-14
2 -1.77636e-14
3 -3.55271e-15
16 3
1 4.17444e-14
2 1.59872e-14
3 2.30926e-14
18 3
1 4.44089e-14
2 -7.10543e-15
3 1.24345e-14
20 3
1 4.35207e-14
2 4.26326e-14
3 2.13163e-14
22 3
1 2.22045e-14
2 1.42109e-14
3 -3.55271e-15
24 3
1 4.57412e-14
2 0
3 7.10543e-15
26 3
1 1.86517e-14
2 1.42109e-14
3 1.77636e-14
28 3
1 4.35207e-14
2 3.55271e-14
3 -5.32907e-15
30 3
1 1.59872e-14
2 2.4869e-14
3 4.9738e-14
32 3
1 1.33227e-15
2 2.84217e-14
3 -1.77636e-15
34 3
1 3.37508e-14
2 2.13163e-14
3 -3.55271e-15
36 3
1 1.82077e-14
2 -7.10543e-15
3 0
38 3
1 9.76996e-15
2 5.32907e-15
3 2.84217e-14
40 3
1 5.72875e-14
2 -3.55271e-15
3 -1.06581e-14
42 3
1 3.77476e-14
2 1.24345e-14
3 2.4869e-14
44 3
1 2.57572e-14
2 -5.32907e-15
3 1.59872e-14
46 3
1 3.86358e-14
2 -1.42109e-14
3 1.95399e-14
48 3
1 3.73035e-14
2 2.84217e-14
3 5.32907e-15
50 3
1 4.04121e-14
2 1.59872e-14
3 -5.32907e-15
52 3
1 3.64153e-14
2 2.13163e-14
3 1.59872e-14
54 3
1 2.22045e-14
2 2.66454e-14
3 -1.06581e-14
56 3
1 2.22045e-14
2 -3.55271e-15
3 -1.77636e-14
58 3
1 3.73035e-14
2 -1.24345e-14
3 2.4869e-14
60 3
1 1.90958e-14
2 -1.77636e-15
3 -2.4869e-14
62 3
1 3.06422e-14
2 2.30926e-14
3 -2.30926e-14
64 3
1 5.37348e-14
2 1.77636e-14
3 -1.77636e-15
66 3
1 6.70575e-14
2 7.10543e-15
3 -3.01981e-14
68 3
1 1.95399e-14
2 3.55271e-14
3 -1.06581e-14
70 3
1 2.79776e-14
2 7.10543e-15
3 -3.19744e-14
72 3
1 2.39808e-14
2 1.24345e-14
3 2.30926e-14
74 3
1 2.22045e-14
2 1.77636e-15
3 -8.88178e-15
76 3
1 4.44089e-14
2 -1.95399e-14
3 3.19744e-14
78 3
1 5.77316e-15
2 1.95399e-14
3 1.42109e-14
80 3
1 5.06262e-14
2 -5.32907e-15
3 -5.32907e-15
82 3
1 3.9968e-14
2 5.32907e-15
3 -1.77636e-15
84 3
1 3.55271e-14
2 1.77636e-15
3 -1.77636e-15
86 3
1 5.15143e-14
2 3.55271e-15
3 8.88178e-15
88 3
1 3.4639e-14
2 8.88178e-15
3 7.10543e-15
90 3
1 4.57412e-14
2 6.03961e-14
3 -2.13163e-14
92 3
1 3.06422e-14
2 7.10543e-15
3 -1.77636e-15
94 3
1 4.04121e-14
2 -7.10543e-15
3 1.59872e-14
96 3
1 3.90799e-14
2 1.77636e-15
3 1.42109e-14
98 3
1 3.5083e-14
2 3.55271e-14
3 -7.10543e-15
100 3
1 5.28466e-14
2 -1.77636e-15
3 -2.84217e-14
102 3
1 5.41789e-14
2 2.66454e-14
3 1.42109e-14
104 3
1 3.77476e-14
2 1.42109e-14
3 -5.32907e-15
106 3
1 4.88498e-14
2 -8.88178e-15
3 3.55271e-15
108 3
1 5.86198e-14
2 1.42109e-14
3 8.88178e-15
110 3
1 4.92939e-14
2 -1.77636e-15
3 -1.77636e-15
112 3
1 5.90639e-14
2 8.88178e-15
3 8.88178e-15
114 3
1 3.28626e-14
2 1.77636e-15
3 1.24345e-14
116 3
1 5.81757e-14
2 -2.30926e-14
3 -4.79616e-14
118 3
1 4.26326e-14
2 7.10543e-15
3 -1.95399e-14
120 3
1 4.88498e-14
2 1.06581e-14
3 -1.42109e-14
122 3
1 3.55271e-14
2 8.88178e-15
3 -1.77636e-14
124 3
1 5.32907e-14
2 1.42109e-14
3 -2.30926e-14
126 3
1 6.83897e-14
2 -1.77636e-15
3 -1.77636e-14
128 3
1 3.64153e-14
2 3.55271e-15
3 -1.77636e-14
130 3
1 6.03961e-14
2 -5.32907e-15
3 1.77636e-15
132 3
1 2.66454e-14
2 -1.95399e-14
3 5.32907e-15
134 3
1 4.44089e-14
2 2.4869e-14
3 -1.06581e-14
136 3
1 5.15143e-14
2 -3.55271e-15
3 -1.59872e-14
138 3
1 4.17444e-14
2 -1.77636e-15
3 -2.30926e-14
140 3
1 6.83897e-14
2 3.55271e-15
3 -7.10543e-15
142 3
1 6.12843e-14
2 -7.10543e-15
3 -1.24345e-14
144 3
1 8.26006e-14
2 1.77636e-14
3 -7.10543e-15
146 3
1 4.9738e-14
2 -7.10543e-15
3 -1.59872e-14
148 3
1 6.12843e-14
2 3.55271e-15
3 1.06581e-14
150 3
1 5.50671e-14
2 -2.4869e-14
3 2.84217e-14
152 3
1 4.79616e-14
2 -2.13163e-14
3 -8.88178e-15
154 3
1 6.92779e-14
2 1.77636e-15
3 3.19744e-14
156 3
1 5.86198e-14
2 -1.59872e-14
3 3.55271e-15
158 3
1 7.10543e-14
2 8.88178e-15
3 -5.32907e-15
160 3
1 1.42109e-14
2 -3.01981e-14
3 -3.01981e-14
162 3
1 6.03961e-14
2 -1.59872e-14
3 -3.73035e-14
164 3
1 7.4607e-14
2 3.55271e-14
3 -1.42109e-14
166 3
1 6.03961e-14
2 1.95399e-14
3 1.59872e-14
168 3
1 8.52651e-14
2 0
3 -2.66454e-14
170 3
1 6.57252e-14
2 -5.32907e-15
3 2.30926e-14
172 3
1 9.32587e-14
2 -5.32907e-15
3 -5.32907e-15
174 3
1 6.83897e-14
2 2.30926e-14
3 -1.06581e-14
176 3
1 6.92779e-14
2 1.59872e-14
3 -7.10543e-15
178 3
1 5.50671e-14
2 3.55271e-15
3 -1.59872e-14
180 3
1 6.30607e-14
2 -3.55271e-15
3 0
182 3
1 7.4607e-14
2 1.24345e-14
3 -2.4869e-14
184 3
1 7.81597e-14
2 1.24345e-14
3 2.13163e-14
186 3
1 7.63833e-14
2 1.06581e-14
3 3.55271e-15
188 3
1 8.88178e-14
2 -7.10543e-15
3 -2.13163e-14
190 3
1 5.32907e-14
2 2.13163e-14
3 5.32907e-15
192 3
1 7.10543e-14
2 1.42109e-14
3 3.55271e-15
194 3
1 8.9706e-14
2 1.77636e-14
3 -7.10543e-15
196 3
1 9.23706e-14
2 2.84217e-14
3 -8.88178e-15
198 3
1 6.4837e-14
2 4.9738e-14
3 -3.01981e-14
200 3
1 6.4837e-14
2 7.10543e-15
3 -1.24345e-14
202 3
1 5.55112e-14
2 1.77636e-15
3 -3.37508e-14
204 3
1 5.59552e-14
2 2.30926e-14
3 -3.73035e-14
206 3
1 6.4837e-14
2 3.55271e-15
3 -3.90799e-14
208 3
1 6.30607e-14
2 1.24345e-14
3 -4.08562e-14
210 3
1 6.21725e-14
2 0
3 0
212 3
1 5.32907e-14
2 2.13163e-14
3 -5.50671e-14
214 3
1 9.59233e-14
2 -5.32907e-15
3 -3.19744e-14
216 3
1 4.52971e-14
2 -1.59872e-14
3 -1.95399e-14
218 3
1 7.37188e-14
2 1.59872e-14
3 -1.77636e-15
220 3
1 6.39488e-14
2 2.13163e-14
3 -6.57252e-14
222 3
1 6.57252e-14
2 7.10543e-15
3 -3.19744e-14
224 3
1 7.10543e-14
2 4.26326e-14
3 -2.30926e-14
226 3
1 6.30607e-14
2 -5.32907e-15
3 -3.90799e-14
228 3
1 5.86198e-14
2 2.13163e-14
3 -3.55271e-15
230 3
1 6.92779e-14
2 3.19744e-14
3 -2.84217e-14
232 3
1 6.30607e-14
2 4.08562e-14
3 -2.66454e-14
234 3
1 8.52651e-14
2 1.42109e-14
3 -1.77636e-14
236 3
1 8.70415e-14
2 2.66454e-14
3 -4.08562e-14
238 3
1 5.24025e-14
2 3.37508e-14
3 -1.06581e-14
240 3
1 6.03961e-14
2 6.03961e-14
3 -1.42109e-14
242 3
1 7.28306e-14
2 3.19744e-14
3 -2.66454e-14
244 3
1 7.99361e-14
2 4.44089e-14
3 1.06581e-14
246 3
1 8.34888e-14
2 1.42109e-14
3 -1.24345e-14
248 3
1 6.03961e-14
2 1.95399e-14
3 -2.84217e-14
250 3
1 6.92779e-14
2 3.90799e-14
3 -2.13163e-14
252 3
1 6.4837e-14
2 4.61853e-14
3 -6.03961e-14
254 3
1 6.39488e-14
2 3.55271e-14
3 0
256 3
1 1.08358e-13
2 3.55271e-14
3 -2.66454e-14
258 3
1 4.79616e-14
2 5.32907e-14
3 -1.24345e-14
260 3
1 6.21725e-14
2 3.55271e-14
3 -5.15143e-14
262 3
1 5.32907e-14
2 1.95399e-14
3 -3.37508e-14
264 3
1 9.59233e-14
2 4.08562e-14
3 -4.61853e-14
266 3
1 7.10543e-14
2 5.32907e-14
3 -3.19744e-14
268 3
1 4.26326e-14
2 1.06581e-14
3 -5.32907e-14
270 3
1 4.08562e-14
2 5.86198e-14
3 -4.26326e-14
272 3
1 5.06262e-14
2 1.95399e-14
3 -3.90799e-14
274 3
1 7.81597e-14
2 2.30926e-14
3 -3.73035e-14
276 3
1 3.55271e-14
2 6.57252e-14
3 -5.68434e-14
278 3
1 6.57252e-14
2 3.90799e-14
3 -4.61853e-14
280 3
1 6.92779e-14
2 4.26326e-14
3 -4.08562e-14
282 3
1 8.52651e-14
2 4.61853e-14
3 -2.30926e-14
284 3
1 5.41789e-14
2 4.08562e-14
3 -2.84217e-14
286 3
1 4.44089e-14
2 6.39488e-14
3 -2.66454e-14
288 3
1 7.19425e-14
2 4.79616e-14
3 -5.68434e-14
290 3
1 6.57252e-14
2 3.55271e-14
3 -3.90799e-14
292 3
1 8.52651e-14
2 2.84217e-14
3 -1.77636e-14
294 3
1 5.41789e-14
2 5.15143e-14
3 -4.9738e-14
296 3
1 9.76996e-14
2 5.68434e-14
3 -4.9738e-14
298 3
1 6.21725e-14
2 5.32907e-14
3 -3.01981e-14
300 3
1 6.03961e-14
2 3.90799e-14
3 -3.37508e-14
302 3
1 4.61853e-14
2 5.86198e-14
3 -3.73035e-14
304 3
1 1.13687e-13
2 1.59872e-14
3 -3.90799e-14
306 3
1 7.81597e-14
2 3.90799e-14
3 -4.61853e-14
308 3
1 7.72715e-14
2 5.15143e-14
3 -3.90799e-14
310 3
1 8.70415e-14
2 7.4607e-14
3 -5.68434e-14
312 3
1 6.75016e-14
2 1.01252e-13
3 -5.68434e-14
314 3
1 6.4837e-14
2 6.57252e-14
3 -3.37508e-14
316 3
1 8.26006e-14
2 6.92779e-14
3 -3.73035e-14
318 3
1 7.19425e-14
2 3.90799e-14
3 -4.61853e-14
320 3
1 8.17124e-14
2 6.39488e-14
3 -1.42109e-14
322 3
1 8.61533e-14
2 2.4869e-14
3 -5.68434e-14
324 3
1 8.08242e-14
2 4.44089e-14
3 -2.66454e-14
326 3
1 7.63833e-14
2 2.84217e-14
3 -1.42109e-14
328 3
1 4.08562e-14
2 1.95399e-14
3 -3.90799e-14
330 3
1 5.86198e-14
2 5.15143e-14
3 -4.9738e-14
332 3
1 7.54952e-14
2 3.19744e-14
3 -4.26326e-14
334 3
1 5.06262e-14
2 2.4869e-14
3 -3.19744e-14
336 3
1 8.43769e-14
2 6.03961e-14
3 -3.19744e-14
338 3
1 7.28306e-14
2 2.66454e-14
3 -2.84217e-14
340 3
1 6.03961e-14
2 3.90799e-14
3 -1.59872e-14
342 3
1 9.41469e-14
2 3.55271e-14
3 -2.4869e-14
344 3
1 3.90799e-14
2 2.13163e-14
3 -4.44089e-14
346 3
1 5.59552e-14
2 3.37508e-14
3 -1.06581e-14
348 3
1 7.37188e-14
2 1.42109e-14
3 -4.26326e-14
350 3
1 4.88498e-14
2 4.26326e-14
3 -1.42109e-14
352 3
1 7.10543e-14
2 4.08562e-14
3 -1.95399e-14
354 3
1 5.06262e-14
2 2.4869e-14
3 -5.32907e-14
356 3
1 3.90799e-14
2 3.01981e-14
3 -4.61853e-14
358 3
1 5.68434e-14
2 4.26326e-14
3 -1.24345e-14
360 3
1 5.32907e-14
2 2.84217e-14
3 -1.59872e-14
362 3
1 5.06262e-14
2 2.84217e-14
3 -2.66454e-14
364 3
1 3.19744e-14
2 4.9738e-14
3 -3.90799e-14
366 3
1 5.41789e-14
2 4.44089e-14
3 -4.9738e-14
368 3
1 5.68434e-14
2 1.59872e-14
3 -5.68434e-14
370 3
1 5.50671e-14
2 2.84217e-14
3 -2.30926e-14
372 3
1 8.88178e-15
2 4.08562e-14
3 -3.90799e-14
374 3
1 8.17124e-14
2 3.73035e-14
3 -1.77636e-15
376 3
1 2.30926e-14
2 2.13163e-14
3 -1.77636e-15
378 3
1 4.08562e-14
2 2.13163e-14
3 -2.13163e-14
380 3
1 3.73035e-14
2 4.08562e-14
3 -3.01981e-14
382 3
1 3.64153e-14
2 2.84217e-14
3 -5.68434e-14
384 3
1 5.86198e-14
2 2.84217e-14
3 -5.86198e-14
386 3
1 7.81597e-14
2 2.30926e-14
3 -5.50671e-14
388 3
1 3.90799e-14
2 1.77636e-14
3 -5.32907e-14
390 3
1 6.03961e-14
2 1.77636e-15
3 -3.55271e-14
392 3
1 7.28306e-14
2 3.90799e-14
3 -1.24345e-14
394 3
1 5.86198e-14
2 4.26326e-14
3 -3.55271e-14
396 3
1 4.61853e-14
2 2.84217e-14
3 -4.61853e-14
398 3
1 9.05942e-14
2 3.37508e-14
3 -6.03961e-14
400 3
1 8.17124e-14
2 3.19744e-14
3 -2.4869e-14
402 3
1 6.21725e-14
2 1.59872e-14
3 -3.55271e-14
404 3
1 4.61853e-14
2 4.44089e-14
3 -3.90799e-14
406 3
1 5.68434e-14
2 3.19744e-14
3 -4.9738e-14
408 3
1 4.17444e-14
2 2.13163e-14
3 -4.79616e-14
410 3
1 5.86198e-14
2 3.37508e-14
3 -6.57252e-14
412 3
1 7.63833e-14
2 1.59872e-14
3 -4.26326e-14
414 3
1 7.72715e-14
2 2.13163e-14
3 -2.84217e-14
416 3
1 5.9508e-14
2 -5.32907e-15
3 -5.86198e-14
418 3
1 7.54952e-14
2 1.42109e-14
3 -5.68434e-14
420 3
1 4.9738e-14
2 6.75016e-14
3 -5.86198e-14
422 3
1 3.81917e-14
2 3.90799e-14
3 -4.9738e-14
424 3
1 4.26326e-14
2 1.95399e-14
3 -5.32907e-14
426 3
1 6.21725e-14
2 2.84217e-14
3 -4.44089e-14
428 3
1 5.59552e-14
2 1.24345e-14
3 -6.39488e-14
430 3
1 5.15143e-14
2 1.77636e-14
3 -4.26326e-14
432 3
1 7.99361e-14
2 7.10543e-15
3 -2.30926e-14
434 3
1 5.50671e-14
2 4.61853e-14
3 -2.66454e-14
436 3
1 8.08242e-14
2 3.55271e-14
3 -6.39488e-14
438 3
1 5.24025e-14
2 2.84217e-14
3 -5.50671e-14
440 3
1 5.15143e-14
2 4.79616e-14
3 -4.79616e-14
442 3
1 5.59552e-14
2 7.10543e-15
3 -2.13163e-14
444 3
1 4.9738e-14
2 3.19744e-14
3 -4.26326e-14
446 3
1 5.06262e-14
2 3.90799e-14
3 -4.44089e-14
448 3
1 6.75016e-14
2 2.84217e-14
3 -6.57252e-14
450 3
1 3.37508e-14
2 8.88178e-15
3 -4.9738e-14
452 3
1 5.24025e-14
2 3.19744e-14
3 -6.39488e-14
454 3
1 5.32907e-14
2 1.59872e-14
3 -2.84217e-14
456 3
1 5.68434e-14
2 8.88178e-15
3 -1.59872e-14
458 3
1 4.17444e-14
2 1.95399e-14
3 -6.03961e-14
460 3
1 5.50671e-14
2 1.95399e-14
3 -3.55271e-14
462 3
1 7.54952e-14
2 2.30926e-14
3 -6.03961e-14
464 3
1 6.21725e-14
2 4.79616e-14
3 -8.70415e-14
466 3
1 3.73035e-14
2 2.66454e-14
3 -4.26326e-14
468 3
1 1.04805e-13
2 3.37508e-14
3 -5.68434e-14
470 3
1 5.06262e-14
2 1.77636e-14
3 -3.37508e-14
472 3
1 5.9508e-14
2 5.32907e-14
3 -6.03961e-14
474 3
1 7.19425e-14
2 2.4869e-14
3 -2.66454e-14
476 3
1 8.17124e-14
2 4.9738e-14
3 -4.61853e-14
478 3
1 6.57252e-14
2 2.84217e-14
3 -5.15143e-14
480 3
1 8.52651e-14
2 -1.77636e-15
3 -4.61853e-14
482 3
1 4.17444e-14
2 6.75016e-14
3 -1.95399e-14
484 3
1 6.21725e-14
2 3.01981e-14
3 -1.77636e-15
486 3
1 5.24025e-14
2 1.06581e-14
3 -3.73035e-14
488 3
1 5.32907e-14
2 4.26326e-14
3 -7.10543e-14
490 3
1 6.92779e-14
2 4.44089e-14
3 -6.57252e-14
492 3
1 8.79297e-14
2 2.30926e-14
3 -4.26326e-14
494 3
1 5.50671e-14
2 7.4607e-14
3 -5.50671e-14
496 3
1 5.32907e-14
2 3.90799e-14
3 -7.4607e-14
498 3
1 6.75016e-14
2 4.26326e-14
3 -5.68434e-14
500 3
1 6.12843e-14
2 1.42109e-14
3 -3.19744e-14
502 3
1 6.39488e-14
2 3.90799e-14
3 -3.19744e-14
504 3
1 6.30607e-14
2 6.03961e-14
3 -5.15143e-14
506 3
1 7.4607e-14
2 4.61853e-14
3 -2.84217e-14
508 3
1 6.75016e-14
2 4.44089e-14
3 -4.61853e-14
510 3
1 6.75016e-14
2 3.90799e-14
3 -5.68434e-14
512 3
1 4.9738e-14
2 5.68434e-14
3 -4.08562e-14
514 3
1 5.68434e-14
2 1.42109e-14
3 -7.4607e-14
516 3
1 5.86198e-14
2 4.26326e-14
3 -6.03961e-14
518 3
1 7.4607e-14
2 1.95399e-14
3 -7.81597e-14
520 3
1 5.68434e-14
2 7.28306e-14
3 -4.79616e-14
522 3
1 7.81597e-14
2 4.79616e-14
3 -6.03961e-14
524 3
1 5.77316e-14
2 5.32907e-14
3 -5.15143e-14
526 3
1 5.9508e-14
2 5.86198e-14
3 -6.92779e-14
528 3
1 7.99361e-14
2 5.15143e-14
3 -7.99361e-14
530 3
1 5.24025e-14
2 4.61853e-14
3 -6.57252e-14
532 3
1 4.44089e-14
2 6.39488e-14
3 -6.21725e-14
534 3
1 5.50671e-14
2 6.75016e-14
3 -6.03961e-14
536 3
1 6.75016e-14
2 3.37508e-14
3 -7.63833e-14
538 3
1 8.88178e-14
2 4.61853e-14
3 -2.4869e-14
540 3
1 7.28306e-14
2 3.55271e-14
3 -6.75016e-14
542 3
1 5.06262e-14
2 7.63833e-14
3 -5.15143e-14
544 3
1 7.19425e-14
2 2.66454e-14
3 -5.50671e-14
546 3
1 9.23706e-14
2 5.32907e-14
3 -4.08562e-14
548 3
1 5.86198e-14
2 6.57252e-14
3 -7.81597e-14
550 3
1 7.72715e-14
2 5.50671e-14
3 -3.01981e-14
552 3
1 1.03917e-13
2 6.21725e-14
3 -6.39488e-14
554 3
1 6.75016e-14
2 5.50671e-14
3 -3.73035e-14
556 3
1 7.99361e-14
2 5.68434e-14
3 -4.08562e-14
558 3
1 2.13163e-14
2 4.26326e-14
3 -3.37508e-14
560 3
1 7.01661e-14
2 4.44089e-14
3 -2.13163e-14
562 3
1 7.99361e-14
2 4.79616e-14
3 -3.90799e-14
564 3
1 9.76996e-14
2 4.9738e-14
3 -4.79616e-14
566 3
1 8.34888e-14
2 3.55271e-14
3 -3.55271e-14
568 3
1 6.57252e-14
2 3.90799e-14
3 -4.26326e-14
570 3
1 9.23706e-14
2 6.03961e-14
3 -7.10543e-14
572 3
1 1.04805e-13
2 5.50671e-14
3 -3.19744e-14
574 3
1 8.26006e-14
2 6.21725e-14
3 -6.03961e-14
576 3
1 8.88178e-14
2 7.81597e-14
3 -1.77636e-14
578 3
1 7.10543e-14
2 6.21725e-14
3 -3.73035e-14
580 3
1 9.50351e-14
2 9.41469e-14
3 -5.15143e-14
582 3
1 6.83897e-14
2 6.03961e-14
3 -6.39488e-14
584 3
1 1.08358e-13
2 7.81597e-14
3 -6.92779e-14
586 3
1 6.39488e-14
2 7.81597e-14
3 -7.28306e-14
588 3
1 8.34888e-14
2 3.55271e-14
3 -1.95399e-14
590 3
1 7.63833e-14
2 8.17124e-14
3 -4.79616e-14
592 3
1 8.9706e-14
2 6.92779e-14
3 -4.08562e-14
594 3
1 8.9706e-14
2 6.03961e-14
3 -7.99361e-14
596 3
1 9.68114e-14
2 5.50671e-14
3 -7.28306e-14
598 3
1 5.50671e-14
2 8.88178e-14
3 -5.68434e-14
600 3
1 7.37188e-14
2 7.99361e-14
3 -4.79616e-14
602 3
1 8.34888e-14
2 6.39488e-14
3 -6.75016e-14
604 3
1 6.21725e-14
2 7.28306e-14
3 -7.10543e-14
606 3
1 6.03961e-14
2 6.92779e-14
3 -1.59872e-14
608 3
1 6.92779e-14
2 7.28306e-14
3 -3.90799e-14
610 3
1 7.63833e-14
2 6.39488e-14
3 -4.61853e-14
612 3
1 8.88178e-14
2 4.9738e-14
3 -4.79616e-14
614 3
1 7.4607e-14
2 6.92779e-14
3 -7.28306e-14
616 3
1 6.12843e-14
2 7.63833e-14
3 -5.15143e-14
618 3
1 9.9476e-14
2 7.63833e-14
3 -4.08562e-14
620 3
1 8.70415e-14
2 7.63833e-14
3 -6.21725e-14
622 3
1 8.70415e-14
2 7.81597e-14
3 -5.32907e-14
624 3
1 9.68114e-14
2 6.92779e-14
3 -9.05942e-14
626 3
1 9.68114e-14
2 5.68434e-14
3 -4.08562e-14
628 3
1 7.54952e-14
2 7.81597e-14
3 -7.63833e-14
630 3
1 7.99361e-14
2 6.57252e-14
3 -7.63833e-14
632 3
1 7.99361e-14
2 8.52651e-14
3 -6.39488e-14
634 3
1 9.23706e-14
2 8.17124e-14
3 -5.68434e-14
636 3
1 8.43769e-14
2 1.15463e-13
3 -7.63833e-14
638 3
1 8.9706e-14
2 9.23706e-14
3 -6.21725e-14
640 3
1 9.05942e-14
2 1.04805e-13
3 -6.39488e-14
642 3
1 5.59552e-14
2 1.06581e-13
3 -7.99361e-14
644 3
1 1.08358e-13
2 1.03029e-13
3 -9.9476e-14
646 3
1 6.21725e-14
2 1.06581e-13
3 -1.13687e-13
648 3
1 5.41789e-14
2 6.03961e-14
3 -9.05942e-14
650 3
1 8.43769e-14
2 1.08358e-13
3 -5.86198e-14
652 3
1 9.68114e-14
2 7.63833e-14
3 -6.57252e-14
654 3
1 7.99361e-14
2 7.81597e-14
3 -6.21725e-14
656 3
1 8.61533e-14
2 1.10134e-13
3 -3.37508e-14
658 3
1 9.9476e-14
2 8.88178e-14
3 -4.9738e-14
660 3
1 9.59233e-14
2 9.59233e-14
3 -4.26326e-14
662 3
1 9.50351e-14
2 1.06581e-13
3 -4.44089e-14
664 3
1 9.50351e-14
2 1.04805e-13
3 -5.68434e-14
666 3
1 6.92779e-14
2 1.13687e-13
3 -6.39488e-14
668 3
1 9.76996e-14
2 1.29674e-13
3 -8.17124e-14
670 3
1 1.09246e-13
2 8.88178e-14
3 -5.50671e-14
672 3
1 1.02141e-13
2 1.08358e-13
3 -6.39488e-14
674 3
1 1.29674e-13
2 9.41469e-14
3 -5.86198e-14
676 3
1 1.03029e-13
2 7.28306e-14
3 -8.70415e-14
678 3
1 9.23706e-14
2 8.34888e-14
3 -9.59233e-14
680 3
1 1.09246e-13
2 1.10134e-13
3 -6.21725e-14
682 3
1 1.04805e-13
2 1.24345e-13
3 -5.15143e-14
684 3
1 1.04805e-13
2 1.03029e-13
3 -6.75016e-14
686 3
1 8.61533e-14
2 1.03029e-13
3 -6.39488e-14
688 3
1 8.52651e-14
2 8.70415e-14
3 -4.26326e-14
690 3
1 9.41469e-14
2 1.10134e-13
3 -5.32907e-14
692 3
1 1.18128e-13
2 1.13687e-13
3 -8.52651e-14
694 3
1 1.18128e-13
2 1.20792e-13
3 -7.10543e-14
696 3
1 8.34888e-14
2 1.29674e-13
3 -7.81597e-14
698 3
1 9.9476e-14
2 1.1724e-13
3 -8.17124e-14
700 3
1 1.06581e-13
2 7.10543e-14
3 -6.75016e-14
702 3
1 1.33227e-13
2 8.52651e-14
3 -7.63833e-14
704 3
1 1.3145e-13
2 1.22569e-13
3 -6.21725e-14
706 3
1 9.23706e-14
2 1.3145e-13
3 -8.17124e-14
708 3
1 1.2701e-13
2 1.1724e-13
3 -7.10543e-14
710 3
1 1.15463e-13
2 9.05942e-14
3 -7.99361e-14
712 3
1 1.08358e-13
2 1.22569e-13
3 -7.4607e-14
714 3
1 1.25233e-13
2 1.1724e-13
3 -7.10543e-14
716 3
1 1.35003e-13
2 1.08358e-13
3 -5.15143e-14
718 3
1 1.2168e-13
2 1.33227e-13
3 -6.57252e-14
720 3
1 1.26121e-13
2 1.03029e-13
3 -6.39488e-14
722 3
1 1.10134e-13
2 1.24345e-13
3 -3.90799e-14
724 3
1 1.6076e-13
2 1.20792e-13
3 -5.86198e-14
726 3
1 1.45661e-13
2 1.15463e-13
3 -2.84217e-14
728 3
1 1.2168e-13
2 7.81597e-14
3 -6.03961e-14
730 3
1 1.19904e-13
2 1.35003e-13
3 -5.15143e-14
732 3
1 1.19016e-13
2 1.36779e-13
3 -6.39488e-14
734 3
1 1.27898e-13
2 1.1724e-13
3 -6.39488e-14
736 3
1 1.03917e-13
2 7.10543e-14
3 -8.17124e-14
738 3
1 1.28786e-13
2 9.59233e-14
3 -4.9738e-14
740 3
1 1.30562e-13
2 1.06581e-13
3 -3.73035e-14
742 3
1 1.24345e-13
2 1.04805e-13
3 -6.39488e-14
744 3
1 1.42109e-13
2 8.88178e-14
3 -7.63833e-14
746 3
1 1.2168e-13
2 1.20792e-13
3 -5.50671e-14
748 3
1 1.51879e-13
2 8.88178e-14
3 -7.81597e-14
750 3
1 1.39444e-13
2 1.06581e-13
3 -7.10543e-14
752 3
1 8.88178e-14
2 9.59233e-14
3 -6.75016e-14
754 3
1 9.32587e-14
2 1.1191e-13
3 -8.88178e-14
756 3
1 7.4607e-14
2 9.41469e-14
3 -2.30926e-14
758 3
1 1.38556e-13
2 7.81597e-14
3 -7.10543e-14
760 3
1 9.23706e-14
2 8.34888e-14
3 -8.70415e-14
762 3
1 1.36779e-13
2 9.23706e-14
3 -7.63833e-14
764 3
1 1.20792e-13
2 7.81597e-14
3 -3.73035e-14
766 3
1 1.15463e-13
2 1.04805e-13
3 -6.57252e-14
768 3
1 9.68114e-14
2 8.70415e-14
3 -7.81597e-14
770 3
1 7.81597e-14
2 1.04805e-13
3 -5.86198e-14
772 3
1 1.14575e-13
2 1.13687e-13
3 -4.79616e-14
774 3
1 1.09246e-13
2 8.88178e-14
3 -4.08562e-14
776 3
1 8.9706e-14
2 1.01252e-13
3 -3.55271e-14
778 3
1 1.2168e-13
2 8.34888e-14
3 -4.9738e-14
780 3
1 7.01661e-14
2 1.04805e-13
3 -7.81597e-14
782 3
1 1.18128e-13
2 1.13687e-13
3 -7.4607e-14
784 3
1 9.50351e-14
2 1.15463e-13
3 -3.55271e-14
786 3
1 1.02141e-13
2 1.03029e-13
3 -7.10543e-14
788 3
1 8.88178e-14
2 1.01252e-13
3 -6.92779e-14
790 3
1 9.05942e-14
2 9.9476e-14
3 -7.10543e-14
792 3
1 1.32339e-13
2 1.24345e-13
3 -6.92779e-14
794 3
1 1.04805e-13
2 1.15463e-13
3 -7.4607e-14
796 3
1 1.08358e-13
2 1.29674e-13
3 -7.10543e-14
798 3
1 9.23706e-14
2 9.9476e-14
3 -7.4607e-14
800 3
1 1.34115e-13
2 1.3145e-13
3 -5.86198e-14
802 3
1 1.2701e-13
2 8.17124e-14
3 -9.9476e-14
804 3
1 9.76996e-14
2 1.08358e-13
3 -1.06581e-13
806 3
1 1.29674e-13
2 1.10134e-13
3 -7.99361e-14
808 3
1 1.01252e-13
2 1.10134e-13
3 -9.9476e-14
810 3
1 1.08358e-13
2 1.15463e-13
3 -1.03029e-13
812 3
1 1.04805e-13
2 1.10134e-13
3 -9.23706e-14
814 3
1 1.02141e-13
2 8.34888e-14
3 -8.52651e-14
816 3
1 1.45661e-13
2 7.81597e-14
3 -8.88178e-14
818 3
1 1.10134e-13
2 1.13687e-13
3 -5.15143e-14
820 3
1 1.44773e-13
2 1.10134e-13
3 -6.39488e-14
822 3
1 1.3145e-13
2 1.24345e-13
3 -6.39488e-14
824 3
1 1.00364e-13
2 1.13687e-13
3 -5.86198e-14
826 3
1 1.36779e-13
2 1.19016e-13
3 -6.39488e-14
828 3
1 1.19016e-13
2 8.88178e-14
3 -6.21725e-14
830 3
1 1.16351e-13
2 8.88178e-14
3 -7.63833e-14
832 3
1 1.40332e-13
2 8.17124e-14
3 -9.41469e-14
834 3
1 1.08358e-13
2 7.28306e-14
3 -6.39488e-14
836 3
1 1.46549e-13
2 1.08358e-13
3 -6.75016e-14
838 3
1 1.19016e-13
2 1.1191e-13
3 -8.70415e-14
840 3
1 1.10134e-13
2 1.1724e-13
3 -6.92779e-14
842 3
1 1.53655e-13
2 8.88178e-14
3 -8.34888e-14
844 3
1 1.29674e-13
2 8.52651e-14
3 -9.76996e-14
846 3
1 1.33227e-13
2 1.10134e-13
3 -6.03961e-14
848 3
1 1.04805e-13
2 1.03029e-13
3 -7.28306e-14
850 3
1 1.22569e-13
2 9.9476e-14
3 -6.39488e-14
852 3
1 1.5099e-13
2 1.01252e-13
3 -9.41469e-14
854 3
1 1.1724e-13
2 1.06581e-13
3 -1.10134e-13
856 3
1 1.38556e-13
2 8.88178e-14
3 -1.04805e-13
858 3
1 1.38556e-13
2 8.70415e-14
3 -1.04805e-13
860 3
1 1.12799e-13
2 1.22569e-13
3 -8.34888e-14
862 3
1 1.52767e-13
2 9.41469e-14
3 -1.06581e-13
864 3
1 1.35003e-13
2 1.03029e-13
3 -8.17124e-14
866 3
1 1.09246e-13
2 1.13687e-13
3 -6.92779e-14
868 3
1 1.36779e-13
2 9.05942e-14
3 -7.81597e-14
870 3
1 1.23457e-13
2 1.1724e-13
3 -8.88178e-14
872 3
1 1.18128e-13
2 8.52651e-14
3 -8.70415e-14
874 3
1 1.06581e-13
2 1.1191e-13
3 -9.59233e-14
876 3
1 1.4122e-13
2 1.06581e-13
3 -8.88178e-14
878 3
1 1.28786e-13
2 8.52651e-14
3 -9.9476e-14
880 3
1 1.20792e-13
2 1.1191e-13
3 -1.06581e-13
882 3
1 1.1724e-13
2 8.70415e-14
3 -1.06581e-13
884 3
1 8.08242e-14
2 9.9476e-14
3 -9.23706e-14
886 3
1 7.4607e-14
2 8.88178e-14
3 -1.08358e-13
888 3
1 1.30562e-13
2 1.1191e-13
3 -1.06581e-13
890 3
1 1.1191e-13
2 8.70415e-14
3 -9.23706e-14
892 3
1 9.14824e-14
2 6.03961e-14
3 -6.57252e-14
894 3
1 1.40332e-13
2 8.52651e-14
3 -1.27898e-13
896 3
1 1.53655e-13
2 1.24345e-13
3 -8.17124e-14
898 3
1 9.14824e-14
2 5.68434e-14
3 -1.10134e-13
900 3
1 1.06581e-13
2 1.01252e-13
3 -8.34888e-14
902 3
1 1.33227e-13
2 1.24345e-13
3 -1.01252e-13
904 3
1 1.44773e-13
2 1.01252e-13
3 -9.41469e-14
906 3
1 1.22569e-13
2 9.76996e-14
3 -9.59233e-14
908 3
1 1.27898e-13
2 4.61853e-14
3 -7.63833e-14
910 3
1 1.35891e-13
2 7.81597e-14
3 -8.17124e-14
912 3
1 1.29674e-13
2 1.15463e-13
3 -9.76996e-14
914 3
1 1.1724e-13
2 1.19016e-13
3 -9.59233e-14
916 3
1 1.22569e-13
2 1.1724e-13
3 -7.81597e-14
918 3
1 1.52767e-13
2 7.4607e-14
3 -9.05942e-14
920 3
1 1.34115e-13
2 1.1724e-13
3 -8.52651e-14
922 3
1 1.12799e-13
2 8.70415e-14
3 -8.88178e-14
924 3
1 1.44773e-13
2 7.4607e-14
3 -7.28306e-14
926 3
1 1.51879e-13
2 8.17124e-14
3 -7.10543e-14
928 3
1 1.57208e-13
2 8.17124e-14
3 -1.06581e-13
930 3
1 1.11022e-13
2 1.04805e-13
3 -9.59233e-14
932 3
1 1.44773e-13
2 1.10134e-13
3 -6.92779e-14
934 3
1 1.43885e-13
2 1.1191e-13
3 -6.03961e-14
936 3
1 1.63425e-13
2 9.23706e-14
3 -7.99361e-14
938 3
1 1.24345e-13
2 6.75016e-14
3 -9.76996e-14
940 3
1 1.40332e-13
2 1.03029e-13
3 -8.70415e-14
942 3
1 1.49214e-13
2 8.52651e-14
3 -4.79616e-14
944 3
1 1.42109e-13
2 8.88178e-14
3 -1.01252e-13
946 3
1 1.53655e-13
2 7.81597e-14
3 -5.32907e-14
948 3
1 1.3145e-13
2 1.1191e-13
3 -9.05942e-14
950 3
1 1.55431e-13
2 8.34888e-14
3 -8.43769e-14
952 3
1 1.53655e-13
2 1.08358e-13
3 -1.1191e-13
954 3
1 1.35003e-13
2 6.75016e-14
3 -5.50671e-14
956 3
1 1.33671e-13
2 9.76996e-14
3 -2.66454e-14
958 3
1 1.1724e-13
2 8.17124e-14
3 -5.32907e-14
960 3
1 1.5099e-13
2 7.10543e-14
3 -8.34888e-14
962 3
1 1.40332e-13
2 1.06581e-13
3 -5.32907e-14
964 3
1 1.59428e-13
2 1.03029e-13
3 -4.9738e-14
966 3
1 1.74971e-13
2 8.17124e-14
3 -5.86198e-14
968 3
1 1.64757e-13
2 8.52651e-14
3 -8.43769e-14
970 3
1 1.46105e-13
2 8.70415e-14
3 -5.9508e-14
972 3
1 1.65645e-13
2 6.21725e-14
3 -8.17124e-14
974 3
1 1.45217e-13
2 7.63833e-14
3 -6.75016e-14
976 3
1 1.36779e-13
2 1.06581e-13
3 -5.68434e-14
978 3
1 1.25233e-13
2 8.34888e-14
3 -6.03961e-14
980 3
1 1.56763e-13
2 7.28306e-14
3 -5.86198e-14
982 3
1 1.49214e-13
2 5.50671e-14
3 -8.61533e-14
984 3
1 1.51879e-13
2 1.3145e-13
3 -5.50671e-14
986 3
1 1.35447e-13
2 6.92779e-14
3 -8.52651e-14
988 3
1 1.63869e-13
2 6.75016e-14
3 -8.34888e-14
990 3
1 1.61648e-13
2 5.86198e-14
3 -6.57252e-14
992 3
1 1.74527e-13
2 1.10134e-13
3 -5.9508e-14
994 3
1 1.82077e-13
2 8.70415e-14
3 -7.90479e-14
996 3
1 1.42997e-13
2 1.01252e-13
3 -7.81597e-14
998 3
1 1.48326e-13
2 7.4607e-14
3 -5.86198e-14
1000 3
1 1.44773e-13
2 6.39488e-14
3 -7.10543e-14
1002 3
1 1.43441e-13
2 6.03961e-14
3 -8.34888e-14
1004 3
1 1.26121e-13
2 6.92779e-14
3 -7.10543e-14
1006 3
1 1.32339e-13
2 8.17124e-14
3 -4.79616e-14
1008 3
1 1.83409e-13
2 7.99361e-14
3 -7.4607e-14
1010 3
1 1.89626e-13
2 6.57252e-14
3 -4.79616e-14
1012 3
1 1.44773e-13
2 9.9476e-14
3 -6.75016e-14
1014 3
1 1.72307e-13
2 6.39488e-14
3 -8.17124e-14
1016 3
1 1.64313e-13
2 6.92779e-14
3 -5.68434e-14
1018 3
1 1.55431e-13
2 8.70415e-14
3 -9.23706e-14
1020 3
1 1.79412e-13
2 9.59233e-14
3 -7.99361e-14
1022 3
1 1.78968e-13
2 6.21725e-14
3 -6.21725e-14
1024 3
1 1.9007e-13
2 6.92779e-14
3 -7.99361e-14
1026 3
1 1.59428e-13
2 1.22569e-13
3 -6.03961e-14
1028 3
1 1.61204e-13
2 9.05942e-14
3 -6.21725e-14
1030 3
1 1.74083e-13
2 8.34888e-14
3 -6.75016e-14
1032 3
1 1.95843e-13
2 7.81597e-14
3 -8.17124e-14
1034 3
1 1.55875e-13
2 7.81597e-14
3 -6.03961e-14
1036 3
1 1.89182e-13
2 8.88178e-14
3 -9.9476e-14
1038 3
1 1.63869e-13
2 8.17124e-14
3 -7.28306e-14
1040 3
1 1.7053e-13
2 7.99361e-14
3 -3.55271e-14
1042 3
1 1.98508e-13
2 7.10543e-14
3 -5.86198e-14
1044 3
1 1.41664e-13
2 9.23706e-14
3 -6.39488e-14
1046 3
1 1.54543e-13
2 9.9476e-14
3 -5.32907e-14
1048 3
1 1.5099e-13
2 1.03029e-13
3 -5.68434e-14
1050 3
1 1.68754e-13
2 1.15463e-13
3 -8.88178e-14
1052 3
1 1.59872e-13
2 1.06581e-13
3 -9.41469e-14
1054 3
1 1.74083e-13
2 8.52651e-14
3 -8.70415e-14
1056 3
1 1.89626e-13
2 9.05942e-14
3 -6.21725e-14
1058 3
1 1.65201e-13
2 7.99361e-14
3 -6.92779e-14
1060 3
1 1.72307e-13
2 9.76996e-14
3 -9.76996e-14
1062 3
1 1.6831e-13
2 8.34888e-14
3 -4.79616e-14
1064 3
1 1.44773e-13
2 8.88178e-14
3 -4.61853e-14
1066 3
1 1.75859e-13
2 7.10543e-14
3 -6.39488e-14
1068 3
1 1.69642e-13
2 1.15463e-13
3 -4.79616e-14
1070 3
1 1.56319e-13
2 7.99361e-14
3 -6.75016e-14
1072 3
1 1.82077e-13
2 1.08358e-13
3 -5.50671e-14
1074 3
1 1.78524e-13
2 1.04805e-13
3 -7.81597e-14
1076 3
1 1.81188e-13
2 8.70415e-14
3 -9.23706e-14
1078 3
1 1.78524e-13
2 9.59233e-14
3 -4.61853e-14
1080 3
1 1.75859e-13
2 7.99361e-14
3 -5.86198e-14
1082 3
1 2.12719e-13
2 8.52651e-14
3 -6.03961e-14
1084 3
1 2.02949e-13
2 9.9476e-14
3 -2.66454e-14
1086 3
1 1.8785e-13
2 9.59233e-14
3 -4.61853e-14
1088 3
1 1.89182e-13
2 8.70415e-14
3 -3.19744e-14
1090 3
1 1.90958e-13
2 1.03029e-13
3 -4.44089e-14
1092 3
1 2.22489e-13
2 9.76996e-14
3 -5.32907e-14
1094 3
1 1.8785e-13
2 9.59233e-14
3 -3.73035e-14
1096 3
1 2.14495e-13
2 7.99361e-14
3 -3.19744e-14
1098 3
1 1.87406e-13
2 8.17124e-14
3 -7.10543e-14
1100 3
1 2.08278e-13
2 7.28306e-14
3 -4.08562e-14
1102 3
1 1.70974e-13
2 8.52651e-14
3 -4.44089e-14
1104 3
1 1.97176e-13
2 9.76996e-14
3 -4.79616e-14
1106 3
1 2.1716e-13
2 9.23706e-14
3 -3.73035e-14
1108 3
1 1.95399e-13
2 1.1191e-13
3 -3.37508e-14
1110 3
1 1.85629e-13
2 1.22569e-13
3 -8.17124e-14
1112 3
1 2.22489e-13
2 9.41469e-14
3 -3.73035e-14
1114 3
1 1.82965e-13
2 9.9476e-14
3 -4.61853e-14
1116 3
1 2.15383e-13
2 6.75016e-14
3 -5.86198e-14
1118 3
1 2.0961e-13
2 1.03029e-13
3 -5.50671e-14
1120 3
1 2.39364e-13
2 9.23706e-14
3 -3.55271e-14
1122 3
1 1.87406e-13
2 1.04805e-13
3 -3.55271e-14
1124 3
1 2.18936e-13
2 9.23706e-14
3 -5.68434e-14
1126 3
1 2.02061e-13
2 1.03029e-13
3 -4.9738e-14
1128 3
1 2.18492e-13
2 6.39488e-14
3 -4.61853e-14
1130 3
1 2.13163e-13
2 1.20792e-13
3 -7.10543e-14
1132 3
1 1.803e-13
2 1.03029e-13
3 -3.01981e-14
1134 3
1 2.1938e-13
2 9.76996e-14
3 -5.50671e-14
1136 3
1 1.96732e-13
2 7.63833e-14
3 -4.44089e-14
1138 3
1 2.21156e-13
2 1.01252e-13
3 -7.63833e-14
1140 3
1 2.23377e-13
2 1.03029e-13
3 -4.9738e-14
1142 3
1 1.91847e-13
2 9.23706e-14
3 -1.24345e-14
1144 3
1 2.01172e-13
2 8.70415e-14
3 -3.73035e-14
1146 3
1 1.98064e-13
2 8.88178e-14
3 -7.63833e-14
1148 3
1 2.18048e-13
2 1.08358e-13
3 -6.92779e-14
1150 3
1 1.76748e-13
2 1.01252e-13
3 -7.10543e-14
1152 3
1 2.10942e-13
2 1.20792e-13
3 -7.99361e-14
1154 3
1 1.94511e-13
2 1.35003e-13
3 -6.03961e-14
1156 3
1 2.04281e-13
2 8.52651e-14
3 -5.86198e-14
1158 3
1 2.25597e-13
2 1.08358e-13
3 -4.9738e-14
1160 3
1 2.34035e-13
2 1.06581e-13
3 -4.26326e-14
1162 3
1 2.12275e-13
2 1.06581e-13
3 -7.99361e-14
1164 3
1 1.78524e-13
2 8.52651e-14
3 -4.26326e-14
1166 3
1 2.08722e-13
2 1.19016e-13
3 -4.61853e-14
1168 3
1 2.30038e-13
2 1.06581e-13
3 -5.50671e-14
1170 3
1 2.00728e-13
2 1.1191e-13
3 -5.32907e-14
1172 3
1 2.13163e-13
2 1.08358e-13
3 -3.73035e-14
1174 3
1 2.16716e-13
2 1.36779e-13
3 -2.66454e-14
1176 3
1 2.14495e-13
2 1.1724e-13
3 -3.55271e-14
1178 3
1 2.34923e-13
2 1.27898e-13
3 -4.08562e-14
1180 3
1 2.18936e-13
2 1.24345e-13
3 -5.32907e-14
1182 3
1 2.10054e-13
2 1.08358e-13
3 -6.57252e-14
1184 3
1 2.21156e-13
2 1.1724e-13
3 1.77636e-15
1186 3
1 2.367e-13
2 9.23706e-14
3 -3.73035e-14
1188 3
1 2.30482e-13
2 1.19016e-13
3 -4.08562e-14
1190 3
1 2.2915e-13
2 9.23706e-14
3 -6.03961e-14
1192 3
1 2.12719e-13
2 8.34888e-14
3 -4.44089e-14
1194 3
1 2.27818e-13
2 9.9476e-14
3 -4.26326e-14
1196 3
1 2.38032e-13
2 8.17124e-14
3 -4.61853e-14
1198 3
1 2.42029e-13
2 1.42109e-13
3 -3.01981e-14
1200 3
1 2.46914e-13
2 9.76996e-14
3 -3.73035e-14
1202 3
1 2.5091e-13
2 1.13687e-13
3 -3.55271e-14
1204 3
1 2.33147e-13
2 1.3145e-13
3 -6.75016e-14
1206 3
1 1.99396e-13
2 1.35003e-13
3 -3.55271e-14
1208 3
1 2.34035e-13
2 1.06581e-13
3 -3.90799e-14
1210 3
1 2.11831e-13
2 1.1724e-13
3 -3.37508e-14
1212 3
1 2.23377e-13
2 1.38556e-13
3 -6.39488e-14
1214 3
1 2.20268e-13
2 1.19016e-13
3 -3.37508e-14
1216 3
1 2.28262e-13
2 1.1191e-13
3 -3.55271e-14
1218 3
1 2.46025e-13
2 1.19016e-13
3 -3.37508e-14
1220 3
1 2.54907e-13
2 1.03029e-13
3 -6.39488e-14
1222 3
1 2.45581e-13
2 7.63833e-14
3 -2.30926e-14
1224 3
1 2.49134e-13
2 1.13687e-13
3 -4.9738e-14
1226 3
1 2.33147e-13
2 1.03029e-13
3 -3.37508e-14
1228 3
1 2.35367e-13
2 9.9476e-14
3 -4.79616e-14
1230 3
1 2.29594e-13
2 8.34888e-14
3 -5.86198e-14
1232 3
1 2.3892e-13
2 1.1191e-13
3 -6.21725e-14
1234 3
1 2.37588e-13
2 9.76996e-14
3 -1.95399e-14
1236 3
1 2.51799e-13
2 1.01252e-13
3 -4.44089e-14
1238 3
1 2.56239e-13
2 7.99361e-14
3 -5.32907e-14
1240 3
1 2.70894e-13
2 1.1191e-13
3 -5.68434e-14
1242 3
1 2.84217e-13
2 7.63833e-14
3 -5.68434e-14
1244 3
1 2.50022e-13
2 9.23706e-14
3 -6.03961e-14
1246 3
1 2.40696e-13
2 9.9476e-14
3 -4.26326e-14
1248 3
1 2.68674e-13
2 1.01252e-13
3 -7.63833e-14
1250 3
1 2.50022e-13
2 7.99361e-14
3 -6.57252e-14
1252 3
1 2.34479e-13
2 9.59233e-14
3 -3.37508e-14
1254 3
1 2.70894e-13
2 7.10543e-14
3 -4.9738e-14
1256 3
1 2.92211e-13
2 8.70415e-14
3 -6.39488e-14
1258 3
1 2.42473e-13
2 8.88178e-14
3 -5.68434e-14
1260 3
1 2.71783e-13
2 1.15463e-13
3 -6.03961e-14
1262 3
1 2.5846e-13
2 6.75016e-14
3 -4.44089e-14
1264 3
1 2.67786e-13
2 8.52651e-14
3 -6.57252e-14
1266 3
1 2.43361e-13
2 1.06581e-13
3 -8.70415e-14
1268 3
1 2.66009e-13
2 1.01252e-13
3 -4.61853e-14
1270 3
1 2.23821e-13
2 7.99361e-14
3 -8.52651e-14
1272 3
1 2.42029e-13
2 1.13687e-13
3 -4.9738e-14
1274 3
1 2.57128e-13
2 8.70415e-14
3 -7.10543e-14
1276 3
1 2.40252e-13
2 7.81597e-14
3 -6.39488e-14
1278 3
1 2.51354e-13
2 1.24345e-13
3 -5.86198e-14
1280 3
1 2.7045e-13
2 7.99361e-14
3 -8.88178e-14
1282 3
1 2.51799e-13
2 1.10134e-13
3 -6.21725e-14
1284 3
1 2.59348e-13
2 5.86198e-14
3 -4.61853e-14
1286 3
1 2.92211e-13
2 8.52651e-14
3 -6.92779e-14
1288 3
1 2.43805e-13
2 7.10543e-14
3 -6.92779e-14
1290 3
1 2.47802e-13
2 9.41469e-14
3 -6.21725e-14
1292 3
1 2.61569e-13
2 7.10543e-14
3 -7.4607e-14
1294 3
1 2.44693e-13
2 1.15463e-13
3 -2.84217e-14
1296 3
1 2.54907e-13
2 7.28306e-14
3 -6.39488e-14
1298 3
1 2.64677e-13
2 8.88178e-14
3 -4.9738e-14
1300 3
1 2.62901e-13
2 9.23706e-14
3 -7.10543e-14
1302 3
1 2.49134e-13
2 7.63833e-14
3 -3.37508e-14
1304 3
1 2.35367e-13
2 1.03029e-13
3 -6.57252e-14
1306 3
1 2.63789e-13
2 9.23706e-14
3 -6.21725e-14
1308 3
1 2.48246e-13
2 6.21725e-14
3 -5.50671e-14
1310 3
1 2.61124e-13
2 1.03029e-13
3 -5.68434e-14
1312 3
1 2.40696e-13
2 7.4607e-14
3 -5.68434e-14
1314 3
1 2.21601e-13
2 8.88178e-14
3 -3.90799e-14
1316 3
1 2.30482e-13
2 9.05942e-14
3 -4.44089e-14
1318 3
1 2.58016e-13
2 7.63833e-14
3 -5.32907e-14
1320 3
1 2.63345e-13
2 8.52651e-14
3 -4.9738e-14
1322 3
1 2.66009e-13
2 7.81597e-14
3 -4.44089e-14
1324 3
1 2.74891e-13
2 9.9476e-14
3 -6.75016e-14
1326 3
1 2.45581e-13
2 6.21725e-14
3 -6.21725e-14
1328 3
1 2.57128e-13
2 9.05942e-14
3 -4.61853e-14
1330 3
1 2.74447e-13
2 9.9476e-14
3 -5.68434e-14
1332 3
1 2.27374e-13
2 9.05942e-14
3 -4.08562e-14
1334 3
1 2.57128e-13
2 1.26121e-13
3 -4.79616e-14
1336 3
1 2.65121e-13
2 8.70415e-14
3 -3.90799e-14
1338 3
1 2.54019e-13
2 1.06581e-13
3 -4.08562e-14
1340 3
1 2.60236e-13
2 9.9476e-14
3 -4.08562e-14
1342 3
1 2.42029e-13
2 7.63833e-14
3 -2.84217e-14
1344 3
1 2.41585e-13
2 9.59233e-14
3 -4.9738e-14
1346 3
1 2.34035e-13
2 1.04805e-13
3 -3.19744e-14
1348 3
1 2.69118e-13
2 1.10134e-13
3 -7.10543e-14
1350 3
1 2.44249e-13
2 9.76996e-14
3 -3.90799e-14
1352 3
1 2.77112e-13
2 8.88178e-14
3 -6.92779e-14
1354 3
1 2.58904e-13
2 7.99361e-14
3 -5.15143e-14
1356 3
1 2.70894e-13
2 6.57252e-14
3 -5.32907e-14
1358 3
1 2.63789e-13
2 8.34888e-14
3 -2.66454e-14
1360 3
1 2.61124e-13
2 9.59233e-14
3 -6.03961e-14
1362 3
1 2.56684e-13
2 9.59233e-14
3 -5.32907e-14
1364 3
1 2.48246e-13
2 1.10134e-13
3 -4.61853e-14
1366 3
1 2.54019e-13
2 8.17124e-14
3 -6.57252e-14
1368 3
1 2.66898e-13
2 8.70415e-14
3 -2.84217e-14
1370 3
1 2.64233e-13
2 8.52651e-14
3 -3.73035e-14
1372 3
1 2.53131e-13
2 8.52651e-14
3 -4.61853e-14
1374 3
1 2.82885e-13
2 9.05942e-14
3 -6.03961e-14
1376 3
1 2.65121e-13
2 8.34888e-14
3 -5.86198e-14
1378 3
1 2.81108e-13
2 1.1191e-13
3 -6.03961e-14
1380 3
1 2.37588e-13
2 1.13687e-13
3 -6.21725e-14
1382 3
1 2.8022e-13
2 1.15463e-13
3 -4.26326e-14
1384 3
1 2.67342e-13
2 1.15463e-13
3 -4.9738e-14
1386 3
1 2.55795e-13
2 1.03029e-13
3 -5.86198e-14
1388 3
1 2.67342e-13
2 6.21725e-14
3 -6.39488e-14
1390 3
1 2.51354e-13
2 9.76996e-14
3 -4.44089e-14
1392 3
1 2.55795e-13
2 1.24345e-13
3 -7.99361e-14
1394 3
1 2.71783e-13
2 1.08358e-13
3 -3.73035e-14
1396 3
1 2.56239e-13
2 8.88178e-14
3 -1.95399e-14
1398 3
1 2.39808e-13
2 1.26121e-13
3 -5.32907e-14
1400 3
1 2.52243e-13
2 1.03029e-13
3 -4.79616e-14
1402 3
1 2.65121e-13
2 9.05942e-14
3 -5.32907e-14
1404 3
1 2.69562e-13
2 9.05942e-14
3 -4.79616e-14
1406 3
1 2.74891e-13
2 1.20792e-13
3 -5.86198e-14
1408 3
1 2.59792e-13
2 7.28306e-14
3 -5.32907e-14
1410 3
1 2.58904e-13
2 9.59233e-14
3 -4.61853e-14
1412 3
1 2.73559e-13
2 1.04805e-13
3 -4.79616e-14
1414 3
1 2.78e-13
2 8.17124e-14
3 -6.03961e-14
1416 3
1 2.52243e-13
2 7.63833e-14
3 -4.26326e-14
1418 3
1 2.79332e-13
2 7.4607e-14
3 -5.86198e-14
1420 3
1 2.66454e-13
2 9.76996e-14
3 -4.79616e-14
1422 3
1 2.44249e-13
2 1.3145e-13
3 -4.79616e-14
1424 3
1 2.66009e-13
2 1.03029e-13
3 -5.86198e-14
1426 3
1 2.74447e-13
2 1.15463e-13
3 -4.08562e-14
1428 3
1 2.89102e-13
2 8.88178e-14
3 -5.86198e-14
1430 3
1 2.74003e-13
2 1.10134e-13
3 -3.19744e-14
1432 3
1 2.48246e-13
2 1.22569e-13
3 -3.55271e-15
1434 3
1 2.68674e-13
2 9.41469e-14
3 -2.30926e-14
1436 3
1 2.78e-13
2 1.04805e-13
3 -3.73035e-14
1438 3
1 2.89546e-13
2 1.27898e-13
3 -5.32907e-14
1440 3
1 2.68674e-13
2 1.04805e-13
3 -4.44089e-14
1442 3
1 2.98872e-13
2 9.76996e-14
3 -2.84217e-14
1444 3
1 2.55351e-13
2 1.13687e-13
3 -3.73035e-14
1446 3
1 2.73559e-13
2 1.10134e-13
3 -9.05942e-14
1448 3
1 2.67342e-13
2 9.23706e-14
3 -6.03961e-14
1450 3
1 2.75335e-13
2 9.23706e-14
3 -6.39488e-14
1452 3
1 2.71339e-13
2 7.81597e-14
3 -7.28306e-14
1454 3
1 2.59792e-13
2 1.13687e-13
3 -3.01981e-14
1456 3
1 2.85993e-13
2 1.43885e-13
3 -3.55271e-14
1458 3
1 2.63789e-13
2 1.20792e-13
3 -7.10543e-14
1460 3
1 2.71783e-13
2 1.01252e-13
3 -4.26326e-14
1462 3
1 3.02425e-13
2 1.08358e-13
3 -3.90799e-14
1464 3
1 2.56239e-13
2 1.35003e-13
3 -2.4869e-14
1466 3
1 2.81553e-13
2 1.04805e-13
3 -8.88178e-15
1468 3
1 2.84217e-13
2 1.19016e-13
3 -1.06581e-14
1470 3
1 2.79332e-13
2 1.43885e-13
3 -3.37508e-14
1472 3
1 2.96208e-13
2 1.03029e-13
3 -8.88178e-15
1474 3
1 2.75335e-13
2 1.29674e-13
3 -1.95399e-14
1476 3
1 3.11751e-13
2 1.22569e-13
3 -1.95399e-14
1478 3
1 2.92211e-13
2 1.20792e-13
3 -2.13163e-14
1480 3
1 2.85105e-13
2 1.13687e-13
3 -1.77636e-15
1482 3
1 2.71339e-13
2 1.20792e-13
3 -3.01981e-14
1484 3
1 2.86438e-13
2 9.9476e-14
3 -3.37508e-14
1486 3
1 2.73559e-13
2 9.76996e-14
3 -2.13163e-14
1488 3
1 2.83329e-13
2 1.24345e-13
3 -3.90799e-14
1490 3
1 2.66898e-13
2 1.45661e-13
3 -3.19744e-14
1492 3
1 2.8777e-13
2 1.22569e-13
3 -4.9738e-14
1494 3
1 2.96208e-13
2 1.1724e-13
3 -6.03961e-14
1496 3
1 2.81997e-13
2 9.05942e-14
3 -4.26326e-14
1498 3
1 2.97096e-13
2 1.1724e-13
3 -2.66454e-14
1500 3
1 3.14415e-13
2 9.23706e-14
3 -1.59872e-14
1502 3
1 2.90878e-13
2 1.26121e-13
3 -5.68434e-14
1504 3
1 2.87326e-13
2 1.24345e-13
3 -9.23706e-14
1506 3
1 2.8777e-13
2 1.24345e-13
3 -5.68434e-14
1508 3
1 2.80664e-13
2 1.56319e-13
3 -3.73035e-14
1510 3
1 2.84661e-13
2 1.1724e-13
3 -6.03961e-14
1512 3
1 2.94431e-13
2 1.20792e-13
3 -7.4607e-14
1514 3
1 3.00204e-13
2 1.3145e-13
3 -4.26326e-14
1516 3
1 2.93099e-13
2 9.41469e-14
3 -6.39488e-14
1518 3
1 3.09974e-13
2 1.01252e-13
3 -5.86198e-14
1520 3
1 3.25073e-13
2 1.40332e-13
3 -4.08562e-14
1522 3
1 2.96652e-13
2 9.76996e-14
3 -4.61853e-14
1524 3
1 2.69562e-13
2 1.33227e-13
3 -2.13163e-14
1526 3
1 2.95319e-13
2 1.24345e-13
3 -5.32907e-14
1528 3
1 2.92211e-13
2 1.08358e-13
3 -5.86198e-14
1530 3
1 3.03313e-13
2 1.1191e-13
3 -7.10543e-15
1532 3
1 3.06422e-13
2 1.19016e-13
3 -8.34888e-14
1534 3
1 2.82441e-13
2 1.27898e-13
3 -7.4607e-14
1536 3
1 2.8999e-13
2 1.24345e-13
3 -3.19744e-14
1538 3
1 2.78888e-13
2 1.27898e-13
3 -3.90799e-14
1540 3
1 2.80664e-13
2 1.27898e-13
3 -5.50671e-14
1542 3
1 3.02425e-13
2 1.49214e-13
3 -6.03961e-14
1544 3
1 3.06866e-13
2 9.59233e-14
3 -4.08562e-14
1546 3
1 3.02425e-13
2 1.22569e-13
3 -4.61853e-14
1548 3
1 2.85105e-13
2 1.10134e-13
3 -5.86198e-14
1550 3
1 3.05533e-13
2 1.40332e-13
3 -5.50671e-14
1552 3
1 3.09086e-13
2 1.27898e-13
3 -2.13163e-14
1554 3
1 3.15747e-13
2 1.38556e-13
3 -6.57252e-14
1556 3
1 3.01537e-13
2 1.13687e-13
3 -3.19744e-14
1558 3
1 3.29514e-13
2 1.49214e-13
3 -4.61853e-14
1560 3
1 3.09086e-13
2 1.1724e-13
3 -5.15143e-14
1562 3
1 3.07754e-13
2 1.45661e-13
3 -5.50671e-14
1564 3
1 3.19744e-13
2 1.29674e-13
3 -4.9738e-14
1566 3
1 2.98872e-13
2 1.13687e-13
3 -6.92779e-14
1568 3
1 3.18412e-13
2 1.19016e-13
3 -4.79616e-14
1570 3
1 3.22853e-13
2 1.24345e-13
3 -5.15143e-14
1572 3
1 3.12195e-13
2 1.27898e-13
3 -3.19744e-14
1574 3
1 3.09086e-13
2 1.29674e-13
3 -6.21725e-14
1576 3
1 3.01537e-13
2 1.22569e-13
3 -4.44089e-14
1578 3
1 3.56604e-13
2 1.61648e-13
3 -1.95399e-14
1580 3
1 3.44169e-13
2 1.40332e-13
3 -4.44089e-14
1582 3
1 3.04645e-13
2 1.10134e-13
3 -2.4869e-14
1584 3
1 3.23741e-13
2 1.08358e-13
3 -7.10543e-15
1586 3
1 3.06866e-13
2 1.56319e-13
3 -3.37508e-14
1588 3
1 2.9976e-13
2 1.42109e-13
3 -6.57252e-14
1590 3
1 3.11751e-13
2 1.49214e-13
3 -3.37508e-14
1592 3
1 2.90878e-13
2 1.19016e-13
3 -3.37508e-14
1594 3
1 3.0731e-13
2 1.10134e-13
3 -5.68434e-14
1596 3
1 2.96652e-13
2 1.52767e-13
3 -5.32907e-14
1598 3
1 3.22853e-13
2 1.36779e-13
3 -3.90799e-14
1600 3
1 3.20188e-13
2 1.35003e-13
3 -4.61853e-14
1602 3
1 2.95763e-13
2 1.10134e-13
3 -4.79616e-14
1604 3
1 3.14859e-13
2 1.22569e-13
3 -4.61853e-14
1606 3
1 3.09974e-13
2 1.10134e-13
3 -4.9738e-14
1608 3
1 3.07754e-13
2 1.15463e-13
3 -5.68434e-14
1610 3
1 3.14859e-13
2 1.13687e-13
3 -6.57252e-14
1612 3
1 3.08198e-13
2 1.38556e-13
3 -4.61853e-14
1614 3
1 2.99316e-13
2 1.06581e-13
3 -3.37508e-14
1616 3
1 3.23741e-13
2 1.13687e-13
3 -5.32907e-14
1618 3
1 3.27294e-13
2 1.22569e-13
3 -2.4869e-14
1620 3
1 3.1708e-13
2 1.27898e-13
3 -2.84217e-14
1622 3
1 3.27294e-13
2 1.10134e-13
3 -4.79616e-14
1624 3
1 2.97096e-13
2 7.10543e-14
3 -3.01981e-14
1626 3
1 3.193e-13
2 1.01252e-13
3 -4.79616e-14
1628 3
1 2.94875e-13
2 1.1191e-13
3 -4.9738e-14
1630 3
1 3.13971e-13
2 9.76996e-14
3 -6.92779e-14
1632 3
1 2.95763e-13
2 1.1724e-13
3 -6.75016e-14
1634 3
1 3.05089e-13
2 1.38556e-13
3 -5.68434e-14
1636 3
1 3.08198e-13
2 1.22569e-13
3 -1.42109e-14
1638 3
1 2.90434e-13
2 1.1724e-13
3 -5.86198e-14
1640 3
1 2.97984e-13
2 1.43885e-13
3 -3.73035e-14
1642 3
1 3.12195e-13
2 1.13687e-13
3 -3.19744e-14
1644 3
1 2.93543e-13
2 1.24345e-13
3 -5.86198e-14
1646 3
1 2.98872e-13
2 1.27898e-13
3 -6.39488e-14
1648 3
1 3.18412e-13
2 1.01252e-13
3 -5.50671e-14
1650 3
1 3.00204e-13
2 1.10134e-13
3 -4.08562e-14
1652 3
1 3.04645e-13
2 8.88178e-14
3 -6.57252e-14
1654 3
1 3.16636e-13
2 1.1724e-13
3 -3.90799e-14
1656 3
1 3.17524e-13
2 1.1191e-13
3 -5.86198e-14
1658 3
1 3.21521e-13
2 1.43885e-13
3 -4.08562e-14
1660 3
1 3.18412e-13
2 9.9476e-14
3 -4.61853e-14
1662 3
1 3.30846e-13
2 1.38556e-13
3 -5.86198e-14
1664 3
1 3.193e-13
2 1.26121e-13
3 -4.79616e-14
1666 3
1 3.08642e-13
2 1.1724e-13
3 -4.9738e-14
1668 3
1 3.14415e-13
2 1.33227e-13
3 -7.4607e-14
1670 3
1 3.12195e-13
2 1.29674e-13
3 -6.75016e-14
1672 3
1 3.08642e-13
2 1.35003e-13
3 -6.39488e-14
1674 3
1 3.07754e-13
2 1.5099e-13
3 -7.28306e-14
1676 3
1 2.84661e-13
2 1.22569e-13
3 -6.21725e-14
1678 3
1 3.35731e-13
2 1.35003e-13
3 -7.81597e-14
1680 3
1 3.12195e-13
2 1.47438e-13
3 -5.32907e-14
1682 3
1 3.30402e-13
2 1.1724e-13
3 -6.57252e-14
1684 3
1 2.89546e-13
2 1.42109e-13
3 -5.50671e-14
1686 3
1 3.19744e-13
2 1.36779e-13
3 -5.50671e-14
1688 3
1 3.53939e-13
2 1.49214e-13
3 -8.17124e-14
1690 3
1 3.09086e-13
2 1.29674e-13
3 -6.39488e-14
1692 3
1 3.23297e-13
2 1.19016e-13
3 -5.50671e-14
1694 3
1 3.24629e-13
2 1.43885e-13
3 -7.63833e-14
1696 3
1 3.20632e-13
2 1.5099e-13
3 -4.26326e-14
1698 3
1 3.35287e-13
2 1.04805e-13
3 -6.21725e-14
1700 3
1 3.31291e-13
2 1.38556e-13
3 -7.4607e-14
1702 3
1 2.99316e-13
2 1.27898e-13
3 -4.26326e-14
1704 3
1 3.04201e-13
2 1.29674e-13
3 -6.21725e-14
1706 3
1 3.11751e-13
2 1.45661e-13
3 -6.21725e-14
1708 3
1 3.05089e-13
2 1.40332e-13
3 -5.15143e-14
1710 3
1 3.20188e-13
2 1.27898e-13
3 -5.86198e-14
1712 3
1 3.32179e-13
2 1.08358e-13
3 -4.9738e-14
1714 3
1 3.08198e-13
2 1.42109e-13
3 -5.50671e-14
1716 3
1 2.96208e-13
2 1.19016e-13
3 -6.75016e-14
1718 3
1 3.00204e-13
2 1.15463e-13
3 -3.19744e-14
1720 3
1 3.09086e-13
2 1.49214e-13
3 -4.26326e-14
1722 3
1 3.03313e-13
2 8.70415e-14
3 -7.10543e-14
1724 3
1 2.99316e-13
2 1.03029e-13
3 -4.9738e-14
1726 3
1 3.24629e-13
2 1.01252e-13
3 -4.44089e-14
1728 3
1 3.08642e-13
2 1.35003e-13
3 -5.68434e-14
1730 3
1 3.18412e-13
2 1.03029e-13
3 -4.08562e-14
1732 3
1 2.85549e-13
2 9.9476e-14
3 -3.37508e-14
1734 3
1 3.17524e-13
2 1.36779e-13
3 -2.13163e-14
1736 3
1 3.12195e-13
2 9.41469e-14
3 -9.05942e-14
1738 3
1 3.28626e-13
2 1.20792e-13
3 -5.86198e-14
1740 3
1 3.22853e-13
2 1.06581e-13
3 -7.81597e-14
1742 3
1 3.08198e-13
2 1.03029e-13
3 -6.57252e-14
1744 3
1 2.98872e-13
2 1.06581e-13
3 -4.44089e-14
1746 3
1 3.11307e-13
2 9.05942e-14
3 -4.26326e-14
1748 3
1 3.02425e-13
2 9.59233e-14
3 -7.28306e-14
1750 3
1 3.30846e-13
2 8.88178e-14
3 -3.37508e-14
1752 3
1 3.45945e-13
2 1.06581e-13
3 -3.55271e-14
1754 3
1 3.27738e-13
2 1.06581e-13
3 -5.32907e-14
1756 3
1 2.9976e-13
2 5.68434e-14
3 -5.68434e-14
1758 3
1 3.05089e-13
2 5.15143e-14
3 -3.19744e-14
1760 3
1 2.91767e-13
2 9.05942e-14
3 -1.77636e-14
1762 3
1 3.21521e-13
2 7.4607e-14
3 -4.79616e-14
1764 3
1 3.17524e-13
2 9.76996e-14
3 -6.57252e-14
1766 3
1 3.10862e-13
2 8.52651e-14
3 -5.50671e-14
1768 3
1 3.10418e-13
2 1.13687e-13
3 -4.79616e-14
1770 3
1 2.9976e-13
2 1.36779e-13
3 -4.9738e-14
1772 3
1 2.90434e-13
2 9.41469e-14
3 -8.17124e-14
1774 3
1 3.17968e-13
2 9.05942e-14
3 -2.4869e-14
1776 3
1 2.94875e-13
2 9.41469e-14
3 -3.55271e-14
1778 3
1 2.95319e-13
2 1.13687e-13
3 -6.39488e-14
1780 3
1 3.16192e-13
2 1.1724e-13
3 -9.05942e-14
1782 3
1 3.10862e-13
2 1.1724e-13
3 -4.79616e-14
1784 3
1 3.24629e-13
2 1.3145e-13
3 -3.55271e-14
1786 3
1 3.31291e-13
2 1.04805e-13
3 -5.86198e-14
1788 3
1 2.85549e-13
2 1.13687e-13
3 -4.9738e-14
1790 3
1 3.23741e-13
2 8.17124e-14
3 -4.79616e-14
1792 3
1 3.07754e-13
2 6.75016e-14
3 -5.86198e-14
1794 3
1 2.83773e-13
2 9.76996e-14
3 -4.08562e-14
1796 3
1 2.93543e-13
2 8.70415e-14
3 -9.9476e-14
1798 3
1 2.95319e-13
2 1.1724e-13
3 -5.68434e-14
1800 3
1 3.16192e-13
2 8.70415e-14
3 -4.61853e-14
1802 3
1 3.22409e-13
2 1.24345e-13
3 -8.34888e-14
1804 3
1 3.21076e-13
2 8.70415e-14
3 -8.52651e-14
1806 3
1 3.13083e-13
2 1.26121e-13
3 -6.39488e-14
1808 3
1 3.193e-13
2 9.41469e-14
3 -6.92779e-14
1810 3
1 2.93987e-13
2 1.08358e-13
3 -4.44089e-14
1812 3
1 2.96652e-13
2 1.10134e-13
3 -1.03029e-13
1814 3
1 3.25073e-13
2 1.1191e-13
3 -8.88178e-14
1816 3
1 3.28626e-13
2 1.29674e-13
3 -9.41469e-14
1818 3
1 3.11751e-13
2 9.9476e-14
3 -6.75016e-14
1820 3
1 3.10418e-13
2 9.76996e-14
3 -7.4607e-14
1822 3
1 2.96652e-13
2 7.99361e-14
3 -5.15143e-14
1824 3
1 3.08642e-13
2 1.1191e-13
3 -4.9738e-14
1826 3
1 3.02869e-13
2 8.52651e-14
3 -5.86198e-14
1828 3
1 3.10862e-13
2 1.29674e-13
3 -6.57252e-14
1830 3
1 2.93099e-13
2 9.76996e-14
3 -6.03961e-14
1832 3
1 3.30846e-13
2 1.38556e-13
3 -4.9738e-14
1834 3
1 3.18412e-13
2 1.15463e-13
3 -4.79616e-14
1836 3
1 3.11307e-13
2 8.70415e-14
3 -3.37508e-14
1838 3
1 3.40616e-13
2 7.81597e-14
3 -6.57252e-14
1840 3
1 3.29514e-13
2 1.04805e-13
3 -4.08562e-14
1842 3
1 3.14415e-13
2 1.10134e-13
3 -3.90799e-14
1844 3
1 3.10862e-13
2 9.59233e-14
3 -4.61853e-14
1846 3
1 3.20632e-13
2 1.15463e-13
3 -5.32907e-14
1848 3
1 2.97096e-13
2 1.13687e-13
3 -5.50671e-14
1850 3
1 3.22853e-13
2 1.08358e-13
3 -4.61853e-14
1852 3
1 3.25073e-13
2 1.35003e-13
3 -5.50671e-14
1854 3
1 3.25517e-13
2 1.24345e-13
3 -7.99361e-14
1856 3
1 3.39728e-13
2 9.05942e-14
3 -7.99361e-14
1858 3
1 3.18856e-13
2 1.15463e-13
3 -6.57252e-14
1860 3
1 3.21521e-13
2 1.33227e-13
3 -3.73035e-14
1862 3
1 3.38396e-13
2 1.19016e-13
3 -7.4607e-14
1864 3
1 3.45057e-13
2 1.22569e-13
3 -5.15143e-14
1866 3
1 3.14859e-13
2 1.27898e-13
3 -3.19744e-14
1868 3
1 3.30846e-13
2 1.03029e-13
3 -6.92779e-14
1870 3
1 3.05533e-13
2 1.29674e-13
3 -6.92779e-14
1872 3
1 3.40172e-13
2 1.3145e-13
3 -5.50671e-14
1874 3
1 3.19744e-13
2 1.26121e-13
3 -4.61853e-14
1876 3
1 3.13971e-13
2 8.17124e-14
3 -2.4869e-14
1878 3
1 3.16636e-13
2 1.29674e-13
3 -5.68434e-14
1880 3
1 3.08198e-13
2 8.34888e-14
3 -5.32907e-14
1882 3
1 3.27294e-13
2 1.26121e-13
3 -4.08562e-14
1884 3
1 3.42837e-13
2 9.41469e-14
3 -4.61853e-14
1886 3
1 3.03757e-13
2 9.9476e-14
3 -3.55271e-14
1888 3
1 2.79776e-13
2 1.22569e-13
3 -3.01981e-14
1890 3
1 3.30846e-13
2 1.15463e-13
3 -2.4869e-14
1892 3
1 3.44169e-13
2 1.1724e-13
3 -5.50671e-14
1894 3
1 3.31735e-13
2 8.34888e-14
3 -3.90799e-14
1896 3
1 3.41949e-13
2 9.76996e-14
3 -7.81597e-14
1898 3
1 3.12639e-13
2 8.88178e-14
3 -6.03961e-14
1900 3
1 2.97984e-13
2 1.1191e-13
3 -6.92779e-14
1902 3
1 3.52163e-13
2 5.50671e-14
3 -4.08562e-14
1904 3
1 3.00204e-13
2 7.10543e-14
3 -5.15143e-14
1906 3
1 3.05089e-13
2 7.99361e-14
3 -4.26326e-14
1908 3
1 2.93987e-13
2 1.22569e-13
3 -2.66454e-14
1910 3
1 3.25517e-13
2 9.76996e-14
3 -3.01981e-14
1912 3
1 3.17524e-13
2 1.10134e-13
3 -5.50671e-14
1914 3
1 2.82885e-13
2 1.42109e-13
3 -4.61853e-14
1916 3
1 3.05089e-13
2 9.05942e-14
3 -5.15143e-14
1918 3
1 3.20632e-13
2 9.23706e-14
3 -2.84217e-14
1920 3
1 2.85105e-13
2 1.24345e-13
3 -6.57252e-14
1922 3
1 2.92211e-13
2 1.10134e-13
3 -5.86198e-14
1924 3
1 2.9754e-13
2 1.22569e-13
3 -2.13163e-14
1926 3
1 3.29958e-13
2 9.9476e-14
3 -6.92779e-14
1928 3
1 2.99316e-13
2 8.52651e-14
3 -4.08562e-14
1930 3
1 2.80664e-13
2 9.05942e-14
3 -6.30607e-14
1932 3
1 3.04645e-13
2 9.76996e-14
3 -5.32907e-14
1934 3
1 3.13083e-13
2 9.41469e-14
3 -6.75016e-14
1936 3
1 3.10418e-13
2 1.04805e-13
3 -5.15143e-14
1938 3
1 3.02869e-13
2 1.10134e-13
3 -4.61853e-14
1940 3
1 2.95763e-13
2 1.38556e-13
3 -4.79616e-14
1942 3
1 3.06422e-13
2 9.23706e-14
3 -6.21725e-14
1944 3
1 3.00648e-13
2 1.19016e-13
3 -5.15143e-14
1946 3
1 2.85549e-13
2 1.06581e-13
3 -3.19744e-14
1948 3
1 3.04201e-13
2 1.19016e-13
3 -4.9738e-14
1950 3
1 3.10862e-13
2 1.03029e-13
3 -5.15143e-14
1952 3
1 3.11751e-13
2 1.06581e-13
3 -3.73035e-14
1954 3
1 3.04645e-13
2 1.19016e-13
3 -3.90799e-14
1956 3
1 3.40172e-13
2 9.41469e-14
3 -4.26326e-14
1958 3
1 3.09974e-13
2 1.08358e-13
3 -3.73035e-14
1960 3
1 3.10862e-13
2 9.9476e-14
3 -7.4607e-14
1962 3
1 3.0953e-13
2 1.1191e-13
3 -6.92779e-14
1964 3
1 3.05089e-13
2 1.35003e-13
3 -5.15143e-14
1966 3
1 3.37508e-13
2 1.26121e-13
3 -3.73035e-14
1968 3
1 2.96208e-13
2 1.36779e-13
3 -5.68434e-14
1970 3
1 3.38396e-13
2 1.27898e-13
3 -2.30926e-14
1972 3
1 2.95319e-13
2 9.59233e-14
3 -5.86198e-14
1974 3
1 2.89546e-13
2 9.59233e-14
3 -4.79616e-14
1976 3
1 3.08642e-13
2 1.08358e-13
3 -4.79616e-14
1978 3
1 3.0953e-13
2 1.04805e-13
3 -4.61853e-14
1980 3
1 3.18856e-13
2 1.33227e-13
3 -5.50671e-14
1982 3
1 3.12195e-13
2 1.13687e-13
3 -3.37508e-14
1984 3
1 3.30846e-13
2 1.15463e-13
3 -4.26326e-14
1986 3
1 2.92655e-13
2 1.19016e-13
3 -6.03961e-14
1988 3
1 3.02869e-13
2 1.22569e-13
3 -3.37508e-14
1990 3
1 2.95319e-13
2 9.59233e-14
3 -4.08562e-14
1992 3
1 2.96208e-13
2 8.52651e-14
3 -3.55271e-14
1994 3
1 3.18856e-13
2 8.52651e-14
3 -3.19744e-14
1996 3
1 3.01092e-13
2 1.1724e-13
3 -6.39488e-14
1998 3
1 3.07754e-13
2 1.13687e-13
3 -3.19744e-14
2000 3
1 2.8777e-13
2 1.06581e-13
3 -3.90799e-14
2002 3
1 2.72227e-13
2 8.52651e-14
3 -3.37508e-14
2004 3
1 2.93987e-13
2 9.05942e-14
3 -6.39488e-14
2006 3
1 2.97096e-13
2 1.1191e-13
3 -5.86198e-14
2008 3
1 2.8999e-13
2 8.34888e-14
3 -3.37508e-14
2010 3
1 2.92655e-13
2 1.26121e-13
3 -4.9738e-14
2012 3
1 2.70894e-13
2 9.59233e-14
3 -2.84217e-14
2014 3
1 2.95763e-13
2 1.08358e-13
3 -6.92779e-14
2016 3
1 2.93543e-13
2 1.27898e-13
3 -3.55271e-14
2018 3
1 3.17968e-13
2 1.19016e-13
3 -3.19744e-14
2020 3
1 2.96208e-13
2 9.05942e-14
3 -5.32907e-14
2022 3
1 3.0731e-13
2 1.08358e-13
3 -3.37508e-14
2024 3
1 3.05533e-13
2 9.76996e-14
3 -3.19744e-14
2026 3
1 3.0731e-13
2 1.24345e-13
3 -2.30926e-14
2028 3
1 2.78e-13
2 1.04805e-13
3 -4.26326e-14
2030 3
1 2.69118e-13
2 1.36779e-13
3 -4.08562e-14
2032 3
1 2.92211e-13
2 1.01252e-13
3 -3.01981e-14
2034 3
1 3.10862e-13
2 1.01252e-13
3 -1.06581e-14
2036 3
1 2.78888e-13
2 1.08358e-13
3 -4.08562e-14
2038 3
1 2.66454e-13
2 9.59233e-14
3 -3.55271e-14
2040 3
1 3.00648e-13
2 1.1191e-13
3 -6.03961e-14
2042 3
1 2.80664e-13
2 8.70415e-14
3 -5.50671e-14
2044 3
1 3.22409e-13
2 1.08358e-13
3 -2.84217e-14
2046 3
1 2.90434e-13
2 9.59233e-14
3 -5.86198e-14
2048 3
1 2.83329e-13
2 1.04805e-13
3 -5.15143e-14
2050 3
1 3.11751e-13
2 1.43885e-13
3 -5.86198e-14
2052 3
1 3.01092e-13
2 9.9476e-14
3 -5.68434e-14
2054 3
1 2.67786e-13
2 1.33227e-13
3 -3.73035e-14
2056 3
1 2.98428e-13
2 1.03029e-13
3 -1.24345e-14
2058 3
1 2.90434e-13
2 8.52651e-14
3 -5.86198e-14
2060 3
1 3.07754e-13
2 9.23706e-14
3 -5.32907e-14
2062 3
1 2.84217e-13
2 1.04805e-13
3 -1.95399e-14
2064 3
1 3.1708e-13
2 1.01252e-13
3 -3.37508e-14
2066 3
1 2.73559e-13
2 1.35003e-13
3 -3.19744e-14
2068 3
1 2.79776e-13
2 1.13687e-13
3 -1.59872e-14
2070 3
1 3.16636e-13
2 1.19016e-13
3 -2.30926e-14
2072 3
1 2.76223e-13
2 9.23706e-14
3 -3.73035e-14
2074 3
1 2.78e-13
2 1.19016e-13
3 -4.9738e-14
2076 3
1 2.78e-13
2 1.1724e-13
3 -2.13163e-14
2078 3
1 3.00204e-13
2 1.01252e-13
3 -1.24345e-14
2080 3
1 2.94875e-13
2 1.06581e-13
3 -4.26326e-14
2082 3
1 3.05533e-13
2 1.36779e-13
3 -8.88178e-15
2084 3
1 2.86438e-13
2 1.42109e-13
3 -2.84217e-14
2086 3
1 3.27738e-13
2 1.40332e-13
3 -2.13163e-14
2088 3
1 2.89102e-13
2 1.08358e-13
3 -1.24345e-14
2090 3
1 2.9754e-13
2 8.17124e-14
3 -3.73035e-14
2092 3
1 3.00648e-13
2 9.59233e-14
3 -2.4869e-14
2094 3
1 2.82441e-13
2 1.24345e-13
3 -2.66454e-14
2096 3
1 3.00648e-13
2 8.88178e-14
3 -3.73035e-14
2098 3
1 2.82441e-13
2 1.1724e-13
3 -2.66454e-14
2100 3
1 3.21965e-13
2 9.59233e-14
3 -4.9738e-14
2102 3
1 2.94431e-13
2 1.08358e-13
3 -2.13163e-14
2104 3
1 2.85993e-13
2 9.9476e-14
3 -4.26326e-14
2106 3
1 2.74891e-13
2 1.29674e-13
3 1.42109e-14
2108 3
1 3.01981e-13
2 1.1724e-13
3 -4.08562e-14
2110 3
1 2.79776e-13
2 1.24345e-13
3 -3.01981e-14
2112 3
1 2.96652e-13
2 8.88178e-14
3 -3.55271e-14
2114 3
1 2.95763e-13
2 8.88178e-14
3 -2.30926e-14
2116 3
1 2.85549e-13
2 1.10134e-13
3 -2.4869e-14
2118 3
1 2.88658e-13
2 6.75016e-14
3 -1.59872e-14
2120 3
1 3.16636e-13
2 6.39488e-14
3 -4.79616e-14
2122 3
1 3.02869e-13
2 9.41469e-14
3 -4.26326e-14
2124 3
1 2.74003e-13
2 1.06581e-13
3 -3.90799e-14
2126 3
1 2.89546e-13
2 1.08358e-13
3 -3.73035e-14
2128 3
1 2.96652e-13
2 8.52651e-14
3 -3.55271e-14
2130 3
1 2.82885e-13
2 9.23706e-14
3 -2.13163e-14
2132 3
1 2.8777e-13
2 7.10543e-14
3 -3.90799e-14
2134 3
1 2.71339e-13
2 9.05942e-14
3 -3.37508e-14
2136 3
1 2.61569e-13
2 8.52651e-14
3 -2.66454e-14
2138 3
1 2.80664e-13
2 7.99361e-14
3 -2.66454e-14
2140 3
1 2.60236e-13
2 1.1191e-13
3 -3.19744e-14
2142 3
1 2.87326e-13
2 9.23706e-14
3 -1.06581e-14
2144 3
1 2.30926e-13
2 1.1191e-13
3 -4.44089e-14
2146 3
1 2.84661e-13
2 7.10543e-14
3 -3.37508e-14
2148 3
1 2.8999e-13
2 9.23706e-14
3 -4.9738e-14
2150 3
1 2.6823e-13
2 7.63833e-14
3 -3.90799e-14
2152 3
1 2.58016e-13
2 1.13687e-13
3 -2.66454e-14
2154 3
1 2.78e-13
2 1.33227e-13
3 -6.75016e-14
2156 3
1 2.84217e-13
2 1.1724e-13
3 -3.01981e-14
2158 3
1 2.73559e-13
2 6.75016e-14
3 -3.37508e-14
2160 3
1 2.78888e-13
2 9.9476e-14
3 -3.37508e-14
2162 3
1 2.56684e-13
2 1.03029e-13
3 -2.30926e-14
2164 3
1 2.8777e-13
2 1.1191e-13
3 -3.90799e-14
2166 3
1 3.0731e-13
2 8.70415e-14
3 -1.06581e-14
2168 3
1 2.81997e-13
2 1.1724e-13
3 -3.37508e-14
2170 3
1 3.00204e-13
2 1.26121e-13
3 -2.84217e-14
2172 3
1 2.54019e-13
2 9.59233e-14
3 0
2174 3
1 2.71783e-13
2 1.27898e-13
3 -4.61853e-14
2176 3
1 2.96652e-13
2 1.22569e-13
3 -3.55271e-14
2178 3
1 3.15303e-13
2 1.06581e-13
3 -3.90799e-14
2180 3
1 2.74003e-13
2 1.20792e-13
3 -3.90799e-14
2182 3
1 2.75335e-13
2 8.70415e-14
3 -2.13163e-14
2184 3
1 2.61569e-13
2 1.06581e-13
3 -2.84217e-14
2186 3
1 2.74891e-13
2 1.20792e-13
3 -6.39488e-14
2188 3
1 3.15303e-13
2 8.17124e-14
3 -5.15143e-14
2190 3
1 3.02869e-13
2 1.1724e-13
3 -4.79616e-14
2192 3
1 2.96652e-13
2 9.41469e-14
3 -8.88178e-15
2194 3
1 3.11307e-13
2 9.59233e-14
3 -2.30926e-14
2196 3
1 2.91323e-13
2 9.41469e-14
3 -2.66454e-14
2198 3
1 2.74447e-13
2 1.27898e-13
3 -2.84217e-14
2200 3
1 2.95763e-13
2 1.04805e-13
3 -3.37508e-14
2202 3
1 2.88658e-13
2 1.1191e-13
3 -2.30926e-14
2204 3
1 2.68674e-13
2 9.41469e-14
3 -1.77636e-14
2206 3
1 3.16192e-13
2 1.06581e-13
3 -8.88178e-15
2208 3
1 2.82885e-13
2 8.52651e-14
3 -2.4869e-14
2210 3
1 2.8777e-13
2 9.9476e-14
3 -4.26326e-14
2212 3
1 3.27294e-13
2 9.76996e-14
3 -4.9738e-14
2214 3
1 3.01092e-13
2 1.08358e-13
3 -3.19744e-14
2216 3
1 2.68674e-13
2 1.03029e-13
3 -1.06581e-14
2218 3
1 3.08642e-13
2 1.1191e-13
3 -1.77636e-15
2220 3
1 2.89546e-13
2 1.22569e-13
3 -3.55271e-15
2222 3
1 2.76668e-13
2 1.13687e-13
3 -1.06581e-14
2224 3
1 3.09974e-13
2 9.9476e-14
3 -2.30926e-14
2226 3
1 3.27294e-13
2 7.63833e-14
3 2.4869e-14
2228 3
1 3.16192e-13
2 1.15463e-13
3 -6.39488e-14
2230 3
1 3.17524e-13
2 1.35003e-13
3 -1.42109e-14
2232 3
1 2.87326e-13
2 1.19016e-13
3 1.06581e-14
2234 3
1 2.89546e-13
2 9.05942e-14
3 -2.30926e-14
2236 3
1 2.98872e-13
2 1.13687e-13
3 -2.4869e-14
2238 3
1 3.09974e-13
2 1.13687e-13
3 -3.55271e-15
2240 3
1 3.193e-13
2 9.9476e-14
3 -4.26326e-14
2242 3
1 3.06866e-13
2 1.26121e-13
3 1.06581e-14
2244 3
1 2.99316e-13
2 8.52651e-14
3 -2.66454e-14
2246 3
1 2.89102e-13
2 9.9476e-14
3 -2.84217e-14
2248 3
1 3.13083e-13
2 1.13687e-13
3 -8.88178e-15
2250 3
1 2.78e-13
2 8.52651e-14
3 8.88178e-15
2252 3
1 2.85549e-13
2 9.9476e-14
3 -1.77636e-15
2254 3
1 2.80664e-13
2 8.88178e-14
3 -1.42109e-14
2256 3
1 2.77112e-13
2 8.52651e-14
3 -5.32907e-15
2258 3
1 2.66454e-13
2 1.04805e-13
3 -1.24345e-14
2260 3
1 2.70894e-13
2 1.1724e-13
3 -3.55271e-15
2262 3
1 2.53131e-13
2 1.08358e-13
3 -3.19744e-14
2264 3
1 2.71783e-13
2 1.08358e-13
3 -1.95399e-14
2266 3
1 2.77112e-13
2 9.23706e-14
3 -1.42109e-14
2268 3
1 2.89102e-13
2 1.33227e-13
3 -2.4869e-14
2270 3
1 2.7045e-13
2 1.01252e-13
3 -1.77636e-14
2272 3
1 2.92655e-13
2 1.19016e-13
3 -1.59872e-14
2274 3
1 2.88658e-13
2 9.41469e-14
3 -5.32907e-15
2276 3
1 2.84217e-13
2 1.03029e-13
3 -1.77636e-15
2278 3
1 2.75779e-13
2 1.04805e-13
3 1.06581e-14
2280 3
1 2.90434e-13
2 1.1191e-13
3 3.55271e-15
2282 3
1 2.80664e-13
2 9.59233e-14
3 -3.19744e-14
2284 3
1 2.94431e-13
2 1.03029e-13
3 -2.4869e-14
2286 3
1 3.13971e-13
2 1.06581e-13
3 -7.10543e-15
2288 3
1 2.78e-13
2 9.23706e-14
3 -1.95399e-14
2290 3
1 2.94875e-13
2 6.39488e-14
3 -1.24345e-14
2292 3
1 2.7045e-13
2 9.9476e-14
3 1.24345e-14
2294 3
1 2.70894e-13
2 1.01252e-13
3 -1.77636e-14
2296 3
1 2.78444e-13
2 7.10543e-14
3 7.10543e-15
2298 3
1 2.90878e-13
2 1.04805e-13
3 3.55271e-14
2300 3
1 2.66898e-13
2 7.4607e-14
3 0
2302 3
1 2.88658e-13
2 6.21725e-14
3 7.10543e-15
2304 3
1 3.01981e-13
2 8.34888e-14
3 -1.77636e-15
2306 3
1 2.86882e-13
2 9.9476e-14
3 -1.24345e-14
2308 3
1 2.82441e-13
2 7.81597e-14
3 1.06581e-14
2310 3
1 2.75779e-13
2 9.05942e-14
3 1.06581e-14
2312 3
1 2.96208e-13
2 7.81597e-14
3 1.77636e-14
2314 3
1 3.20632e-13
2 1.13687e-13
3 -1.77636e-15
2316 3
1 2.74003e-13
2 9.59233e-14
3 -7.10543e-15
2318 3
1 2.72227e-13
2 8.52651e-14
3 1.95399e-14
2320 3
1 2.57572e-13
2 1.04805e-13
3 -1.77636e-14
2322 3
1 2.67342e-13
2 7.4607e-14
3 1.06581e-14
2324 3
1 2.77556e-13
2 4.79616e-14
3 -1.24345e-14
2326 3
1 2.82885e-13
2 8.17124e-14
3 -1.33227e-14
2328 3
1 2.71783e-13
2 8.34888e-14
3 1.77636e-15
2330 3
1 2.99316e-13
2 9.05942e-14
3 -3.55271e-15
2332 3
1 2.82441e-13
2 1.10134e-13
3 -1.15463e-14
2334 3
1 2.64233e-13
2 9.23706e-14
3 -3.4639e-14
2336 3
1 2.80664e-13
2 8.52651e-14
3 3.28626e-14
2338 3
1 2.58016e-13
2 1.03029e-13
3 2.30926e-14
2340 3
1 3.00648e-13
2 7.4607e-14
3 -8.88178e-15
2342 3
1 2.6823e-13
2 1.1191e-13
3 -7.99361e-15
2344 3
1 2.44249e-13
2 1.08358e-13
3 -1.77636e-15
2346 3
1 2.4647e-13
2 4.9738e-14
3 -1.95399e-14
2348 3
1 2.49578e-13
2 9.23706e-14
3 2.66454e-15
2350 3
1 2.64233e-13
2 7.28306e-14
3 -1.95399e-14
2352 3
1 2.98428e-13
2 8.17124e-14
3 -3.55271e-15
2354 3
1 3.01092e-13
2 1.08358e-13
3 8.88178e-15
2356 3
1 2.8777e-13
2 8.52651e-14
3 1.77636e-15
2358 3
1 2.85105e-13
2 9.41469e-14
3 -1.59872e-14
2360 3
1 2.91767e-13
2 6.75016e-14
3 -4.88498e-14
2362 3
1 2.69118e-13
2 9.59233e-14
3 1.95399e-14
2364 3
1 3.03757e-13
2 8.34888e-14
3 -4.79616e-14
2366 3
1 2.8777e-13
2 7.81597e-14
3 -5.32907e-15
2368 3
1 2.73559e-13
2 7.10543e-14
3 4.44089e-15
2370 3
1 2.72227e-13
2 8.70415e-14
3 -1.06581e-14
2372 3
1 2.62901e-13
2 7.28306e-14
3 -3.28626e-14
2374 3
1 2.73559e-13
2 7.4607e-14
3 -1.15463e-14
2376 3
1 2.87326e-13
2 9.76996e-14
3 -7.10543e-15
2378 3
1 3.06422e-13
2 1.01252e-13
3 -1.33227e-14
2380 3
1 2.76223e-13
2 9.05942e-14
3 -2.66454e-14
2382 3
1 2.71339e-13
2 1.1191e-13
3 -1.42109e-14
2384 3
1 2.77112e-13
2 1.04805e-13
3 -8.88178e-15
2386 3
1 2.6823e-13
2 1.20792e-13
3 -4.35207e-14
2388 3
1 2.85549e-13
2 9.9476e-14
3 -2.66454e-14
2390 3
1 2.86438e-13
2 1.22569e-13
3 -1.06581e-14
2392 3
1 2.66454e-13
2 1.27898e-13
3 -2.39808e-14
2394 3
1 2.86882e-13
2 7.63833e-14
3 -3.73035e-14
2396 3
1 2.41585e-13
2 7.99361e-14
3 -2.66454e-14
2398 3
1 2.5091e-13
2 9.9476e-14
3 -1.95399e-14
2400 3
1 2.69562e-13
2 1.19016e-13
3 -2.93099e-14
2402 3
1 2.65565e-13
2 1.03029e-13
3 -4.08562e-14
2404 3
1 2.60236e-13
2 6.39488e-14
3 -4.52971e-14
2406 3
1 2.81997e-13
2 9.41469e-14
3 -3.37508e-14
2408 3
1 2.69562e-13
2 9.9476e-14
3 -2.75335e-14
2410 3
1 3.06422e-13
2 9.23706e-14
3 -1.06581e-14
2412 3
1 2.75335e-13
2 9.9476e-14
3 -2.4869e-14
2414 3
1 2.93987e-13
2 7.4607e-14
3 -3.55271e-14
2416 3
1 2.5846e-13
2 7.28306e-14
3 -3.37508e-14
2418 3
1 2.66454e-13
2 1.06581e-13
3 -5.68434e-14
2420 3
1 2.89546e-13
2 1.04805e-13
3 -2.04281e-14
2422 3
1 2.73559e-13
2 9.59233e-14
3 -8.88178e-15
2424 3
1 2.61124e-13
2 7.4607e-14
3 -3.55271e-14
2426 3
1 2.57572e-13
2 1.29674e-13
3 -5.68434e-14
2428 3
1 2.74447e-13
2 8.17124e-14
3 -7.01661e-14
2430 3
1 2.6823e-13
2 8.70415e-14
3 -4.26326e-14
2432 3
1 2.81553e-13
2 6.92779e-14
3 -4.44089e-14
2434 3
1 2.62901e-13
2 8.52651e-14
3 -2.4869e-14
2436 3
1 2.53131e-13
2 8.34888e-14
3 -2.30926e-14
2438 3
1 2.53131e-13
2 8.52651e-14
3 -4.79616e-14
2440 3
1 2.74447e-13
2 9.23706e-14
3 -1.95399e-14
2442 3
1 2.56684e-13
2 8.52651e-14
3 -3.37508e-14
2444 3
1 2.64677e-13
2 1.01252e-13
3 -3.19744e-14
2446 3
1 2.56684e-13
2 8.34888e-14
3 -3.9968e-14
2448 3
1 2.69118e-13
2 1.13687e-13
3 -3.19744e-14
2450 3
1 2.80664e-13
2 1.24345e-13
3 -2.30926e-14
2452 3
1 2.67342e-13
2 9.59233e-14
3 -2.66454e-14
2454 3
1 2.70894e-13
2 6.39488e-14
3 -1.5099e-14
2456 3
1 2.45137e-13
2 9.9476e-14
3 -2.75335e-14
2458 3
1 2.83329e-13
2 7.28306e-14
3 -2.13163e-14
2460 3
1 2.81553e-13
2 1.26121e-13
3 -1.33227e-14
2462 3
1 2.63789e-13
2 1.3145e-13
3 -2.13163e-14
2464 3
1 2.59348e-13
2 9.76996e-14
3 -2.22045e-14
2466 3
1 2.6823e-13
2 9.76996e-14
3 -2.66454e-15
2468 3
1 2.46914e-13
2 1.10134e-13
3 -3.55271e-15
2470 3
1 2.82441e-13
2 7.81597e-14
3 -1.24345e-14
2472 3
1 2.78888e-13
2 1.13687e-13
3 -5.32907e-15
2474 3
1 2.60236e-13
2 1.3145e-13
3 -1.59872e-14
2476 3
1 2.5846e-13
2 1.03029e-13
3 -3.90799e-14
2478 3
1 2.77112e-13
2 1.22569e-13
3 7.99361e-15
2480 3
1 2.52243e-13
2 1.59872e-13
3 -3.01981e-14
2482 3
1 2.47802e-13
2 1.06581e-13
3 -1.24345e-14
2484 3
1 2.62013e-13
2 1.24345e-13
3 -1.5099e-14
2486 3
1 2.66454e-13
2 1.1724e-13
3 1.77636e-14
2488 3
1 2.67342e-13
2 9.9476e-14
3 -2.13163e-14
2490 3
1 2.3892e-13
2 1.29674e-13
3 -1.24345e-14
2492 3
1 2.63789e-13
2 1.01252e-13
3 -1.77636e-14
2494 3
1 2.54019e-13
2 9.9476e-14
3 -1.42109e-14
2496 3
1 2.82441e-13
2 1.13687e-13
3 -3.01981e-14
2498 3
1 2.66454e-13
2 1.42109e-13
3 -7.10543e-15
2500 3
1 2.62013e-13
2 1.10134e-13
3 -1.24345e-14
2502 3
1 2.72671e-13
2 1.35003e-13
3 -1.06581e-14
2504 3
1 2.64677e-13
2 1.13687e-13
3 -5.32907e-15
2506 3
1 2.54907e-13
2 1.1191e-13
3 -8.88178e-15
2508 3
1 2.79776e-13
2 8.70415e-14
3 -1.15463e-14
2510 3
1 2.80664e-13
2 9.76996e-14
3 -2.4869e-14
2512 3
1 2.50466e-13
2 1.06581e-13
3 -7.10543e-15
2514 3
1 2.70006e-13
2 9.59233e-14
3 -2.39808e-14
2516 3
1 2.61124e-13
2 1.19016e-13
3 2.66454e-15
2518 3
1 2.46914e-13
2 1.01252e-13
3 -3.4639e-14
2520 3
1 2.82441e-13
2 1.08358e-13
3 -2.13163e-14
2522 3
1 2.78e-13
2 9.59233e-14
3 -2.66454e-15
2524 3
1 2.65565e-13
2 7.81597e-14
3 -8.88178e-15
2526 3
1 2.3892e-13
2 1.04805e-13
3 -3.90799e-14
2528 3
1 2.66454e-13
2 1.19016e-13
3 6.21725e-15
2530 3
1 2.37144e-13
2 1.01252e-13
3 -1.77636e-15
2532 3
1 2.83329e-13
2 9.59233e-14
3 -1.77636e-15
2534 3
1 2.93987e-13
2 1.01252e-13
3 3.55271e-14
2536 3
1 2.46025e-13
2 1.06581e-13
3 -8.88178e-15
2538 3
1 2.78e-13
2 1.1191e-13
3 -1.42109e-14
2540 3
1 2.72671e-13
2 1.33227e-13
3 -1.24345e-14
2542 3
1 2.85993e-13
2 5.86198e-14
3 8.88178e-15
2544 3
1 2.84217e-13
2 1.1724e-13
3 -1.42109e-14
2546 3
1 2.82441e-13
2 1.06581e-13
3 4.44089e-15
2548 3
1 3.09086e-13
2 1.10134e-13
3 -1.59872e-14
2550 3
1 2.73559e-13
2 9.59233e-14
3 3.01981e-14
2552 3
1 2.8777e-13
2 1.1191e-13
3 -4.44089e-15
2554 3
1 2.69118e-13
2 7.63833e-14
3 1.77636e-15
2556 3
1 2.62901e-13
2 1.15463e-13
3 1.59872e-14
2558 3
1 2.89546e-13
2 1.29674e-13
3 -9.76996e-15
2560 3
1 2.76223e-13
2 1.15463e-13
3 9.76996e-15
2562 3
1 2.85105e-13
2 9.23706e-14
3 -1.77636e-15
2564 3
1 2.85105e-13
2 1.1191e-13
3 -2.66454e-15
2566 3
1 2.84217e-13
2 7.81597e-14
3 -2.66454e-15
2568 3
1 3.05533e-13
2 9.23706e-14
3 8.88178e-15
2570 3
1 2.95763e-13
2 7.81597e-14
3 -1.15463e-14
2572 3
1 2.96652e-13
2 6.92779e-14
3 7.99361e-15
2574 3
1 3.03757e-13
2 8.70415e-14
3 -2.22045e-14
2576 3
1 2.93987e-13
2 1.10134e-13
3 1.68754e-14
2578 3
1 2.82441e-13
2 6.03961e-14
3 1.06581e-14
2580 3
1 2.72671e-13
2 9.05942e-14
3 -3.55271e-15
2582 3
1 2.9754e-13
2 6.21725e-14
3 1.77636e-15
2584 3
1 2.93987e-13
2 9.59233e-14
3 -5.32907e-15
2586 3
1 2.74447e-13
2 8.70415e-14
3 1.15463e-14
2588 3
1 2.8777e-13
2 9.41469e-14
3 -7.99361e-15
2590 3
1 2.93987e-13
2 6.57252e-14
3 -1.33227e-14
2592 3
1 3.05533e-13
2 8.88178e-14
3 1.06581e-14
2594 3
1 3.11751e-13
2 7.81597e-14
3 -8.88178e-16
2596 3
1 2.99316e-13
2 8.88178e-14
3 2.4869e-14
2598 3
1 2.99316e-13
2 6.75016e-14
3 -6.21725e-15
2600 3
1 3.2685e-13
2 9.41469e-14
3 -1.95399e-14
2602 3
1 2.88658e-13
2 6.21725e-14
3 -1.68754e-14
2604 3
1 3.21521e-13
2 5.68434e-14
3 -4.44089e-15
2606 3
1 3.09974e-13
2 1.06581e-13
3 -2.04281e-14
2608 3
1 3.04645e-13
2 7.4607e-14
3 -2.84217e-14
2610 3
1 2.85105e-13
2 6.39488e-14
3 -3.37508e-14
2612 3
1 2.93987e-13
2 8.17124e-14
3 -4.35207e-14
2614 3
1 3.02869e-13
2 5.32907e-14
3 1.33227e-14
2616 3
1 3.11751e-13
2 8.88178e-14
3 -9.76996e-15
2618 3
1 2.73559e-13
2 4.44089e-14
3 -1.06581e-14
2620 3
1 3.19744e-13
2 5.68434e-14
3 -3.19744e-14
2622 3
1 2.96652e-13
2 7.4607e-14
3 -7.10543e-15
2624 3
1 3.02869e-13
2 6.75016e-14
3 -3.90799e-14
2626 3
1 2.92211e-13
2 8.34888e-14
3 -1.42109e-14
2628 3
1 3.00204e-13
2 8.70415e-14
3 -1.42109e-14
2630 3
1 3.03757e-13
2 8.52651e-14
3 -5.32907e-15
2632 3
1 2.94875e-13
2 7.99361e-14
3 -4.26326e-14
2634 3
1 2.90434e-13
2 7.81597e-14
3 -4.17444e-14
2636 3
1 3.23297e-13
2 9.41469e-14
3 8.88178e-15
2638 3
1 3.20632e-13
2 6.39488e-14
3 3.55271e-15
2640 3
1 3.09974e-13
2 5.32907e-14
3 -1.95399e-14
2642 3
1 3.05533e-13
2 1.04805e-13
3 -2.13163e-14
2644 3
1 3.17968e-13
2 7.10543e-14
3 -7.99361e-15
2646 3
1 3.04645e-13
2 8.52651e-14
3 1.59872e-14
2648 3
1 2.94875e-13
2 6.57252e-14
3 -3.55271e-15
2650 3
1 2.94875e-13
2 6.39488e-14
3 -7.99361e-15
2652 3
1 2.74447e-13
2 1.06581e-13
3 1.77636e-15
2654 3
1 2.85993e-13
2 9.59233e-14
3 -3.19744e-14
2656 3
1 2.92211e-13
2 6.57252e-14
3 2.13163e-14
2658 3
1 2.9754e-13
2 7.4607e-14
3 6.21725e-15
2660 3
1 2.86882e-13
2 9.9476e-14
3 -1.59872e-14
2662 3
1 2.6823e-13
2 6.92779e-14
3 -2.04281e-14
2664 3
1 2.99316e-13
2 9.9476e-14
3 1.77636e-15
2666 3
1 2.66454e-13
2 1.03029e-13
3 -6.21725e-15
2668 3
1 2.9754e-13
2 8.88178e-14
3 -8.88178e-15
2670 3
1 2.72671e-13
2 7.28306e-14
3 -1.95399e-14
2672 3
1 2.85993e-13
2 9.23706e-14
3 3.55271e-15
2674 3
1 2.94875e-13
2 1.1724e-13
3 -2.04281e-14
2676 3
1 3.01092e-13
2 7.99361e-14
3 9.76996e-15
2678 3
1 3.01981e-13
2 7.4607e-14
3 -3.55271e-15
2680 3
1 2.77112e-13
2 6.92779e-14
3 -1.24345e-14
2682 3
1 2.79776e-13
2 8.34888e-14
3 7.10543e-15
2684 3
1 2.75335e-13
2 7.81597e-14
3 2.30926e-14
2686 3
1 2.84217e-13
2 4.79616e-14
3 1.59872e-14
2688 3
1 3.06422e-13
2 7.99361e-14
3 1.24345e-14
2690 3
1 2.64677e-13
2 5.86198e-14
3 2.22045e-14
2692 3
1 2.75335e-13
2 1.03029e-13
3 -1.15463e-14
2694 3
1 2.56684e-13
2 9.76996e-14
3 7.10543e-15
2696 3
1 2.70006e-13
2 5.68434e-14
3 -2.57572e-14
2698 3
1 2.72671e-13
2 7.10543e-14
3 -3.10862e-14
2700 3
1 2.5846e-13
2 7.99361e-14
3 1.77636e-15
2702 3
1 2.70006e-13
2 9.05942e-14
3 -3.55271e-15
2704 3
1 2.64677e-13
2 7.28306e-14
3 -3.10862e-14
2706 3
1 2.65565e-13
2 7.81597e-14
3 -1.77636e-15
2708 3
1 2.5846e-13
2 6.57252e-14
3 -1.59872e-14
2710 3
1 2.43361e-13
2 6.57252e-14
3 -8.88178e-15
2712 3
1 2.60236e-13
2 7.63833e-14
3 -1.86517e-14
2714 3
1 2.41585e-13
2 7.81597e-14
3 -1.77636e-15
2716 3
1 2.70894e-13
2 8.17124e-14
3 4.44089e-15
2718 3
1 2.51354e-13
2 7.4607e-14
3 2.13163e-14
2720 3
1 2.34479e-13
2 7.81597e-14
3 -8.88178e-15
2722 3
1 2.88658e-13
2 6.21725e-14
3 7.99361e-15
2724 3
1 2.78888e-13
2 6.03961e-14
3 -1.77636e-14
2726 3
1 2.54019e-13
2 6.03961e-14
3 -2.66454e-15
2728 3
1 2.80664e-13
2 7.10543e-14
3 8.88178e-15
2730 3
1 2.84217e-13
2 7.63833e-14
3 -2.30926e-14
2732 3
1 2.49578e-13
2 8.52651e-14
3 -3.55271e-15
2734 3
1 2.47802e-13
2 1.22569e-13
3 1.86517e-14
2736 3
1 2.63789e-13
2 4.9738e-14
3 -7.99361e-15
2738 3
1 2.62013e-13
2 8.17124e-14
3 -4.44089e-15
2740 3
1 2.61124e-13
2 6.39488e-14
3 -9.76996e-15
2742 3
1 2.61124e-13
2 8.52651e-14
3 1.24345e-14
2744 3
1 2.59348e-13
2 6.75016e-14
3 -1.77636e-14
2746 3
1 2.75335e-13
2 7.99361e-14
3 -8.88178e-15
2748 3
1 2.80664e-13
2 9.05942e-14
3 -3.55271e-15
2750 3
1 2.44249e-13
2 6.92779e-14
3 -7.10543e-15
2752 3
1 2.55795e-13
2 6.03961e-14
3 8.88178e-16
2754 3
1 2.74447e-13
2 6.92779e-14
3 8.88178e-16
2756 3
1 2.47802e-13
2 4.9738e-14
3 8.88178e-15
2758 3
1 2.45137e-13
2 9.9476e-14
3 2.75335e-14
2760 3
1 2.67342e-13
2 6.39488e-14
3 2.66454e-14
2762 3
1 2.83329e-13
2 4.44089e-14
3 0
2764 3
1 2.52243e-13
2 5.86198e-14
3 -8.88178e-16
2766 3
1 2.65565e-13
2 7.10543e-14
3 6.21725e-15
2768 3
1 2.53131e-13
2 7.63833e-14
3 -1.15463e-14
2770 3
1 2.67342e-13
2 4.61853e-14
3 2.4869e-14
2772 3
1 2.85105e-13
2 6.75016e-14
3 3.55271e-15
2774 3
1 2.5846e-13
2 6.75016e-14
3 3.55271e-15
2776 3
1 2.4869e-13
2 7.63833e-14
3 2.57572e-14
2778 3
1 2.74447e-13
2 6.39488e-14
3 1.5099e-14
2780 3
1 2.5846e-13
2 7.28306e-14
3 2.84217e-14
2782 3
1 2.91323e-13
2 5.68434e-14
3 2.04281e-14
2784 3
1 2.82441e-13
2 7.63833e-14
3 -7.99361e-15
2786 3
1 2.53131e-13
2 8.34888e-14
3 2.4869e-14
2788 3
1 2.80664e-13
2 5.32907e-14
3 2.13163e-14
2790 3
1 2.61124e-13
2 9.9476e-14
3 1.59872e-14
2792 3
1 2.75335e-13
2 6.57252e-14
3 2.04281e-14
2794 3
1 2.55795e-13
2 6.75016e-14
3 1.5099e-14
2796 3
1 2.66454e-13
2 6.21725e-14
3 7.99361e-15
2798 3
1 2.63789e-13
2 9.23706e-14
3 1.59872e-14
2800 3
1 2.70006e-13
2 6.21725e-14
3 1.33227e-14
2802 3
1 2.53131e-13
2 7.28306e-14
3 -5.32907e-15
2804 3
1 2.57572e-13
2 7.10543e-14
3 -8.88178e-15
2806 3
1 2.46025e-13
2 6.21725e-14
3 0
2808 3
1 2.5846e-13
2 5.86198e-14
3 8.88178e-16
2810 3
1 2.34479e-13
2 6.75016e-14
3 -4.44089e-15
2812 3
1 2.74447e-13
2 6.03961e-14
3 0
2814 3
1 2.81553e-13
2 6.57252e-14
3 -3.28626e-14
2816 3
1 2.71783e-13
2 5.15143e-14
3 -2.30926e-14
2818 3
1 2.69118e-13
2 5.32907e-14
3 -1.59872e-14
2820 3
1 2.72671e-13
2 7.99361e-14
3 -2.22045e-14
2822 3
1 2.79776e-13
2 5.68434e-14
3 -1.24345e-14
2824 3
1 2.62013e-13
2 8.88178e-14
3 -9.76996e-15
2826 3
1 2.51354e-13
2 7.28306e-14
3 -3.55271e-15
2828 3
1 2.54907e-13
2 6.57252e-14
3 2.04281e-14
2830 3
1 3.04645e-13
2 9.05942e-14
3 -2.30926e-14
2832 3
1 2.60236e-13
2 8.17124e-14
3 -1.06581e-14
2834 3
1 2.74447e-13
2 8.17124e-14
3 -1.77636e-14
2836 3
1 2.88658e-13
2 6.39488e-14
3 -1.59872e-14
2838 3
1 2.70006e-13
2 3.01981e-14
3 -1.77636e-14
2840 3
1 2.8777e-13
2 5.15143e-14
3 -2.75335e-14
2842 3
1 2.86882e-13
2 4.79616e-14
3 -5.68434e-14
2844 3
1 2.82441e-13
2 7.63833e-14
3 -7.10543e-15
2846 3
1 2.84217e-13
2 5.50671e-14
3 -1.59872e-14
2848 3
1 2.60236e-13
2 7.10543e-14
3 -1.68754e-14
2850 3
1 2.72671e-13
2 5.15143e-14
3 -3.37508e-14
2852 3
1 2.72671e-13
2 6.75016e-14
3 -1.24345e-14
2854 3
1 2.79776e-13
2 5.50671e-14
3 -3.01981e-14
2856 3
1 2.81553e-13
2 6.39488e-14
3 -1.24345e-14
2858 3
1 2.6823e-13
2 7.28306e-14
3 1.68754e-14
2860 3
1 2.61124e-13
2 6.75016e-14
3 -1.95399e-14
2862 3
1 2.77112e-13
2 3.55271e-14
3 -3.19744e-14
2864 3
1 2.45137e-13
2 5.32907e-14
3 -1.42109e-14
2866 3
1 2.90434e-13
2 7.4607e-14
3 -2.30926e-14
2868 3
1 2.59348e-13
2 4.9738e-14
3 -5.06262e-14
2870 3
1 2.78888e-13
2 9.59233e-14
3 1.42109e-14
2872 3
1 3.06422e-13
2 6.03961e-14
3 -2.84217e-14
2874 3
1 3.14415e-13
2 3.55271e-14
3 -1.06581e-14
2876 3
1 3.01092e-13
2 4.9738e-14
3 -7.10543e-15
2878 3
1 2.99316e-13
2 4.79616e-14
3 -8.88178e-15
2880 3
1 2.82441e-13
2 3.73035e-14
3 -1.42109e-14
2882 3
1 2.82441e-13
2 9.59233e-14
3 -1.42109e-14
2884 3
1 2.91323e-13
2 3.19744e-14
3 -5.32907e-15
2886 3
1 3.10862e-13
2 4.26326e-14
3 -3.4639e-14
2888 3
1 2.5846e-13
2 3.55271e-14
3 -6.21725e-15
2890 3
1 2.6823e-13
2 5.15143e-14
3 -2.66454e-14
2892 3
1 2.96652e-13
2 9.59233e-14
3 -2.84217e-14
2894 3
1 2.95763e-13
2 6.57252e-14
3 -2.13163e-14
2896 3
1 2.83329e-13
2 5.32907e-14
3 -1.77636e-14
2898 3
1 2.80664e-13
2 5.50671e-14
3 -2.66454e-14
2900 3
1 2.78e-13
2 4.61853e-14
3 -2.39808e-14
2902 3
1 2.73559e-13
2 7.81597e-14
3 -2.57572e-14
2904 3
1 3.04645e-13
2 9.23706e-14
3 8.88178e-16
2906 3
1 2.86882e-13
2 3.19744e-14
3 -3.01981e-14
2908 3
1 2.9754e-13
2 7.81597e-14
3 6.21725e-15
2910 3
1 2.75335e-13
2 8.52651e-14
3 -2.75335e-14
2912 3
1 2.5846e-13
2 6.75016e-14
3 -1.24345e-14
2914 3
1 2.75335e-13
2 4.61853e-14
3 -5.32907e-15
2916 3
1 2.78888e-13
2 5.68434e-14
3 -1.15463e-14
2918 3
1 2.71783e-13
2 3.55271e-14
3 -2.30926e-14
2920 3
1 2.6823e-13
2 8.88178e-14
3 -1.59872e-14
2922 3
1 2.81553e-13
2 6.57252e-14
3 -4.26326e-14
2924 3
1 2.69118e-13
2 6.57252e-14
3 -2.04281e-14
2926 3
1 2.70894e-13
2 4.26326e-14
3 -8.17124e-14
2928 3
1 2.74447e-13
2 6.39488e-14
3 -2.04281e-14
2930 3
1 2.85105e-13
2 8.88178e-14
3 -1.68754e-14
2932 3
1 2.81553e-13
2 6.39488e-14
3 -2.30926e-14
2934 3
1 2.50466e-13
2 4.61853e-14
3 -1.59872e-14
2936 3
1 2.78e-13
2 6.75016e-14
3 -2.84217e-14
2938 3
1 2.74447e-13
2 7.10543e-14
3 -1.42109e-14
2940 3
1 2.85105e-13
2 6.39488e-14
3 -2.13163e-14
2942 3
1 2.93987e-13
2 8.17124e-14
3 -4.17444e-14
2944 3
1 2.70894e-13
2 7.81597e-14
3 -3.37508e-14
2946 3
1 2.52243e-13
2 7.10543e-14
3 -3.28626e-14
2948 3
1 2.51354e-13
2 5.32907e-14
3 -4.52971e-14
2950 3
1 2.70894e-13
2 7.10543e-14
3 -3.73035e-14
2952 3
1 2.80664e-13
2 3.01981e-14
3 -1.06581e-14
2954 3
1 2.92211e-13
2 6.92779e-14
3 -2.13163e-14
2956 3
1 2.73559e-13
2 6.21725e-14
3 -1.86517e-14
2958 3
1 2.5846e-13
2 8.88178e-14
3 -1.24345e-14
2960 3
1 2.81553e-13
2 5.32907e-14
3 -4.35207e-14
2962 3
1 2.90434e-13
2 7.4607e-14
3 -1.33227e-14
2964 3
1 2.62013e-13
2 7.28306e-14
3 3.55271e-15
2966 3
1 2.74447e-13
2 8.70415e-14
3 -3.64153e-14
2968 3
1 2.78e-13
2 4.79616e-14
3 -1.06581e-14
2970 3
1 2.45137e-13
2 2.84217e-14
3 -1.77636e-15
2972 3
1 2.80664e-13
2 8.17124e-14
3 -1.15463e-14
2974 3
1 2.60236e-13
2 2.66454e-14
3 -1.42109e-14
2976 3
1 2.44249e-13
2 6.57252e-14
3 -4.44089e-14
2978 3
1 2.71783e-13
2 4.9738e-14
3 -3.10862e-14
2980 3
1 2.65565e-13
2 6.03961e-14
3 -3.19744e-14
2982 3
1 2.6823e-13
2 3.73035e-14
3 -2.04281e-14
2984 3
1 2.65565e-13
2 5.32907e-14
3 -3.55271e-14
2986 3
1 2.4869e-13
2 4.26326e-14
3 -1.06581e-14
2988 3
1 2.46025e-13
2 3.19744e-14
3 -3.28626e-14
2990 3
1 2.72671e-13
2 6.39488e-14
3 1.06581e-14
2992 3
1 2.70894e-13
2 6.75016e-14
3 -2.84217e-14
2994 3
1 2.44249e-13
2 3.01981e-14
3 -1.33227e-14
2996 3
1 2.50466e-13
2 5.68434e-14
3 -1.77636e-14
2998 3
1 2.62013e-13
2 6.92779e-14
3 1.15463e-14
3000 3
1 2.50466e-13
2 2.84217e-14
3 -1.95399e-14
3002 3
1 2.64677e-13
2 8.34888e-14
3 -1.68754e-14
3004 3
1 2.72671e-13
2 6.03961e-14
3 -1.77636e-14
3006 3
1 2.78e-13
2 4.08562e-14
3 -1.59872e-14
3008 3
1 2.65565e-13
2 4.44089e-14
3 -2.75335e-14
3010 3
1 2.77112e-13
2 5.68434e-14
3 -1.42109e-14
3012 3
1 2.77112e-13
2 6.57252e-14
3 -4.9738e-14
3014 3
1 2.67342e-13
2 6.92779e-14
3 -1.95399e-14
3016 3
1 2.79776e-13
2 7.99361e-14
3 7.99361e-15
3018 3
1 2.90434e-13
2 5.15143e-14
3 -9.76996e-15
3020 3
1 2.50466e-13
2 7.99361e-14
3 -4.08562e-14
3022 3
1 2.52243e-13
2 3.55271e-14
3 -4.26326e-14
3024 3
1 2.53131e-13
2 4.9738e-14
3 -2.93099e-14
3026 3
1 2.63789e-13
2 4.9738e-14
3 -3.81917e-14
3028 3
1 2.49578e-13
2 6.75016e-14
3 -1.59872e-14
3030 3
1 2.54019e-13
2 5.50671e-14
3 -2.75335e-14
3032 3
1 2.71783e-13
2 6.75016e-14
3 -1.06581e-14
3034 3
1 2.54019e-13
2 9.23706e-14
3 -2.84217e-14
3036 3
1 2.54019e-13
2 1.77636e-14
3 -1.42109e-14
3038 3
1 2.61124e-13
2 5.32907e-14
3 5.32907e-15
3040 3
1 2.54019e-13
2 8.17124e-14
3 -1.59872e-14
3042 3
1 2.50466e-13
2 6.92779e-14
3 -1.95399e-14
3044 3
1 2.4869e-13
2 6.21725e-14
3 3.55271e-15
3046 3
1 2.63789e-13
2 2.30926e-14
3 -1.06581e-14
3048 3
1 2.42473e-13
2 3.19744e-14
3 -2.39808e-14
3050 3
1 2.66454e-13
2 6.39488e-14
3 8.88178e-16
3052 3
1 2.23821e-13
2 9.05942e-14
3 -8.88178e-15
3054 3
1 2.67342e-13
2 5.68434e-14
3 -2.84217e-14
3056 3
1 2.52243e-13
2 8.88178e-15
3 8.88178e-15
3058 3
1 2.51354e-13
2 3.73035e-14
3 1.77636e-15
3060 3
1 2.40696e-13
2 4.9738e-14
3 -1.95399e-14
3062 3
1 2.52243e-13
2 7.63833e-14
3 -7.10543e-15
3064 3
1 2.63789e-13
2 5.68434e-14
3 -3.55271e-15
3066 3
1 2.36255e-13
2 3.55271e-14
3 8.88178e-15
3068 3
1 2.65565e-13
2 6.75016e-14
3 -8.88178e-16
3070 3
1 2.65565e-13
2 4.08562e-14
3 1.77636e-15
3072 3
1 2.61124e-13
2 6.03961e-14
3 -7.10543e-15
3074 3
1 2.5846e-13
2 5.68434e-14
3 -1.15463e-14
3076 3
1 2.65565e-13
2 4.44089e-14
3 -2.13163e-14
3078 3
1 2.31815e-13
2 2.13163e-14
3 -2.30926e-14
3080 3
1 2.62901e-13
2 4.26326e-14
3 1.95399e-14
3082 3
1 2.52243e-13
2 4.44089e-14
3 -2.57572e-14
3084 3
1 2.65565e-13
2 4.79616e-14
3 1.33227e-14
3086 3
1 2.72671e-13
2 6.75016e-14
3 -7.99361e-15
3088 3
1 2.46025e-13
2 7.10543e-14
3 -2.30926e-14
3090 3
1 2.39808e-13
2 4.79616e-14
3 -1.59872e-14
3092 3
1 2.5846e-13
2 2.84217e-14
3 8.88178e-16
3094 3
1 2.5846e-13
2 3.90799e-14
3 2.4869e-14
3096 3
1 2.45137e-13
2 5.68434e-14
3 0
3098 3
1 2.76223e-13
2 4.9738e-14
3 -4.44089e-15
3100 3
1 2.62901e-13
2 1.24345e-14
3 -5.32907e-15
3102 3
1 2.63789e-13
2 3.55271e-14
3 -3.64153e-14
3104 3
1 2.63789e-13
2 3.90799e-14
3 -4.9738e-14
3106 3
1 2.22045e-13
2 4.08562e-14
3 7.99361e-15
3108 3
1 2.50466e-13
2 2.84217e-14
3 1.77636e-15
3110 3
1 2.46025e-13
2 3.73035e-14
3 -1.86517e-14
3112 3
1 2.35367e-13
2 3.37508e-14
3 -3.01981e-14
3114 3
1 2.34479e-13
2 3.01981e-14
3 -8.88178e-15
3116 3
1 2.33591e-13
2 4.08562e-14
3 -3.90799e-14
3118 3
1 2.44249e-13
2 2.84217e-14
3 -2.84217e-14
3120 3
1 2.64677e-13
2 2.84217e-14
3 -1.33227e-14
3122 3
1 2.24709e-13
2 2.13163e-14
3 -4.61853e-14
3124 3
1 2.26485e-13
2 5.86198e-14
3 -2.22045e-14
3126 3
1 2.55795e-13
2 3.37508e-14
3 -2.66454e-14
3128 3
1 2.73559e-13
2 8.88178e-15
3 -3.10862e-14
3130 3
1 2.56684e-13
2 3.37508e-14
3 -1.77636e-14
3132 3
1 2.32703e-13
2 3.55271e-14
3 -1.77636e-15
3134 3
1 2.37144e-13
2 2.66454e-14
3 -4.17444e-14
3136 3
1 2.41585e-13
2 6.03961e-14
3 -1.15463e-14
3138 3
1 2.28262e-13
2 4.61853e-14
3 1.77636e-15
3140 3
1 2.30926e-13
2 6.57252e-14
3 -3.37508e-14
3142 3
1 2.26485e-13
2 5.86198e-14
3 -3.4639e-14
3144 3
1 2.37144e-13
2 4.9738e-14
3 -2.13163e-14
3146 3
1 2.41585e-13
2 6.92779e-14
3 -3.01981e-14
3148 3
1 2.37144e-13
2 6.21725e-14
3 -2.66454e-15
3150 3
1 2.30926e-13
2 7.10543e-15
3 -1.95399e-14
3152 3
1 2.41585e-13
2 4.61853e-14
3 -1.5099e-14
3154 3
1 2.30926e-13
2 2.66454e-14
3 -5.32907e-15
3156 3
1 2.61124e-13
2 5.68434e-14
3 2.66454e-15
3158 3
1 2.20268e-13
2 2.84217e-14
3 3.55271e-15
3160 3
1 2.45137e-13
2 0
3 -1.24345e-14
3162 3
1 2.17604e-13
2 5.86198e-14
3 -1.15463e-14
3164 3
1 2.51354e-13
2 -5.32907e-15
3 1.24345e-14
3166 3
1 2.39808e-13
2 3.01981e-14
3 -7.99361e-15
3168 3
1 2.31815e-13
2 7.99361e-14
3 5.32907e-15
3170 3
1 2.54907e-13
2 2.4869e-14
3 -1.06581e-14
3172 3
1 2.70894e-13
2 3.19744e-14
3 -3.19744e-14
3174 3
1 2.13163e-13
2 2.13163e-14
3 -3.37508e-14
3176 3
1 2.50466e-13
2 4.61853e-14
3 -4.61853e-14
3178 3
1 2.24709e-13
2 4.61853e-14
3 -2.13163e-14
3180 3
1 2.41585e-13
2 4.08562e-14
3 -2.30926e-14
3182 3
1 2.2915e-13
2 5.32907e-14
3 0
3184 3
1 2.46914e-13
2 5.32907e-14
3 -2.13163e-14
3186 3
1 2.63789e-13
2 7.63833e-14
3 -2.4869e-14
3188 3
1 2.28262e-13
2 2.30926e-14
3 0
3190 3
1 2.31815e-13
2 2.30926e-14
3 -3.19744e-14
3192 3
1 2.64677e-13
2 3.19744e-14
3 -3.55271e-15
3194 3
1 2.46914e-13
2 4.08562e-14
3 -1.06581e-14
3196 3
1 2.43361e-13
2 4.44089e-14
3 -6.21725e-15
3198 3
1 2.66454e-13
2 5.50671e-14
3 3.55271e-15
3200 3
1 2.44249e-13
2 1.95399e-14
3 -1.06581e-14
3202 3
1 2.41585e-13
2 2.84217e-14
3 -2.66454e-15
3204 3
1 2.32703e-13
2 3.55271e-14
3 -7.10543e-15
3206 3
1 2.50466e-13
2 6.92779e-14
3 -1.42109e-14
3208 3
1 2.24709e-13
2 4.79616e-14
3 -2.4869e-14
3210 3
1 2.56684e-13
2 4.79616e-14
3 -2.30926e-14
3212 3
1 2.5846e-13
2 2.84217e-14
3 -3.01981e-14
3214 3
1 2.54019e-13
2 4.26326e-14
3 1.06581e-14
3216 3
1 2.18492e-13
2 3.55271e-14
3 -6.12843e-14
3218 3
1 2.65565e-13
2 4.61853e-14
3 -1.33227e-14
3220 3
1 2.67342e-13
2 7.63833e-14
3 -1.59872e-14
3222 3
1 2.55795e-13
2 4.61853e-14
3 -4.26326e-14
3224 3
1 2.40696e-13
2 -3.55271e-15
3 -5.32907e-15
3226 3
1 2.60236e-13
2 5.86198e-14
3 -8.88178e-15
3228 3
1 2.32703e-13
2 3.55271e-14
3 -3.90799e-14
3230 3
1 2.60236e-13
2 5.68434e-14
3 -3.19744e-14
3232 3
1 2.31815e-13
2 2.84217e-14
3 -1.77636e-14
3234 3
1 2.4869e-13
2 6.92779e-14
3 -1.5099e-14
3236 3
1 2.45137e-13
2 6.21725e-14
3 -3.19744e-14
3238 3
1 2.52243e-13
2 3.73035e-14
3 -2.57572e-14
3240 3
1 2.36255e-13
2 5.68434e-14
3 -2.84217e-14
3242 3
1 2.17604e-13
2 2.30926e-14
3 -2.30926e-14
3244 3
1 2.44249e-13
2 3.90799e-14
3 -2.30926e-14
3246 3
1 2.70006e-13
2 4.08562e-14
3 -3.55271e-14
3248 3
1 2.55795e-13
2 2.13163e-14
3 -7.10543e-15
3250 3
1 2.49578e-13
2 6.39488e-14
3 -4.26326e-14
3252 3
1 2.41585e-13
2 7.4607e-14
3 -4.79616e-14
3254 3
1 2.28262e-13
2 3.90799e-14
3 -2.57572e-14
3256 3
1 2.45137e-13
2 5.50671e-14
3 -2.22045e-14
3258 3
1 2.63789e-13
2 6.75016e-14
3 -3.9968e-14
3260 3
1 2.24709e-13
2 5.06262e-14
3 -4.44089e-14
3262 3
1 2.37144e-13
2 6.12843e-14
3 -7.10543e-15
3264 3
1 2.30038e-13
2 5.86198e-14
3 -1.95399e-14
3266 3
1 2.38032e-13
2 2.30926e-14
3 -3.28626e-14
3268 3
1 2.40696e-13
2 4.26326e-14
3 -4.61853e-14
3270 3
1 2.50466e-13
2 6.57252e-14
3 -6.75016e-14
3272 3
1 2.53131e-13
2 4.79616e-14
3 -6.21725e-15
3274 3
1 2.44249e-13
2 5.32907e-14
3 -4.26326e-14
3276 3
1 2.41585e-13
2 1.59872e-14
3 -4.35207e-14
3278 3
1 2.49578e-13
2 1.77636e-14
3 -1.24345e-14
3280 3
1 2.44249e-13
2 3.10862e-14
3 -4.08562e-14
3282 3
1 2.39808e-13
2 3.28626e-14
3 -3.81917e-14
3284 3
1 2.54019e-13
2 5.32907e-14
3 -1.77636e-14
3286 3
1 2.36255e-13
2 5.86198e-14
3 -2.66454e-15
3288 3
1 2.43361e-13
2 5.41789e-14
3 -4.88498e-14
3290 3
1 2.54019e-13
2 8.79297e-14
3 -3.10862e-14
3292 3
1 2.2915e-13
2 5.32907e-14
3 -2.04281e-14
3294 3
1 2.56684e-13
2 6.12843e-14
3 -1.59872e-14
3296 3
1 2.38032e-13
2 3.37508e-14
3 -3.90799e-14
3298 3
1 2.50466e-13
2 2.30926e-14
3 -7.10543e-15
3300 3
1 2.31815e-13
2 2.39808e-14
3 -4.26326e-14
3302 3
1 2.34479e-13
2 2.22045e-14
3 -2.4869e-14
3304 3
1 2.33591e-13
2 3.28626e-14
3 -3.01981e-14
3306 3
1 2.50466e-13
2 4.44089e-14
3 -4.26326e-14
3308 3
1 2.51354e-13
2 4.61853e-14
3 -1.42109e-14
3310 3
1 2.55795e-13
2 5.59552e-14
3 -4.08562e-14
3312 3
1 2.46914e-13
2 5.06262e-14
3 -2.66454e-15
3314 3
1 2.50466e-13
2 7.4607e-14
3 -3.19744e-14
3316 3
1 2.65565e-13
2 3.73035e-14
3 -3.73035e-14
3318 3
1 2.49578e-13
2 4.9738e-14
3 -1.68754e-14
3320 3
1 2.43361e-13
2 4.35207e-14
3 -1.5099e-14
3322 3
1 2.52243e-13
2 3.4639e-14
3 -5.15143e-14
3324 3
1 2.44249e-13
2 6.92779e-14
3 -1.77636e-14
3326 3
1 2.61124e-13
2 3.64153e-14
3 -1.68754e-14
3328 3
1 2.47802e-13
2 6.57252e-14
3 -1.95399e-14
3330 3
1 2.41585e-13
2 4.52971e-14
3 -3.55271e-15
3332 3
1 2.14051e-13
2 7.19425e-14
3 -3.55271e-14
3334 3
1 2.55795e-13
2 6.03961e-14
3 -5.86198e-14
3336 3
1 2.36255e-13
2 7.28306e-14
3 -2.57572e-14
3338 3
1 2.44249e-13
2 6.57252e-14
3 -4.79616e-14
3340 3
1 2.50466e-13
2 8.52651e-14
3 -1.06581e-14
3342 3
1 2.57572e-13
2 8.26006e-14
3 -1.86517e-14
3344 3
1 2.56684e-13
2 4.79616e-14
3 -3.73035e-14
3346 3
1 2.76223e-13
2 6.12843e-14
3 -2.93099e-14
3348 3
1 2.63789e-13
2 6.4837e-14
3 -2.66454e-14
3350 3
1 2.66454e-13
2 7.10543e-14
3 -4.26326e-14
3352 3
1 2.93099e-13
2 1.04805e-13
3 -5.50671e-14
3354 3
1 2.75335e-13
2 7.90479e-14
3 -3.73035e-14
3356 3
1 2.50466e-13
2 7.99361e-14
3 -2.93099e-14
3358 3
1 2.43361e-13
2 7.01661e-14
3 -1.59872e-14
3360 3
1 2.53131e-13
2 7.99361e-14
3 -3.64153e-14
3362 3
1 2.37144e-13
2 6.12843e-14
3 -3.90799e-14
3364 3
1 2.39808e-13
2 8.70415e-14
3 3.55271e-15
3366 3
1 2.37588e-13
2 7.81597e-14
3 -3.73035e-14
3368 3
1 2.84217e-13
2 7.99361e-14
3 -7.99361e-15
3370 3
1 2.45137e-13
2 5.9508e-14
3 -3.37508e-14
3372 3
1 2.4869e-13
2 5.15143e-14
3 -3.19744e-14
3374 3
1 2.46025e-13
2 8.9706e-14
3 6.21725e-15
3376 3
1 2.54907e-13
2 8.17124e-14
3 -2.4869e-14
3378 3
1 2.33591e-13
2 1.10134e-13
3 -1.68754e-14
3380 3
1 2.63789e-13
2 8.52651e-14
3 -2.39808e-14
3382 3
1 2.42473e-13
2 9.85878e-14
3 -2.22045e-14
3384 3
1 2.3892e-13
2 9.05942e-14
3 -2.13163e-14
3386 3
1 2.61124e-13
2 1.03917e-13
3 -3.37508e-14
3388 3
1 2.45581e-13
2 7.54952e-14
3 -3.37508e-14
3390 3
1 2.66009e-13
2 9.68114e-14
3 -2.30926e-14
3392 3
1 2.45581e-13
2 8.17124e-14
3 -3.19744e-14
3394 3
1 2.37144e-13
2 1.00364e-13
3 -3.55271e-15
3396 3
1 2.36255e-13
2 7.28306e-14
3 -3.19744e-14
3398 3
1 2.33591e-13
2 8.34888e-14
3 -3.9968e-14
3400 3
1 2.52243e-13
2 8.61533e-14
3 -3.01981e-14
3402 3
1 2.54019e-13
2 8.17124e-14
3 -2.22045e-14
3404 3
1 2.25597e-13
2 1.0747e-13
3 -1.59872e-14
3406 3
1 2.26485e-13
2 8.17124e-14
3 -3.37508e-14
3408 3
1 2.40252e-13
2 8.79297e-14
3 -2.30926e-14
3410 3
1 1.84741e-13
2 1.06581e-13
3 -4.26326e-14
3412 3
1 2.21601e-13
2 8.79297e-14
3 -5.24025e-14
3414 3
1 2.51799e-13
2 7.81597e-14
3 -4.44089e-14
3416 3
1 2.01172e-13
2 9.68114e-14
3 -4.26326e-14
3418 3
1 2.33591e-13
2 6.75016e-14
3 -3.37508e-14
3420 3
1 2.30926e-13
2 8.70415e-14
3 -2.66454e-14
3422 3
1 2.49578e-13
2 1.10134e-13
3 -2.04281e-14
3424 3
1 2.2915e-13
2 9.05942e-14
3 -4.52971e-14
3426 3
1 2.03393e-13
2 9.59233e-14
3 -1.33227e-14
3428 3
1 2.13163e-13
2 1.0747e-13
3 -3.19744e-14
3430 3
1 2.44249e-13
2 5.24025e-14
3 -2.66454e-14
3432 3
1 2.2915e-13
2 5.86198e-14
3 -4.61853e-14
3434 3
1 2.2693e-13
2 8.70415e-14
3 -3.19744e-14
3436 3
1 2.55351e-13
2 1.0747e-13
3 -4.9738e-14
3438 3
1 2.15827e-13
2 1.26121e-13
3 -3.10862e-14
3440 3
1 2.30038e-13
2 9.76996e-14
3 -3.19744e-14
3442 3
1 2.18492e-13
2 7.01661e-14
3 -6.30607e-14
3444 3
1 2.38032e-13
2 1.01252e-13
3 -3.28626e-14
3446 3
1 2.30926e-13
2 7.72715e-14
3 -2.66454e-14
3448 3
1 2.12275e-13
2 1.08358e-13
3 -5.50671e-14
3450 3
1 2.23377e-13
2 8.26006e-14
3 -3.37508e-14
3452 3
1 2.05169e-13
2 1.06581e-13
3 -6.03961e-14
3454 3
1 2.28262e-13
2 9.59233e-14
3 -5.41789e-14
3456 3
1 2.06057e-13
2 1.02141e-13
3 -2.30926e-14
3458 3
1 2.26485e-13
2 8.61533e-14
3 -5.32907e-14
3460 3
1 2.09166e-13
2 7.72715e-14
3 -6.4837e-14
3462 3
1 2.24709e-13
2 6.30607e-14
3 -3.01981e-14
3464 3
1 2.2693e-13
2 9.9476e-14
3 -2.4869e-14
3466 3
1 2.14051e-13
2 9.76996e-14
3 -1.77636e-14
3468 3
1 2.0961e-13
2 9.68114e-14
3 -2.4869e-14
3470 3
1 2.06057e-13
2 7.01661e-14
3 -4.08562e-14
3472 3
1 2.04281e-13
2 8.43769e-14
3 -2.13163e-14
3474 3
1 2.26485e-13
2 9.76996e-14
3 -1.24345e-14
3476 3
1 2.44249e-13
2 9.59233e-14
3 -1.59872e-14
3478 3
1 2.08278e-13
2 6.66134e-14
3 -1.42109e-14
3480 3
1 2.49578e-13
2 7.19425e-14
3 -4.88498e-14
3482 3
1 2.17604e-13
2 4.70735e-14
3 -4.17444e-14
3484 3
1 2.23821e-13
2 5.41789e-14
3 -5.32907e-14
3486 3
1 2.26485e-13
2 7.28306e-14
3 -1.86517e-14
3488 3
1 2.05169e-13
2 8.79297e-14
3 -3.4639e-14
3490 3
1 1.9984e-13
2 4.44089e-14
3 -3.01981e-14
3492 3
1 2.1938e-13
2 5.86198e-14
3 -2.04281e-14
3494 3
1 2.29594e-13
2 9.76996e-15
3 -1.24345e-14
3496 3
1 2.27374e-13
2 5.32907e-14
3 -2.22045e-14
3498 3
1 2.69118e-13
2 5.86198e-14
3 -1.95399e-14
3500 3
1 2.27374e-13
2 8.17124e-14
3 -2.57572e-14
3502 3
1 2.15827e-13
2 8.17124e-14
3 -5.32907e-15
3504 3
1 2.78444e-13
2 6.21725e-14
3 -1.95399e-14
3506 3
1 2.30482e-13
2 3.37508e-14
3 -2.66454e-14
3508 3
1 2.35811e-13
2 5.68434e-14
3 -1.59872e-14
3510 3
1 2.38476e-13
2 4.44089e-14
3 -9.76996e-15
3512 3
1 2.21156e-13
2 5.32907e-14
3 -2.4869e-14
3514 3
1 2.31815e-13
2 3.19744e-14
3 -7.10543e-15
3516 3
1 2.43361e-13
2 3.55271e-14
3 3.55271e-15
3518 3
1 2.59348e-13
2 5.32907e-14
3 -1.95399e-14
3520 3
1 2.18492e-13
2 8.34888e-14
3 -4.35207e-14
3522 3
1 2.2915e-13
2 4.9738e-14
3 -7.99361e-15
3524 3
1 2.15383e-13
2 7.10543e-14
3 -3.55271e-15
3526 3
1 2.25153e-13
2 6.75016e-14
3 -2.13163e-14
3528 3
1 2.18492e-13
2 6.39488e-14
3 -1.59872e-14
3530 3
1 2.11386e-13
2 5.41789e-14
3 -2.39808e-14
3532 3
1 2.25153e-13
2 7.37188e-14
3 -1.24345e-14
3534 3
1 2.27374e-13
2 8.70415e-14
3 -2.4869e-14
3536 3
1 2.21156e-13
2 7.4607e-14
3 -1.59872e-14
3538 3
1 2.42473e-13
2 4.17444e-14
3 -6.21725e-15
3540 3
1 2.16716e-13
2 6.57252e-14
3 -2.57572e-14
3542 3
1 2.25597e-13
2 7.10543e-14
3 -1.68754e-14
3544 3
1 2.44249e-13
2 6.39488e-14
3 -2.30926e-14
3546 3
1 2.32703e-13
2 5.32907e-14
3 2.39808e-14
3548 3
1 2.24709e-13
2 3.01981e-14
3 -2.66454e-14
3550 3
1 2.06501e-13
2 6.39488e-14
3 0
3552 3
1 2.14051e-13
2 3.73035e-14
3 -1.77636e-14
3554 3
1 2.30926e-13
2 5.50671e-14
3 -2.4869e-14
3556 3
1 2.18492e-13
2 8.52651e-14
3 -1.68754e-14
3558 3
1 2.38032e-13
2 8.17124e-14
3 -1.24345e-14
3560 3
1 2.10498e-13
2 7.63833e-14
3 -1.33227e-14
3562 3
1 2.27818e-13
2 7.10543e-14
3 -1.5099e-14
3564 3
1 2.17604e-13
2 7.4607e-14
3 -3.37508e-14
3566 3
1 2.30926e-13
2 9.23706e-14
3 -2.4869e-14
3568 3
1 2.38032e-13
2 5.86198e-14
3 -2.66454e-14
3570 3
1 2.21156e-13
2 7.10543e-14
3 -3.01981e-14
3572 3
1 2.16716e-13
2 1.03029e-13
3 -1.77636e-15
3574 3
1 2.35367e-13
2 5.77316e-14
3 -1.59872e-14
3576 3
1 1.98064e-13
2 9.05942e-14
3 -8.88178e-15
3578 3
1 2.34479e-13
2 8.17124e-14
3 -1.68754e-14
3580 3
1 2.20712e-13
2 6.30607e-14
3 -3.19744e-14
3582 3
1 2.14051e-13
2 6.12843e-14
3 -1.59872e-14
3584 3
1 2.00284e-13
2 8.34888e-14
3 -1.42109e-14
3586 3
1 2.25153e-13
2 5.59552e-14
3 -2.04281e-14
3588 3
1 2.05613e-13
2 6.66134e-14
3 -3.01981e-14
3590 3
1 2.0961e-13
2 1.14575e-13
3 -2.22045e-14
3592 3
1 2.37144e-13
2 1.08358e-13
3 -4.9738e-14
3594 3
1 2.01617e-13
2 3.90799e-14
3 -8.88178e-15
3596 3
1 2.22045e-13
2 1.08358e-13
3 -3.19744e-14
3598 3
1 2.1716e-13
2 1.1724e-13
3 5.32907e-15
3600 3
1 2.06946e-13
2 7.10543e-14
3 -1.59872e-14
3602 3
1 2.14939e-13
2 8.26006e-14
3 -4.61853e-14
3604 3
1 2.35367e-13
2 8.70415e-14
3 -3.28626e-14
3606 3
1 2.03837e-13
2 8.08242e-14
3 -1.15463e-14
3608 3
1 1.92735e-13
2 7.4607e-14
3 -3.55271e-14
3610 3
1 2.08722e-13
2 1.10134e-13
3 -4.44089e-14
3612 3
1 2.10942e-13
2 7.10543e-14
3 -4.35207e-14
3614 3
1 2.14939e-13
2 6.57252e-14
3 7.10543e-15
3616 3
1 2.02949e-13
2 9.76996e-14
3 -5.41789e-14
3618 3
1 2.09166e-13
2 7.99361e-14
3 -3.19744e-14
3620 3
1 2.25597e-13
2 8.88178e-14
3 -2.4869e-14
3622 3
1 2.18048e-13
2 8.88178e-14
3 -3.10862e-14
3624 3
1 2.10054e-13
2 7.81597e-14
3 -1.86517e-14
3626 3
1 1.86517e-13
2 1.1724e-13
3 -3.90799e-14
3628 3
1 1.90958e-13
2 7.81597e-14
3 -6.75016e-14
3630 3
1 1.96732e-13
2 8.88178e-14
3 -5.15143e-14
3632 3
1 1.86517e-13
2 6.92779e-14
3 -4.61853e-14
3634 3
1 1.77192e-13
2 7.99361e-14
3 -7.01661e-14
3636 3
1 1.99396e-13
2 5.32907e-14
3 -5.50671e-14
3638 3
1 1.53655e-13
2 1.15463e-13
3 -3.37508e-14
3640 3
1 1.82077e-13
2 8.34888e-14
3 -6.03961e-14
3642 3
1 1.95399e-13
2 6.21725e-14
3 -3.73035e-14
3644 3
1 2.14495e-13
2 7.4607e-14
3 -3.4639e-14
3646 3
1 1.91847e-13
2 9.59233e-14
3 -6.83897e-14
3648 3
1 1.77192e-13
2 7.63833e-14
3 -3.73035e-14
3650 3
1 2.03393e-13
2 8.26006e-14
3 -5.50671e-14
3652 3
1 2.01617e-13
2 6.57252e-14
3 -4.9738e-14
3654 3
1 1.76303e-13
2 6.30607e-14
3 -6.75016e-14
3656 3
1 1.77636e-13
2 7.63833e-14
3 -6.75016e-14
3658 3
1 1.87406e-13
2 7.37188e-14
3 -5.68434e-14
3660 3
1 1.9984e-13
2 7.81597e-14
3 -3.55271e-14
3662 3
1 1.62981e-13
2 6.21725e-14
3 -5.15143e-14
3664 3
1 1.95843e-13
2 7.81597e-14
3 -4.08562e-14
3666 3
1 2.00728e-13
2 7.01661e-14
3 -8.34888e-14
3668 3
1 1.73639e-13
2 9.05942e-14
3 -6.03961e-14
3670 3
1 1.95843e-13
2 9.50351e-14
3 -4.44089e-14
3672 3
1 1.92291e-13
2 6.92779e-14
3 -5.15143e-14
3674 3
1 1.94955e-13
2 7.90479e-14
3 -4.08562e-14
3676 3
1 2.23377e-13
2 1.0747e-13
3 -4.26326e-14
3678 3
1 1.89182e-13
2 6.83897e-14
3 -6.57252e-14
3680 3
1 2.01617e-13
2 9.50351e-14
3 -4.9738e-14
3682 3
1 1.8785e-13
2 9.9476e-14
3 -2.30926e-14
3684 3
1 2.18492e-13
2 1.04805e-13
3 -4.26326e-14
3686 3
1 1.86073e-13
2 6.39488e-14
3 -2.66454e-14
3688 3
1 1.99396e-13
2 8.17124e-14
3 -5.68434e-14
3690 3
1 1.93179e-13
2 9.41469e-14
3 -3.01981e-14
3692 3
1 2.06501e-13
2 1.01252e-13
3 -5.86198e-14
3694 3
1 1.94067e-13
2 1.06581e-13
3 -4.08562e-14
3696 3
1 2.03837e-13
2 7.99361e-14
3 -7.10543e-14
3698 3
1 1.90958e-13
2 4.52971e-14
3 -5.86198e-14
3700 3
1 1.87406e-13
2 1.00364e-13
3 -4.26326e-14
3702 3
1 2.1938e-13
2 7.10543e-14
3 -3.90799e-14
3704 3
1 1.803e-13
2 9.32587e-14
3 -3.73035e-14
3706 3
1 1.98508e-13
2 1.00364e-13
3 -4.9738e-14
3708 3
1 1.9984e-13
2 9.59233e-14
3 -4.08562e-14
3710 3
1 2.02505e-13
2 1.00364e-13
3 -5.32907e-14
3712 3
1 2.06057e-13
2 1.03029e-13
3 -6.03961e-14
3714 3
1 2.13607e-13
2 8.52651e-14
3 -3.55271e-14
3716 3
1 1.73195e-13
2 1.03029e-13
3 -4.44089e-14
3718 3
1 2.04281e-13
2 1.14575e-13
3 -3.19744e-14
3720 3
1 1.99396e-13
2 7.37188e-14
3 -4.26326e-14
3722 3
1 1.66978e-13
2 9.68114e-14
3 -6.57252e-14
3724 3
1 2.14939e-13
2 8.34888e-14
3 -7.10543e-14
3726 3
1 2.08278e-13
2 1.01252e-13
3 -6.21725e-14
3728 3
1 1.87406e-13
2 7.4607e-14
3 -6.75016e-14
3730 3
1 1.93623e-13
2 1.03029e-13
3 -5.68434e-14
3732 3
1 1.92735e-13
2 8.70415e-14
3 -6.21725e-14
3734 3
1 1.67866e-13
2 8.08242e-14
3 -7.4607e-14
3736 3
1 1.85629e-13
2 8.88178e-14
3 -7.10543e-14
3738 3
1 1.98952e-13
2 8.70415e-14
3 -6.75016e-14
3740 3
1 1.97176e-13
2 1.04805e-13
3 -4.61853e-14
3742 3
1 2.12275e-13
2 9.50351e-14
3 -3.73035e-14
3744 3
1 1.77636e-13
2 6.75016e-14
3 -6.57252e-14
3746 3
1 1.9007e-13
2 6.4837e-14
3 -5.15143e-14
3748 3
1 1.59872e-13
2 8.08242e-14
3 -4.26326e-14
3750 3
1 1.72751e-13
2 1.04805e-13
3 -5.68434e-14
3752 3
1 1.8785e-13
2 1.01252e-13
3 -8.52651e-14
3754 3
1 1.71863e-13
2 1.08358e-13
3 -3.01981e-14
3756 3
1 1.67866e-13
2 1.19016e-13
3 -2.84217e-14
3758 3
1 1.7808e-13
2 9.9476e-14
3 -4.26326e-14
3760 3
1 1.75415e-13
2 9.76996e-14
3 -4.9738e-14
3762 3
1 1.66978e-13
2 1.06581e-13
3 -2.30926e-14
3764 3
1 1.19904e-13
2 9.23706e-14
3 -5.86198e-14
3766 3
1 1.6076e-13
2 9.68114e-14
3 -5.68434e-14
3768 3
1 1.78968e-13
2 9.59233e-14
3 -5.32907e-14
3770 3
1 1.94955e-13
2 8.52651e-14
3 -5.86198e-14
3772 3
1 2.01172e-13
2 1.00364e-13
3 -3.19744e-14
3774 3
1 1.58984e-13
2 1.19016e-13
3 -5.86198e-14
3776 3
1 1.73195e-13
2 9.68114e-14
3 -3.19744e-14
3778 3
1 1.66089e-13
2 1.16351e-13
3 -4.9738e-14
3780 3
1 1.71418e-13
2 1.03917e-13
3 -2.66454e-14
3782 3
1 1.6831e-13
2 7.63833e-14
3 -5.86198e-14
3784 3
1 1.66978e-13
2 1.1724e-13
3 -7.63833e-14
3786 3
1 1.74083e-13
2 1.04805e-13
3 -1.95399e-14
3788 3
1 1.86073e-13
2 7.81597e-14
3 -4.26326e-14
3790 3
1 1.44773e-13
2 1.18128e-13
3 -3.55271e-14
3792 3
1 1.49658e-13
2 1.02141e-13
3 -5.15143e-14
3794 3
1 1.73195e-13
2 1.04805e-13
3 -3.55271e-14
3796 3
1 1.5854e-13
2 1.01252e-13
3 -3.90799e-14
3798 3
1 1.58096e-13
2 1.1724e-13
3 -2.84217e-14
3800 3
1 1.73639e-13
2 8.9706e-14
3 -4.26326e-14
3802 3
1 1.59872e-13
2 9.14824e-14
3 -3.01981e-14
3804 3
1 1.94511e-13
2 1.24345e-13
3 -2.4869e-14
3806 3
1 1.82077e-13
2 7.90479e-14
3 -1.59872e-14
3808 3
1 1.86073e-13
2 7.01661e-14
3 -2.13163e-14
3810 3
1 2.02505e-13
2 9.41469e-14
3 -4.08562e-14
3812 3
1 2.15383e-13
2 7.63833e-14
3 -5.15143e-14
3814 3
1 1.84297e-13
2 1.01252e-13
3 -3.55271e-14
3816 3
1 1.98952e-13
2 1.32339e-13
3 -3.90799e-14
3818 3
1 2.01172e-13
2 7.90479e-14
3 -5.86198e-14
3820 3
1 2.02949e-13
2 7.72715e-14
3 -1.06581e-14
3822 3
1 1.86962e-13
2 8.26006e-14
3 -1.77636e-14
3824 3
1 1.78524e-13
2 8.34888e-14
3 -3.90799e-14
3826 3
1 2.03837e-13
2 8.52651e-14
3 -5.68434e-14
3828 3
1 2.08722e-13
2 9.41469e-14
3 -3.55271e-14
3830 3
1 1.86517e-13
2 7.37188e-14
3 -2.4869e-14
3832 3
1 2.05613e-13
2 6.03961e-14
3 -3.37508e-14
3834 3
1 2.20712e-13
2 8.52651e-14
3 -4.26326e-14
3836 3
1 1.61204e-13
2 7.4607e-14
3 -3.73035e-14
3838 3
1 1.86073e-13
2 9.50351e-14
3 -6.39488e-14
3840 3
1 1.9007e-13
2 1.0747e-13
3 -5.68434e-14
3842 3
1 2.23821e-13
2 5.77316e-14
3 -4.26326e-14
3844 3
1 2.10054e-13
2 8.26006e-14
3 -4.9738e-14
3846 3
1 1.96287e-13
2 5.9508e-14
3 -5.68434e-14
3848 3
1 2.32259e-13
2 8.52651e-14
3 -3.73035e-14
3850 3
1 2.18492e-13
2 5.86198e-14
3 -4.26326e-14
3852 3
1 2.0961e-13
2 7.81597e-14
3 -3.55271e-14
3854 3
1 2.11831e-13
2 5.68434e-14
3 -5.15143e-14
3856 3
1 1.84741e-13
2 1.26121e-13
3 -4.44089e-14
3858 3
1 2.04281e-13
2 6.83897e-14
3 -3.73035e-14
3860 3
1 1.96287e-13
2 5.9508e-14
3 -4.08562e-14
3862 3
1 1.84297e-13
2 5.32907e-14
3 -7.4607e-14
3864 3
1 1.75859e-13
2 7.72715e-14
3 -6.03961e-14
3866 3
1 2.02505e-13
2 9.85878e-14
3 -7.63833e-14
3868 3
1 2.18936e-13
2 1.05693e-13
3 -2.84217e-14
3870 3
1 1.81188e-13
2 1.1191e-13
3 -4.9738e-14
3872 3
1 1.90958e-13
2 6.75016e-14
3 -3.90799e-14
3874 3
1 1.85629e-13
2 6.92779e-14
3 -6.21725e-14
3876 3
1 1.92735e-13
2 1.16351e-13
3 -5.68434e-14
3878 3
1 1.803e-13
2 8.34888e-14
3 -6.75016e-14
3880 3
1 2.26485e-13
2 7.19425e-14
3 -7.10543e-14
3882 3
1 1.81188e-13
2 7.28306e-14
3 -3.19744e-14
3884 3
1 2.14495e-13
2 8.61533e-14
3 -6.57252e-14
3886 3
1 1.90958e-13
2 4.70735e-14
3 -5.15143e-14
3888 3
1 1.76303e-13
2 9.68114e-14
3 -6.75016e-14
3890 3
1 1.94955e-13
2 8.88178e-14
3 -5.50671e-14
3892 3
1 1.96287e-13
2 1.19016e-13
3 -6.57252e-14
3894 3
1 1.66978e-13
2 9.9476e-14
3 -5.68434e-14
3896 3
1 1.58984e-13
2 8.17124e-14
3 -7.99361e-14
3898 3
1 1.84741e-13
2 8.9706e-14
3 -6.39488e-14
3900 3
1 1.74083e-13
2 7.19425e-14
3 -8.88178e-14
3902 3
1 1.58096e-13
2 1.03029e-13
3 -7.81597e-14
3904 3
1 1.93179e-13
2 7.99361e-14
3 -5.15143e-14
3906 3
1 1.86517e-13
2 9.9476e-14
3 -7.28306e-14
3908 3
1 1.88294e-13
2 8.17124e-14
3 -6.75016e-14
3910 3
1 2.10498e-13
2 1.01252e-13
3 -6.39488e-14
3912 3
1 1.89182e-13
2 7.81597e-14
3 -8.17124e-14
3914 3
1 1.89626e-13
2 8.61533e-14
3 -7.10543e-14
3916 3
1 1.83853e-13
2 9.41469e-14
3 -7.99361e-14
3918 3
1 2.10054e-13
2 8.88178e-14
3 -6.92779e-14
3920 3
1 1.94511e-13
2 9.50351e-14
3 -7.4607e-14
3922 3
1 1.9007e-13
2 4.88498e-14
3 -4.26326e-14
3924 3
1 1.82965e-13
2 1.3145e-13
3 -5.15143e-14
3926 3
1 1.803e-13
2 9.41469e-14
3 -7.28306e-14
3928 3
1 1.61648e-13
2 9.85878e-14
3 -4.61853e-14
3930 3
1 1.95843e-13
2 9.85878e-14
3 -6.57252e-14
3932 3
1 1.72751e-13
2 9.68114e-14
3 -5.86198e-14
3934 3
1 1.79856e-13
2 8.79297e-14
3 -6.75016e-14
3936 3
1 1.85629e-13
2 8.43769e-14
3 -6.57252e-14
3938 3
1 2.07834e-13
2 6.75016e-14
3 -5.15143e-14
3940 3
1 2.06057e-13
2 9.68114e-14
3 -3.55271e-14
3942 3
1 2.12719e-13
2 7.54952e-14
3 -4.79616e-14
3944 3
1 2.10498e-13
2 8.34888e-14
3 -4.08562e-14
3946 3
1 1.85629e-13
2 9.76996e-14
3 -2.84217e-14
3948 3
1 1.96287e-13
2 1.00364e-13
3 -6.39488e-14
3950 3
1 1.82521e-13
2 1.0747e-13
3 -4.79616e-14
3952 3
1 1.87406e-13
2 1.27898e-13
3 -6.39488e-14
3954 3
1 1.88294e-13
2 1.24345e-13
3 -9.23706e-14
3956 3
1 2.35367e-13
2 8.52651e-14
3 -6.75016e-14
3958 3
1 1.9762e-13
2 7.99361e-14
3 -6.75016e-14
3960 3
1 2.25597e-13
2 6.03961e-14
3 -6.75016e-14
3962 3
1 1.92735e-13
2 8.79297e-14
3 -4.9738e-14
3964 3
1 2.18492e-13
2 1.13687e-13
3 -5.68434e-14
3966 3
1 1.93179e-13
2 8.34888e-14
3 -6.92779e-14
3968 3
1 2.13163e-13
2 1.04805e-13
3 -9.59233e-14
3970 3
1 2.0961e-13
2 1.05693e-13
3 -8.70415e-14
3972 3
1 1.94067e-13
2 8.43769e-14
3 -9.05942e-14
3974 3
1 1.80744e-13
2 8.17124e-14
3 -8.17124e-14
3976 3
1 2.20712e-13
2 6.30607e-14
3 -9.05942e-14
3978 3
1 2.05613e-13
2 9.41469e-14
3 -9.9476e-14
3980 3
1 2.04281e-13
2 6.75016e-14
3 -5.86198e-14
3982 3
1 2.22045e-13
2 1.09246e-13
3 -5.86198e-14
3984 3
1 1.91847e-13
2 8.9706e-14
3 -6.92779e-14
3986 3
1 1.74083e-13
2 6.39488e-14
3 -9.41469e-14
3988 3
1 1.95843e-13
2 7.63833e-14
3 -9.05942e-14
3990 3
1 1.82521e-13
2 7.54952e-14
3 -8.70415e-14
3992 3
1 2.11831e-13
2 9.32587e-14
3 -6.75016e-14
3994 3
1 1.93623e-13
2 1.04805e-13
3 -6.21725e-14
3996 3
1 2.06057e-13
2 8.17124e-14
3 -7.28306e-14
3998 3
1 2.27818e-13
2 7.4607e-14
3 -9.05942e-14
4000 3
1 2.22933e-13
2 9.32587e-14
3 -7.4607e-14
4002 3
1 2.10498e-13
2 1.08358e-13
3 -3.73035e-14
4004 3
1 2.2915e-13
2 1.24345e-13
3 -4.26326e-14
4006 3
1 1.97176e-13
2 6.39488e-14
3 -8.88178e-14
4008 3
1 1.93623e-13
2 1.02141e-13
3 -7.81597e-14
4010 3
1 2.00728e-13
2 5.86198e-14
3 -9.9476e-14
4012 3
1 2.02505e-13
2 1.22569e-13
3 -9.23706e-14
4014 3
1 1.8785e-13
2 9.32587e-14
3 -7.99361e-14
4016 3
1 1.63869e-13
2 9.05942e-14
3 -7.4607e-14
4018 3
1 1.9007e-13
2 1.03917e-13
3 -6.03961e-14
4020 3
1 2.1716e-13
2 9.23706e-14
3 -9.59233e-14
4022 3
1 2.0739e-13
2 9.59233e-14
3 -9.23706e-14
4024 3
1 2.35367e-13
2 1.00364e-13
3 -6.21725e-14
4026 3
1 2.05613e-13
2 1.06581e-13
3 -6.75016e-14
4028 3
1 2.32703e-13
2 8.79297e-14
3 -8.34888e-14
4030 3
1 2.14939e-13
2 7.4607e-14
3 -8.52651e-14
4032 3
1 1.89182e-13
2 1.3145e-13
3 -8.70415e-14
4034 3
1 2.24709e-13
2 8.17124e-14
3 -8.52651e-14
4036 3
1 2.25597e-13
2 6.57252e-14
3 -9.76996e-14
4038 3
1 2.08722e-13
2 7.28306e-14
3 -7.28306e-14
4040 3
1 1.98064e-13
2 1.03029e-13
3 -4.26326e-14
4042 3
1 2.26485e-13
2 6.39488e-14
3 -6.21725e-14
4044 3
1 2.07834e-13
2 1.15463e-13
3 -5.15143e-14
4046 3
1 2.14939e-13
2 9.9476e-14
3 -7.4607e-14
4048 3
1 2.26041e-13
2 8.61533e-14
3 -5.68434e-14
4050 3
1 2.26485e-13
2 1.09246e-13
3 -6.75016e-14
4052 3
1 2.38032e-13
2 7.54952e-14
3 -6.57252e-14
4054 3
1 2.15827e-13
2 8.43769e-14
3 -6.75016e-14
4056 3
1 2.38032e-13
2 1.14575e-13
3 -7.81597e-14
4058 3
1 1.74971e-13
2 1.13687e-13
3 -8.70415e-14
4060 3
1 2.0961e-13
2 6.4837e-14
3 -5.86198e-14
4062 3
1 1.98952e-13
2 1.12799e-13
3 -8.88178e-14
4064 3
1 2.52243e-13
2 8.88178e-14
3 -7.10543e-14
4066 3
1 2.12275e-13
2 7.19425e-14
3 -7.81597e-14
4068 3
1 2.08722e-13
2 7.4607e-14
3 -7.10543e-14
4070 3
1 2.14495e-13
2 7.01661e-14
3 -8.88178e-14
4072 3
1 2.22933e-13
2 8.26006e-14
3 -9.59233e-14
4074 3
1 2.32259e-13
2 8.70415e-14
3 -7.99361e-14
4076 3
1 2.24709e-13
2 6.92779e-14
3 -7.10543e-14
4078 3
1 2.13607e-13
2 7.01661e-14
3 -3.19744e-14
4080 3
1 2.00728e-13
2 7.81597e-14
3 -1.10134e-13
4082 3
1 1.86073e-13
2 1.08358e-13
3 -5.68434e-14
4084 3
1 2.11831e-13
2 9.59233e-14
3 -6.57252e-14
4086 3
1 2.02505e-13
2 7.4607e-14
3 -9.23706e-14
4088 3
1 2.22933e-13
2 9.32587e-14
3 -6.03961e-14
4090 3
1 1.88294e-13
2 6.39488e-14
3 -8.88178e-14
4092 3
1 1.98064e-13
2 1.16351e-13
3 -8.34888e-14
4094 3
1 2.08722e-13
2 1.01252e-13
3 -6.39488e-14
4096 3
1 2.00728e-13
2 6.03961e-14
3 -9.23706e-14
4098 3
1 2.01617e-13
2 9.14824e-14
3 -8.70415e-14
4100 3
1 1.88294e-13
2 1.2168e-13
3 -5.68434e-14
4102 3
1 2.34479e-13
2 1.00364e-13
3 -6.92779e-14
4104 3
1 2.16716e-13
2 8.43769e-14
3 -6.75016e-14
4106 3
1 2.14051e-13
2 1.10134e-13
3 -1.10134e-13
4108 3
1 2.0961e-13
2 1.03917e-13
3 -8.34888e-14
4110 3
1 1.79412e-13
2 8.79297e-14
3 -8.17124e-14
4112 3
1 2.03393e-13
2 9.32587e-14
3 -6.57252e-14
4114 3
1 2.32259e-13
2 8.52651e-14
3 -6.75016e-14
4116 3
1 2.18936e-13
2 1.1724e-13
3 -7.63833e-14
4118 3
1 1.95399e-13
2 9.41469e-14
3 -6.75016e-14
4120 3
1 1.95399e-13
2 9.76996e-14
3 -6.39488e-14
4122 3
1 2.42029e-13
2 7.28306e-14
3 -5.15143e-14
4124 3
1 2.13163e-13
2 9.14824e-14
3 -7.10543e-14
4126 3
1 2.40252e-13
2 8.34888e-14
3 -7.28306e-14
4128 3
1 1.96287e-13
2 9.76996e-14
3 -5.68434e-14
4130 3
1 1.98064e-13
2 7.28306e-14
3 -5.32907e-14
4132 3
1 2.0961e-13
2 8.34888e-14
3 -5.50671e-14
4134 3
1 2.27374e-13
2 1.10134e-13
3 -4.61853e-14
4136 3
1 1.9007e-13
2 8.79297e-14
3 -4.44089e-14
4138 3
1 2.00284e-13
2 9.14824e-14
3 -6.03961e-14
4140 3
1 2.21601e-13
2 1.04805e-13
3 -7.99361e-14
4142 3
1 2.16716e-13
2 1.11022e-13
3 -8.17124e-14
4144 3
1 2.08722e-13
2 1.12799e-13
3 -3.55271e-14
4146 3
1 2.15383e-13
2 8.26006e-14
3 -9.05942e-14
4148 3
1 1.92735e-13
2 8.26006e-14
3 -8.88178e-14
4150 3
1 2.04725e-13
2 1.1724e-13
3 -6.39488e-14
4152 3
1 2.06946e-13
2 7.99361e-14
3 -7.4607e-14
4154 3
1 1.98952e-13
2 9.68114e-14
3 -6.03961e-14
4156 3
1 2.21156e-13
2 9.76996e-14
3 -7.28306e-14
4158 3
1 2.08278e-13
2 9.76996e-14
3 -8.34888e-14
4160 3
1 2.06057e-13
2 1.16351e-13
3 -4.9738e-14
4162 3
1 2.17604e-13
2 1.10134e-13
3 -8.17124e-14
4164 3
1 2.14051e-13
2 1.14575e-13
3 -5.32907e-14
4166 3
1 2.14051e-13
2 9.68114e-14
3 -7.10543e-14
4168 3
1 2.19824e-13
2 9.9476e-14
3 -6.21725e-14
4170 3
1 2.04281e-13
2 8.79297e-14
3 -7.28306e-14
4172 3
1 1.76748e-13
2 1.18128e-13
3 -5.50671e-14
4174 3
1 2.14939e-13
2 8.79297e-14
3 -6.57252e-14
4176 3
1 1.94955e-13
2 1.00364e-13
3 -8.52651e-14
4178 3
1 2.09166e-13
2 6.12843e-14
3 -8.70415e-14
4180 3
1 1.63425e-13
2 1.12799e-13
3 -4.26326e-14
4182 3
1 1.83409e-13
2 8.43769e-14
3 -5.50671e-14
4184 3
1 1.9984e-13
2 1.16351e-13
3 -7.10543e-14
4186 3
1 2.03393e-13
2 1.14575e-13
3 -3.73035e-14
4188 3
1 1.98508e-13
2 1.03029e-13
3 -4.44089e-14
4190 3
1 2.04725e-13
2 7.81597e-14
3 -3.73035e-14
4192 3
1 1.91402e-13
2 9.9476e-14
3 -4.08562e-14
4194 3
1 1.91402e-13
2 9.50351e-14
3 -4.08562e-14
4196 3
1 1.9007e-13
2 9.59233e-14
3 -4.79616e-14
4198 3
1 1.98952e-13
2 6.03961e-14
3 -5.15143e-14
4200 3
1 2.00728e-13
2 9.14824e-14
3 -4.9738e-14
4202 3
1 2.23377e-13
2 1.03917e-13
3 -2.4869e-14
4204 3
1 2.18492e-13
2 1.0747e-13
3 -4.9738e-14
4206 3
1 2.04281e-13
2 8.70415e-14
3 -3.73035e-14
4208 3
1 1.7808e-13
2 1.11022e-13
3 -4.9738e-14
4210 3
1 2.12275e-13
2 9.50351e-14
3 -3.01981e-14
4212 3
1 1.94067e-13
2 8.61533e-14
3 -5.68434e-14
4214 3
1 2.32703e-13
2 8.26006e-14
3 -4.26326e-14
4216 3
1 2.12275e-13
2 1.03917e-13
3 -5.50671e-14
4218 3
1 2.14495e-13
2 9.23706e-14
3 -6.03961e-14
4220 3
1 1.93179e-13
2 1.01252e-13
3 -5.15143e-14
4222 3
1 2.16716e-13
2 1.15463e-13
3 -5.68434e-14
4224 3
1 2.14939e-13
2 1.25233e-13
3 -6.03961e-14
4226 3
1 1.92735e-13
2 7.4607e-14
3 -4.26326e-14
4228 3
1 1.94511e-13
2 6.66134e-14
3 -8.34888e-14
4230 3
1 2.18492e-13
2 1.38556e-13
3 -7.10543e-14
4232 3
1 1.99396e-13
2 9.23706e-14
3 -6.57252e-14
4234 3
1 2.04281e-13
2 1.10134e-13
3 -4.61853e-14
4236 3
1 2.12275e-13
2 1.00364e-13
3 -7.4607e-14
4238 3
1 1.96287e-13
2 7.81597e-14
3 -8.17124e-14
4240 3
1 2.00728e-13
2 1.22569e-13
3 -4.79616e-14
4242 3
1 1.98952e-13
2 1.1724e-13
3 -5.32907e-14
4244 3
1 2.18492e-13
2 1.09246e-13
3 -6.57252e-14
4246 3
1 2.02061e-13
2 1.0747e-13
3 -7.99361e-14
4248 3
1 2.29594e-13
2 8.43769e-14
3 -5.15143e-14
4250 3
1 2.06501e-13
2 1.12799e-13
3 -8.17124e-14
4252 3
1 1.95399e-13
2 1.20792e-13
3 -4.44089e-14
4254 3
1 1.84741e-13
2 9.14824e-14
3 -6.57252e-14
4256 3
1 2.21601e-13
2 1.1724e-13
3 -6.39488e-14
4258 3
1 1.63869e-13
2 1.2701e-13
3 -4.26326e-14
4260 3
1 1.66533e-13
2 1.22569e-13
3 -6.21725e-14
4262 3
1 1.85629e-13
2 1.38556e-13
3 -6.21725e-14
4264 3
1 2.0961e-13
2 1.24345e-13
3 -5.86198e-14
4266 3
1 1.88294e-13
2 9.14824e-14
3 -3.01981e-14
4268 3
1 1.9007e-13
2 1.05693e-13
3 -3.55271e-14
4270 3
1 1.94067e-13
2 1.01252e-13
3 -4.9738e-14
4272 3
1 1.74083e-13
2 1.08358e-13
3 -4.44089e-14
4274 3
1 2.03393e-13
2 1.1724e-13
3 -5.68434e-14
4276 3
1 2.05169e-13
2 1.18128e-13
3 -6.21725e-14
4278 3
1 2.13607e-13
2 1.15463e-13
3 -3.01981e-14
4280 3
1 1.79412e-13
2 1.19016e-13
3 -4.9738e-14
4282 3
1 2.06501e-13
2 9.23706e-14
3 -3.73035e-14
4284 3
1 1.96287e-13
2 1.19904e-13
3 -7.28306e-14
4286 3
1 2.06057e-13
2 1.20792e-13
3 -7.63833e-14
4288 3
1 1.95399e-13
2 1.43885e-13
3 -5.86198e-14
4290 3
1 1.88294e-13
2 1.30562e-13
3 -4.26326e-14
4292 3
1 2.18048e-13
2 1.32339e-13
3 -7.81597e-14
4294 3
1 2.00728e-13
2 1.11022e-13
3 -5.32907e-14
4296 3
1 1.77192e-13
2 1.27898e-13
3 -5.86198e-14
4298 3
1 1.86962e-13
2 1.1724e-13
3 -3.55271e-14
4300 3
1 1.9762e-13
2 1.28786e-13
3 -3.90799e-14
4302 3
1 2.11831e-13
2 1.3145e-13
3 -6.03961e-14
4304 3
1 1.9984e-13
2 1.3145e-13
3 -3.55271e-14
4306 3
1 2.03393e-13
2 9.76996e-14
3 -4.26326e-14
4308 3
1 1.9007e-13
2 1.02141e-13
3 -5.32907e-14
4310 3
1 1.91847e-13
2 1.13687e-13
3 -2.13163e-14
4312 3
1 2.18048e-13
2 1.1191e-13
3 -4.26326e-14
4314 3
1 1.89626e-13
2 1.35003e-13
3 -4.26326e-14
4316 3
1 1.93623e-13
2 1.06581e-13
3 -5.32907e-14
4318 3
1 1.78524e-13
2 1.15463e-13
3 -5.15143e-14
4320 3
1 2.06057e-13
2 9.41469e-14
3 -3.19744e-14
4322 3
1 1.82965e-13
2 1.19904e-13
3 -1.42109e-14
4324 3
1 2.15827e-13
2 1.40332e-13
3 -2.4869e-14
4326 3
1 1.91847e-13
2 1.10134e-13
3 -2.84217e-14
4328 3
1 1.89626e-13
2 1.29674e-13
3 -3.73035e-14
4330 3
1 1.85629e-13
2 1.1191e-13
3 -2.66454e-14
4332 3
1 1.85629e-13
2 1.11022e-13
3 -3.01981e-14
4334 3
1 2.0739e-13
2 7.72715e-14
3 -2.84217e-14
4336 3
1 2.06501e-13
2 9.41469e-14
3 -6.03961e-14
4338 3
1 2.17604e-13
2 1.03029e-13
3 -6.39488e-14
4340 3
1 1.87406e-13
2 9.32587e-14
3 -5.15143e-14
4342 3
1 2.10942e-13
2 1.19904e-13
3 -4.26326e-14
4344 3
1 1.90958e-13
2 1.19904e-13
3 -1.42109e-14
4346 3
1 1.79412e-13
2 1.15463e-13
3 -2.4869e-14
4348 3
1 1.98064e-13
2 6.57252e-14
3 -3.01981e-14
4350 3
1 1.72751e-13
2 1.04805e-13
3 -3.90799e-14
4352 3
1 2.0961e-13
2 1.16351e-13
3 -3.01981e-14
4354 3
1 2.21601e-13
2 1.02141e-13
3 -2.84217e-14
4356 3
1 1.88294e-13
2 1.11022e-13
3 -3.19744e-14
4358 3
1 1.81188e-13
2 1.51879e-13
3 -4.26326e-14
4360 3
1 1.95399e-13
2 1.0747e-13
3 -4.9738e-14
4362 3
1 1.7808e-13
2 1.03029e-13
3 -3.90799e-14
4364 3
1 1.88738e-13
2 9.41469e-14
3 -1.77636e-14
4366 3
1 1.96287e-13
2 1.00364e-13
3 -4.79616e-14
4368 3
1 1.75859e-13
2 8.79297e-14
3 -4.79616e-14
4370 3
1 1.69198e-13
2 7.28306e-14
3 -4.79616e-14
4372 3
1 1.81188e-13
2 1.03029e-13
3 -3.19744e-14
4374 3
1 1.64313e-13
2 9.85878e-14
3 -2.4869e-14
4376 3
1 2.02505e-13
2 9.9476e-14
3 -2.30926e-14
4378 3
1 1.88294e-13
2 7.72715e-14
3 -4.9738e-14
4380 3
1 1.65201e-13
2 1.13687e-13
3 -3.55271e-14
4382 3
1 1.53655e-13
2 8.26006e-14
3 -2.30926e-14
4384 3
1 1.86962e-13
2 8.26006e-14
3 -2.84217e-14
4386 3
1 2.16271e-13
2 8.08242e-14
3 -2.84217e-14
4388 3
1 1.803e-13
2 7.01661e-14
3 -3.37508e-14
4390 3
1 1.86517e-13
2 8.61533e-14
3 -5.32907e-15
4392 3
1 1.98952e-13
2 6.57252e-14
3 -7.10543e-15
4394 3
1 1.90958e-13
2 8.52651e-14
3 -3.19744e-14
4396 3
1 1.62537e-13
2 1.1191e-13
3 -3.73035e-14
4398 3
1 1.96732e-13
2 9.05942e-14
3 -4.26326e-14
4400 3
1 1.9762e-13
2 7.63833e-14
3 -2.30926e-14
4402 3
1 1.9007e-13
2 1.03917e-13
3 -5.15143e-14
4404 3
1 2.07834e-13
2 8.61533e-14
3 -3.55271e-14
4406 3
1 1.94511e-13
2 7.28306e-14
3 -2.84217e-14
4408 3
1 1.86073e-13
2 9.14824e-14
3 -4.61853e-14
4410 3
1 2.05169e-13
2 7.10543e-14
3 -4.79616e-14
4412 3
1 1.88294e-13
2 5.86198e-14
3 -4.26326e-14
4414 3
1 1.86073e-13
2 8.43769e-14
3 -5.32907e-14
4416 3
1 2.02061e-13
2 8.52651e-14
3 -5.50671e-14
4418 3
1 2.15827e-13
2 8.43769e-14
3 -2.66454e-14
4420 3
1 2.07834e-13
2 8.88178e-14
3 -3.90799e-14
4422 3
1 2.04281e-13
2 9.50351e-14
3 -3.73035e-14
4424 3
1 1.83409e-13
2 7.54952e-14
3 -4.79616e-14
4426 3
1 2.29594e-13
2 1.19016e-13
3 -4.08562e-14
4428 3
1 2.18936e-13
2 9.05942e-14
3 -4.08562e-14
4430 3
1 2.06501e-13
2 1.06581e-13
3 -4.08562e-14
4432 3
1 2.4647e-13
2 7.81597e-14
3 -3.90799e-14
4434 3
1 2.17604e-13
2 7.81597e-14
3 -1.42109e-14
4436 3
1 2.14939e-13
2 8.17124e-14
3 -4.08562e-14
4438 3
1 2.01172e-13
2 1.10134e-13
3 -7.10543e-14
4440 3
1 2.26485e-13
2 1.19904e-13
3 -4.61853e-14
4442 3
1 2.18048e-13
2 8.26006e-14
3 -7.10543e-14
4444 3
1 2.13163e-13
2 1.1724e-13
3 -3.37508e-14
4446 3
1 2.14051e-13
2 1.05693e-13
3 -6.75016e-14
4448 3
1 2.10498e-13
2 8.88178e-14
3 -4.26326e-14
4450 3
1 2.13163e-13
2 9.59233e-14
3 -4.44089e-14
4452 3
1 2.1938e-13
2 7.99361e-14
3 -3.19744e-14
4454 3
1 2.1938e-13
2 8.88178e-14
3 -4.26326e-14
4456 3
1 2.24709e-13
2 7.81597e-14
3 -1.06581e-14
4458 3
1 2.06057e-13
2 1.06581e-13
3 -4.9738e-14
4460 3
1 2.06057e-13
2 1.06581e-13
3 -4.26326e-14
4462 3
1 2.12275e-13
2 9.05942e-14
3 -6.57252e-14
4464 3
1 2.33591e-13
2 9.41469e-14
3 -4.08562e-14
4466 3
1 2.1716e-13
2 9.59233e-14
3 -5.15143e-14
4468 3
1 1.9984e-13
2 9.68114e-14
3 -7.28306e-14
4470 3
1 1.98064e-13
2 9.9476e-14
3 -5.68434e-14
4472 3
1 1.97176e-13
2 3.64153e-14
3 -4.26326e-14
4474 3
1 2.18492e-13
2 7.28306e-14
3 -4.08562e-14
4476 3
1 1.9984e-13
2 7.01661e-14
3 -3.90799e-14
4478 3
1 2.18048e-13
2 6.03961e-14
3 -4.9738e-14
4480 3
1 2.09166e-13
2 6.75016e-14
3 -5.15143e-14
4482 3
1 1.9762e-13
2 7.72715e-14
3 -4.26326e-14
4484 3
1 2.05169e-13
2 5.41789e-14
3 -5.68434e-14
4486 3
1 2.00284e-13
2 7.37188e-14
3 -6.03961e-14
4488 3
1 2.06057e-13
2 4.9738e-14
3 -3.73035e-14
4490 3
1 1.88738e-13
2 5.68434e-14
3 -3.55271e-14
4492 3
1 1.86517e-13
2 4.88498e-14
3 -2.4869e-14
4494 3
1 2.20268e-13
2 5.77316e-14
3 -4.44089e-14
4496 3
1 2.03837e-13
2 7.19425e-14
3 -6.39488e-14
4498 3
1 2.03837e-13
2 7.37188e-14
3 -4.61853e-14
4500 3
1 2.04281e-13
2 7.19425e-14
3 -3.19744e-14
4502 3
1 1.9007e-13
2 7.10543e-14
3 -3.73035e-14
4504 3
1 1.94955e-13
2 4.17444e-14
3 -3.73035e-14
4506 3
1 1.86517e-13
2 2.93099e-14
3 -4.79616e-14
4508 3
1 1.9984e-13
2 7.4607e-14
3 -5.50671e-14
4510 3
1 1.89182e-13
2 8.17124e-14
3 -4.61853e-14
4512 3
1 1.9007e-13
2 9.9476e-14
3 -5.15143e-14
4514 3
1 1.94067e-13
2 7.81597e-14
3 -5.15143e-14
4516 3
1 1.93179e-13
2 9.76996e-14
3 -5.15143e-14
4518 3
1 1.88294e-13
2 5.50671e-14
3 -4.26326e-14
4520 3
1 1.79856e-13
2 7.28306e-14
3 -4.79616e-14
4522 3
1 1.90514e-13
2 6.57252e-14
3 -7.10543e-14
4524 3
1 1.9984e-13
2 8.34888e-14
3 -5.50671e-14
4526 3
1 1.79412e-13
2 7.19425e-14
3 -7.99361e-14
4528 3
1 1.82521e-13
2 6.75016e-14
3 -5.50671e-14
4530 3
1 1.82521e-13
2 7.28306e-14
3 -5.68434e-14
4532 3
1 1.67866e-13
2 5.9508e-14
3 -6.03961e-14
4534 3
1 1.67866e-13
2 9.68114e-14
3 -8.17124e-14
4536 3
1 1.75859e-13
2 8.88178e-14
3 -3.37508e-14
4538 3
1 1.91402e-13
2 8.9706e-14
3 -6.21725e-14
4540 3
1 1.7053e-13
2 1.11022e-13
3 -7.28306e-14
4542 3
1 1.94067e-13
2 9.32587e-14
3 -3.73035e-14
4544 3
1 1.58096e-13
2 6.39488e-14
3 -8.17124e-14
4546 3
1 1.63425e-13
2 7.90479e-14
3 -5.15143e-14
4548 3
1 1.83409e-13
2 8.34888e-14
3 -4.9738e-14
4550 3
1 1.63425e-13
2 1.03917e-13
3 -6.92779e-14
4552 3
1 2.01172e-13
2 6.66134e-14
3 -5.15143e-14
4554 3
1 1.86962e-13
2 6.03961e-14
3 -3.73035e-14
4556 3
1 1.88294e-13
2 7.90479e-14
3 -4.08562e-14
4558 3
1 1.90514e-13
2 7.28306e-14
3 -1.59872e-14
4560 3
1 2.14051e-13
2 9.32587e-14
3 -4.61853e-14
4562 3
1 1.98064e-13
2 3.81917e-14
3 -4.79616e-14
4564 3
1 1.66978e-13
2 8.79297e-14
3 -6.39488e-14
4566 3
1 1.49658e-13
2 6.39488e-14
3 -4.9738e-14
4568 3
1 1.63869e-13
2 7.63833e-14
3 -1.77636e-14
4570 3
1 1.67422e-13
2 1.10134e-13
3 -4.79616e-14
4572 3
1 1.82965e-13
2 7.90479e-14
3 -1.95399e-14
4574 3
1 1.4877e-13
2 8.26006e-14
3 -4.26326e-14
4576 3
1 1.73195e-13
2 8.70415e-14
3 -2.66454e-14
4578 3
1 1.71418e-13
2 7.01661e-14
3 -4.08562e-14
4580 3
1 1.81188e-13
2 7.4607e-14
3 -4.08562e-14
4582 3
1 1.81632e-13
2 6.21725e-14
3 -2.84217e-14
4584 3
1 1.66978e-13
2 6.03961e-14
3 -4.61853e-14
4586 3
1 1.45661e-13
2 5.59552e-14
3 -4.61853e-14
4588 3
1 1.803e-13
2 7.28306e-14
3 -4.44089e-14
4590 3
1 1.74083e-13
2 5.86198e-14
3 -3.37508e-14
4592 3
1 1.49658e-13
2 6.39488e-14
3 -5.50671e-14
4594 3
1 1.64757e-13
2 7.37188e-14
3 -7.28306e-14
4596 3
1 1.58984e-13
2 5.15143e-14
3 -5.32907e-14
4598 3
1 1.56319e-13
2 7.54952e-14
3 -4.44089e-14
4600 3
1 1.55875e-13
2 9.76996e-14
3 -5.15143e-14
4602 3
1 1.37224e-13
2 7.90479e-14
3 -5.15143e-14
4604 3
1 1.74083e-13
2 4.26326e-14
3 -4.26326e-14
4606 3
1 1.7808e-13
2 8.79297e-14
3 -3.19744e-14
4608 3
1 1.7053e-13
2 7.81597e-14
3 -3.01981e-14
4610 3
1 1.63869e-13
2 7.72715e-14
3 -2.13163e-14
4612 3
1 1.40332e-13
2 5.86198e-14
3 -3.73035e-14
4614 3
1 1.63203e-13
2 6.57252e-14
3 -4.08562e-14
4616 3
1 1.58984e-13
2 6.66134e-14
3 -3.73035e-14
4618 3
1 1.75415e-13
2 5.77316e-14
3 -3.73035e-14
4620 3
1 1.62537e-13
2 5.06262e-14
3 0
4622 3
1 1.50324e-13
2 7.99361e-14
3 -4.44089e-14
4624 3
1 1.64313e-13
2 7.01661e-14
3 -3.90799e-14
4626 3
1 1.43219e-13
2 7.10543e-14
3 -1.24345e-14
4628 3
1 1.68754e-13
2 8.17124e-14
3 -3.19744e-14
4630 3
1 1.44995e-13
2 6.92779e-14
3 -3.55271e-14
4632 3
1 1.36113e-13
2 8.17124e-14
3 -4.08562e-14
4634 3
1 1.48326e-13
2 9.05942e-14
3 -3.37508e-14
4636 3
1 1.81188e-13
2 6.92779e-14
3 -4.79616e-14
4638 3
1 1.31006e-13
2 5.41789e-14
3 -5.50671e-14
4640 3
1 1.6076e-13
2 3.90799e-14
3 -2.4869e-14
4642 3
1 1.59428e-13
2 7.19425e-14
3 -2.13163e-14
4644 3
1 1.63425e-13
2 5.86198e-14
3 -3.55271e-14
4646 3
1 1.88738e-13
2 4.52971e-14
3 -4.9738e-14
4648 3
1 1.62981e-13
2 7.28306e-14
3 -1.24345e-14
4650 3
1 1.64313e-13
2 7.4607e-14
3 -4.44089e-14
4652 3
1 1.88738e-13
2 5.77316e-14
3 -6.21725e-14
4654 3
1 1.80522e-13
2 6.4837e-14
3 -4.9738e-14
4656 3
1 1.88738e-13
2 9.59233e-14
3 -3.01981e-14
4658 3
1 1.61648e-13
2 6.66134e-14
3 -4.44089e-14
4660 3
1 1.62537e-13
2 5.50671e-14
3 -6.92779e-14
4662 3
1 1.74527e-13
2 4.70735e-14
3 -4.9738e-14
4664 3
1 1.58762e-13
2 4.17444e-14
3 -4.79616e-14
4666 3
1 1.67644e-13
2 6.39488e-14
3 -1.77636e-14
4668 3
1 1.84297e-13
2 5.50671e-14
3 -4.08562e-14
4670 3
1 1.71418e-13
2 4.79616e-14
3 -2.13163e-14
4672 3
1 1.87406e-13
2 5.50671e-14
3 -5.32907e-14
4674 3
1 1.83409e-13
2 5.68434e-14
3 -7.10543e-14
4676 3
1 1.79856e-13
2 6.39488e-14
3 -4.79616e-14
4678 3
1 1.96287e-13
2 8.70415e-14
3 -5.86198e-14
4680 3
1 1.76748e-13
2 4.70735e-14
3 -1.59872e-14
4682 3
1 1.76303e-13
2 4.79616e-14
3 -2.4869e-14
4684 3
1 1.87406e-13
2 7.01661e-14
3 -5.32907e-14
4686 3
1 1.58096e-13
2 5.68434e-14
3 -2.4869e-14
4688 3
1 1.62093e-13
2 6.66134e-14
3 -4.44089e-14
4690 3
1 1.76748e-13
2 5.86198e-14
3 -3.73035e-14
4692 3
1 1.95399e-13
2 6.12843e-14
3 -2.66454e-14
4694 3
1 1.52767e-13
2 4.44089e-14
3 -4.9738e-14
4696 3
1 1.51879e-13
2 5.86198e-14
3 -3.90799e-14
4698 3
1 1.67422e-13
2 3.4639e-14
3 -8.88178e-15
4700 3
1 1.81188e-13
2 4.79616e-14
3 -3.01981e-14
4702 3
1 1.85185e-13
2 7.4607e-14
3 -5.50671e-14
4704 3
1 1.47882e-13
2 6.57252e-14
3 -4.79616e-14
4706 3
1 1.55875e-13
2 8.08242e-14
3 -5.32907e-14
4708 3
1 1.70974e-13
2 5.15143e-14
3 -4.26326e-14
4710 3
1 1.67866e-13
2 6.83897e-14
3 -3.73035e-14
4712 3
1 1.54543e-13
2 5.32907e-14
3 -2.66454e-14
4714 3
1 1.67422e-13
2 8.26006e-14
3 -2.13163e-14
4716 3
1 1.74083e-13
2 4.08562e-14
3 -2.66454e-14
4718 3
1 1.61204e-13
2 9.23706e-14
3 -2.66454e-14
4720 3
1 1.86962e-13
2 8.88178e-14
3 -3.90799e-14
4722 3
1 1.85185e-13
2 8.52651e-14
3 -4.44089e-14
4724 3
1 1.82965e-13
2 5.86198e-14
3 -1.59872e-14
4726 3
1 1.56763e-13
2 6.75016e-14
3 -2.13163e-14
4728 3
1 1.74971e-13
2 9.41469e-14
3 -5.50671e-14
4730 3
1 1.82965e-13
2 8.17124e-14
3 -3.19744e-14
4732 3
1 1.62093e-13
2 7.28306e-14
3 -3.19744e-14
4734 3
1 1.63869e-13
2 6.39488e-14
3 -1.42109e-14
4736 3
1 1.90514e-13
2 6.66134e-14
3 -3.73035e-14
4738 3
1 1.64757e-13
2 7.63833e-14
3 -3.55271e-15
4740 3
1 1.77192e-13
2 5.50671e-14
3 -4.26326e-14
4742 3
1 1.62537e-13
2 7.4607e-14
3 -2.30926e-14
4744 3
1 1.85629e-13
2 7.4607e-14
3 -3.19744e-14
4746 3
1 1.75415e-13
2 6.03961e-14
3 -3.19744e-14
4748 3
1 1.78524e-13
2 1.05693e-13
3 -4.61853e-14
4750 3
1 1.56319e-13
2 7.37188e-14
3 -7.10543e-15
4752 3
1 1.77636e-13
2 8.43769e-14
3 -1.24345e-14
4754 3
1 1.4877e-13
2 9.76996e-14
3 -1.06581e-14
4756 3
1 1.82965e-13
2 5.77316e-14
3 -2.66454e-14
4758 3
1 1.53655e-13
2 7.63833e-14
3 -1.24345e-14
4760 3
1 1.52767e-13
2 8.9706e-14
3 -2.84217e-14
4762 3
1 1.74971e-13
2 7.10543e-14
3 -1.06581e-14
4764 3
1 1.67866e-13
2 7.63833e-14
3 -4.44089e-14
4766 3
1 1.64313e-13
2 8.88178e-14
3 -7.10543e-15
4768 3
1 1.78968e-13
2 7.63833e-14
3 0
4770 3
1 1.84297e-13
2 8.88178e-14
3 5.32907e-15
4772 3
1 1.92735e-13
2 7.28306e-14
3 -1.42109e-14
4774 3
1 1.90958e-13
2 6.66134e-14
3 -1.42109e-14
4776 3
1 1.87406e-13
2 7.99361e-14
3 -1.77636e-15
4778 3
1 1.39444e-13
2 9.50351e-14
3 -3.19744e-14
4780 3
1 1.78524e-13
2 8.88178e-14
3 -1.42109e-14
4782 3
1 1.74971e-13
2 6.39488e-14
3 -2.84217e-14
4784 3
1 1.81188e-13
2 6.30607e-14
3 -1.06581e-14
4786 3
1 1.68754e-13
2 6.39488e-14
3 -1.77636e-15
4788 3
1 1.45217e-13
2 8.79297e-14
3 1.59872e-14
4790 3
1 1.63425e-13
2 1.01252e-13
3 2.13163e-14
4792 3
1 1.71863e-13
2 6.12843e-14
3 5.32907e-15
4794 3
1 1.7053e-13
2 4.35207e-14
3 -2.84217e-14
4796 3
1 1.68754e-13
2 6.66134e-14
3 -1.59872e-14
4798 3
1 1.8785e-13
2 6.39488e-14
3 -2.4869e-14
4800 3
1 1.9762e-13
2 8.17124e-14
3 -2.13163e-14
4802 3
1 1.82077e-13
2 6.21725e-14
3 -7.10543e-15
4804 3
1 1.78524e-13
2 6.21725e-14
3 0
4806 3
1 1.64313e-13
2 5.50671e-14
3 -1.06581e-14
4808 3
1 1.63869e-13
2 5.59552e-14
3 -2.4869e-14
4810 3
1 1.81632e-13
2 3.4639e-14
3 2.84217e-14
4812 3
1 1.65201e-13
2 5.24025e-14
3 -3.90799e-14
4814 3
1 1.62981e-13
2 7.19425e-14
3 1.24345e-14
4816 3
1 1.66089e-13
2 7.37188e-14
3 -1.95399e-14
4818 3
1 1.76748e-13
2 6.57252e-14
3 -1.24345e-14
4820 3
1 1.82965e-13
2 6.03961e-14
3 1.77636e-15
4822 3
1 1.79412e-13
2 6.03961e-14
3 -3.55271e-14
4824 3
1 1.99396e-13
2 5.41789e-14
3 -7.10543e-15
4826 3
1 1.65201e-13
2 8.34888e-14
3 -2.84217e-14
4828 3
1 1.77636e-13
2 9.14824e-14
3 -3.01981e-14
4830 3
1 1.91847e-13
2 4.52971e-14
3 -3.90799e-14
4832 3
1 2.00728e-13
2 4.79616e-14
3 -3.55271e-14
4834 3
1 1.86073e-13
2 5.9508e-14
3 -3.19744e-14
4836 3
1 1.82521e-13
2 6.57252e-14
3 -3.37508e-14
4838 3
1 2.04281e-13
2 7.28306e-14
3 -5.32907e-14
4840 3
1 1.62981e-13
2 8.34888e-14
3 -3.19744e-14
4842 3
1 1.70974e-13
2 6.92779e-14
3 -3.90799e-14
4844 3
1 1.54987e-13
2 7.28306e-14
3 -5.50671e-14
4846 3
1 1.98952e-13
2 3.37508e-14
3 -4.26326e-14
4848 3
1 1.9007e-13
2 5.15143e-14
3 -2.13163e-14
4850 3
1 1.58096e-13
2 5.86198e-14
3 -1.24345e-14
4852 3
1 1.65645e-13
2 4.26326e-14
3 -3.37508e-14
4854 3
1 1.64757e-13
2 6.92779e-14
3 -4.26326e-14
4856 3
1 1.78524e-13
2 3.73035e-14
3 -1.77636e-15
4858 3
1 1.78968e-13
2 5.68434e-14
3 -1.42109e-14
4860 3
1 1.93623e-13
2 5.86198e-14
3 -4.44089e-14
4862 3
1 1.82965e-13
2 7.4607e-14
3 -6.03961e-14
4864 3
1 1.82965e-13
2 7.63833e-14
3 -2.13163e-14
4866 3
1 1.87406e-13
2 6.92779e-14
3 -3.55271e-14
4868 3
1 1.61648e-13
2 5.68434e-14
3 -1.59872e-14
4870 3
1 1.91402e-13
2 6.39488e-14
3 -5.68434e-14
4872 3
1 1.69642e-13
2 6.12843e-14
3 -3.73035e-14
4874 3
1 1.65201e-13
2 7.90479e-14
3 -6.92779e-14
4876 3
1 1.92735e-13
2 3.90799e-14
3 -1.95399e-14
4878 3
1 1.61648e-13
2 7.54952e-14
3 -1.59872e-14
4880 3
1 1.56319e-13
2 7.81597e-14
3 -3.37508e-14
4882 3
1 1.46549e-13
2 8.08242e-14
3 -3.01981e-14
4884 3
1 1.5854e-13
2 7.28306e-14
3 -5.50671e-14
4886 3
1 1.50546e-13
2 9.41469e-14
3 -6.75016e-14
4888 3
1 1.86962e-13
2 9.14824e-14
3 -6.03961e-14
4890 3
1 1.75859e-13
2 8.79297e-14
3 -3.01981e-14
4892 3
1 1.44773e-13
2 6.30607e-14
3 -2.84217e-14
4894 3
1 1.78968e-13
2 9.76996e-14
3 -2.66454e-14
4896 3
1 1.64313e-13
2 7.4607e-14
3 -2.30926e-14
4898 3
1 2.02505e-13
2 8.43769e-14
3 -5.68434e-14
4900 3
1 1.803e-13
2 8.08242e-14
3 -4.61853e-14
4902 3
1 1.77636e-13
2 1.06581e-13
3 -4.9738e-14
4904 3
1 1.97176e-13
2 7.90479e-14
3 -3.73035e-14
4906 3
1 1.74971e-13
2 9.76996e-14
3 -4.08562e-14
4908 3
1 1.78524e-13
2 8.34888e-14
3 -4.61853e-14
4910 3
1 1.84741e-13
2 8.9706e-14
3 -4.79616e-14
4912 3
1 1.62981e-13
2 1.00364e-13
3 -4.44089e-14
4914 3
1 1.72307e-13
2 1.03917e-13
3 -5.50671e-14
4916 3
1 1.49658e-13
2 7.81597e-14
3 -4.26326e-14
4918 3
1 1.53211e-13
2 8.70415e-14
3 -3.55271e-14
4920 3
1 1.75859e-13
2 1.19016e-13
3 -3.73035e-14
4922 3
1 1.47882e-13
2 8.61533e-14
3 -4.26326e-14
4924 3
1 1.38112e-13
2 9.05942e-14
3 -4.44089e-14
4926 3
1 1.52323e-13
2 1.09246e-13
3 -2.4869e-14
4928 3
1 1.68754e-13
2 8.43769e-14
3 -1.77636e-14
4930 3
1 1.63869e-13
2 1.13687e-13
3 -3.19744e-14
4932 3
1 1.66089e-13
2 9.85878e-14
3 -3.37508e-14
4934 3
1 1.54099e-13
2 8.08242e-14
3 -5.50671e-14
4936 3
1 1.43885e-13
2 1.1191e-13
3 -4.9738e-14
4938 3
1 1.58096e-13
2 9.9476e-14
3 -5.15143e-14
4940 3
1 1.37668e-13
2 9.85878e-14
3 -8.34888e-14
4942 3
1 1.39444e-13
2 1.03029e-13
3 -5.68434e-14
4944 3
1 1.50102e-13
2 9.9476e-14
3 -4.26326e-14
4946 3
1 1.64313e-13
2 1.03029e-13
3 -5.86198e-14
4948 3
1 1.46549e-13
2 9.76996e-14
3 -2.30926e-14
4950 3
1 1.58096e-13
2 8.08242e-14
3 -9.41469e-14
4952 3
1 1.46105e-13
2 1.04805e-13
3 -4.9738e-14
4954 3
1 1.5854e-13
2 1.00364e-13
3 -5.15143e-14
4956 3
1 1.58984e-13
2 1.01252e-13
3 -5.32907e-14
4958 3
1 1.61648e-13
2 1.01252e-13
3 -5.15143e-14
4960 3
1 1.1946e-13
2 1.01252e-13
3 -4.79616e-14
4962 3
1 1.46549e-13
2 1.33227e-13
3 -2.30926e-14
4964 3
1 1.56319e-13
2 1.24345e-13
3 -7.28306e-14
4966 3
1 1.66533e-13
2 1.06581e-13
3 -2.4869e-14
4968 3
1 1.52323e-13
2 1.24345e-13
3 -6.57252e-14
4970 3
1 1.41664e-13
2 1.29674e-13
3 -6.39488e-14
4972 3
1 1.58984e-13
2 1.18128e-13
3 -4.44089e-14
4974 3
1 1.43885e-13
2 9.59233e-14
3 -6.75016e-14
4976 3
1 1.73195e-13
2 1.26121e-13
3 -7.10543e-14
4978 3
1 1.85629e-13
2 1.24345e-13
3 -3.90799e-14
4980 3
1 1.64757e-13
2 8.79297e-14
3 -3.90799e-14
4982 3
1 1.66089e-13
2 1.35891e-13
3 -6.57252e-14
4984 3
1 1.52767e-13
2 1.26121e-13
3 -4.26326e-14
4986 3
1 1.82077e-13
2 1.19016e-13
3 -5.50671e-14
4988 3
1 1.56319e-13
2 9.41469e-14
3 -6.75016e-14
4990 3
1 1.81632e-13
2 9.9476e-14
3 -3.73035e-14
4992 3
1 1.65201e-13
2 1.34115e-13
3 -5.32907e-14
4994 3
1 1.58984e-13
2 1.0747e-13
3 -4.9738e-14
4996 3
1 1.70974e-13
2 1.10134e-13
3 -4.61853e-14
4998 3
1 1.6076e-13
2 9.76996e-14
3 -5.50671e-14
5000 3
1 1.36335e-13
2 1.04805e-13
3 -1.01252e-13
5002 3
1 1.50546e-13
2 1.03029e-13
3 -7.28306e-14
5004 3
1 1.66089e-13
2 1.18128e-13
3 -3.90799e-14
5006 3
1 1.58984e-13
2 1.12799e-13
3 -5.68434e-14
5008 3
1 1.61204e-13
2 8.34888e-14
3 -1.42109e-14
5010 3
1 2.08278e-13
2 1.37668e-13
3 -4.08562e-14
5012 3
1 1.56319e-13
2 1.05693e-13
3 -3.73035e-14
5014 3
1 1.84741e-13
2 1.14575e-13
3 -3.55271e-14
5016 3
1 1.86517e-13
2 1.15463e-13
3 -5.68434e-14
5018 3
1 1.6076e-13
2 9.14824e-14
3 -5.68434e-14
5020 3
1 1.96954e-13
2 9.68114e-14
3 -3.73035e-14
5022 3
1 2.08278e-13
2 1.20792e-13
3 -4.61853e-14
5024 3
1 1.71418e-13
2 1.10134e-13
3 -3.73035e-14
5026 3
1 2.08278e-13
2 1.08358e-13
3 -6.21725e-14
5028 3
1 1.78524e-13
2 1.19016e-13
3 -4.79616e-14
5030 3
1 1.72307e-13
2 1.22569e-13
3 -4.44089e-14
5032 3
1 1.86073e-13
2 1.10134e-13
3 -4.26326e-14
5034 3
1 2.06501e-13
2 1.1724e-13
3 -4.9738e-14
5036 3
1 2.20268e-13
2 7.99361e-14
3 -4.9738e-14
5038 3
1 1.93179e-13
2 9.76996e-14
3 -3.90799e-14
5040 3
1 1.79412e-13
2 8.08242e-14
3 -6.92779e-14
5042 3
1 2.18492e-13
2 1.20792e-13
3 -7.19425e-14
5044 3
1 1.94067e-13
2 9.23706e-14
3 -5.68434e-14
5046 3
1 2.09166e-13
2 8.52651e-14
3 -5.9508e-14
5048 3
1 2.13163e-13
2 1.01252e-13
3 -4.52971e-14
5050 3
1 1.86962e-13
2 1.22569e-13
3 -6.83897e-14
5052 3
1 1.87406e-13
2 9.05942e-14
3 -6.03961e-14
5054 3
1 2.13163e-13
2 8.43769e-14
3 -7.72715e-14
5056 3
1 2.01172e-13
2 1.05693e-13
3 -6.21725e-14
5058 3
1 1.91402e-13
2 1.00364e-13
3 -6.57252e-14
5060 3
1 2.03837e-13
2 8.34888e-14
3 -6.21725e-14
5062 3
1 2.04281e-13
2 8.70415e-14
3 -5.68434e-14
5064 3
1 2.08278e-13
2 6.57252e-14
3 -8.43769e-14
5066 3
1 2.05169e-13
2 1.0747e-13
3 -4.79616e-14
5068 3
1 1.85629e-13
2 9.05942e-14
3 -8.70415e-14
5070 3
1 1.95399e-13
2 1.03917e-13
3 -5.50671e-14
5072 3
1 1.74971e-13
2 6.92779e-14
3 -9.05942e-14
5074 3
1 2.02505e-13
2 8.88178e-14
3 -9.23706e-14
5076 3
1 1.84297e-13
2 6.4837e-14
3 -7.37188e-14
5078 3
1 2.08278e-13
2 9.59233e-14
3 -8.52651e-14
5080 3
1 1.98064e-13
2 9.05942e-14
3 -3.64153e-14
5082 3
1 2.06057e-13
2 8.88178e-14
3 -7.28306e-14
5084 3
1 1.94511e-13
2 1.03917e-13
3 -6.75016e-14
5086 3
1 2.04281e-13
2 6.92779e-14
3 -6.83897e-14
5088 3
1 1.85629e-13
2 7.63833e-14
3 -4.26326e-14
5090 3
1 1.59872e-13
2 8.74856e-14
3 -3.55271e-14
5092 3
1 2.02505e-13
2 1.11022e-13
3 -4.70735e-14
5094 3
1 1.91847e-13
2 8.26006e-14
3 -4.9738e-14
5096 3
1 1.73195e-13
2 9.68114e-14
3 -5.15143e-14
5098 3
1 1.803e-13
2 9.59233e-14
3 -6.03961e-14
5100 3
1 1.74083e-13
2 7.19425e-14
3 -4.79616e-14
5102 3
1 1.73195e-13
2 9.59233e-14
3 -6.39488e-14
5104 3
1 1.71418e-13
2 8.61533e-14
3 -7.99361e-14
5106 3
1 1.86517e-13
2 1.05693e-13
3 -5.41789e-14
5108 3
1 1.98508e-13
2 8.70415e-14
3 -6.83897e-14
5110 3
1 1.83853e-13
2 8.08242e-14
3 -6.75016e-14
5112 3
1 1.86073e-13
2 9.85878e-14
3 -6.66134e-14
5114 3
1 1.93179e-13
2 7.50511e-14
3 -4.61853e-14
5116 3
1 1.90514e-13
2 9.01501e-14
3 -6.21725e-14
5118 3
1 2.07834e-13
2 8.61533e-14
3 -8.88178e-14
5120 3
1 1.95399e-13
2 1.00808e-13
3 -7.81597e-14
5122 3
1 1.81632e-13
2 1.09246e-13
3 -6.03961e-14
5124 3
1 1.9984e-13
2 9.23706e-14
3 -5.50671e-14
5126 3
1 1.89182e-13
2 9.90319e-14
3 -5.50671e-14
5128 3
1 1.86962e-13
2 6.75016e-14
3 -4.79616e-14
5130 3
1 1.93179e-13
2 1.12799e-13
3 -4.79616e-14
5132 3
1 1.94067e-13
2 1.09246e-13
3 -4.9738e-14
5134 3
1 1.9984e-13
2 1.13687e-13
3 -2.66454e-14
5136 3
1 2.16271e-13
2 1.04805e-13
3 -5.41789e-14
5138 3
1 1.69198e-13
2 9.10383e-14
3 -5.32907e-14
5140 3
1 1.90514e-13
2 8.79297e-14
3 -6.57252e-14
5142 3
1 1.39888e-13
2 8.79297e-14
3 -6.21725e-14
5144 3
1 1.67866e-13
2 8.21565e-14
3 -8.17124e-14
5146 3
1 1.90514e-13
2 9.85878e-14
3 -6.75016e-14
5148 3
1 1.79412e-13
2 9.01501e-14
3 -8.70415e-14
5150 3
1 2.09166e-13
2 9.68114e-14
3 -6.21725e-14
5152 3
1 1.92735e-13
2 9.14824e-14
3 -8.9706e-14
5154 3
1 2.00284e-13
2 1.03473e-13
3 -6.03961e-14
5156 3
1 1.76303e-13
2 1.03917e-13
3 -7.99361e-14
5158 3
1 1.85185e-13
2 1.2701e-13
3 -6.4837e-14
5160 3
1 1.74527e-13
2 9.63674e-14
3 -5.9508e-14
5162 3
1 1.91847e-13
2 1.02141e-13
3 -6.75016e-14
5164 3
1 1.58984e-13
2 9.37028e-14
3 -7.63833e-14
5166 3
1 1.64757e-13
2 6.92779e-14
3 -5.86198e-14
5168 3
1 2.05169e-13
2 9.9476e-14
3 -6.4837e-14
5170 3
1 1.65645e-13
2 9.32587e-14
3 -9.23706e-14
5172 3
1 1.54543e-13
2 8.61533e-14
3 -7.81597e-14
5174 3
1 1.64313e-13
2 8.79297e-14
3 -7.19425e-14
5176 3
1 1.83853e-13
2 9.50351e-14
3 -7.63833e-14
5178 3
1 1.83853e-13
2 7.68274e-14
3 -7.01661e-14
5180 3
1 1.76748e-13
2 7.86038e-14
3 -7.10543e-14
5182 3
1 2.02061e-13
2 7.54952e-14
3 -8.79297e-14
5184 3
1 1.89626e-13
2 7.37188e-14
3 -7.4607e-14
5186 3
1 1.75415e-13
2 1.10134e-13
3 -6.57252e-14
5188 3
1 1.9984e-13
2 1.19904e-13
3 -6.66134e-14
5190 3
1 1.6831e-13
2 9.9476e-14
3 -7.90479e-14
5192 3
1 1.96287e-13
2 8.17124e-14
3 -6.92779e-14
5194 3
1 1.96732e-13
2 9.23706e-14
3 -5.15143e-14
5196 3
1 2.0961e-13
2 6.4837e-14
3 -7.4607e-14
5198 3
1 1.95843e-13
2 8.79297e-14
3 -8.70415e-14
5200 3
1 1.76748e-13
2 7.28306e-14
3 -9.76996e-14
5202 3
1 1.73639e-13
2 7.86038e-14
3 -8.70415e-14
5204 3
1 1.85185e-13
2 8.30447e-14
3 -6.75016e-14
5206 3
1 1.86962e-13
2 8.9706e-14
3 -8.34888e-14
5208 3
1 1.88294e-13
2 8.21565e-14
3 -1.01252e-13
5210 3
1 1.8785e-13
2 9.85878e-14
3 -9.76996e-14
5212 3
1 2.23377e-13
2 7.37188e-14
3 -7.4607e-14
5214 3
1 2.09166e-13
2 1.10134e-13
3 -5.86198e-14
5216 3
1 2.05169e-13
2 5.68434e-14
3 -9.32587e-14
5218 3
1 2.03837e-13
2 1.00808e-13
3 -9.59233e-14
5220 3
1 2.11386e-13
2 9.68114e-14
3 -1.03029e-13
5222 3
1 2.00728e-13
2 7.90479e-14
3 -1.03917e-13
5224 3
1 1.93623e-13
2 1.00364e-13
3 -1.13687e-13
5226 3
1 2.02949e-13
2 8.43769e-14
3 -9.59233e-14
5228 3
1 1.9984e-13
2 8.26006e-14
3 -9.41469e-14
5230 3
1 2.4114e-13
2 7.54952e-14
3 -1.06581e-13
5232 3
1 2.11386e-13
2 8.17124e-14
3 -1.01252e-13
5234 3
1 2.39364e-13
2 9.23706e-14
3 -9.85878e-14
5236 3
1 2.19824e-13
2 7.28306e-14
3 -8.88178e-14
5238 3
1 2.16271e-13
2 1.17684e-13
3 -1.06581e-13
5240 3
1 1.9007e-13
2 8.79297e-14
3 -8.61533e-14
5242 3
1 1.76303e-13
2 1.11022e-13
3 -1.12799e-13
5244 3
1 2.15827e-13
2 7.90479e-14
3 -1.04805e-13
5246 3
1 2.26485e-13
2 7.37188e-14
3 -1.03029e-13
5248 3
1 2.22045e-13
2 6.66134e-14
3 -8.61533e-14
5250 3
1 2.00728e-13
2 6.12843e-14
3 -1.03029e-13
5252 3
1 1.90958e-13
2 7.81597e-14
3 -8.52651e-14
5254 3
1 2.26041e-13
2 8.26006e-14
3 -1.27898e-13
5256 3
1 2.3137e-13
2 9.59233e-14
3 -1.05693e-13
5258 3
1 2.0739e-13
2 9.01501e-14
3 -1.08358e-13
5260 3
1 1.98064e-13
2 7.59393e-14
3 -1.05693e-13
5262 3
1 1.86962e-13
2 8.08242e-14
3 -9.05942e-14
5264 3
1 2.06946e-13
2 9.81437e-14
3 -1.08358e-13
5266 3
1 2.05613e-13
2 8.4821e-14
3 -1.27898e-13
5268 3
1 2.00284e-13
2 6.08402e-14
3 -1.3145e-13
5270 3
1 2.19824e-13
2 7.72715e-14
3 -9.9476e-14
5272 3
1 1.88738e-13
2 8.30447e-14
3 -1.22569e-13
5274 3
1 2.05613e-13
2 1.09246e-13
3 -1.35003e-13
5276 3
1 1.9007e-13
2 6.21725e-14
3 -9.9476e-14
5278 3
1 2.06501e-13
2 8.4821e-14
3 -1.22569e-13
5280 3
1 1.95843e-13
2 1.02141e-13
3 -1.10134e-13
5282 3
1 2.01172e-13
2 9.28146e-14
3 -1.08358e-13
5284 3
1 2.23377e-13
2 6.12843e-14
3 -1.27898e-13
5286 3
1 2.21156e-13
2 8.88178e-14
3 -1.19016e-13
5288 3
1 2.06057e-13
2 6.70575e-14
3 -1.29674e-13
5290 3
1 1.94511e-13
2 7.54952e-14
3 -9.41469e-14
5292 3
1 1.82965e-13
2 5.28466e-14
3 -1.25233e-13
5294 3
1 2.00728e-13
2 7.63833e-14
3 -1.06581e-13
5296 3
1 1.94511e-13
2 7.10543e-14
3 -1.06581e-13
5298 3
1 2.20268e-13
2 6.4837e-14
3 -1.5099e-13
5300 3
1 1.82965e-13
2 7.72715e-14
3 -1.29674e-13
5302 3
1 2.06946e-13
2 5.90639e-14
3 -1.12799e-13
5304 3
1 2.10498e-13
2 4.21885e-14
3 -1.22569e-13
5306 3
1 1.9984e-13
2 6.39488e-14
3 -1.26121e-13
5308 3
1 1.83409e-13
2 6.66134e-14
3 -9.59233e-14
5310 3
1 2.19824e-13
2 6.39488e-14
3 -1.20792e-13
5312 3
1 1.86517e-13
2 7.28306e-14
3 -1.06581e-13
5314 3
1 1.88294e-13
2 6.52811e-14
3 -1.1724e-13
5316 3
1 2.16716e-13
2 8.79297e-14
3 -1.38556e-13
5318 3
1 2.13607e-13
2 7.63833e-14
3 -8.52651e-14
5320 3
1 1.62093e-13
2 7.50511e-14
3 -1.40332e-13
5322 3
1 1.93623e-13
2 6.52811e-14
3 -8.52651e-14
5324 3
1 2.02949e-13
2 6.79456e-14
3 -8.43769e-14
5326 3
1 2.14051e-13
2 7.77156e-14
3 -9.9476e-14
5328 3
1 2.49134e-13
2 7.23865e-14
3 -1.03029e-13
5330 3
1 1.98064e-13
2 6.08402e-14
3 -9.59233e-14
5332 3
1 2.0739e-13
2 5.68434e-14
3 -1.15463e-13
5334 3
1 2.00728e-13
2 5.81757e-14
3 -1.18128e-13
5336 3
1 2.06501e-13
2 6.35048e-14
3 -1.23457e-13
5338 3
1 1.9007e-13
2 7.23865e-14
3 -1.45661e-13
5340 3
1 2.02505e-13
2 8.79297e-14
3 -1.42109e-13
5342 3
1 1.94511e-13
2 6.92779e-14
3 -1.24345e-13
5344 3
1 1.97176e-13
2 5.77316e-14
3 -1.08358e-13
5346 3
1 1.78968e-13
2 6.66134e-14
3 -1.13687e-13
5348 3
1 1.9007e-13
2 6.57252e-14
3 -1.1191e-13
5350 3
1 1.96287e-13
2 6.12843e-14
3 -1.04805e-13
5352 3
1 2.04725e-13
2 4.70735e-14
3 -1.20792e-13
5354 3
1 1.91847e-13
2 7.10543e-14
3 -1.09246e-13
5356 3
1 2.03837e-13
2 5.81757e-14
3 -1.19904e-13
5358 3
1 1.89182e-13
2 6.30607e-14
3 -1.13687e-13
5360 3
1 2.11386e-13
2 4.66294e-14
3 -1.10134e-13
5362 3
1 1.91847e-13
2 7.72715e-14
3 -1.24345e-13
5364 3
1 1.93179e-13
2 7.4607e-14
3 -1.22569e-13
5366 3
1 1.76303e-13
2 3.33067e-14
3 -1.30562e-13
5368 3
1 1.86517e-13
2 6.57252e-14
3 -1.20792e-13
5370 3
1 1.73639e-13
2 8.34888e-14
3 -1.51879e-13
5372 3
1 2.13607e-13
2 7.59393e-14
3 -1.13687e-13
5374 3
1 2.00062e-13
2 8.30447e-14
3 -1.22569e-13
5376 3
1 2.00284e-13
2 7.54952e-14
3 -1.59872e-13
5378 3
1 2.18492e-13
2 8.43769e-14
3 -1.06581e-13
5380 3
1 2.01172e-13
2 4.26326e-14
3 -1.14575e-13
5382 3
1 1.79856e-13
2 7.01661e-14
3 -1.3145e-13
5384 3
1 1.64091e-13
2 5.4623e-14
3 -1.37668e-13
5386 3
1 1.78746e-13
2 1.00364e-13
3 -1.13687e-13
5388 3
1 1.91402e-13
2 6.26166e-14
3 -1.1191e-13
5390 3
1 1.69864e-13
2 7.14984e-14
3 -1.29674e-13
5392 3
1 1.89182e-13
2 4.35207e-14
3 -1.55431e-13
5394 3
1 1.7919e-13
2 7.63833e-14
3 -1.44773e-13
5396 3
1 1.67422e-13
2 4.88498e-14
3 -1.5099e-13
5398 3
1 1.70752e-13
2 8.83738e-14
3 -1.24345e-13
5400 3
1 1.6942e-13
2 6.12843e-14
3 -1.48326e-13
5402 3
1 1.4122e-13
2 1.13243e-13
3 -1.08358e-13
5404 3
1 1.93179e-13
2 5.19584e-14
3 -1.58096e-13
5406 3
1 1.57208e-13
2 4.44089e-14
3 -1.4122e-13
5408 3
1 1.76081e-13
2 6.30607e-14
3 -1.15463e-13
5410 3
1 1.53655e-13
2 7.68274e-14
3 -1.26121e-13
5412 3
1 1.83409e-13
2 6.21725e-14
3 -1.3145e-13
5414 3
1 1.65201e-13
2 6.39488e-14
3 -1.40332e-13
5416 3
1 1.91402e-13
2 4.84057e-14
3 -1.13687e-13
5418 3
1 1.64313e-13
2 8.57092e-14
3 -1.38556e-13
5420 3
1 1.82521e-13
2 6.92779e-14
3 -1.13687e-13
5422 3
1 1.91847e-13
2 6.12843e-14
3 -1.20792e-13
5424 3
1 1.93179e-13
2 4.39648e-14
3 -1.06581e-13
5426 3
1 1.72307e-13
2 7.01661e-14
3 -1.22569e-13
5428 3
1 1.70086e-13
2 6.17284e-14
3 -1.26121e-13
5430 3
1 1.87406e-13
2 5.9508e-14
3 -1.22569e-13
5432 3
1 1.91402e-13
2 7.63833e-14
3 -1.47438e-13
5434 3
1 1.86962e-13
2 6.70575e-14
3 -1.01252e-13
5436 3
1 2.20268e-13
2 6.92779e-14
3 -1.38556e-13
5438 3
1 1.88294e-13
2 6.12843e-14
3 -1.58096e-13
5440 3
1 1.87406e-13
2 3.37508e-14
3 -1.38556e-13
5442 3
1 1.83409e-13
2 7.28306e-14
3 -1.19016e-13
5444 3
1 1.59428e-13
2 6.75016e-14
3 -1.52767e-13
5446 3
1 2.06946e-13
2 4.26326e-14
3 -1.27898e-13
5448 3
1 1.88294e-13
2 7.32747e-14
3 -1.45661e-13
5450 3
1 1.98952e-13
2 5.24025e-14
3 -1.58096e-13
5452 3
1 2.20268e-13
2 5.15143e-14
3 -1.19016e-13
5454 3
1 2.17604e-13
2 8.52651e-14
3 -1.47438e-13
5456 3
1 1.93179e-13
2 8.9706e-14
3 -1.3145e-13
5458 3
1 1.92735e-13
2 4.70735e-14
3 -1.1724e-13
5460 3
1 1.90514e-13
2 6.75016e-14
3 -1.13687e-13
5462 3
1 2.05613e-13
2 6.39488e-14
3 -1.1724e-13
5464 3
1 1.95843e-13
2 6.57252e-14
3 -8.70415e-14
5466 3
1 2.11386e-13
2 7.41629e-14
3 -1.3145e-13
5468 3
1 1.96732e-13
2 5.32907e-14
3 -1.29674e-13
5470 3
1 1.803e-13
2 6.4837e-14
3 -1.03029e-13
5472 3
1 2.04281e-13
2 6.66134e-14
3 -1.19016e-13
5474 3
1 2.06501e-13
2 9.14824e-14
3 -1.13687e-13
5476 3
1 2.05169e-13
2 6.83897e-14
3 -1.04805e-13
5478 3
1 1.98508e-13
2 6.66134e-14
3 -1.43885e-13
5480 3
1 1.88738e-13
2 7.72715e-14
3 -1.26121e-13
5482 3
1 1.86517e-13
2 7.14984e-14
3 -1.20792e-13
5484 3
1 1.95843e-13
2 7.23865e-14
3 -1.20792e-13
5486 3
1 1.803e-13
2 9.72555e-14
3 -1.22569e-13
5488 3
1 2.10942e-13
2 5.63993e-14
3 -1.20792e-13
5490 3
1 1.90958e-13
2 9.10383e-14
3 -1.36779e-13
5492 3
1 1.88294e-13
2 1.04805e-13
3 -1.33227e-13
5494 3
1 2.16271e-13
2 1.00808e-13
3 -1.01252e-13
5496 3
1 1.8785e-13
2 1.02141e-13
3 -1.13687e-13
5498 3
1 2.04281e-13
2 9.63674e-14
3 -9.41469e-14
5500 3
1 2.03837e-13
2 7.14984e-14
3 -1.24345e-13
5502 3
1 2.19824e-13
2 8.70415e-14
3 -1.10134e-13
5504 3
1 1.94067e-13
2 7.06102e-14
3 -1.06581e-13
5506 3
1 1.73195e-13
2 6.92779e-14
3 -1.1191e-13
5508 3
1 1.72307e-13
2 5.9952e-14
3 -1.15463e-13
5510 3
1 1.83853e-13
2 6.03961e-14
3 -1.1191e-13
5512 3
1 1.92291e-13
2 6.17284e-14
3 -1.3145e-13
5514 3
1 1.83853e-13
2 6.70575e-14
3 -1.19016e-13
5516 3
1 1.69198e-13
2 5.24025e-14
3 -1.24345e-13
5518 3
1 1.70086e-13
2 6.39488e-14
3 -1.10134e-13
5520 3
1 1.85185e-13
2 1.10134e-13
3 -1.1724e-13
5522 3
1 1.94511e-13
2 6.57252e-14
3 -1.06581e-13
5524 3
1 1.81632e-13
2 8.57092e-14
3 -1.06581e-13
5526 3
1 1.78968e-13
2 9.05942e-14
3 -1.35003e-13
5528 3
1 1.77636e-13
2 5.68434e-14
3 -1.1724e-13
5530 3
1 1.77636e-13
2 8.79297e-14
3 -1.1191e-13
5532 3
1 1.75415e-13
2 6.52811e-14
3 -1.03029e-13
5534 3
1 1.81188e-13
2 6.03961e-14
3 -1.13687e-13
5536 3
1 1.89182e-13
2 6.57252e-14
3 -1.03029e-13
5538 3
1 1.66089e-13
2 8.08242e-14
3 -9.59233e-14
5540 3
1 1.55431e-13
2 5.68434e-14
3 -9.59233e-14
5542 3
1 1.65645e-13
2 8.26006e-14
3 -7.28306e-14
5544 3
1 1.63425e-13
2 6.61693e-14
3 -1.2168e-13
5546 3
1 1.6831e-13
2 9.63674e-14
3 -9.59233e-14
5548 3
1 1.83409e-13
2 8.65974e-14
3 -1.22569e-13
5550 3
1 1.84297e-13
2 7.06102e-14
3 -1.16351e-13
5552 3
1 1.81632e-13
2 7.4607e-14
3 -1.37668e-13
5554 3
1 1.82965e-13
2 6.57252e-14
3 -1.27898e-13
5556 3
1 1.72307e-13
2 5.06262e-14
3 -1.26121e-13
5558 3
1 1.71418e-13
2 8.03801e-14
3 -1.00364e-13
5560 3
1 1.70974e-13
2 7.9492e-14
3 -1.06581e-13
5562 3
1 1.55431e-13
2 8.65974e-14
3 -1.04805e-13
5564 3
1 1.71418e-13
2 6.92779e-14
3 -1.06581e-13
5566 3
1 1.66089e-13
2 4.84057e-14
3 -7.54952e-14
5568 3
1 1.5854e-13
2 6.83897e-14
3 -1.10134e-13
5570 3
1 1.72307e-13
2 6.30607e-14
3 -9.23706e-14
5572 3
1 1.74971e-13
2 7.23865e-14
3 -9.85878e-14
5574 3
1 1.73639e-13
2 2.88658e-14
3 -8.52651e-14
5576 3
1 1.64757e-13
2 5.15143e-14
3 -6.39488e-14
5578 3
1 1.65201e-13
2 2.57572e-14
3 -7.63833e-14
5580 3
1 1.74971e-13
2 8.34888e-14
3 -9.41469e-14
5582 3
1 1.67866e-13
2 6.92779e-14
3 -8.88178e-14
5584 3
1 1.92735e-13
2 7.28306e-14
3 -6.75016e-14
5586 3
1 1.84741e-13
2 7.37188e-14
3 -1.00364e-13
5588 3
1 1.59428e-13
2 8.26006e-14
3 -8.88178e-14
5590 3
1 1.64757e-13
2 6.57252e-14
3 -1.0747e-13
5592 3
1 1.77192e-13
2 8.03801e-14
3 -9.05942e-14
5594 3
1 1.87406e-13
2 6.52811e-14
3 -1.0747e-13
5596 3
1 1.78968e-13
2 7.86038e-14
3 -8.26006e-14
5598 3
1 1.79412e-13
2 4.26326e-14
3 -7.4607e-14
5600 3
1 1.65645e-13
2 5.86198e-14
3 -9.05942e-14
5602 3
1 1.71418e-13
2 5.90639e-14
3 -1.02141e-13
5604 3
1 1.9007e-13
2 4.26326e-14
3 -1.04805e-13
5606 3
1 1.94955e-13
2 7.81597e-14
3 -7.19425e-14
5608 3
1 1.62093e-13
2 5.86198e-14
3 -1.13687e-13
5610 3
1 1.72307e-13
2 7.28306e-14
3 -1.0747e-13
5612 3
1 1.71418e-13
2 7.06102e-14
3 -1.04805e-13
5614 3
1 1.80744e-13
2 3.90799e-14
3 -1.05693e-13
5616 3
1 1.78524e-13
2 8.43769e-14
3 -9.14824e-14
5618 3
1 1.98064e-13
2 6.4837e-14
3 -1.00364e-13
5620 3
1 1.92735e-13
2 7.37188e-14
3 -8.88178e-14
5622 3
1 1.7053e-13
2 6.4837e-14
3 -1.03029e-13
5624 3
1 1.82965e-13
2 8.61533e-14
3 -1.11022e-13
5626 3
1 1.55431e-13
2 5.86198e-14
3 -7.90479e-14
5628 3
1 2.06946e-13
2 8.43769e-14
3 -7.28306e-14
5630 3
1 2.11386e-13
2 6.03961e-14
3 -8.17124e-14
5632 3
1 1.70086e-13
2 6.21725e-14
3 -1.03029e-13
5634 3
1 1.77192e-13
2 7.99361e-14
3 -1.20792e-13
5636 3
1 1.84297e-13
2 7.10543e-14
3 -7.54952e-14
5638 3
1 1.96732e-13
2 6.4837e-14
3 -1.01252e-13
5640 3
1 1.63425e-13
2 7.19425e-14
3 -9.32587e-14
5642 3
1 1.6076e-13
2 5.15143e-14
3 -1.06581e-13
5644 3
1 1.7053e-13
2 2.93099e-14
3 -9.05942e-14
5646 3
1 1.51879e-13
2 3.4639e-14
3 -9.41469e-14
5648 3
1 1.61648e-13
2 5.68434e-14
3 -6.21725e-14
5650 3
1 1.74083e-13
2 6.57252e-14
3 -9.59233e-14
5652 3
1 1.7053e-13
2 4.35207e-14
3 -8.52651e-14
5654 3
1 1.66533e-13
2 6.61693e-14
3 -7.99361e-14
5656 3
1 1.89182e-13
2 5.37348e-14
3 -9.32587e-14
5658 3
1 1.68754e-13
2 3.28626e-14
3 -9.50351e-14
5660 3
1 2.12719e-13
2 4.9738e-14
3 -1.23457e-13
5662 3
1 1.62981e-13
2 4.26326e-14
3 -8.88178e-14
5664 3
1 1.94955e-13
2 3.19744e-14
3 -1.00364e-13
5666 3
1 1.7808e-13
2 5.9952e-14
3 -8.17124e-14
5668 3
1 1.86073e-13
2 4.61853e-14
3 -8.34888e-14
5670 3
1 1.6076e-13
2 5.01821e-14
3 -8.88178e-14
5672 3
1 1.62981e-13
2 4.08562e-14
3 -1.03029e-13
5674 3
1 1.88738e-13
2 2.08722e-14
3 -1.03029e-13
5676 3
1 1.68754e-13
2 5.19584e-14
3 -1.1724e-13
5678 3
1 1.63425e-13
2 5.10703e-14
3 -1.10134e-13
5680 3
1 1.52323e-13
2 3.10862e-14
3 -1.03029e-13
5682 3
1 1.41664e-13
2 2.93099e-14
3 -1.08358e-13
5684 3
1 1.65201e-13
2 3.33067e-14
3 -1.35003e-13
5686 3
1 1.5854e-13
2 2.9754e-14
3 -1.26121e-13
5688 3
1 1.84741e-13
2 6.75016e-14
3 -1.33227e-13
5690 3
1 1.82521e-13
2 4.75175e-14
3 -1.1724e-13
5692 3
1 1.77192e-13
2 3.9968e-14
3 -1.1191e-13
5694 3
1 1.68754e-13
2 3.06422e-14
3 -1.13687e-13
5696 3
1 1.3145e-13
2 1.90958e-14
3 -1.04805e-13
5698 3
1 1.86962e-13
2 4.17444e-14
3 -1.13687e-13
5700 3
1 1.56763e-13
2 3.73035e-14
3 -1.08358e-13
5702 3
1 1.64757e-13
2 5.50671e-14
3 -1.29674e-13
5704 3
1 1.76303e-13
2 3.81917e-14
3 -1.27898e-13
5706 3
1 1.5099e-13
2 3.81917e-14
3 -1.1724e-13
5708 3
1 1.71418e-13
2 4.04121e-14
3 -1.22569e-13
5710 3
1 1.55875e-13
2 5.32907e-14
3 -1.01252e-13
5712 3
1 1.56319e-13
2 4.61853e-14
3 -9.9476e-14
5714 3
1 1.30118e-13
2 8.88178e-15
3 -1.04805e-13
5716 3
1 1.57208e-13
2 3.73035e-14
3 -1.15463e-13
5718 3
1 1.44773e-13
2 5.86198e-14
3 -1.01252e-13
5720 3
1 1.39e-13
2 3.81917e-14
3 -1.3145e-13
5722 3
1 1.25677e-13
2 3.73035e-14
3 -1.13687e-13
5724 3
1 1.45661e-13
2 5.77316e-14
3 -1.10134e-13
5726 3
1 1.46105e-13
2 3.19744e-14
3 -1.27898e-13
5728 3
1 1.67866e-13
2 2.04281e-14
3 -1.22569e-13
5730 3
1 1.43885e-13
2 2.22045e-14
3 -1.1724e-13
5732 3
1 1.55431e-13
2 3.01981e-14
3 -1.0747e-13
5734 3
1 1.34559e-13
2 3.24185e-14
3 -1.48326e-13
5736 3
1 1.51879e-13
2 1.82077e-14
3 -1.26121e-13
5738 3
1 1.29008e-13
2 1.24345e-14
3 -1.18128e-13
5740 3
1 1.56541e-13
2 3.10862e-15
3 -1.34115e-13
5742 3
1 1.56763e-13
2 2.53131e-14
3 -1.35003e-13
5744 3
1 1.61871e-13
2 -1.06581e-14
3 -1.02141e-13
5746 3
1 1.43885e-13
2 3.10862e-15
3 -1.40332e-13
5748 3
1 1.53877e-13
2 3.24185e-14
3 -1.28786e-13
5750 3
1 1.51434e-13
2 -1.68754e-14
3 -1.27898e-13
5752 3
1 1.41664e-13
2 1.15463e-14
3 -1.23457e-13
5754 3
1 1.81632e-13
2 3.4639e-14
3 -1.50102e-13
5756 3
1 1.803e-13
2 1.77636e-14
3 -1.24345e-13
5758 3
1 1.32783e-13
2 3.4639e-14
3 -1.1724e-13
5760 3
1 1.38556e-13
2 2.13163e-14
3 -1.35003e-13
5762 3
1 1.42997e-13
2 1.24345e-14
3 -1.47438e-13
5764 3
1 1.65201e-13
2 3.4639e-14
3 -9.76996e-14
5766 3
1 1.42997e-13
2 7.54952e-15
3 -1.3145e-13
5768 3
1 1.69642e-13
2 -1.55431e-14
3 -1.28786e-13
5770 3
1 1.50546e-13
2 -1.77636e-15
3 -1.30562e-13
5772 3
1 1.66533e-13
2 1.33227e-14
3 -1.22569e-13
5774 3
1 1.38556e-13
2 1.73195e-14
3 -1.30562e-13
5776 3
1 1.33227e-13
2 3.55271e-14
3 -1.1191e-13
5778 3
1 1.35447e-13
2 8.88178e-16
3 -1.19016e-13
5780 3
1 1.15907e-13
2 -1.5099e-14
3 -1.49214e-13
5782 3
1 1.32339e-13
2 1.02141e-14
3 -1.1191e-13
5784 3
1 1.27898e-13
2 1.02141e-14
3 -1.08358e-13
5786 3
1 1.35003e-13
2 -1.37668e-14
3 -1.37668e-13
5788 3
1 1.31006e-13
2 1.73195e-14
3 -1.36779e-13
5790 3
1 1.34559e-13
2 -1.86517e-14
3 -1.47438e-13
5792 3
1 1.47438e-13
2 -2.66454e-15
3 -1.4122e-13
5794 3
1 1.39e-13
2 1.42109e-14
3 -1.40332e-13
5796 3
1 1.04361e-13
2 -2.26485e-14
3 -1.1191e-13
5798 3
1 1.2923e-13
2 -1.77636e-15
3 -1.03917e-13
5800 3
1 1.26565e-13
2 2.30926e-14
3 -1.30562e-13
5802 3
1 1.32783e-13
2 -1.55431e-14
3 -1.2168e-13
5804 3
1 1.25233e-13
2 9.32587e-15
3 -1.23457e-13
5806 3
1 1.03473e-13
2 1.77636e-15
3 -1.23457e-13
5808 3
1 1.16351e-13
2 3.55271e-15
3 -1.63425e-13
5810 3
1 1.21236e-13
2 -5.32907e-15
3 -1.15463e-13
5812 3
1 1.23457e-13
2 -7.54952e-15
3 -1.3145e-13
5814 3
1 1.23013e-13
2 -9.32587e-15
3 -1.22569e-13
5816 3
1 1.05693e-13
2 1.68754e-14
3 -1.52767e-13
5818 3
1 1.32339e-13
2 1.19904e-14
3 -1.02141e-13
5820 3
1 1.33671e-13
2 2.22045e-15
3 -1.26121e-13
5822 3
1 1.16795e-13
2 2.22045e-14
3 -1.18128e-13
5824 3
1 1.44773e-13
2 -1.33227e-15
3 -1.05693e-13
5826 3
1 1.22125e-13
2 2.53131e-14
3 -1.25233e-13
5828 3
1 1.30562e-13
2 2.66454e-15
3 -1.35003e-13
5830 3
1 1.44329e-13
2 1.55431e-14
3 -1.24345e-13
5832 3
1 1.52767e-13
2 2.22045e-14
3 -1.16351e-13
5834 3
1 1.66978e-13
2 -6.21725e-15
3 -1.1724e-13
5836 3
1 1.49214e-13
2 1.37668e-14
3 -8.70415e-14
5838 3
1 1.59872e-13
2 7.99361e-15
3 -1.04805e-13
5840 3
1 1.33671e-13
2 -3.9968e-15
3 -1.13687e-13
5842 3
1 1.35003e-13
2 -7.10543e-15
3 -1.13687e-13
5844 3
1 1.42553e-13
2 -7.54952e-15
3 -1.19904e-13
5846 3
1 1.50546e-13
2 1.64313e-14
3 -1.2701e-13
5848 3
1 1.46549e-13
2 -6.21725e-15
3 -1.06581e-13
5850 3
1 1.33671e-13
2 -4.44089e-15
3 -1.04805e-13
5852 3
1 1.39444e-13
2 1.33227e-14
3 -1.19016e-13
5854 3
1 1.40776e-13
2 1.77636e-14
3 -1.04805e-13
5856 3
1 1.54543e-13
2 1.86517e-14
3 -1.08358e-13
5858 3
1 1.49214e-13
2 1.55431e-14
3 -1.04805e-13
5860 3
1 1.42997e-13
2 1.82077e-14
3 -1.38556e-13
5862 3
1 1.46105e-13
2 9.32587e-15
3 -1.29674e-13
5864 3
1 1.06581e-13
2 1.19904e-14
3 -9.76996e-14
5866 3
1 1.43885e-13
2 3.9968e-15
3 -1.1724e-13
5868 3
1 1.32783e-13
2 3.06422e-14
3 -1.35891e-13
5870 3
1 1.28786e-13
2 2.57572e-14
3 -1.24345e-13
5872 3
1 1.45661e-13
2 3.86358e-14
3 -1.40332e-13
5874 3
1 1.66089e-13
2 4.21885e-14
3 -1.03917e-13
5876 3
1 1.64313e-13
2 1.19904e-14
3 -1.04805e-13
5878 3
1 1.53655e-13
2 9.76996e-15
3 -9.9476e-14
5880 3
1 1.57208e-13
2 2.9754e-14
3 -1.13687e-13
5882 3
1 1.05693e-13
2 2.84217e-14
3 -1.15463e-13
5884 3
1 1.77192e-13
2 2.57572e-14
3 -9.76996e-14
5886 3
1 1.59428e-13
2 3.73035e-14
3 -1.03029e-13
5888 3
1 1.6076e-13
2 -7.54952e-15
3 -1.03029e-13
5890 3
1 1.82521e-13
2 3.10862e-15
3 -1.13687e-13
5892 3
1 1.69642e-13
2 1.90958e-14
3 -1.10134e-13
5894 3
1 1.56097e-13
2 2.26485e-14
3 -1.19904e-13
5896 3
1 1.54099e-13
2 1.68754e-14
3 -8.52651e-14
5898 3
1 1.54099e-13
2 2.17604e-14
3 -1.01252e-13
5900 3
1 1.38112e-13
2 1.5099e-14
3 -1.09246e-13
5902 3
1 1.6076e-13
2 2.17604e-14
3 -1.11022e-13
5904 3
1 1.73639e-13
2 4.44089e-16
3 -8.52651e-14
5906 3
1 1.58984e-13
2 7.54952e-15
3 -9.85878e-14
5908 3
1 1.45661e-13
2 1.5099e-14
3 -1.33227e-13
5910 3
1 1.42109e-13
2 3.15303e-14
3 -9.59233e-14
5912 3
1 1.52767e-13
2 2.26485e-14
3 -9.14824e-14
5914 3
1 1.5854e-13
2 7.54952e-15
3 -7.63833e-14
5916 3
1 1.62093e-13
2 7.54952e-15
3 -9.85878e-14
5918 3
1 1.46549e-13
2 6.66134e-15
3 -1.02141e-13
5920 3
1 1.57652e-13
2 1.73195e-14
3 -9.41469e-14
5922 3
1 1.69198e-13
2 1.59872e-14
3 -9.76996e-14
5924 3
1 1.3145e-13
2 8.88178e-16
3 -8.79297e-14
5926 3
1 1.32783e-13
2 3.64153e-14
3 -8.34888e-14
5928 3
1 1.35003e-13
2 7.54952e-15
3 -1.01252e-13
5930 3
1 1.35003e-13
2 2.66454e-14
3 -1.05693e-13
5932 3
1 1.44773e-13
2 7.54952e-15
3 -9.14824e-14
5934 3
1 1.25233e-13
2 1.24345e-14
3 -1.1191e-13
5936 3
1 1.61648e-13
2 1.37668e-14
3 -5.06262e-14
5938 3
1 1.49214e-13
2 1.37668e-14
3 -1.10134e-13
5940 3
1 1.54543e-13
2 1.77636e-14
3 -1.01252e-13
5942 3
1 1.78524e-13
2 6.66134e-15
3 -1.05693e-13
5944 3
1 1.45217e-13
2 9.76996e-15
3 -1.10134e-13
5946 3
1 1.56763e-13
2 8.43769e-15
3 -1.08358e-13
5948 3
1 1.2923e-13
2 8.43769e-15
3 -8.52651e-14
5950 3
1 1.50102e-13
2 1.59872e-14
3 -8.61533e-14
5952 3
1 1.34115e-13
2 -5.32907e-15
3 -8.9706e-14
5954 3
1 1.4877e-13
2 1.46549e-14
3 -1.05693e-13
5956 3
1 1.53877e-13
2 -2.22045e-14
3 -1.06581e-13
5958 3
1 1.50324e-13
2 2.4869e-14
3 -8.52651e-14
5960 3
1 1.37668e-13
2 4.88498e-15
3 -9.85878e-14
5962 3
1 1.52101e-13
2 1.11022e-14
3 -1.06581e-13
5964 3
1 1.56763e-13
2 1.19904e-14
3 -1.29674e-13
5966 3
1 1.54099e-13
2 2.44249e-14
3 -8.17124e-14
5968 3
1 1.73195e-13
2 1.68754e-14
3 -1.03029e-13
5970 3
1 1.53433e-13
2 1.33227e-15
3 -1.08358e-13
5972 3
1 1.47216e-13
2 7.54952e-15
3 -9.59233e-14
5974 3
1 9.68114e-14
2 4.44089e-16
3 -1.09246e-13
5976 3
1 1.48326e-13
2 1.9984e-14
3 -1.20792e-13
5978 3
1 1.42997e-13
2 2.57572e-14
3 -9.59233e-14
5980 3
1 1.64313e-13
2 2.30926e-14
3 -1.13687e-13
5982 3
1 1.42997e-13
2 -1.77636e-15
3 -9.76996e-14
5984 3
1 1.54543e-13
2 2.13163e-14
3 -1.33227e-13
5986 3
1 1.44773e-13
2 1.24345e-14
3 -8.88178e-14
5988 3
1 1.37668e-13
2 1.42109e-14
3 -1.27898e-13
5990 3
1 1.61648e-13
2 1.68754e-14
3 -1.19016e-13
5992 3
1 1.28786e-13
2 9.76996e-15
3 -1.24345e-13
5994 3
1 1.59872e-13
2 2.22045e-14
3 -1.42109e-13
5996 3
1 1.54543e-13
2 1.95399e-14
3 -1.36779e-13
5998 3
1 1.50546e-13
2 -1.33227e-15
3 -1.2168e-13
6000 3
1 1.4122e-13
2 1.37668e-14
3 -9.41469e-14
6002 3
1 1.70752e-13
2 6.21725e-15
3 -1.15463e-13
6004 3
1 1.5099e-13
2 4.44089e-15
3 -1.13687e-13
6006 3
1 1.59428e-13
2 -4.44089e-16
3 -9.76996e-14
6008 3
1 1.53211e-13
2 1.82077e-14
3 -1.15463e-13
6010 3
1 1.42997e-13
2 1.55431e-14
3 -1.03029e-13
6012 3
1 1.69198e-13
2 1.24345e-14
3 -1.01252e-13
6014 3
1 1.44773e-13
2 -4.44089e-16
3 -9.59233e-14
6016 3
1 1.69642e-13
2 4.44089e-14
3 -1.14575e-13
6018 3
1 1.47438e-13
2 2.57572e-14
3 -1.11022e-13
6020 3
1 1.42553e-13
2 1.90958e-14
3 -1.1724e-13
6022 3
1 1.58762e-13
2 1.77636e-14
3 -1.14575e-13
6024 3
1 1.41887e-13
2 2.84217e-14
3 -1.08358e-13
6026 3
1 1.48992e-13
2 8.88178e-16
3 -1.20792e-13
6028 3
1 1.48992e-13
2 4.17444e-14
3 -1.15463e-13
6030 3
1 1.70086e-13
2 1.55431e-14
3 -1.3145e-13
6032 3
1 1.84741e-13
2 -1.33227e-15
3 -1.1191e-13
6034 3
1 1.48548e-13
2 2.75335e-14
3 -1.1191e-13
6036 3
1 1.62537e-13
2 4.52971e-14
3 -1.42109e-13
6038 3
1 1.35447e-13
2 3.9968e-14
3 -1.3145e-13
6040 3
1 1.64757e-13
2 2.08722e-14
3 -1.35891e-13
6042 3
1 1.69642e-13
2 4.17444e-14
3 -1.03029e-13
6044 3
1 1.46105e-13
2 1.06581e-14
3 -1.19016e-13
6046 3
1 1.75637e-13
2 2.08722e-14
3 -1.3145e-13
6048 3
1 1.7808e-13
2 2.75335e-14
3 -1.23457e-13
6050 3
1 1.76748e-13
2 5.50671e-14
3 -1.2701e-13
6052 3
1 1.63869e-13
2 8.43769e-15
3 -1.23457e-13
6054 3
1 1.96732e-13
2 1.37668e-14
3 -1.24345e-13
6056 3
1 1.70086e-13
2 1.11022e-14
3 -1.19016e-13
6058 3
1 1.66533e-13
2 2.84217e-14
3 -1.2168e-13
6060 3
1 1.803e-13
2 3.19744e-14
3 -1.1724e-13
6062 3
1 1.94511e-13
2 8.88178e-15
3 -1.04805e-13
6064 3
1 1.7053e-13
2 1.42109e-14
3 -9.85878e-14
6066 3
1 1.95843e-13
2 3.06422e-14
3 -8.70415e-14
6068 3
1 1.85185e-13
2 1.15463e-14
3 -1.11022e-13
6070 3
1 1.86073e-13
2 -1.77636e-15
3 -1.19016e-13
6072 3
1 1.88738e-13
2 3.9968e-15
3 -1.10134e-13
6074 3
1 1.88738e-13
2 1.28786e-14
3 -1.11022e-13
6076 3
1 1.89182e-13
2 1.64313e-14
3 -1.03029e-13
6078 3
1 1.98064e-13
2 1.02141e-14
3 -9.59233e-14
6080 3
1 1.69198e-13
2 1.55431e-14
3 -1.1724e-13
6082 3
1 1.70974e-13
2 1.02141e-14
3 -1.03917e-13
6084 3
1 1.79412e-13
2 8.88178e-15
3 -1.0747e-13
6086 3
1 1.94733e-13
2 2.08722e-14
3 -1.39444e-13
6088 3
1 1.92735e-13
2 1.15463e-14
3 -1.1191e-13
6090 3
1 1.50102e-13
2 1.55431e-14
3 -1.15463e-13
6092 3
1 1.90514e-13
2 2.04281e-14
3 -1.14575e-13
6094 3
1 1.79412e-13
2 1.59872e-14
3 -9.32587e-14
6096 3
1 1.80744e-13
2 1.5099e-14
3 -1.01252e-13
6098 3
1 1.72751e-13
2 2.39808e-14
3 -1.26121e-13
6100 3
1 1.77636e-13
2 4.44089e-16
3 -9.23706e-14
6102 3
1 1.92735e-13
2 2.22045e-15
3 -1.03029e-13
6104 3
1 1.76748e-13
2 1.37668e-14
3 -1.06581e-13
6106 3
1 1.74971e-13
2 -1.24345e-14
3 -1.08358e-13
6108 3
1 1.8785e-13
2 9.76996e-15
3 -1.22569e-13
6110 3
1 1.75859e-13
2 3.10862e-14
3 -9.59233e-14
6112 3
1 1.87406e-13
2 2.66454e-15
3 -1.03029e-13
6114 3
1 1.98508e-13
2 -1.42109e-14
3 -9.50351e-14
6116 3
1 2.08722e-13
2 2.04281e-14
3 -1.12799e-13
6118 3
1 1.75415e-13
2 -2.26485e-14
3 -7.01661e-14
6120 3
1 1.87406e-13
2 0
3 -8.79297e-14
6122 3
1 1.53655e-13
2 -8.88178e-16
3 -9.14824e-14
6124 3
1 1.72307e-13
2 1.77636e-14
3 -9.85878e-14
6126 3
1 1.82965e-13
2 -1.77636e-15
3 -9.41469e-14
6128 3
1 1.76748e-13
2 -1.19904e-14
3 -7.4607e-14
6130 3
1 1.72307e-13
2 0
3 -7.81597e-14
6132 3
1 1.78968e-13
2 -8.88178e-15
3 -6.21725e-14
6134 3
1 1.90958e-13
2 -1.95399e-14
3 -9.05942e-14
6136 3
1 1.82521e-13
2 -1.15463e-14
3 -1.06581e-13
6138 3
1 1.73639e-13
2 -1.59872e-14
3 -7.99361e-14
6140 3
1 1.37668e-13
2 -3.55271e-15
3 -1.26121e-13
6142 3
1 1.50546e-13
2 -2.04281e-14
3 -8.70415e-14
6144 3
1 1.64091e-13
2 -1.15463e-14
3 -1.1724e-13
6146 3
1 1.51212e-13
2 -8.88178e-16
3 -1.06581e-13
6148 3
1 1.67422e-13
2 2.13163e-14
3 -7.81597e-14
6150 3
1 1.74971e-13
2 -1.95399e-14
3 -9.76996e-14
6152 3
1 1.70086e-13
2 9.32587e-15
3 -7.37188e-14
6154 3
1 1.77192e-13
2 9.76996e-15
3 -8.88178e-14
6156 3
1 1.66755e-13
2 -7.10543e-15
3 -4.88498e-14
6158 3
1 1.67422e-13
2 1.24345e-14
3 -8.17124e-14
6160 3
1 1.5854e-13
2 -5.32907e-15
3 -9.9476e-14
6162 3
1 1.8785e-13
2 -1.06581e-14
3 -1.02141e-13
6164 3
1 1.71863e-13
2 2.66454e-14
3 -9.14824e-14
6166 3
1 1.78524e-13
2 -4.88498e-15
3 -9.41469e-14
6168 3
1 1.61871e-13
2 2.22045e-14
3 -9.68114e-14
6170 3
1 1.56319e-13
2 -2.66454e-15
3 -9.14824e-14
6172 3
1 1.90514e-13
2 1.5099e-14
3 -1.1191e-13
6174 3
1 1.52767e-13
2 1.42109e-14
3 -9.59233e-14
6176 3
1 1.59872e-13
2 -2.04281e-14
3 -1.27898e-13
6178 3
1 1.71418e-13
2 7.10543e-15
3 -1.15463e-13
6180 3
1 1.80744e-13
2 7.99361e-15
3 -1.16351e-13
6182 3
1 1.70086e-13
2 2.44249e-14
3 -9.9476e-14
6184 3
1 1.61204e-13
2 3.28626e-14
3 -8.52651e-14
6186 3
1 1.80744e-13
2 -2.22045e-15
3 -9.05942e-14
6188 3
1 1.83853e-13
2 -1.06581e-14
3 -1.00364e-13
6190 3
1 1.65201e-13
2 -1.68754e-14
3 -1.19904e-13
6192 3
1 1.52767e-13
2 1.15463e-14
3 -1.10134e-13
6194 3
1 1.8785e-13
2 3.55271e-15
3 -1.15463e-13
6196 3
1 1.72751e-13
2 -9.76996e-15
3 -1.09246e-13
6198 3
1 1.98064e-13
2 -4.88498e-15
3 -1.10134e-13
6200 3
1 1.87406e-13
2 -4.44089e-15
3 -1.14575e-13
6202 3
1 1.64313e-13
2 4.44089e-16
3 -1.18128e-13
6204 3
1 1.61204e-13
2 9.76996e-15
3 -1.08358e-13
6206 3
1 1.54543e-13
2 1.95399e-14
3 -1.24345e-13
6208 3
1 1.87406e-13
2 9.76996e-15
3 -1.26121e-13
6210 3
1 1.75415e-13
2 8.43769e-15
3 -1.1724e-13
6212 3
1 1.71863e-13
2 5.32907e-15
3 -1.3145e-13
6214 3
1 1.95399e-13
2 1.64313e-14
3 -1.08358e-13
6216 3
1 1.70086e-13
2 -2.66454e-15
3 -9.23706e-14
6218 3
1 1.93179e-13
2 -2.22045e-15
3 -8.34888e-14
6220 3
1 1.7053e-13
2 1.5099e-14
3 -9.41469e-14
6222 3
1 1.62537e-13
2 1.06581e-14
3 -1.10134e-13
6224 3
1 1.78302e-13
2 1.37668e-14
3 -1.56319e-13
6226 3
1 1.83853e-13
2 -1.24345e-14
3 -1.26121e-13
6228 3
1 1.54099e-13
2 3.9968e-15
3 -1.1191e-13
6230 3
1 1.85629e-13
2 5.32907e-15
3 -9.76996e-14
6232 3
1 1.69198e-13
2 0
3 -1.36779e-13
6234 3
1 1.6831e-13
2 5.32907e-15
3 -1.2168e-13
6236 3
1 1.52101e-13
2 1.28786e-14
3 -1.48326e-13
6238 3
1 1.82965e-13
2 -6.66134e-15
3 -1.32339e-13
6240 3
1 1.88516e-13
2 2.13163e-14
3 -1.10134e-13
6242 3
1 1.7919e-13
2 9.76996e-15
3 -1.14575e-13
6244 3
1 1.81855e-13
2 2.4869e-14
3 -1.10134e-13
6246 3
1 1.85629e-13
2 -4.88498e-15
3 -1.20792e-13
6248 3
1 1.74971e-13
2 2.75335e-14
3 -1.26121e-13
6250 3
1 1.89404e-13
2 2.44249e-14
3 -1.27898e-13
6252 3
1 1.81632e-13
2 1.11022e-14
3 -1.39444e-13
6254 3
1 1.73639e-13
2 4.70735e-14
3 -1.35891e-13
6256 3
1 1.68532e-13
2 9.76996e-15
3 -1.1724e-13
6258 3
1 2.08722e-13
2 3.86358e-14
3 -1.1191e-13
6260 3
1 1.74527e-13
2 2.79776e-14
3 -1.11022e-13
6262 3
1 1.65645e-13
2 4.61853e-14
3 -1.35003e-13
6264 3
1 1.63869e-13
2 5.37348e-14
3 -1.1191e-13
6266 3
1 1.82077e-13
2 1.95399e-14
3 -1.1724e-13
6268 3
1 1.69198e-13
2 3.81917e-14
3 -9.68114e-14
6270 3
1 2.0961e-13
2 4.08562e-14
3 -1.36779e-13
6272 3
1 2.367e-13
2 3.41949e-14
3 -1.23457e-13
6274 3
1 2.01617e-13
2 6.21725e-14
3 -1.2701e-13
6276 3
1 1.9762e-13
2 2.35367e-14
3 -1.27898e-13
6278 3
1 1.9007e-13
2 3.9968e-14
3 -1.58096e-13
6280 3
1 2.15827e-13
2 3.64153e-14
3 -1.1724e-13
6282 3
1 1.79412e-13
2 3.19744e-14
3 -1.15463e-13
6284 3
1 1.82077e-13
2 2.62013e-14
3 -1.42109e-13
6286 3
1 1.9984e-13
2 5.15143e-14
3 -1.35003e-13
6288 3
1 1.90514e-13
2 3.15303e-14
3 -1.44773e-13
6290 3
1 1.81188e-13
2 1.68754e-14
3 -1.2701e-13
6292 3
1 1.77636e-13
2 2.88658e-14
3 -1.20792e-13
6294 3
1 2.00284e-13
2 -1.15463e-14
3 -1.42109e-13
6296 3
1 1.84741e-13
2 6.66134e-14
3 -1.20792e-13
6298 3
1 1.84297e-13
2 3.59712e-14
3 -1.19016e-13
6300 3
1 2.12275e-13
2 2.66454e-14
3 -1.40332e-13
6302 3
1 1.87406e-13
2 4.70735e-14
3 -1.3145e-13
6304 3
1 1.83409e-13
2 3.06422e-14
3 -1.44773e-13
6306 3
1 2.06501e-13
2 9.76996e-15
3 -1.35891e-13
6308 3
1 1.78524e-13
2 3.73035e-14
3 -1.36779e-13
6310 3
1 1.83409e-13
2 3.81917e-14
3 -1.49214e-13
6312 3
1 1.77192e-13
2 2.93099e-14
3 -1.38556e-13
6314 3
1 1.9007e-13
2 3.01981e-14
3 -1.42109e-13
6316 3
1 1.67422e-13
2 7.99361e-15
3 -1.12799e-13
6318 3
1 1.93623e-13
2 2.70894e-14
3 -1.4122e-13
6320 3
1 1.64313e-13
2 8.88178e-16
3 -1.18128e-13
6322 3
1 1.94067e-13
2 1.24345e-14
3 -1.64313e-13
6324 3
1 1.99396e-13
2 1.68754e-14
3 -1.54543e-13
6326 3
1 1.6831e-13
2 2.66454e-14
3 -1.49214e-13
6328 3
1 1.83853e-13
2 1.9984e-14
3 -1.2168e-13
6330 3
1 1.92291e-13
2 1.77636e-14
3 -1.27898e-13
6332 3
1 1.74971e-13
2 2.30926e-14
3 -1.40332e-13
6334 3
1 1.85629e-13
2 -8.88178e-15
3 -1.36779e-13
6336 3
1 2.01617e-13
2 3.19744e-14
3 -1.40332e-13
6338 3
1 1.94955e-13
2 2.08722e-14
3 -1.47438e-13
6340 3
1 1.60316e-13
2 1.06581e-14
3 -1.61648e-13
6342 3
1 1.89626e-13
2 3.01981e-14
3 -1.36779e-13
6344 3
1 1.86073e-13
2 1.46549e-14
3 -1.39444e-13
6346 3
1 1.88738e-13
2 1.9984e-14
3 -1.56319e-13
6348 3
1 2.10054e-13
2 1.06581e-14
3 -1.35891e-13
6350 3
1 1.62093e-13
2 1.77636e-15
3 -1.4122e-13
6352 3
1 1.82521e-13
2 1.06581e-14
3 -1.35891e-13
6354 3
1 2.13163e-13
2 8.88178e-15
3 -1.59872e-13
6356 3
1 1.81188e-13
2 3.19744e-14
3 -1.34115e-13
6358 3
1 1.70086e-13
2 2.04281e-14
3 -1.14575e-13
6360 3
1 1.77192e-13
2 3.15303e-14
3 -1.20792e-13
6362 3
1 1.64757e-13
2 1.59872e-14
3 -1.40332e-13
6364 3
1 1.6831e-13
2 2.39808e-14
3 -1.46549e-13
6366 3
1 2.00284e-13
2 1.42109e-14
3 -1.53655e-13
6368 3
1 1.94067e-13
2 1.42109e-14
3 -1.47438e-13
6370 3
1 1.79412e-13
2 2.4869e-14
3 -1.27898e-13
6372 3
1 1.71418e-13
2 2.22045e-14
3 -1.13687e-13
6374 3
1 1.86962e-13
2 1.59872e-14
3 -1.33227e-13
6376 3
1 1.65201e-13
2 2.13163e-14
3 -1.56319e-13
6378 3
1 1.8785e-13
2 7.10543e-15
3 -1.64313e-13
6380 3
1 1.85629e-13
2 7.10543e-15
3 -1.49214e-13
6382 3
1 1.96732e-13
2 2.84217e-14
3 -1.27898e-13
6384 3
1 1.85185e-13
2 4.44089e-15
3 -1.33227e-13
6386 3
1 1.79412e-13
2 2.08722e-14
3 -1.59872e-13
6388 3
1 1.65201e-13
2 2.44249e-14
3 -1.43885e-13
6390 3
1 1.75415e-13
2 2.66454e-14
3 -1.45661e-13
6392 3
1 1.61204e-13
2 1.5099e-14
3 -1.35003e-13
6394 3
1 1.82521e-13
2 6.21725e-15
3 -1.36779e-13
6396 3
1 2.14051e-13
2 2.04281e-14
3 -1.62537e-13
6398 3
1 1.69198e-13
2 2.57572e-14
3 -1.48326e-13
6400 3
1 1.58984e-13
2 3.55271e-14
3 -1.58096e-13
6402 3
1 1.77192e-13
2 9.76996e-15
3 -1.54543e-13
6404 3
1 1.74083e-13
2 4.39648e-14
3 -1.66978e-13
6406 3
1 1.68754e-13
2 4.17444e-14
3 -1.15463e-13
6408 3
1 1.87406e-13
2 -3.10862e-15
3 -1.61648e-13
6410 3
1 1.47882e-13
2 2.39808e-14
3 -1.47438e-13
6412 3
1 1.7808e-13
2 3.19744e-14
3 -1.63425e-13
6414 3
1 1.57652e-13
2 2.4869e-14
3 -1.57208e-13
6416 3
1 2.04281e-13
2 3.90799e-14
3 -1.57208e-13
6418 3
1 1.71418e-13
2 6.21725e-15
3 -1.5099e-13
6420 3
1 1.86517e-13
2 -5.77316e-15
3 -1.6076e-13
6422 3
1 1.81632e-13
2 -1.55431e-15
3 -1.25233e-13
6424 3
1 1.81188e-13
2 -1.77636e-15
3 -1.39444e-13
6426 3
1 1.58984e-13
2 3.55271e-15
3 -1.63425e-13
6428 3
1 1.77636e-13
2 2.68674e-14
3 -1.56319e-13
6430 3
1 1.76748e-13
2 3.77476e-15
3 -1.59872e-13
6432 3
1 1.95843e-13
2 1.77636e-15
3 -1.57208e-13
6434 3
1 1.58096e-13
2 4.10783e-14
3 -1.5099e-13
6436 3
1 1.45661e-13
2 3.35287e-14
3 -1.74971e-13
6438 3
1 1.37668e-13
2 4.79616e-14
3 -1.55431e-13
6440 3
1 1.85629e-13
2 2.75335e-14
3 -1.37668e-13
6442 3
1 1.66089e-13
2 1.06581e-14
3 -1.34115e-13
6444 3
1 1.69642e-13
2 9.54792e-15
3 -1.54543e-13
6446 3
1 1.78524e-13
2 9.99201e-15
3 -1.36779e-13
6448 3
1 1.54543e-13
2 3.90799e-14
3 -1.45661e-13
6450 3
1 1.43885e-13
2 7.77156e-15
3 -1.19904e-13
6452 3
1 1.84741e-13
2 -1.22125e-14
3 -1.32339e-13
6454 3
1 1.74083e-13
2 5.32907e-15
3 -1.43885e-13
6456 3
1 1.55431e-13
2 -5.9952e-15
3 -1.57208e-13
6458 3
1 1.82077e-13
2 9.54792e-15
3 -1.61648e-13
6460 3
1 1.86517e-13
2 8.88178e-15
3 -1.59872e-13
6462 3
1 1.5854e-13
2 2.22045e-14
3 -1.58096e-13
6464 3
1 1.74083e-13
2 2.17604e-14
3 -1.68754e-13
6466 3
1 1.803e-13
2 2.28706e-14
3 -1.67866e-13
6468 3
1 1.56319e-13
2 1.24345e-14
3 -1.69642e-13
6470 3
1 1.36779e-13
2 1.9984e-14
3 -1.52767e-13
6472 3
1 1.45217e-13
2 -1.73195e-14
3 -1.5099e-13
6474 3
1 1.63425e-13
2 7.99361e-15
3 -1.63425e-13
6476 3
1 1.69642e-13
2 2.93099e-14
3 -1.7053e-13
6478 3
1 1.85185e-13
2 -1.55431e-14
3 -1.62537e-13
6480 3
1 1.44329e-13
2 -2.22045e-15
3 -1.74971e-13
6482 3
1 1.45661e-13
2 9.10383e-15
3 -1.74083e-13
6484 3
1 1.74527e-13
2 1.31006e-14
3 -1.42997e-13
6486 3
1 2.10498e-13
2 5.55112e-15
3 -1.65201e-13
6488 3
1 1.77192e-13
2 2.4647e-14
3 -1.56319e-13
6490 3
1 1.6831e-13
2 -2.13163e-14
3 -1.51879e-13
6492 3
1 1.7053e-13
2 -9.32587e-15
3 -1.95399e-13
6494 3
1 1.49214e-13
2 1.33227e-14
3 -1.65201e-13
6496 3
1 1.74083e-13
2 3.10862e-15
3 -1.88294e-13
6498 3
1 1.69642e-13
2 1.9762e-14
3 -1.63425e-13
6500 3
1 1.54987e-13
2 6.88338e-15
3 -1.61648e-13
6502 3
1 1.67866e-13
2 -1.59872e-14
3 -1.58096e-13
6504 3
1 2.02949e-13
2 1.04361e-14
3 -1.42109e-13
6506 3
1 1.79412e-13
2 -5.10703e-15
3 -1.52767e-13
6508 3
1 1.83853e-13
2 1.06581e-14
3 -2.11386e-13
6510 3
1 2.03393e-13
2 1.08802e-14
3 -1.48326e-13
6512 3
1 1.9762e-13
2 1.4877e-14
3 -1.59872e-13
6514 3
1 2.02505e-13
2 6.88338e-15
3 -1.46549e-13
6516 3
1 1.87406e-13
2 -3.77476e-15
3 -1.45661e-13
6518 3
1 2.03837e-13
2 2.15383e-14
3 -1.38556e-13
6520 3
1 1.82521e-13
2 -7.99361e-15
3 -1.57208e-13
6522 3
1 2.05613e-13
2 1.62093e-14
3 -1.78524e-13
6524 3
1 2.08722e-13
2 -7.99361e-15
3 -1.51879e-13
6526 3
1 1.83853e-13
2 3.19744e-14
3 -1.66978e-13
6528 3
1 1.98064e-13
2 2.66454e-15
3 -1.74083e-13
6530 3
1 1.74083e-13
2 3.21965e-14
3 -1.39444e-13
6532 3
1 1.70086e-13
2 -1.33227e-15
3 -1.88294e-13
6534 3
1 2.28262e-13
2 2.5091e-14
3 -1.49214e-13
6536 3
1 1.83409e-13
2 3.77476e-15
3 -1.55431e-13
6538 3
1 2.02949e-13
2 2.55351e-14
3 -1.56319e-13
6540 3
1 1.95399e-13
2 2.70894e-14
3 -1.91847e-13
6542 3
1 1.78524e-13
2 1.88738e-14
3 -1.59872e-13
6544 3
1 2.02061e-13
2 1.55431e-14
3 -1.59872e-13
6546 3
1 1.97176e-13
2 4.21885e-15
3 -1.56319e-13
6548 3
1 1.7053e-13
2 6.66134e-15
3 -1.58096e-13
6550 3
1 1.78524e-13
2 3.08642e-14
3 -1.74971e-13
6552 3
1 1.78968e-13
2 8.21565e-15
3 -1.62537e-13
6554 3
1 1.90514e-13
2 2.22045e-16
3 -1.75859e-13
6556 3
1 1.85185e-13
2 1.24345e-14
3 -1.90958e-13
6558 3
1 1.87406e-13
2 4.66294e-15
3 -1.81188e-13
6560 3
1 2.24709e-13
2 3.59712e-14
3 -1.7053e-13
6562 3
1 2.03393e-13
2 2.33147e-14
3 -1.53655e-13
6564 3
1 2.2693e-13
2 3.26406e-14
3 -1.61648e-13
6566 3
1 1.76748e-13
2 2.28706e-14
3 -1.65201e-13
6568 3
1 2.07834e-13
2 6.66134e-15
3 -1.74083e-13
6570 3
1 2.367e-13
2 2.04281e-14
3 -1.58984e-13
6572 3
1 1.99396e-13
2 8.88178e-15
3 -1.56319e-13
6574 3
1 2.27374e-13
2 4.88498e-15
3 -1.68754e-13
6576 3
1 1.9984e-13
2 1.86517e-14
3 -1.76748e-13
6578 3
1 2.18936e-13
2 4.4853e-14
3 -1.68754e-13
6580 3
1 2.04281e-13
2 2.84217e-14
3 -1.48326e-13
6582 3
1 2.1716e-13
2 6.66134e-15
3 -1.84741e-13
6584 3
1 1.95399e-13
2 3.28626e-14
3 -1.59872e-13
6586 3
1 2.10498e-13
2 1.19904e-14
3 -1.68754e-13
6588 3
1 1.92735e-13
2 1.22125e-14
3 -1.83853e-13
6590 3
1 1.87406e-13
2 1.24345e-14
3 -1.54543e-13
6592 3
1 1.85185e-13
2 3.35287e-14
3 -1.55431e-13
6594 3
1 2.3137e-13
2 1.17684e-14
3 -1.79412e-13
6596 3
1 1.71863e-13
2 2.17604e-14
3 -1.63425e-13
6598 3
1 2.23821e-13
2 1.82077e-14
3 -1.73195e-13
6600 3
1 1.92735e-13
2 2.35367e-14
3 -1.86517e-13
6602 3
1 1.85185e-13
2 3.17524e-14
3 -1.9984e-13
6604 3
1 1.89182e-13
2 2.5091e-14
3 -1.74083e-13
6606 3
1 1.95843e-13
2 4.81837e-14
3 -1.63425e-13
6608 3
1 2.46025e-13
2 3.77476e-14
3 -1.93623e-13
6610 3
1 1.95399e-13
2 3.24185e-14
3 -1.9007e-13
6612 3
1 1.98952e-13
2 3.13083e-14
3 -1.82965e-13
6614 3
1 1.85185e-13
2 3.59712e-14
3 -1.88294e-13
6616 3
1 2.11831e-13
2 2.24265e-14
3 -1.63425e-13
6618 3
1 2.06501e-13
2 2.24265e-14
3 -1.83853e-13
6620 3
1 2.00284e-13
2 1.62093e-14
3 -1.66978e-13
6622 3
1 2.22045e-13
2 2.44249e-15
3 -1.84741e-13
6624 3
1 2.02505e-13
2 6.88338e-15
3 -1.58096e-13
6626 3
1 2.03393e-13
2 2.84217e-14
3 -1.75859e-13
6628 3
1 1.94067e-13
2 2.08722e-14
3 -1.67866e-13
6630 3
1 2.25597e-13
2 2.28706e-14
3 -1.47438e-13
6632 3
1 1.86517e-13
2 3.66374e-14
3 -1.42109e-13
6634 3
1 2.1938e-13
2 -4.21885e-15
3 -1.43885e-13
6636 3
1 2.2693e-13
2 -2.88658e-15
3 -1.36779e-13
6638 3
1 2.14051e-13
2 -9.76996e-15
3 -1.65201e-13
6640 3
1 2.15383e-13
2 5.55112e-15
3 -1.54543e-13
6642 3
1 1.88738e-13
2 4.44089e-16
3 -1.32339e-13
6644 3
1 2.21601e-13
2 -1.77636e-15
3 -1.62537e-13
6646 3
1 2.14051e-13
2 -1.37668e-14
3 -1.53655e-13
6648 3
1 2.15827e-13
2 2.22045e-15
3 -1.74971e-13
6650 3
1 2.20268e-13
2 -1.57652e-14
3 -1.65201e-13
6652 3
1 2.2693e-13
2 -4.44089e-16
3 -1.56319e-13
6654 3
1 2.1938e-13
2 1.26565e-14
3 -1.50102e-13
6656 3
1 2.21601e-13
2 4.88498e-15
3 -1.59872e-13
6658 3
1 2.21156e-13
2 1.22125e-14
3 -1.78524e-13
6660 3
1 2.16716e-13
2 -1.06581e-14
3 -1.55431e-13
6662 3
1 2.0961e-13
2 -1.42109e-14
3 -1.5099e-13
6664 3
1 2.28706e-13
2 1.9984e-14
3 -1.54543e-13
6666 3
1 2.39364e-13
2 -1.46549e-14
3 -1.58984e-13
6668 3
1 2.14051e-13
2 3.10862e-15
3 -1.52767e-13
6670 3
1 2.26485e-13
2 7.54952e-15
3 -1.47438e-13
6672 3
1 2.31815e-13
2 -2.22045e-16
3 -1.32339e-13
6674 3
1 1.9984e-13
2 1.33227e-14
3 -1.42109e-13
6676 3
1 2.33591e-13
2 3.10862e-15
3 -1.40332e-13
6678 3
1 2.39364e-13
2 -9.99201e-15
3 -1.56319e-13
6680 3
1 2.24709e-13
2 4.44089e-15
3 -1.38556e-13
6682 3
1 2.38032e-13
2 -1.55431e-15
3 -1.63425e-13
6684 3
1 2.13163e-13
2 -9.10383e-15
3 -1.33227e-13
6686 3
1 2.27818e-13
2 1.44329e-14
3 -1.23457e-13
6688 3
1 2.27374e-13
2 2.17604e-14
3 -1.59872e-13
6690 3
1 2.16716e-13
2 1.88738e-14
3 -1.73195e-13
6692 3
1 2.1938e-13
2 -8.88178e-16
3 -1.81188e-13
6694 3
1 2.24265e-13
2 -1.79856e-14
3 -1.3145e-13
6696 3
1 2.21601e-13
2 -4.88498e-15
3 -1.42997e-13
6698 3
1 2.3892e-13
2 1.55431e-14
3 -1.44773e-13
6700 3
1 2.23377e-13
2 1.08802e-14
3 -1.1724e-13
6702 3
1 2.23377e-13
2 6.66134e-15
3 -1.42109e-13
6704 3
1 2.22045e-13
2 1.66533e-14
3 -1.48326e-13
6706 3
1 2.15827e-13
2 2.19824e-14
3 -1.40332e-13
6708 3
1 2.28706e-13
2 -2.55351e-14
3 -1.58096e-13
6710 3
1 2.12275e-13
2 1.33227e-15
3 -1.54543e-13
6712 3
1 2.32259e-13
2 3.9968e-15
3 -1.54543e-13
6714 3
1 1.86517e-13
2 1.17684e-14
3 -1.5099e-13
6716 3
1 2.01617e-13
2 -1.39888e-14
3 -1.55431e-13
6718 3
1 2.1938e-13
2 -3.57492e-14
3 -1.43885e-13
6720 3
1 2.00728e-13
2 -8.88178e-15
3 -1.74083e-13
6722 3
1 2.02061e-13
2 -2.08722e-14
3 -1.26121e-13
6724 3
1 2.1938e-13
2 -2.04281e-14
3 -1.22569e-13
6726 3
1 2.08278e-13
2 -1.82077e-14
3 -1.37668e-13
6728 3
1 2.13607e-13
2 -2.84217e-14
3 -1.54543e-13
6730 3
1 2.09166e-13
2 -2.88658e-15
3 -1.6076e-13
6732 3
1 1.93623e-13
2 -9.76996e-15
3 -1.55431e-13
6734 3
1 1.99396e-13
2 -1.31006e-14
3 -1.29674e-13
6736 3
1 2.24265e-13
2 -1.5099e-14
3 -1.65201e-13
6738 3
1 2.18492e-13
2 -1.68754e-14
3 -1.44773e-13
6740 3
1 1.89182e-13
2 -4.01901e-14
3 -1.43885e-13
6742 3
1 1.84741e-13
2 -3.39728e-14
3 -1.65201e-13
6744 3
1 2.14051e-13
2 -2.59792e-14
3 -1.47438e-13
6746 3
1 2.23377e-13
2 -3.57492e-14
3 -1.56319e-13
6748 3
1 2.31815e-13
2 -1.46549e-14
3 -1.45661e-13
6750 3
1 1.97176e-13
2 -1.66533e-14
3 -1.55431e-13
6752 3
1 2.367e-13
2 -3.57492e-14
3 -1.6076e-13
6754 3
1 2.06946e-13
2 -2.95319e-14
3 -1.65201e-13
6756 3
1 2.25597e-13
2 -9.10383e-15
3 -1.44773e-13
6758 3
1 2.28262e-13
2 -5.32907e-15
3 -1.61648e-13
6760 3
1 2.13607e-13
2 -2.66454e-14
3 -1.79412e-13
6762 3
1 2.35811e-13
2 -6.66134e-15
3 -1.44773e-13
6764 3
1 2.06057e-13
2 -5.77316e-15
3 -1.67866e-13
6766 3
1 2.34479e-13
2 9.10383e-15
3 -1.59872e-13
6768 3
1 2.11831e-13
2 1.55431e-14
3 -1.82965e-13
6770 3
1 2.33147e-13
2 -6.43929e-15
3 -1.65201e-13
6772 3
1 2.28706e-13
2 -1.22125e-14
3 -1.65201e-13
6774 3
1 2.17604e-13
2 1.75415e-14
3 -1.53655e-13
6776 3
1 2.18492e-13
2 -1.55431e-15
3 -1.58984e-13
6778 3
1 2.24709e-13
2 9.54792e-15
3 -1.66089e-13
6780 3
1 2.15827e-13
2 -2.66454e-15
3 -1.56319e-13
6782 3
1 2.06946e-13
2 -4.44089e-16
3 -1.35003e-13
6784 3
1 2.17604e-13
2 1.55431e-14
3 -1.88294e-13
6786 3
1 2.00728e-13
2 6.66134e-16
3 -1.5099e-13
6788 3
1 1.83853e-13
2 2.66454e-14
3 -1.56319e-13
6790 3
1 2.02061e-13
2 1.15463e-14
3 -1.58984e-13
6792 3
1 1.91402e-13
2 2.66454e-15
3 -1.5099e-13
6794 3
1 1.99396e-13
2 -1.62093e-14
3 -1.77636e-13
6796 3
1 1.78524e-13
2 -2.37588e-14
3 -1.24345e-13
6798 3
1 2.04281e-13
2 -1.24345e-14
3 -1.63425e-13
6800 3
1 1.92291e-13
2 -1.5099e-14
3 -1.56319e-13
6802 3
1 2.07834e-13
2 -2.22045e-16
3 -1.59872e-13
6804 3
1 2.10942e-13
2 -2.22045e-15
3 -1.58096e-13
6806 3
1 1.93179e-13
2 -1.66533e-14
3 -1.42109e-13
6808 3
1 2.14051e-13
2 -5.77316e-15
3 -1.53655e-13
6810 3
1 2.13385e-13
2 -6.66134e-15
3 -1.67866e-13
6812 3
1 1.8896e-13
2 9.32587e-15
3 -1.53655e-13
6814 3
1 1.97398e-13
2 -7.99361e-15
3 -1.7053e-13
6816 3
1 2.02949e-13
2 -2.88658e-14
3 -1.49214e-13
6818 3
1 2.14273e-13
2 8.88178e-16
3 -1.45661e-13
6820 3
1 1.70752e-13
2 -1.77636e-15
3 -1.56319e-13
6822 3
1 1.7808e-13
2 -1.28786e-14
3 -1.68754e-13
6824 3
1 1.75637e-13
2 -5.9952e-15
3 -1.49214e-13
6826 3
1 1.97398e-13
2 -1.15463e-14
3 -1.42997e-13
6828 3
1 2.12719e-13
2 3.10862e-14
3 -1.63425e-13
6830 3
1 2.15383e-13
2 -4.88498e-15
3 -1.38556e-13
6832 3
1 1.8896e-13
2 2.33147e-14
3 -1.02141e-13
6834 3
1 1.88294e-13
2 8.88178e-15
3 -1.65201e-13
6836 3
1 2.04503e-13
2 2.37588e-14
3 -1.45661e-13
6838 3
1 2.18048e-13
2 -1.33227e-15
3 -1.7053e-13
6840 3
1 2.2804e-13
2 -3.9968e-15
3 -1.74083e-13
6842 3
1 2.11386e-13
2 1.9984e-14
3 -1.53655e-13
6844 3
1 2.085e-13
2 -8.43769e-15
3 -1.75859e-13
6846 3
1 2.2693e-13
2 -7.99361e-15
3 -1.72307e-13
6848 3
1 2.11609e-13
2 1.11022e-14
3 -1.7053e-13
6850 3
1 2.11386e-13
2 -2.26485e-14
3 -1.5099e-13
6852 3
1 2.11831e-13
2 -3.9968e-15
3 -1.63425e-13
6854 3
1 2.27374e-13
2 1.77636e-15
3 -1.57208e-13
6856 3
1 2.12275e-13
2 -1.37668e-14
3 -1.40332e-13
6858 3
1 2.36255e-13
2 1.11022e-14
3 -1.1191e-13
6860 3
1 1.94067e-13
2 -1.24345e-14
3 -1.28786e-13
6862 3
1 1.9118e-13
2 0
3 -1.42997e-13
6864 3
1 2.32037e-13
2 2.88658e-15
3 -1.3145e-13
6866 3
1 2.20712e-13
2 -2.30926e-14
3 -1.38556e-13
6868 3
1 2.0961e-13
2 -6.21725e-15
3 -1.45661e-13
6870 3
1 2.50244e-13
2 2.44249e-15
3 -1.30562e-13
6872 3
1 2.24043e-13
2 -1.06581e-14
3 -1.5099e-13
6874 3
1 2.03837e-13
2 -7.54952e-15
3 -1.40332e-13
6876 3
1 2.23821e-13
2 -9.99201e-15
3 -1.45661e-13
6878 3
1 2.20268e-13
2 -5.9952e-15
3 -1.36779e-13
6880 3
1 2.37144e-13
2 -1.79856e-14
3 -1.5099e-13
6882 3
1 2.34923e-13
2 1.22125e-14
3 -1.29674e-13
6884 3
1 2.06057e-13
2 -1.77636e-14
3 -1.38556e-13
6886 3
1 2.34923e-13
2 -2.22045e-16
3 -1.52767e-13
6888 3
1 2.20712e-13
2 2.13163e-14
3 -1.45661e-13
6890 3
1 1.9984e-13
2 7.99361e-15
3 -1.66978e-13
6892 3
1 2.23599e-13
2 -2.66454e-15
3 -1.22569e-13
6894 3
1 2.38476e-13
2 2.08722e-14
3 -1.42109e-13
6896 3
1 2.14495e-13
2 3.33067e-14
3 -1.61648e-13
6898 3
1 1.93179e-13
2 2.13163e-14
3 -1.59872e-13
6900 3
1 2.03837e-13
2 1.11022e-14
3 -1.64313e-13
6902 3
1 2.22045e-13
2 1.9984e-15
3 -1.92735e-13
6904 3
1 2.09388e-13
2 1.02141e-14
3 -1.5099e-13
6906 3
1 2.00728e-13
2 3.4639e-14
3 -1.75859e-13
6908 3
1 2.2915e-13
2 2.95319e-14
3 -1.49214e-13
6910 3
1 1.92735e-13
2 1.33227e-14
3 -1.72307e-13
6912 3
1 2.12941e-13
2 2.44249e-15
3 -1.73195e-13
6914 3
1 2.25153e-13
2 1.19904e-14
3 -1.66089e-13
6916 3
1 2.06057e-13
2 1.4877e-14
3 -1.74083e-13
6918 3
1 2.28484e-13
2 1.59872e-14
3 -1.62537e-13
6920 3
1 2.04281e-13
2 -7.54952e-15
3 -1.81188e-13
6922 3
1 2.00284e-13
2 1.82077e-14
3 -1.68754e-13
6924 3
1 2.24487e-13
2 -1.62093e-14
3 -1.61648e-13
6926 3
1 1.95843e-13
2 -5.10703e-15
3 -1.40332e-13
6928 3
1 1.99396e-13
2 4.44089e-16
3 -1.58096e-13
6930 3
1 2.00728e-13
2 5.55112e-15
3 -1.61648e-13
6932 3
1 2.07612e-13
2 -1.33227e-15
3 -1.82965e-13
6934 3
1 2.02061e-13
2 3.33067e-15
3 -1.81188e-13
6936 3
1 2.06057e-13
2 3.68594e-14
3 -1.57208e-13
6938 3
1 1.91847e-13
2 3.08642e-14
3 -1.74971e-13
6940 3
1 1.82521e-13
2 1.68754e-14
3 -1.65201e-13
6942 3
1 2.09166e-13
2 1.28786e-14
3 -1.84741e-13
6944 3
1 2.03837e-13
2 3.17524e-14
3 -1.58984e-13
6946 3
1 1.83409e-13
2 1.06581e-14
3 -1.72307e-13
6948 3
1 1.79856e-13
2 3.19744e-14
3 -1.63425e-13
6950 3
1 2.09388e-13
2 1.59872e-14
3 -1.7053e-13
6952 3
1 1.79856e-13
2 1.37668e-14
3 -1.56319e-13
6954 3
1 1.86517e-13
2 2.35367e-14
3 -1.45661e-13
6956 3
1 2.02949e-13
2 3.24185e-14
3 -1.77636e-13
6958 3
1 2.06057e-13
2 1.59872e-14
3 -1.39444e-13
6960 3
1 2.21601e-13
2 5.32907e-15
3 -1.75859e-13
6962 3
1 2.00284e-13
2 2.84217e-14
3 -1.68754e-13
6964 3
1 1.87406e-13
2 1.44329e-14
3 -1.66978e-13
6966 3
1 2.04281e-13
2 3.17524e-14
3 -1.63425e-13
6968 3
1 2.02505e-13
2 1.9984e-14
3 -1.90958e-13
6970 3
1 1.91402e-13
2 3.4639e-14
3 -1.74083e-13
6972 3
1 2.11831e-13
2 1.73195e-14
3 -1.9984e-13
6974 3
1 1.75415e-13
2 2.64233e-14
3 -1.74083e-13
6976 3
1 1.98508e-13
2 2.88658e-14
3 -1.91847e-13
6978 3
1 1.85629e-13
2 4.4631e-14
3 -1.75859e-13
6980 3
1 2.25153e-13
2 2.86438e-14
3 -1.74083e-13
6982 3
1 1.93623e-13
2 1.17684e-14
3 -1.64313e-13
6984 3
1 1.90514e-13
2 8.21565e-15
3 -1.56319e-13
6986 3
1 2.16938e-13
2 3.28626e-14
3 -1.81188e-13
6988 3
1 2.10276e-13
2 3.28626e-14
3 -1.64313e-13
6990 3
1 1.96732e-13
2 1.11022e-14
3 -1.74083e-13
6992 3
1 2.04725e-13
2 1.77636e-15
3 -1.76748e-13
6994 3
1 2.05613e-13
2 1.73195e-14
3 -1.75859e-13
6996 3
1 2.3026e-13
2 3.9968e-15
3 -1.81188e-13
6998 3
1 1.89182e-13
2 1.15463e-14
3 -1.72307e-13
7000 3
1 1.90514e-13
2 2.66454e-14
3 -1.75859e-13
7002 3
1 1.95843e-13
2 1.13243e-14
3 -1.86517e-13
7004 3
1 1.98508e-13
2 1.28786e-14
3 -1.77636e-13
7006 3
1 1.9873e-13
2 1.06581e-14
3 -1.75859e-13
7008 3
1 1.74971e-13
2 -5.10703e-15
3 -1.84741e-13
7010 3
1 2.22045e-13
2 -9.10383e-15
3 -1.63425e-13
7012 3
1 2.09166e-13
2 -3.77476e-15
3 -1.7053e-13
7014 3
1 2.07834e-13
2 1.23235e-14
3 -1.65201e-13
7016 3
1 2.02505e-13
2 1.9762e-14
3 -1.42997e-13
7018 3
1 2.10054e-13
2 -1.11022e-15
3 -1.55431e-13
7020 3
1 1.94511e-13
2 1.86517e-14
3 -1.66978e-13
7022 3
1 1.96732e-13
2 1.75415e-14
3 -1.51879e-13
7024 3
1 1.95399e-13
2 2.17604e-14
3 -1.6076e-13
7026 3
1 2.26485e-13
2 2.90878e-14
3 -1.38556e-13
7028 3
1 2.14051e-13
2 8.21565e-15
3 -1.47438e-13
7030 3
1 2.03393e-13
2 3.13083e-14
3 -1.52767e-13
7032 3
1 2.15383e-13
2 -1.37668e-14
3 -1.45661e-13
7034 3
1 2.14939e-13
2 -4.66294e-15
3 -1.47438e-13
7036 3
1 2.05169e-13
2 1.92069e-14
3 -1.50102e-13
7038 3
1 2.06057e-13
2 -4.10783e-15
3 -1.3145e-13
7040 3
1 1.82077e-13
2 8.21565e-15
3 -1.23457e-13
7042 3
1 1.98064e-13
2 2.26485e-14
3 -1.39444e-13
7044 3
1 1.86962e-13
2 1.33227e-14
3 -1.27898e-13
7046 3
1 1.92291e-13
2 3.9968e-15
3 -1.42997e-13
7048 3
1 1.74971e-13
2 -1.11022e-15
3 -1.44773e-13
7050 3
1 1.87406e-13
2 4.32987e-15
3 -1.29674e-13
7052 3
1 1.86517e-13
2 -9.65894e-15
3 -1.40332e-13
7054 3
1 1.67866e-13
2 1.79856e-14
3 -1.36779e-13
7056 3
1 1.7053e-13
2 -1.02141e-14
3 -1.45661e-13
7058 3
1 1.803e-13
2 -5.88418e-15
3 -1.54543e-13
7060 3
1 1.76748e-13
2 1.66533e-15
3 -1.44773e-13
7062 3
1 1.59872e-13
2 8.32667e-15
3 -1.40332e-13
7064 3
1 1.95399e-13
2 1.59872e-14
3 -1.32339e-13
7066 3
1 1.78968e-13
2 2.03171e-14
3 -1.22569e-13
7068 3
1 1.98064e-13
2 2.4758e-14
3 -1.28786e-13
7070 3
1 1.68754e-13
2 1.66533e-14
3 -1.54543e-13
7072 3
1 1.97176e-13
2 1.44329e-15
3 -1.58096e-13
7074 3
1 1.77636e-13
2 7.54952e-15
3 -1.40332e-13
7076 3
1 1.79412e-13
2 -9.54792e-15
3 -1.40332e-13
7078 3
1 2.14939e-13
2 1.14353e-14
3 -1.20792e-13
7080 3
1 2.02505e-13
2 3.87468e-14
3 -1.27898e-13
7082 3
1 1.78524e-13
2 1.21014e-14
3 -1.33227e-13
7084 3
1 1.83853e-13
2 1.55431e-15
3 -1.35003e-13
7086 3
1 2.11386e-13
2 2.56462e-14
3 -1.43885e-13
7088 3
1 1.87406e-13
2 1.06581e-14
3 -1.40332e-13
7090 3
1 2.14939e-13
2 2.14273e-14
3 -1.14575e-13
7092 3
1 1.80744e-13
2 1.85407e-14
3 -1.2168e-13
7094 3
1 2.00284e-13
2 1.43219e-14
3 -1.20792e-13
7096 3
1 1.96732e-13
2 3.28626e-14
3 -1.32339e-13
7098 3
1 2.02061e-13
2 4.24105e-14
3 -1.22569e-13
7100 3
1 2.03837e-13
2 -3.10862e-15
3 -1.09246e-13
7102 3
1 1.67866e-13
2 3.81917e-14
3 -1.2168e-13
7104 3
1 1.80966e-13
2 2.4647e-14
3 -1.09246e-13
7106 3
1 1.97398e-13
2 4.68514e-14
3 -1.2168e-13
7108 3
1 1.99618e-13
2 2.17604e-14
3 -1.12799e-13
7110 3
1 2.04947e-13
2 8.65974e-15
3 -1.13687e-13
7112 3
1 2.15605e-13
2 8.21565e-15
3 -1.06581e-13
7114 3
1 1.87628e-13
2 0
3 -1.01252e-13
7116 3
1 1.79634e-13
2 5.10703e-15
3 -1.03029e-13
7118 3
1 2.11386e-13
2 1.15463e-14
3 -1.1191e-13
7120 3
1 1.96287e-13
2 1.17684e-14
3 -1.1191e-13
7122 3
1 1.83187e-13
2 2.22045e-14
3 -1.27898e-13
7124 3
1 1.88294e-13
2 1.68754e-14
3 -1.06581e-13
7126 3
1 1.70752e-13
2 3.9968e-14
3 -8.17124e-14
7128 3
1 1.75637e-13
2 5.10703e-15
3 -8.88178e-14
7130 3
1 1.79412e-13
2 2.53131e-14
3 -1.01252e-13
7132 3
1 1.93623e-13
2 2.90878e-14
3 -1.10134e-13
7134 3
1 1.97176e-13
2 3.11973e-14
3 -1.27898e-13
7136 3
1 1.92735e-13
2 2.16493e-14
3 -1.09246e-13
7138 3
1 1.90958e-13
2 2.4647e-14
3 -9.05942e-14
7140 3
1 1.88738e-13
2 1.31006e-14
3 -1.25233e-13
7142 3
1 1.92291e-13
2 2.79776e-14
3 -1.14575e-13
7144 3
1 2.09166e-13
2 2.24265e-14
3 -1.24345e-13
7146 3
1 1.98952e-13
2 2.93099e-14
3 -1.19904e-13
7148 3
1 1.91847e-13
2 2.26485e-14
3 -1.12799e-13
7150 3
1 1.8785e-13
2 1.46549e-14
3 -1.24345e-13
7152 3
1 1.68754e-13
2 2.08722e-14
3 -1.35003e-13
7154 3
1 1.79412e-13
2 2.79776e-14
3 -1.13687e-13
7156 3
1 1.73195e-13
2 2.04281e-14
3 -1.34115e-13
7158 3
1 1.90958e-13
2 1.5099e-14
3 -9.9476e-14
7160 3
1 1.87406e-13
2 9.32587e-15
3 -1.19904e-13
7162 3
1 1.58984e-13
2 3.4639e-14
3 -1.18128e-13
7164 3
1 1.74527e-13
2 1.64313e-14
3 -1.13687e-13
7166 3
1 1.88738e-13
2 3.66374e-14
3 -9.41469e-14
7168 3
1 1.91402e-13
2 1.88738e-14
3 -1.15463e-13
7170 3
1 2.01617e-13
2 1.84297e-14
3 -9.9476e-14
7172 3
1 1.74971e-13
2 3.30846e-14
3 -9.05942e-14
7174 3
1 1.8896e-13
2 1.37668e-14
3 -1.1191e-13
7176 3
1 2.03615e-13
2 1.5099e-14
3 -1.11022e-13
7178 3
1 2.10498e-13
2 1.11022e-14
3 -1.16351e-13
7180 3
1 1.95399e-13
2 5.37348e-14
3 -1.05693e-13
7182 3
1 2.01839e-13
2 2.26485e-14
3 -1.24345e-13
7184 3
1 1.90736e-13
2 4.88498e-14
3 -1.19904e-13
7186 3
1 2.0739e-13
2 2.62013e-14
3 -1.30562e-13
7188 3
1 1.72085e-13
2 4.06342e-14
3 -1.30562e-13
7190 3
1 1.67422e-13
2 4.38538e-14
3 -1.39444e-13
7192 3
1 2.02727e-13
2 2.85327e-14
3 -9.85878e-14
7194 3
1 2.08944e-13
2 3.15303e-14
3 -1.1191e-13
7196 3
1 2.06501e-13
2 1.55431e-14
3 -1.15463e-13
7198 3
1 1.90514e-13
2 3.41949e-14
3 -1.1191e-13
7200 3
1 2.03837e-13
2 5.37348e-14
3 -1.19016e-13
7202 3
1 2.08722e-13
2 2.22045e-14
3 -9.9476e-14
7204 3
1 1.93179e-13
2 7.30527e-14
3 -9.59233e-14
7206 3
1 2.22045e-13
2 4.4853e-14
3 -1.13687e-13
7208 3
1 1.96287e-13
2 3.01981e-14
3 -1.35003e-13
7210 3
1 1.76303e-13
2 3.64153e-14
3 -1.05693e-13
7212 3
1 1.88738e-13
2 4.75175e-14
3 -1.00364e-13
7214 3
1 1.9984e-13
2 3.5083e-14
3 -1.20792e-13
7216 3
1 1.96287e-13
2 4.66294e-14
3 -1.00364e-13
7218 3
1 1.54543e-13
2 4.52971e-14
3 -8.88178e-14
7220 3
1 1.9007e-13
2 6.65024e-14
3 -1.2168e-13
7222 3
1 1.89626e-13
2 4.70735e-14
3 -1.14575e-13
7224 3
1 1.86962e-13
2 4.07452e-14
3 -1.2168e-13
7226 3
1 1.89626e-13
2 6.78346e-14
3 -1.12799e-13
7228 3
1 1.72751e-13
2 6.69464e-14
3 -1.1191e-13
7230 3
1 2.14051e-13
2 5.973e-14
3 -1.18128e-13
7232 3
1 2.0961e-13
2 4.05231e-14
3 -1.19016e-13
7234 3
1 1.80744e-13
2 3.19744e-14
3 -1.29674e-13
7236 3
1 1.803e-13
2 3.43059e-14
3 -1.13687e-13
7238 3
1 1.95399e-13
2 6.4615e-14
3 -9.50351e-14
7240 3
1 1.92291e-13
2 5.54001e-14
3 -1.13687e-13
7242 3
1 1.70974e-13
2 5.34017e-14
3 -1.22569e-13
7244 3
1 1.86073e-13
2 4.41869e-14
3 -1.20792e-13
7246 3
1 1.98064e-13
2 1.79856e-14
3 -1.49214e-13
7248 3
1 1.80744e-13
2 4.26326e-14
3 -1.09246e-13
7250 3
1 1.82521e-13
2 4.81837e-14
3 -1.1724e-13
7252 3
1 1.82521e-13
2 5.55112e-14
3 -1.03029e-13
7254 3
1 1.69642e-13
2 4.84057e-14
3 -1.28786e-13
7256 3
1 1.91402e-13
2 5.41789e-14
3 -1.1724e-13
7258 3
1 1.94511e-13
2 4.32987e-14
3 -1.1724e-13
7260 3
1 1.74083e-13
2 2.73115e-14
3 -1.19016e-13
7262 3
1 1.66089e-13
2 4.39648e-14
3 -1.14575e-13
7264 3
1 1.7053e-13
2 4.70735e-14
3 -1.20792e-13
7266 3
1 2.01617e-13
2 4.70735e-14
3 -1.01252e-13
7268 3
1 1.97176e-13
2 4.81837e-14
3 -1.23457e-13
7270 3
1 2.00728e-13
2 2.44249e-14
3 -1.26121e-13
7272 3
1 1.87406e-13
2 1.90958e-14
3 -1.03029e-13
7274 3
1 1.66978e-13
2 3.37508e-14
3 -1.06581e-13
7276 3
1 1.71418e-13
2 4.72955e-14
3 -9.76996e-14
7278 3
1 1.71418e-13
2 4.52971e-14
3 -1.27898e-13
7280 3
1 1.62093e-13
2 4.52971e-14
3 -9.85878e-14
7282 3
1 1.59872e-13
2 2.13163e-14
3 -9.50351e-14
7284 3
1 1.7053e-13
2 5.4623e-14
3 -8.88178e-14
7286 3
1 1.36779e-13
2 6.9722e-14
3 -1.04805e-13
7288 3
1 1.59872e-13
2 5.24025e-14
3 -9.68114e-14
7290 3
1 1.74971e-13
2 4.90719e-14
3 -1.06581e-13
7292 3
1 1.81188e-13
2 2.88658e-14
3 -1.1724e-13
7294 3
1 1.94511e-13
2 2.28706e-14
3 -1.01252e-13
7296 3
1 1.98952e-13
2 3.37508e-14
3 -9.05942e-14
7298 3
1 1.85629e-13
2 4.68514e-14
3 -1.08358e-13
7300 3
1 1.49214e-13
2 6.88338e-14
3 -8.17124e-14
7302 3
1 1.67866e-13
2 4.39648e-14
3 -7.99361e-14
7304 3
1 1.54099e-13
2 5.75096e-14
3 -8.88178e-14
7306 3
1 1.77636e-13
2 6.12843e-14
3 -1.03917e-13
7308 3
1 1.85629e-13
2 5.28466e-14
3 -1.15463e-13
7310 3
1 1.95399e-13
2 4.84057e-14
3 -1.0747e-13
7312 3
1 1.69198e-13
2 6.06182e-14
3 -8.88178e-14
7314 3
1 1.58096e-13
2 3.39728e-14
3 -9.59233e-14
7316 3
1 1.66978e-13
2 6.66134e-14
3 -8.88178e-14
7318 3
1 1.75859e-13
2 5.4623e-14
3 -1.03029e-13
7320 3
1 1.71863e-13
2 2.13163e-14
3 -8.08242e-14
7322 3
1 1.43885e-13
2 6.21725e-14
3 -8.52651e-14
7324 3
1 1.75415e-13
2 6.88338e-14
3 -8.9706e-14
7326 3
1 1.86517e-13
2 4.44089e-14
3 -1.06581e-13
7328 3
1 1.68754e-13
2 3.35287e-14
3 -9.32587e-14
7330 3
1 1.64313e-13
2 1.57652e-14
3 -1.0747e-13
7332 3
1 1.66533e-13
2 5.08482e-14
3 -8.61533e-14
7334 3
1 1.51879e-13
2 2.84217e-14
3 -9.05942e-14
7336 3
1 1.64757e-13
2 4.4631e-14
3 -9.05942e-14
7338 3
1 1.39444e-13
2 3.57492e-14
3 -7.4607e-14
7340 3
1 1.46994e-13
2 3.01981e-14
3 -9.59233e-14
7342 3
1 1.66978e-13
2 4.75175e-14
3 -1.01252e-13
7344 3
1 1.34559e-13
2 5.26246e-14
3 -1.01252e-13
7346 3
1 1.39444e-13
2 3.86358e-14
3 -7.99361e-14
7348 3
1 1.5854e-13
2 3.73035e-14
3 -6.92779e-14
7350 3
1 1.42553e-13
2 3.68594e-14
3 -9.41469e-14
7352 3
1 1.40776e-13
2 4.90719e-14
3 -7.10543e-14
7354 3
1 1.5099e-13
2 5.44009e-14
3 -6.92779e-14
7356 3
1 1.37224e-13
2 1.15463e-14
3 -8.17124e-14
7358 3
1 1.31894e-13
2 2.59792e-14
3 -9.41469e-14
7360 3
1 1.49658e-13
2 3.68594e-14
3 -8.08242e-14
7362 3
1 1.2923e-13
2 6.55032e-14
3 -7.28306e-14
7364 3
1 1.40776e-13
2 2.88658e-14
3 -7.19425e-14
7366 3
1 1.53211e-13
2 4.9738e-14
3 -8.26006e-14
7368 3
1 1.42553e-13
2 3.66374e-14
3 -7.4607e-14
7370 3
1 1.33227e-13
2 5.04041e-14
3 -7.63833e-14
7372 3
1 1.32783e-13
2 2.9754e-14
3 -6.75016e-14
7374 3
1 1.38112e-13
2 5.81757e-14
3 -6.92779e-14
7376 3
1 1.64313e-13
2 4.32987e-14
3 -8.34888e-14
7378 3
1 1.30562e-13
2 3.90799e-14
3 -7.81597e-14
7380 3
1 1.31006e-13
2 2.66454e-14
3 -7.63833e-14
7382 3
1 1.35447e-13
2 4.30767e-14
3 -7.37188e-14
7384 3
1 1.32783e-13
2 6.55032e-14
3 -7.99361e-14
7386 3
1 1.46105e-13
2 2.39808e-14
3 -6.12843e-14
7388 3
1 1.40332e-13
2 4.37428e-14
3 -6.75016e-14
7390 3
1 1.32783e-13
2 7.08322e-14
3 -7.10543e-14
7392 3
1 1.34115e-13
2 6.63913e-14
3 -6.75016e-14
7394 3
1 1.35003e-13
2 3.90799e-14
3 -9.68114e-14
7396 3
1 1.37668e-13
2 5.57332e-14
3 -6.83897e-14
7398 3
1 1.26121e-13
2 4.35207e-14
3 -9.05942e-14
7400 3
1 1.16795e-13
2 4.28546e-14
3 -5.68434e-14
7402 3
1 1.38556e-13
2 4.77396e-14
3 -8.26006e-14
7404 3
1 1.15463e-13
2 4.06342e-14
3 -8.43769e-14
7406 3
1 1.47438e-13
2 3.77476e-14
3 -1.0747e-13
7408 3
1 1.39888e-13
2 4.61853e-14
3 -7.10543e-14
7410 3
1 1.34115e-13
2 6.77236e-14
3 -7.72715e-14
7412 3
1 1.2168e-13
2 4.13003e-14
3 -1.03029e-13
7414 3
1 1.64313e-13
2 4.68514e-14
3 -8.34888e-14
7416 3
1 1.29674e-13
2 5.21805e-14
3 -9.85878e-14
7418 3
1 1.72307e-13
2 3.26406e-14
3 -7.10543e-14
7420 3
1 1.42109e-13
2 4.35207e-14
3 -1.03917e-13
7422 3
1 1.34115e-13
2 5.37348e-14
3 -7.28306e-14
7424 3
1 1.47438e-13
2 4.68514e-14
3 -8.43769e-14
7426 3
1 1.32339e-13
2 6.15064e-14
3 -9.41469e-14
7428 3
1 1.28786e-13
2 5.50671e-14
3 -9.76996e-14
7430 3
1 1.25233e-13
2 3.68594e-14
3 -9.41469e-14
7432 3
1 1.59872e-13
2 6.32827e-14
3 -1.03029e-13
7434 3
1 1.57208e-13
2 6.12843e-14
3 -8.08242e-14
7436 3
1 1.26121e-13
2 4.64073e-14
3 -8.08242e-14
7438 3
1 1.61648e-13
2 5.52891e-14
3 -7.63833e-14
7440 3
1 1.46549e-13
2 6.83897e-14
3 -7.01661e-14
7442 3
1 1.4122e-13
2 2.26485e-14
3 -9.59233e-14
7444 3
1 1.52767e-13
2 7.39409e-14
3 -7.99361e-14
7446 3
1 1.44773e-13
2 5.88418e-14
3 -8.17124e-14
7448 3
1 1.43885e-13
2 6.10623e-14
3 -7.63833e-14
7450 3
1 1.42997e-13
2 4.84057e-14
3 -1.16351e-13
7452 3
1 1.35003e-13
2 4.41869e-14
3 -9.59233e-14
7454 3
1 1.1724e-13
2 5.06262e-14
3 -1.03917e-13
7456 3
1 1.50102e-13
2 4.70735e-14
3 -1.22569e-13
7458 3
1 1.73195e-13
2 4.4631e-14
3 -1.08358e-13
7460 3
1 1.39444e-13
2 5.52891e-14
3 -1.01252e-13
7462 3
1 1.45661e-13
2 6.17284e-14
3 -1.1191e-13
7464 3
1 1.58984e-13
2 6.08402e-14
3 -1.14575e-13
7466 3
1 1.53655e-13
2 6.41709e-14
3 -1.42109e-13
7468 3
1 1.2701e-13
2 3.66374e-14
3 -1.1724e-13
7470 3
1 1.4122e-13
2 8.39329e-14
3 -1.1724e-13
7472 3
1 1.4122e-13
2 2.55351e-14
3 -7.81597e-14
7474 3
1 1.52767e-13
2 4.95159e-14
3 -1.1724e-13
7476 3
1 1.30562e-13
2 3.95239e-14
3 -1.20792e-13
7478 3
1 1.43885e-13
2 3.73035e-14
3 -1.39444e-13
7480 3
1 1.4122e-13
2 5.86198e-14
3 -1.10134e-13
7482 3
1 1.56319e-13
2 4.24105e-14
3 -1.02141e-13
7484 3
1 1.4122e-13
2 5.19584e-14
3 -1.18128e-13
7486 3
1 1.36779e-13
2 4.50751e-14
3 -1.18128e-13
7488 3
1 1.42997e-13
2 3.75255e-14
3 -1.26121e-13
7490 3
1 1.4122e-13
2 4.66294e-14
3 -1.10134e-13
7492 3
1 1.4122e-13
2 5.24025e-14
3 -1.10134e-13
7494 3
1 1.2168e-13
2 4.13003e-14
3 -9.05942e-14
7496 3
1 1.48326e-13
2 6.17284e-14
3 -1.00364e-13
7498 3
1 1.66978e-13
2 6.37268e-14
3 -1.03917e-13
7500 3
1 1.35891e-13
2 6.81677e-14
3 -9.59233e-14
7502 3
1 1.32339e-13
2 5.26246e-14
3 -1.22569e-13
7504 3
1 1.85629e-13
2 7.68274e-14
3 -1.03029e-13
7506 3
1 1.75859e-13
2 9.63674e-14
3 -1.1724e-13
7508 3
1 1.86517e-13
2 5.86198e-14
3 -1.18128e-13
7510 3
1 1.80744e-13
2 7.12763e-14
3 -1.1724e-13
7512 3
1 1.67866e-13
2 8.99281e-14
3 -1.13687e-13
7514 3
1 1.55875e-13
2 5.35127e-14
3 -1.15463e-13
7516 3
1 1.50546e-13
2 4.75175e-14
3 -1.01252e-13
7518 3
1 1.51879e-13
2 4.79616e-14
3 -1.01252e-13
7520 3
1 1.40776e-13
2 4.77396e-14
3 -1.0747e-13
7522 3
1 1.36335e-13
2 6.30607e-14
3 -9.50351e-14
7524 3
1 1.59872e-13
2 6.23945e-14
3 -1.27898e-13
7526 3
1 1.61204e-13
2 5.57332e-14
3 -1.06581e-13
7528 3
1 1.48326e-13
2 4.66294e-14
3 -1.03917e-13
7530 3
1 1.40776e-13
2 4.4631e-14
3 -9.9476e-14
7532 3
1 1.4122e-13
2 6.70575e-14
3 -1.04805e-13
7534 3
1 1.84297e-13
2 7.14984e-14
3 -6.39488e-14
7536 3
1 1.74971e-13
2 4.24105e-14
3 -8.52651e-14
7538 3
1 1.76303e-13
2 4.81837e-14
3 -9.59233e-14
7540 3
1 1.68754e-13
2 4.57412e-14
3 -1.01252e-13
7542 3
1 1.43441e-13
2 6.35048e-14
3 -1.06581e-13
7544 3
1 1.67422e-13
2 4.4631e-14
3 -8.70415e-14
7546 3
1 1.81188e-13
2 8.03801e-14
3 -9.05942e-14
7548 3
1 1.69198e-13
2 6.15064e-14
3 -8.88178e-14
7550 3
1 1.79856e-13
2 5.9508e-14
3 -8.9706e-14
7552 3
1 1.73639e-13
2 4.68514e-14
3 -1.0747e-13
7554 3
1 1.82077e-13
2 4.84057e-14
3 -6.03961e-14
7556 3
1 1.96287e-13
2 6.15064e-14
3 -7.99361e-14
7558 3
1 1.88294e-13
2 7.81597e-14
3 -9.59233e-14
7560 3
1 1.83409e-13
2 4.37428e-14
3 -9.68114e-14
7562 3
1 1.7808e-13
2 6.43929e-14
3 -1.08358e-13
7564 3
1 1.89182e-13
2 5.81757e-14
3 -9.32587e-14
7566 3
1 1.79856e-13
2 3.37508e-14
3 -9.14824e-14
7568 3
1 1.74971e-13
2 6.08402e-14
3 -8.88178e-14
7570 3
1 1.803e-13
2 6.01741e-14
3 -8.9706e-14
7572 3
1 1.81188e-13
2 4.86278e-14
3 -1.20792e-13
7574 3
1 1.47882e-13
2 5.55112e-14
3 -1.04805e-13
7576 3
1 1.90958e-13
2 5.57332e-14
3 -1.18128e-13
7578 3
1 1.72751e-13
2 7.90479e-14
3 -1.08358e-13
7580 3
1 1.6831e-13
2 4.84057e-14
3 -9.23706e-14
7582 3
1 1.32339e-13
2 5.44009e-14
3 -1.01252e-13
7584 3
1 1.89182e-13
2 5.17364e-14
3 -1.03917e-13
7586 3
1 1.59872e-13
2 3.77476e-14
3 -1.16351e-13
7588 3
1 1.67866e-13
2 5.37348e-14
3 -1.09246e-13
7590 3
1 1.62981e-13
2 5.06262e-14
3 -9.76996e-14
7592 3
1 1.36779e-13
2 3.77476e-14
3 -1.02141e-13
7594 3
1 1.7053e-13
2 4.75175e-14
3 -8.34888e-14
7596 3
1 1.81188e-13
2 3.70814e-14
3 -1.15463e-13
7598 3
1 2.02505e-13
2 4.64073e-14
3 -8.43769e-14
7600 3
1 1.74527e-13
2 2.24265e-14
3 -1.23457e-13
7602 3
1 1.55875e-13
2 7.74936e-14
3 -1.03029e-13
7604 3
1 1.53655e-13
2 3.57492e-14
3 -1.08358e-13
7606 3
1 1.58984e-13
2 7.08322e-14
3 -9.85878e-14
7608 3
1 1.83409e-13
2 5.32907e-14
3 -1.11022e-13
7610 3
1 1.52767e-13
2 3.10862e-14
3 -9.05942e-14
7612 3
1 1.88294e-13
2 5.06262e-14
3 -1.1191e-13
7614 3
1 1.5854e-13
2 8.21565e-14
3 -8.88178e-14
7616 3
1 1.73195e-13
2 2.53131e-14
3 -1.19904e-13
7618 3
1 1.74527e-13
2 3.15303e-14
3 -9.59233e-14
7620 3
1 1.75415e-13
2 3.79696e-14
3 -1.08358e-13
7622 3
1 1.74083e-13
2 2.62013e-14
3 -1.02141e-13
7624 3
1 1.82965e-13
2 4.19664e-14
3 -1.08358e-13
7626 3
1 1.52323e-13
2 1.08802e-14
3 -9.59233e-14
7628 3
1 1.59428e-13
2 2.57572e-14
3 -9.85878e-14
7630 3
1 1.71863e-13
2 4.88498e-14
3 -8.79297e-14
7632 3
1 1.82521e-13
2 2.4647e-14
3 -9.50351e-14
7634 3
1 1.91402e-13
2 3.01981e-14
3 -8.61533e-14
7636 3
1 1.82965e-13
2 2.93099e-14
3 -8.52651e-14
7638 3
1 1.94511e-13
2 3.75255e-14
3 -9.76996e-14
7640 3
1 1.83853e-13
2 2.55351e-14
3 -8.70415e-14
7642 3
1 1.63869e-13
2 4.37428e-14
3 -7.28306e-14
7644 3
1 1.72307e-13
2 1.73195e-14
3 -1.1724e-13
7646 3
1 1.75415e-13
2 5.61773e-14
3 -8.52651e-14
7648 3
1 1.74527e-13
2 1.62093e-14
3 -7.10543e-14
7650 3
1 1.73639e-13
2 2.75335e-14
3 -7.28306e-14
7652 3
1 1.66533e-13
2 4.26326e-14
3 -8.26006e-14
7654 3
1 1.84297e-13
2 4.39648e-14
3 -8.70415e-14
7656 3
1 2.08278e-13
2 4.26326e-14
3 -9.23706e-14
7658 3
1 2.18492e-13
2 3.33067e-14
3 -5.50671e-14
7660 3
1 1.93623e-13
2 7.28306e-14
3 -1.09246e-13
7662 3
1 1.94955e-13
2 4.57412e-14
3 -8.17124e-14
7664 3
1 1.83853e-13
2 3.86358e-14
3 -7.90479e-14
7666 3
1 1.75859e-13
2 4.39648e-14
3 -6.39488e-14
7668 3
1 1.64757e-13
2 6.83897e-14
3 -7.81597e-14
7670 3
1 1.77636e-13
2 6.03961e-14
3 -8.17124e-14
7672 3
1 1.72307e-13
2 5.55112e-14
3 -8.52651e-14
7674 3
1 1.84297e-13
2 4.95159e-14
3 -7.72715e-14
7676 3
1 1.93179e-13
2 4.35207e-14
3 -9.85878e-14
7678 3
1 1.93179e-13
2 4.88498e-14
3 -1.20792e-13
7680 3
1 1.71863e-13
2 3.06422e-14
3 -6.57252e-14
7682 3
1 1.66978e-13
2 3.4639e-14
3 -7.19425e-14
7684 3
1 1.76748e-13
2 4.04121e-14
3 -9.68114e-14
7686 3
1 1.82521e-13
2 7.74936e-14
3 -1.06581e-13
7688 3
1 1.81632e-13
2 3.88578e-14
3 -9.59233e-14
7690 3
1 1.62981e-13
2 5.15143e-14
3 -8.9706e-14
7692 3
1 1.74971e-13
2 4.9738e-14
3 -1.24345e-13
7694 3
1 1.91847e-13
2 4.996e-14
3 -9.23706e-14
7696 3
1 1.84297e-13
2 3.9968e-14
3 -8.43769e-14
7698 3
1 1.96732e-13
2 6.52811e-14
3 -6.75016e-14
7700 3
1 1.70974e-13
2 4.9738e-14
3 -7.63833e-14
7702 3
1 2.01617e-13
2 3.79696e-14
3 -6.57252e-14
7704 3
1 1.65201e-13
2 5.30687e-14
3 -9.76996e-14
7706 3
1 2.02505e-13
2 4.70735e-14
3 -7.81597e-14
7708 3
1 1.9007e-13
2 4.04121e-14
3 -1.03917e-13
7710 3
1 2.08278e-13
2 4.35207e-14
3 -7.99361e-14
7712 3
1 1.91847e-13
2 4.79616e-14
3 -1.20792e-13
7714 3
1 2.06057e-13
2 6.21725e-14
3 -7.90479e-14
7716 3
1 1.61204e-13
2 5.15143e-14
3 -9.59233e-14
7718 3
1 1.94511e-13
2 4.35207e-14
3 -1.03917e-13
7720 3
1 1.75415e-13
2 6.35048e-14
3 -9.05942e-14
7722 3
1 1.91402e-13
2 4.44089e-14
3 -1.13687e-13
7724 3
1 2.01172e-13
2 7.81597e-14
3 -9.05942e-14
7726 3
1 2.03393e-13
2 2.13163e-14
3 -1.13687e-13
7728 3
1 1.86073e-13
2 7.01661e-14
3 -1.01252e-13
7730 3
1 2.10498e-13
2 5.90639e-14
3 -1.15463e-13
7732 3
1 2.13163e-13
2 5.37348e-14
3 -9.85878e-14
7734 3
1 2.12275e-13
2 4.66294e-14
3 -1.18128e-13
7736 3
1 2.01172e-13
2 4.26326e-14
3 -7.99361e-14
7738 3
1 2.15383e-13
2 5.06262e-14
3 -1.08358e-13
7740 3
1 1.93623e-13
2 2.39808e-14
3 -1.35891e-13
7742 3
1 1.90958e-13
2 3.81917e-14
3 -1.19016e-13
7744 3
1 1.94067e-13
2 5.32907e-14
3 -9.76996e-14
7746 3
1 1.9984e-13
2 5.86198e-14
3 -1.19016e-13
7748 3
1 1.83409e-13
2 5.41789e-14
3 -1.56319e-13
7750 3
1 1.89182e-13
2 4.70735e-14
3 -1.22569e-13
7752 3
1 1.95399e-13
2 5.9508e-14
3 -1.27898e-13
7754 3
1 1.99396e-13
2 4.61853e-14
3 -1.45661e-13
7756 3
1 1.98952e-13
2 4.08562e-14
3 -1.45661e-13
7758 3
1 2.28484e-13
2 3.19744e-14
3 -1.29674e-13
7760 3
1 1.78524e-13
2 4.35207e-14
3 -1.08358e-13
7762 3
1 1.95399e-13
2 3.90799e-14
3 -1.50102e-13
7764 3
1 2.14939e-13
2 4.17444e-14
3 -1.42109e-13
7766 3
1 1.78524e-13
2 3.64153e-14
3 -1.55431e-13
7768 3
1 1.94511e-13
2 4.88498e-14
3 -1.22569e-13
7770 3
1 1.62981e-13
2 3.81917e-14
3 -1.03917e-13
7772 3
1 1.61204e-13
2 2.4869e-14
3 -1.38556e-13
7774 3
1 1.81188e-13
2 4.44089e-14
3 -1.22569e-13
7776 3
1 2.0961e-13
2 7.14984e-14
3 -1.40332e-13
7778 3
1 1.94067e-13
2 1.5099e-14
3 -1.2168e-13
7780 3
1 1.96287e-13
2 4.13003e-14
3 -1.15463e-13
7782 3
1 1.90958e-13
2 3.5083e-14
3 -1.46549e-13
7784 3
1 1.6831e-13
2 4.57412e-14
3 -1.3145e-13
7786 3
1 1.86517e-13
2 6.12843e-14
3 -1.30562e-13
7788 3
1 1.76303e-13
2 6.30607e-14
3 -1.15463e-13
7790 3
1 1.92291e-13
2 5.24025e-14
3 -1.27898e-13
7792 3
1 1.79856e-13
2 3.4639e-14
3 -1.27898e-13
7794 3
1 1.74527e-13
2 2.93099e-14
3 -1.42109e-13
7796 3
1 1.82965e-13
2 5.4623e-14
3 -1.26121e-13
7798 3
1 1.71863e-13
2 4.61853e-14
3 -1.42109e-13
7800 3
1 1.99396e-13
2 4.08562e-14
3 -1.3145e-13
7802 3
1 1.92735e-13
2 5.10703e-14
3 -1.24345e-13
7804 3
1 1.65201e-13
2 4.08562e-14
3 -1.40332e-13
7806 3
1 1.68754e-13
2 1.33227e-14
3 -1.36779e-13
7808 3
1 1.80744e-13
2 2.22045e-14
3 -1.29674e-13
7810 3
1 2.06946e-13
2 2.84217e-14
3 -1.06581e-13
7812 3
1 1.95843e-13
2 2.13163e-14
3 -1.35003e-13
7814 3
1 1.91402e-13
2 4.13003e-14
3 -1.13687e-13
7816 3
1 1.92291e-13
2 4.08562e-14
3 -1.27898e-13
7818 3
1 1.71418e-13
2 2.57572e-14
3 -1.27898e-13
7820 3
1 1.89182e-13
2 1.5099e-14
3 -1.08358e-13
7822 3
1 1.9984e-13
2 3.90799e-14
3 -1.06581e-13
7824 3
1 2.13607e-13
2 1.33227e-14
3 -1.05693e-13
7826 3
1 1.97176e-13
2 2.04281e-14
3 -1.18128e-13
7828 3
1 1.94955e-13
2 1.95399e-14
3 -1.27898e-13
7830 3
1 2.00284e-13
2 2.79776e-14
3 -1.24345e-13
7832 3
1 2.05169e-13
2 2.79776e-14
3 -1.27898e-13
7834 3
1 1.94067e-13
2 2.22045e-14
3 -1.13687e-13
7836 3
1 1.95843e-13
2 4.57412e-14
3 -1.1191e-13
7838 3
1 1.94067e-13
2 2.57572e-14
3 -1.26121e-13
7840 3
1 2.00728e-13
2 4.88498e-14
3 -1.1724e-13
7842 3
1 1.9984e-13
2 2.93099e-14
3 -1.11022e-13
7844 3
1 1.88294e-13
2 1.9984e-14
3 -9.68114e-14
7846 3
1 1.79412e-13
2 3.59712e-14
3 -1.35891e-13
7848 3
1 1.90958e-13
2 4.52971e-14
3 -1.26121e-13
7850 3
1 1.87406e-13
2 5.19584e-14
3 -1.30562e-13
7852 3
1 1.81632e-13
2 5.32907e-14
3 -1.38556e-13
7854 3
1 1.74527e-13
2 5.24025e-14
3 -1.12799e-13
7856 3
1 1.82521e-13
2 3.24185e-14
3 -1.15463e-13
7858 3
1 2.0739e-13
2 4.44089e-14
3 -1.09246e-13
7860 3
1 1.75415e-13
2 1.24345e-14
3 -1.20792e-13
7862 3
1 1.90958e-13
2 2.57572e-14
3 -1.01252e-13
7864 3
1 1.57652e-13
2 1.33227e-14
3 -1.06581e-13
7866 3
1 1.72307e-13
2 1.28786e-14
3 -1.15463e-13
7868 3
1 1.35447e-13
2 2.62013e-14
3 -1.18128e-13
7870 3
1 2.0739e-13
2 4.79616e-14
3 -1.06581e-13
7872 3
1 1.58984e-13
2 3.55271e-14
3 -1.18128e-13
7874 3
1 1.86517e-13
2 3.64153e-14
3 -1.16351e-13
7876 3
1 1.77636e-13
2 1.37668e-14
3 -1.18128e-13
7878 3
1 1.64757e-13
2 3.4639e-14
3 -9.9476e-14
7880 3
1 1.6831e-13
2 5.4623e-14
3 -1.10134e-13
7882 3
1 1.91847e-13
2 3.4639e-14
3 -1.36779e-13
7884 3
1 1.86517e-13
2 5.4623e-14
3 -1.38556e-13
7886 3
1 1.82521e-13
2 3.59712e-14
3 -1.06581e-13
7888 3
1 1.87406e-13
2 2.13163e-14
3 -1.05693e-13
7890 3
1 1.70086e-13
2 1.90958e-14
3 -9.41469e-14
7892 3
1 1.86073e-13
2 3.19744e-14
3 -1.0747e-13
7894 3
1 1.70086e-13
2 3.28626e-14
3 -1.01252e-13
7896 3
1 1.71418e-13
2 3.28626e-14
3 -1.22569e-13
7898 3
1 1.65201e-13
2 2.22045e-14
3 -1.19016e-13
7900 3
1 1.86073e-13
2 1.86517e-14
3 -1.01252e-13
7902 3
1 2.08278e-13
2 4.08562e-14
3 -1.20792e-13
7904 3
1 2.13163e-13
2 3.81917e-14
3 -1.04805e-13
7906 3
1 1.86073e-13
2 1.95399e-14
3 -1.04805e-13
7908 3
1 1.82077e-13
2 1.42109e-14
3 -9.59233e-14
7910 3
1 1.82521e-13
2 1.37668e-14
3 -9.32587e-14
7912 3
1 1.72307e-13
2 8.88178e-16
3 -9.05942e-14
7914 3
1 1.71863e-13
2 3.10862e-14
3 -1.29674e-13
7916 3
1 1.803e-13
2 1.77636e-14
3 -1.00364e-13
7918 3
1 1.95399e-13
2 3.37508e-14
3 -8.88178e-14
7920 3
1 1.59872e-13
2 3.95239e-14
3 -1.09246e-13
7922 3
1 1.90958e-13
2 3.4639e-14
3 -9.50351e-14
7924 3
1 1.4122e-13
2 2.66454e-14
3 -1.06581e-13
7926 3
1 1.81188e-13
2 2.57572e-14
3 -9.50351e-14
7928 3
1 1.77636e-13
2 4.88498e-14
3 -1.11022e-13
7930 3
1 1.81188e-13
2 2.66454e-14
3 -1.10134e-13
7932 3
1 1.60316e-13
2 1.37668e-14
3 -8.34888e-14
7934 3
1 1.7053e-13
2 5.15143e-14
3 -1.1724e-13
7936 3
1 1.87406e-13
2 5.41789e-14
3 -1.13687e-13
7938 3
1 2.02505e-13
2 1.82077e-14
3 -1.06581e-13
7940 3
1 1.64313e-13
2 3.28626e-14
3 -9.14824e-14
7942 3
1 1.62093e-13
2 3.19744e-14
3 -1.01252e-13
7944 3
1 1.75859e-13
2 2.22045e-14
3 -1.01252e-13
7946 3
1 1.5854e-13
2 3.10862e-14
3 -8.17124e-14
7948 3
1 1.65645e-13
2 2.26485e-14
3 -9.59233e-14
7950 3
1 1.59428e-13
2 3.10862e-14
3 -1.01252e-13
7952 3
1 1.82965e-13
2 3.15303e-14
3 -1.10134e-13
7954 3
1 1.66089e-13
2 4.70735e-14
3 -1.20792e-13
7956 3
1 1.65645e-13
2 3.9968e-14
3 -9.85878e-14
7958 3
1 1.56763e-13
2 5.90639e-14
3 -8.61533e-14
7960 3
1 1.67422e-13
2 2.75335e-14
3 -6.75016e-14
7962 3
1 1.69198e-13
2 1.5099e-14
3 -6.4837e-14
7964 3
1 1.66533e-13
2 1.73195e-14
3 -7.4607e-14
7966 3
1 1.42109e-13
2 4.39648e-14
3 -6.75016e-14
7968 3
1 1.74971e-13
2 1.28786e-14
3 -6.4837e-14
7970 3
1 1.39888e-13
2 3.9968e-14
3 -9.32587e-14
7972 3
1 1.70086e-13
2 9.76996e-15
3 -7.28306e-14
7974 3
1 1.71418e-13
2 -4.88498e-15
3 -9.41469e-14
7976 3
1 1.53655e-13
2 1.15463e-14
3 -1.06581e-13
7978 3
1 1.58984e-13
2 1.77636e-14
3 -8.88178e-14
7980 3
1 1.26565e-13
2 2.84217e-14
3 -6.92779e-14
7982 3
1 1.54987e-13
2 1.77636e-14
3 -6.92779e-14
7984 3
1 1.84741e-13
2 1.86517e-14
3 -7.63833e-14
7986 3
1 1.57208e-13
2 1.06581e-14
3 -6.92779e-14
7988 3
1 1.46994e-13
2 2.30926e-14
3 -7.63833e-14
7990 3
1 1.79856e-13
2 1.9984e-14
3 -8.26006e-14
7992 3
1 1.74083e-13
2 1.77636e-15
3 -6.66134e-14
7994 3
1 1.63425e-13
2 2.22045e-14
3 -5.32907e-14
7996 3
1 1.62093e-13
2 1.28786e-14
3 -7.10543e-14
7998 3
1 1.64313e-13
2 2.22045e-14
3 -5.59552e-14
8000 3
1 1.7808e-13
2 -1.90958e-14
3 -8.34888e-14
8002 3
1 1.54987e-13
2 -2.66454e-15
3 -1.03029e-13
8004 3
1 1.54099e-13
2 2.04281e-14
3 -6.66134e-14
8006 3
1 1.63869e-13
2 5.59552e-14
3 -6.57252e-14
8008 3
1 1.4122e-13
2 1.19904e-14
3 -5.68434e-14
8010 3
1 1.46105e-13
2 -5.32907e-15
3 -4.9738e-14
8012 3
1 1.62981e-13
2 -7.10543e-15
3 -5.06262e-14
8014 3
1 1.39444e-13
2 2.9754e-14
3 -5.24025e-14
8016 3
1 1.4877e-13
2 1.42109e-14
3 -9.05942e-14
8018 3
1 1.57652e-13
2 1.68754e-14
3 -8.08242e-14
8020 3
1 1.34559e-13
2 -2.22045e-15
3 -9.9476e-14
8022 3
1 1.56319e-13
2 1.82077e-14
3 -7.28306e-14
8024 3
1 1.49214e-13
2 -5.77316e-15
3 -5.9508e-14
8026 3
1 1.33227e-13
2 7.10543e-15
3 -6.75016e-14
8028 3
1 1.55875e-13
2 -4.44089e-16
3 -7.63833e-14
8030 3
1 1.34559e-13
2 -6.66134e-15
3 -6.92779e-14
8032 3
1 1.34115e-13
2 2.17604e-14
3 -5.68434e-14
8034 3
1 1.59872e-13
2 3.55271e-15
3 -5.24025e-14
8036 3
1 1.45217e-13
2 1.06581e-14
3 -7.28306e-14
8038 3
1 1.31894e-13
2 4.17444e-14
3 -5.06262e-14
8040 3
1 1.48326e-13
2 2.4869e-14
3 -5.86198e-14
8042 3
1 1.62537e-13
2 -1.15463e-14
3 -6.21725e-14
8044 3
1 1.53655e-13
2 1.06581e-14
3 -7.28306e-14
8046 3
1 1.6076e-13
2 4.44089e-16
3 -8.52651e-14
8048 3
1 1.18572e-13
2 1.77636e-14
3 -6.21725e-14
8050 3
1 1.29674e-13
2 2.04281e-14
3 -5.15143e-14
8052 3
1 1.47216e-13
2 -1.19904e-14
3 -8.70415e-14
8054 3
1 1.51879e-13
2 -3.10862e-15
3 -7.90479e-14
8056 3
1 1.34559e-13
2 2.13163e-14
3 -7.10543e-14
8058 3
1 1.52545e-13
2 -7.99361e-15
3 -5.06262e-14
8060 3
1 1.7164e-13
2 0
3 -5.32907e-14
8062 3
1 1.40332e-13
2 -7.10543e-15
3 -5.77316e-14
8064 3
1 1.36779e-13
2 9.76996e-15
3 -5.68434e-14
8066 3
1 1.36557e-13
2 2.66454e-15
3 -7.81597e-14
8068 3
1 1.36557e-13
2 -2.75335e-14
3 -6.4837e-14
8070 3
1 1.54987e-13
2 8.88178e-15
3 -9.23706e-14
8072 3
1 1.59428e-13
2 -1.68754e-14
3 -6.39488e-14
8074 3
1 1.36335e-13
2 -1.68754e-14
3 -7.28306e-14
8076 3
1 1.71418e-13
2 -2.66454e-15
3 -5.15143e-14
8078 3
1 1.25677e-13
2 -1.95399e-14
3 -6.21725e-14
8080 3
1 1.25233e-13
2 -1.59872e-14
3 -5.50671e-14
8082 3
1 1.43885e-13
2 -2.66454e-14
3 -5.50671e-14
8084 3
1 1.53211e-13
2 -2.13163e-14
3 -6.39488e-14
8086 3
1 1.31006e-13
2 0
3 -6.03961e-14
8088 3
1 1.22125e-13
2 -3.19744e-14
3 -5.68434e-14
8090 3
1 1.40332e-13
2 -1.86517e-14
3 -4.9738e-14
8092 3
1 1.63425e-13
2 -4.26326e-14
3 -5.32907e-14
8094 3
1 1.36779e-13
2 -1.33227e-14
3 -7.10543e-14
8096 3
1 1.36779e-13
2 -2.75335e-14
3 -3.55271e-14
8098 3
1 1.3145e-13
2 -1.95399e-14
3 -3.81917e-14
8100 3
1 1.42109e-13
2 -2.22045e-14
3 -3.10862e-14
8102 3
1 1.62537e-13
2 -2.75335e-14
3 -4.9738e-14
8104 3
1 1.38556e-13
2 -3.37508e-14
3 -4.26326e-14
8106 3
1 1.39444e-13
2 -2.57572e-14
3 -5.24025e-14
8108 3
1 1.24345e-13
2 -3.55271e-15
3 -5.86198e-14
8110 3
1 1.29674e-13
2 -1.68754e-14
3 -6.30607e-14
8112 3
1 1.33227e-13
2 1.86517e-14
3 -4.08562e-14
8114 3
1 1.38556e-13
2 -1.5099e-14
3 -4.44089e-14
8116 3
1 1.49214e-13
2 1.77636e-15
3 -3.64153e-14
8118 3
1 1.40332e-13
2 8.88178e-16
3 -4.08562e-14
8120 3
1 1.42997e-13
2 -2.13163e-14
3 -5.59552e-14
8122 3
1 1.45661e-13
2 -5.32907e-15
3 -4.26326e-14
8124 3
1 1.28786e-13
2 3.90799e-14
3 -6.92779e-14
8126 3
1 1.46549e-13
2 -2.30926e-14
3 -4.08562e-14
8128 3
1 1.66089e-13
2 0
3 -6.03961e-14
8130 3
1 1.50102e-13
2 6.21725e-15
3 -3.90799e-14
8132 3
1 1.57208e-13
2 1.33227e-14
3 -1.77636e-14
8134 3
1 1.66978e-13
2 1.15463e-14
3 -4.79616e-14
8136 3
1 1.0747e-13
2 5.32907e-15
3 -6.21725e-14
8138 3
1 1.42997e-13
2 -7.99361e-15
3 -5.68434e-14
8140 3
1 1.24345e-13
2 7.99361e-15
3 -6.03961e-14
8142 3
1 1.38556e-13
2 1.15463e-14
3 -6.75016e-14
8144 3
1 1.44773e-13
2 0
3 -7.10543e-14
8146 3
1 1.42997e-13
2 -8.88178e-15
3 -4.44089e-14
8148 3
1 1.35003e-13
2 1.77636e-14
3 -5.86198e-14
8150 3
1 1.48326e-13
2 -8.88178e-16
3 -4.9738e-14
8152 3
1 1.43885e-13
2 9.76996e-15
3 -4.26326e-14
8154 3
1 1.35891e-13
2 -7.10543e-15
3 -4.08562e-14
8156 3
1 1.37668e-13
2 2.66454e-14
3 -4.44089e-14
8158 3
1 1.39444e-13
2 3.19744e-14
3 -3.01981e-14
8160 3
1 1.27898e-13
2 3.55271e-15
3 -5.15143e-14
8162 3
1 1.2701e-13
2 3.55271e-14
3 -4.70735e-14
8164 3
1 1.37668e-13
2 1.15463e-14
3 -5.50671e-14
8166 3
1 1.43885e-13
2 1.59872e-14
3 -4.08562e-14
8168 3
1 1.5099e-13
2 -1.15463e-14
3 -3.9968e-14
8170 3
1 1.4122e-13
2 4.44089e-15
3 -6.39488e-14
8172 3
1 1.34115e-13
2 5.32907e-15
3 -3.55271e-14
8174 3
1 1.4122e-13
2 1.77636e-14
3 -5.32907e-14
8176 3
1 1.38556e-13
2 1.24345e-14
3 -4.61853e-14
8178 3
1 1.4122e-13
2 2.04281e-14
3 -7.10543e-14
8180 3
1 1.49214e-13
2 0
3 -6.30607e-14
8182 3
1 1.56319e-13
2 3.55271e-15
3 -4.26326e-14
8184 3
1 1.45661e-13
2 1.15463e-14
3 -6.39488e-14
8186 3
1 1.40332e-13
2 -5.32907e-15
3 -4.70735e-14
8188 3
1 1.48326e-13
2 9.76996e-15
3 -6.75016e-14
8190 3
1 1.2701e-13
2 2.30926e-14
3 -7.63833e-14
8192 3
1 1.38556e-13
2 -2.66454e-15
3 -7.54952e-14
8194 3
1 1.28786e-13
2 -7.99361e-15
3 -7.10543e-14
8196 3
1 1.35891e-13
2 6.21725e-15
3 -5.68434e-14
8198 3
1 1.69642e-13
2 1.15463e-14
3 -7.19425e-14
8200 3
1 1.50102e-13
2 4.44089e-15
3 -5.15143e-14
8202 3
1 1.65201e-13
2 3.28626e-14
3 -7.37188e-14
8204 3
1 1.43885e-13
2 -8.88178e-16
3 -6.57252e-14
8206 3
1 1.37668e-13
2 1.68754e-14
3 -7.28306e-14
8208 3
1 1.55431e-13
2 -2.66454e-15
3 -6.92779e-14
8210 3
1 1.40332e-13
2 3.55271e-15
3 -4.61853e-14
8212 3
1 1.43885e-13
2 7.99361e-15
3 -7.81597e-14
8214 3
1 1.61648e-13
2 -9.76996e-15
3 -8.08242e-14
8216 3
1 1.37668e-13
2 -1.5099e-14
3 -7.28306e-14
8218 3
1 1.53655e-13
2 -2.4869e-14
3 -5.9508e-14
8220 3
1 1.63425e-13
2 -1.06581e-14
3 -6.12843e-14
8222 3
1 1.66978e-13
2 -1.42109e-14
3 -5.32907e-14
8224 3
1 1.51879e-13
2 -9.76996e-15
3 -5.41789e-14
8226 3
1 1.63425e-13
2 -3.55271e-15
3 -4.17444e-14
8228 3
1 1.72307e-13
2 1.5099e-14
3 -4.44089e-14
8230 3
1 1.48326e-13
2 1.59872e-14
3 -6.03961e-14
8232 3
1 1.59872e-13
2 2.13163e-14
3 -6.12843e-14
8234 3
1 1.38556e-13
2 8.88178e-16
3 -4.26326e-14
8236 3
1 1.42997e-13
2 2.66454e-15
3 -6.75016e-14
8238 3
1 1.58984e-13
2 -4.44089e-15
3 -1.59872e-14
8240 3
1 1.35891e-13
2 1.95399e-14
3 -6.30607e-14
8242 3
1 1.43885e-13
2 -9.76996e-15
3 -5.32907e-14
8244 3
1 1.58096e-13
2 5.32907e-15
3 -5.32907e-14
8246 3
1 1.50102e-13
2 1.86517e-14
3 -6.75016e-14
8248 3
1 1.52767e-13
2 6.21725e-15
3 -5.86198e-14
8250 3
1 1.74083e-13
2 1.06581e-14
3 -6.39488e-14
8252 3
1 1.43885e-13
2 8.88178e-16
3 -5.41789e-14
8254 3
1 1.5099e-13
2 8.88178e-16
3 -5.50671e-14
8256 3
1 1.61648e-13
2 1.95399e-14
3 -6.75016e-14
8258 3
1 1.34115e-13
2 1.95399e-14
3 -4.17444e-14
8260 3
1 1.33227e-13
2 1.42109e-14
3 -5.86198e-14
8262 3
1 1.50102e-13
2 8.88178e-16
3 -3.90799e-14
8264 3
1 1.3145e-13
2 1.24345e-14
3 -6.30607e-14
8266 3
1 1.61648e-13
2 -2.66454e-15
3 -4.52971e-14
8268 3
1 1.33227e-13
2 1.24345e-14
3 -4.9738e-14
8270 3
1 1.64313e-13
2 -4.44089e-15
3 -7.28306e-14
8272 3
1 1.54543e-13
2 8.88178e-15
3 -5.24025e-14
8274 3
1 1.69642e-13
2 2.13163e-14
3 -7.4607e-14
8276 3
1 1.47438e-13
2 1.68754e-14
3 -4.17444e-14
8278 3
1 1.803e-13
2 1.59872e-14
3 -7.63833e-14
8280 3
1 1.50102e-13
2 1.42109e-14
3 -4.79616e-14
8282 3
1 1.44773e-13
2 1.86517e-14
3 -6.03961e-14
8284 3
1 1.4122e-13
2 -9.76996e-15
3 -7.4607e-14
8286 3
1 1.35891e-13
2 8.88178e-16
3 -7.10543e-14
8288 3
1 1.46549e-13
2 -6.21725e-15
3 -6.75016e-14
8290 3
1 1.51434e-13
2 4.44089e-15
3 -5.68434e-14
8292 3
1 1.38556e-13
2 2.39808e-14
3 -5.68434e-14
8294 3
1 1.31006e-13
2 2.30926e-14
3 -6.92779e-14
8296 3
1 1.28786e-13
2 1.77636e-14
3 -5.50671e-14
8298 3
1 1.56319e-13
2 3.19744e-14
3 -5.68434e-14
8300 3
1 1.32339e-13
2 4.08562e-14
3 -4.79616e-14
8302 3
1 1.59872e-13
2 2.13163e-14
3 -4.17444e-14
8304 3
1 1.46549e-13
2 3.10862e-14
3 -7.63833e-14
8306 3
1 1.3145e-13
2 1.42109e-14
3 -6.12843e-14
8308 3
1 1.20792e-13
2 5.32907e-15
3 -7.4607e-14
8310 3
1 1.35447e-13
2 3.55271e-15
3 -6.03961e-14
8312 3
1 1.30118e-13
2 1.59872e-14
3 -3.81917e-14
8314 3
1 1.22569e-13
2 3.64153e-14
3 -9.05942e-14
8316 3
1 1.22569e-13
2 2.93099e-14
3 -6.83897e-14
8318 3
1 1.2701e-13
2 1.59872e-14
3 -8.88178e-14
8320 3
1 1.24789e-13
2 2.57572e-14
3 -7.4607e-14
8322 3
1 1.69642e-13
2 1.5099e-14
3 -6.75016e-14
8324 3
1 1.4877e-13
2 2.30926e-14
3 -6.75016e-14
8326 3
1 1.32783e-13
2 2.57572e-14
3 -7.81597e-14
8328 3
1 1.15019e-13
2 3.73035e-14
3 -6.92779e-14
8330 3
1 1.2168e-13
2 -7.10543e-15
3 -7.81597e-14
8332 3
1 1.20792e-13
2 2.04281e-14
3 -4.61853e-14
8334 3
1 1.26121e-13
2 2.66454e-14
3 -7.19425e-14
8336 3
1 1.24345e-13
2 1.59872e-14
3 -7.01661e-14
8338 3
1 1.26565e-13
2 4.17444e-14
3 -9.68114e-14
8340 3
1 1.15463e-13
2 3.81917e-14
3 -5.32907e-14
8342 3
1 1.14131e-13
2 1.06581e-14
3 -8.61533e-14
8344 3
1 1.19904e-13
2 4.9738e-14
3 -8.70415e-14
8346 3
1 1.13243e-13
2 4.79616e-14
3 -7.81597e-14
8348 3
1 1.22569e-13
2 4.44089e-14
3 -9.23706e-14
8350 3
1 1.34115e-13
2 3.9968e-14
3 -8.08242e-14
8352 3
1 1.26121e-13
2 3.73035e-14
3 -6.4837e-14
8354 3
1 9.90319e-14
2 1.24345e-14
3 -7.63833e-14
8356 3
1 1.23457e-13
2 4.26326e-14
3 -8.79297e-14
8358 3
1 1.1191e-13
2 6.21725e-14
3 -1.04805e-13
8360 3
1 1.02141e-13
2 4.88498e-14
3 -9.68114e-14
8362 3
1 1.06581e-13
2 3.01981e-14
3 -9.14824e-14
8364 3
1 1.15019e-13
2 3.55271e-14
3 -1.13687e-13
8366 3
1 1.18572e-13
2 4.79616e-14
3 -9.23706e-14
8368 3
1 1.27898e-13
2 2.66454e-14
3 -9.68114e-14
8370 3
1 1.0747e-13
2 3.19744e-14
3 -9.14824e-14
8372 3
1 1.17684e-13
2 4.08562e-14
3 -7.4607e-14
8374 3
1 1.19904e-13
2 3.81917e-14
3 -1.00364e-13
8376 3
1 1.10134e-13
2 6.92779e-14
3 -8.34888e-14
8378 3
1 1.17684e-13
2 3.37508e-14
3 -1.06581e-13
8380 3
1 1.17684e-13
2 6.57252e-14
3 -1.03917e-13
8382 3
1 1.40776e-13
2 2.66454e-14
3 -1.01252e-13
8384 3
1 1.00364e-13
2 4.9738e-14
3 -1.03029e-13
8386 3
1 1.20792e-13
2 3.90799e-14
3 -9.05942e-14
8388 3
1 1.16351e-13
2 4.44089e-14
3 -8.88178e-14
8390 3
1 1.16351e-13
2 5.50671e-14
3 -1.06581e-13
8392 3
1 1.15019e-13
2 4.88498e-14
3 -8.26006e-14
8394 3
1 1.02141e-13
2 7.4607e-14
3 -8.17124e-14
8396 3
1 1.20348e-13
2 6.30607e-14
3 -7.81597e-14
8398 3
1 1.33227e-13
2 3.81917e-14
3 -6.92779e-14
8400 3
1 1.0747e-13
2 6.03961e-14
3 -7.19425e-14
8402 3
1 1.3145e-13
2 7.10543e-14
3 -8.79297e-14
8404 3
1 1.04805e-13
2 4.9738e-14
3 -7.10543e-14
8406 3
1 1.17684e-13
2 6.92779e-14
3 -7.99361e-14
8408 3
1 9.41469e-14
2 4.88498e-14
3 -7.01661e-14
8410 3
1 1.30562e-13
2 3.90799e-14
3 -7.4607e-14
8412 3
1 1.14575e-13
2 7.99361e-14
3 -5.15143e-14
8414 3
1 1.37224e-13
2 7.99361e-14
3 -6.03961e-14
8416 3
1 1.35891e-13
2 6.21725e-14
3 -8.52651e-14
8418 3
1 1.14131e-13
2 5.86198e-14
3 -8.17124e-14
8420 3
1 1.23457e-13
2 6.30607e-14
3 -6.92779e-14
8422 3
1 1.27454e-13
2 8.79297e-14
3 -9.41469e-14
8424 3
1 1.25233e-13
2 4.88498e-14
3 -8.26006e-14
8426 3
1 1.02585e-13
2 7.28306e-14
3 -5.06262e-14
8428 3
1 1.45661e-13
2 7.10543e-14
3 -8.08242e-14
8430 3
1 1.15463e-13
2 6.66134e-14
3 -8.70415e-14
8432 3
1 1.34115e-13
2 6.75016e-14
3 -7.19425e-14
8434 3
1 8.57092e-14
2 7.19425e-14
3 -9.23706e-14
8436 3
1 1.2701e-13
2 5.32907e-14
3 -9.41469e-14
8438 3
1 1.13243e-13
2 8.17124e-14
3 -8.88178e-14
8440 3
1 1.42997e-13
2 6.75016e-14
3 -9.14824e-14
8442 3
1 1.15463e-13
2 5.86198e-14
3 -9.59233e-14
8444 3
1 1.22569e-13
2 8.61533e-14
3 -8.61533e-14
8446 3
1 1.0747e-13
2 8.61533e-14
3 -7.10543e-14
8448 3
1 1.27454e-13
2 8.9706e-14
3 -8.17124e-14
8450 3
1 1.09246e-13
2 6.21725e-14
3 -8.52651e-14
8452 3
1 1.42997e-13
2 5.9508e-14
3 -7.81597e-14
8454 3
1 1.32339e-13
2 6.4837e-14
3 -4.44089e-14
8456 3
1 1.24345e-13
2 6.39488e-14
3 -9.85878e-14
8458 3
1 1.25233e-13
2 6.39488e-14
3 -7.90479e-14
8460 3
1 1.1946e-13
2 8.9706e-14
3 -8.70415e-14
8462 3
1 1.2168e-13
2 8.88178e-14
3 -7.99361e-14
8464 3
1 1.08358e-13
2 6.66134e-14
3 -9.23706e-14
8466 3
1 1.10578e-13
2 7.4607e-14
3 -1.0747e-13
8468 3
1 1.44773e-13
2 9.32587e-14
3 -9.41469e-14
8470 3
1 1.19904e-13
2 7.28306e-14
3 -9.05942e-14
8472 3
1 1.24345e-13
2 3.28626e-14
3 -1.03029e-13
8474 3
1 1.4122e-13
2 7.72715e-14
3 -9.14824e-14
8476 3
1 1.45661e-13
2 5.86198e-14
3 -7.19425e-14
8478 3
1 1.1724e-13
2 6.57252e-14
3 -6.83897e-14
8480 3
1 1.49214e-13
2 4.52971e-14
3 -1.0747e-13
8482 3
1 1.42109e-13
2 6.75016e-14
3 -7.72715e-14
8484 3
1 1.33227e-13
2 6.03961e-14
3 -9.32587e-14
8486 3
1 1.39888e-13
2 5.59552e-14
3 -7.28306e-14
8488 3
1 1.46549e-13
2 6.39488e-14
3 -1.00364e-13
8490 3
1 1.38556e-13
2 6.21725e-14
3 -8.52651e-14
8492 3
1 1.28786e-13
2 6.12843e-14
3 -1.12799e-13
8494 3
1 1.46994e-13
2 4.44089e-14
3 -1.10134e-13
8496 3
1 1.44773e-13
2 7.4607e-14
3 -9.23706e-14
8498 3
1 1.78524e-13
2 4.44089e-14
3 -9.76996e-14
8500 3
1 1.47438e-13
2 5.15143e-14
3 -8.70415e-14
8502 3
1 1.44773e-13
2 5.77316e-14
3 -9.32587e-14
8504 3
1 1.33227e-13
2 3.90799e-14
3 -8.70415e-14
8506 3
1 1.37668e-13
2 4.26326e-14
3 -8.34888e-14
8508 3
1 1.20792e-13
2 5.86198e-14
3 -9.68114e-14
8510 3
1 1.35891e-13
2 7.63833e-14
3 -8.79297e-14
8512 3
1 1.42997e-13
2 5.59552e-14
3 -1.01252e-13
8514 3
1 1.41664e-13
2 5.41789e-14
3 -1.2168e-13
8516 3
1 1.18128e-13
2 6.12843e-14
3 -9.68114e-14
8518 3
1 1.25233e-13
2 5.24025e-14
3 -1.10134e-13
8520 3
1 1.28342e-13
2 3.55271e-14
3 -7.63833e-14
8522 3
1 9.23706e-14
2 5.68434e-14
3 -1.03917e-13
8524 3
1 1.16795e-13
2 7.90479e-14
3 -1.1191e-13
8526 3
1 1.53655e-13
2 6.39488e-14
3 -1.08358e-13
8528 3
1 1.39e-13
2 3.73035e-14
3 -9.59233e-14
8530 3
1 1.33227e-13
2 6.75016e-14
3 -9.76996e-14
8532 3
1 1.16351e-13
2 5.50671e-14
3 -1.0747e-13
8534 3
1 1.25233e-13
2 6.21725e-14
3 -9.76996e-14
8536 3
1 1.15463e-13
2 5.86198e-14
3 -8.88178e-14
8538 3
1 1.31006e-13
2 6.39488e-14
3 -9.59233e-14
8540 3
1 1.27898e-13
2 6.03961e-14
3 -1.19016e-13
8542 3
1 1.22569e-13
2 7.99361e-14
3 -8.26006e-14
8544 3
1 1.35447e-13
2 8.70415e-14
3 -9.9476e-14
8546 3
1 1.0969e-13
2 4.61853e-14
3 -1.19016e-13
8548 3
1 7.06102e-14
2 5.24025e-14
3 -8.70415e-14
8550 3
1 1.22569e-13
2 7.10543e-14
3 -1.08358e-13
8552 3
1 1.14575e-13
2 4.70735e-14
3 -1.06581e-13
8554 3
1 8.83738e-14
2 5.24025e-14
3 -1.05693e-13
8556 3
1 1.26565e-13
2 7.81597e-14
3 -1.08358e-13
8558 3
1 1.26121e-13
2 6.57252e-14
3 -1.08358e-13
8560 3
1 1.45661e-13
2 5.50671e-14
3 -1.14575e-13
8562 3
1 1.38556e-13
2 5.59552e-14
3 -1.06581e-13
8564 3
1 1.25233e-13
2 5.41789e-14
3 -1.06581e-13
8566 3
1 1.26121e-13
2 6.21725e-14
3 -1.10134e-13
8568 3
1 1.1724e-13
2 6.75016e-14
3 -1.02141e-13
8570 3
1 1.05693e-13
2 6.4837e-14
3 -9.68114e-14
8572 3
1 1.2923e-13
2 6.12843e-14
3 -8.17124e-14
8574 3
1 1.09246e-13
2 4.79616e-14
3 -9.59233e-14
8576 3
1 1.19016e-13
2 5.77316e-14
3 -9.23706e-14
8578 3
1 1.24345e-13
2 4.08562e-14
3 -9.50351e-14
8580 3
1 1.02141e-13
2 6.75016e-14
3 -1.22569e-13
8582 3
1 1.1946e-13
2 5.15143e-14
3 -1.13687e-13
8584 3
1 1.15019e-13
2 7.81597e-14
3 -1.13687e-13
8586 3
1 1.21236e-13
2 5.77316e-14
3 -9.59233e-14
8588 3
1 1.30118e-13
2 4.61853e-14
3 -9.59233e-14
8590 3
1 1.27898e-13
2 6.92779e-14
3 -9.32587e-14
8592 3
1 1.23013e-13
2 6.21725e-14
3 -1.24345e-13
8594 3
1 1.47438e-13
2 5.32907e-14
3 -1.05693e-13
8596 3
1 8.26006e-14
2 8.17124e-14
3 -1.10134e-13
8598 3
1 1.42109e-13
2 7.81597e-14
3 -7.4607e-14
8600 3
1 1.18572e-13
2 5.32907e-14
3 -1.00364e-13
8602 3
1 1.25677e-13
2 6.03961e-14
3 -1.0747e-13
8604 3
1 1.0747e-13
2 4.26326e-14
3 -1.03029e-13
8606 3
1 1.32339e-13
2 7.90479e-14
3 -1.04805e-13
8608 3
1 1.1724e-13
2 6.66134e-14
3 -1.08358e-13
8610 3
1 1.2701e-13
2 6.39488e-14
3 -1.00364e-13
8612 3
1 1.27898e-13
2 7.28306e-14
3 -1.02141e-13
8614 3
1 9.37028e-14
2 8.34888e-14
3 -1.19016e-13
8616 3
1 1.23901e-13
2 8.34888e-14
3 -1.1191e-13
8618 3
1 1.22569e-13
2 6.57252e-14
3 -9.23706e-14
8620 3
1 1.34115e-13
2 7.10543e-14
3 -1.06581e-13
8622 3
1 1.06581e-13
2 5.86198e-14
3 -1.15463e-13
8624 3
1 1.01252e-13
2 6.57252e-14
3 -1.08358e-13
8626 3
1 1.51879e-13
2 7.99361e-14
3 -1.01252e-13
8628 3
1 1.06581e-13
2 6.39488e-14
3 -7.63833e-14
8630 3
1 1.10134e-13
2 6.57252e-14
3 -1.08358e-13
8632 3
1 1.10134e-13
2 5.32907e-14
3 -1.06581e-13
8634 3
1 1.22569e-13
2 7.81597e-14
3 -1.40332e-13
8636 3
1 1.3145e-13
2 8.52651e-14
3 -1.03029e-13
8638 3
1 1.15463e-13
2 6.75016e-14
3 -1.06581e-13
8640 3
1 1.03029e-13
2 8.34888e-14
3 -9.41469e-14
8642 3
1 1.15463e-13
2 7.99361e-14
3 -1.10134e-13
8644 3
1 1.45661e-13
2 7.10543e-14
3 -1.04805e-13
8646 3
1 1.16351e-13
2 7.4607e-14
3 -9.59233e-14
8648 3
1 9.50351e-14
2 6.03961e-14
3 -1.03029e-13
8650 3
1 8.70415e-14
2 7.99361e-14
3 -1.10134e-13
8652 3
1 9.32587e-14
2 8.88178e-14
3 -9.05942e-14
8654 3
1 1.05693e-13
2 6.92779e-14
3 -1.20792e-13
8656 3
1 9.41469e-14
2 5.50671e-14
3 -1.01252e-13
8658 3
1 1.26121e-13
2 8.61533e-14
3 -1.1724e-13
8660 3
1 1.24345e-13
2 6.03961e-14
3 -8.88178e-14
8662 3
1 1.19016e-13
2 6.92779e-14
3 -1.15463e-13
8664 3
1 1.24345e-13
2 5.86198e-14
3 -8.52651e-14
8666 3
1 1.42109e-13
2 5.24025e-14
3 -8.70415e-14
8668 3
1 1.27898e-13
2 5.32907e-14
3 -1.1724e-13
8670 3
1 1.08358e-13
2 4.26326e-14
3 -9.9476e-14
8672 3
1 1.23457e-13
2 6.39488e-14
3 -1.08358e-13
8674 3
1 1.1724e-13
2 7.63833e-14
3 -1.06581e-13
8676 3
1 1.3145e-13
2 7.54952e-14
3 -1.04805e-13
8678 3
1 1.10134e-13
2 7.63833e-14
3 -9.76996e-14
8680 3
1 1.19016e-13
2 4.9738e-14
3 -1.1191e-13
8682 3
1 9.68114e-14
2 5.68434e-14
3 -9.9476e-14
8684 3
1 1.26121e-13
2 4.44089e-14
3 -1.03029e-13
8686 3
1 1.11022e-13
2 5.59552e-14
3 -1.26121e-13
8688 3
1 1.22569e-13
2 4.26326e-14
3 -1.1191e-13
8690 3
1 1.35003e-13
2 4.35207e-14
3 -1.10134e-13
8692 3
1 1.14575e-13
2 6.39488e-14
3 -8.88178e-14
8694 3
1 1.33227e-13
2 3.55271e-14
3 -1.1191e-13
8696 3
1 9.05942e-14
2 4.26326e-14
3 -8.88178e-14
8698 3
1 1.20792e-13
2 5.15143e-14
3 -1.04805e-13
8700 3
1 1.36779e-13
2 3.90799e-14
3 -1.1724e-13
8702 3
1 9.41469e-14
2 4.35207e-14
3 -9.59233e-14
8704 3
1 1.19016e-13
2 4.70735e-14
3 -1.08358e-13
8706 3
1 1.20792e-13
2 4.61853e-14
3 -1.3145e-13
8708 3
1 1.32339e-13
2 5.15143e-14
3 -9.41469e-14
8710 3
1 1.11022e-13
2 4.79616e-14
3 -1.04805e-13
8712 3
1 1.13687e-13
2 4.9738e-14
3 -1.26121e-13
8714 3
1 1.29674e-13
2 4.61853e-14
3 -9.59233e-14
8716 3
1 1.29674e-13
2 4.9738e-14
3 -1.1724e-13
8718 3
1 1.26121e-13
2 5.15143e-14
3 -1.1724e-13
8720 3
1 1.25233e-13
2 6.39488e-14
3 -1.08358e-13
8722 3
1 1.11022e-13
2 4.70735e-14
3 -1.15463e-13
8724 3
1 1.40332e-13
2 6.75016e-14
3 -1.22569e-13
8726 3
1 1.0747e-13
2 7.10543e-14
3 -1.20792e-13
8728 3
1 1.10134e-13
2 5.50671e-14
3 -9.59233e-14
8730 3
1 1.37668e-13
2 8.34888e-14
3 -1.24345e-13
8732 3
1 1.42997e-13
2 6.92779e-14
3 -1.15463e-13
8734 3
1 9.9476e-14
2 5.24025e-14
3 -1.15463e-13
8736 3
1 1.30562e-13
2 7.10543e-14
3 -1.10134e-13
8738 3
1 1.42109e-13
2 6.92779e-14
3 -1.04805e-13
8740 3
1 1.59872e-13
2 6.21725e-14
3 -1.13687e-13
8742 3
1 1.49214e-13
2 6.30607e-14
3 -1.22569e-13
8744 3
1 1.28786e-13
2 7.4607e-14
3 -1.06581e-13
8746 3
1 1.15463e-13
2 5.15143e-14
3 -1.06581e-13
8748 3
1 1.29674e-13
2 3.90799e-14
3 -1.13687e-13
8750 3
1 1.35003e-13
2 6.75016e-14
3 -9.41469e-14
8752 3
1 1.1724e-13
2 7.10543e-14
3 -1.1724e-13
8754 3
1 1.33227e-13
2 7.19425e-14
3 -1.19904e-13
8756 3
1 1.36779e-13
2 6.03961e-14
3 -1.11022e-13
8758 3
1 1.42109e-13
2 5.50671e-14
3 -1.19016e-13
8760 3
1 1.58096e-13
2 6.57252e-14
3 -1.13687e-13
8762 3
1 1.22569e-13
2 7.4607e-14
3 -1.24345e-13
8764 3
1 1.26121e-13
2 4.61853e-14
3 -1.29674e-13
8766 3
1 1.43885e-13
2 4.52971e-14
3 -1.3145e-13
8768 3
1 1.2701e-13
2 7.28306e-14
3 -1.35003e-13
8770 3
1 1.35003e-13
2 5.06262e-14
3 -1.29674e-13
8772 3
1 1.5099e-13
2 5.68434e-14
3 -1.37668e-13
8774 3
1 1.19016e-13
2 4.52971e-14
3 -1.25233e-13
8776 3
1 1.35891e-13
2 6.75016e-14
3 -1.33227e-13
8778 3
1 1.49214e-13
2 6.57252e-14
3 -1.38556e-13
8780 3
1 1.45661e-13
2 6.57252e-14
3 -1.35003e-13
8782 3
1 1.25233e-13
2 8.17124e-14
3 -9.23706e-14
8784 3
1 1.4122e-13
2 5.68434e-14
3 -1.16351e-13
8786 3
1 1.47438e-13
2 5.32907e-14
3 -1.10134e-13
8788 3
1 1.50102e-13
2 7.99361e-14
3 -1.22569e-13
8790 3
1 1.5099e-13
2 5.68434e-14
3 -1.15463e-13
8792 3
1 1.46549e-13
2 8.26006e-14
3 -1.1724e-13
8794 3
1 1.63425e-13
2 5.77316e-14
3 -1.20792e-13
8796 3
1 1.16351e-13
2 8.88178e-14
3 -1.13687e-13
8798 3
1 1.29674e-13
2 7.37188e-14
3 -1.10134e-13
8800 3
1 1.26121e-13
2 6.66134e-14
3 -1.05693e-13
8802 3
1 1.38556e-13
2 5.06262e-14
3 -1.22569e-13
8804 3
1 1.42997e-13
2 6.21725e-14
3 -9.76996e-14
8806 3
1 1.5099e-13
2 5.68434e-14
3 -1.22569e-13
8808 3
1 1.33227e-13
2 6.30607e-14
3 -1.18128e-13
8810 3
1 1.26121e-13
2 4.9738e-14
3 -1.19016e-13
8812 3
1 1.38556e-13
2 6.57252e-14
3 -1.27898e-13
8814 3
1 1.45661e-13
2 7.4607e-14
3 -1.11022e-13
8816 3
1 1.35003e-13
2 5.59552e-14
3 -1.15463e-13
8818 3
1 1.19904e-13
2 6.03961e-14
3 -1.26121e-13
8820 3
1 1.10134e-13
2 8.08242e-14
3 -1.13687e-13
8822 3
1 1.46549e-13
2 6.92779e-14
3 -9.23706e-14
8824 3
1 1.40332e-13
2 8.08242e-14
3 -1.10134e-13
8826 3
1 1.48326e-13
2 7.37188e-14
3 -1.20792e-13
8828 3
1 9.9476e-14
2 7.10543e-14
3 -1.19904e-13
8830 3
1 1.48326e-13
2 9.05942e-14
3 -1.24345e-13
8832 3
1 1.49214e-13
2 9.32587e-14
3 -1.01252e-13
8834 3
1 1.2168e-13
2 9.32587e-14
3 -9.50351e-14
8836 3
1 1.32339e-13
2 7.10543e-14
3 -1.03029e-13
8838 3
1 1.24345e-13
2 9.68114e-14
3 -1.00364e-13
8840 3
1 1.34115e-13
2 6.92779e-14
3 -1.24345e-13
8842 3
1 1.54543e-13
2 8.61533e-14
3 -1.13687e-13
8844 3
1 1.2168e-13
2 7.54952e-14
3 -1.15463e-13
8846 3
1 1.3145e-13
2 7.10543e-14
3 -1.05693e-13
8848 3
1 1.40332e-13
2 8.79297e-14
3 -1.25233e-13
8850 3
1 1.43885e-13
2 9.32587e-14
3 -9.76996e-14
8852 3
1 1.24345e-13
2 9.05942e-14
3 -1.01252e-13
8854 3
1 1.1191e-13
2 1.02141e-13
3 -9.32587e-14
8856 3
1 9.50351e-14
2 1.19016e-13
3 -1.13687e-13
8858 3
1 1.33227e-13
2 1.00364e-13
3 -1.19016e-13
8860 3
1 1.37668e-13
2 9.41469e-14
3 -1.15463e-13
8862 3
1 1.42109e-13
2 1.03029e-13
3 -1.06581e-13
8864 3
1 1.52767e-13
2 1.01252e-13
3 -1.01252e-13
8866 3
1 1.33227e-13
2 9.9476e-14
3 -9.59233e-14
8868 3
1 1.2701e-13
2 8.17124e-14
3 -1.06581e-13
8870 3
1 1.27898e-13
2 1.19016e-13
3 -1.2168e-13
8872 3
1 1.19904e-13
2 6.83897e-14
3 -1.03029e-13
8874 3
1 1.51879e-13
2 8.9706e-14
3 -1.1724e-13
8876 3
1 1.50102e-13
2 7.99361e-14
3 -1.08358e-13
8878 3
1 1.42109e-13
2 8.79297e-14
3 -1.15463e-13
8880 3
1 1.23457e-13
2 6.30607e-14
3 -1.2701e-13
8882 3
1 1.27898e-13
2 8.61533e-14
3 -1.1724e-13
8884 3
1 1.56319e-13
2 8.34888e-14
3 -1.1191e-13
8886 3
1 1.48326e-13
2 8.70415e-14
3 -9.59233e-14
8888 3
1 1.5099e-13
2 9.76996e-14
3 -1.15463e-13
8890 3
1 1.3145e-13
2 7.90479e-14
3 -1.00364e-13
8892 3
1 1.22569e-13
2 7.90479e-14
3 -1.00364e-13
8894 3
1 1.34115e-13
2 1.04805e-13
3 -1.22569e-13
8896 3
1 1.55431e-13
2 7.81597e-14
3 -9.05942e-14
8898 3
1 1.35003e-13
2 7.19425e-14
3 -1.00364e-13
8900 3
1 1.37668e-13
2 6.92779e-14
3 -1.26121e-13
8902 3
1 1.43885e-13
2 5.59552e-14
3 -1.20792e-13
8904 3
1 1.40332e-13
2 8.17124e-14
3 -9.85878e-14
8906 3
1 1.49214e-13
2 8.26006e-14
3 -1.03029e-13
8908 3
1 1.35003e-13
2 1.18128e-13
3 -1.02141e-13
8910 3
1 1.43885e-13
2 9.41469e-14
3 -1.10134e-13
8912 3
1 1.1724e-13
2 1.13687e-13
3 -1.1724e-13
8914 3
1 1.58096e-13
2 9.14824e-14
3 -9.76996e-14
8916 3
1 1.58096e-13
2 1.08358e-13
3 -1.50102e-13
8918 3
1 1.4122e-13
2 9.76996e-14
3 -1.16351e-13
8920 3
1 1.59872e-13
2 1.01252e-13
3 -1.14575e-13
8922 3
1 1.58096e-13
2 1.01252e-13
3 -1.22569e-13
8924 3
1 1.19904e-13
2 9.50351e-14
3 -9.41469e-14
8926 3
1 1.42109e-13
2 1.03029e-13
3 -1.24345e-13
8928 3
1 1.35003e-13
2 9.05942e-14
3 -1.10134e-13
8930 3
1 1.35891e-13
2 1.06581e-13
3 -1.19904e-13
8932 3
1 1.44773e-13
2 1.03917e-13
3 -8.08242e-14
8934 3
1 1.38556e-13
2 7.90479e-14
3 -1.14575e-13
8936 3
1 1.52767e-13
2 8.61533e-14
3 -1.1724e-13
8938 3
1 1.39444e-13
2 7.01661e-14
3 -9.05942e-14
8940 3
1 1.47438e-13
2 7.37188e-14
3 -9.68114e-14
8942 3
1 1.4122e-13
2 9.23706e-14
3 -1.01252e-13
8944 3
1 1.27898e-13
2 6.66134e-14
3 -8.52651e-14
8946 3
1 1.52767e-13
2 6.39488e-14
3 -9.23706e-14
8948 3
1 1.51879e-13
2 8.70415e-14
3 -1.04805e-13
8950 3
1 1.42109e-13
2 9.23706e-14
3 -1.13687e-13
8952 3
1 1.44773e-13
2 9.32587e-14
3 -9.14824e-14
8954 3
1 1.68754e-13
2 7.01661e-14
3 -9.76996e-14
8956 3
1 1.49214e-13
2 7.99361e-14
3 -1.03917e-13
8958 3
1 1.58096e-13
2 1.11022e-13
3 -1.09246e-13
8960 3
1 1.6076e-13
2 7.81597e-14
3 -9.05942e-14
8962 3
1 1.47438e-13
2 6.39488e-14
3 -9.05942e-14
8964 3
1 1.33227e-13
2 8.43769e-14
3 -1.10134e-13
8966 3
1 1.26121e-13
2 8.17124e-14
3 -1.10134e-13
8968 3
1 1.45661e-13
2 7.90479e-14
3 -1.19016e-13
8970 3
1 1.59872e-13
2 7.01661e-14
3 -1.01252e-13
8972 3
1 1.49214e-13
2 7.81597e-14
3 -1.1724e-13
8974 3
1 1.50102e-13
2 8.52651e-14
3 -1.24345e-13
8976 3
1 1.6076e-13
2 9.41469e-14
3 -1.27898e-13
8978 3
1 1.65201e-13
2 7.72715e-14
3 -1.22569e-13
8980 3
1 1.63425e-13
2 7.4607e-14
3 -1.1724e-13
8982 3
1 1.64313e-13
2 9.50351e-14
3 -1.13687e-13
8984 3
1 1.34115e-13
2 7.28306e-14
3 -9.59233e-14
8986 3
1 1.42109e-13
2 4.61853e-14
3 -1.1724e-13
8988 3
1 1.66089e-13
2 6.83897e-14
3 -1.03029e-13
8990 3
1 1.66978e-13
2 7.54952e-14
3 -1.08358e-13
8992 3
1 1.29674e-13
2 7.19425e-14
3 -1.04805e-13
8994 3
1 1.18128e-13
2 7.54952e-14
3 -1.1724e-13
8996 3
1 1.3145e-13
2 7.63833e-14
3 -1.13687e-13
8998 3
1 1.58096e-13
2 9.14824e-14
3 -1.15463e-13
9000 3
1 1.42109e-13
2 6.92779e-14
3 -1.1191e-13
9002 3
1 1.63425e-13
2 7.54952e-14
3 -1.1191e-13
9004 3
1 1.43885e-13
2 6.12843e-14
3 -1.1724e-13
9006 3
1 1.46549e-13
2 7.4607e-14
3 -1.03029e-13
9008 3
1 1.45661e-13
2 9.9476e-14
3 -1.04805e-13
9010 3
1 1.38556e-13
2 7.28306e-14
3 -1.06581e-13
9012 3
1 1.46549e-13
2 9.59233e-14
3 -1.06581e-13
9014 3
1 1.35891e-13
2 7.4607e-14
3 -1.27898e-13
9016 3
1 1.19904e-13
2 9.59233e-14
3 -1.24345e-13
9018 3
1 1.38556e-13
2 7.63833e-14
3 -1.10134e-13
9020 3
1 1.18128e-13
2 7.4607e-14
3 -1.03029e-13
9022 3
1 1.18128e-13
2 6.66134e-14
3 -1.20792e-13
9024 3
1 1.28786e-13
2 9.59233e-14
3 -1.06581e-13
9026 3
1 1.1724e-13
2 9.14824e-14
3 -1.35003e-13
9028 3
1 1.36779e-13
2 8.26006e-14
3 -1.1724e-13
9030 3
1 1.04805e-13
2 8.61533e-14
3 -1.19016e-13
9032 3
1 1.19904e-13
2 7.28306e-14
3 -1.24345e-13
9034 3
1 1.3145e-13
2 9.76996e-14
3 -9.9476e-14
9036 3
1 1.39444e-13
2 8.52651e-14
3 -1.3145e-13
9038 3
1 1.36779e-13
2 9.9476e-14
3 -1.22569e-13
9040 3
1 1.43885e-13
2 7.63833e-14
3 -1.26121e-13
9042 3
1 1.1724e-13
2 8.52651e-14
3 -9.23706e-14
9044 3
1 1.44773e-13
2 5.24025e-14
3 -1.3145e-13
9046 3
1 1.1724e-13
2 8.26006e-14
3 -1.1191e-13
9048 3
1 1.25233e-13
2 8.26006e-14
3 -1.1191e-13
9050 3
1 1.2701e-13
2 6.03961e-14
3 -1.08358e-13
9052 3
1 1.27898e-13
2 8.34888e-14
3 -1.03029e-13
9054 3
1 1.4122e-13
2 6.12843e-14
3 -1.03029e-13
9056 3
1 1.32339e-13
2 7.72715e-14
3 -9.9476e-14
9058 3
1 1.25233e-13
2 5.59552e-14
3 -1.29674e-13
9060 3
1 1.40332e-13
2 3.9968e-14
3 -1.1724e-13
9062 3
1 1.35003e-13
2 5.86198e-14
3 -1.22569e-13
9064 3
1 1.38556e-13
2 4.61853e-14
3 -1.24345e-13
9066 3
1 1.34115e-13
2 5.59552e-14
3 -9.59233e-14
9068 3
1 1.29674e-13
2 4.61853e-14
3 -1.19016e-13
9070 3
1 1.38556e-13
2 3.90799e-14
3 -1.19016e-13
9072 3
1 1.33227e-13
2 3.55271e-14
3 -1.06581e-13
9074 3
1 1.35003e-13
2 4.52971e-14
3 -1.1724e-13
9076 3
1 1.42109e-13
2 4.70735e-14
3 -1.26121e-13
9078 3
1 1.29674e-13
2 5.15143e-14
3 -1.20792e-13
9080 3
1 1.45661e-13
2 1.5099e-14
3 -1.06581e-13
9082 3
1 1.13687e-13
2 5.50671e-14
3 -1.10134e-13
9084 3
1 1.40332e-13
2 2.4869e-14
3 -1.35003e-13
9086 3
1 1.43885e-13
2 3.90799e-14
3 -1.3145e-13
9088 3
1 1.40332e-13
2 5.24025e-14
3 -1.24345e-13
9090 3
1 1.33227e-13
2 4.08562e-14
3 -1.1191e-13
9092 3
1 1.27898e-13
2 4.26326e-14
3 -9.59233e-14
9094 3
1 1.27898e-13
2 1.86517e-14
3 -1.20792e-13
9096 3
1 1.72307e-13
2 4.26326e-14
3 -1.1724e-13
9098 3
1 1.56319e-13
2 4.08562e-14
3 -1.20792e-13
9100 3
1 1.45661e-13
2 3.10862e-14
3 -1.20792e-13
9102 3
1 1.45661e-13
2 4.08562e-14
3 -1.20792e-13
9104 3
1 1.72307e-13
2 4.9738e-14
3 -1.1191e-13
9106 3
1 1.61648e-13
2 4.88498e-14
3 -9.9476e-14
9108 3
1 1.49214e-13
2 5.68434e-14
3 -1.24345e-13
9110 3
1 1.49214e-13
2 1.15463e-14
3 -1.03029e-13
9112 3
1 1.5099e-13
2 3.19744e-14
3 -1.04805e-13
9114 3
1 1.61648e-13
2 2.84217e-14
3 -9.76996e-14
9116 3
1 1.66978e-13
2 2.75335e-14
3 -1.08358e-13
9118 3
1 1.49214e-13
2 3.9968e-14
3 -1.08358e-13
9120 3
1 1.52767e-13
2 2.30926e-14
3 -1.06581e-13
9122 3
1 1.45661e-13
2 2.39808e-14
3 -1.0747e-13
9124 3
1 1.59872e-13
2 4.26326e-14
3 -9.76996e-14
9126 3
1 1.56319e-13
2 2.93099e-14
3 -1.1724e-13
9128 3
1 1.52767e-13
2 2.22045e-14
3 -1.15463e-13
9130 3
1 1.36779e-13
2 3.37508e-14
3 -9.85878e-14
9132 3
1 1.42109e-13
2 -2.66454e-15
3 -1.08358e-13
9134 3
1 1.54543e-13
2 1.77636e-14
3 -1.1191e-13
9136 3
1 1.47438e-13
2 1.77636e-15
3 -9.23706e-14
9138 3
1 1.3145e-13
2 1.06581e-14
3 -8.88178e-14
9140 3
1 1.49214e-13
2 2.04281e-14
3 -9.68114e-14
9142 3
1 1.5099e-13
2 2.4869e-14
3 -9.68114e-14
9144 3
1 1.42109e-13
2 1.59872e-14
3 -1.01252e-13
9146 3
1 1.61648e-13
2 1.5099e-14
3 -1.1191e-13
9148 3
1 1.54543e-13
2 1.5099e-14
3 -1.1191e-13
9150 3
1 1.61648e-13
2 -1.77636e-15
3 -9.41469e-14
9152 3
1 1.22569e-13
2 -4.44089e-15
3 -1.11022e-13
9154 3
1 1.43885e-13
2 2.93099e-14
3 -9.85878e-14
9156 3
1 1.49214e-13
2 2.13163e-14
3 -9.23706e-14
9158 3
1 1.36779e-13
2 1.42109e-14
3 -1.10134e-13
9160 3
1 1.68754e-13
2 -7.10543e-15
3 -8.34888e-14
9162 3
1 1.35003e-13
2 1.15463e-14
3 -8.9706e-14
9164 3
1 1.49214e-13
2 1.24345e-14
3 -1.1724e-13
9166 3
1 1.45661e-13
2 8.88178e-15
3 -1.03029e-13
9168 3
1 1.77636e-13
2 -1.06581e-14
3 -9.32587e-14
9170 3
1 1.42109e-13
2 -8.88178e-16
3 -8.08242e-14
9172 3
1 1.45661e-13
2 -2.66454e-15
3 -1.03029e-13
9174 3
1 1.42109e-13
2 -8.88178e-15
3 -9.32587e-14
9176 3
1 1.40332e-13
2 1.06581e-14
3 -1.15463e-13
9178 3
1 1.5099e-13
2 -1.06581e-14
3 -1.19016e-13
9180 3
1 1.52767e-13
2 3.55271e-15
3 -1.14575e-13
9182 3
1 1.45661e-13
2 -1.59872e-14
3 -9.76996e-14
9184 3
1 1.54543e-13
2 -2.93099e-14
3 -7.63833e-14
9186 3
1 1.75859e-13
2 -1.77636e-15
3 -1.01252e-13
9188 3
1 1.65201e-13
2 -2.66454e-15
3 -8.17124e-14
9190 3
1 1.52767e-13
2 -3.90799e-14
3 -1.10134e-13
9192 3
1 1.38556e-13
2 -4.44089e-15
3 -1.14575e-13
9194 3
1 1.38556e-13
2 -1.06581e-14
3 -1.01252e-13
9196 3
1 1.63425e-13
2 -1.77636e-14
3 -1.22569e-13
9198 3
1 1.77636e-13
2 0
3 -1.11022e-13
9200 3
1 1.56319e-13
2 -1.5099e-14
3 -1.1724e-13
9202 3
1 1.63425e-13
2 -1.59872e-14
3 -1.0747e-13
9204 3
1 1.45661e-13
2 -1.24345e-14
3 -9.59233e-14
9206 3
1 1.61648e-13
2 2.66454e-15
3 -1.03029e-13
9208 3
1 1.38556e-13
2 -2.13163e-14
3 -9.9476e-14
9210 3
1 1.56319e-13
2 -3.10862e-14
3 -1.1191e-13
9212 3
1 1.45661e-13
2 -2.22045e-14
3 -9.41469e-14
9214 3
1 1.33227e-13
2 -1.06581e-14
3 -1.04805e-13
9216 3
1 1.47438e-13
2 1.15463e-14
3 -9.41469e-14
9218 3
1 1.38556e-13
2 -1.42109e-14
3 -1.24345e-13
9220 3
1 1.36779e-13
2 -3.9968e-14
3 -1.18128e-13
9222 3
1 1.38556e-13
2 6.21725e-15
3 -1.13687e-13
9224 3
1 1.63425e-13
2 -9.76996e-15
3 -1.36779e-13
9226 3
1 1.59872e-13
2 5.32907e-15
3 -1.32339e-13
9228 3
1 1.42109e-13
2 -5.32907e-15
3 -1.22569e-13
9230 3
1 1.36779e-13
2 -1.95399e-14
3 -1.35003e-13
9232 3
1 1.5099e-13
2 -1.86517e-14
3 -1.33227e-13
9234 3
1 1.13687e-13
2 9.76996e-15
3 -1.24345e-13
9236 3
1 1.47438e-13
2 2.66454e-15
3 -1.20792e-13
9238 3
1 1.40332e-13
2 -2.66454e-15
3 -9.9476e-14
9240 3
1 1.52767e-13
2 -3.55271e-15
3 -1.42109e-13
9242 3
1 1.61648e-13
2 0
3 -1.36779e-13
9244 3
1 1.26121e-13
2 -1.68754e-14
3 -1.1724e-13
9246 3
1 1.65201e-13
2 1.15463e-14
3 -1.24345e-13
9248 3
1 1.65201e-13
2 6.21725e-15
3 -1.20792e-13
9250 3
1 1.5099e-13
2 -7.99361e-15
3 -1.37668e-13
9252 3
1 1.58096e-13
2 5.32907e-15
3 -1.33227e-13
9254 3
1 1.43885e-13
2 -8.88178e-15
3 -1.3145e-13
9256 3
1 1.49214e-13
2 1.42109e-14
3 -1.23457e-13
9258 3
1 1.68754e-13
2 -1.77636e-14
3 -1.23457e-13
9260 3
1 1.38556e-13
2 -5.32907e-15
3 -1.44773e-13
9262 3
1 1.40332e-13
2 3.55271e-15
3 -1.22569e-13
9264 3
1 1.45661e-13
2 7.99361e-15
3 -1.15463e-13
9266 3
1 1.74083e-13
2 3.55271e-15
3 -1.24345e-13
9268 3
1 1.63425e-13
2 -1.77636e-14
3 -1.20792e-13
9270 3
1 1.54543e-13
2 -2.4869e-14
3 -1.19904e-13
9272 3
1 1.36779e-13
2 -1.33227e-14
3 -1.06581e-13
9274 3
1 1.42109e-13
2 -1.77636e-15
3 -1.27898e-13
9276 3
1 1.45661e-13
2 -1.77636e-14
3 -1.13687e-13
9278 3
1 1.47438e-13
2 -1.15463e-14
3 -1.08358e-13
9280 3
1 1.08358e-13
2 5.32907e-15
3 -1.1191e-13
9282 3
1 1.3145e-13
2 -1.5099e-14
3 -1.19904e-13
9284 3
1 1.40332e-13
2 -1.24345e-14
3 -1.04805e-13
9286 3
1 1.45661e-13
2 -1.5099e-14
3 -1.14575e-13
9288 3
1 1.35003e-13
2 -2.13163e-14
3 -1.1191e-13
9290 3
1 1.4122e-13
2 -3.55271e-15
3 -1.19016e-13
9292 3
1 1.29674e-13
2 -3.55271e-15
3 -1.3145e-13
9294 3
1 1.66978e-13
2 -7.10543e-15
3 -1.2168e-13
9296 3
1 1.14575e-13
2 -1.95399e-14
3 -1.14575e-13
9298 3
1 1.2701e-13
2 -1.42109e-14
3 -1.03917e-13
9300 3
1 1.37668e-13
2 -2.04281e-14
3 -1.11022e-13
9302 3
1 1.52767e-13
2 -1.95399e-14
3 -9.68114e-14
9304 3
1 1.3145e-13
2 -1.59872e-14
3 -1.11022e-13
9306 3
1 1.42109e-13
2 -5.32907e-15
3 -1.08358e-13
9308 3
1 1.28786e-13
2 -2.13163e-14
3 -1.10134e-13
9310 3
1 1.34115e-13
2 -2.84217e-14
3 -1.19016e-13
9312 3
1 1.32339e-13
2 -2.04281e-14
3 -1.22569e-13
9314 3
1 1.42109e-13
2 -2.75335e-14
3 -1.20792e-13
9316 3
1 1.19904e-13
2 -2.04281e-14
3 -1.14575e-13
9318 3
1 1.09246e-13
2 -3.10862e-14
3 -1.13687e-13
9320 3
1 1.44773e-13
2 -1.95399e-14
3 -1.19904e-13
9322 3
1 1.34115e-13
2 -1.24345e-14
3 -1.1191e-13
9324 3
1 1.35003e-13
2 -2.66454e-14
3 -1.23457e-13
9326 3
1 1.39444e-13
2 -8.88178e-15
3 -1.18128e-13
9328 3
1 1.42109e-13
2 -1.42109e-14
3 -1.19016e-13
9330 3
1 1.3145e-13
2 -1.59872e-14
3 -1.3145e-13
9332 3
1 1.2168e-13
2 -1.59872e-14
3 -1.28786e-13
9334 3
1 1.42109e-13
2 -2.30926e-14
3 -1.40332e-13
9336 3
1 1.14575e-13
2 -2.04281e-14
3 -1.27898e-13
9338 3
1 1.34115e-13
2 -1.95399e-14
3 -1.29674e-13
9340 3
1 1.54543e-13
2 -2.22045e-14
3 -1.47438e-13
9342 3
1 1.46549e-13
2 -2.04281e-14
3 -1.48326e-13
9344 3
1 1.40332e-13
2 -2.84217e-14
3 -1.2701e-13
9346 3
1 1.39444e-13
2 -2.66454e-14
3 -1.26121e-13
9348 3
1 1.3145e-13
2 -1.06581e-14
3 -1.47438e-13
9350 3
1 1.54543e-13
2 -2.75335e-14
3 -1.01252e-13
9352 3
1 1.06581e-13
2 5.32907e-15
3 -1.26121e-13
9354 3
1 1.42109e-13
2 -1.42109e-14
3 -1.26121e-13
9356 3
1 1.43885e-13
2 -1.68754e-14
3 -1.20792e-13
9358 3
1 1.27898e-13
2 -2.93099e-14
3 -1.3145e-13
9360 3
1 1.58096e-13
2 -2.4869e-14
3 -1.35003e-13
9362 3
1 1.49214e-13
2 -2.57572e-14
3 -1.32339e-13
9364 3
1 1.42109e-13
2 4.44089e-15
3 -1.23457e-13
9366 3
1 1.65201e-13
2 -1.95399e-14
3 -1.5099e-13
9368 3
1 1.36779e-13
2 4.44089e-15
3 -1.39444e-13
9370 3
1 1.52767e-13
2 -1.95399e-14
3 -1.35003e-13
9372 3
1 1.42109e-13
2 -3.55271e-15
3 -1.29674e-13
9374 3
1 1.38556e-13
2 1.33227e-14
3 -1.20792e-13
9376 3
1 1.5099e-13
2 -1.68754e-14
3 -1.29674e-13
9378 3
1 1.54543e-13
2 -1.15463e-14
3 -1.10134e-13
9380 3
1 1.56319e-13
2 1.68754e-14
3 -1.26121e-13
9382 3
1 1.59872e-13
2 1.42109e-14
3 -1.19016e-13
9384 3
1 1.52767e-13
2 -6.21725e-15
3 -1.13687e-13
9386 3
1 1.79412e-13
2 -5.32907e-15
3 -1.40332e-13
9388 3
1 1.43885e-13
2 -2.57572e-14
3 -1.25233e-13
9390 3
1 1.19016e-13
2 -1.06581e-14
3 -1.36779e-13
9392 3
1 1.42109e-13
2 2.66454e-15
3 -1.24345e-13
9394 3
1 1.40332e-13
2 -1.77636e-14
3 -1.13687e-13
9396 3
1 1.29674e-13
2 -1.95399e-14
3 -1.13687e-13
9398 3
1 1.7053e-13
2 7.10543e-15
3 -1.10134e-13
9400 3
1 1.33227e-13
2 3.55271e-15
3 -1.08358e-13
9402 3
1 1.19016e-13
2 -1.33227e-14
3 -1.4122e-13
9404 3
1 1.26121e-13
2 -2.57572e-14
3 -1.32339e-13
9406 3
1 1.40332e-13
2 -8.88178e-15
3 -1.26121e-13
9408 3
1 1.45661e-13
2 -1.24345e-14
3 -1.3145e-13
9410 3
1 1.35003e-13
2 -2.22045e-14
3 -1.27898e-13
9412 3
1 1.36779e-13
2 -2.93099e-14
3 -1.46549e-13
9414 3
1 1.59872e-13
2 -2.57572e-14
3 -1.16351e-13
9416 3
1 1.40332e-13
2 -3.4639e-14
3 -1.30562e-13
9418 3
1 1.24345e-13
2 -4.44089e-14
3 -1.1724e-13
9420 3
1 1.24345e-13
2 -5.32907e-15
3 -1.52767e-13
9422 3
1 1.40332e-13
2 6.21725e-15
3 -1.27898e-13
9424 3
1 1.15463e-13
2 -2.57572e-14
3 -1.13687e-13
9426 3
1 1.3145e-13
2 -2.57572e-14
3 -1.40332e-13
9428 3
1 1.45661e-13
2 -3.37508e-14
3 -1.20792e-13
9430 3
1 1.7053e-13
2 -3.81917e-14
3 -1.35003e-13
9432 3
1 1.35003e-13
2 -1.33227e-14
3 -1.38556e-13
9434 3
1 1.33227e-13
2 -2.84217e-14
3 -1.36779e-13
9436 3
1 1.35003e-13
2 -7.99361e-15
3 -1.22569e-13
9438 3
1 1.42109e-13
2 -1.95399e-14
3 -1.3145e-13
9440 3
1 1.42109e-13
2 -3.19744e-14
3 -1.24345e-13
9442 3
1 1.24345e-13
2 -3.55271e-14
3 -1.43885e-13
9444 3
1 1.58096e-13
2 -3.37508e-14
3 -1.42997e-13
9446 3
1 1.35003e-13
2 -4.61853e-14
3 -1.20792e-13
9448 3
1 1.49214e-13
2 -2.57572e-14
3 -1.1724e-13
9450 3
1 1.38556e-13
2 -3.10862e-14
3 -1.16351e-13
9452 3
1 1.43885e-13
2 -2.30926e-14
3 -1.37668e-13
9454 3
1 1.42109e-13
2 -3.90799e-14
3 -1.43885e-13
9456 3
1 1.24345e-13
2 -3.01981e-14
3 -1.36779e-13
9458 3
1 1.42109e-13
2 -4.70735e-14
3 -1.1724e-13
9460 3
1 1.36779e-13
2 -5.24025e-14
3 -1.25233e-13
9462 3
1 1.59872e-13
2 -3.01981e-14
3 -1.28786e-13
9464 3
1 1.54543e-13
2 -3.9968e-14
3 -1.19016e-13
9466 3
1 1.52767e-13
2 -4.61853e-14
3 -1.5099e-13
9468 3
1 1.49214e-13
2 -1.68754e-14
3 -1.35003e-13
9470 3
1 1.40332e-13
2 -4.79616e-14
3 -1.20792e-13
9472 3
1 1.38556e-13
2 -1.77636e-14
3 -1.36779e-13
9474 3
1 1.42109e-13
2 -5.41789e-14
3 -1.29674e-13
9476 3
1 1.52767e-13
2 -4.08562e-14
3 -1.34115e-13
9478 3
1 1.49214e-13
2 -4.08562e-14
3 -1.45661e-13
9480 3
1 1.36779e-13
2 -5.59552e-14
3 -1.30562e-13
9482 3
1 1.1724e-13
2 -4.52971e-14
3 -1.42109e-13
9484 3
1 1.54543e-13
2 -3.81917e-14
3 -1.48326e-13
9486 3
1 1.42109e-13
2 -3.55271e-14
3 -1.2168e-13
9488 3
1 1.36779e-13
2 -3.9968e-14
3 -1.06581e-13
9490 3
1 1.36779e-13
2 -5.50671e-14
3 -1.3145e-13
9492 3
1 1.52767e-13
2 -4.26326e-14
3 -1.58096e-13
9494 3
1 1.7053e-13
2 -5.77316e-14
3 -1.35003e-13
9496 3
1 1.36779e-13
2 -2.66454e-14
3 -1.38556e-13
9498 3
1 1.42109e-13
2 -6.30607e-14
3 -1.58096e-13
9500 3
1 1.52767e-13
2 -5.68434e-14
3 -1.23457e-13
9502 3
1 1.65201e-13
2 -5.68434e-14
3 -1.45661e-13
9504 3
1 1.81188e-13
2 -5.06262e-14
3 -1.45661e-13
9506 3
1 1.7053e-13
2 -5.24025e-14
3 -1.54543e-13
9508 3
1 1.56319e-13
2 -4.61853e-14
3 -1.57208e-13
9510 3
1 1.5099e-13
2 -3.37508e-14
3 -1.40332e-13
9512 3
1 1.5099e-13
2 -4.88498e-14
3 -1.47438e-13
9514 3
1 1.59872e-13
2 -5.24025e-14
3 -1.45661e-13
9516 3
1 1.66978e-13
2 -5.15143e-14
3 -1.47438e-13
9518 3
1 1.5099e-13
2 -6.12843e-14
3 -1.52767e-13
9520 3
1 1.5099e-13
2 -3.55271e-14
3 -1.52767e-13
9522 3
1 1.61648e-13
2 -3.01981e-14
3 -1.57208e-13
9524 3
1 1.66978e-13
2 -2.57572e-14
3 -1.5099e-13
9526 3
1 1.49214e-13
2 -3.81917e-14
3 -1.51879e-13
9528 3
1 1.61648e-13
2 -5.86198e-14
3 -1.42997e-13
9530 3
1 1.40332e-13
2 -5.15143e-14
3 -1.63425e-13
9532 3
1 1.63425e-13
2 -3.37508e-14
3 -1.30562e-13
9534 3
1 1.56319e-13
2 -4.35207e-14
3 -1.72307e-13
9536 3
1 1.38556e-13
2 -4.88498e-14
3 -1.4122e-13
9538 3
1 1.27898e-13
2 -5.86198e-14
3 -1.29674e-13
9540 3
1 1.61648e-13
2 -6.92779e-14
3 -1.5099e-13
9542 3
1 1.43885e-13
2 -6.39488e-14
3 -1.26121e-13
9544 3
1 1.61648e-13
2 -7.90479e-14
3 -1.43885e-13
9546 3
1 1.52767e-13
2 -6.66134e-14
3 -1.42109e-13
9548 3
1 1.58096e-13
2 -7.01661e-14
3 -1.27898e-13
9550 3
1 1.56319e-13
2 -5.50671e-14
3 -1.47438e-13
9552 3
1 1.58096e-13
2 -4.35207e-14
3 -1.52767e-13
9554 3
1 1.56319e-13
2 -6.83897e-14
3 -1.46549e-13
9556 3
1 1.49214e-13
2 -4.61853e-14
3 -1.52767e-13
9558 3
1 1.3145e-13
2 -4.70735e-14
3 -1.50102e-13
9560 3
1 1.5099e-13
2 -6.57252e-14
3 -1.34115e-13
9562 3
1 1.52767e-13
2 -4.61853e-14
3 -1.33227e-13
9564 3
1 1.77636e-13
2 -6.4837e-14
3 -1.77636e-13
9566 3
1 1.38556e-13
2 -5.41789e-14
3 -1.3145e-13
9568 3
1 1.42109e-13
2 -4.79616e-14
3 -1.50102e-13
9570 3
1 1.43885e-13
2 -5.32907e-14
3 -1.42997e-13
9572 3
1 1.5099e-13
2 -6.92779e-14
3 -1.58984e-13
9574 3
1 1.56319e-13
2 -6.4837e-14
3 -1.54543e-13
9576 3
1 1.54543e-13
2 -5.32907e-14
3 -1.61648e-13
9578 3
1 1.49214e-13
2 -3.73035e-14
3 -1.49214e-13
9580 3
1 1.63425e-13
2 -4.44089e-14
3 -1.5099e-13
9582 3
1 1.43885e-13
2 -5.68434e-14
3 -1.35891e-13
9584 3
1 1.52767e-13
2 -1.68754e-14
3 -1.62537e-13
9586 3
1 1.35003e-13
2 -2.4869e-14
3 -1.69642e-13
9588 3
1 1.56319e-13
2 -4.79616e-14
3 -1.43885e-13
9590 3
1 1.58096e-13
2 -3.81917e-14
3 -1.62537e-13
9592 3
1 1.61648e-13
2 -3.90799e-14
3 -1.54543e-13
9594 3
1 1.52767e-13
2 -3.37508e-14
3 -1.52767e-13
9596 3
1 1.59872e-13
2 -5.32907e-14
3 -1.61648e-13
9598 3
1 1.58096e-13
2 -3.90799e-14
3 -1.58984e-13
9600 3
1 1.61648e-13
2 -3.4639e-14
3 -1.51879e-13
9602 3
1 1.75859e-13
2 -4.70735e-14
3 -1.54543e-13
9604 3
1 1.52767e-13
2 -2.66454e-14
3 -1.45661e-13
9606 3
1 1.65201e-13
2 -3.55271e-14
3 -1.59872e-13
9608 3
1 1.84741e-13
2 -3.19744e-14
3 -1.58096e-13
9610 3
1 1.45661e-13
2 -1.95399e-14
3 -1.59872e-13
9612 3
1 1.47438e-13
2 -3.37508e-14
3 -1.53655e-13
9614 3
1 1.47438e-13
2 -1.77636e-14
3 -1.52767e-13
9616 3
1 1.81188e-13
2 -1.95399e-14
3 -1.59872e-13
9618 3
1 1.52767e-13
2 -5.06262e-14
3 -1.58096e-13
9620 3
1 1.42109e-13
2 -3.64153e-14
3 -1.54543e-13
9622 3
1 1.59872e-13
2 -3.73035e-14
3 -1.7053e-13
9624 3
1 1.65201e-13
2 -2.57572e-14
3 -1.58984e-13
9626 3
1 1.49214e-13
2 -5.50671e-14
3 -1.61648e-13
9628 3
1 1.72307e-13
2 -3.55271e-14
3 -1.5099e-13
9630 3
1 1.5099e-13
2 -5.24025e-14
3 -1.48326e-13
9632 3
1 1.86517e-13
2 -4.9738e-14
3 -1.45661e-13
9634 3
1 1.61648e-13
2 -2.04281e-14
3 -1.38556e-13
9636 3
1 1.59872e-13
2 -3.73035e-14
3 -1.56319e-13
9638 3
1 1.52767e-13
2 -1.77636e-14
3 -1.50102e-13
9640 3
1 1.74083e-13
2 -3.37508e-14
3 -1.54543e-13
9642 3
1 1.47438e-13
2 -2.57572e-14
3 -1.56319e-13
9644 3
1 1.38556e-13
2 -3.73035e-14
3 -1.52767e-13
9646 3
1 1.45661e-13
2 -2.57572e-14
3 -1.66978e-13
9648 3
1 1.5099e-13
2 -3.55271e-14
3 -1.45661e-13
9650 3
1 1.68754e-13
2 -4.52971e-14
3 -1.63425e-13
9652 3
1 1.54543e-13
2 -3.01981e-14
3 -1.58096e-13
9654 3
1 1.61648e-13
2 -1.95399e-14
3 -1.54543e-13
9656 3
1 1.54543e-13
2 -1.95399e-14
3 -1.44773e-13
9658 3
1 1.66978e-13
2 -2.93099e-14
3 -1.63425e-13
9660 3
1 1.5099e-13
2 -3.4639e-14
3 -1.35003e-13
9662 3
1 1.38556e-13
2 -2.13163e-14
3 -1.35003e-13
9664 3
1 1.7053e-13
2 -3.55271e-14
3 -1.3145e-13
9666 3
1 1.63425e-13
2 -1.06581e-14
3 -1.42109e-13
9668 3
1 1.53655e-13
2 -3.19744e-14
3 -1.45661e-13
9670 3
1 1.56319e-13
2 -4.08562e-14
3 -1.49214e-13
9672 3
1 1.6076e-13
2 -2.30926e-14
3 -1.39444e-13
9674 3
1 1.42997e-13
2 -8.88178e-16
3 -1.44773e-13
9676 3
1 1.74083e-13
2 -2.57572e-14
3 -1.39444e-13
9678 3
1 1.66978e-13
2 -3.37508e-14
3 -1.45661e-13
9680 3
1 1.65201e-13
2 -4.9738e-14
3 -1.35003e-13
9682 3
1 1.54543e-13
2 -8.88178e-15
3 -1.49214e-13
9684 3
1 2.03393e-13
2 -2.39808e-14
3 -1.30562e-13
9686 3
1 1.69642e-13
2 -3.73035e-14
3 -1.37668e-13
9688 3
1 1.94511e-13
2 -3.4639e-14
3 -1.44773e-13
9690 3
1 1.67866e-13
2 -7.10543e-15
3 -1.30562e-13
9692 3
1 1.72307e-13
2 -2.93099e-14
3 -1.56319e-13
9694 3
1 1.56319e-13
2 -3.19744e-14
3 -1.47438e-13
9696 3
1 1.59872e-13
2 -5.32907e-15
3 -1.65201e-13
9698 3
1 1.59872e-13
2 -1.42109e-14
3 -1.58096e-13
9700 3
1 1.74083e-13
2 -2.30926e-14
3 -1.56319e-13
9702 3
1 1.4122e-13
2 -1.15463e-14
3 -1.67866e-13
9704 3
1 1.43885e-13
2 -3.90799e-14
3 -1.59872e-13
9706 3
1 1.76748e-13
2 -5.24025e-14
3 -1.5099e-13
9708 3
1 1.81188e-13
2 -2.4869e-14
3 -1.39444e-13
9710 3
1 1.78524e-13
2 -1.77636e-14
3 -1.47438e-13
9712 3
1 1.74971e-13
2 -5.41789e-14
3 -1.62537e-13
9714 3
1 1.57208e-13
2 -5.59552e-14
3 -1.36779e-13
9716 3
1 1.71418e-13
2 -4.61853e-14
3 -1.55431e-13
9718 3
1 1.37668e-13
2 -2.93099e-14
3 -1.62537e-13
9720 3
1 1.59872e-13
2 -3.10862e-14
3 -1.52767e-13
9722 3
1 1.9007e-13
2 -3.9968e-14
3 -1.52767e-13
9724 3
1 1.59872e-13
2 -2.66454e-14
3 -1.58096e-13
9726 3
1 1.68754e-13
2 -2.66454e-14
3 -1.45661e-13
9728 3
1 1.61648e-13
2 -4.17444e-14
3 -1.39444e-13
9730 3
1 1.96287e-13
2 -1.95399e-14
3 -1.59872e-13
9732 3
1 1.77636e-13
2 -5.32907e-15
3 -1.52767e-13
9734 3
1 1.66089e-13
2 -2.75335e-14
3 -1.59872e-13
9736 3
1 1.6076e-13
2 -3.10862e-14
3 -1.3145e-13
9738 3
1 1.65201e-13
2 -4.70735e-14
3 -1.36779e-13
9740 3
1 1.53655e-13
2 -6.21725e-15
3 -1.33227e-13
9742 3
1 1.82077e-13
2 -2.04281e-14
3 -1.32339e-13
9744 3
1 1.86517e-13
2 -3.37508e-14
3 -1.4122e-13
9746 3
1 1.88294e-13
2 8.88178e-16
3 -1.51879e-13
9748 3
1 1.49214e-13
2 -1.95399e-14
3 -1.26121e-13
9750 3
1 1.46549e-13
2 -5.32907e-15
3 -1.37668e-13
9752 3
1 1.7053e-13
2 -2.39808e-14
3 -1.19016e-13
9754 3
1 1.51879e-13
2 -4.26326e-14
3 -1.42997e-13
9756 3
1 1.42997e-13
2 -2.4869e-14
3 -1.35003e-13
9758 3
1 1.57208e-13
2 -1.59872e-14
3 -1.33227e-13
9760 3
1 1.55431e-13
2 -1.77636e-15
3 -1.34115e-13
9762 3
1 1.47438e-13
2 5.32907e-15
3 -1.38556e-13
9764 3
1 1.68754e-13
2 -2.30926e-14
3 -1.22569e-13
9766 3
1 1.44773e-13
2 -1.42109e-14
3 -1.19016e-13
9768 3
1 1.47438e-13
2 -8.88178e-15
3 -1.18128e-13
9770 3
1 1.59872e-13
2 0
3 -1.2168e-13
9772 3
1 1.45661e-13
2 -1.15463e-14
3 -1.11022e-13
9774 3
1 1.45661e-13
2 -2.4869e-14
3 -1.1724e-13
9776 3
1 1.38556e-13
2 8.88178e-16
3 -1.03029e-13
9778 3
1 1.79412e-13
2 -1.77636e-14
3 -1.30562e-13
9780 3
1 1.66978e-13
2 -2.66454e-15
3 -1.29674e-13
9782 3
1 1.57208e-13
2 -1.24345e-14
3 -1.3145e-13
9784 3
1 1.50102e-13
2 -3.81917e-14
3 -1.33227e-13
9786 3
1 1.49214e-13
2 -2.75335e-14
3 -1.20792e-13
9788 3
1 1.53211e-13
2 -2.4869e-14
3 -1.37668e-13
9790 3
1 1.54099e-13
2 -1.77636e-14
3 -1.40332e-13
9792 3
1 1.7053e-13
2 -2.13163e-14
3 -1.47438e-13
9794 3
1 1.72307e-13
2 9.76996e-15
3 -1.35003e-13
9796 3
1 1.803e-13
2 -3.01981e-14
3 -1.29674e-13
9798 3
1 1.63425e-13
2 -2.13163e-14
3 -1.42109e-13
9800 3
1 1.59872e-13
2 -4.44089e-15
3 -1.4122e-13
9802 3
1 1.52767e-13
2 8.88178e-16
3 -1.5099e-13
9804 3
1 1.66533e-13
2 -7.10543e-15
3 -1.38556e-13
9806 3
1 1.52767e-13
2 7.10543e-15
3 -1.12799e-13
9808 3
1 1.53211e-13
2 3.55271e-15
3 -1.42109e-13
9810 3
1 1.61648e-13
2 -1.33227e-14
3 -1.53655e-13
9812 3
1 1.45217e-13
2 -2.66454e-15
3 -1.75859e-13
9814 3
1 1.40332e-13
2 -7.10543e-15
3 -1.45661e-13
9816 3
1 1.7808e-13
2 -6.21725e-15
3 -1.54543e-13
9818 3
1 1.54987e-13
2 -2.66454e-14
3 -1.3145e-13
9820 3
1 1.66978e-13
2 -1.15463e-14
3 -1.38556e-13
9822 3
1 1.7053e-13
2 -4.44089e-15
3 -1.27898e-13
9824 3
1 1.5099e-13
2 -3.28626e-14
3 -1.43885e-13
9826 3
1 1.85629e-13
2 -7.10543e-15
3 -1.23457e-13
9828 3
1 1.64313e-13
2 -8.88178e-16
3 -1.29674e-13
9830 3
1 1.63425e-13
2 -4.44089e-15
3 -1.47438e-13
9832 3
1 1.59872e-13
2 -1.42109e-14
3 -1.40332e-13
9834 3
1 1.61648e-13
2 -8.88178e-15
3 -1.27898e-13
9836 3
1 1.75859e-13
2 8.88178e-16
3 -1.38556e-13
9838 3
1 1.72307e-13
2 -1.24345e-14
3 -1.42997e-13
9840 3
1 1.803e-13
2 5.32907e-15
3 -1.35003e-13
9842 3
1 1.46549e-13
2 -2.66454e-14
3 -1.47438e-13
9844 3
1 1.58096e-13
2 7.99361e-15
3 -1.28786e-13
9846 3
1 1.47438e-13
2 1.5099e-14
3 -1.47438e-13
9848 3
1 1.59428e-13
2 -2.84217e-14
3 -1.48326e-13
9850 3
1 1.35003e-13
2 -1.42109e-14
3 -1.43885e-13
9852 3
1 1.75859e-13
2 -1.59872e-14
3 -1.37668e-13
9854 3
1 1.76748e-13
2 -1.42109e-14
3 -1.59872e-13
9856 3
1 1.64313e-13
2 -2.66454e-15
3 -1.2168e-13
9858 3
1 1.66089e-13
2 1.06581e-14
3 -1.40332e-13
9860 3
1 1.68754e-13
2 -1.95399e-14
3 -1.2701e-13
9862 3
1 1.43885e-13
2 7.99361e-15
3 -1.38556e-13
9864 3
1 1.7053e-13
2 2.84217e-14
3 -1.49214e-13
9866 3
1 1.84741e-13
2 -3.55271e-15
3 -1.40332e-13
9868 3
1 1.62537e-13
2 -2.66454e-15
3 -1.36779e-13
9870 3
1 1.64313e-13
2 1.06581e-14
3 -1.45661e-13
9872 3
1 1.71418e-13
2 0
3 -1.40332e-13
9874 3
1 1.68754e-13
2 -7.10543e-15
3 -1.43885e-13
9876 3
1 1.57208e-13
2 -2.93099e-14
3 -1.36779e-13
9878 3
1 1.63425e-13
2 6.21725e-15
3 -1.29674e-13
9880 3
1 1.72307e-13
2 -7.99361e-15
3 -1.27898e-13
9882 3
1 1.54543e-13
2 -2.66454e-15
3 -1.24345e-13
9884 3
1 1.5099e-13
2 -6.21725e-15
3 -1.15463e-13
9886 3
1 1.61648e-13
2 1.77636e-15
3 -1.45661e-13
9888 3
1 1.54543e-13
2 -2.66454e-15
3 -1.39444e-13
9890 3
1 1.67866e-13
2 -1.24345e-14
3 -1.32339e-13
9892 3
1 1.58096e-13
2 -2.30926e-14
3 -1.30562e-13
9894 3
1 1.55431e-13
2 -9.76996e-15
3 -1.43885e-13
9896 3
1 1.74083e-13
2 -2.30926e-14
3 -1.3145e-13
9898 3
1 1.75859e-13
2 -7.10543e-15
3 -1.20792e-13
9900 3
1 1.78524e-13
2 -3.01981e-14
3 -1.59872e-13
9902 3
1 1.57652e-13
2 -1.24345e-14
3 -1.26121e-13
9904 3
1 1.72307e-13
2 0
3 -1.39444e-13
9906 3
1 1.78524e-13
2 1.77636e-14
3 -1.45661e-13
9908 3
1 1.72307e-13
2 1.68754e-14
3 -1.35003e-13
9910 3
1 1.62981e-13
2 2.4869e-14
3 -1.32339e-13
9912 3
1 1.71863e-13
2 1.77636e-14
3 -1.4122e-13
9914 3
1 1.43885e-13
2 -2.04281e-14
3 -1.22569e-13
9916 3
1 1.6831e-13
2 -2.75335e-14
3 -1.37668e-13
9918 3
1 1.52767e-13
2 -4.44089e-14
3 -1.45661e-13
9920 3
1 1.57208e-13
2 -1.33227e-14
3 -1.47438e-13
9922 3
1 1.51879e-13
2 1.5099e-14
3 -1.42997e-13
9924 3
1 1.74527e-13
2 -2.13163e-14
3 -1.53655e-13
9926 3
1 1.50546e-13
2 1.59872e-14
3 -1.57208e-13
9928 3
1 1.45217e-13
2 -8.88178e-15
3 -1.36779e-13
9930 3
1 1.69642e-13
2 1.42109e-14
3 -1.29674e-13
9932 3
1 1.65645e-13
2 1.77636e-14
3 -1.58096e-13
9934 3
1 1.53655e-13
2 -1.77636e-14
3 -1.49214e-13
9936 3
1 1.73195e-13
2 -1.95399e-14
3 -1.52767e-13
9938 3
1 1.83853e-13
2 -2.39808e-14
3 -1.38556e-13
9940 3
1 1.74083e-13
2 -3.19744e-14
3 -1.27898e-13
9942 3
1 1.55875e-13
2 -2.66454e-14
3 -1.49214e-13
9944 3
1 1.61648e-13
2 -1.33227e-14
3 -1.46549e-13
9946 3
1 1.63425e-13
2 -1.68754e-14
3 -1.63425e-13
9948 3
1 1.63425e-13
2 -4.08562e-14
3 -1.33227e-13
9950 3
1 1.58984e-13
2 -2.57572e-14
3 -1.52767e-13
9952 3
1 1.47438e-13
2 -4.35207e-14
3 -1.52767e-13
9954 3
1 1.64313e-13
2 -1.42109e-14
3 -1.49214e-13
9956 3
1 1.59872e-13
2 -2.22045e-14
3 -1.38556e-13
9958 3
1 1.46549e-13
2 -1.59872e-14
3 -1.29674e-13
9960 3
1 1.33227e-13
2 -3.01981e-14
3 -1.34115e-13
9962 3
1 1.62981e-13
2 -1.95399e-14
3 -1.47438e-13
9964 3
1 1.47438e-13
2 -9.76996e-15
3 -1.49214e-13
9966 3
1 1.56319e-13
2 -2.13163e-14
3 -1.52767e-13
9968 3
1 1.37668e-13
2 -3.37508e-14
3 -1.39444e-13
9970 3
1 1.23457e-13
2 -2.13163e-14
3 -1.35003e-13
9972 3
1 1.40332e-13
2 -2.66454e-14
3 -1.32339e-13
9974 3
1 1.51879e-13
2 -1.24345e-14
3 -1.36779e-13
9976 3
1 1.57208e-13
2 -2.4869e-14
3 -1.35891e-13
9978 3
1 1.803e-13
2 -2.30926e-14
3 -1.24345e-13
9980 3
1 1.39888e-13
2 -5.32907e-15
3 -1.47438e-13
9982 3
1 1.42109e-13
2 -2.13163e-14
3 -1.52767e-13
9984 3
1 1.30562e-13
2 -1.68754e-14
3 -1.35003e-13
9986 3
1 1.59428e-13
2 -2.04281e-14
3 -1.54543e-13
9988 3
1 1.47438e-13
2 -1.06581e-14
3 -1.51879e-13
9990 3
1 1.5099e-13
2 -1.95399e-14
3 -1.42109e-13
9992 3
1 1.43885e-13
2 -3.19744e-14
3 -1.63425e-13
9994 3
1 1.56763e-13
2 3.55271e-15
3 -1.50102e-13
9996 3
1 1.40332e-13
2 -2.22045e-14
3 -1.54543e-13
9998 3
1 1.4122e-13
2 2.66454e-14
3 -1.32339e-13
10000 3
1 1.37224e-13
2 -1.15463e-14
3 -1.48326e-13
10002 3
1 1.2168e-13
2 -5.32907e-15
3 -1.62537e-13
10004 3
1 1.38556e-13
2 -5.24025e-14
3 -1.5099e-13
10006 3
1 1.28342e-13
2 0
3 -1.56319e-13
10008 3
1 1.42997e-13
2 -4.08562e-14
3 -1.54543e-13
10010 3
1 1.34115e-13
2 -1.06581e-14
3 -1.57208e-13
10012 3
1 1.36779e-13
2 -1.15463e-14
3 -1.49214e-13
10014 3
1 1.35891e-13
2 -7.99361e-15
3 -1.57208e-13
10016 3
1 1.26121e-13
2 -2.30926e-14
3 -1.65201e-13
10018 3
1 1.34559e-13
2 -2.66454e-14
3 -1.56319e-13
10020 3
1 1.27898e-13
2 -6.21725e-15
3 -1.65201e-13
10022 3
1 1.06581e-13
2 -2.13163e-14
3 -1.54543e-13
10024 3
1 1.2701e-13
2 -4.52971e-14
3 -1.56319e-13
10026 3
1 1.61648e-13
2 -2.75335e-14
3 -1.54543e-13
10028 3
1 1.27898e-13
2 -4.44089e-15
3 -1.71418e-13
10030 3
1 1.37668e-13
2 -3.90799e-14
3 -1.68754e-13
10032 3
1 1.28786e-13
2 -3.4639e-14
3 -1.53655e-13
10034 3
1 1.51434e-13
2 -8.88178e-15
3 -1.66978e-13
10036 3
1 1.19904e-13
2 -4.79616e-14
3 -1.77636e-13
10038 3
1 1.32339e-13
2 -2.66454e-14
3 -1.63425e-13
10040 3
1 1.41664e-13
2 -3.73035e-14
3 -1.47438e-13
10042 3
1 1.57208e-13
2 -5.24025e-14
3 -1.56319e-13
10044 3
1 1.49214e-13
2 -1.95399e-14
3 -1.58096e-13
10046 3
1 1.22569e-13
2 -3.37508e-14
3 -1.75859e-13
10048 3
1 1.27898e-13
2 -4.35207e-14
3 -1.72307e-13
10050 3
1 1.47438e-13
2 -3.9968e-14
3 -1.58096e-13
10052 3
1 1.42997e-13
2 -4.44089e-14
3 -1.77636e-13
10054 3
1 1.28786e-13
2 -3.73035e-14
3 -1.77636e-13
10056 3
1 1.30562e-13
2 -2.93099e-14
3 -1.81188e-13
10058 3
1 1.56763e-13
2 -4.61853e-14
3 -1.81188e-13
10060 3
1 1.37224e-13
2 -4.88498e-14
3 -1.74083e-13
10062 3
1 1.3145e-13
2 -5.32907e-14
3 -1.73195e-13
10064 3
1 1.39888e-13
2 -3.90799e-14
3 -1.72307e-13
10066 3
1 1.20792e-13
2 -4.70735e-14
3 -1.75859e-13
10068 3
1 1.64313e-13
2 -3.01981e-14
3 -1.61648e-13
10070 3
1 1.55875e-13
2 -3.28626e-14
3 -1.82077e-13
10072 3
1 1.65201e-13
2 -8.88178e-14
3 -1.84741e-13
10074 3
1 1.63869e-13
2 -5.32907e-14
3 -1.82965e-13
10076 3
1 1.50102e-13
2 -5.50671e-14
3 -1.68754e-13
10078 3
1 1.49658e-13
2 -4.44089e-14
3 -1.91847e-13
10080 3
1 1.49214e-13
2 -4.88498e-14
3 -1.81188e-13
10082 3
1 1.37668e-13
2 -4.9738e-14
3 -1.65201e-13
10084 3
1 1.42997e-13
2 -4.17444e-14
3 -1.88294e-13
10086 3
1 1.54099e-13
2 -5.86198e-14
3 -1.63425e-13
10088 3
1 1.56319e-13
2 -4.70735e-14
3 -1.79412e-13
10090 3
1 1.54543e-13
2 -4.79616e-14
3 -1.72307e-13
10092 3
1 1.42997e-13
2 -5.32907e-14
3 -1.61648e-13
10094 3
1 1.1191e-13
2 -3.55271e-14
3 -1.82965e-13
10096 3
1 1.47438e-13
2 -2.84217e-14
3 -1.61648e-13
10098 3
1 1.4122e-13
2 -4.52971e-14
3 -1.57208e-13
10100 3
1 1.64757e-13
2 -3.55271e-14
3 -1.63425e-13
10102 3
1 1.64313e-13
2 -4.88498e-14
3 -1.78524e-13
10104 3
1 1.32339e-13
2 -4.52971e-14
3 -1.59872e-13
10106 3
1 1.30118e-13
2 -4.08562e-14
3 -1.56319e-13
10108 3
1 1.35891e-13
2 -7.01661e-14
3 -1.74083e-13
10110 3
1 1.32339e-13
2 -3.10862e-14
3 -1.71418e-13
10112 3
1 1.42109e-13
2 -4.79616e-14
3 -1.78524e-13
10114 3
1 1.38556e-13
2 -1.95399e-14
3 -1.68754e-13
10116 3
1 1.30118e-13
2 -5.24025e-14
3 -1.71418e-13
10118 3
1 1.19904e-13
2 -4.44089e-14
3 -1.74971e-13
10120 3
1 1.42997e-13
2 -4.9738e-14
3 -1.6076e-13
10122 3
1 1.40332e-13
2 -5.68434e-14
3 -1.81188e-13
10124 3
1 1.28786e-13
2 -5.59552e-14
3 -1.59872e-13
10126 3
1 1.22569e-13
2 -4.79616e-14
3 -1.43885e-13
10128 3
1 1.54099e-13
2 -4.52971e-14
3 -1.84741e-13
10130 3
1 1.3145e-13
2 -7.28306e-14
3 -1.98952e-13
10132 3
1 1.30562e-13
2 -4.44089e-14
3 -1.81188e-13
10134 3
1 1.46105e-13
2 -3.28626e-14
3 -1.77636e-13
10136 3
1 1.43885e-13
2 -5.86198e-14
3 -1.66978e-13
10138 3
1 1.36779e-13
2 -6.12843e-14
3 -1.66089e-13
10140 3
1 1.43885e-13
2 -7.28306e-14
3 -1.90958e-13
10142 3
1 1.23013e-13
2 -3.64153e-14
3 -1.72307e-13
10144 3
1 1.43441e-13
2 -4.44089e-14
3 -1.74971e-13
10146 3
1 1.27898e-13
2 -5.9508e-14
3 -1.84741e-13
10148 3
1 1.12799e-13
2 -7.28306e-14
3 -1.54543e-13
10150 3
1 1.42997e-13
2 -6.12843e-14
3 -1.68754e-13
10152 3
1 1.35003e-13
2 -6.57252e-14
3 -1.68754e-13
10154 3
1 1.13687e-13
2 -6.21725e-14
3 -1.7053e-13
10156 3
1 1.62537e-13
2 -7.63833e-14
3 -1.9007e-13
10158 3
1 1.36779e-13
2 -5.15143e-14
3 -1.7053e-13
10160 3
1 1.58984e-13
2 -4.08562e-14
3 -1.93623e-13
10162 3
1 1.42109e-13
2 -3.37508e-14
3 -1.79412e-13
10164 3
1 1.49214e-13
2 -2.39808e-14
3 -1.82965e-13
10166 3
1 1.47438e-13
2 -5.15143e-14
3 -1.7053e-13
10168 3
1 1.25233e-13
2 -4.26326e-14
3 -1.74083e-13
10170 3
1 1.43441e-13
2 -2.93099e-14
3 -1.74083e-13
10172 3
1 1.43885e-13
2 -4.79616e-14
3 -1.82965e-13
10174 3
1 1.53655e-13
2 -3.55271e-14
3 -1.77636e-13
10176 3
1 1.50102e-13
2 -5.15143e-14
3 -1.77636e-13
10178 3
1 1.47438e-13
2 -3.81917e-14
3 -1.51879e-13
10180 3
1 1.63869e-13
2 -2.57572e-14
3 -1.97176e-13
10182 3
1 1.49214e-13
2 -4.9738e-14
3 -1.65201e-13
10184 3
1 1.66533e-13
2 -3.4639e-14
3 -1.63425e-13
10186 3
1 1.61648e-13
2 -4.17444e-14
3 -1.66978e-13
10188 3
1 1.40332e-13
2 -4.08562e-14
3 -1.95399e-13
10190 3
1 1.85629e-13
2 -6.03961e-14
3 -1.64313e-13
10192 3
1 1.74971e-13
2 -5.15143e-14
3 -1.81188e-13
10194 3
1 1.58984e-13
2 -4.26326e-14
3 -1.86517e-13
10196 3
1 1.59872e-13
2 -6.03961e-14
3 -1.84741e-13
10198 3
1 1.73195e-13
2 -1.59872e-14
3 -1.82077e-13
10200 3
1 1.61648e-13
2 -4.9738e-14
3 -1.83853e-13
10202 3
1 1.62981e-13
2 -6.4837e-14
3 -1.89182e-13
10204 3
1 1.59872e-13
2 -4.26326e-14
3 -1.96287e-13
10206 3
1 1.67866e-13
2 -2.66454e-14
3 -1.9007e-13
10208 3
1 1.66089e-13
2 -4.88498e-14
3 -1.98952e-13
10210 3
1 1.75859e-13
2 -5.68434e-14
3 -1.69642e-13
10212 3
1 1.52323e-13
2 -3.90799e-14
3 -1.77636e-13
10214 3
1 1.5099e-13
2 -4.52971e-14
3 -1.96287e-13
10216 3
1 1.70974e-13
2 -5.77316e-14
3 -1.91847e-13
10218 3
1 1.86517e-13
2 -6.21725e-14
3 -1.91847e-13
10220 3
1 1.56319e-13
2 -5.15143e-14
3 -1.81188e-13
10222 3
1 1.68754e-13
2 -5.24025e-14
3 -1.72307e-13
10224 3
1 1.71863e-13
2 -5.50671e-14
3 -1.75859e-13
10226 3
1 1.73639e-13
2 -6.57252e-14
3 -1.76748e-13
10228 3
1 1.67866e-13
2 -3.90799e-14
3 -1.87406e-13
10230 3
1 1.63425e-13
2 -4.70735e-14
3 -1.49214e-13
10232 3
1 1.5099e-13
2 -7.4607e-14
3 -1.81188e-13
10234 3
1 1.62093e-13
2 -5.77316e-14
3 -1.76748e-13
10236 3
1 1.66533e-13
2 -7.10543e-14
3 -1.79412e-13
10238 3
1 1.62537e-13
2 -8.08242e-14
3 -1.74083e-13
10240 3
1 1.60316e-13
2 -6.39488e-14
3 -1.9007e-13
10242 3
1 1.4877e-13
2 -8.34888e-14
3 -1.89182e-13
10244 3
1 1.59872e-13
2 -7.4607e-14
3 -1.93623e-13
10246 3
1 1.74527e-13
2 -6.92779e-14
3 -1.67866e-13
10248 3
1 1.78968e-13
2 -6.92779e-14
3 -1.77636e-13
10250 3
1 1.71863e-13
2 -9.23706e-14
3 -1.82965e-13
10252 3
1 1.86517e-13
2 -9.05942e-14
3 -1.76748e-13
10254 3
1 1.94511e-13
2 -8.61533e-14
3 -1.81188e-13
10256 3
1 1.98952e-13
2 -6.75016e-14
3 -1.65201e-13
10258 3
1 1.85629e-13
2 -7.4607e-14
3 -1.79412e-13
10260 3
1 1.69642e-13
2 -9.23706e-14
3 -1.63425e-13
10262 3
1 1.89626e-13
2 -6.39488e-14
3 -1.72307e-13
10264 3
1 1.78524e-13
2 -8.70415e-14
3 -1.58096e-13
10266 3
1 1.85629e-13
2 -6.66134e-14
3 -1.66978e-13
10268 3
1 1.52767e-13
2 -9.76996e-14
3 -1.84741e-13
10270 3
1 1.75415e-13
2 -8.08242e-14
3 -1.66978e-13
10272 3
1 1.97176e-13
2 -6.75016e-14
3 -1.82965e-13
10274 3
1 1.83409e-13
2 -7.28306e-14
3 -1.83853e-13
10276 3
1 1.76303e-13
2 -6.75016e-14
3 -1.84741e-13
10278 3
1 1.9007e-13
2 -1.04805e-13
3 -1.94511e-13
10280 3
1 1.80744e-13
2 -8.9706e-14
3 -1.85629e-13
10282 3
1 1.94955e-13
2 -6.66134e-14
3 -1.91847e-13
10284 3
1 1.98952e-13
2 -1.13687e-13
3 -1.90958e-13
10286 3
1 2.02061e-13
2 -1.06581e-13
3 -1.72307e-13
10288 3
1 2.04725e-13
2 -1.19904e-13
3 -1.58984e-13
10290 3
1 1.94511e-13
2 -1.05693e-13
3 -2.01617e-13
10292 3
1 1.77636e-13
2 -9.59233e-14
3 -1.87406e-13
10294 3
1 1.88294e-13
2 -8.70415e-14
3 -1.91847e-13
10296 3
1 1.88294e-13
2 -9.68114e-14
3 -1.95399e-13
10298 3
1 1.87406e-13
2 -8.17124e-14
3 -1.95399e-13
10300 3
1 1.91847e-13
2 -8.70415e-14
3 -1.95399e-13
10302 3
1 1.93623e-13
2 -1.20792e-13
3 -1.9007e-13
10304 3
1 1.83853e-13
2 -7.99361e-14
3 -2.03393e-13
10306 3
1 1.82965e-13
2 -9.41469e-14
3 -2.06946e-13
10308 3
1 1.9984e-13
2 -1.2168e-13
3 -1.76748e-13
10310 3
1 1.83853e-13
2 -1.09246e-13
3 -1.82077e-13
10312 3
1 1.79412e-13
2 -1.23457e-13
3 -1.89182e-13
10314 3
1 1.95399e-13
2 -1.2168e-13
3 -1.93623e-13
10316 3
1 1.82965e-13
2 -1.12799e-13
3 -1.81188e-13
10318 3
1 1.88294e-13
2 -1.30562e-13
3 -1.77636e-13
10320 3
1 1.97176e-13
2 -1.00364e-13
3 -1.72307e-13
10322 3
1 1.95399e-13
2 -1.15463e-13
3 -1.68754e-13
10324 3
1 1.79412e-13
2 -9.85878e-14
3 -2.00728e-13
10326 3
1 1.85629e-13
2 -1.19016e-13
3 -1.76748e-13
10328 3
1 1.77636e-13
2 -1.14575e-13
3 -1.79412e-13
10330 3
1 1.87406e-13
2 -1.15463e-13
3 -1.53655e-13
10332 3
1 1.84741e-13
2 -8.61533e-14
3 -1.82077e-13
10334 3
1 1.86962e-13
2 -1.01252e-13
3 -1.79412e-13
10336 3
1 1.73195e-13
2 -1.06581e-13
3 -1.88294e-13
10338 3
1 1.83853e-13
2 -1.19904e-13
3 -1.803e-13
10340 3
1 1.76303e-13
2 -1.1724e-13
3 -1.9007e-13
10342 3
1 1.70086e-13
2 -1.22569e-13
3 -1.86517e-13
10344 3
1 1.73195e-13
2 -1.02141e-13
3 -1.78524e-13
10346 3
1 1.84741e-13
2 -1.0747e-13
3 -1.72307e-13
10348 3
1 1.97176e-13
2 -1.04805e-13
3 -1.84741e-13
10350 3
1 1.74971e-13
2 -8.34888e-14
3 -1.82965e-13
10352 3
1 1.80744e-13
2 -1.03029e-13
3 -1.83853e-13
10354 3
1 1.93179e-13
2 -1.0747e-13
3 -1.77636e-13
10356 3
1 1.89182e-13
2 -7.63833e-14
3 -1.82965e-13
10358 3
1 1.90514e-13
2 -9.32587e-14
3 -1.92735e-13
10360 3
1 1.83853e-13
2 -1.03917e-13
3 -1.75859e-13
10362 3
1 1.89626e-13
2 -8.9706e-14
3 -1.72307e-13
10364 3
1 2.00728e-13
2 -1.05693e-13
3 -1.9007e-13
10366 3
1 1.62093e-13
2 -9.59233e-14
3 -1.89182e-13
10368 3
1 1.59428e-13
2 -1.13687e-13
3 -1.73195e-13
10370 3
1 1.71863e-13
2 -1.06581e-13
3 -1.84741e-13
10372 3
1 1.7053e-13
2 -1.20792e-13
3 -1.73195e-13
10374 3
1 1.51434e-13
2 -1.13687e-13
3 -1.79412e-13
10376 3
1 1.62981e-13
2 -1.08358e-13
3 -1.89182e-13
10378 3
1 1.66978e-13
2 -1.3145e-13
3 -1.93623e-13
10380 3
1 1.86073e-13
2 -1.06581e-13
3 -1.9007e-13
10382 3
1 1.67422e-13
2 -1.1191e-13
3 -1.93623e-13
10384 3
1 1.6831e-13
2 -8.79297e-14
3 -1.9984e-13
10386 3
1 1.72751e-13
2 -1.22569e-13
3 -1.91847e-13
10388 3
1 1.68754e-13
2 -1.14575e-13
3 -1.91847e-13
10390 3
1 1.79412e-13
2 -9.14824e-14
3 -1.7053e-13
10392 3
1 1.8785e-13
2 -8.52651e-14
3 -1.82077e-13
10394 3
1 1.86517e-13
2 -8.88178e-14
3 -1.85629e-13
10396 3
1 1.69642e-13
2 -8.08242e-14
3 -1.77636e-13
10398 3
1 1.63869e-13
2 -8.61533e-14
3 -1.74083e-13
10400 3
1 1.69642e-13
2 -9.85878e-14
3 -1.74083e-13
10402 3
1 1.64313e-13
2 -1.03917e-13
3 -1.66978e-13
10404 3
1 1.50546e-13
2 -9.14824e-14
3 -1.58096e-13
10406 3
1 1.66089e-13
2 -1.19016e-13
3 -1.78524e-13
10408 3
1 1.69642e-13
2 -8.88178e-14
3 -1.66978e-13
10410 3
1 1.51879e-13
2 -7.90479e-14
3 -1.57208e-13
10412 3
1 1.49658e-13
2 -8.61533e-14
3 -1.58096e-13
10414 3
1 1.39444e-13
2 -8.70415e-14
3 -1.47438e-13
10416 3
1 1.74971e-13
2 -6.4837e-14
3 -1.52767e-13
10418 3
1 1.57652e-13
2 -9.59233e-14
3 -1.77636e-13
10420 3
1 1.6076e-13
2 -1.09246e-13
3 -1.58096e-13
10422 3
1 1.50102e-13
2 -7.99361e-14
3 -1.68754e-13
10424 3
1 1.39e-13
2 -8.26006e-14
3 -1.77636e-13
10426 3
1 1.64757e-13
2 -9.23706e-14
3 -1.74083e-13
10428 3
1 1.55431e-13
2 -8.61533e-14
3 -1.58096e-13
10430 3
1 1.61204e-13
2 -1.06581e-13
3 -1.48326e-13
10432 3
1 1.89626e-13
2 -1.02141e-13
3 -1.87406e-13
10434 3
1 1.68754e-13
2 -9.32587e-14
3 -1.74083e-13
10436 3
1 1.65645e-13
2 -9.9476e-14
3 -1.79412e-13
10438 3
1 1.80744e-13
2 -1.1191e-13
3 -1.63425e-13
10440 3
1 1.82965e-13
2 -9.85878e-14
3 -1.61648e-13
10442 3
1 1.77636e-13
2 -1.4122e-13
3 -1.57208e-13
10444 3
1 1.80744e-13
2 -1.03917e-13
3 -1.74083e-13
10446 3
1 1.7053e-13
2 -7.90479e-14
3 -1.65201e-13
10448 3
1 1.72307e-13
2 -7.72715e-14
3 -1.96287e-13
10450 3
1 2.09166e-13
2 -8.52651e-14
3 -1.72307e-13
10452 3
1 1.63869e-13
2 -1.13687e-13
3 -1.66978e-13
10454 3
1 1.803e-13
2 -1.22569e-13
3 -1.64313e-13
10456 3
1 1.64757e-13
2 -1.0747e-13
3 -1.72307e-13
10458 3
1 1.75859e-13
2 -7.99361e-14
3 -1.74971e-13
10460 3
1 1.6076e-13
2 -1.23457e-13
3 -1.91847e-13
10462 3
1 1.74971e-13
2 -1.22569e-13
3 -1.74971e-13
10464 3
1 1.67866e-13
2 -7.19425e-14
3 -1.5099e-13
10466 3
1 1.81188e-13
2 -8.52651e-14
3 -1.65201e-13
10468 3
1 1.7808e-13
2 -9.59233e-14
3 -1.61648e-13
10470 3
1 1.62537e-13
2 -1.03029e-13
3 -1.59872e-13
10472 3
1 1.52323e-13
2 -9.14824e-14
3 -1.69642e-13
10474 3
1 1.6831e-13
2 -7.37188e-14
3 -1.6076e-13
10476 3
1 1.81632e-13
2 -9.05942e-14
3 -1.9007e-13
10478 3
1 1.77192e-13
2 -8.61533e-14
3 -1.61648e-13
10480 3
1 1.7053e-13
2 -8.61533e-14
3 -1.74971e-13
10482 3
1 1.83853e-13
2 -7.63833e-14
3 -1.42109e-13
10484 3
1 1.59428e-13
2 -1.08358e-13
3 -1.75859e-13
10486 3
1 1.64313e-13
2 -8.17124e-14
3 -1.59872e-13
10488 3
1 1.64313e-13
2 -1.08358e-13
3 -1.81188e-13
10490 3
1 1.7808e-13
2 -7.63833e-14
3 -1.54543e-13
10492 3
1 1.73639e-13
2 -7.63833e-14
3 -1.59872e-13
10494 3
1 1.56319e-13
2 -8.08242e-14
3 -1.29674e-13
10496 3
1 1.56319e-13
2 -6.57252e-14
3 -1.42997e-13
10498 3
1 1.79412e-13
2 -7.19425e-14
3 -1.45661e-13
10500 3
1 1.57208e-13
2 -7.28306e-14
3 -1.56319e-13
10502 3
1 1.82077e-13
2 -7.99361e-14
3 -1.62537e-13
10504 3
1 1.63869e-13
2 -7.01661e-14
3 -1.67866e-13
10506 3
1 1.74971e-13
2 -1.04805e-13
3 -1.51879e-13
10508 3
1 1.74083e-13
2 -7.90479e-14
3 -1.61648e-13
10510 3
1 1.84741e-13
2 -8.88178e-14
3 -1.59872e-13
10512 3
1 1.6076e-13
2 -7.54952e-14
3 -1.66978e-13
10514 3
1 1.87406e-13
2 -7.54952e-14
3 -1.57208e-13
10516 3
1 1.6076e-13
2 -7.81597e-14
3 -1.35003e-13
10518 3
1 1.71418e-13
2 -8.26006e-14
3 -1.45661e-13
10520 3
1 1.57208e-13
2 -7.81597e-14
3 -1.43885e-13
10522 3
1 1.88294e-13
2 -6.4837e-14
3 -1.52767e-13
10524 3
1 1.83853e-13
2 -4.08562e-14
3 -1.61648e-13
10526 3
1 1.62537e-13
2 -5.9508e-14
3 -1.5099e-13
10528 3
1 1.74083e-13
2 -3.4639e-14
3 -1.58984e-13
10530 3
1 1.95399e-13
2 -5.50671e-14
3 -1.66978e-13
10532 3
1 1.81188e-13
2 -6.03961e-14
3 -1.26121e-13
10534 3
1 1.9007e-13
2 -7.63833e-14
3 -1.54543e-13
10536 3
1 1.64757e-13
2 -4.9738e-14
3 -1.58096e-13
10538 3
1 1.95399e-13
2 -4.26326e-14
3 -1.56319e-13
10540 3
1 1.71863e-13
2 -5.9508e-14
3 -1.59872e-13
10542 3
1 2.10942e-13
2 -5.86198e-14
3 -1.45661e-13
10544 3
1 1.76748e-13
2 -7.54952e-14
3 -1.64313e-13
10546 3
1 1.74527e-13
2 -7.28306e-14
3 -1.58984e-13
10548 3
1 1.66978e-13
2 -8.52651e-14
3 -1.55431e-13
10550 3
1 1.92735e-13
2 -7.99361e-14
3 -1.46549e-13
10552 3
1 1.90958e-13
2 -6.92779e-14
3 -1.42109e-13
10554 3
1 1.82965e-13
2 -4.35207e-14
3 -1.62537e-13
10556 3
1 1.85629e-13
2 -8.26006e-14
3 -1.49214e-13
10558 3
1 1.93623e-13
2 -8.61533e-14
3 -1.58984e-13
10560 3
1 1.75859e-13
2 -7.90479e-14
3 -1.66978e-13
10562 3
1 1.53211e-13
2 -7.01661e-14
3 -1.77636e-13
10564 3
1 1.6076e-13
2 -7.19425e-14
3 -1.54543e-13
10566 3
1 1.69642e-13
2 -7.72715e-14
3 -1.4122e-13
10568 3
1 1.91402e-13
2 -7.10543e-14
3 -1.51879e-13
10570 3
1 1.67866e-13
2 -4.61853e-14
3 -1.47438e-13
10572 3
1 1.49214e-13
2 -6.92779e-14
3 -1.49214e-13
10574 3
1 1.61648e-13
2 -5.77316e-14
3 -1.75859e-13
10576 3
1 1.61648e-13
2 -3.64153e-14
3 -1.84741e-13
10578 3
1 1.55431e-13
2 -4.17444e-14
3 -1.40332e-13
10580 3
1 1.46994e-13
2 -6.21725e-14
3 -1.72307e-13
10582 3
1 1.62537e-13
2 -5.50671e-14
3 -1.59872e-13
10584 3
1 1.66978e-13
2 -5.9508e-14
3 -1.38556e-13
10586 3
1 1.69642e-13
2 -5.9508e-14
3 -1.5099e-13
10588 3
1 1.62093e-13
2 -5.86198e-14
3 -1.61648e-13
10590 3
1 1.52323e-13
2 -7.72715e-14
3 -1.5099e-13
10592 3
1 1.62093e-13
2 -5.06262e-14
3 -1.59872e-13
10594 3
1 1.42553e-13
2 -6.21725e-14
3 -1.51879e-13
10596 3
1 1.88294e-13
2 -4.08562e-14
3 -1.58096e-13
10598 3
1 1.53655e-13
2 -3.37508e-14
3 -1.66978e-13
10600 3
1 1.73195e-13
2 -7.19425e-14
3 -1.74083e-13
10602 3
1 1.91402e-13
2 -4.79616e-14
3 -1.66978e-13
10604 3
1 1.90958e-13
2 -4.79616e-14
3 -1.77636e-13
10606 3
1 1.66533e-13
2 -6.30607e-14
3 -1.5099e-13
10608 3
1 1.82077e-13
2 -5.86198e-14
3 -1.88294e-13
10610 3
1 1.82077e-13
2 -3.9968e-14
3 -1.69642e-13
10612 3
1 1.95843e-13
2 -4.08562e-14
3 -1.65201e-13
10614 3
1 1.6076e-13
2 -6.03961e-14
3 -1.95399e-13
10616 3
1 1.7053e-13
2 -5.15143e-14
3 -1.68754e-13
10618 3
1 1.79856e-13
2 -5.24025e-14
3 -1.84741e-13
10620 3
1 1.53655e-13
2 -3.73035e-14
3 -1.86517e-13
10622 3
1 1.63425e-13
2 -5.06262e-14
3 -1.82965e-13
10624 3
1 1.69642e-13
2 -6.83897e-14
3 -1.93623e-13
10626 3
1 1.62537e-13
2 -3.55271e-14
3 -1.81188e-13
10628 3
1 1.7808e-13
2 -7.01661e-14
3 -1.803e-13
10630 3
1 1.61648e-13
2 -6.03961e-14
3 -1.84741e-13
10632 3
1 1.52767e-13
2 -4.79616e-14
3 -1.89182e-13
10634 3
1 1.64757e-13
2 -3.4639e-14
3 -1.7053e-13
10636 3
1 1.63425e-13
2 -6.30607e-14
3 -1.82965e-13
10638 3
1 1.66089e-13
2 -7.63833e-14
3 -2.00728e-13
10640 3
1 1.42997e-13
2 -6.66134e-14
3 -1.66978e-13
10642 3
1 1.90514e-13
2 -4.70735e-14
3 -1.86517e-13
10644 3
1 1.55875e-13
2 -6.12843e-14
3 -2.12275e-13
10646 3
1 1.64313e-13
2 -8.61533e-14
3 -1.77636e-13
10648 3
1 1.71418e-13
2 -5.50671e-14
3 -1.75859e-13
10650 3
1 1.78524e-13
2 -7.54952e-14
3 -1.91847e-13
10652 3
1 1.803e-13
2 -4.35207e-14
3 -1.58984e-13
10654 3
1 1.7053e-13
2 -5.24025e-14
3 -1.67866e-13
10656 3
1 1.62537e-13
2 -3.90799e-14
3 -1.79412e-13
10658 3
1 1.74971e-13
2 -9.59233e-14
3 -1.88294e-13
10660 3
1 1.59428e-13
2 -5.15143e-14
3 -1.87406e-13
10662 3
1 1.55431e-13
2 -5.15143e-14
3 -1.64313e-13
10664 3
1 1.54987e-13
2 -5.24025e-14
3 -1.64313e-13
10666 3
1 1.65201e-13
2 -5.59552e-14
3 -1.71418e-13
10668 3
1 1.62537e-13
2 -5.15143e-14
3 -1.61648e-13
10670 3
1 1.5099e-13
2 -6.83897e-14
3 -1.74083e-13
10672 3
1 1.69642e-13
2 -5.77316e-14
3 -1.88294e-13
10674 3
1 1.46105e-13
2 -9.23706e-14
3 -1.7053e-13
10676 3
1 1.6076e-13
2 -5.59552e-14
3 -1.61648e-13
10678 3
1 1.66089e-13
2 -8.17124e-14
3 -1.68754e-13
10680 3
1 1.69642e-13
2 -9.23706e-14
3 -1.77636e-13
10682 3
1 1.73195e-13
2 -9.05942e-14
3 -1.66978e-13
10684 3
1 1.46994e-13
2 -5.59552e-14
3 -1.65201e-13
10686 3
1 1.66089e-13
2 -6.57252e-14
3 -1.67866e-13
10688 3
1 1.67866e-13
2 -6.30607e-14
3 -1.71418e-13
10690 3
1 1.59872e-13
2 -6.21725e-14
3 -1.88294e-13
10692 3
1 1.42109e-13
2 -8.57092e-14
3 -1.68754e-13
10694 3
1 1.27454e-13
2 -6.52811e-14
3 -1.68754e-13
10696 3
1 1.42109e-13
2 -5.68434e-14
3 -1.91847e-13
10698 3
1 1.5854e-13
2 -5.81757e-14
3 -1.71418e-13
10700 3
1 1.57208e-13
2 -6.70575e-14
3 -1.51879e-13
10702 3
1 1.53655e-13
2 -8.26006e-14
3 -1.61648e-13
10704 3
1 1.37668e-13
2 -8.74856e-14
3 -1.76748e-13
10706 3
1 1.64313e-13
2 -7.63833e-14
3 -1.75859e-13
10708 3
1 1.53655e-13
2 -6.39488e-14
3 -1.69642e-13
10710 3
1 1.5854e-13
2 -4.9738e-14
3 -1.52767e-13
10712 3
1 1.63869e-13
2 -6.4837e-14
3 -1.65201e-13
10714 3
1 1.55875e-13
2 -6.75016e-14
3 -1.5099e-13
10716 3
1 1.51434e-13
2 -4.70735e-14
3 -1.6076e-13
10718 3
1 1.53655e-13
2 -3.64153e-14
3 -1.7053e-13
10720 3
1 1.54543e-13
2 -5.15143e-14
3 -1.7053e-13
10722 3
1 1.56763e-13
2 -3.64153e-14
3 -1.64313e-13
10724 3
1 1.66533e-13
2 -5.86198e-14
3 -1.58096e-13
10726 3
1 1.52323e-13
2 -2.13163e-14
3 -1.82965e-13
10728 3
1 1.6076e-13
2 -5.41789e-14
3 -1.81188e-13
10730 3
1 1.58096e-13
2 -4.35207e-14
3 -1.48326e-13
10732 3
1 1.49214e-13
2 -6.30607e-14
3 -1.68754e-13
10734 3
1 1.64313e-13
2 -7.90479e-14
3 -1.81188e-13
10736 3
1 1.49214e-13
2 -7.10543e-14
3 -1.84741e-13
10738 3
1 1.55431e-13
2 -2.84217e-14
3 -1.81188e-13
10740 3
1 1.62537e-13
2 -5.50671e-14
3 -1.69642e-13
10742 3
1 1.32339e-13
2 -3.37508e-14
3 -1.64313e-13
10744 3
1 1.35891e-13
2 -6.35048e-14
3 -1.64313e-13
10746 3
1 1.32783e-13
2 -3.01981e-14
3 -1.59872e-13
10748 3
1 1.47882e-13
2 -4.4853e-14
3 -1.82965e-13
10750 3
1 1.0858e-13
2 -3.37508e-14
3 -1.68754e-13
10752 3
1 1.4877e-13
2 -2.13163e-14
3 -1.7053e-13
10754 3
1 1.36557e-13
2 -4.79616e-14
3 -1.66978e-13
10756 3
1 1.32783e-13
2 -3.90799e-14
3 -1.65201e-13
10758 3
1 1.33005e-13
2 -5.50671e-14
3 -1.9007e-13
10760 3
1 1.53433e-13
2 -5.32907e-14
3 -1.72307e-13
10762 3
1 1.27676e-13
2 -5.24025e-14
3 -1.74083e-13
10764 3
1 1.32339e-13
2 -5.68434e-14
3 -1.63425e-13
10766 3
1 1.5965e-13
2 -4.26326e-14
3 -1.54543e-13
10768 3
1 1.45883e-13
2 -4.79616e-14
3 -1.75859e-13
10770 3
1 1.35447e-13
2 -3.55271e-14
3 -1.74083e-13
10772 3
1 1.59428e-13
2 -5.06262e-14
3 -1.59872e-13
10774 3
1 1.37668e-13
2 -2.66454e-15
3 -1.65201e-13
10776 3
1 1.67422e-13
2 -3.9968e-14
3 -1.68754e-13
10778 3
1 1.35669e-13
2 -2.30926e-14
3 -1.65201e-13
10780 3
1 1.59206e-13
2 -2.57572e-14
3 -1.77636e-13
10782 3
1 1.67422e-13
2 -5.9508e-14
3 -1.75859e-13
10784 3
1 1.43885e-13
2 -4.88498e-14
3 -1.72307e-13
10786 3
1 1.42775e-13
2 -7.01661e-14
3 -1.5099e-13
10788 3
1 1.42331e-13
2 -4.9738e-14
3 -1.52767e-13
10790 3
1 1.23901e-13
2 -6.03961e-14
3 -1.66978e-13
10792 3
1 1.19904e-13
2 -3.19744e-14
3 -1.49214e-13
10794 3
1 1.22125e-13
2 -7.28306e-14
3 -1.9007e-13
10796 3
1 1.27454e-13
2 -4.9738e-14
3 -1.7053e-13
10798 3
1 1.19904e-13
2 -6.12843e-14
3 -1.63425e-13
10800 3
1 1.46771e-13
2 -7.19425e-14
3 -1.54543e-13
10802 3
1 1.0858e-13
2 -5.50671e-14
3 -1.74083e-13
10804 3
1 1.2812e-13
2 -7.19425e-14
3 -1.59872e-13
10806 3
1 1.24567e-13
2 -5.15143e-14
3 -1.5099e-13
10808 3
1 1.47216e-13
2 -5.06262e-14
3 -1.59872e-13
10810 3
1 1.3145e-13
2 -5.86198e-14
3 -1.74083e-13
10812 3
1 1.1946e-13
2 -7.63833e-14
3 -1.49214e-13
10814 3
1 1.36335e-13
2 -5.9508e-14
3 -1.45661e-13
10816 3
1 1.47216e-13
2 -5.41789e-14
3 -1.49214e-13
10818 3
1 1.27454e-13
2 -6.57252e-14
3 -1.49214e-13
10820 3
1 1.16795e-13
2 -9.14824e-14
3 -1.47438e-13
10822 3
1 1.42775e-13
2 -7.37188e-14
3 -1.74083e-13
10824 3
1 1.34781e-13
2 -7.19425e-14
3 -1.54543e-13
10826 3
1 1.31006e-13
2 -5.86198e-14
3 -1.58096e-13
10828 3
1 1.41664e-13
2 -9.50351e-14
3 -1.65201e-13
10830 3
1 1.43663e-13
2 -5.50671e-14
3 -1.58096e-13
10832 3
1 1.5965e-13
2 -9.68114e-14
3 -1.63425e-13
10834 3
1 1.33893e-13
2 -6.39488e-14
3 -1.5099e-13
10836 3
1 1.36113e-13
2 -5.32907e-14
3 -1.38556e-13
10838 3
1 1.38778e-13
2 -7.63833e-14
3 -1.56319e-13
10840 3
1 1.4988e-13
2 -7.99361e-14
3 -1.58096e-13
10842 3
1 1.37446e-13
2 -7.28306e-14
3 -1.49214e-13
10844 3
1 1.62537e-13
2 -7.28306e-14
3 -1.82965e-13
10846 3
1 1.50768e-13
2 -8.61533e-14
3 -1.56319e-13
10848 3
1 1.31894e-13
2 -6.75016e-14
3 -1.52767e-13
10850 3
1 1.44773e-13
2 -4.08562e-14
3 -1.49214e-13
10852 3
1 1.16129e-13
2 -7.99361e-14
3 -1.81188e-13
10854 3
1 1.35225e-13
2 -8.79297e-14
3 -1.52767e-13
10856 3
1 1.19904e-13
2 -8.34888e-14
3 -1.59872e-13
10858 3
1 1.22125e-13
2 -6.75016e-14
3 -1.5099e-13
10860 3
1 1.33005e-13
2 -8.34888e-14
3 -1.58096e-13
10862 3
1 1.16129e-13
2 -8.34888e-14
3 -1.61648e-13
10864 3
1 1.48992e-13
2 -7.90479e-14
3 -1.84741e-13
10866 3
1 1.47216e-13
2 -9.85878e-14
3 -1.7053e-13
10868 3
1 1.26121e-13
2 -8.26006e-14
3 -1.58096e-13
10870 3
1 8.68194e-14
2 -8.43769e-14
3 -1.58096e-13
10872 3
1 1.50546e-13
2 -8.26006e-14
3 -1.5099e-13
10874 3
1 1.17906e-13
2 -1.13687e-13
3 -1.54543e-13
10876 3
1 1.26565e-13
2 -1.03917e-13
3 -1.7053e-13
10878 3
1 1.16129e-13
2 -7.54952e-14
3 -1.65201e-13
10880 3
1 1.16351e-13
2 -9.76996e-14
3 -1.65201e-13
10882 3
1 1.2923e-13
2 -1.01252e-13
3 -1.98952e-13
10884 3
1 1.1946e-13
2 -8.17124e-14
3 -1.803e-13
10886 3
1 1.11466e-13
2 -1.09246e-13
3 -1.77636e-13
10888 3
1 9.81437e-14
2 -1.19016e-13
3 -1.63425e-13
10890 3
1 9.54792e-14
2 -1.1191e-13
3 -1.59872e-13
10892 3
1 1.15019e-13
2 -1.10134e-13
3 -1.67866e-13
10894 3
1 1.11022e-13
2 -9.85878e-14
3 -1.65201e-13
10896 3
1 1.12355e-13
2 -8.61533e-14
3 -1.59872e-13
10898 3
1 1.11022e-13
2 -9.14824e-14
3 -1.66978e-13
10900 3
1 1.23457e-13
2 -1.03029e-13
3 -1.5099e-13
10902 3
1 1.04805e-13
2 -1.08358e-13
3 -1.54543e-13
10904 3
1 1.17684e-13
2 -9.9476e-14
3 -1.58984e-13
10906 3
1 1.35891e-13
2 -8.26006e-14
3 -1.62537e-13
10908 3
1 1.35447e-13
2 -1.11022e-13
3 -1.51879e-13
10910 3
1 1.25677e-13
2 -8.79297e-14
3 -1.58096e-13
10912 3
1 8.74856e-14
2 -9.9476e-14
3 -1.42109e-13
10914 3
1 1.07025e-13
2 -1.24345e-13
3 -1.43885e-13
10916 3
1 1.35003e-13
2 -9.9476e-14
3 -1.58096e-13
10918 3
1 1.2923e-13
2 -1.03029e-13
3 -1.66978e-13
10920 3
1 1.25011e-13
2 -9.59233e-14
3 -1.48326e-13
10922 3
1 1.04139e-13
2 -7.28306e-14
3 -1.54543e-13
10924 3
1 1.25677e-13
2 -1.20792e-13
3 -1.50102e-13
10926 3
1 1.04139e-13
2 -9.14824e-14
3 -1.40332e-13
10928 3
1 1.01696e-13
2 -1.14575e-13
3 -1.29674e-13
10930 3
1 1.12799e-13
2 -1.3145e-13
3 -1.22569e-13
10932 3
1 1.1191e-13
2 -1.09246e-13
3 -1.72307e-13
10934 3
1 1.12799e-13
2 -1.01252e-13
3 -1.36779e-13
10936 3
1 1.20126e-13
2 -9.14824e-14
3 -1.43885e-13
10938 3
1 1.06803e-13
2 -9.14824e-14
3 -1.26121e-13
10940 3
1 1.07914e-13
2 -1.14575e-13
3 -1.26121e-13
10942 3
1 1.21458e-13
2 -9.9476e-14
3 -1.42109e-13
10944 3
1 9.65894e-14
2 -9.32587e-14
3 -1.29674e-13
10946 3
1 1.22569e-13
2 -1.22569e-13
3 -1.56319e-13
10948 3
1 1.29674e-13
2 -1.1191e-13
3 -1.5099e-13
10950 3
1 9.41469e-14
2 -9.68114e-14
3 -1.22569e-13
10952 3
1 1.25677e-13
2 -1.03917e-13
3 -1.56319e-13
10954 3
1 1.10134e-13
2 -1.20792e-13
3 -1.26121e-13
10956 3
1 1.02141e-13
2 -9.14824e-14
3 -1.35003e-13
10958 3
1 1.1191e-13
2 -1.33227e-13
3 -1.5099e-13
10960 3
1 1.2923e-13
2 -1.19016e-13
3 -1.15463e-13
10962 3
1 1.26121e-13
2 -1.2168e-13
3 -1.55431e-13
10964 3
1 1.02585e-13
2 -1.42997e-13
3 -1.3145e-13
10966 3
1 1.22569e-13
2 -1.23457e-13
3 -1.54543e-13
10968 3
1 9.23706e-14
2 -9.23706e-14
3 -1.52767e-13
10970 3
1 8.74856e-14
2 -9.14824e-14
3 -1.53655e-13
10972 3
1 1.24789e-13
2 -1.19904e-13
3 -1.2701e-13
10974 3
1 9.23706e-14
2 -1.03029e-13
3 -1.4122e-13
10976 3
1 9.23706e-14
2 -1.24345e-13
3 -1.49214e-13
10978 3
1 1.36779e-13
2 -1.1724e-13
3 -1.7053e-13
10980 3
1 9.37028e-14
2 -9.76996e-14
3 -1.37668e-13
10982 3
1 1.07025e-13
2 -1.27898e-13
3 -1.54543e-13
10984 3
1 1.10134e-13
2 -1.04805e-13
3 -1.48326e-13
10986 3
1 6.75016e-14
2 -1.06581e-13
3 -1.55431e-13
10988 3
1 9.54792e-14
2 -8.43769e-14
3 -1.49214e-13
10990 3
1 8.08242e-14
2 -1.10134e-13
3 -1.51879e-13
10992 3
1 8.77076e-14
2 -1.10134e-13
3 -1.51879e-13
10994 3
1 8.30447e-14
2 -1.14575e-13
3 -1.45661e-13
10996 3
1 7.28306e-14
2 -1.40332e-13
3 -1.37668e-13
10998 3
1 8.77076e-14
2 -1.24345e-13
3 -1.56319e-13
11000 3
1 9.59233e-14
2 -1.13687e-13
3 -1.4122e-13
11002 3
1 9.23706e-14
2 -9.76996e-14
3 -1.46549e-13
11004 3
1 8.34888e-14
2 -1.22569e-13
3 -1.42109e-13
11006 3
1 7.99361e-14
2 -1.28786e-13
3 -1.56319e-13
11008 3
1 7.50511e-14
2 -9.32587e-14
3 -1.7053e-13
11010 3
1 8.34888e-14
2 -1.11022e-13
3 -1.45661e-13
11012 3
1 7.10543e-14
2 -7.99361e-14
3 -1.45661e-13
11014 3
1 4.92939e-14
2 -8.9706e-14
3 -1.35891e-13
11016 3
1 7.37188e-14
2 -1.18128e-13
3 -1.44773e-13
11018 3
1 9.41469e-14
2 -1.0969e-13
3 -1.66978e-13
11020 3
1 8.70415e-14
2 -1.23457e-13
3 -1.39444e-13
11022 3
1 7.63833e-14
2 -9.05942e-14
3 -1.37668e-13
11024 3
1 9.05942e-14
2 -1.22569e-13
3 -1.52767e-13
11026 3
1 6.83897e-14
2 -1.20792e-13
3 -1.58984e-13
11028 3
1 7.37188e-14
2 -9.50351e-14
3 -1.33227e-13
11030 3
1 6.39488e-14
2 -1.2168e-13
3 -1.44773e-13
11032 3
1 9.23706e-14
2 -1.11022e-13
3 -1.56319e-13
11034 3
1 8.12683e-14
2 -1.00364e-13
3 -1.36779e-13
11036 3
1 8.17124e-14
2 -1.14575e-13
3 -1.47438e-13
11038 3
1 8.79297e-14
2 -6.66134e-14
3 -1.50102e-13
11040 3
1 9.54792e-14
2 -1.14575e-13
3 -1.45661e-13
11042 3
1 9.10383e-14
2 -1.2168e-13
3 -1.58096e-13
11044 3
1 8.79297e-14
2 -1.10134e-13
3 -1.43885e-13
11046 3
1 9.14824e-14
2 -9.85878e-14
3 -1.64313e-13
11048 3
1 5.32907e-14
2 -1.19016e-13
3 -1.42109e-13
11050 3
1 9.50351e-14
2 -1.22569e-13
3 -1.40332e-13
11052 3
1 8.34888e-14
2 -1.18128e-13
3 -1.48326e-13
11054 3
1 8.43769e-14
2 -1.1724e-13
3 -1.58096e-13
11056 3
1 8.17124e-14
2 -1.08358e-13
3 -1.65201e-13
11058 3
1 8.65974e-14
2 -1.00364e-13
3 -1.45661e-13
11060 3
1 7.01661e-14
2 -1.00364e-13
3 -1.77636e-13
11062 3
1 8.79297e-14
2 -9.32587e-14
3 -1.49214e-13
11064 3
1 9.41469e-14
2 -1.00364e-13
3 -1.75859e-13
11066 3
1 8.74856e-14
2 -9.9476e-14
3 -1.58096e-13
11068 3
1 9.10383e-14
2 -1.2168e-13
3 -1.65201e-13
11070 3
1 8.08242e-14
2 -8.34888e-14
3 -1.7053e-13
11072 3
1 7.19425e-14
2 -9.76996e-14
3 -1.79412e-13
11074 3
1 5.9508e-14
2 -1.06581e-13
3 -1.83853e-13
11076 3
1 6.12843e-14
2 -1.10134e-13
3 -1.82077e-13
11078 3
1 9.37028e-14
2 -1.20792e-13
3 -1.78524e-13
11080 3
1 5.50671e-14
2 -1.08358e-13
3 -1.96287e-13
11082 3
1 1.01252e-13
2 -1.19904e-13
3 -1.82965e-13
11084 3
1 7.4607e-14
2 -1.32339e-13
3 -1.74971e-13
11086 3
1 7.01661e-14
2 -1.33227e-13
3 -1.81188e-13
11088 3
1 7.14984e-14
2 -1.19016e-13
3 -1.84741e-13
11090 3
1 8.12683e-14
2 -1.24345e-13
3 -1.58984e-13
11092 3
1 9.9476e-14
2 -1.42997e-13
3 -1.77636e-13
11094 3
1 7.28306e-14
2 -1.24345e-13
3 -1.57208e-13
11096 3
1 7.90479e-14
2 -1.19016e-13
3 -1.97176e-13
11098 3
1 9.05942e-14
2 -1.2168e-13
3 -1.44773e-13
11100 3
1 7.54952e-14
2 -1.30562e-13
3 -1.45661e-13
11102 3
1 6.12843e-14
2 -1.20348e-13
3 -1.74971e-13
11104 3
1 1.1191e-13
2 -1.14575e-13
3 -1.67866e-13
11106 3
1 1.03029e-13
2 -1.42553e-13
3 -1.9984e-13
11108 3
1 6.03961e-14
2 -1.11022e-13
3 -1.79412e-13
11110 3
1 8.26006e-14
2 -1.16351e-13
3 -1.84741e-13
11112 3
1 1.12355e-13
2 -1.28786e-13
3 -1.7053e-13
11114 3
1 1.04361e-13
2 -1.24345e-13
3 -1.9007e-13
11116 3
1 9.50351e-14
2 -1.34115e-13
3 -1.49214e-13
11118 3
1 9.81437e-14
2 -7.99361e-14
3 -1.5099e-13
11120 3
1 9.85878e-14
2 -9.23706e-14
3 -1.62537e-13
11122 3
1 9.59233e-14
2 -1.23457e-13
3 -1.68754e-13
11124 3
1 9.85878e-14
2 -8.79297e-14
3 -1.29674e-13
11126 3
1 8.74856e-14
2 -8.70415e-14
3 -1.86517e-13
11128 3
1 9.01501e-14
2 -8.43769e-14
3 -1.74971e-13
11130 3
1 9.76996e-14
2 -9.14824e-14
3 -1.53655e-13
11132 3
1 7.32747e-14
2 -1.13687e-13
3 -1.78524e-13
11134 3
1 1.21236e-13
2 -1.12799e-13
3 -2.07834e-13
11136 3
1 9.99201e-14
2 -9.76996e-14
3 -1.71418e-13
11138 3
1 8.08242e-14
2 -1.1191e-13
3 -1.68754e-13
11140 3
1 8.30447e-14
2 -1.30562e-13
3 -1.66089e-13
11142 3
1 8.03801e-14
2 -1.09246e-13
3 -1.82965e-13
11144 3
1 9.85878e-14
2 -1.15463e-13
3 -1.82077e-13
11146 3
1 8.34888e-14
2 -1.12799e-13
3 -1.86517e-13
11148 3
1 9.23706e-14
2 -9.05942e-14
3 -1.74971e-13
11150 3
1 9.81437e-14
2 -1.00364e-13
3 -1.75859e-13
11152 3
1 1.00364e-13
2 -1.1191e-13
3 -1.84741e-13
11154 3
1 1.03473e-13
2 -1.01252e-13
3 -1.98064e-13
11156 3
1 8.12683e-14
2 -9.9476e-14
3 -1.91847e-13
11158 3
1 9.85878e-14
2 -9.32587e-14
3 -1.94511e-13
11160 3
1 8.08242e-14
2 -9.50351e-14
3 -1.75859e-13
11162 3
1 7.86038e-14
2 -1.1191e-13
3 -1.82077e-13
11164 3
1 9.14824e-14
2 -7.37188e-14
3 -1.89182e-13
11166 3
1 8.83738e-14
2 -6.21725e-14
3 -1.91847e-13
11168 3
1 7.10543e-14
2 -9.76996e-14
3 -2.03393e-13
11170 3
1 9.19265e-14
2 -7.72715e-14
3 -1.91847e-13
11172 3
1 1.00808e-13
2 -9.9476e-14
3 -1.88294e-13
11174 3
1 8.79297e-14
2 -7.54952e-14
3 -1.7053e-13
11176 3
1 8.52651e-14
2 -8.9706e-14
3 -1.82077e-13
11178 3
1 8.08242e-14
2 -8.52651e-14
3 -1.79412e-13
11180 3
1 1.05249e-13
2 -8.70415e-14
3 -1.91847e-13
11182 3
1 1.03473e-13
2 -9.76996e-14
3 -1.73195e-13
11184 3
1 1.17684e-13
2 -8.26006e-14
3 -1.84741e-13
11186 3
1 1.15907e-13
2 -9.59233e-14
3 -1.81188e-13
11188 3
1 1.01696e-13
2 -6.75016e-14
3 -1.88294e-13
11190 3
1 9.41469e-14
2 -7.81597e-14
3 -1.66978e-13
11192 3
1 8.39329e-14
2 -8.52651e-14
3 -1.59872e-13
11194 3
1 8.12683e-14
2 -9.05942e-14
3 -1.82965e-13
11196 3
1 1.03029e-13
2 -9.05942e-14
3 -1.83853e-13
11198 3
1 9.81437e-14
2 -9.9476e-14
3 -1.57208e-13
11200 3
1 9.9476e-14
2 -1.10134e-13
3 -1.63425e-13
11202 3
1 5.68434e-14
2 -8.34888e-14
3 -1.73195e-13
11204 3
1 8.88178e-14
2 -1.06581e-13
3 -1.90958e-13
11206 3
1 1.16351e-13
2 -1.26121e-13
3 -1.77636e-13
11208 3
1 9.01501e-14
2 -1.35891e-13
3 -1.91847e-13
11210 3
1 7.14984e-14
2 -1.15463e-13
3 -1.77636e-13
11212 3
1 7.14984e-14
2 -1.1191e-13
3 -1.87406e-13
11214 3
1 7.50511e-14
2 -1.0747e-13
3 -1.84741e-13
11216 3
1 5.01821e-14
2 -7.10543e-14
3 -1.69642e-13
11218 3
1 7.10543e-14
2 -1.13687e-13
3 -1.74971e-13
11220 3
1 7.72715e-14
2 -1.05693e-13
3 -1.84741e-13
11222 3
1 9.59233e-14
2 -9.59233e-14
3 -1.69642e-13
11224 3
1 8.4821e-14
2 -9.76996e-14
3 -1.56319e-13
11226 3
1 7.90479e-14
2 -1.05693e-13
3 -1.93623e-13
11228 3
1 8.88178e-14
2 -1.03029e-13
3 -1.74083e-13
11230 3
1 8.21565e-14
2 -1.15463e-13
3 -1.74083e-13
11232 3
1 8.52651e-14
2 -1.22569e-13
3 -1.78524e-13
11234 3
1 7.50511e-14
2 -1.25233e-13
3 -1.64313e-13
11236 3
1 7.86038e-14
2 -1.3145e-13
3 -1.93623e-13
11238 3
1 8.21565e-14
2 -1.36779e-13
3 -1.81188e-13
11240 3
1 9.37028e-14
2 -1.14575e-13
3 -1.73195e-13
11242 3
1 6.88338e-14
2 -1.03917e-13
3 -1.77636e-13
11244 3
1 9.28146e-14
2 -1.19016e-13
3 -1.59872e-13
11246 3
1 1.04361e-13
2 -1.15463e-13
3 -1.49214e-13
11248 3
1 7.59393e-14
2 -1.2168e-13
3 -1.72307e-13
11250 3
1 8.61533e-14
2 -1.28786e-13
3 -1.5099e-13
11252 3
1 1.24345e-13
2 -8.43769e-14
3 -1.61648e-13
11254 3
1 8.9706e-14
2 -1.42997e-13
3 -1.71418e-13
11256 3
1 1.11466e-13
2 -1.08358e-13
3 -1.7053e-13
11258 3
1 1.11022e-13
2 -1.37668e-13
3 -1.84741e-13
11260 3
1 9.63674e-14
2 -1.20792e-13
3 -1.62537e-13
11262 3
1 1.17684e-13
2 -1.22569e-13
3 -1.86517e-13
11264 3
1 9.01501e-14
2 -1.23457e-13
3 -1.74083e-13
11266 3
1 6.83897e-14
2 -1.30562e-13
3 -1.66089e-13
11268 3
1 9.72555e-14
2 -1.24345e-13
3 -1.96287e-13
11270 3
1 8.17124e-14
2 -1.32339e-13
3 -1.97176e-13
11272 3
1 8.26006e-14
2 -1.42997e-13
3 -1.9007e-13
11274 3
1 1.10578e-13
2 -1.32339e-13
3 -1.68754e-13
11276 3
1 6.9722e-14
2 -1.37668e-13
3 -2.13163e-13
11278 3
1 8.92619e-14
2 -9.59233e-14
3 -1.98064e-13
11280 3
1 9.01501e-14
2 -1.11022e-13
3 -1.78524e-13
11282 3
1 1.09246e-13
2 -1.10134e-13
3 -1.97176e-13
11284 3
1 1.25677e-13
2 -7.37188e-14
3 -1.79412e-13
11286 3
1 1.04361e-13
2 -1.03029e-13
3 -2.06057e-13
11288 3
1 1.19904e-13
2 -1.11022e-13
3 -2.04281e-13
11290 3
1 1.32339e-13
2 -1.06581e-13
3 -1.81188e-13
11292 3
1 1.26565e-13
2 -1.03029e-13
3 -1.66978e-13
11294 3
1 1.10134e-13
2 -1.0747e-13
3 -1.88294e-13
11296 3
1 9.85878e-14
2 -1.23457e-13
3 -1.74083e-13
11298 3
1 8.79297e-14
2 -1.00364e-13
3 -1.75859e-13
11300 3
1 1.34115e-13
2 -9.05942e-14
3 -1.90958e-13
11302 3
1 1.27454e-13
2 -1.24345e-13
3 -1.65201e-13
11304 3
1 1.09246e-13
2 -1.19904e-13
3 -1.65201e-13
11306 3
1 1.18128e-13
2 -1.16351e-13
3 -1.84741e-13
11308 3
1 1.24345e-13
2 -1.2701e-13
3 -1.77636e-13
11310 3
1 1.1724e-13
2 -9.50351e-14
3 -1.82965e-13
11312 3
1 1.19904e-13
2 -1.13687e-13
3 -1.65201e-13
11314 3
1 1.08802e-13
2 -1.29674e-13
3 -1.98952e-13
11316 3
1 1.01696e-13
2 -1.19904e-13
3 -1.91847e-13
11318 3
1 1.11022e-13
2 -1.09246e-13
3 -1.65201e-13
11320 3
1 1.33671e-13
2 -9.41469e-14
3 -1.97176e-13
11322 3
1 1.11466e-13
2 -1.08358e-13
3 -1.79412e-13
11324 3
1 1.33227e-13
2 -1.44773e-13
3 -1.77636e-13
11326 3
1 1.1191e-13
2 -1.2701e-13
3 -1.82077e-13
11328 3
1 1.1946e-13
2 -1.20792e-13
3 -1.86517e-13
11330 3
1 1.04361e-13
2 -1.35003e-13
3 -1.74083e-13
11332 3
1 1.39e-13
2 -1.24345e-13
3 -1.91847e-13
11334 3
1 9.76996e-14
2 -1.10134e-13
3 -1.98952e-13
11336 3
1 1.15463e-13
2 -1.20792e-13
3 -1.97176e-13
11338 3
1 1.34115e-13
2 -1.01252e-13
3 -1.96287e-13
11340 3
1 1.39e-13
2 -1.22569e-13
3 -1.78524e-13
11342 3
1 1.07025e-13
2 -1.06581e-13
3 -1.9984e-13
11344 3
1 1.11022e-13
2 -1.29674e-13
3 -1.9984e-13
11346 3
1 1.18572e-13
2 -1.27898e-13
3 -1.92735e-13
11348 3
1 1.09246e-13
2 -1.43885e-13
3 -1.98952e-13
11350 3
1 1.26121e-13
2 -1.26121e-13
3 -1.98064e-13
11352 3
1 1.27454e-13
2 -1.34115e-13
3 -2.04281e-13
11354 3
1 1.36335e-13
2 -1.19016e-13
3 -1.96287e-13
11356 3
1 1.14575e-13
2 -1.5099e-13
3 -2.13163e-13
11358 3
1 1.34115e-13
2 -1.25233e-13
3 -1.9007e-13
11360 3
1 1.35003e-13
2 -1.58984e-13
3 -2.22933e-13
11362 3
1 1.1946e-13
2 -1.44773e-13
3 -2.04281e-13
11364 3
1 1.19904e-13
2 -1.2701e-13
3 -1.76748e-13
11366 3
1 1.30562e-13
2 -1.20792e-13
3 -1.86517e-13
11368 3
1 1.26565e-13
2 -1.28786e-13
3 -1.85629e-13
11370 3
1 1.38556e-13
2 -1.42109e-13
3 -1.7053e-13
11372 3
1 1.28786e-13
2 -1.4122e-13
3 -2.03393e-13
11374 3
1 1.41664e-13
2 -1.38556e-13
3 -2.08722e-13
11376 3
1 1.18128e-13
2 -1.34115e-13
3 -2.06057e-13
11378 3
1 1.13687e-13
2 -1.26121e-13
3 -1.97176e-13
11380 3
1 1.43885e-13
2 -1.27898e-13
3 -2.07834e-13
11382 3
1 1.26565e-13
2 -1.13687e-13
3 -2.13163e-13
11384 3
1 1.15463e-13
2 -1.29674e-13
3 -2.08722e-13
11386 3
1 1.27454e-13
2 -1.35003e-13
3 -2.00728e-13
11388 3
1 1.17684e-13
2 -1.49214e-13
3 -2.07834e-13
11390 3
1 9.23706e-14
2 -1.37668e-13
3 -1.84741e-13
11392 3
1 9.9476e-14
2 -1.44773e-13
3 -1.87406e-13
11394 3
1 1.46549e-13
2 -1.42997e-13
3 -1.98952e-13
11396 3
1 1.24345e-13
2 -1.35891e-13
3 -1.93623e-13
11398 3
1 1.19016e-13
2 -1.38556e-13
3 -1.92735e-13
11400 3
1 1.24345e-13
2 -1.3145e-13
3 -1.77636e-13
11402 3
1 1.29674e-13
2 -1.14575e-13
3 -1.74083e-13
11404 3
1 1.24345e-13
2 -1.29674e-13
3 -1.86517e-13
11406 3
1 1.36779e-13
2 -1.28786e-13
3 -1.63425e-13
11408 3
1 1.35003e-13
2 -1.49214e-13
3 -1.81188e-13
11410 3
1 1.19904e-13
2 -1.26121e-13
3 -1.72307e-13
11412 3
1 1.46549e-13
2 -1.29674e-13
3 -1.81188e-13
11414 3
1 1.24345e-13
2 -1.20792e-13
3 -2.20268e-13
11416 3
1 1.36779e-13
2 -1.33227e-13
3 -1.88294e-13
11418 3
1 1.42109e-13
2 -1.2168e-13
3 -1.78524e-13
11420 3
1 1.29674e-13
2 -1.58984e-13
3 -1.96287e-13
11422 3
1 1.22569e-13
2 -1.12799e-13
3 -1.97176e-13
11424 3
1 1.13687e-13
2 -1.26121e-13
3 -1.91847e-13
11426 3
1 1.33227e-13
2 -1.33227e-13
3 -1.87406e-13
11428 3
1 1.38556e-13
2 -1.27898e-13
3 -1.803e-13
11430 3
1 1.40332e-13
2 -1.37668e-13
3 -1.97176e-13
11432 3
1 1.3145e-13
2 -1.35891e-13
3 -2.06946e-13
11434 3
1 1.45661e-13
2 -1.47438e-13
3 -1.94511e-13
11436 3
1 1.61648e-13
2 -1.2701e-13
3 -1.79412e-13
11438 3
1 1.19016e-13
2 -1.35003e-13
3 -1.81188e-13
11440 3
1 1.46105e-13
2 -1.15463e-13
3 -1.94511e-13
11442 3
1 1.4877e-13
2 -1.40332e-13
3 -1.97176e-13
11444 3
1 1.31894e-13
2 -1.33227e-13
3 -2.00728e-13
11446 3
1 1.42553e-13
2 -1.42109e-13
3 -1.97176e-13
11448 3
1 1.42109e-13
2 -1.40332e-13
3 -2.16716e-13
11450 3
1 1.36779e-13
2 -1.23457e-13
3 -2.22933e-13
11452 3
1 1.50102e-13
2 -1.38556e-13
3 -2.04281e-13
11454 3
1 1.51434e-13
2 -1.5099e-13
3 -2.12275e-13
11456 3
1 1.2923e-13
2 -1.1724e-13
3 -2.07834e-13
11458 3
1 1.81188e-13
2 -1.37668e-13
3 -2.02505e-13
11460 3
1 1.42109e-13
2 -1.33227e-13
3 -2.08722e-13
11462 3
1 1.31006e-13
2 -1.37668e-13
3 -2.01617e-13
11464 3
1 1.38112e-13
2 -1.36779e-13
3 -2.11386e-13
11466 3
1 1.37668e-13
2 -1.44773e-13
3 -2.07834e-13
11468 3
1 1.42997e-13
2 -1.15463e-13
3 -1.97176e-13
11470 3
1 1.64313e-13
2 -1.03917e-13
3 -2.08722e-13
11472 3
1 1.49214e-13
2 -1.18128e-13
3 -1.97176e-13
11474 3
1 1.54543e-13
2 -1.2168e-13
3 -2.26485e-13
11476 3
1 1.54543e-13
2 -1.74971e-13
3 -2.1938e-13
11478 3
1 1.44773e-13
2 -1.48326e-13
3 -2.32703e-13
11480 3
1 1.27898e-13
2 -1.50102e-13
3 -1.9984e-13
11482 3
1 1.38556e-13
2 -1.35003e-13
3 -2.11386e-13
11484 3
1 1.29674e-13
2 -1.18128e-13
3 -2.20268e-13
11486 3
1 1.37668e-13
2 -1.34115e-13
3 -2.04281e-13
11488 3
1 1.45661e-13
2 -1.42997e-13
3 -2.16716e-13
11490 3
1 1.71418e-13
2 -1.16351e-13
3 -2.04281e-13
11492 3
1 1.26121e-13
2 -1.22569e-13
3 -2.11386e-13
11494 3
1 1.40332e-13
2 -1.22569e-13
3 -2.04281e-13
11496 3
1 1.53655e-13
2 -1.1724e-13
3 -2.08722e-13
11498 3
1 1.65201e-13
2 -1.13687e-13
3 -2.39808e-13
11500 3
1 1.11022e-13
2 -1.08358e-13
3 -2.22045e-13
11502 3
1 1.42997e-13
2 -1.30562e-13
3 -2.02505e-13
11504 3
1 1.58096e-13
2 -1.19016e-13
3 -2.38032e-13
11506 3
1 1.74971e-13
2 -1.01252e-13
3 -2.35367e-13
11508 3
1 1.71418e-13
2 -1.42109e-13
3 -2.16716e-13
11510 3
1 1.6831e-13
2 -1.1724e-13
3 -2.30926e-13
11512 3
1 1.57652e-13
2 -1.32339e-13
3 -2.27374e-13
11514 3
1 1.42109e-13
2 -1.25233e-13
3 -2.38032e-13
11516 3
1 1.75859e-13
2 -1.25233e-13
3 -2.22045e-13
11518 3
1 1.59872e-13
2 -1.16351e-13
3 -2.11386e-13
11520 3
1 1.39444e-13
2 -1.20792e-13
3 -2.32703e-13
11522 3
1 1.65645e-13
2 -1.06581e-13
3 -2.06057e-13
11524 3
1 1.54543e-13
2 -1.22569e-13
3 -2.2915e-13
11526 3
1 1.92291e-13
2 -1.10134e-13
3 -2.11386e-13
11528 3
1 1.76748e-13
2 -1.26121e-13
3 -2.0961e-13
11530 3
1 1.84741e-13
2 -1.15463e-13
3 -2.00728e-13
11532 3
1 1.62981e-13
2 -1.1724e-13
3 -2.02505e-13
11534 3
1 1.53211e-13
2 -1.34115e-13
3 -2.00728e-13
11536 3
1 1.55431e-13
2 -9.59233e-14
3 -1.98952e-13
11538 3
1 1.55875e-13
2 -1.08358e-13
3 -2.00728e-13
11540 3
1 1.52767e-13
2 -1.18128e-13
3 -2.07834e-13
11542 3
1 1.35891e-13
2 -1.20792e-13
3 -2.14939e-13
11544 3
1 1.49214e-13
2 -1.36779e-13
3 -2.25597e-13
11546 3
1 1.58096e-13
2 -1.1191e-13
3 -2.27374e-13
11548 3
1 1.36779e-13
2 -1.4122e-13
3 -2.18492e-13
11550 3
1 1.42997e-13
2 -1.6076e-13
3 -2.18492e-13
11552 3
1 1.51879e-13
2 -1.38556e-13
3 -2.16716e-13
11554 3
1 1.42997e-13
2 -1.18128e-13
3 -1.98952e-13
11556 3
1 1.61648e-13
2 -1.52767e-13
3 -1.86517e-13
11558 3
1 1.54543e-13
2 -1.1191e-13
3 -2.07834e-13
11560 3
1 1.47438e-13
2 -1.18128e-13
3 -2.03393e-13
11562 3
1 1.55431e-13
2 -1.23457e-13
3 -2.25597e-13
11564 3
1 1.48326e-13
2 -1.28786e-13
3 -2.08722e-13
11566 3
1 1.72307e-13
2 -1.4122e-13
3 -2.14939e-13
11568 3
1 1.39444e-13
2 -1.46549e-13
3 -1.93623e-13
11570 3
1 1.56319e-13
2 -1.39444e-13
3 -2.14939e-13
11572 3
1 1.47438e-13
2 -1.45661e-13
3 -2.00728e-13
11574 3
1 1.52767e-13
2 -1.58096e-13
3 -2.14051e-13
11576 3
1 1.64313e-13
2 -1.37668e-13
3 -1.88294e-13
11578 3
1 1.3145e-13
2 -1.48326e-13
3 -1.91847e-13
11580 3
1 1.62093e-13
2 -1.40332e-13
3 -2.0961e-13
11582 3
1 1.59872e-13
2 -1.39444e-13
3 -1.74083e-13
11584 3
1 1.86962e-13
2 -1.51879e-13
3 -1.98952e-13
11586 3
1 1.61204e-13
2 -1.40332e-13
3 -1.82965e-13
11588 3
1 1.58096e-13
2 -1.30562e-13
3 -2.02505e-13
11590 3
1 1.58984e-13
2 -1.5099e-13
3 -1.88294e-13
11592 3
1 1.82077e-13
2 -1.33227e-13
3 -2.07834e-13
11594 3
1 1.79856e-13
2 -1.26121e-13
3 -2.14051e-13
11596 3
1 1.79856e-13
2 -1.47438e-13
3 -1.97176e-13
11598 3
1 1.7053e-13
2 -1.39444e-13
3 -1.94511e-13
11600 3
1 1.81188e-13
2 -1.52767e-13
3 -1.92735e-13
11602 3
1 1.60316e-13
2 -1.42109e-13
3 -1.87406e-13
11604 3
1 1.69642e-13
2 -1.46549e-13
3 -1.9984e-13
11606 3
1 1.73639e-13
2 -1.48326e-13
3 -1.98064e-13
11608 3
1 1.75859e-13
2 -1.34115e-13
3 -1.97176e-13
11610 3
1 1.86962e-13
2 -1.33227e-13
3 -2.0961e-13
11612 3
1 1.64313e-13
2 -1.3145e-13
3 -2.10498e-13
11614 3
1 1.89626e-13
2 -1.62537e-13
3 -1.98064e-13
11616 3
1 1.83853e-13
2 -1.54543e-13
3 -2.01617e-13
11618 3
1 1.61648e-13
2 -1.42997e-13
3 -2.28262e-13
11620 3
1 1.98064e-13
2 -1.35003e-13
3 -2.03393e-13
11622 3
1 1.69642e-13
2 -1.39444e-13
3 -2.08722e-13
11624 3
1 1.85185e-13
2 -1.30562e-13
3 -2.06057e-13
11626 3
1 1.76303e-13
2 -1.27898e-13
3 -2.06057e-13
11628 3
1 1.56763e-13
2 -1.33227e-13
3 -2.13163e-13
11630 3
1 1.63869e-13
2 -1.39444e-13
3 -2.22933e-13
11632 3
1 1.64313e-13
2 -1.42997e-13
3 -1.97176e-13
11634 3
1 1.61648e-13
2 -1.27898e-13
3 -2.17604e-13
11636 3
1 1.61648e-13
2 -1.38556e-13
3 -2.16716e-13
11638 3
1 1.64757e-13
2 -1.50102e-13
3 -2.01617e-13
11640 3
1 1.82521e-13
2 -1.20792e-13
3 -2.32703e-13
11642 3
1 1.52767e-13
2 -1.37668e-13
3 -2.22045e-13
11644 3
1 1.49214e-13
2 -1.18128e-13
3 -2.02505e-13
11646 3
1 1.40332e-13
2 -1.26121e-13
3 -2.20268e-13
11648 3
1 1.47438e-13
2 -1.39444e-13
3 -2.02505e-13
11650 3
1 1.72751e-13
2 -1.36779e-13
3 -2.27374e-13
11652 3
1 1.77192e-13
2 -1.14575e-13
3 -2.1938e-13
11654 3
1 1.72751e-13
2 -1.56319e-13
3 -2.11386e-13
11656 3
1 1.50102e-13
2 -1.1191e-13
3 -2.22933e-13
11658 3
1 1.70974e-13
2 -1.29674e-13
3 -2.14939e-13
11660 3
1 1.79856e-13
2 -1.30562e-13
3 -2.2915e-13
11662 3
1 1.58096e-13
2 -1.19016e-13
3 -2.27374e-13
11664 3
1 1.75859e-13
2 -1.03029e-13
3 -2.14051e-13
11666 3
1 1.63869e-13
2 -1.00364e-13
3 -2.3892e-13
11668 3
1 1.38556e-13
2 -1.35003e-13
3 -2.1938e-13
11670 3
1 1.81632e-13
2 -1.42997e-13
3 -2.13163e-13
11672 3
1 1.65645e-13
2 -1.30562e-13
3 -2.36255e-13
11674 3
1 1.76303e-13
2 -1.66978e-13
3 -2.22933e-13
11676 3
1 1.64313e-13
2 -1.13687e-13
3 -2.08722e-13
11678 3
1 1.66978e-13
2 -1.2168e-13
3 -2.1938e-13
11680 3
1 1.53655e-13
2 -1.2701e-13
3 -2.14939e-13
11682 3
1 1.59872e-13
2 -1.2701e-13
3 -2.26485e-13
11684 3
1 1.54099e-13
2 -1.14575e-13
3 -2.43361e-13
11686 3
1 1.81632e-13
2 -1.45661e-13
3 -2.18492e-13
11688 3
1 1.4877e-13
2 -1.47438e-13
3 -2.37144e-13
11690 3
1 1.36779e-13
2 -1.2168e-13
3 -2.44249e-13
11692 3
1 1.45661e-13
2 -1.33227e-13
3 -2.30926e-13
11694 3
1 1.37668e-13
2 -1.42109e-13
3 -2.22045e-13
11696 3
1 1.45661e-13
2 -1.51879e-13
3 -2.36255e-13
11698 3
1 1.54987e-13
2 -1.2168e-13
3 -2.14939e-13
11700 3
1 1.4877e-13
2 -1.53655e-13
3 -2.32703e-13
11702 3
1 1.46549e-13
2 -1.19904e-13
3 -2.54019e-13
11704 3
1 1.49214e-13
2 -1.6076e-13
3 -2.37144e-13
11706 3
1 1.77192e-13
2 -1.29674e-13
3 -2.2915e-13
11708 3
1 1.74971e-13
2 -1.30562e-13
3 -2.20268e-13
11710 3
1 1.41664e-13
2 -1.43885e-13
3 -2.23821e-13
11712 3
1 1.50102e-13
2 -1.55431e-13
3 -2.30038e-13
11714 3
1 1.62981e-13
2 -1.4122e-13
3 -2.25597e-13
11716 3
1 1.44329e-13
2 -1.19016e-13
3 -2.42473e-13
11718 3
1 1.54543e-13
2 -1.33227e-13
3 -2.34479e-13
11720 3
1 1.61648e-13
2 -1.56319e-13
3 -2.50466e-13
11722 3
1 1.43885e-13
2 -1.38556e-13
3 -2.2915e-13
11724 3
1 1.63869e-13
2 -1.42109e-13
3 -2.44249e-13
11726 3
1 1.74083e-13
2 -1.66978e-13
3 -2.52243e-13
11728 3
1 1.81632e-13
2 -1.42997e-13
3 -2.41585e-13
11730 3
1 1.66311e-13
2 -1.52767e-13
3 -2.35367e-13
11732 3
1 1.63647e-13
2 -1.48326e-13
3 -2.49578e-13
11734 3
1 1.55875e-13
2 -1.35891e-13
3 -2.47802e-13
11736 3
1 1.66533e-13
2 -1.38556e-13
3 -2.5846e-13
11738 3
1 1.61204e-13
2 -1.40332e-13
3 -2.49578e-13
11740 3
1 1.56763e-13
2 -1.4122e-13
3 -2.40696e-13
11742 3
1 1.62315e-13
2 -1.30562e-13
3 -2.51354e-13
11744 3
1 1.55875e-13
2 -1.67866e-13
3 -2.3892e-13
11746 3
1 1.65645e-13
2 -1.35003e-13
3 -2.27374e-13
11748 3
1 1.33227e-13
2 -1.63425e-13
3 -2.39808e-13
11750 3
1 1.88738e-13
2 -1.74083e-13
3 -2.37144e-13
11752 3
1 1.63203e-13
2 -1.72307e-13
3 -2.24709e-13
11754 3
1 1.7053e-13
2 -1.42997e-13
3 -2.32703e-13
11756 3
1 1.80078e-13
2 -1.2168e-13
3 -2.1938e-13
11758 3
1 1.62537e-13
2 -1.25233e-13
3 -2.17604e-13
11760 3
1 1.64757e-13
2 -1.50102e-13
3 -2.18492e-13
11762 3
1 1.67422e-13
2 -1.50102e-13
3 -2.27374e-13
11764 3
1 1.39444e-13
2 -1.20792e-13
3 -2.21156e-13
11766 3
1 1.64757e-13
2 -1.803e-13
3 -2.18492e-13
11768 3
1 1.41664e-13
2 -1.56319e-13
3 -2.21156e-13
11770 3
1 1.7808e-13
2 -1.34115e-13
3 -2.13163e-13
11772 3
1 1.66755e-13
2 -1.45661e-13
3 -2.22045e-13
11774 3
1 1.70752e-13
2 -1.65201e-13
3 -2.13163e-13
11776 3
1 1.61204e-13
2 -1.62537e-13
3 -2.2915e-13
11778 3
1 1.63647e-13
2 -1.64313e-13
3 -2.03393e-13
11780 3
1 1.54321e-13
2 -1.34115e-13
3 -2.36255e-13
11782 3
1 1.51434e-13
2 -1.44773e-13
3 -2.34479e-13
11784 3
1 1.66089e-13
2 -1.58096e-13
3 -2.31815e-13
11786 3
1 1.52323e-13
2 -1.32339e-13
3 -2.46914e-13
11788 3
1 1.61648e-13
2 -1.59872e-13
3 -2.46914e-13
11790 3
1 1.52323e-13
2 -1.48326e-13
3 -2.27374e-13
11792 3
1 1.80966e-13
2 -1.40332e-13
3 -2.34479e-13
11794 3
1 1.51656e-13
2 -1.38556e-13
3 -2.40696e-13
11796 3
1 1.51212e-13
2 -1.35003e-13
3 -2.27374e-13
11798 3
1 1.66533e-13
2 -1.51879e-13
3 -2.36255e-13
11800 3
1 1.35003e-13
2 -1.64313e-13
3 -2.24709e-13
11802 3
1 1.66533e-13
2 -1.44773e-13
3 -2.37144e-13
11804 3
1 1.69198e-13
2 -1.42997e-13
3 -2.44249e-13
11806 3
1 1.53433e-13
2 -1.55431e-13
3 -2.59348e-13
11808 3
1 1.53655e-13
2 -1.42109e-13
3 -2.32703e-13
11810 3
1 1.27898e-13
2 -1.54543e-13
3 -2.51354e-13
11812 3
1 1.34115e-13
2 -1.55431e-13
3 -2.39808e-13
11814 3
1 1.70974e-13
2 -1.74971e-13
3 -2.32703e-13
11816 3
1 1.54099e-13
2 -1.4122e-13
3 -2.41585e-13
11818 3
1 1.64313e-13
2 -1.66089e-13
3 -2.4869e-13
11820 3
1 1.42775e-13
2 -1.61648e-13
3 -2.6823e-13
11822 3
1 1.45661e-13
2 -1.77636e-13
3 -2.31815e-13
11824 3
1 1.49214e-13
2 -1.37668e-13
3 -2.65565e-13
11826 3
1 1.5854e-13
2 -1.12799e-13
3 -2.46914e-13
11828 3
1 1.24789e-13
2 -1.48326e-13
3 -2.54907e-13
11830 3
1 1.32783e-13
2 -1.46549e-13
3 -2.52243e-13
11832 3
1 1.43885e-13
2 -1.52767e-13
3 -2.5846e-13
11834 3
1 1.50102e-13
2 -1.48326e-13
3 -2.62901e-13
11836 3
1 1.56986e-13
2 -1.62537e-13
3 -2.54019e-13
11838 3
1 1.53433e-13
2 -1.34115e-13
3 -2.59348e-13
11840 3
1 1.80744e-13
2 -1.40332e-13
3 -2.59348e-13
11842 3
1 1.6076e-13
2 -1.47438e-13
3 -2.39808e-13
11844 3
1 1.90292e-13
2 -1.68754e-13
3 -2.52243e-13
11846 3
1 1.30118e-13
2 -1.44773e-13
3 -2.47802e-13
11848 3
1 1.4877e-13
2 -1.55431e-13
3 -2.46914e-13
11850 3
1 1.61648e-13
2 -1.45661e-13
3 -2.54019e-13
11852 3
1 1.65645e-13
2 -1.15463e-13
3 -2.64677e-13
11854 3
1 1.86073e-13
2 -1.25233e-13
3 -2.70006e-13
11856 3
1 1.53211e-13
2 -1.4122e-13
3 -2.54019e-13
11858 3
1 1.76748e-13
2 -1.47438e-13
3 -2.54019e-13
11860 3
1 1.7697e-13
2 -1.37668e-13
3 -2.35367e-13
11862 3
1 1.6831e-13
2 -1.46549e-13
3 -2.32703e-13
11864 3
1 1.53211e-13
2 -1.37668e-13
3 -2.4869e-13
11866 3
1 1.58096e-13
2 -1.50102e-13
3 -2.41585e-13
11868 3
1 1.86517e-13
2 -1.38556e-13
3 -2.62901e-13
11870 3
1 1.7164e-13
2 -1.35891e-13
3 -2.54907e-13
11872 3
1 1.79856e-13
2 -1.5099e-13
3 -2.33591e-13
11874 3
1 1.73417e-13
2 -1.39444e-13
3 -2.67342e-13
11876 3
1 1.65645e-13
2 -1.18128e-13
3 -2.46914e-13
11878 3
1 1.43441e-13
2 -1.59872e-13
3 -2.1938e-13
11880 3
1 1.56319e-13
2 -1.56319e-13
3 -2.32703e-13
11882 3
1 1.83187e-13
2 -1.26121e-13
3 -2.40696e-13
11884 3
1 1.69198e-13
2 -1.39444e-13
3 -2.39808e-13
11886 3
1 1.76748e-13
2 -1.74083e-13
3 -2.30926e-13
11888 3
1 1.46549e-13
2 -1.40332e-13
3 -2.41585e-13
11890 3
1 1.59872e-13
2 -1.54543e-13
3 -2.5846e-13
11892 3
1 1.56763e-13
2 -1.33227e-13
3 -2.49578e-13
11894 3
1 1.76303e-13
2 -1.39444e-13
3 -2.59348e-13
11896 3
1 1.75859e-13
2 -1.66978e-13
3 -2.37144e-13
11898 3
1 1.71863e-13
2 -1.40332e-13
3 -2.35367e-13
11900 3
1 1.62981e-13
2 -1.39444e-13
3 -2.47802e-13
11902 3
1 1.64313e-13
2 -1.32339e-13
3 -2.33591e-13
11904 3
1 1.62093e-13
2 -1.34115e-13
3 -2.57572e-13
11906 3
1 1.7053e-13
2 -1.38556e-13
3 -2.42473e-13
11908 3
1 1.5099e-13
2 -1.39444e-13
3 -2.69118e-13
11910 3
1 1.5099e-13
2 -1.26121e-13
3 -2.50466e-13
11912 3
1 1.50546e-13
2 -1.56319e-13
3 -2.54019e-13
11914 3
1 1.23457e-13
2 -1.48326e-13
3 -2.66454e-13
11916 3
1 1.51879e-13
2 -1.30562e-13
3 -2.55795e-13
11918 3
1 1.43885e-13
2 -1.22569e-13
3 -2.67342e-13
11920 3
1 1.62093e-13
2 -1.20792e-13
3 -2.5846e-13
11922 3
1 1.49658e-13
2 -1.22569e-13
3 -2.50466e-13
11924 3
1 1.45217e-13
2 -1.01252e-13
3 -2.76223e-13
11926 3
1 1.50546e-13
2 -1.62537e-13
3 -2.70894e-13
11928 3
1 1.26121e-13
2 -1.27898e-13
3 -2.61124e-13
11930 3
1 1.34559e-13
2 -1.35003e-13
3 -2.45137e-13
11932 3
1 1.32783e-13
2 -1.32339e-13
3 -2.51354e-13
11934 3
1 1.25455e-13
2 -1.04805e-13
3 -2.47802e-13
11936 3
1 1.52323e-13
2 -1.47438e-13
3 -2.32703e-13
11938 3
1 1.47882e-13
2 -1.18128e-13
3 -2.52243e-13
11940 3
1 1.11466e-13
2 -1.42109e-13
3 -2.50466e-13
11942 3
1 1.07914e-13
2 -1.10134e-13
3 -2.47802e-13
11944 3
1 1.15907e-13
2 -1.14575e-13
3 -2.70894e-13
11946 3
1 1.53211e-13
2 -1.09246e-13
3 -2.43361e-13
11948 3
1 1.23013e-13
2 -1.35891e-13
3 -2.55795e-13
11950 3
1 1.23013e-13
2 -1.2701e-13
3 -2.40696e-13
11952 3
1 1.12799e-13
2 -1.2168e-13
3 -2.36255e-13
11954 3
1 1.44551e-13
2 -1.24345e-13
3 -2.42473e-13
11956 3
1 1.17684e-13
2 -1.32339e-13
3 -2.23821e-13
11958 3
1 1.13021e-13
2 -1.35003e-13
3 -2.45137e-13
11960 3
1 1.19904e-13
2 -1.22569e-13
3 -2.41585e-13
11962 3
1 1.33227e-13
2 -1.38556e-13
3 -2.51354e-13
11964 3
1 1.49658e-13
2 -1.37668e-13
3 -2.39808e-13
11966 3
1 1.17684e-13
2 -1.42997e-13
3 -2.42473e-13
11968 3
1 1.16795e-13
2 -1.1724e-13
3 -2.46025e-13
11970 3
1 1.03917e-13
2 -1.22569e-13
3 -2.56684e-13
11972 3
1 1.28342e-13
2 -1.22569e-13
3 -2.30926e-13
11974 3
1 1.32783e-13
2 -1.38556e-13
3 -2.30926e-13
11976 3
1 1.33227e-13
2 -1.12799e-13
3 -2.42473e-13
11978 3
1 1.35447e-13
2 -1.12799e-13
3 -2.3892e-13
11980 3
1 1.50546e-13
2 -1.06581e-13
3 -2.62013e-13
11982 3
1 1.42997e-13
2 -1.18128e-13
3 -2.62901e-13
11984 3
1 1.40776e-13
2 -1.3145e-13
3 -2.57572e-13
11986 3
1 1.44329e-13
2 -1.1724e-13
3 -2.53131e-13
11988 3
1 1.4877e-13
2 -1.32339e-13
3 -2.45137e-13
11990 3
1 1.37224e-13
2 -9.76996e-14
3 -2.63789e-13
11992 3
1 1.44773e-13
2 -1.09246e-13
3 -2.46914e-13
11994 3
1 1.35003e-13
2 -1.20792e-13
3 -2.5846e-13
11996 3
1 1.25233e-13
2 -8.9706e-14
3 -2.38032e-13
11998 3
1 9.99201e-14
2 -1.06581e-13
3 -2.44249e-13
12000 3
1 1.2923e-13
2 -1.05693e-13
3 -2.42473e-13
12002 3
1 1.3145e-13
2 -1.1724e-13
3 -2.54019e-13
12004 3
1 9.85878e-14
2 -1.18128e-13
3 -2.41585e-13
12006 3
1 1.33227e-13
2 -1.13687e-13
3 -2.35367e-13
12008 3
1 1.35447e-13
2 -1.25233e-13
3 -2.46025e-13
12010 3
1 1.28342e-13
2 -1.19016e-13
3 -2.6823e-13
12012 3
1 1.00808e-13
2 -9.14824e-14
3 -2.61124e-13
12014 3
1 9.37028e-14
2 -9.50351e-14
3 -2.63789e-13
12016 3
1 1.13243e-13
2 -1.06581e-13
3 -2.62013e-13
12018 3
1 1.04805e-13
2 -1.04805e-13
3 -2.72671e-13
12020 3
1 1.21236e-13
2 -1.19016e-13
3 -2.56684e-13
12022 3
1 1.19904e-13
2 -1.16351e-13
3 -2.36255e-13
12024 3
1 1.0969e-13
2 -1.34115e-13
3 -2.49578e-13
12026 3
1 9.99201e-14
2 -1.11022e-13
3 -2.59348e-13
12028 3
1 1.28786e-13
2 -1.20792e-13
3 -2.52243e-13
12030 3
1 1.19904e-13
2 -1.0747e-13
3 -2.65565e-13
12032 3
1 1.23457e-13
2 -1.14575e-13
3 -2.52243e-13
12034 3
1 1.24345e-13
2 -1.19904e-13
3 -2.69118e-13
12036 3
1 9.99201e-14
2 -1.26121e-13
3 -2.91323e-13
12038 3
1 1.03473e-13
2 -1.09246e-13
3 -2.82441e-13
12040 3
1 9.19265e-14
2 -1.11022e-13
3 -2.66454e-13
12042 3
1 9.90319e-14
2 -1.2701e-13
3 -2.5846e-13
12044 3
1 8.88178e-14
2 -1.04805e-13
3 -2.77112e-13
12046 3
1 1.07025e-13
2 -1.18128e-13
3 -2.72671e-13
12048 3
1 1.17684e-13
2 -1.29674e-13
3 -2.73559e-13
12050 3
1 1.08802e-13
2 -1.03029e-13
3 -2.96652e-13
12052 3
1 1.25233e-13
2 -1.40332e-13
3 -2.64677e-13
12054 3
1 1.22569e-13
2 -1.19904e-13
3 -2.75335e-13
12056 3
1 1.18572e-13
2 -1.42109e-13
3 -2.6823e-13
12058 3
1 1.04805e-13
2 -1.36779e-13
3 -2.84217e-13
12060 3
1 1.3145e-13
2 -1.35003e-13
3 -2.77112e-13
12062 3
1 1.40332e-13
2 -1.23457e-13
3 -2.69118e-13
12064 3
1 1.00364e-13
2 -1.26121e-13
3 -2.67342e-13
12066 3
1 1.16795e-13
2 -1.24345e-13
3 -2.5846e-13
12068 3
1 1.13687e-13
2 -1.3145e-13
3 -2.98428e-13
12070 3
1 1.06137e-13
2 -1.30562e-13
3 -2.75335e-13
12072 3
1 8.70415e-14
2 -1.42109e-13
3 -2.70894e-13
12074 3
1 1.19016e-13
2 -1.25233e-13
3 -2.78e-13
12076 3
1 1.10578e-13
2 -1.12799e-13
3 -2.77112e-13
12078 3
1 1.12799e-13
2 -1.00364e-13
3 -2.71783e-13
12080 3
1 1.22125e-13
2 -9.50351e-14
3 -2.80664e-13
12082 3
1 1.30118e-13
2 -1.13687e-13
3 -2.62901e-13
12084 3
1 1.08802e-13
2 -1.1724e-13
3 -2.63789e-13
12086 3
1 1.11022e-13
2 -9.41469e-14
3 -2.93099e-13
12088 3
1 1.03917e-13
2 -1.09246e-13
3 -2.65565e-13
12090 3
1 1.35891e-13
2 -1.2701e-13
3 -2.83329e-13
12092 3
1 8.17124e-14
2 -1.28786e-13
3 -2.89546e-13
12094 3
1 1.04805e-13
2 -1.05693e-13
3 -2.79776e-13
12096 3
1 1.11022e-13
2 -1.13687e-13
3 -2.79776e-13
12098 3
1 9.37028e-14
2 -1.19016e-13
3 -2.6823e-13
12100 3
1 1.14575e-13
2 -1.05693e-13
3 -2.6823e-13
12102 3
1 1.07025e-13
2 -1.16351e-13
3 -2.79776e-13
12104 3
1 1.04361e-13
2 -1.01252e-13
3 -2.73559e-13
12106 3
1 1.1191e-13
2 -1.28786e-13
3 -2.71783e-13
12108 3
1 1.03917e-13
2 -1.43885e-13
3 -2.71783e-13
12110 3
1 9.90319e-14
2 -1.2168e-13
3 -2.83329e-13
12112 3
1 1.00808e-13
2 -1.0747e-13
3 -2.71783e-13
12114 3
1 1.22569e-13
2 -1.06581e-13
3 -2.70006e-13
12116 3
1 1.1191e-13
2 -1.24345e-13
3 -2.77112e-13
12118 3
1 9.90319e-14
2 -1.26121e-13
3 -2.63789e-13
12120 3
1 1.04805e-13
2 -1.01252e-13
3 -2.63789e-13
12122 3
1 1.07914e-13
2 -1.0747e-13
3 -2.62901e-13
12124 3
1 1.03473e-13
2 -1.16351e-13
3 -2.62901e-13
12126 3
1 1.24789e-13
2 -1.09246e-13
3 -2.46025e-13
12128 3
1 8.17124e-14
2 -1.4122e-13
3 -2.75335e-13
12130 3
1 1.05693e-13
2 -1.25233e-13
3 -2.55795e-13
12132 3
1 1.12355e-13
2 -1.13687e-13
3 -2.6823e-13
12134 3
1 1.20792e-13
2 -1.24345e-13
3 -2.71783e-13
12136 3
1 9.68114e-14
2 -1.14575e-13
3 -2.56684e-13
12138 3
1 7.86038e-14
2 -9.9476e-14
3 -2.72671e-13
12140 3
1 7.23865e-14
2 -1.23457e-13
3 -2.45137e-13
12142 3
1 1.01696e-13
2 -1.26121e-13
3 -2.54907e-13
12144 3
1 1.02141e-13
2 -1.33227e-13
3 -2.67342e-13
12146 3
1 9.81437e-14
2 -1.24345e-13
3 -2.54019e-13
12148 3
1 1.0747e-13
2 -1.4122e-13
3 -2.57572e-13
12150 3
1 8.52651e-14
2 -1.09246e-13
3 -2.76223e-13
12152 3
1 1.06137e-13
2 -1.35891e-13
3 -2.55795e-13
12154 3
1 9.90319e-14
2 -1.37668e-13
3 -2.71783e-13
12156 3
1 1.0747e-13
2 -1.11022e-13
3 -2.43361e-13
12158 3
1 1.07914e-13
2 -1.35891e-13
3 -2.66454e-13
12160 3
1 1.07025e-13
2 -1.33227e-13
3 -2.70894e-13
12162 3
1 1.11466e-13
2 -1.40332e-13
3 -2.78e-13
12164 3
1 1.18128e-13
2 -1.15463e-13
3 -2.72671e-13
12166 3
1 8.9706e-14
2 -1.56319e-13
3 -2.50466e-13
12168 3
1 9.01501e-14
2 -1.29674e-13
3 -2.78888e-13
12170 3
1 7.9492e-14
2 -1.26121e-13
3 -2.64677e-13
12172 3
1 9.72555e-14
2 -1.51879e-13
3 -2.75335e-13
12174 3
1 9.10383e-14
2 -1.32339e-13
3 -2.47802e-13
12176 3
1 9.37028e-14
2 -1.2168e-13
3 -2.53131e-13
12178 3
1 9.23706e-14
2 -1.50102e-13
3 -2.54907e-13
12180 3
1 7.59393e-14
2 -1.34115e-13
3 -2.49578e-13
12182 3
1 1.22569e-13
2 -1.24345e-13
3 -2.63789e-13
12184 3
1 1.01696e-13
2 -9.50351e-14
3 -2.46914e-13
12186 3
1 1.08802e-13
2 -1.44773e-13
3 -2.2915e-13
12188 3
1 1.0747e-13
2 -1.46549e-13
3 -2.54019e-13
12190 3
1 8.61533e-14
2 -1.48326e-13
3 -2.69118e-13
12192 3
1 1.11466e-13
2 -1.38556e-13
3 -2.35367e-13
12194 3
1 9.68114e-14
2 -1.28786e-13
3 -2.45137e-13
12196 3
1 1.32783e-13
2 -1.23457e-13
3 -2.53131e-13
12198 3
1 9.59233e-14
2 -1.28786e-13
3 -2.55795e-13
12200 3
1 9.99201e-14
2 -1.46549e-13
3 -2.4869e-13
12202 3
1 8.08242e-14
2 -1.38556e-13
3 -2.18492e-13
12204 3
1 9.10383e-14
2 -1.34115e-13
3 -2.39808e-13
12206 3
1 8.79297e-14
2 -1.44773e-13
3 -2.35367e-13
12208 3
1 9.63674e-14
2 -1.35003e-13
3 -2.36255e-13
12210 3
1 8.50431e-14
2 -1.4122e-13
3 -2.62901e-13
12212 3
1 8.41549e-14
2 -1.25233e-13
3 -2.3892e-13
12214 3
1 1.08802e-13
2 -1.35003e-13
3 -2.33591e-13
12216 3
1 9.72555e-14
2 -1.19904e-13
3 -2.22933e-13
12218 3
1 1.02585e-13
2 -1.22569e-13
3 -2.38032e-13
12220 3
1 9.76996e-14
2 -1.15463e-13
3 -2.54019e-13
12222 3
1 9.10383e-14
2 -1.36779e-13
3 -2.39808e-13
12224 3
1 1.12355e-13
2 -1.35891e-13
3 -2.33591e-13
12226 3
1 9.23706e-14
2 -1.48326e-13
3 -2.14939e-13
12228 3
1 9.72555e-14
2 -1.27898e-13
3 -2.22933e-13
12230 3
1 9.32587e-14
2 -1.22125e-13
3 -2.44249e-13
12232 3
1 9.41469e-14
2 -1.46549e-13
3 -2.38032e-13
12234 3
1 1.15019e-13
2 -1.55875e-13
3 -2.66454e-13
12236 3
1 8.12683e-14
2 -1.42109e-13
3 -2.46914e-13
12238 3
1 1.04361e-13
2 -1.43441e-13
3 -2.43361e-13
12240 3
1 9.85878e-14
2 -1.32339e-13
3 -2.44249e-13
12242 3
1 9.19265e-14
2 -1.38556e-13
3 -2.12275e-13
12244 3
1 6.66134e-14
2 -1.40332e-13
3 -2.47802e-13
12246 3
1 1.03473e-13
2 -1.18128e-13
3 -2.39808e-13
12248 3
1 1.15463e-13
2 -1.30562e-13
3 -2.34479e-13
12250 3
1 1.05693e-13
2 -1.42997e-13
3 -2.37144e-13
12252 3
1 1.12355e-13
2 -1.22125e-13
3 -2.56684e-13
12254 3
1 9.05942e-14
2 -1.46994e-13
3 -2.46914e-13
12256 3
1 8.79297e-14
2 -1.14575e-13
3 -2.32703e-13
12258 3
1 1.32339e-13
2 -1.36335e-13
3 -2.32703e-13
12260 3
1 1.02585e-13
2 -1.36779e-13
3 -2.51354e-13
12262 3
1 9.19265e-14
2 -1.26121e-13
3 -2.66454e-13
12264 3
1 8.17124e-14
2 -1.44773e-13
3 -2.31815e-13
12266 3
1 1.0747e-13
2 -1.35891e-13
3 -2.23821e-13
12268 3
1 1.00808e-13
2 -1.33227e-13
3 -2.33591e-13
12270 3
1 1.02585e-13
2 -1.47438e-13
3 -2.26485e-13
12272 3
1 1.14575e-13
2 -1.4122e-13
3 -2.32703e-13
12274 3
1 8.52651e-14
2 -1.32339e-13
3 -2.32703e-13
12276 3
1 7.90479e-14
2 -1.49214e-13
3 -2.38032e-13
12278 3
1 7.90479e-14
2 -1.57208e-13
3 -2.4869e-13
12280 3
1 9.68114e-14
2 -1.30562e-13
3 -2.39808e-13
12282 3
1 1.02141e-13
2 -1.32339e-13
3 -2.38032e-13
12284 3
1 7.10543e-14
2 -1.43885e-13
3 -2.36255e-13
12286 3
1 8.83738e-14
2 -1.39e-13
3 -2.33591e-13
12288 3
1 1.20348e-13
2 -1.17684e-13
3 -2.4869e-13
12290 3
1 8.17124e-14
2 -1.37224e-13
3 -2.30926e-13
12292 3
1 8.26006e-14
2 -1.25233e-13
3 -2.41585e-13
12294 3
1 1.14575e-13
2 -1.42109e-13
3 -2.31815e-13
12296 3
1 9.59233e-14
2 -1.40776e-13
3 -2.31815e-13
12298 3
1 1.20792e-13
2 -1.50102e-13
3 -2.46914e-13
12300 3
1 1.06581e-13
2 -1.56319e-13
3 -2.42473e-13
12302 3
1 1.07914e-13
2 -1.53655e-13
3 -2.56684e-13
12304 3
1 8.92619e-14
2 -1.40776e-13
3 -2.53131e-13
12306 3
1 1.15019e-13
2 -1.49214e-13
3 -2.64677e-13
12308 3
1 1.25233e-13
2 -1.58096e-13
3 -2.56684e-13
12310 3
1 1.03473e-13
2 -1.58096e-13
3 -2.69118e-13
12312 3
1 1.18572e-13
2 -1.46549e-13
3 -2.6823e-13
12314 3
1 9.50351e-14
2 -1.35003e-13
3 -2.53131e-13
12316 3
1 1.14575e-13
2 -1.37668e-13
3 -2.53131e-13
12318 3
1 9.9476e-14
2 -1.38112e-13
3 -2.32703e-13
12320 3
1 1.03917e-13
2 -1.54987e-13
3 -2.4869e-13
12322 3
1 9.81437e-14
2 -1.40776e-13
3 -2.31815e-13
12324 3
1 1.05249e-13
2 -1.59428e-13
3 -2.56684e-13
12326 3
1 9.41469e-14
2 -1.68754e-13
3 -2.38032e-13
12328 3
1 9.23706e-14
2 -1.53211e-13
3 -2.39808e-13
12330 3
1 9.4591e-14
2 -1.66089e-13
3 -2.32703e-13
12332 3
1 9.19265e-14
2 -1.39e-13
3 -2.37144e-13
12334 3
1 7.41629e-14
2 -1.52767e-13
3 -2.31815e-13
12336 3
1 6.88338e-14
2 -1.37668e-13
3 -2.35367e-13
12338 3
1 7.77156e-14
2 -1.39e-13
3 -2.30038e-13
12340 3
1 1.04361e-13
2 -1.33227e-13
3 -2.17604e-13
12342 3
1 8.88178e-14
2 -1.71418e-13
3 -2.15827e-13
12344 3
1 5.72875e-14
2 -1.5099e-13
3 -2.36255e-13
12346 3
1 9.37028e-14
2 -1.53655e-13
3 -2.15827e-13
12348 3
1 7.23865e-14
2 -1.62537e-13
3 -2.26485e-13
12350 3
1 8.65974e-14
2 -1.51879e-13
3 -2.28262e-13
12352 3
1 8.57092e-14
2 -1.4122e-13
3 -2.18492e-13
12354 3
1 1.00364e-13
2 -1.40332e-13
3 -2.34479e-13
12356 3
1 8.26006e-14
2 -1.4122e-13
3 -2.43361e-13
12358 3
1 8.92619e-14
2 -1.20792e-13
3 -2.1938e-13
12360 3
1 1.01696e-13
2 -1.53655e-13
3 -2.2915e-13
12362 3
1 8.88178e-14
2 -1.16351e-13
3 -2.4869e-13
12364 3
1 9.90319e-14
2 -1.29674e-13
3 -2.2915e-13
12366 3
1 5.4623e-14
2 -1.54543e-13
3 -2.47802e-13
12368 3
1 9.19265e-14
2 -1.44773e-13
3 -2.50466e-13
12370 3
1 9.23706e-14
2 -1.36779e-13
3 -2.32703e-13
12372 3
1 7.50511e-14
2 -1.36779e-13
3 -2.39808e-13
12374 3
1 8.70415e-14
2 -1.45661e-13
3 -2.40696e-13
12376 3
1 8.03801e-14
2 -1.14131e-13
3 -2.62013e-13
12378 3
1 8.92619e-14
2 -1.31894e-13
3 -2.43361e-13
12380 3
1 8.70415e-14
2 -1.34115e-13
3 -2.3892e-13
12382 3
1 6.9722e-14
2 -1.67866e-13
3 -2.44249e-13
12384 3
1 8.83738e-14
2 -1.38556e-13
3 -2.45137e-13
12386 3
1 9.63674e-14
2 -1.25233e-13
3 -2.44249e-13
12388 3
1 1.20348e-13
2 -1.31894e-13
3 -2.41585e-13
12390 3
1 1.03029e-13
2 -1.12799e-13
3 -2.46025e-13
12392 3
1 8.12683e-14
2 -1.54543e-13
3 -2.40696e-13
12394 3
1 9.32587e-14
2 -1.66978e-13
3 -2.50466e-13
12396 3
1 9.28146e-14
2 -1.35447e-13
3 -2.50466e-13
12398 3
1 8.79297e-14
2 -1.49214e-13
3 -2.61124e-13
12400 3
1 1.03029e-13
2 -1.42997e-13
3 -2.56684e-13
12402 3
1 9.10383e-14
2 -1.51434e-13
3 -2.64677e-13
12404 3
1 8.70415e-14
2 -1.42553e-13
3 -2.39808e-13
12406 3
1 9.14824e-14
2 -1.5099e-13
3 -2.27374e-13
12408 3
1 7.68274e-14
2 -1.62537e-13
3 -2.4869e-13
12410 3
1 9.10383e-14
2 -1.55431e-13
3 -2.23821e-13
12412 3
1 9.63674e-14
2 -1.29674e-13
3 -2.31815e-13
12414 3
1 1.07914e-13
2 -1.25677e-13
3 -2.15827e-13
12416 3
1 9.41469e-14
2 -1.78524e-13
3 -2.24709e-13
12418 3
1 1.06137e-13
2 -1.63425e-13
3 -2.39808e-13
12420 3
1 8.9706e-14
2 -1.29674e-13
3 -2.52243e-13
12422 3
1 1.02585e-13
2 -1.53655e-13
3 -2.4869e-13
12424 3
1 9.81437e-14
2 -1.27898e-13
3 -2.3892e-13
12426 3
1 9.37028e-14
2 -1.44773e-13
3 -2.21156e-13
12428 3
1 9.90319e-14
2 -1.25233e-13
3 -2.49578e-13
12430 3
1 7.14984e-14
2 -1.4122e-13
3 -2.25597e-13
12432 3
1 8.43769e-14
2 -1.27898e-13
3 -2.46025e-13
12434 3
1 9.23706e-14
2 -1.38556e-13
3 -2.23821e-13
12436 3
1 7.06102e-14
2 -1.32339e-13
3 -2.46025e-13
12438 3
1 1.10134e-13
2 -1.56319e-13
3 -2.36255e-13
12440 3
1 1.18572e-13
2 -1.26121e-13
3 -2.32703e-13
12442 3
1 9.23706e-14
2 -1.5099e-13
3 -2.52243e-13
12444 3
1 1.24789e-13
2 -1.54987e-13
3 -2.60236e-13
12446 3
1 8.88178e-14
2 -1.67422e-13
3 -2.42473e-13
12448 3
1 8.39329e-14
2 -1.46994e-13
3 -2.37144e-13
12450 3
1 9.19265e-14
2 -1.43885e-13
3 -2.46914e-13
12452 3
1 1.03473e-13
2 -1.34115e-13
3 -2.52243e-13
12454 3
1 7.86038e-14
2 -1.48326e-13
3 -2.44249e-13
12456 3
1 1.12799e-13
2 -1.35447e-13
3 -2.54907e-13
12458 3
1 1.12799e-13
2 -1.55875e-13
3 -2.41585e-13
12460 3
1 1.32783e-13
2 -1.43885e-13
3 -2.43361e-13
12462 3
1 1.01696e-13
2 -1.29674e-13
3 -2.30038e-13
12464 3
1 9.59233e-14
2 -1.38112e-13
3 -2.33591e-13
12466 3
1 1.06137e-13
2 -1.73195e-13
3 -2.46025e-13
12468 3
1 9.10383e-14
2 -9.28146e-14
3 -2.28262e-13
12470 3
1 1.08358e-13
2 -1.51434e-13
3 -2.20268e-13
12472 3
1 8.83738e-14
2 -1.34115e-13
3 -2.31815e-13
12474 3
1 1.03917e-13
2 -1.57208e-13
3 -2.45137e-13
12476 3
1 6.43929e-14
2 -1.46549e-13
3 -2.44249e-13
12478 3
1 9.41469e-14
2 -1.33227e-13
3 -2.2915e-13
12480 3
1 9.10383e-14
2 -1.42997e-13
3 -2.55795e-13
12482 3
1 1.04361e-13
2 -1.49214e-13
3 -2.43361e-13
12484 3
1 1.00808e-13
2 -1.48326e-13
3 -2.4869e-13
12486 3
1 1.15907e-13
2 -1.43441e-13
3 -2.41585e-13
12488 3
1 1.14575e-13
2 -1.42553e-13
3 -2.30038e-13
12490 3
1 1.1191e-13
2 -1.43441e-13
3 -2.33591e-13
12492 3
1 9.05942e-14
2 -1.47438e-13
3 -2.11386e-13
12494 3
1 9.41469e-14
2 -1.37224e-13
3 -2.27374e-13
12496 3
1 1.18128e-13
2 -1.45661e-13
3 -2.41585e-13
12498 3
1 9.37028e-14
2 -1.28342e-13
3 -2.26485e-13
12500 3
1 1.07025e-13
2 -1.19904e-13
3 -2.38032e-13
12502 3
1 9.32587e-14
2 -1.40332e-13
3 -2.49578e-13
12504 3
1 8.52651e-14
2 -1.42997e-13
3 -2.43361e-13
12506 3
1 7.54952e-14
2 -1.16351e-13
3 -2.33591e-13
12508 3
1 1.33227e-13
2 -1.26121e-13
3 -2.33591e-13
12510 3
1 9.19265e-14
2 -1.28786e-13
3 -2.28262e-13
12512 3
1 9.32587e-14
2 -1.2701e-13
3 -2.37144e-13
12514 3
1 1.02585e-13
2 -1.15463e-13
3 -2.13163e-13
12516 3
1 9.76996e-14
2 -1.02141e-13
3 -2.26485e-13
12518 3
1 1.12799e-13
2 -1.30562e-13
3 -2.30038e-13
12520 3
1 9.50351e-14
2 -1.19016e-13
3 -2.34479e-13
12522 3
1 1.02585e-13
2 -1.14575e-13
3 -2.36255e-13
12524 3
1 1.02585e-13
2 -1.18572e-13
3 -2.27374e-13
12526 3
1 9.19265e-14
2 -1.33227e-13
3 -2.23821e-13
12528 3
1 1.02141e-13
2 -1.28786e-13
3 -2.25597e-13
12530 3
1 1.12355e-13
2 -1.1724e-13
3 -2.38032e-13
12532 3
1 1.01252e-13
2 -1.28786e-13
3 -2.2915e-13
12534 3
1 1.05693e-13
2 -1.01696e-13
3 -2.27374e-13
12536 3
1 9.54792e-14
2 -1.23457e-13
3 -2.53131e-13
12538 3
1 8.26006e-14
2 -1.49658e-13
3 -2.1938e-13
12540 3
1 1.15907e-13
2 -1.08358e-13
3 -2.41585e-13
12542 3
1 8.79297e-14
2 -1.01252e-13
3 -2.36255e-13
12544 3
1 8.52651e-14
2 -1.04361e-13
3 -2.32703e-13
12546 3
1 8.79297e-14
2 -1.42997e-13
3 -2.30038e-13
12548 3
1 9.37028e-14
2 -1.09246e-13
3 -2.32703e-13
12550 3
1 1.01252e-13
2 -1.27898e-13
3 -2.56684e-13
12552 3
1 1.03029e-13
2 -1.1191e-13
3 -2.28262e-13
12554 3
1 1.15463e-13
2 -1.15019e-13
3 -2.45137e-13
12556 3
1 1.16351e-13
2 -9.32587e-14
3 -2.46914e-13
12558 3
1 7.90479e-14
2 -1.16351e-13
3 -2.54019e-13
12560 3
1 8.08242e-14
2 -1.18128e-13
3 -2.44249e-13
12562 3
1 8.08242e-14
2 -1.36779e-13
3 -2.30038e-13
12564 3
1 1.06581e-13
2 -1.05249e-13
3 -2.49578e-13
12566 3
1 9.32587e-14
2 -9.85878e-14
3 -2.3892e-13
12568 3
1 1.03917e-13
2 -1.1191e-13
3 -2.30926e-13
12570 3
1 1.1191e-13
2 -1.11466e-13
3 -2.43361e-13
12572 3
1 8.70415e-14
2 -1.10134e-13
3 -2.24709e-13
12574 3
1 6.83897e-14
2 -9.72555e-14
3 -2.30926e-13
12576 3
1 9.76996e-14
2 -9.19265e-14
3 -2.30926e-13
12578 3
1 8.70415e-14
2 -1.13687e-13
3 -2.24709e-13
12580 3
1 1.0747e-13
2 -1.04361e-13
3 -2.31815e-13
12582 3
1 1.04805e-13
2 -1.10134e-13
3 -2.37144e-13
12584 3
1 1.10134e-13
2 -1.13243e-13
3 -2.22933e-13
12586 3
1 1.33227e-13
2 -9.81437e-14
3 -2.10498e-13
12588 3
1 1.0747e-13
2 -1.09246e-13
3 -2.32703e-13
12590 3
1 9.23706e-14
2 -1.04805e-13
3 -2.33591e-13
12592 3
1 9.76996e-14
2 -1.36335e-13
3 -2.1938e-13
12594 3
1 1.27898e-13
2 -1.14131e-13
3 -2.37144e-13
12596 3
1 1.08358e-13
2 -1.23901e-13
3 -2.28262e-13
12598 3
1 1.01252e-13
2 -1.26565e-13
3 -2.31815e-13
12600 3
1 1.03029e-13
2 -1.0747e-13
3 -2.43361e-13
12602 3
1 1.38556e-13
2 -1.1191e-13
3 -2.39808e-13
12604 3
1 9.68114e-14
2 -1.10578e-13
3 -2.20268e-13
12606 3
1 8.08242e-14
2 -1.29674e-13
3 -2.28262e-13
12608 3
1 9.23706e-14
2 -1.33227e-13
3 -2.2915e-13
12610 3
1 8.70415e-14
2 -1.35003e-13
3 -2.49578e-13
12612 3
1 1.26121e-13
2 -1.16351e-13
3 -2.38032e-13
12614 3
1 1.18128e-13
2 -1.34115e-13
3 -2.39808e-13
12616 3
1 1.06581e-13
2 -1.20792e-13
3 -2.34479e-13
12618 3
1 1.1191e-13
2 -1.22125e-13
3 -2.35367e-13
12620 3
1 9.76996e-14
2 -1.04805e-13
3 -2.28262e-13
12622 3
1 1.14575e-13
2 -1.20792e-13
3 -2.24709e-13
12624 3
1 1.03029e-13
2 -1.32783e-13
3 -2.49578e-13
12626 3
1 1.13687e-13
2 -9.76996e-14
3 -2.4869e-13
12628 3
1 1.1191e-13
2 -1.25677e-13
3 -2.27374e-13
12630 3
1 9.85878e-14
2 -1.24345e-13
3 -2.43361e-13
12632 3
1 1.2168e-13
2 -1.19904e-13
3 -2.52243e-13
12634 3
1 1.01252e-13
2 -1.23457e-13
3 -2.16716e-13
12636 3
1 1.09246e-13
2 -1.19904e-13
3 -2.31815e-13
12638 3
1 1.46549e-13
2 -1.21236e-13
3 -2.24709e-13
12640 3
1 1.09246e-13
2 -1.28786e-13
3 -2.23821e-13
12642 3
1 1.12799e-13
2 -1.18572e-13
3 -2.30926e-13
12644 3
1 9.9476e-14
2 -1.23901e-13
3 -2.31815e-13
12646 3
1 1.00364e-13
2 -1.03473e-13
3 -2.10498e-13
12648 3
1 7.90479e-14
2 -1.16795e-13
3 -2.28262e-13
12650 3
1 9.41469e-14
2 -1.2168e-13
3 -2.33591e-13
12652 3
1 9.9476e-14
2 -1.19904e-13
3 -2.30926e-13
12654 3
1 1.08358e-13
2 -1.04805e-13
3 -2.30926e-13
12656 3
1 1.15463e-13
2 -1.2168e-13
3 -2.17604e-13
12658 3
1 1.19016e-13
2 -1.23901e-13
3 -2.1938e-13
12660 3
1 7.63833e-14
2 -1.17684e-13
3 -2.12275e-13
12662 3
1 1.00364e-13
2 -1.37668e-13
3 -2.2915e-13
12664 3
1 8.9706e-14
2 -1.01696e-13
3 -2.04281e-13
12666 3
1 1.01252e-13
2 -1.24345e-13
3 -2.2915e-13
12668 3
1 9.05942e-14
2 -1.15463e-13
3 -2.35367e-13
12670 3
1 8.08242e-14
2 -1.14575e-13
3 -2.07834e-13
12672 3
1 8.88178e-14
2 -1.06581e-13
3 -2.20268e-13
12674 3
1 8.70415e-14
2 -1.11022e-13
3 -2.04281e-13
12676 3
1 8.34888e-14
2 -1.1191e-13
3 -2.25597e-13
12678 3
1 8.79297e-14
2 -1.28342e-13
3 -2.39808e-13
12680 3
1 9.76996e-14
2 -1.2168e-13
3 -2.3892e-13
12682 3
1 9.23706e-14
2 -1.15463e-13
3 -2.24709e-13
12684 3
1 8.70415e-14
2 -1.09246e-13
3 -2.54907e-13
12686 3
1 1.00364e-13
2 -1.04805e-13
3 -2.35367e-13
12688 3
1 1.09246e-13
2 -1.08358e-13
3 -2.31815e-13
12690 3
1 9.68114e-14
2 -8.70415e-14
3 -2.51354e-13
12692 3
1 9.68114e-14
2 -1.20792e-13
3 -2.49578e-13
12694 3
1 9.23706e-14
2 -1.39444e-13
3 -2.41585e-13
12696 3
1 8.61533e-14
2 -1.40332e-13
3 -2.25597e-13
12698 3
1 1.08358e-13
2 -1.15463e-13
3 -2.42473e-13
12700 3
1 1.05693e-13
2 -1.12355e-13
3 -2.46025e-13
12702 3
1 8.88178e-14
2 -1.15907e-13
3 -2.39808e-13
12704 3
1 1.03917e-13
2 -1.28786e-13
3 -2.20268e-13
12706 3
1 1.1191e-13
2 -1.39444e-13
3 -2.38032e-13
12708 3
1 1.08358e-13
2 -1.20792e-13
3 -2.4869e-13
12710 3
1 1.19904e-13
2 -1.28342e-13
3 -2.43361e-13
12712 3
1 1.00364e-13
2 -1.20792e-13
3 -2.22045e-13
12714 3
1 1.38556e-13
2 -1.07914e-13
3 -2.17604e-13
12716 3
1 1.1724e-13
2 -1.11022e-13
3 -2.49578e-13
12718 3
1 1.04805e-13
2 -1.2168e-13
3 -2.45137e-13
12720 3
1 1.1724e-13
2 -1.23013e-13
3 -2.4869e-13
12722 3
1 8.70415e-14
2 -1.29674e-13
3 -2.32703e-13
12724 3
1 1.44773e-13
2 -1.21236e-13
3 -2.36255e-13
12726 3
1 1.19016e-13
2 -1.13687e-13
3 -2.38032e-13
12728 3
1 1.05693e-13
2 -1.0969e-13
3 -2.45137e-13
12730 3
1 1.24345e-13
2 -8.08242e-14
3 -2.51354e-13
12732 3
1 1.45661e-13
2 -1.04805e-13
3 -2.3892e-13
12734 3
1 1.14575e-13
2 -1.03473e-13
3 -2.35367e-13
12736 3
1 1.06581e-13
2 -1.32783e-13
3 -2.43361e-13
12738 3
1 1.00364e-13
2 -9.85878e-14
3 -2.34479e-13
12740 3
1 1.0747e-13
2 -1.02141e-13
3 -2.20268e-13
12742 3
1 1.2168e-13
2 -1.06581e-13
3 -2.47802e-13
12744 3
1 1.11022e-13
2 -1.24345e-13
3 -2.50466e-13
12746 3
1 9.32587e-14
2 -9.81437e-14
3 -2.59348e-13
12748 3
1 1.18128e-13
2 -1.06137e-13
3 -2.5846e-13
12750 3
1 7.99361e-14
2 -1.10134e-13
3 -2.62013e-13
12752 3
1 1.00364e-13
2 -1.18572e-13
3 -2.49578e-13
12754 3
1 1.49214e-13
2 -9.99201e-14
3 -2.49578e-13
12756 3
1 1.11022e-13
2 -1.04805e-13
3 -2.49578e-13
12758 3
1 1.1724e-13
2 -1.00364e-13
3 -2.3892e-13
12760 3
1 1.33227e-13
2 -1.13243e-13
3 -2.50466e-13
12762 3
1 1.19016e-13
2 -9.59233e-14
3 -2.55795e-13
12764 3
1 8.70415e-14
2 -1.14575e-13
3 -2.41585e-13
12766 3
1 1.11022e-13
2 -1.1191e-13
3 -2.4869e-13
12768 3
1 1.02141e-13
2 -1.08802e-13
3 -2.59348e-13
12770 3
1 9.68114e-14
2 -1.03917e-13
3 -2.49578e-13
12772 3
1 9.05942e-14
2 -9.72555e-14
3 -2.42473e-13
12774 3
1 1.2701e-13
2 -8.39329e-14
3 -2.30038e-13
12776 3
1 9.14824e-14
2 -7.77156e-14
3 -2.44249e-13
12778 3
1 1.2701e-13
2 -1.05249e-13
3 -2.23821e-13
12780 3
1 1.2168e-13
2 -1.11466e-13
3 -2.57572e-13
12782 3
1 1.04805e-13
2 -1.13687e-13
3 -2.42473e-13
12784 3
1 1.04805e-13
2 -1.08358e-13
3 -2.45137e-13
12786 3
1 9.76996e-14
2 -9.05942e-14
3 -2.36255e-13
12788 3
1 1.20792e-13
2 -1.10134e-13
3 -2.60236e-13
12790 3
1 1.01252e-13
2 -1.00808e-13
3 -2.42473e-13
12792 3
1 9.9476e-14
2 -9.28146e-14
3 -2.35367e-13
12794 3
1 1.00364e-13
2 -9.50351e-14
3 -2.37144e-13
12796 3
1 1.03917e-13
2 -1.2923e-13
3 -2.43361e-13
12798 3
1 1.24345e-13
2 -9.32587e-14
3 -2.65565e-13
12800 3
1 1.11022e-13
2 -1.00364e-13
3 -2.56684e-13
12802 3
1 1.27898e-13
2 -1.0969e-13
3 -2.45137e-13
12804 3
1 1.14575e-13
2 -9.54792e-14
3 -2.46025e-13
12806 3
1 1.2168e-13
2 -1.07914e-13
3 -2.76223e-13
12808 3
1 8.88178e-14
2 -7.90479e-14
3 -2.32703e-13
12810 3
1 1.13687e-13
2 -1.18128e-13
3 -2.22045e-13
12812 3
1 1.11022e-13
2 -8.26006e-14
3 -2.54907e-13
12814 3
1 1.08358e-13
2 -1.02141e-13
3 -2.5846e-13
12816 3
1 1.16351e-13
2 -1.15907e-13
3 -2.59348e-13
12818 3
1 9.85878e-14
2 -8.65974e-14
3 -2.49578e-13
12820 3
1 1.29674e-13
2 -9.14824e-14
3 -2.57572e-13
12822 3
1 9.59233e-14
2 -8.61533e-14
3 -2.42473e-13
12824 3
1 6.57252e-14
2 -8.79297e-14
3 -2.45137e-13
12826 3
1 1.04805e-13
2 -9.99201e-14
3 -2.62013e-13
12828 3
1 1.11022e-13
2 -8.88178e-14
3 -2.8022e-13
12830 3
1 9.68114e-14
2 -9.76996e-14
3 -2.5091e-13
12832 3
1 1.08358e-13
2 -8.57092e-14
3 -2.42029e-13
12834 3
1 1.13687e-13
2 -8.9706e-14
3 -2.45581e-13
12836 3
1 1.10134e-13
2 -9.50351e-14
3 -2.51354e-13
12838 3
1 9.23706e-14
2 -1.00364e-13
3 -2.46914e-13
12840 3
1 9.23706e-14
2 -1.04805e-13
3 -2.62013e-13
12842 3
1 7.81597e-14
2 -1.09246e-13
3 -2.67342e-13
12844 3
1 1.10134e-13
2 -1.10134e-13
3 -2.3892e-13
12846 3
1 9.85878e-14
2 -1.00364e-13
3 -2.61124e-13
12848 3
1 1.1191e-13
2 -1.12355e-13
3 -2.57572e-13
12850 3
1 9.59233e-14
2 -1.10134e-13
3 -2.59792e-13
12852 3
1 7.28306e-14
2 -9.99201e-14
3 -2.6068e-13
12854 3
1 7.90479e-14
2 -1.1724e-13
3 -2.50466e-13
12856 3
1 1.1191e-13
2 -9.81437e-14
3 -2.55795e-13
12858 3
1 9.76996e-14
2 -1.03917e-13
3 -2.62901e-13
12860 3
1 1.04805e-13
2 -1.06581e-13
3 -2.49134e-13
12862 3
1 8.9706e-14
2 -1.15907e-13
3 -2.54907e-13
12864 3
1 9.85878e-14
2 -1.1191e-13
3 -2.4647e-13
12866 3
1 1.0747e-13
2 -1.07025e-13
3 -2.54019e-13
12868 3
1 9.68114e-14
2 -1.24345e-13
3 -2.77112e-13
12870 3
1 8.70415e-14
2 -1.15019e-13
3 -2.63789e-13
12872 3
1 1.16351e-13
2 -1.14131e-13
3 -2.64677e-13
12874 3
1 1.12799e-13
2 -1.11022e-13
3 -2.75779e-13
12876 3
1 1.09246e-13
2 -1.13243e-13
3 -2.67342e-13
12878 3
1 9.50351e-14
2 -1.10134e-13
3 -2.69562e-13
12880 3
1 9.50351e-14
2 -1.11466e-13
3 -2.71783e-13
12882 3
1 1.0747e-13
2 -1.13687e-13
3 -2.85993e-13
12884 3
1 1.12799e-13
2 -8.83738e-14
3 -2.59792e-13
12886 3
1 1.02141e-13
2 -9.72555e-14
3 -2.73559e-13
12888 3
1 7.99361e-14
2 -1.25677e-13
3 -2.59348e-13
12890 3
1 9.85878e-14
2 -9.05942e-14
3 -2.64233e-13
12892 3
1 1.01252e-13
2 -1.31894e-13
3 -2.70006e-13
12894 3
1 1.00364e-13
2 -9.14824e-14
3 -2.68674e-13
12896 3
1 1.01252e-13
2 -1.13243e-13
3 -2.6823e-13
12898 3
1 8.08242e-14
2 -1.23457e-13
3 -2.62901e-13
12900 3
1 1.01252e-13
2 -1.28342e-13
3 -2.67342e-13
12902 3
1 1.4122e-13
2 -1.27898e-13
3 -2.81108e-13
12904 3
1 8.9706e-14
2 -1.15463e-13
3 -2.78888e-13
12906 3
1 1.13687e-13
2 -1.26121e-13
3 -2.81553e-13
12908 3
1 1.20792e-13
2 -1.2923e-13
3 -2.62013e-13
12910 3
1 1.15463e-13
2 -1.25233e-13
3 -2.70006e-13
12912 3
1 1.15463e-13
2 -1.34559e-13
3 -2.74447e-13
12914 3
1 8.79297e-14
2 -1.04805e-13
3 -2.78888e-13
12916 3
1 8.9706e-14
2 -1.32783e-13
3 -2.85549e-13
12918 3
1 1.12799e-13
2 -1.25233e-13
3 -2.86438e-13
12920 3
1 1.06581e-13
2 -1.18128e-13
3 -2.54019e-13
12922 3
1 7.90479e-14
2 -1.16795e-13
3 -2.6823e-13
12924 3
1 9.50351e-14
2 -1.24789e-13
3 -2.67786e-13
12926 3
1 9.9476e-14
2 -1.16351e-13
3 -2.58016e-13
12928 3
1 1.19016e-13
2 -9.10383e-14
3 -2.66454e-13
12930 3
1 9.9476e-14
2 -1.15019e-13
3 -2.76223e-13
12932 3
1 9.32587e-14
2 -1.00808e-13
3 -2.42917e-13
12934 3
1 8.70415e-14
2 -1.14131e-13
3 -2.56239e-13
12936 3
1 8.9706e-14
2 -1.08358e-13
3 -2.42473e-13
12938 3
1 1.22569e-13
2 -1.18572e-13
3 -2.55795e-13
12940 3
1 7.01661e-14
2 -8.08242e-14
3 -2.69562e-13
12942 3
1 1.04805e-13
2 -9.41469e-14
3 -2.78888e-13
12944 3
1 1.01252e-13
2 -1.03917e-13
3 -2.72671e-13
12946 3
1 9.9476e-14
2 -1.04361e-13
3 -2.73115e-13
12948 3
1 9.23706e-14
2 -7.54952e-14
3 -2.62013e-13
12950 3
1 1.06581e-13
2 -1.06137e-13
3 -2.85105e-13
12952 3
1 9.50351e-14
2 -1.27898e-13
3 -2.61124e-13
12954 3
1 1.19904e-13
2 -1.02585e-13
3 -2.81553e-13
12956 3
1 1.15463e-13
2 -1.03029e-13
3 -2.74003e-13
12958 3
1 8.52651e-14
2 -1.04805e-13
3 -2.70006e-13
12960 3
1 1.10134e-13
2 -7.77156e-14
3 -2.74003e-13
12962 3
1 1.1191e-13
2 -8.03801e-14
3 -2.60236e-13
12964 3
1 1.20792e-13
2 -1.00808e-13
3 -2.5846e-13
12966 3
1 1.02141e-13
2 -1.15019e-13
3 -2.56684e-13
12968 3
1 1.1724e-13
2 -9.54792e-14
3 -2.65565e-13
12970 3
1 1.02141e-13
2 -1.06581e-13
3 -2.62901e-13
12972 3
1 1.23457e-13
2 -1.10134e-13
3 -2.62901e-13
12974 3
1 1.34115e-13
2 -9.32587e-14
3 -2.81553e-13
12976 3
1 1.1724e-13
2 -1.10578e-13
3 -3.15303e-13
12978 3
1 1.06581e-13
2 -9.14824e-14
3 -2.64677e-13
12980 3
1 1.02141e-13
2 -1.0747e-13
3 -2.78888e-13
12982 3
1 8.79297e-14
2 -1.2168e-13
3 -2.63789e-13
12984 3
1 9.68114e-14
2 -9.41469e-14
3 -2.66454e-13
12986 3
1 1.13687e-13
2 -7.72715e-14
3 -2.84217e-13
12988 3
1 1.0747e-13
2 -1.00364e-13
3 -2.71339e-13
12990 3
1 1.24345e-13
2 -1.07025e-13
3 -2.6823e-13
12992 3
1 9.85878e-14
2 -8.83738e-14
3 -2.85993e-13
12994 3
1 1.24345e-13
2 -9.72555e-14
3 -2.83329e-13
12996 3
1 1.03029e-13
2 -8.83738e-14
3 -2.56684e-13
12998 3
1 1.46549e-13
2 -8.17124e-14
3 -2.83329e-13
13000 3
1 1.04805e-13
2 -9.68114e-14
3 -2.62901e-13
13002 3
1 1.20792e-13
2 -5.01821e-14
3 -2.77556e-13
13004 3
1 1.25233e-13
2 -7.9492e-14
3 -2.66898e-13
13006 3
1 9.59233e-14
2 -7.68274e-14
3 -2.59348e-13
13008 3
1 1.33227e-13
2 -8.92619e-14
3 -2.71339e-13
13010 3
1 9.85878e-14
2 -1.0747e-13
3 -2.69118e-13
13012 3
1 1.08358e-13
2 -9.37028e-14
3 -2.63345e-13
13014 3
1 1.20792e-13
2 -1.07914e-13
3 -2.82885e-13
13016 3
1 1.3145e-13
2 -9.68114e-14
3 -2.62457e-13
13018 3
1 1.30562e-13
2 -7.90479e-14
3 -2.84661e-13
13020 3
1 1.14575e-13
2 -1.08802e-13
3 -2.6823e-13
13022 3
1 1.4122e-13
2 -9.14824e-14
3 -2.59348e-13
13024 3
1 1.29674e-13
2 -1.08802e-13
3 -2.76223e-13
13026 3
1 1.22569e-13
2 -9.05942e-14
3 -2.78444e-13
13028 3
1 1.27898e-13
2 -6.66134e-14
3 -2.75779e-13
13030 3
1 1.30562e-13
2 -1.03473e-13
3 -2.91323e-13
13032 3
1 9.76996e-14
2 -9.4591e-14
3 -2.87326e-13
13034 3
1 1.09246e-13
2 -9.59233e-14
3 -2.64677e-13
13036 3
1 1.25233e-13
2 -7.50511e-14
3 -2.85993e-13
13038 3
1 1.05693e-13
2 -7.77156e-14
3 -2.98428e-13
13040 3
1 1.05693e-13
2 -9.4591e-14
3 -2.98428e-13
13042 3
1 1.2701e-13
2 -7.28306e-14
3 -2.75779e-13
13044 3
1 1.25233e-13
2 -1.03029e-13
3 -2.88658e-13
13046 3
1 1.20792e-13
2 -8.92619e-14
3 -2.83773e-13
13048 3
1 1.4122e-13
2 -9.01501e-14
3 -2.75335e-13
13050 3
1 1.32339e-13
2 -7.19425e-14
3 -2.96208e-13
13052 3
1 1.2168e-13
2 -9.90319e-14
3 -2.70006e-13
13054 3
1 1.19016e-13
2 -8.57092e-14
3 -2.87326e-13
13056 3
1 1.37668e-13
2 -8.26006e-14
3 -2.97984e-13
13058 3
1 1.37668e-13
2 -9.01501e-14
3 -2.9754e-13
13060 3
1 1.34115e-13
2 -9.23706e-14
3 -2.81997e-13
13062 3
1 1.19904e-13
2 -6.21725e-14
3 -2.89546e-13
13064 3
1 1.36779e-13
2 -7.37188e-14
3 -2.92211e-13
13066 3
1 1.5099e-13
2 -6.39488e-14
3 -2.95319e-13
13068 3
1 1.4122e-13
2 -8.43769e-14
3 -2.80664e-13
13070 3
1 1.33227e-13
2 -9.05942e-14
3 -2.79332e-13
13072 3
1 1.6076e-13
2 -8.26006e-14
3 -2.83773e-13
13074 3
1 1.2701e-13
2 -8.9706e-14
3 -2.75335e-13
13076 3
1 1.35891e-13
2 -7.19425e-14
3 -2.72671e-13
13078 3
1 1.3145e-13
2 -7.81597e-14
3 -2.93987e-13
13080 3
1 1.20792e-13
2 -7.99361e-14
3 -2.78e-13
13082 3
1 1.33227e-13
2 -6.4837e-14
3 -2.71783e-13
13084 3
1 1.52767e-13
2 -9.68114e-14
3 -2.67342e-13
13086 3
1 1.36779e-13
2 -8.52651e-14
3 -2.60236e-13
13088 3
1 1.43885e-13
2 -8.88178e-14
3 -2.72227e-13
13090 3
1 1.29674e-13
2 -8.79297e-14
3 -2.79776e-13
13092 3
1 1.50102e-13
2 -7.54952e-14
3 -2.85105e-13
13094 3
1 1.35891e-13
2 -8.61533e-14
3 -2.85993e-13
13096 3
1 1.42997e-13
2 -6.21725e-14
3 -2.94875e-13
13098 3
1 1.20792e-13
2 -8.17124e-14
3 -2.81553e-13
13100 3
1 1.48326e-13
2 -8.52651e-14
3 -2.82885e-13
13102 3
1 1.56319e-13
2 -9.41469e-14
3 -2.85549e-13
13104 3
1 1.55431e-13
2 -8.61533e-14
3 -2.77112e-13
13106 3
1 1.42109e-13
2 -6.39488e-14
3 -2.65121e-13
13108 3
1 1.36779e-13
2 -7.19425e-14
3 -2.77112e-13
13110 3
1 1.5099e-13
2 -1.19016e-13
3 -2.84217e-13
13112 3
1 1.25233e-13
2 -9.05942e-14
3 -2.82441e-13
13114 3
1 1.34115e-13
2 -6.75016e-14
3 -2.74003e-13
13116 3
1 1.33227e-13
2 -7.28306e-14
3 -2.65565e-13
13118 3
1 1.24345e-13
2 -1.11022e-13
3 -2.81997e-13
13120 3
1 1.19904e-13
2 -1.05693e-13
3 -2.67342e-13
13122 3
1 1.36779e-13
2 -7.63833e-14
3 -2.78e-13
13124 3
1 1.19016e-13
2 -7.90479e-14
3 -2.51354e-13
13126 3
1 1.37668e-13
2 -6.39488e-14
3 -2.7045e-13
13128 3
1 1.36779e-13
2 -7.63833e-14
3 -2.65565e-13
13130 3
1 1.30562e-13
2 -7.63833e-14
3 -2.65121e-13
13132 3
1 1.25233e-13
2 -7.4607e-14
3 -2.66898e-13
13134 3
1 1.18128e-13
2 -7.81597e-14
3 -2.57572e-13
13136 3
1 1.33227e-13
2 -7.4607e-14
3 -2.45581e-13
13138 3
1 1.61648e-13
2 -6.75016e-14
3 -2.63789e-13
13140 3
1 1.58096e-13
2 -1.04805e-13
3 -2.46025e-13
13142 3
1 1.28786e-13
2 -6.30607e-14
3 -2.66898e-13
13144 3
1 1.35003e-13
2 -7.90479e-14
3 -2.51799e-13
13146 3
1 1.40332e-13
2 -8.70415e-14
3 -2.60236e-13
13148 3
1 1.23457e-13
2 -8.34888e-14
3 -2.62013e-13
13150 3
1 1.3145e-13
2 -8.79297e-14
3 -2.58016e-13
13152 3
1 1.33227e-13
2 -7.99361e-14
3 -2.65121e-13
13154 3
1 1.37668e-13
2 -1.02141e-13
3 -2.42029e-13
13156 3
1 1.3145e-13
2 -9.14824e-14
3 -2.53131e-13
13158 3
1 1.40332e-13
2 -6.75016e-14
3 -2.62901e-13
13160 3
1 1.19016e-13
2 -6.57252e-14
3 -2.63789e-13
13162 3
1 1.22569e-13
2 -9.9476e-14
3 -2.5091e-13
13164 3
1 1.19016e-13
2 -6.39488e-14
3 -2.42917e-13
13166 3
1 1.14575e-13
2 -6.92779e-14
3 -2.44693e-13
13168 3
1 1.1191e-13
2 -9.41469e-14
3 -2.59792e-13
13170 3
1 1.36779e-13
2 -9.76996e-14
3 -2.59792e-13
13172 3
1 1.35003e-13
2 -6.4837e-14
3 -2.59792e-13
13174 3
1 1.27898e-13
2 -8.61533e-14
3 -2.49578e-13
13176 3
1 1.36779e-13
2 -7.19425e-14
3 -2.53131e-13
13178 3
1 1.1191e-13
2 -7.81597e-14
3 -2.56239e-13
13180 3
1 1.13687e-13
2 -3.73035e-14
3 -2.55351e-13
13182 3
1 1.29674e-13
2 -6.39488e-14
3 -2.54907e-13
13184 3
1 1.02141e-13
2 -7.99361e-14
3 -2.51354e-13
13186 3
1 1.3145e-13
2 -9.76996e-14
3 -2.43805e-13
13188 3
1 1.42109e-13
2 -6.57252e-14
3 -2.26485e-13
13190 3
1 1.42997e-13
2 -7.28306e-14
3 -2.44249e-13
13192 3
1 1.59872e-13
2 -8.70415e-14
3 -2.70006e-13
13194 3
1 1.42997e-13
2 -7.37188e-14
3 -2.31815e-13
13196 3
1 1.38556e-13
2 -7.19425e-14
3 -2.25597e-13
13198 3
1 1.47438e-13
2 -1.22569e-13
3 -2.52243e-13
13200 3
1 1.34115e-13
2 -1.0747e-13
3 -2.59348e-13
13202 3
1 1.54543e-13
2 -9.59233e-14
3 -2.67786e-13
13204 3
1 1.57208e-13
2 -7.72715e-14
3 -2.74447e-13
13206 3
1 1.51879e-13
2 -8.17124e-14
3 -2.54463e-13
13208 3
1 1.44773e-13
2 -8.70415e-14
3 -2.4869e-13
13210 3
1 1.45661e-13
2 -1.00364e-13
3 -2.38032e-13
13212 3
1 1.48326e-13
2 -1.13687e-13
3 -2.32703e-13
13214 3
1 1.36779e-13
2 -6.30607e-14
3 -2.38032e-13
13216 3
1 1.27898e-13
2 -1.03917e-13
3 -2.89102e-13
13218 3
1 1.30562e-13
2 -9.32587e-14
3 -2.41585e-13
13220 3
1 1.48326e-13
2 -8.26006e-14
3 -2.34035e-13
13222 3
1 1.4122e-13
2 -7.37188e-14
3 -2.40696e-13
13224 3
1 1.5099e-13
2 -9.85878e-14
3 -2.51799e-13
13226 3
1 1.39444e-13
2 -9.23706e-14
3 -2.70006e-13
13228 3
1 1.71418e-13
2 -9.85878e-14
3 -2.36255e-13
13230 3
1 1.30562e-13
2 -7.90479e-14
3 -2.71339e-13
13232 3
1 1.5099e-13
2 -7.99361e-14
3 -2.62901e-13
13234 3
1 1.25233e-13
2 -8.88178e-14
3 -2.62901e-13
13236 3
1 1.40332e-13
2 -1.03029e-13
3 -2.44249e-13
13238 3
1 1.42997e-13
2 -9.59233e-14
3 -2.46914e-13
13240 3
1 1.59872e-13
2 -9.14824e-14
3 -2.48246e-13
13242 3
1 1.38556e-13
2 -8.88178e-14
3 -2.56239e-13
13244 3
1 1.26121e-13
2 -6.57252e-14
3 -2.70894e-13
13246 3
1 1.24345e-13
2 -8.43769e-14
3 -2.28262e-13
13248 3
1 1.2168e-13
2 -8.52651e-14
3 -2.66454e-13
13250 3
1 1.3145e-13
2 -9.32587e-14
3 -2.34479e-13
13252 3
1 1.38556e-13
2 -9.41469e-14
3 -2.40696e-13
13254 3
1 1.39444e-13
2 -1.11022e-13
3 -2.60236e-13
13256 3
1 1.4122e-13
2 -1.12799e-13
3 -2.66009e-13
13258 3
1 1.24345e-13
2 -4.9738e-14
3 -2.45137e-13
13260 3
1 1.44773e-13
2 -7.72715e-14
3 -2.53575e-13
13262 3
1 1.40332e-13
2 -9.32587e-14
3 -2.37144e-13
13264 3
1 1.24345e-13
2 -1.08358e-13
3 -2.38032e-13
13266 3
1 1.4122e-13
2 -9.68114e-14
3 -2.5091e-13
13268 3
1 1.26121e-13
2 -7.4607e-14
3 -2.72227e-13
13270 3
1 1.4122e-13
2 -1.05693e-13
3 -2.40696e-13
13272 3
1 1.18128e-13
2 -1.10134e-13
3 -2.56239e-13
13274 3
1 1.23457e-13
2 -9.9476e-14
3 -2.56684e-13
13276 3
1 1.15463e-13
2 -8.70415e-14
3 -2.57572e-13
13278 3
1 1.1724e-13
2 -9.32587e-14
3 -2.45137e-13
13280 3
1 1.27898e-13
2 -9.59233e-14
3 -2.4114e-13
13282 3
1 1.20792e-13
2 -1.01252e-13
3 -2.44249e-13
13284 3
1 1.42997e-13
2 -1.08358e-13
3 -2.44249e-13
13286 3
1 1.42997e-13
2 -9.76996e-14
3 -2.45137e-13
13288 3
1 1.46549e-13
2 -8.61533e-14
3 -2.55351e-13
13290 3
1 1.32339e-13
2 -8.43769e-14
3 -2.33147e-13
13292 3
1 1.44773e-13
2 -9.32587e-14
3 -2.52243e-13
13294 3
1 1.4122e-13
2 -1.02141e-13
3 -2.37144e-13
13296 3
1 1.42109e-13
2 -1.00364e-13
3 -2.61569e-13
13298 3
1 1.2701e-13
2 -9.59233e-14
3 -2.45137e-13
13300 3
1 1.34115e-13
2 -1.40332e-13
3 -2.22045e-13
13302 3
1 1.32339e-13
2 -1.03029e-13
3 -2.47802e-13
13304 3
1 1.27898e-13
2 -1.10134e-13
3 -2.43361e-13
13306 3
1 1.40332e-13
2 -1.10134e-13
3 -2.39808e-13
13308 3
1 1.34115e-13
2 -1.28786e-13
3 -2.4647e-13
13310 3
1 1.35003e-13
2 -1.19904e-13
3 -2.4869e-13
13312 3
1 1.51879e-13
2 -1.20792e-13
3 -2.28262e-13
13314 3
1 1.39444e-13
2 -1.02141e-13
3 -2.48246e-13
13316 3
1 1.28786e-13
2 -1.1191e-13
3 -2.22489e-13
13318 3
1 1.33227e-13
2 -1.14575e-13
3 -2.33591e-13
13320 3
1 1.33227e-13
2 -1.18128e-13
3 -2.61124e-13
13322 3
1 1.2701e-13
2 -1.01252e-13
3 -2.37588e-13
13324 3
1 1.26121e-13
2 -1.10134e-13
3 -2.61124e-13
13326 3
1 1.30562e-13
2 -1.26121e-13
3 -2.5091e-13
13328 3
1 1.2701e-13
2 -1.13687e-13
3 -2.45581e-13
13330 3
1 1.36779e-13
2 -1.3145e-13
3 -2.73559e-13
13332 3
1 1.35003e-13
2 -1.19016e-13
3 -2.42917e-13
13334 3
1 1.22569e-13
2 -1.13687e-13
3 -2.54019e-13
13336 3
1 1.20792e-13
2 -1.4122e-13
3 -2.44249e-13
13338 3
1 1.5099e-13
2 -1.25233e-13
3 -2.63789e-13
13340 3
1 1.08358e-13
2 -1.54543e-13
3 -2.61124e-13
13342 3
1 1.2168e-13
2 -1.48326e-13
3 -2.57572e-13
13344 3
1 1.4122e-13
2 -1.20792e-13
3 -2.45581e-13
13346 3
1 1.1724e-13
2 -1.20792e-13
3 -2.42473e-13
13348 3
1 1.38556e-13
2 -1.18128e-13
3 -2.6823e-13
13350 3
1 1.40332e-13
2 -1.04805e-13
3 -2.63789e-13
13352 3
1 1.42109e-13
2 -1.20792e-13
3 -2.71783e-13
13354 3
1 1.54543e-13
2 -1.39444e-13
3 -2.73559e-13
13356 3
1 1.29674e-13
2 -1.19016e-13
3 -2.64677e-13
13358 3
1 1.33227e-13
2 -1.25233e-13
3 -2.74891e-13
13360 3
1 1.29674e-13
2 -1.40332e-13
3 -2.76223e-13
13362 3
1 1.29674e-13
2 -1.26121e-13
3 -2.70006e-13
13364 3
1 1.29674e-13
2 -1.1191e-13
3 -2.73559e-13
13366 3
1 1.27898e-13
2 -1.2168e-13
3 -2.39364e-13
13368 3
1 1.42109e-13
2 -1.22569e-13
3 -2.60236e-13
13370 3
1 1.19016e-13
2 -1.53655e-13
3 -2.69118e-13
13372 3
1 1.24345e-13
2 -1.22569e-13
3 -2.65565e-13
13374 3
1 1.35003e-13
2 -1.19016e-13
3 -2.60236e-13
13376 3
1 1.20792e-13
2 -1.3145e-13
3 -2.78e-13
13378 3
1 1.22569e-13
2 -1.10134e-13
3 -2.52243e-13
13380 3
1 1.1191e-13
2 -1.45661e-13
3 -2.69562e-13
13382 3
1 1.20792e-13
2 -1.59872e-13
3 -2.88658e-13
13384 3
1 1.13687e-13
2 -1.22569e-13
3 -2.39808e-13
13386 3
1 1.04805e-13
2 -1.38556e-13
3 -2.78e-13
13388 3
1 1.1191e-13
2 -1.47438e-13
3 -2.6823e-13
13390 3
1 1.20792e-13
2 -1.19016e-13
3 -2.67342e-13
13392 3
1 1.22569e-13
2 -1.22569e-13
3 -2.93099e-13
13394 3
1 1.35003e-13
2 -1.52767e-13
3 -2.6823e-13
13396 3
1 1.24345e-13
2 -1.3145e-13
3 -2.6823e-13
13398 3
1 1.19016e-13
2 -1.2701e-13
3 -2.95763e-13
13400 3
1 1.1724e-13
2 -1.45661e-13
3 -2.80664e-13
13402 3
1 1.1724e-13
2 -1.42997e-13
3 -2.94875e-13
13404 3
1 9.59233e-14
2 -1.2168e-13
3 -2.51354e-13
13406 3
1 1.29674e-13
2 -1.6076e-13
3 -2.57572e-13
13408 3
1 1.29674e-13
2 -1.42109e-13
3 -2.64233e-13
13410 3
1 9.76996e-14
2 -1.66089e-13
3 -2.73115e-13
13412 3
1 1.04805e-13
2 -1.40332e-13
3 -2.78e-13
13414 3
1 1.24345e-13
2 -1.42109e-13
3 -2.82441e-13
13416 3
1 1.1724e-13
2 -1.42997e-13
3 -2.69118e-13
13418 3
1 1.04805e-13
2 -1.39444e-13
3 -2.54907e-13
13420 3
1 1.22569e-13
2 -1.38556e-13
3 -2.74003e-13
13422 3
1 1.06581e-13
2 -1.51879e-13
3 -2.68674e-13
13424 3
1 1.04805e-13
2 -1.46549e-13
3 -2.83329e-13
13426 3
1 1.15463e-13
2 -1.33227e-13
3 -2.55795e-13
13428 3
1 1.10134e-13
2 -1.22569e-13
3 -2.70894e-13
13430 3
1 1.29674e-13
2 -1.20792e-13
3 -2.71783e-13
13432 3
1 9.59233e-14
2 -1.28786e-13
3 -2.52243e-13
13434 3
1 1.20792e-13
2 -1.16351e-13
3 -2.54019e-13
13436 3
1 1.08358e-13
2 -1.12799e-13
3 -2.78888e-13
13438 3
1 1.08358e-13
2 -1.14575e-13
3 -2.65565e-13
13440 3
1 1.1724e-13
2 -1.14575e-13
3 -2.71339e-13
13442 3
1 9.76996e-14
2 -1.1191e-13
3 -2.76223e-13
13444 3
1 1.01252e-13
2 -1.30562e-13
3 -2.83329e-13
13446 3
1 1.03029e-13
2 -9.23706e-14
3 -2.72227e-13
13448 3
1 9.9476e-14
2 -1.4122e-13
3 -2.66898e-13
13450 3
1 1.13687e-13
2 -1.13687e-13
3 -2.51354e-13
13452 3
1 1.03029e-13
2 -1.11022e-13
3 -2.64677e-13
13454 3
1 1.06581e-13
2 -1.15463e-13
3 -2.39364e-13
13456 3
1 1.10134e-13
2 -1.43885e-13
3 -2.66454e-13
13458 3
1 1.15463e-13
2 -1.37668e-13
3 -2.65565e-13
13460 3
1 1.03029e-13
2 -9.32587e-14
3 -2.63789e-13
13462 3
1 1.1724e-13
2 -1.08358e-13
3 -2.70006e-13
13464 3
1 1.20792e-13
2 -8.88178e-14
3 -2.73115e-13
13466 3
1 1.13687e-13
2 -1.36779e-13
3 -2.70006e-13
13468 3
1 1.06581e-13
2 -1.01252e-13
3 -2.42473e-13
13470 3
1 1.19016e-13
2 -1.1191e-13
3 -2.52243e-13
13472 3
1 1.22569e-13
2 -9.59233e-14
3 -2.61124e-13
13474 3
1 1.42109e-13
2 -1.27898e-13
3 -2.81108e-13
13476 3
1 1.27898e-13
2 -1.14575e-13
3 -2.4647e-13
13478 3
1 1.3145e-13
2 -1.18128e-13
3 -2.83773e-13
13480 3
1 1.27898e-13
2 -1.05693e-13
3 -2.69562e-13
13482 3
1 1.36779e-13
2 -1.27898e-13
3 -2.62901e-13
13484 3
1 1.35003e-13
2 -1.13687e-13
3 -2.66454e-13
13486 3
1 1.19016e-13
2 -1.03029e-13
3 -2.78e-13
13488 3
1 1.38556e-13
2 -1.22569e-13
3 -2.70006e-13
13490 3
1 1.33227e-13
2 -1.01252e-13
3 -2.5846e-13
13492 3
1 1.22569e-13
2 -8.9706e-14
3 -2.76223e-13
13494 3
1 1.24345e-13
2 -1.08358e-13
3 -2.66898e-13
13496 3
1 1.38556e-13
2 -1.16351e-13
3 -2.6068e-13
13498 3
1 1.33227e-13
2 -1.10134e-13
3 -2.62013e-13
13500 3
1 1.29674e-13
2 -1.15463e-13
3 -2.84217e-13
13502 3
1 1.43885e-13
2 -1.1724e-13
3 -2.63789e-13
13504 3
1 1.26121e-13
2 -1.03917e-13
3 -2.42473e-13
13506 3
1 1.38556e-13
2 -1.18128e-13
3 -2.64233e-13
13508 3
1 1.35003e-13
2 -1.16351e-13
3 -2.64677e-13
13510 3
1 1.45661e-13
2 -1.28786e-13
3 -2.84217e-13
13512 3
1 1.68754e-13
2 -1.18128e-13
3 -2.60236e-13
13514 3
1 1.43885e-13
2 -1.1191e-13
3 -2.72671e-13
13516 3
1 1.27898e-13
2 -1.20792e-13
3 -2.53131e-13
13518 3
1 1.33227e-13
2 -1.38556e-13
3 -2.367e-13
13520 3
1 1.43885e-13
2 -9.76996e-14
3 -2.50466e-13
13522 3
1 1.42109e-13
2 -1.10134e-13
3 -2.46025e-13
13524 3
1 1.29674e-13
2 -1.19904e-13
3 -2.56684e-13
13526 3
1 1.38556e-13
2 -1.32339e-13
3 -2.74003e-13
13528 3
1 1.40332e-13
2 -1.15463e-13
3 -2.56684e-13
13530 3
1 1.45661e-13
2 -1.43885e-13
3 -2.54907e-13
13532 3
1 1.65201e-13
2 -1.0747e-13
3 -2.54907e-13
13534 3
1 1.3145e-13
2 -9.05942e-14
3 -2.41585e-13
13536 3
1 1.54543e-13
2 -1.2701e-13
3 -2.45137e-13
13538 3
1 1.35003e-13
2 -1.12799e-13
3 -2.51354e-13
13540 3
1 1.5099e-13
2 -1.48326e-13
3 -2.52243e-13
13542 3
1 1.59872e-13
2 -1.34115e-13
3 -2.46025e-13
13544 3
1 1.35003e-13
2 -1.0747e-13
3 -2.66454e-13
13546 3
1 1.36779e-13
2 -1.35003e-13
3 -2.51799e-13
13548 3
1 1.68754e-13
2 -1.13687e-13
3 -2.51354e-13
13550 3
1 1.35003e-13
2 -1.12799e-13
3 -2.41585e-13
13552 3
1 1.43885e-13
2 -1.03917e-13
3 -2.74447e-13
13554 3
1 1.43885e-13
2 -1.16351e-13
3 -2.57128e-13
13556 3
1 1.47438e-13
2 -9.41469e-14
3 -2.52243e-13
13558 3
1 1.43885e-13
2 -1.02141e-13
3 -2.73559e-13
13560 3
1 1.40332e-13
2 -1.22569e-13
3 -2.62013e-13
13562 3
1 1.49214e-13
2 -1.14575e-13
3 -2.46025e-13
13564 3
1 1.52767e-13
2 -1.11022e-13
3 -2.57128e-13
13566 3
1 1.36779e-13
2 -1.37668e-13
3 -2.70006e-13
13568 3
1 1.24345e-13
2 -1.05693e-13
3 -2.78444e-13
13570 3
1 1.43885e-13
2 -1.35891e-13
3 -2.61124e-13
13572 3
1 1.42109e-13
2 -9.59233e-14
3 -2.81997e-13
13574 3
1 1.5099e-13
2 -1.18128e-13
3 -2.54907e-13
13576 3
1 1.40332e-13
2 -1.26121e-13
3 -2.45137e-13
13578 3
1 1.52767e-13
2 -1.01252e-13
3 -2.80664e-13
13580 3
1 1.38556e-13
2 -1.16351e-13
3 -2.9976e-13
13582 3
1 1.45661e-13
2 -1.42109e-13
3 -2.81553e-13
13584 3
1 1.47438e-13
2 -1.29674e-13
3 -2.61124e-13
13586 3
1 1.47438e-13
2 -9.68114e-14
3 -3.12195e-13
13588 3
1 1.61648e-13
2 -1.2701e-13
3 -3.05089e-13
13590 3
1 1.43885e-13
2 -1.3145e-13
3 -2.88658e-13
13592 3
1 1.22569e-13
2 -1.1191e-13
3 -2.64233e-13
13594 3
1 1.56319e-13
2 -1.20792e-13
3 -2.66009e-13
13596 3
1 1.42109e-13
2 -1.20792e-13
3 -2.67342e-13
13598 3
1 1.24345e-13
2 -1.29674e-13
3 -2.89546e-13
13600 3
1 1.26121e-13
2 -1.15463e-13
3 -2.81108e-13
13602 3
1 1.20792e-13
2 -1.19016e-13
3 -2.88214e-13
13604 3
1 1.45661e-13
2 -1.1724e-13
3 -2.71783e-13
13606 3
1 1.35003e-13
2 -1.14575e-13
3 -2.86882e-13
13608 3
1 1.36779e-13
2 -1.14575e-13
3 -2.73559e-13
13610 3
1 1.5099e-13
2 -1.22569e-13
3 -2.68674e-13
13612 3
1 1.38556e-13
2 -1.5099e-13
3 -2.85105e-13
13614 3
1 1.47438e-13
2 -1.29674e-13
3 -2.74447e-13
13616 3
1 1.29674e-13
2 -1.30562e-13
3 -2.66454e-13
13618 3
1 1.35003e-13
2 -1.1724e-13
3 -2.91767e-13
13620 3
1 1.19016e-13
2 -1.48326e-13
3 -2.89546e-13
13622 3
1 1.29674e-13
2 -1.10134e-13
3 -3.06866e-13
13624 3
1 1.22569e-13
2 -1.58096e-13
3 -3.02869e-13
13626 3
1 1.38556e-13
2 -1.42109e-13
3 -2.89546e-13
13628 3
1 1.22569e-13
2 -1.28786e-13
3 -3.03757e-13
13630 3
1 1.36779e-13
2 -1.34115e-13
3 -2.91323e-13
13632 3
1 9.76996e-14
2 -1.37668e-13
3 -3.0953e-13
13634 3
1 1.20792e-13
2 -1.2701e-13
3 -3.09086e-13
13636 3
1 1.22569e-13
2 -1.54543e-13
3 -3.17968e-13
13638 3
1 1.26121e-13
2 -1.43885e-13
3 -3.193e-13
13640 3
1 1.3145e-13
2 -1.47438e-13
3 -2.96652e-13
13642 3
1 1.1724e-13
2 -1.52767e-13
3 -3.1708e-13
13644 3
1 1.29674e-13
2 -1.58096e-13
3 -3.03313e-13
13646 3
1 1.22569e-13
2 -1.33227e-13
3 -3.28626e-13
13648 3
1 1.3145e-13
2 -1.95399e-13
3 -3.25961e-13
13650 3
1 1.27898e-13
2 -1.35003e-13
3 -2.99316e-13
13652 3
1 1.20792e-13
2 -1.3145e-13
3 -3.09086e-13
13654 3
1 1.35003e-13
2 -1.5099e-13
3 -2.91323e-13
13656 3
1 1.40332e-13
2 -1.72307e-13
3 -3.17968e-13
13658 3
1 1.24345e-13
2 -1.59872e-13
3 -3.33067e-13
13660 3
1 1.36779e-13
2 -1.38556e-13
3 -3.01981e-13
13662 3
1 1.45661e-13
2 -1.2701e-13
3 -2.85105e-13
13664 3
1 1.15463e-13
2 -1.51879e-13
3 -2.85105e-13
13666 3
1 1.1724e-13
2 -1.58984e-13
3 -3.05533e-13
13668 3
1 1.40332e-13
2 -1.5099e-13
3 -3.11751e-13
13670 3
1 1.47438e-13
2 -1.43441e-13
3 -3.05533e-13
13672 3
1 1.68754e-13
2 -1.42997e-13
3 -2.98428e-13
13674 3
1 1.40332e-13
2 -1.46994e-13
3 -2.95763e-13
13676 3
1 1.36779e-13
2 -1.28786e-13
3 -3.01981e-13
13678 3
1 1.43885e-13
2 -1.19904e-13
3 -3.00204e-13
13680 3
1 1.33227e-13
2 -1.54543e-13
3 -3.04645e-13
13682 3
1 1.36779e-13
2 -1.50546e-13
3 -2.8777e-13
13684 3
1 1.38556e-13
2 -1.47438e-13
3 -2.93099e-13
13686 3
1 1.35003e-13
2 -1.51879e-13
3 -2.8777e-13
13688 3
1 1.3145e-13
2 -1.66533e-13
3 -3.22409e-13
13690 3
1 1.59872e-13
2 -1.63425e-13
3 -3.03757e-13
13692 3
1 1.38556e-13
2 -1.48326e-13
3 -3.14415e-13
13694 3
1 1.40332e-13
2 -1.46994e-13
3 -3.08198e-13
13696 3
1 1.35003e-13
2 -1.46105e-13
3 -3.03757e-13
13698 3
1 1.35003e-13
2 -1.44773e-13
3 -3.01981e-13
13700 3
1 1.40332e-13
2 -1.4122e-13
3 -2.93099e-13
13702 3
1 1.54543e-13
2 -1.37668e-13
3 -3.21521e-13
13704 3
1 1.58096e-13
2 -1.3145e-13
3 -2.71783e-13
13706 3
1 1.59872e-13
2 -1.62537e-13
3 -2.90434e-13
13708 3
1 1.54543e-13
2 -1.35447e-13
3 -2.96652e-13
13710 3
1 1.54543e-13
2 -1.29674e-13
3 -3.11751e-13
13712 3
1 1.5099e-13
2 -1.55431e-13
3 -2.89546e-13
13714 3
1 1.68754e-13
2 -1.44773e-13
3 -3.01981e-13
13716 3
1 1.7053e-13
2 -1.62537e-13
3 -3.00204e-13
13718 3
1 1.47438e-13
2 -1.23013e-13
3 -3.01092e-13
13720 3
1 1.61648e-13
2 -1.49214e-13
3 -2.80664e-13
13722 3
1 1.58096e-13
2 -1.4877e-13
3 -3.09086e-13
13724 3
1 1.68754e-13
2 -1.30562e-13
3 -2.9754e-13
13726 3
1 1.52767e-13
2 -1.59428e-13
3 -2.95763e-13
13728 3
1 1.75859e-13
2 -1.54987e-13
3 -2.81553e-13
13730 3
1 1.84741e-13
2 -1.55431e-13
3 -3.04645e-13
13732 3
1 1.63425e-13
2 -1.56319e-13
3 -3.18856e-13
13734 3
1 1.61648e-13
2 -1.49214e-13
3 -3.16192e-13
13736 3
1 1.43885e-13
2 -1.51434e-13
3 -3.01981e-13
13738 3
1 1.56319e-13
2 -1.31894e-13
3 -2.96652e-13
13740 3
1 1.72307e-13
2 -1.53655e-13
3 -3.0731e-13
13742 3
1 1.74083e-13
2 -1.27898e-13
3 -2.8777e-13
13744 3
1 1.47438e-13
2 -1.33671e-13
3 -3.14415e-13
13746 3
1 1.65201e-13
2 -1.2701e-13
3 -3.12639e-13
13748 3
1 1.59872e-13
2 -1.25233e-13
3 -3.0731e-13
13750 3
1 1.52767e-13
2 -1.65645e-13
3 -2.96652e-13
13752 3
1 1.63425e-13
2 -1.22125e-13
3 -3.37508e-13
13754 3
1 1.59872e-13
2 -1.54099e-13
3 -3.0731e-13
13756 3
1 1.7053e-13
2 -1.14575e-13
3 -3.02869e-13
13758 3
1 1.52767e-13
2 -1.22125e-13
3 -2.88658e-13
13760 3
1 1.81188e-13
2 -1.30118e-13
3 -3.33955e-13
13762 3
1 1.45661e-13
2 -1.31894e-13
3 -3.08198e-13
13764 3
1 1.49214e-13
2 -1.57652e-13
3 -3.03757e-13
13766 3
1 1.59872e-13
2 -1.39444e-13
3 -3.08198e-13
13768 3
1 1.7053e-13
2 -1.40332e-13
3 -2.96652e-13
13770 3
1 1.7053e-13
2 -1.31894e-13
3 -2.88658e-13
13772 3
1 1.77636e-13
2 -1.09246e-13
3 -2.93099e-13
13774 3
1 1.52767e-13
2 -1.2923e-13
3 -3.05533e-13
13776 3
1 1.75859e-13
2 -1.29674e-13
3 -2.95319e-13
13778 3
1 1.66978e-13
2 -1.35891e-13
3 -3.25961e-13
13780 3
1 1.79412e-13
2 -1.26565e-13
3 -3.17968e-13
13782 3
1 1.72307e-13
2 -1.16795e-13
3 -3.19744e-13
13784 3
1 1.86517e-13
2 -1.40776e-13
3 -3.18856e-13
13786 3
1 1.47438e-13
2 -1.38112e-13
3 -3.18856e-13
13788 3
1 1.66978e-13
2 -1.39888e-13
3 -3.09086e-13
13790 3
1 1.77636e-13
2 -1.17684e-13
3 -3.09974e-13
13792 3
1 1.74083e-13
2 -1.51434e-13
3 -3.14415e-13
13794 3
1 1.66978e-13
2 -1.13687e-13
3 -2.96652e-13
13796 3
1 1.79412e-13
2 -1.21236e-13
3 -3.2685e-13
13798 3
1 1.68754e-13
2 -1.61204e-13
3 -3.29514e-13
13800 3
1 1.61648e-13
2 -1.29674e-13
3 -3.22409e-13
13802 3
1 1.58096e-13
2 -1.36335e-13
3 -3.29514e-13
13804 3
1 1.65201e-13
2 -1.34115e-13
3 -3.02869e-13
13806 3
1 1.74083e-13
2 -1.70086e-13
3 -3.14415e-13
13808 3
1 1.61648e-13
2 -1.47882e-13
3 -3.44613e-13
13810 3
1 1.52767e-13
2 -1.33671e-13
3 -3.21521e-13
13812 3
1 1.72307e-13
2 -1.28342e-13
3 -3.09086e-13
13814 3
1 1.56319e-13
2 -1.57652e-13
3 -3.2685e-13
13816 3
1 1.88294e-13
2 -1.2168e-13
3 -3.23297e-13
13818 3
1 1.68754e-13
2 -1.39e-13
3 -3.20632e-13
13820 3
1 1.72307e-13
2 -1.10578e-13
3 -3.15303e-13
13822 3
1 1.81188e-13
2 -1.37668e-13
3 -3.0731e-13
13824 3
1 1.52767e-13
2 -1.19016e-13
3 -3.30402e-13
13826 3
1 1.63425e-13
2 -1.25233e-13
3 -3.17968e-13
13828 3
1 1.72307e-13
2 -1.10134e-13
3 -3.25961e-13
13830 3
1 1.66978e-13
2 -1.39e-13
3 -3.10862e-13
13832 3
1 1.63425e-13
2 -1.24345e-13
3 -3.03757e-13
13834 3
1 1.7053e-13
2 -1.40332e-13
3 -3.21521e-13
13836 3
1 1.59872e-13
2 -1.33227e-13
3 -3.09086e-13
13838 3
1 1.66978e-13
2 -1.40776e-13
3 -3.13527e-13
13840 3
1 1.88294e-13
2 -1.56319e-13
3 -3.15303e-13
13842 3
1 1.52767e-13
2 -1.42997e-13
3 -3.15303e-13
13844 3
1 1.66978e-13
2 -1.46994e-13
3 -3.30402e-13
13846 3
1 1.81188e-13
2 -1.49214e-13
3 -3.0731e-13
13848 3
1 1.75859e-13
2 -1.34115e-13
3 -3.27738e-13
13850 3
1 1.81188e-13
2 -1.39888e-13
3 -3.15303e-13
13852 3
1 1.77636e-13
2 -1.4877e-13
3 -3.13527e-13
13854 3
1 1.88294e-13
2 -1.46994e-13
3 -2.92211e-13
13856 3
1 1.74083e-13
2 -1.27898e-13
3 -3.17968e-13
13858 3
1 1.79412e-13
2 -1.44773e-13
3 -3.00204e-13
13860 3
1 1.81188e-13
2 -1.43885e-13
3 -3.14415e-13
13862 3
1 1.79412e-13
2 -1.45661e-13
3 -3.21521e-13
13864 3
1 1.79412e-13
2 -1.62093e-13
3 -3.05533e-13
13866 3
1 1.95399e-13
2 -1.51879e-13
3 -3.05533e-13
13868 3
1 1.86517e-13
2 -1.4877e-13
3 -3.11751e-13
13870 3
1 1.82965e-13
2 -1.54987e-13
3 -2.80664e-13
13872 3
1 1.72307e-13
2 -1.4122e-13
3 -3.03757e-13
13874 3
1 1.97176e-13
2 -1.43885e-13
3 -3.04645e-13
13876 3
1 1.79412e-13
2 -1.64757e-13
3 -3.11751e-13
13878 3
1 1.91847e-13
2 -1.43885e-13
3 -3.05533e-13
13880 3
1 1.77636e-13
2 -1.27898e-13
3 -3.09974e-13
13882 3
1 2.04281e-13
2 -1.39e-13
3 -2.96652e-13
13884 3
1 1.91847e-13
2 -1.67422e-13
3 -2.93099e-13
13886 3
1 1.86517e-13
2 -1.50546e-13
3 -3.17968e-13
13888 3
1 1.81188e-13
2 -1.51879e-13
3 -2.8777e-13
13890 3
1 1.88294e-13
2 -1.49658e-13
3 -3.02869e-13
13892 3
1 1.98952e-13
2 -1.40776e-13
3 -3.10862e-13
13894 3
1 1.97176e-13
2 -1.40332e-13
3 -2.94875e-13
13896 3
1 1.7053e-13
2 -1.28342e-13
3 -3.03757e-13
13898 3
1 1.86517e-13
2 -1.38556e-13
3 -3.04645e-13
13900 3
1 1.97176e-13
2 -1.53655e-13
3 -3.12639e-13
13902 3
1 2.07834e-13
2 -1.6831e-13
3 -3.2685e-13
13904 3
1 1.86517e-13
2 -1.54543e-13
3 -3.31291e-13
13906 3
1 1.95399e-13
2 -1.36335e-13
3 -3.11751e-13
13908 3
1 1.79412e-13
2 -1.35891e-13
3 -3.16192e-13
13910 3
1 1.81188e-13
2 -1.72307e-13
3 -3.01092e-13
13912 3
1 1.9007e-13
2 -1.52323e-13
3 -3.19744e-13
13914 3
1 1.81188e-13
2 -1.31006e-13
3 -3.21521e-13
13916 3
1 1.81188e-13
2 -1.38556e-13
3 -3.12639e-13
13918 3
1 1.97176e-13
2 -1.71863e-13
3 -3.32179e-13
13920 3
1 2.14939e-13
2 -1.49214e-13
3 -3.15303e-13
13922 3
1 2.0961e-13
2 -1.55875e-13
3 -3.2685e-13
13924 3
1 2.04281e-13
2 -1.64313e-13
3 -3.24185e-13
13926 3
1 1.97176e-13
2 -1.92735e-13
3 -3.41061e-13
13928 3
1 1.77636e-13
2 -1.56319e-13
3 -3.19744e-13
13930 3
1 1.66978e-13
2 -1.72307e-13
3 -3.15303e-13
13932 3
1 1.86517e-13
2 -1.63869e-13
3 -3.34843e-13
13934 3
1 1.97176e-13
2 -1.64757e-13
3 -3.27738e-13
13936 3
1 2.16716e-13
2 -1.65645e-13
3 -3.05533e-13
13938 3
1 1.86517e-13
2 -1.68754e-13
3 -3.25073e-13
13940 3
1 2.13163e-13
2 -1.61204e-13
3 -3.31291e-13
13942 3
1 2.06057e-13
2 -1.5854e-13
3 -3.20632e-13
13944 3
1 1.95399e-13
2 -1.62093e-13
3 -3.11751e-13
13946 3
1 2.18492e-13
2 -1.62093e-13
3 -3.17968e-13
13948 3
1 2.0961e-13
2 -1.68754e-13
3 -3.32179e-13
13950 3
1 1.91847e-13
2 -1.8785e-13
3 -3.25073e-13
13952 3
1 1.97176e-13
2 -1.57208e-13
3 -3.08198e-13
13954 3
1 2.13163e-13
2 -1.64757e-13
3 -3.2685e-13
13956 3
1 2.0961e-13
2 -1.58096e-13
3 -2.88658e-13
13958 3
1 2.16716e-13
2 -1.60316e-13
3 -3.04645e-13
13960 3
1 2.02505e-13
2 -1.78524e-13
3 -3.25073e-13
13962 3
1 1.93623e-13
2 -1.92291e-13
3 -3.06422e-13
13964 3
1 2.20268e-13
2 -1.78968e-13
3 -3.02869e-13
13966 3
1 1.95399e-13
2 -1.87406e-13
3 -3.21521e-13
13968 3
1 2.06057e-13
2 -1.80744e-13
3 -3.00204e-13
13970 3
1 1.81188e-13
2 -1.6076e-13
3 -3.03757e-13
13972 3
1 1.91847e-13
2 -1.5854e-13
3 -3.13527e-13
13974 3
1 1.86517e-13
2 -1.66089e-13
3 -3.10862e-13
13976 3
1 1.74083e-13
2 -1.90514e-13
3 -2.96652e-13
13978 3
1 1.91847e-13
2 -1.55431e-13
3 -3.14415e-13
13980 3
1 1.77636e-13
2 -1.60316e-13
3 -2.89546e-13
13982 3
1 2.06057e-13
2 -1.87406e-13
3 -2.93987e-13
13984 3
1 1.81188e-13
2 -2.04725e-13
3 -3.02869e-13
13986 3
1 1.98952e-13
2 -1.78968e-13
3 -2.8777e-13
13988 3
1 2.23821e-13
2 -1.7808e-13
3 -2.98428e-13
13990 3
1 1.98952e-13
2 -1.77636e-13
3 -2.78e-13
13992 3
1 1.88294e-13
2 -1.82521e-13
3 -2.61124e-13
13994 3
1 2.04281e-13
2 -1.98952e-13
3 -2.77112e-13
13996 3
1 1.97176e-13
2 -1.86962e-13
3 -2.85993e-13
13998 3
1 1.88294e-13
2 -1.63869e-13
3 -2.86882e-13
14000 3
1 1.93623e-13
2 -2.08278e-13
3 -2.83329e-13
14002 3
1 1.86517e-13
2 -1.90958e-13
3 -2.6823e-13
14004 3
1 1.98952e-13
2 -1.88738e-13
3 -2.98428e-13
14006 3
1 1.81188e-13
2 -1.92735e-13
3 -2.90434e-13
14008 3
1 2.00728e-13
2 -1.76303e-13
3 -3.11751e-13
14010 3
1 2.06057e-13
2 -1.71418e-13
3 -2.83329e-13
14012 3
1 1.94511e-13
2 -1.85629e-13
3 -2.74447e-13
14014 3
1 1.87406e-13
2 -1.98064e-13
3 -2.97096e-13
14016 3
1 1.97176e-13
2 -1.9007e-13
3 -3.01981e-13
14018 3
1 2.07834e-13
2 -1.9984e-13
3 -2.66454e-13
14020 3
1 1.95399e-13
2 -1.78524e-13
3 -3.03313e-13
14022 3
1 1.803e-13
2 -1.87406e-13
3 -2.95763e-13
14024 3
1 2.14939e-13
2 -1.85629e-13
3 -2.96208e-13
14026 3
1 2.10498e-13
2 -1.7053e-13
3 -3.09086e-13
14028 3
1 2.33591e-13
2 -2.04281e-13
3 -2.81108e-13
14030 3
1 1.98064e-13
2 -2.01617e-13
3 -3.01981e-13
14032 3
1 2.10498e-13
2 -1.803e-13
3 -2.96652e-13
14034 3
1 2.14051e-13
2 -1.69642e-13
3 -2.94875e-13
14036 3
1 2.14051e-13
2 -1.79412e-13
3 -2.88214e-13
14038 3
1 1.87406e-13
2 -1.9984e-13
3 -2.96652e-13
14040 3
1 1.75859e-13
2 -2.14939e-13
3 -2.92211e-13
14042 3
1 2.06057e-13
2 -1.9007e-13
3 -3.0953e-13
14044 3
1 1.90958e-13
2 -1.82965e-13
3 -3.18412e-13
14046 3
1 2.06057e-13
2 -1.90958e-13
3 -2.79332e-13
14048 3
1 1.81188e-13
2 -1.57208e-13
3 -2.84217e-13
14050 3
1 2.18492e-13
2 -1.71418e-13
3 -2.96652e-13
14052 3
1 1.97176e-13
2 -1.91847e-13
3 -2.78444e-13
14054 3
1 2.13163e-13
2 -1.89182e-13
3 -2.78e-13
14056 3
1 2.15827e-13
2 -1.68754e-13
3 -2.9754e-13
14058 3
1 2.00728e-13
2 -1.95399e-13
3 -2.87326e-13
14060 3
1 2.05169e-13
2 -1.92735e-13
3 -2.93987e-13
14062 3
1 2.06946e-13
2 -1.61648e-13
3 -2.89546e-13
14064 3
1 2.10498e-13
2 -1.75859e-13
3 -2.96208e-13
14066 3
1 1.93623e-13
2 -1.75859e-13
3 -2.82441e-13
14068 3
1 2.03393e-13
2 -1.76748e-13
3 -2.62901e-13
14070 3
1 1.85629e-13
2 -1.77636e-13
3 -2.75335e-13
14072 3
1 2.01617e-13
2 -2.04281e-13
3 -2.93987e-13
14074 3
1 2.06946e-13
2 -1.78524e-13
3 -2.62901e-13
14076 3
1 1.81188e-13
2 -1.61648e-13
3 -2.83329e-13
14078 3
1 1.87406e-13
2 -1.6076e-13
3 -2.55795e-13
14080 3
1 1.85629e-13
2 -1.84741e-13
3 -2.76223e-13
14082 3
1 1.86517e-13
2 -1.88294e-13
3 -2.69118e-13
14084 3
1 1.81188e-13
2 -1.68754e-13
3 -2.68674e-13
14086 3
1 1.98952e-13
2 -1.74971e-13
3 -2.62901e-13
14088 3
1 1.86517e-13
2 -1.84741e-13
3 -2.83773e-13
14090 3
1 1.94511e-13
2 -1.86517e-13
3 -2.69118e-13
14092 3
1 1.803e-13
2 -1.91847e-13
3 -3.01537e-13
14094 3
1 1.75859e-13
2 -1.86517e-13
3 -2.55795e-13
14096 3
1 1.81188e-13
2 -1.58096e-13
3 -2.6823e-13
14098 3
1 1.82965e-13
2 -1.5099e-13
3 -2.85549e-13
14100 3
1 1.65201e-13
2 -1.39444e-13
3 -2.7045e-13
14102 3
1 1.73195e-13
2 -1.97176e-13
3 -2.69562e-13
14104 3
1 1.88294e-13
2 -1.82965e-13
3 -2.66454e-13
14106 3
1 1.82077e-13
2 -1.83853e-13
3 -2.56684e-13
14108 3
1 1.84741e-13
2 -1.81188e-13
3 -2.61124e-13
14110 3
1 1.77636e-13
2 -1.77636e-13
3 -2.71783e-13
14112 3
1 1.92735e-13
2 -1.89182e-13
3 -2.55795e-13
14114 3
1 1.75859e-13
2 -1.94511e-13
3 -2.52243e-13
14116 3
1 1.81188e-13
2 -1.74971e-13
3 -2.50466e-13
14118 3
1 1.66089e-13
2 -1.72307e-13
3 -2.78888e-13
14120 3
1 1.82965e-13
2 -1.73195e-13
3 -2.69118e-13
14122 3
1 2.04281e-13
2 -1.62537e-13
3 -2.81997e-13
14124 3
1 1.86517e-13
2 -1.97176e-13
3 -2.52243e-13
14126 3
1 1.95399e-13
2 -1.72307e-13
3 -2.6823e-13
14128 3
1 1.66978e-13
2 -2.11386e-13
3 -2.81553e-13
14130 3
1 1.72307e-13
2 -1.77636e-13
3 -2.49578e-13
14132 3
1 1.72307e-13
2 -2.14939e-13
3 -2.56684e-13
14134 3
1 1.82965e-13
2 -1.9007e-13
3 -2.79776e-13
14136 3
1 1.77636e-13
2 -1.73195e-13
3 -2.53575e-13
14138 3
1 2.14939e-13
2 -1.76748e-13
3 -2.73115e-13
14140 3
1 1.81188e-13
2 -1.83853e-13
3 -2.62013e-13
14142 3
1 1.65201e-13
2 -1.63425e-13
3 -2.63789e-13
14144 3
1 1.9007e-13
2 -1.74083e-13
3 -2.50466e-13
14146 3
1 1.81188e-13
2 -1.47438e-13
3 -2.43361e-13
14148 3
1 1.77636e-13
2 -1.83853e-13
3 -2.70894e-13
14150 3
1 1.91847e-13
2 -1.63425e-13
3 -2.51354e-13
14152 3
1 1.7053e-13
2 -1.97176e-13
3 -2.72671e-13
14154 3
1 1.84741e-13
2 -1.9007e-13
3 -2.5846e-13
14156 3
1 1.84741e-13
2 -1.9007e-13
3 -2.62901e-13
14158 3
1 1.86517e-13
2 -1.92735e-13
3 -2.61124e-13
14160 3
1 1.72307e-13
2 -1.63425e-13
3 -2.43805e-13
14162 3
1 1.74083e-13
2 -1.59872e-13
3 -2.49578e-13
14164 3
1 2.07834e-13
2 -1.95399e-13
3 -2.57128e-13
14166 3
1 1.74083e-13
2 -1.7053e-13
3 -2.54019e-13
14168 3
1 1.91847e-13
2 -1.85629e-13
3 -2.58016e-13
14170 3
1 1.88294e-13
2 -1.55431e-13
3 -2.71339e-13
14172 3
1 1.86517e-13
2 -1.78524e-13
3 -2.59348e-13
14174 3
1 1.65201e-13
2 -1.83853e-13
3 -2.46025e-13
14176 3
1 1.84741e-13
2 -1.76748e-13
3 -2.61124e-13
14178 3
1 1.56319e-13
2 -1.61648e-13
3 -2.65121e-13
14180 3
1 1.84741e-13
2 -2.00728e-13
3 -2.53131e-13
14182 3
1 1.54543e-13
2 -1.87406e-13
3 -2.43361e-13
14184 3
1 1.81188e-13
2 -1.71418e-13
3 -2.47358e-13
14186 3
1 1.9007e-13
2 -1.81188e-13
3 -2.46025e-13
14188 3
1 1.91847e-13
2 -1.77636e-13
3 -2.50466e-13
14190 3
1 1.75859e-13
2 -1.803e-13
3 -2.54019e-13
14192 3
1 1.74083e-13
2 -1.81188e-13
3 -2.50466e-13
14194 3
1 1.82965e-13
2 -1.77636e-13
3 -2.42473e-13
14196 3
1 1.82965e-13
2 -1.72307e-13
3 -2.56239e-13
14198 3
1 1.79412e-13
2 -1.73195e-13
3 -2.37144e-13
14200 3
1 2.04281e-13
2 -1.89182e-13
3 -2.30926e-13
14202 3
1 1.84741e-13
2 -1.89182e-13
3 -2.50466e-13
14204 3
1 1.9007e-13
2 -1.91847e-13
3 -2.65565e-13
14206 3
1 1.65201e-13
2 -1.86517e-13
3 -2.37588e-13
14208 3
1 1.72307e-13
2 -1.63425e-13
3 -2.38032e-13
14210 3
1 1.65201e-13
2 -1.74083e-13
3 -2.37144e-13
14212 3
1 1.81188e-13
2 -1.94511e-13
3 -2.2915e-13
14214 3
1 1.86517e-13
2 -1.95399e-13
3 -2.41585e-13
14216 3
1 1.77636e-13
2 -1.88294e-13
3 -2.36255e-13
14218 3
1 1.74083e-13
2 -1.66978e-13
3 -2.47802e-13
14220 3
1 1.56319e-13
2 -2.00728e-13
3 -2.34479e-13
14222 3
1 1.68754e-13
2 -2.02505e-13
3 -2.18492e-13
14224 3
1 1.65201e-13
2 -1.89182e-13
3 -2.35367e-13
14226 3
1 1.58096e-13
2 -1.67866e-13
3 -2.3892e-13
14228 3
1 1.63425e-13
2 -1.83853e-13
3 -2.4869e-13
14230 3
1 1.95399e-13
2 -2.16716e-13
3 -2.44249e-13
14232 3
1 1.59872e-13
2 -1.76748e-13
3 -2.43805e-13
14234 3
1 1.79412e-13
2 -1.85629e-13
3 -2.44249e-13
14236 3
1 1.81188e-13
2 -1.91847e-13
3 -2.42029e-13
14238 3
1 1.9007e-13
2 -1.91847e-13
3 -2.41585e-13
14240 3
1 1.81188e-13
2 -1.84741e-13
3 -2.33591e-13
14242 3
1 1.88294e-13
2 -2.06946e-13
3 -2.56239e-13
14244 3
1 1.91847e-13
2 -2.01617e-13
3 -2.30038e-13
14246 3
1 1.9007e-13
2 -1.9984e-13
3 -2.55795e-13
14248 3
1 1.65201e-13
2 -1.9007e-13
3 -2.40696e-13
14250 3
1 1.88294e-13
2 -1.92735e-13
3 -2.31815e-13
14252 3
1 1.65201e-13
2 -1.82077e-13
3 -2.44249e-13
14254 3
1 1.95399e-13
2 -1.64757e-13
3 -2.5846e-13
14256 3
1 2.06057e-13
2 -1.65201e-13
3 -2.50022e-13
14258 3
1 1.88294e-13
2 -1.65645e-13
3 -2.37144e-13
14260 3
1 1.65201e-13
2 -1.7053e-13
3 -2.47358e-13
14262 3
1 2.20268e-13
2 -1.51879e-13
3 -2.39808e-13
14264 3
1 1.82965e-13
2 -1.96287e-13
3 -2.4869e-13
14266 3
1 1.98952e-13
2 -1.56319e-13
3 -2.34479e-13
14268 3
1 1.95399e-13
2 -1.65201e-13
3 -2.36255e-13
14270 3
1 2.0961e-13
2 -1.47882e-13
3 -2.63789e-13
14272 3
1 2.22045e-13
2 -1.66089e-13
3 -2.56239e-13
14274 3
1 1.82965e-13
2 -1.67866e-13
3 -2.36255e-13
14276 3
1 1.93623e-13
2 -1.63425e-13
3 -2.31815e-13
14278 3
1 2.02505e-13
2 -1.71418e-13
3 -2.35367e-13
14280 3
1 1.9007e-13
2 -1.55431e-13
3 -2.52243e-13
14282 3
1 1.86517e-13
2 -1.61648e-13
3 -2.5091e-13
14284 3
1 2.14939e-13
2 -1.83853e-13
3 -2.2915e-13
14286 3
1 2.13163e-13
2 -1.68754e-13
3 -2.53131e-13
14288 3
1 1.98952e-13
2 -1.54987e-13
3 -2.49578e-13
14290 3
1 1.91847e-13
2 -1.68754e-13
3 -2.28262e-13
14292 3
1 1.79412e-13
2 -1.76748e-13
3 -2.32703e-13
14294 3
1 1.79412e-13
2 -1.88294e-13
3 -2.49578e-13
14296 3
1 2.00728e-13
2 -1.65201e-13
3 -2.47802e-13
14298 3
1 2.02505e-13
2 -1.66089e-13
3 -2.59348e-13
14300 3
1 1.84741e-13
2 -1.96287e-13
3 -2.46025e-13
14302 3
1 2.07834e-13
2 -1.67866e-13
3 -2.57128e-13
14304 3
1 1.97176e-13
2 -1.43885e-13
3 -2.58904e-13
14306 3
1 2.04281e-13
2 -1.86517e-13
3 -2.59348e-13
14308 3
1 2.04281e-13
2 -1.803e-13
3 -2.62013e-13
14310 3
1 2.11386e-13
2 -1.72307e-13
3 -2.41585e-13
14312 3
1 1.81188e-13
2 -1.803e-13
3 -2.71783e-13
14314 3
1 2.04281e-13
2 -1.74971e-13
3 -2.69118e-13
14316 3
1 1.91847e-13
2 -1.90958e-13
3 -2.69118e-13
14318 3
1 1.81188e-13
2 -1.61648e-13
3 -2.90434e-13
14320 3
1 1.84741e-13
2 -1.71863e-13
3 -2.67342e-13
14322 3
1 2.0961e-13
2 -1.92291e-13
3 -2.40696e-13
14324 3
1 1.97176e-13
2 -1.73195e-13
3 -2.61124e-13
14326 3
1 2.0961e-13
2 -1.58984e-13
3 -2.59348e-13
14328 3
1 2.13163e-13
2 -1.45661e-13
3 -2.34479e-13
14330 3
1 2.00728e-13
2 -1.43885e-13
3 -2.49578e-13
14332 3
1 1.7053e-13
2 -1.68754e-13
3 -2.62901e-13
14334 3
1 2.02505e-13
2 -1.54543e-13
3 -2.49578e-13
14336 3
1 2.02505e-13
2 -1.79856e-13
3 -2.57572e-13
14338 3
1 2.04281e-13
2 -1.75859e-13
3 -2.59348e-13
14340 3
1 1.88294e-13
2 -1.6076e-13
3 -2.56684e-13
14342 3
1 2.0961e-13
2 -1.70086e-13
3 -2.53131e-13
14344 3
1 1.97176e-13
2 -1.87406e-13
3 -2.66454e-13
14346 3
1 2.04281e-13
2 -1.68754e-13
3 -2.47802e-13
14348 3
1 2.04281e-13
2 -1.42997e-13
3 -2.71783e-13
14350 3
1 1.9007e-13
2 -1.42109e-13
3 -2.52687e-13
14352 3
1 1.82965e-13
2 -1.42997e-13
3 -2.77112e-13
14354 3
1 1.97176e-13
2 -1.66089e-13
3 -2.64677e-13
14356 3
1 1.81188e-13
2 -1.47438e-13
3 -2.3892e-13
14358 3
1 1.82965e-13
2 -1.2701e-13
3 -2.38032e-13
14360 3
1 1.91847e-13
2 -1.52323e-13
3 -2.45581e-13
14362 3
1 1.81188e-13
2 -1.44773e-13
3 -2.57572e-13
14364 3
1 1.84741e-13
2 -1.86517e-13
3 -2.61124e-13
14366 3
1 1.86517e-13
2 -1.5854e-13
3 -2.61124e-13
14368 3
1 1.88294e-13
2 -1.76748e-13
3 -2.70894e-13
14370 3
1 1.91847e-13
2 -1.38556e-13
3 -2.50466e-13
14372 3
1 1.97176e-13
2 -1.50102e-13
3 -2.77112e-13
14374 3
1 1.9007e-13
2 -1.49214e-13
3 -2.59348e-13
14376 3
1 1.84741e-13
2 -1.50102e-13
3 -2.55795e-13
14378 3
1 1.98952e-13
2 -1.5099e-13
3 -2.55351e-13
14380 3
1 1.72307e-13
2 -1.51879e-13
3 -2.62013e-13
14382 3
1 1.84741e-13
2 -1.62537e-13
3 -2.56239e-13
14384 3
1 1.97176e-13
2 -1.6831e-13
3 -2.72671e-13
14386 3
1 2.0961e-13
2 -1.63425e-13
3 -2.53131e-13
14388 3
1 1.81188e-13
2 -1.46994e-13
3 -2.67786e-13
14390 3
1 2.04281e-13
2 -1.72307e-13
3 -2.58016e-13
14392 3
1 2.14939e-13
2 -1.73639e-13
3 -2.39808e-13
14394 3
1 2.04281e-13
2 -1.7053e-13
3 -2.54019e-13
14396 3
1 2.07834e-13
2 -1.94511e-13
3 -2.4869e-13
14398 3
1 2.0961e-13
2 -1.67422e-13
3 -2.46025e-13
14400 3
1 2.16716e-13
2 -1.98064e-13
3 -2.63789e-13
14402 3
1 1.95399e-13
2 -1.72307e-13
3 -2.6068e-13
14404 3
1 2.30926e-13
2 -1.93179e-13
3 -2.63789e-13
14406 3
1 2.14939e-13
2 -1.65201e-13
3 -2.6068e-13
14408 3
1 1.98952e-13
2 -1.78968e-13
3 -2.60236e-13
14410 3
1 2.20268e-13
2 -1.85629e-13
3 -2.55795e-13
14412 3
1 2.06057e-13
2 -1.85629e-13
3 -2.67342e-13
14414 3
1 2.18492e-13
2 -1.86962e-13
3 -2.42917e-13
14416 3
1 2.0961e-13
2 -1.82521e-13
3 -2.71783e-13
14418 3
1 2.2915e-13
2 -1.55875e-13
3 -2.54907e-13
14420 3
1 2.14939e-13
2 -1.82521e-13
3 -2.54019e-13
14422 3
1 2.14939e-13
2 -1.77192e-13
3 -2.46025e-13
14424 3
1 2.11386e-13
2 -1.81188e-13
3 -2.54019e-13
14426 3
1 2.11386e-13
2 -1.71863e-13
3 -2.54019e-13
14428 3
1 2.02505e-13
2 -1.72307e-13
3 -2.44249e-13
14430 3
1 2.06057e-13
2 -1.94511e-13
3 -2.33591e-13
14432 3
1 2.27374e-13
2 -2.06946e-13
3 -2.48246e-13
14434 3
1 1.98952e-13
2 -1.8785e-13
3 -2.54019e-13
14436 3
1 2.11386e-13
2 -1.99396e-13
3 -2.54463e-13
14438 3
1 1.98952e-13
2 -1.94955e-13
3 -2.72227e-13
14440 3
1 2.18492e-13
2 -1.76303e-13
3 -2.54019e-13
14442 3
1 2.04281e-13
2 -1.95843e-13
3 -2.4869e-13
14444 3
1 1.93623e-13
2 -2.06946e-13
3 -2.37588e-13
14446 3
1 2.22045e-13
2 -1.98064e-13
3 -2.67786e-13
14448 3
1 2.16716e-13
2 -1.9984e-13
3 -2.55795e-13
14450 3
1 1.82965e-13
2 -1.94955e-13
3 -2.39364e-13
14452 3
1 2.16716e-13
2 -1.86073e-13
3 -2.51799e-13
14454 3
1 2.13163e-13
2 -2.24709e-13
3 -2.66454e-13
14456 3
1 2.11386e-13
2 -1.92291e-13
3 -2.34479e-13
14458 3
1 2.00728e-13
2 -1.95843e-13
3 -2.62013e-13
14460 3
1 2.00728e-13
2 -2.21601e-13
3 -2.51799e-13
14462 3
1 2.23821e-13
2 -2.09166e-13
3 -2.67342e-13
14464 3
1 1.98952e-13
2 -1.94067e-13
3 -2.53131e-13
14466 3
1 2.06057e-13
2 -2.10498e-13
3 -2.3892e-13
14468 3
1 2.07834e-13
2 -2.02949e-13
3 -2.43805e-13
14470 3
1 2.20268e-13
2 -1.98064e-13
3 -2.46914e-13
14472 3
1 2.00728e-13
2 -2.04281e-13
3 -2.57572e-13
14474 3
1 2.41585e-13
2 -2.05169e-13
3 -2.53131e-13
14476 3
1 2.16716e-13
2 -2.06057e-13
3 -2.46025e-13
14478 3
1 2.11386e-13
2 -2.01617e-13
3 -2.49578e-13
14480 3
1 2.04281e-13
2 -2.11831e-13
3 -2.3892e-13
14482 3
1 2.34479e-13
2 -2.14495e-13
3 -2.34479e-13
14484 3
1 2.11386e-13
2 -2.06057e-13
3 -2.47802e-13
14486 3
1 2.04281e-13
2 -2.06946e-13
3 -2.44249e-13
14488 3
1 2.02505e-13
2 -2.04281e-13
3 -2.17604e-13
14490 3
1 2.41585e-13
2 -2.04725e-13
3 -2.42473e-13
14492 3
1 2.18492e-13
2 -2.33147e-13
3 -2.35367e-13
14494 3
1 2.14939e-13
2 -1.91847e-13
3 -2.32703e-13
14496 3
1 2.25597e-13
2 -1.9762e-13
3 -2.367e-13
14498 3
1 2.36255e-13
2 -1.85629e-13
3 -2.52687e-13
14500 3
1 2.00728e-13
2 -1.96287e-13
3 -2.32703e-13
14502 3
1 2.06057e-13
2 -2.02061e-13
3 -2.34479e-13
14504 3
1 2.23821e-13
2 -1.88294e-13
3 -2.4869e-13
14506 3
1 2.04281e-13
2 -2.02061e-13
3 -2.5091e-13
14508 3
1 2.14939e-13
2 -2.00284e-13
3 -2.2915e-13
14510 3
1 2.18492e-13
2 -1.91402e-13
3 -2.34479e-13
14512 3
1 2.22045e-13
2 -1.96732e-13
3 -2.21601e-13
14514 3
1 2.13163e-13
2 -2.05169e-13
3 -2.37144e-13
14516 3
1 2.36255e-13
2 -2.01617e-13
3 -2.2915e-13
14518 3
1 2.27374e-13
2 -2.37144e-13
3 -2.15827e-13
14520 3
1 2.14939e-13
2 -2.0961e-13
3 -2.30038e-13
14522 3
1 2.23821e-13
2 -2.02061e-13
3 -2.24709e-13
14524 3
1 2.4869e-13
2 -2.14939e-13
3 -2.20268e-13
14526 3
1 2.00728e-13
2 -2.11831e-13
3 -2.30926e-13
14528 3
1 2.22045e-13
2 -2.10498e-13
3 -2.34479e-13
14530 3
1 2.62901e-13
2 -2.06057e-13
3 -2.07834e-13
14532 3
1 2.30926e-13
2 -2.1938e-13
3 -2.37144e-13
14534 3
1 2.0961e-13
2 -2.17604e-13
3 -2.31815e-13
14536 3
1 2.27374e-13
2 -2.00728e-13
3 -2.18492e-13
14538 3
1 2.23821e-13
2 -2.22045e-13
3 -2.24709e-13
14540 3
1 2.04281e-13
2 -1.95399e-13
3 -2.18492e-13
14542 3
1 2.22045e-13
2 -2.23377e-13
3 -2.0961e-13
14544 3
1 2.20268e-13
2 -2.01172e-13
3 -2.11386e-13
14546 3
1 2.20268e-13
2 -2.18492e-13
3 -2.15827e-13
14548 3
1 2.06057e-13
2 -1.98952e-13
3 -2.03393e-13
14550 3
1 2.06057e-13
2 -2.00728e-13
3 -2.17604e-13
14552 3
1 2.25597e-13
2 -2.23821e-13
3 -2.24709e-13
14554 3
1 2.14939e-13
2 -2.02949e-13
3 -2.23821e-13
14556 3
1 2.14939e-13
2 -1.90958e-13
3 -2.35367e-13
14558 3
1 2.34479e-13
2 -1.81632e-13
3 -2.37144e-13
14560 3
1 2.34479e-13
2 -2.01172e-13
3 -2.15827e-13
14562 3
1 2.20268e-13
2 -2.06946e-13
3 -2.06057e-13
14564 3
1 2.13163e-13
2 -1.88738e-13
3 -2.14939e-13
14566 3
1 2.14939e-13
2 -2.12275e-13
3 -2.16716e-13
14568 3
1 2.25597e-13
2 -2.18936e-13
3 -2.14939e-13
14570 3
1 2.30926e-13
2 -2.22489e-13
3 -2.18492e-13
14572 3
1 2.36255e-13
2 -2.19824e-13
3 -2.17604e-13
14574 3
1 2.55795e-13
2 -2.34923e-13
3 -2.14051e-13
14576 3
1 2.23821e-13
2 -1.86517e-13
3 -2.13163e-13
14578 3
1 2.32703e-13
2 -1.94511e-13
3 -2.08722e-13
14580 3
1 2.46914e-13
2 -2.1716e-13
3 -1.9007e-13
14582 3
1 2.32703e-13
2 -2.10942e-13
3 -2.0961e-13
14584 3
1 2.0961e-13
2 -2.33591e-13
3 -2.01617e-13
14586 3
1 2.11386e-13
2 -1.98064e-13
3 -1.77636e-13
14588 3
1 1.95399e-13
2 -2.14939e-13
3 -2.17604e-13
14590 3
1 2.4869e-13
2 -2.05169e-13
3 -2.06057e-13
14592 3
1 2.22045e-13
2 -2.08722e-13
3 -1.89182e-13
14594 3
1 2.54019e-13
2 -2.0739e-13
3 -1.86517e-13
14596 3
1 2.45137e-13
2 -2.367e-13
3 -2.05169e-13
14598 3
1 2.50466e-13
2 -2.37588e-13
3 -2.14051e-13
14600 3
1 2.46914e-13
2 -2.22933e-13
3 -2.08722e-13
14602 3
1 2.39808e-13
2 -2.25597e-13
3 -1.97176e-13
14604 3
1 2.43361e-13
2 -2.1938e-13
3 -2.16716e-13
14606 3
1 2.25597e-13
2 -2.27818e-13
3 -1.76748e-13
14608 3
1 2.45137e-13
2 -2.27818e-13
3 -2.04281e-13
14610 3
1 2.43361e-13
2 -2.29594e-13
3 -2.29594e-13
14612 3
1 2.46914e-13
2 -2.04281e-13
3 -2.1938e-13
14614 3
1 2.27374e-13
2 -2.38476e-13
3 -2.09166e-13
14616 3
1 2.43361e-13
2 -2.38032e-13
3 -2.18936e-13
14618 3
1 2.32703e-13
2 -2.12719e-13
3 -2.14939e-13
14620 3
1 2.36255e-13
2 -2.1938e-13
3 -2.24709e-13
14622 3
1 2.16716e-13
2 -2.22933e-13
3 -2.31815e-13
14624 3
1 2.20268e-13
2 -2.24709e-13
3 -2.13163e-13
14626 3
1 2.20268e-13
2 -2.28706e-13
3 -2.18492e-13
14628 3
1 2.2915e-13
2 -1.94511e-13
3 -2.07834e-13
14630 3
1 2.22045e-13
2 -2.2693e-13
3 -2.12275e-13
14632 3
1 2.14939e-13
2 -2.26485e-13
3 -1.98952e-13
14634 3
1 2.34479e-13
2 -2.23377e-13
3 -2.11386e-13
14636 3
1 2.36255e-13
2 -2.24709e-13
3 -2.28706e-13
14638 3
1 2.36255e-13
2 -2.38032e-13
3 -2.28706e-13
14640 3
1 2.45137e-13
2 -2.08722e-13
3 -2.05613e-13
14642 3
1 2.36255e-13
2 -2.42917e-13
3 -2.08278e-13
14644 3
1 2.39808e-13
2 -2.27818e-13
3 -2.22489e-13
14646 3
1 2.22045e-13
2 -2.42473e-13
3 -1.93623e-13
14648 3
1 2.39808e-13
2 -2.38032e-13
3 -2.22045e-13
14650 3
1 2.23821e-13
2 -2.22045e-13
3 -2.24709e-13
14652 3
1 2.22045e-13
2 -2.51799e-13
3 -1.94511e-13
14654 3
1 2.2915e-13
2 -2.2693e-13
3 -2.26041e-13
14656 3
1 2.2915e-13
2 -2.22045e-13
3 -2.22933e-13
14658 3
1 2.45137e-13
2 -2.23821e-13
3 -2.16271e-13
14660 3
1 2.0961e-13
2 -2.26041e-13
3 -2.29594e-13
14662 3
1 2.2915e-13
2 -2.06501e-13
3 -2.29594e-13
14664 3
1 2.16716e-13
2 -2.25153e-13
3 -2.3137e-13
14666 3
1 2.23821e-13
2 -2.14939e-13
3 -2.32703e-13
14668 3
1 2.14939e-13
2 -2.04725e-13
3 -2.26485e-13
14670 3
1 2.16716e-13
2 -2.16271e-13
3 -2.35367e-13
14672 3
1 2.13163e-13
2 -2.3137e-13
3 -2.40696e-13
14674 3
1 2.4869e-13
2 -2.4114e-13
3 -2.15827e-13
14676 3
1 2.34479e-13
2 -2.3137e-13
3 -2.4869e-13
14678 3
1 2.36255e-13
2 -2.04725e-13
3 -2.43361e-13
14680 3
1 2.30926e-13
2 -2.13163e-13
3 -2.18048e-13
14682 3
1 2.2915e-13
2 -2.26041e-13
3 -2.46025e-13
14684 3
1 2.34479e-13
2 -2.30482e-13
3 -2.30926e-13
14686 3
1 2.2915e-13
2 -2.10054e-13
3 -2.42029e-13
14688 3
1 2.30926e-13
2 -2.36255e-13
3 -2.03837e-13
14690 3
1 2.0961e-13
2 -2.30038e-13
3 -2.08278e-13
14692 3
1 2.22045e-13
2 -2.10054e-13
3 -2.22933e-13
14694 3
1 2.25597e-13
2 -2.22045e-13
3 -2.22933e-13
14696 3
1 1.98952e-13
2 -2.0961e-13
3 -2.40696e-13
14698 3
1 2.27374e-13
2 -2.32703e-13
3 -2.17604e-13
14700 3
1 2.34479e-13
2 -2.17604e-13
3 -2.46914e-13
14702 3
1 2.06057e-13
2 -2.37588e-13
3 -2.2915e-13
14704 3
1 2.13163e-13
2 -2.27374e-13
3 -2.17604e-13
14706 3
1 2.30926e-13
2 -2.55351e-13
3 -2.1938e-13
14708 3
1 2.04281e-13
2 -2.58016e-13
3 -2.34479e-13
14710 3
1 2.41585e-13
2 -2.30926e-13
3 -2.06946e-13
14712 3
1 2.22045e-13
2 -2.40252e-13
3 -2.08722e-13
14714 3
1 2.20268e-13
2 -2.40252e-13
3 -2.32703e-13
14716 3
1 2.04281e-13
2 -2.5091e-13
3 -2.27374e-13
14718 3
1 2.25597e-13
2 -2.23821e-13
3 -2.40696e-13
14720 3
1 2.25597e-13
2 -2.39364e-13
3 -2.43361e-13
14722 3
1 2.06057e-13
2 -2.39364e-13
3 -2.40696e-13
14724 3
1 2.2915e-13
2 -2.54019e-13
3 -2.22933e-13
14726 3
1 2.23821e-13
2 -2.6068e-13
3 -2.23821e-13
14728 3
1 2.20268e-13
2 -2.4647e-13
3 -2.4114e-13
14730 3
1 2.02505e-13
2 -2.52243e-13
3 -2.1938e-13
14732 3
1 1.97176e-13
2 -2.61569e-13
3 -2.24709e-13
14734 3
1 2.27374e-13
2 -2.5846e-13
3 -2.15827e-13
14736 3
1 1.98952e-13
2 -2.57128e-13
3 -2.14939e-13
14738 3
1 1.95399e-13
2 -2.60236e-13
3 -2.11831e-13
14740 3
1 1.95399e-13
2 -2.50022e-13
3 -1.87406e-13
14742 3
1 2.00728e-13
2 -2.56684e-13
3 -1.97176e-13
14744 3
1 2.02505e-13
2 -2.55795e-13
3 -2.02949e-13
14746 3
1 1.93623e-13
2 -2.5846e-13
3 -2.1938e-13
14748 3
1 2.14939e-13
2 -2.28262e-13
3 -1.94511e-13
14750 3
1 1.95399e-13
2 -2.44693e-13
3 -2.14051e-13
14752 3
1 1.91847e-13
2 -2.39808e-13
3 -2.11831e-13
14754 3
1 1.95399e-13
2 -2.55351e-13
3 -2.10942e-13
14756 3
1 2.20268e-13
2 -2.53575e-13
3 -2.00728e-13
14758 3
1 1.9007e-13
2 -2.61569e-13
3 -1.98952e-13
14760 3
1 2.43361e-13
2 -2.56239e-13
3 -2.26485e-13
14762 3
1 2.20268e-13
2 -2.66454e-13
3 -2.14939e-13
14764 3
1 2.18492e-13
2 -2.66898e-13
3 -2.17604e-13
14766 3
1 2.00728e-13
2 -2.47358e-13
3 -2.11831e-13
14768 3
1 1.91847e-13
2 -2.72671e-13
3 -1.9984e-13
14770 3
1 1.86517e-13
2 -2.77556e-13
3 -1.86517e-13
14772 3
1 2.02505e-13
2 -2.58904e-13
3 -2.00728e-13
14774 3
1 2.06057e-13
2 -2.6068e-13
3 -2.01172e-13
14776 3
1 1.86517e-13
2 -2.61124e-13
3 -1.90958e-13
14778 3
1 2.0961e-13
2 -2.65121e-13
3 -1.94511e-13
14780 3
1 2.13163e-13
2 -2.49578e-13
3 -1.88294e-13
14782 3
1 2.00728e-13
2 -2.62013e-13
3 -1.81188e-13
14784 3
1 2.06057e-13
2 -2.57572e-13
3 -1.9007e-13
14786 3
1 1.98952e-13
2 -2.53131e-13
3 -1.81188e-13
14788 3
1 2.20268e-13
2 -2.49578e-13
3 -1.86073e-13
14790 3
1 2.04281e-13
2 -2.27374e-13
3 -1.74527e-13
14792 3
1 2.04281e-13
2 -2.40252e-13
3 -1.95399e-13
14794 3
1 2.0961e-13
2 -2.40252e-13
3 -1.94511e-13
14796 3
1 2.07834e-13
2 -2.27374e-13
3 -1.96287e-13
14798 3
1 2.38032e-13
2 -2.33147e-13
3 -1.96732e-13
14800 3
1 2.23821e-13
2 -2.18492e-13
3 -1.92735e-13
14802 3
1 2.22045e-13
2 -2.47802e-13
3 -2.09166e-13
14804 3
1 1.98952e-13
2 -2.16716e-13
3 -1.82965e-13
14806 3
1 2.30926e-13
2 -2.41585e-13
3 -1.92735e-13
14808 3
1 2.45137e-13
2 -2.42029e-13
3 -1.91847e-13
14810 3
1 2.22045e-13
2 -2.53131e-13
3 -1.98508e-13
14812 3
1 2.06057e-13
2 -2.4647e-13
3 -1.93623e-13
14814 3
1 2.32703e-13
2 -2.49134e-13
3 -1.94511e-13
14816 3
1 2.30926e-13
2 -2.30482e-13
3 -1.99396e-13
14818 3
1 2.11386e-13
2 -2.45137e-13
3 -2.13607e-13
14820 3
1 2.04281e-13
2 -2.20712e-13
3 -2.24709e-13
14822 3
1 2.23821e-13
2 -2.25153e-13
3 -2.13163e-13
14824 3
1 2.27374e-13
2 -2.37144e-13
3 -2.06057e-13
14826 3
1 2.30926e-13
2 -2.18936e-13
3 -1.91847e-13
14828 3
1 2.13163e-13
2 -2.51354e-13
3 -2.18492e-13
14830 3
1 2.34479e-13
2 -2.2915e-13
3 -1.86517e-13
14832 3
1 2.13163e-13
2 -2.27374e-13
3 -2.21156e-13
14834 3
1 2.25597e-13
2 -2.5091e-13
3 -2.15827e-13
14836 3
1 2.45137e-13
2 -2.32703e-13
3 -2.10054e-13
14838 3
1 2.13163e-13
2 -2.43805e-13
3 -1.98064e-13
14840 3
1 2.18492e-13
2 -2.20268e-13
3 -1.98064e-13
14842 3
1 2.41585e-13
2 -2.30482e-13
3 -2.06057e-13
14844 3
1 2.2915e-13
2 -2.36255e-13
3 -1.94511e-13
14846 3
1 2.43361e-13
2 -2.50466e-13
3 -2.11386e-13
14848 3
1 2.32703e-13
2 -2.22933e-13
3 -1.98064e-13
14850 3
1 2.41585e-13
2 -2.53575e-13
3 -1.96287e-13
14852 3
1 2.23821e-13
2 -2.42917e-13
3 -1.93623e-13
14854 3
1 2.39808e-13
2 -2.57572e-13
3 -2.11386e-13
14856 3
1 2.25597e-13
2 -2.08722e-13
3 -2.1716e-13
14858 3
1 2.39808e-13
2 -2.32259e-13
3 -1.83409e-13
14860 3
1 2.2915e-13
2 -2.25153e-13
3 -2.17604e-13
14862 3
1 2.13163e-13
2 -2.31815e-13
3 -2.04281e-13
14864 3
1 2.41585e-13
2 -2.34479e-13
3 -2.13607e-13
14866 3
1 2.39808e-13
2 -2.32703e-13
3 -2.06946e-13
14868 3
1 2.41585e-13
2 -2.20268e-13
3 -1.88738e-13
14870 3
1 2.16716e-13
2 -2.38476e-13
3 -1.91847e-13
14872 3
1 2.32703e-13
2 -2.26041e-13
3 -1.83853e-13
14874 3
1 2.16716e-13
2 -2.34923e-13
3 -1.803e-13
14876 3
1 2.22045e-13
2 -2.12719e-13
3 -1.9984e-13
14878 3
1 2.32703e-13
2 -2.15827e-13
3 -1.78968e-13
14880 3
1 2.32703e-13
2 -1.98952e-13
3 -2.01617e-13
14882 3
1 2.32703e-13
2 -2.42917e-13
3 -2.05169e-13
14884 3
1 2.43361e-13
2 -2.33147e-13
3 -2.02505e-13
14886 3
1 2.39808e-13
2 -2.62457e-13
3 -1.74971e-13
14888 3
1 2.36255e-13
2 -2.10942e-13
3 -1.90958e-13
14890 3
1 2.41585e-13
2 -2.23377e-13
3 -1.82965e-13
14892 3
1 2.14939e-13
2 -2.15827e-13
3 -1.97176e-13
14894 3
1 2.55795e-13
2 -2.14495e-13
3 -1.95399e-13
14896 3
1 2.32703e-13
2 -2.11386e-13
3 -2.00728e-13
14898 3
1 2.43361e-13
2 -2.33591e-13
3 -1.91847e-13
14900 3
1 2.34479e-13
2 -2.39364e-13
3 -2.0961e-13
14902 3
1 2.38032e-13
2 -2.66009e-13
3 -2.21156e-13
14904 3
1 2.22045e-13
2 -2.02949e-13
3 -2.10498e-13
14906 3
1 2.18492e-13
2 -2.30482e-13
3 -2.24709e-13
14908 3
1 2.50466e-13
2 -2.3137e-13
3 -2.00728e-13
14910 3
1 2.18492e-13
2 -2.04281e-13
3 -2.15827e-13
14912 3
1 2.32703e-13
2 -2.0961e-13
3 -2.1938e-13
14914 3
1 2.34479e-13
2 -2.367e-13
3 -2.07834e-13
14916 3
1 2.36255e-13
2 -2.36255e-13
3 -2.16716e-13
14918 3
1 2.32703e-13
2 -2.14939e-13
3 -2.30038e-13
14920 3
1 2.25597e-13
2 -2.12275e-13
3 -2.04281e-13
14922 3
1 2.38032e-13
2 -2.27818e-13
3 -1.98508e-13
14924 3
1 2.25597e-13
2 -2.30926e-13
3 -2.22045e-13
14926 3
1 2.30926e-13
2 -2.20712e-13
3 -2.03393e-13
14928 3
1 2.52243e-13
2 -2.13607e-13
3 -1.98952e-13
14930 3
1 2.38032e-13
2 -2.29594e-13
3 -2.00728e-13
14932 3
1 2.45137e-13
2 -2.15827e-13
3 -2.01617e-13
14934 3
1 2.50466e-13
2 -2.0961e-13
3 -1.96287e-13
14936 3
1 2.41585e-13
2 -2.04725e-13
3 -1.93623e-13
14938 3
1 2.38032e-13
2 -2.22933e-13
3 -2.06946e-13
14940 3
1 2.41585e-13
2 -2.15827e-13
3 -1.92735e-13
14942 3
1 2.23821e-13
2 -1.99396e-13
3 -2.06057e-13
14944 3
1 2.61124e-13
2 -2.35367e-13
3 -2.13163e-13
14946 3
1 2.45137e-13
2 -2.02061e-13
3 -2.03393e-13
14948 3
1 2.62901e-13
2 -2.20712e-13
3 -2.06057e-13
14950 3
1 2.57572e-13
2 -2.34479e-13
3 -1.93623e-13
14952 3
1 2.50466e-13
2 -1.98508e-13
3 -2.0961e-13
14954 3
1 2.66454e-13
2 -1.95843e-13
3 -2.13163e-13
14956 3
1 2.45137e-13
2 -2.18936e-13
3 -2.14939e-13
14958 3
1 2.55795e-13
2 -2.03837e-13
3 -2.07834e-13
14960 3
1 2.75335e-13
2 -2.27374e-13
3 -2.34479e-13
14962 3
1 2.54019e-13
2 -2.26041e-13
3 -2.14939e-13
14964 3
1 2.73559e-13
2 -1.94067e-13
3 -2.15827e-13
14966 3
1 2.57572e-13
2 -2.32259e-13
3 -2.12275e-13
14968 3
1 2.4869e-13
2 -2.12719e-13
3 -2.06057e-13
14970 3
1 2.55795e-13
2 -1.95399e-13
3 -1.93623e-13
14972 3
1 2.30926e-13
2 -2.13607e-13
3 -1.87406e-13
14974 3
1 2.55795e-13
2 -2.27374e-13
3 -2.04281e-13
14976 3
1 2.61124e-13
2 -2.25597e-13
3 -1.88294e-13
14978 3
1 2.77112e-13
2 -2.16716e-13
3 -2.07834e-13
14980 3
1 2.43361e-13
2 -2.08278e-13
3 -1.98064e-13
14982 3
1 2.54019e-13
2 -2.06057e-13
3 -2.08278e-13
14984 3
1 2.70006e-13
2 -1.82965e-13
3 -2.10498e-13
14986 3
1 2.52243e-13
2 -2.14939e-13
3 -1.90958e-13
14988 3
1 2.71783e-13
2 -2.11386e-13
3 -1.88294e-13
14990 3
1 2.75335e-13
2 -1.90514e-13
3 -2.10054e-13
14992 3
1 2.57572e-13
2 -2.03393e-13
3 -2.06946e-13
14994 3
1 2.66454e-13
2 -1.90958e-13
3 -2.1938e-13
14996 3
1 2.84217e-13
2 -1.99396e-13
3 -2.07834e-13
14998 3
1 2.55795e-13
2 -2.12275e-13
3 -2.06057e-13
15000 3
1 2.70006e-13
2 -1.95843e-13
3 -2.06057e-13
15002 3
1 2.38032e-13
2 -2.14051e-13
3 -2.07834e-13
15004 3
1 2.34479e-13
2 -1.98064e-13
3 -1.9007e-13
15006 3
1 2.61124e-13
2 -1.77192e-13
3 -1.86517e-13
15008 3
1 2.50466e-13
2 -2.04725e-13
3 -2.12275e-13
15010 3
1 2.52243e-13
2 -2.04281e-13
3 -1.81632e-13
15012 3
1 2.61124e-13
2 -2.08722e-13
3 -2.15383e-13
15014 3
1 2.45137e-13
2 -2.17604e-13
3 -1.85629e-13
15016 3
1 2.70006e-13
2 -2.05613e-13
3 -1.9007e-13
15018 3
1 2.55795e-13
2 -2.30482e-13
3 -1.9007e-13
15020 3
1 2.66454e-13
2 -2.04281e-13
3 -1.96287e-13
15022 3
1 2.43361e-13
2 -2.21156e-13
3 -1.81188e-13
15024 3
1 2.32703e-13
2 -2.08722e-13
3 -2.07834e-13
15026 3
1 2.46914e-13
2 -2.33591e-13
3 -1.9984e-13
15028 3
1 2.4869e-13
2 -2.18492e-13
3 -1.81188e-13
15030 3
1 2.46914e-13
2 -2.01617e-13
3 -2.04281e-13
15032 3
1 2.70006e-13
2 -2.02505e-13
3 -2.15827e-13
15034 3
1 2.54019e-13
2 -2.00728e-13
3 -2.06946e-13
15036 3
1 2.62901e-13
2 -2.21156e-13
3 -2.22933e-13
15038 3
1 2.71783e-13
2 -1.92735e-13
3 -2.0961e-13
15040 3
1 2.62901e-13
2 -1.95399e-13
3 -2.10054e-13
15042 3
1 2.50466e-13
2 -2.10054e-13
3 -1.88294e-13
15044 3
1 2.77112e-13
2 -2.03393e-13
3 -1.98064e-13
15046 3
1 2.59348e-13
2 -1.89182e-13
3 -2.11386e-13
15048 3
1 2.46914e-13
2 -1.89182e-13
3 -2.18492e-13
15050 3
1 2.52243e-13
2 -1.79856e-13
3 -1.80744e-13
15052 3
1 2.59348e-13
2 -1.8785e-13
3 -2.02505e-13
15054 3
1 2.54019e-13
2 -1.86073e-13
3 -2.04725e-13
15056 3
1 2.77112e-13
2 -1.98508e-13
3 -1.98952e-13
15058 3
1 2.55795e-13
2 -1.95399e-13
3 -2.00728e-13
15060 3
1 2.66454e-13
2 -2.12719e-13
3 -1.92735e-13
15062 3
1 2.73559e-13
2 -2.05169e-13
3 -2.0961e-13
15064 3
1 2.59348e-13
2 -1.9007e-13
3 -1.65201e-13
15066 3
1 2.82441e-13
2 -2.05169e-13
3 -1.84297e-13
15068 3
1 2.45137e-13
2 -1.96287e-13
3 -1.92291e-13
15070 3
1 2.43361e-13
2 -2.18492e-13
3 -1.91402e-13
15072 3
1 2.66454e-13
2 -2.06946e-13
3 -1.89182e-13
15074 3
1 2.64677e-13
2 -2.10498e-13
3 -1.74527e-13
15076 3
1 2.4869e-13
2 -2.0961e-13
3 -1.83409e-13
15078 3
1 2.70006e-13
2 -1.91847e-13
3 -1.65201e-13
15080 3
1 2.66454e-13
2 -1.94511e-13
3 -1.71863e-13
15082 3
1 2.66454e-13
2 -1.82077e-13
3 -1.67866e-13
15084 3
1 2.84217e-13
2 -2.02505e-13
3 -1.79412e-13
15086 3
1 2.62901e-13
2 -1.98952e-13
3 -1.87406e-13
15088 3
1 2.64677e-13
2 -1.98064e-13
3 -1.84741e-13
15090 3
1 2.70006e-13
2 -1.88294e-13
3 -1.66978e-13
15092 3
1 2.6823e-13
2 -2.03393e-13
3 -1.94511e-13
15094 3
1 2.73559e-13
2 -1.94511e-13
3 -1.86517e-13
15096 3
1 2.59348e-13
2 -2.0739e-13
3 -1.7053e-13
15098 3
1 2.82441e-13
2 -1.90958e-13
3 -1.59872e-13
15100 3
1 2.62901e-13
2 -1.92735e-13
3 -1.84741e-13
15102 3
1 2.64677e-13
2 -2.00728e-13
3 -1.72307e-13
15104 3
1 2.80664e-13
2 -1.98508e-13
3 -1.86517e-13
15106 3
1 2.59348e-13
2 -1.88738e-13
3 -1.7053e-13
15108 3
1 2.93099e-13
2 -2.01617e-13
3 -1.75859e-13
15110 3
1 2.82441e-13
2 -2.17604e-13
3 -1.64313e-13
15112 3
1 2.70006e-13
2 -2.14051e-13
3 -1.75859e-13
15114 3
1 2.89546e-13
2 -1.9984e-13
3 -1.84741e-13
15116 3
1 2.70006e-13
2 -1.98952e-13
3 -1.71418e-13
15118 3
1 2.75335e-13
2 -1.89182e-13
3 -1.73195e-13
15120 3
1 2.93099e-13
2 -1.76303e-13
3 -1.62537e-13
15122 3
1 2.93099e-13
2 -1.76748e-13
3 -1.68754e-13
15124 3
1 2.89546e-13
2 -1.98952e-13
3 -1.89182e-13
15126 3
1 2.75335e-13
2 -1.91847e-13
3 -1.86517e-13
15128 3
1 2.6823e-13
2 -2.01172e-13
3 -1.73195e-13
15130 3
1 2.98428e-13
2 -1.87406e-13
3 -1.69198e-13
15132 3
1 2.85993e-13
2 -1.86517e-13
3 -1.78968e-13
15134 3
1 2.85993e-13
2 -1.82521e-13
3 -1.84297e-13
15136 3
1 2.84217e-13
2 -1.75415e-13
3 -1.67422e-13
15138 3
1 2.73559e-13
2 -1.92735e-13
3 -2.04725e-13
15140 3
1 2.77112e-13
2 -2.0961e-13
3 -1.82965e-13
15142 3
1 2.52243e-13
2 -1.98508e-13
3 -1.88738e-13
15144 3
1 2.89546e-13
2 -2.00728e-13
3 -1.82965e-13
15146 3
1 2.64677e-13
2 -2.16271e-13
3 -1.75415e-13
15148 3
1 2.82441e-13
2 -1.88294e-13
3 -1.9007e-13
15150 3
1 2.85993e-13
2 -1.92735e-13
3 -1.94511e-13
15152 3
1 2.57572e-13
2 -2.03837e-13
3 -1.78524e-13
15154 3
1 2.91323e-13
2 -2.11386e-13
3 -1.64313e-13
15156 3
1 2.57572e-13
2 -2.16271e-13
3 -1.82077e-13
15158 3
1 2.62901e-13
2 -2.05169e-13
3 -1.85185e-13
15160 3
1 2.77112e-13
2 -2.03393e-13
3 -1.85629e-13
15162 3
1 2.93099e-13
2 -2.15827e-13
3 -2.02505e-13
15164 3
1 2.84217e-13
2 -1.98952e-13
3 -1.9007e-13
15166 3
1 2.89546e-13
2 -2.01617e-13
3 -1.81188e-13
15168 3
1 2.94875e-13
2 -1.96732e-13
3 -1.93623e-13
15170 3
1 3.10862e-13
2 -2.02505e-13
3 -2.12275e-13
15172 3
1 3.03757e-13
2 -2.00284e-13
3 -1.96287e-13
15174 3
1 3.12639e-13
2 -1.89182e-13
3 -1.71418e-13
15176 3
1 2.94875e-13
2 -1.99396e-13
3 -1.95399e-13
15178 3
1 2.8777e-13
2 -2.05613e-13
3 -1.94067e-13
15180 3
1 2.8777e-13
2 -2.02949e-13
3 -1.98064e-13
15182 3
1 2.85993e-13
2 -2.10942e-13
3 -1.84741e-13
15184 3
1 2.8777e-13
2 -2.24709e-13
3 -1.98064e-13
15186 3
1 2.84217e-13
2 -2.20268e-13
3 -1.94511e-13
15188 3
1 2.89546e-13
2 -2.22045e-13
3 -1.95399e-13
15190 3
1 2.82441e-13
2 -2.07834e-13
3 -2.01617e-13
15192 3
1 2.93099e-13
2 -2.22045e-13
3 -1.84741e-13
15194 3
1 3.01981e-13
2 -2.15827e-13
3 -2.07834e-13
15196 3
1 2.91323e-13
2 -2.28706e-13
3 -1.89182e-13
15198 3
1 2.96652e-13
2 -2.0739e-13
3 -1.82077e-13
15200 3
1 2.91323e-13
2 -2.23377e-13
3 -2.03393e-13
15202 3
1 3.00204e-13
2 -2.37144e-13
3 -1.91847e-13
15204 3
1 2.98428e-13
2 -2.11386e-13
3 -1.95399e-13
15206 3
1 2.8777e-13
2 -2.29594e-13
3 -2.08278e-13
15208 3
1 3.03757e-13
2 -2.47802e-13
3 -2.05169e-13
15210 3
1 2.96652e-13
2 -2.22045e-13
3 -1.97176e-13
15212 3
1 2.98428e-13
2 -2.53575e-13
3 -2.18492e-13
15214 3
1 2.85993e-13
2 -2.20268e-13
3 -1.93623e-13
15216 3
1 3.0731e-13
2 -2.45581e-13
3 -1.86073e-13
15218 3
1 2.73559e-13
2 -2.16271e-13
3 -1.85629e-13
15220 3
1 2.96652e-13
2 -2.38032e-13
3 -1.97176e-13
15222 3
1 2.98428e-13
2 -2.34479e-13
3 -2.02061e-13
15224 3
1 2.89546e-13
2 -2.35811e-13
3 -1.803e-13
15226 3
1 2.78888e-13
2 -2.27818e-13
3 -1.9007e-13
15228 3
1 2.84217e-13
2 -2.43361e-13
3 -2.1938e-13
15230 3
1 2.84217e-13
2 -2.40696e-13
3 -1.94955e-13
15232 3
1 3.01981e-13
2 -2.41585e-13
3 -2.27374e-13
15234 3
1 2.91323e-13
2 -2.46914e-13
3 -2.0961e-13
15236 3
1 2.96652e-13
2 -2.14939e-13
3 -2.07834e-13
15238 3
1 2.89546e-13
2 -2.39364e-13
3 -2.06946e-13
15240 3
1 2.96652e-13
2 -2.56684e-13
3 -2.02505e-13
15242 3
1 2.98428e-13
2 -2.34923e-13
3 -1.95843e-13
15244 3
1 2.73559e-13
2 -2.25597e-13
3 -2.06946e-13
15246 3
1 2.89546e-13
2 -2.30926e-13
3 -1.91847e-13
15248 3
1 2.98428e-13
2 -2.53131e-13
3 -2.03393e-13
15250 3
1 2.82441e-13
2 -2.3892e-13
3 -2.16271e-13
15252 3
1 2.94875e-13
2 -2.35367e-13
3 -1.80744e-13
15254 3
1 2.66454e-13
2 -2.42029e-13
3 -1.86962e-13
15256 3
1 3.01981e-13
2 -2.31815e-13
3 -2.0961e-13
15258 3
1 3.28626e-13
2 -2.39808e-13
3 -2.01172e-13
15260 3
1 2.94875e-13
2 -2.3892e-13
3 -2.30038e-13
15262 3
1 2.93099e-13
2 -2.30926e-13
3 -2.33147e-13
15264 3
1 2.84217e-13
2 -2.46025e-13
3 -2.33591e-13
15266 3
1 3.2685e-13
2 -2.42473e-13
3 -2.27818e-13
15268 3
1 3.01981e-13
2 -2.55351e-13
3 -2.02505e-13
15270 3
1 2.8777e-13
2 -2.70006e-13
3 -2.42473e-13
15272 3
1 2.96652e-13
2 -2.41585e-13
3 -2.42917e-13
15274 3
1 2.96652e-13
2 -2.26485e-13
3 -2.16716e-13
15276 3
1 2.98428e-13
2 -2.54463e-13
3 -2.20268e-13
15278 3
1 2.93099e-13
2 -2.62013e-13
3 -2.19824e-13
15280 3
1 2.93099e-13
2 -2.26485e-13
3 -2.30038e-13
15282 3
1 2.84217e-13
2 -2.35811e-13
3 -1.92735e-13
15284 3
1 2.85993e-13
2 -2.51354e-13
3 -2.21156e-13
15286 3
1 2.94875e-13
2 -2.40696e-13
3 -2.33591e-13
15288 3
1 3.00204e-13
2 -2.56684e-13
3 -2.06946e-13
15290 3
1 2.91323e-13
2 -2.64677e-13
3 -1.88294e-13
15292 3
1 3.14415e-13
2 -2.64677e-13
3 -2.06946e-13
15294 3
1 2.91323e-13
2 -2.50466e-13
3 -2.20712e-13
15296 3
1 2.78888e-13
2 -2.46914e-13
3 -2.00728e-13
15298 3
1 2.91323e-13
2 -2.66898e-13
3 -2.0961e-13
15300 3
1 3.14415e-13
2 -2.57572e-13
3 -2.12275e-13
15302 3
1 2.94875e-13
2 -2.73559e-13
3 -2.13163e-13
15304 3
1 2.93099e-13
2 -2.63345e-13
3 -2.20268e-13
15306 3
1 2.82441e-13
2 -2.61569e-13
3 -2.18492e-13
15308 3
1 2.96652e-13
2 -2.66454e-13
3 -1.9984e-13
15310 3
1 3.09086e-13
2 -2.6823e-13
3 -2.14939e-13
15312 3
1 2.98428e-13
2 -2.60236e-13
3 -2.15383e-13
15314 3
1 2.93099e-13
2 -2.73559e-13
3 -2.14939e-13
15316 3
1 2.93099e-13
2 -2.53131e-13
3 -2.11831e-13
15318 3
1 2.94875e-13
2 -2.55351e-13
3 -1.82965e-13
15320 3
1 3.25073e-13
2 -2.54019e-13
3 -2.08278e-13
15322 3
1 3.0731e-13
2 -2.71783e-13
3 -2.16271e-13
15324 3
1 3.05533e-13
2 -2.71783e-13
3 -2.14495e-13
15326 3
1 3.03757e-13
2 -2.59348e-13
3 -2.1938e-13
15328 3
1 3.28626e-13
2 -2.70006e-13
3 -1.91847e-13
15330 3
1 3.10862e-13
2 -2.62013e-13
3 -1.89182e-13
15332 3
1 3.03757e-13
2 -2.47802e-13
3 -1.94955e-13
15334 3
1 3.17968e-13
2 -2.7045e-13
3 -1.96732e-13
15336 3
1 2.98428e-13
2 -2.73559e-13
3 -1.92735e-13
15338 3
1 2.98428e-13
2 -2.72671e-13
3 -2.20268e-13
15340 3
1 2.96652e-13
2 -2.74891e-13
3 -2.14939e-13
15342 3
1 3.21521e-13
2 -2.81553e-13
3 -1.99396e-13
15344 3
1 3.10862e-13
2 -2.49578e-13
3 -2.11831e-13
15346 3
1 3.16192e-13
2 -2.6823e-13
3 -2.10942e-13
15348 3
1 2.96652e-13
2 -2.62457e-13
3 -2.16716e-13
15350 3
1 2.98428e-13
2 -2.85993e-13
3 -1.9984e-13
15352 3
1 3.23297e-13
2 -2.86882e-13
3 -2.06057e-13
15354 3
1 3.17968e-13
2 -2.65565e-13
3 -2.20268e-13
15356 3
1 3.14415e-13
2 -2.72671e-13
3 -1.9762e-13
15358 3
1 3.12639e-13
2 -2.69118e-13
3 -2.14939e-13
15360 3
1 3.0731e-13
2 -2.78e-13
3 -2.14051e-13
15362 3
1 2.96652e-13
2 -2.78888e-13
3 -2.14051e-13
15364 3
1 2.91323e-13
2 -2.70006e-13
3 -2.12719e-13
15366 3
1 3.09086e-13
2 -2.56684e-13
3 -2.10498e-13
15368 3
1 3.05533e-13
2 -2.44249e-13
3 -2.08278e-13
15370 3
1 2.96652e-13
2 -2.46025e-13
3 -2.0961e-13
15372 3
1 2.94875e-13
2 -2.66898e-13
3 -1.96287e-13
15374 3
1 2.96652e-13
2 -2.84217e-13
3 -2.02505e-13
15376 3
1 3.10862e-13
2 -2.6823e-13
3 -2.14495e-13
15378 3
1 3.00204e-13
2 -2.66454e-13
3 -2.08722e-13
15380 3
1 2.94875e-13
2 -2.79776e-13
3 -1.67866e-13
15382 3
1 3.09086e-13
2 -2.84217e-13
3 -2.24265e-13
15384 3
1 3.0731e-13
2 -2.73559e-13
3 -2.2693e-13
15386 3
1 2.94875e-13
2 -2.92211e-13
3 -1.98064e-13
15388 3
1 2.93099e-13
2 -2.74891e-13
3 -2.14051e-13
15390 3
1 3.0731e-13
2 -2.66454e-13
3 -2.18048e-13
15392 3
1 2.82441e-13
2 -2.66454e-13
3 -2.30038e-13
15394 3
1 3.09086e-13
2 -2.6823e-13
3 -1.93179e-13
15396 3
1 2.98428e-13
2 -2.4869e-13
3 -2.14939e-13
15398 3
1 2.94875e-13
2 -2.67342e-13
3 -2.46025e-13
15400 3
1 2.64677e-13
2 -2.78444e-13
3 -2.19824e-13
15402 3
1 3.00204e-13
2 -2.70006e-13
3 -2.34923e-13
15404 3
1 2.91323e-13
2 -2.57572e-13
3 -2.21156e-13
15406 3
1 3.05533e-13
2 -2.51799e-13
3 -2.40696e-13
15408 3
1 2.93099e-13
2 -2.52687e-13
3 -2.44693e-13
15410 3
1 2.8777e-13
2 -2.66454e-13
3 -2.36255e-13
15412 3
1 2.96652e-13
2 -2.37588e-13
3 -2.35811e-13
15414 3
1 2.73559e-13
2 -2.55795e-13
3 -2.36255e-13
15416 3
1 2.6823e-13
2 -2.69118e-13
3 -2.42473e-13
15418 3
1 3.03757e-13
2 -2.6823e-13
3 -2.18492e-13
15420 3
1 2.94875e-13
2 -2.64677e-13
3 -2.38032e-13
15422 3
1 3.0731e-13
2 -2.46914e-13
3 -2.13163e-13
15424 3
1 2.85993e-13
2 -2.4869e-13
3 -2.34479e-13
15426 3
1 2.93099e-13
2 -2.57572e-13
3 -2.22933e-13
15428 3
1 2.91323e-13
2 -2.59792e-13
3 -2.22045e-13
15430 3
1 2.89546e-13
2 -2.79776e-13
3 -2.54019e-13
15432 3
1 3.12639e-13
2 -2.32703e-13
3 -2.48246e-13
15434 3
1 2.93099e-13
2 -2.44249e-13
3 -2.50022e-13
15436 3
1 2.8777e-13
2 -2.6823e-13
3 -2.62013e-13
15438 3
1 3.00204e-13
2 -2.54019e-13
3 -2.57128e-13
15440 3
1 2.94875e-13
2 -2.70894e-13
3 -2.4114e-13
15442 3
1 3.01981e-13
2 -2.58904e-13
3 -2.38032e-13
15444 3
1 3.05533e-13
2 -2.74447e-13
3 -2.45137e-13
15446 3
1 2.91323e-13
2 -2.54019e-13
3 -2.44693e-13
15448 3
1 3.00204e-13
2 -2.53575e-13
3 -2.39364e-13
15450 3
1 2.94875e-13
2 -2.85993e-13
3 -2.39808e-13
15452 3
1 2.8777e-13
2 -2.70894e-13
3 -2.44693e-13
15454 3
1 3.03757e-13
2 -2.2915e-13
3 -2.60236e-13
15456 3
1 2.94875e-13
2 -2.54907e-13
3 -2.54019e-13
15458 3
1 3.05533e-13
2 -2.49134e-13
3 -2.45137e-13
15460 3
1 3.09086e-13
2 -2.5846e-13
3 -2.66454e-13
15462 3
1 2.94875e-13
2 -2.51799e-13
3 -2.66898e-13
15464 3
1 2.75335e-13
2 -2.52243e-13
3 -2.66454e-13
15466 3
1 3.0731e-13
2 -2.73115e-13
3 -2.54907e-13
15468 3
1 2.85993e-13
2 -2.78888e-13
3 -2.53575e-13
15470 3
1 2.96652e-13
2 -2.61124e-13
3 -2.44249e-13
15472 3
1 3.10862e-13
2 -2.65121e-13
3 -2.42917e-13
15474 3
1 2.78888e-13
2 -2.65565e-13
3 -2.3892e-13
15476 3
1 3.17968e-13
2 -2.81553e-13
3 -2.53131e-13
15478 3
1 2.84217e-13
2 -2.43361e-13
3 -2.4869e-13
15480 3
1 3.00204e-13
2 -2.78888e-13
3 -2.41585e-13
15482 3
1 2.98428e-13
2 -2.84661e-13
3 -2.2915e-13
15484 3
1 3.09086e-13
2 -2.6068e-13
3 -2.33147e-13
15486 3
1 2.84217e-13
2 -2.76668e-13
3 -2.47802e-13
15488 3
1 3.23297e-13
2 -2.81553e-13
3 -2.42473e-13
15490 3
1 3.14415e-13
2 -2.8022e-13
3 -2.59792e-13
15492 3
1 3.12639e-13
2 -2.50022e-13
3 -2.30482e-13
15494 3
1 3.19744e-13
2 -2.6823e-13
3 -2.45581e-13
15496 3
1 3.03757e-13
2 -2.76223e-13
3 -2.50466e-13
15498 3
1 3.10862e-13
2 -2.77112e-13
3 -2.54907e-13
15500 3
1 3.00204e-13
2 -2.54907e-13
3 -2.24709e-13
15502 3
1 3.19744e-13
2 -2.42029e-13
3 -2.46914e-13
15504 3
1 3.03757e-13
2 -2.73559e-13
3 -2.4114e-13
15506 3
1 3.17968e-13
2 -2.39808e-13
3 -2.56239e-13
15508 3
1 3.14415e-13
2 -2.62013e-13
3 -2.22045e-13
15510 3
1 2.93099e-13
2 -2.74891e-13
3 -2.22933e-13
15512 3
1 2.96652e-13
2 -2.46025e-13
3 -2.18492e-13
15514 3
1 3.03757e-13
2 -2.61124e-13
3 -2.55351e-13
15516 3
1 3.30402e-13
2 -2.52687e-13
3 -2.33591e-13
15518 3
1 2.91323e-13
2 -2.54907e-13
3 -2.39808e-13
15520 3
1 3.03757e-13
2 -2.5846e-13
3 -2.33147e-13
15522 3
1 3.10862e-13
2 -2.6823e-13
3 -2.43805e-13
15524 3
1 2.8777e-13
2 -2.46914e-13
3 -2.27374e-13
15526 3
1 3.03757e-13
2 -2.83329e-13
3 -2.49578e-13
15528 3
1 3.25073e-13
2 -2.62901e-13
3 -2.59348e-13
15530 3
1 3.01981e-13
2 -2.72671e-13
3 -2.52687e-13
15532 3
1 3.05533e-13
2 -2.51799e-13
3 -2.45581e-13
15534 3
1 3.19744e-13
2 -2.50022e-13
3 -2.38032e-13
15536 3
1 3.01981e-13
2 -2.4869e-13
3 -2.4869e-13
15538 3
1 2.89546e-13
2 -2.67342e-13
3 -2.58016e-13
15540 3
1 2.85993e-13
2 -2.62013e-13
3 -2.47802e-13
15542 3
1 3.12639e-13
2 -2.85993e-13
3 -2.52243e-13
15544 3
1 3.10862e-13
2 -2.62901e-13
3 -2.52687e-13
15546 3
1 3.10862e-13
2 -2.60236e-13
3 -2.71783e-13
15548 3
1 3.10862e-13
2 -2.81553e-13
3 -2.49134e-13
15550 3
1 3.14415e-13
2 -2.65565e-13
3 -2.45137e-13
15552 3
1 2.6823e-13
2 -2.70006e-13
3 -2.47802e-13
15554 3
1 3.09086e-13
2 -2.66454e-13
3 -2.74891e-13
15556 3
1 3.21521e-13
2 -2.74447e-13
3 -2.6068e-13
15558 3
1 3.25073e-13
2 -2.60236e-13
3 -2.5846e-13
15560 3
1 3.21521e-13
2 -2.91323e-13
3 -2.37144e-13
15562 3
1 3.16192e-13
2 -2.93987e-13
3 -2.1716e-13
15564 3
1 3.2685e-13
2 -2.88658e-13
3 -2.57572e-13
15566 3
1 3.17968e-13
2 -2.90434e-13
3 -2.4647e-13
15568 3
1 3.12639e-13
2 -2.75335e-13
3 -2.38032e-13
15570 3
1 3.05533e-13
2 -2.76223e-13
3 -2.35367e-13
15572 3
1 3.23297e-13
2 -2.61124e-13
3 -2.23821e-13
15574 3
1 3.01981e-13
2 -2.75335e-13
3 -2.51799e-13
15576 3
1 3.0731e-13
2 -2.60236e-13
3 -2.67786e-13
15578 3
1 3.05533e-13
2 -2.6823e-13
3 -2.63345e-13
15580 3
1 3.22409e-13
2 -2.86882e-13
3 -2.22045e-13
15582 3
1 3.08198e-13
2 -2.93099e-13
3 -2.39808e-13
15584 3
1 3.16192e-13
2 -2.57572e-13
3 -2.61124e-13
15586 3
1 3.03757e-13
2 -2.63789e-13
3 -2.62901e-13
15588 3
1 3.10862e-13
2 -2.8777e-13
3 -2.50022e-13
15590 3
1 3.02869e-13
2 -2.59348e-13
3 -2.2915e-13
15592 3
1 2.85105e-13
2 -2.57572e-13
3 -2.6823e-13
15594 3
1 3.20632e-13
2 -2.59348e-13
3 -2.30926e-13
15596 3
1 3.12639e-13
2 -2.64677e-13
3 -2.34035e-13
15598 3
1 2.89546e-13
2 -2.80664e-13
3 -2.56239e-13
15600 3
1 2.98428e-13
2 -2.63789e-13
3 -2.46914e-13
15602 3
1 3.03757e-13
2 -2.47802e-13
3 -2.55795e-13
15604 3
1 2.77112e-13
2 -2.66454e-13
3 -2.3892e-13
15606 3
1 2.8777e-13
2 -2.74447e-13
3 -2.43361e-13
15608 3
1 2.77112e-13
2 -2.73559e-13
3 -2.18048e-13
15610 3
1 2.85993e-13
2 -2.66454e-13
3 -2.34035e-13
15612 3
1 2.96652e-13
2 -2.61124e-13
3 -2.32703e-13
15614 3
1 2.96652e-13
2 -2.60236e-13
3 -2.22045e-13
15616 3
1 2.89546e-13
2 -2.59348e-13
3 -2.41585e-13
15618 3
1 2.82441e-13
2 -2.67342e-13
3 -2.09166e-13
15620 3
1 2.8777e-13
2 -2.46914e-13
3 -2.37144e-13
15622 3
1 2.88658e-13
2 -2.62013e-13
3 -2.11386e-13
15624 3
1 2.92211e-13
2 -2.82441e-13
3 -2.30926e-13
15626 3
1 2.84217e-13
2 -2.38032e-13
3 -2.16271e-13
15628 3
1 2.8777e-13
2 -2.62013e-13
3 -2.14495e-13
15630 3
1 2.89546e-13
2 -2.70006e-13
3 -2.20268e-13
15632 3
1 2.91323e-13
2 -2.56684e-13
3 -2.1938e-13
15634 3
1 2.78e-13
2 -2.57572e-13
3 -1.88738e-13
15636 3
1 3.16192e-13
2 -2.45137e-13
3 -2.10942e-13
15638 3
1 2.8777e-13
2 -2.69118e-13
3 -1.96287e-13
15640 3
1 3.00204e-13
2 -2.67342e-13
3 -2.48246e-13
15642 3
1 2.91323e-13
2 -2.46025e-13
3 -2.06501e-13
15644 3
1 2.98428e-13
2 -2.76223e-13
3 -2.00284e-13
15646 3
1 2.98428e-13
2 -2.45137e-13
3 -2.1716e-13
15648 3
1 3.01981e-13
2 -2.61124e-13
3 -2.2693e-13
15650 3
1 3.10862e-13
2 -2.52243e-13
3 -2.23377e-13
15652 3
1 3.03757e-13
2 -2.85105e-13
3 -2.08278e-13
15654 3
1 2.93099e-13
2 -2.54019e-13
3 -2.46914e-13
15656 3
1 2.93099e-13
2 -2.66454e-13
3 -2.18936e-13
15658 3
1 2.98428e-13
2 -2.67342e-13
3 -1.93179e-13
15660 3
1 3.05533e-13
2 -2.47802e-13
3 -2.13607e-13
15662 3
1 2.93099e-13
2 -2.72671e-13
3 -2.16716e-13
15664 3
1 2.77112e-13
2 -2.47802e-13
3 -2.21156e-13
15666 3
1 2.94875e-13
2 -2.50466e-13
3 -2.12275e-13
15668 3
1 3.03757e-13
2 -2.34479e-13
3 -2.24265e-13
15670 3
1 3.05533e-13
2 -2.61124e-13
3 -2.25153e-13
15672 3
1 2.91323e-13
2 -2.69562e-13
3 -2.07834e-13
15674 3
1 3.05533e-13
2 -2.24265e-13
3 -2.22933e-13
15676 3
1 3.21521e-13
2 -2.47802e-13
3 -2.24709e-13
15678 3
1 3.05533e-13
2 -2.69118e-13
3 -2.30038e-13
15680 3
1 3.16192e-13
2 -2.16716e-13
3 -2.08722e-13
15682 3
1 2.98428e-13
2 -2.51354e-13
3 -2.34923e-13
15684 3
1 2.96652e-13
2 -2.42473e-13
3 -2.65565e-13
15686 3
1 3.03757e-13
2 -2.62013e-13
3 -2.22489e-13
15688 3
1 3.09086e-13
2 -2.40252e-13
3 -2.20712e-13
15690 3
1 2.98428e-13
2 -2.4869e-13
3 -2.43805e-13
15692 3
1 3.14415e-13
2 -2.40696e-13
3 -2.5846e-13
15694 3
1 2.82441e-13
2 -2.56684e-13
3 -2.42473e-13
15696 3
1 2.91323e-13
2 -2.30038e-13
3 -2.52243e-13
15698 3
1 3.00204e-13
2 -2.56684e-13
3 -2.5091e-13
15700 3
1 2.80664e-13
2 -2.5846e-13
3 -2.38032e-13
15702 3
1 2.84217e-13
2 -2.39808e-13
3 -2.11831e-13
15704 3
1 2.75335e-13
2 -2.52687e-13
3 -2.4114e-13
15706 3
1 2.75335e-13
2 -2.46025e-13
3 -2.4869e-13
15708 3
1 2.71783e-13
2 -2.68674e-13
3 -2.34479e-13
15710 3
1 2.66454e-13
2 -2.36255e-13
3 -2.44249e-13
15712 3
1 2.70006e-13
2 -2.47358e-13
3 -2.33591e-13
15714 3
1 2.8777e-13
2 -2.41585e-13
3 -2.59792e-13
15716 3
1 2.91323e-13
2 -2.44249e-13
3 -2.40696e-13
15718 3
1 2.78888e-13
2 -2.30926e-13
3 -2.39364e-13
15720 3
1 2.93099e-13
2 -2.33591e-13
3 -2.26041e-13
15722 3
1 3.03757e-13
2 -2.52243e-13
3 -2.2915e-13
15724 3
1 2.8777e-13
2 -2.27374e-13
3 -2.51354e-13
15726 3
1 2.93099e-13
2 -2.22489e-13
3 -2.40252e-13
15728 3
1 2.91323e-13
2 -2.54463e-13
3 -2.5846e-13
15730 3
1 2.71783e-13
2 -2.62901e-13
3 -2.40252e-13
15732 3
1 2.64677e-13
2 -2.5846e-13
3 -2.4647e-13
15734 3
1 2.77112e-13
2 -2.5846e-13
3 -2.36255e-13
15736 3
1 2.77112e-13
2 -2.34479e-13
3 -2.46914e-13
15738 3
1 2.85993e-13
2 -2.41585e-13
3 -2.34479e-13
15740 3
1 2.54019e-13
2 -2.37144e-13
3 -2.06946e-13
15742 3
1 2.8777e-13
2 -2.44249e-13
3 -2.38476e-13
15744 3
1 2.66454e-13
2 -2.60236e-13
3 -2.18936e-13
15746 3
1 2.84217e-13
2 -2.60236e-13
3 -2.36255e-13
15748 3
1 2.80664e-13
2 -2.23377e-13
3 -2.37588e-13
15750 3
1 2.6823e-13
2 -2.31815e-13
3 -2.33591e-13
15752 3
1 2.73559e-13
2 -2.50022e-13
3 -2.40696e-13
15754 3
1 2.85993e-13
2 -2.14051e-13
3 -2.55351e-13
15756 3
1 2.84217e-13
2 -2.44249e-13
3 -2.54463e-13
15758 3
1 3.05533e-13
2 -2.27818e-13
3 -2.3137e-13
15760 3
1 2.78888e-13
2 -2.53131e-13
3 -2.30926e-13
15762 3
1 2.94875e-13
2 -2.4114e-13
3 -2.5846e-13
15764 3
1 2.80664e-13
2 -2.56684e-13
3 -2.14051e-13
15766 3
1 2.71783e-13
2 -2.27818e-13
3 -2.24709e-13
15768 3
1 2.77112e-13
2 -2.39364e-13
3 -2.36255e-13
15770 3
1 2.84217e-13
2 -2.2693e-13
3 -2.33147e-13
15772 3
1 3.03757e-13
2 -2.11831e-13
3 -2.43805e-13
15774 3
1 2.93099e-13
2 -2.37144e-13
3 -2.6068e-13
15776 3
1 3.10862e-13
2 -2.10498e-13
3 -2.4647e-13
15778 3
1 2.77112e-13
2 -2.45137e-13
3 -2.50022e-13
15780 3
1 2.94875e-13
2 -2.44249e-13
3 -2.46914e-13
15782 3
1 2.83329e-13
2 -2.52687e-13
3 -2.52243e-13
15784 3
1 2.74447e-13
2 -2.70894e-13
3 -2.62901e-13
15786 3
1 2.72671e-13
2 -2.55795e-13
3 -2.65121e-13
15788 3
1 2.75335e-13
2 -2.40252e-13
3 -2.70006e-13
15790 3
1 3.00204e-13
2 -2.37144e-13
3 -2.71339e-13
15792 3
1 2.71783e-13
2 -2.4869e-13
3 -2.72227e-13
15794 3
1 2.50466e-13
2 -2.27374e-13
3 -2.69118e-13
15796 3
1 2.70006e-13
2 -2.5091e-13
3 -2.58904e-13
15798 3
1 2.84217e-13
2 -2.60236e-13
3 -2.54907e-13
15800 3
1 2.93099e-13
2 -2.39808e-13
3 -2.52243e-13
15802 3
1 2.64677e-13
2 -2.42917e-13
3 -2.61569e-13
15804 3
1 2.80664e-13
2 -2.22933e-13
3 -2.52243e-13
15806 3
1 2.66454e-13
2 -2.52243e-13
3 -2.66898e-13
15808 3
1 2.85993e-13
2 -2.39364e-13
3 -2.57572e-13
15810 3
1 2.73559e-13
2 -2.23821e-13
3 -2.63789e-13
15812 3
1 2.96652e-13
2 -2.56684e-13
3 -2.49134e-13
15814 3
1 2.70006e-13
2 -2.53131e-13
3 -2.6068e-13
15816 3
1 2.8777e-13
2 -2.45137e-13
3 -2.50022e-13
15818 3
1 2.91323e-13
2 -2.7045e-13
3 -2.51354e-13
15820 3
1 2.78888e-13
2 -2.48246e-13
3 -2.77556e-13
15822 3
1 2.78888e-13
2 -2.29594e-13
3 -2.53575e-13
15824 3
1 2.82441e-13
2 -2.58016e-13
3 -2.60236e-13
15826 3
1 2.70006e-13
2 -2.26041e-13
3 -2.63789e-13
15828 3
1 2.77112e-13
2 -2.53131e-13
3 -2.71783e-13
15830 3
1 2.62901e-13
2 -2.35367e-13
3 -2.66454e-13
15832 3
1 2.91323e-13
2 -2.2915e-13
3 -2.78e-13
15834 3
1 2.84217e-13
2 -2.32259e-13
3 -2.90434e-13
15836 3
1 2.71783e-13
2 -2.42917e-13
3 -2.80664e-13
15838 3
1 2.78888e-13
2 -2.28262e-13
3 -2.53575e-13
15840 3
1 2.66454e-13
2 -2.61124e-13
3 -2.78888e-13
15842 3
1 2.57572e-13
2 -2.22045e-13
3 -2.62457e-13
15844 3
1 2.50466e-13
2 -2.25597e-13
3 -2.71783e-13
15846 3
1 3.00204e-13
2 -2.64677e-13
3 -2.77112e-13
15848 3
1 2.71783e-13
2 -2.11831e-13
3 -2.66009e-13
15850 3
1 2.89546e-13
2 -2.06501e-13
3 -2.66009e-13
15852 3
1 2.84217e-13
2 -2.07834e-13
3 -2.55795e-13
15854 3
1 2.71783e-13
2 -2.28706e-13
3 -2.6823e-13
15856 3
1 2.70006e-13
2 -2.28706e-13
3 -2.39808e-13
15858 3
1 2.6823e-13
2 -2.36255e-13
3 -2.42917e-13
15860 3
1 2.75335e-13
2 -2.1938e-13
3 -2.7045e-13
15862 3
1 3.00204e-13
2 -2.05169e-13
3 -2.64233e-13
15864 3
1 2.73559e-13
2 -2.03393e-13
3 -2.75335e-13
15866 3
1 2.62901e-13
2 -2.39364e-13
3 -2.75335e-13
15868 3
1 2.54019e-13
2 -2.19824e-13
3 -2.64233e-13
15870 3
1 2.91323e-13
2 -2.15827e-13
3 -2.56239e-13
15872 3
1 2.43361e-13
2 -2.1716e-13
3 -2.70006e-13
15874 3
1 2.64677e-13
2 -2.16271e-13
3 -2.6068e-13
15876 3
1 2.66454e-13
2 -2.33147e-13
3 -2.54019e-13
15878 3
1 2.8777e-13
2 -2.30926e-13
3 -2.5091e-13
15880 3
1 2.70006e-13
2 -2.14051e-13
3 -2.7045e-13
15882 3
1 2.52243e-13
2 -2.18936e-13
3 -2.8022e-13
15884 3
1 2.52243e-13
2 -2.20712e-13
3 -2.90878e-13
15886 3
1 2.55795e-13
2 -2.37588e-13
3 -2.82441e-13
15888 3
1 2.55795e-13
2 -2.13607e-13
3 -2.61124e-13
15890 3
1 2.61124e-13
2 -2.30926e-13
3 -2.58904e-13
15892 3
1 2.54907e-13
2 -2.36255e-13
3 -2.61569e-13
15894 3
1 2.77112e-13
2 -2.44249e-13
3 -2.85549e-13
15896 3
1 2.41585e-13
2 -2.21601e-13
3 -2.51799e-13
15898 3
1 2.2915e-13
2 -2.22489e-13
3 -2.71783e-13
15900 3
1 2.64677e-13
2 -2.41585e-13
3 -2.75779e-13
15902 3
1 2.65565e-13
2 -2.33591e-13
3 -2.66898e-13
15904 3
1 2.67342e-13
2 -2.06946e-13
3 -2.44249e-13
15906 3
1 2.4869e-13
2 -2.16271e-13
3 -2.45581e-13
15908 3
1 2.75335e-13
2 -2.37588e-13
3 -2.58016e-13
15910 3
1 2.81553e-13
2 -1.94511e-13
3 -2.89102e-13
15912 3
1 2.60236e-13
2 -1.98508e-13
3 -2.66898e-13
15914 3
1 2.54907e-13
2 -2.10942e-13
3 -2.63789e-13
15916 3
1 2.67342e-13
2 -2.04281e-13
3 -2.71783e-13
15918 3
1 2.75335e-13
2 -2.15827e-13
3 -2.73115e-13
15920 3
1 2.80664e-13
2 -2.07834e-13
3 -2.91323e-13
15922 3
1 2.63789e-13
2 -2.13607e-13
3 -2.97984e-13
15924 3
1 2.53131e-13
2 -2.16271e-13
3 -2.85549e-13
15926 3
1 2.70006e-13
2 -2.32259e-13
3 -2.74891e-13
15928 3
1 2.77112e-13
2 -2.02505e-13
3 -2.79332e-13
15930 3
1 2.74447e-13
2 -2.05613e-13
3 -2.74891e-13
15932 3
1 2.59348e-13
2 -2.24709e-13
3 -3.01981e-13
15934 3
1 2.63789e-13
2 -2.34923e-13
3 -2.69118e-13
15936 3
1 2.37144e-13
2 -2.18936e-13
3 -2.84661e-13
15938 3
1 2.65565e-13
2 -2.26041e-13
3 -2.78888e-13
15940 3
1 2.5846e-13
2 -2.36255e-13
3 -2.71783e-13
15942 3
1 2.54019e-13
2 -2.367e-13
3 -2.78e-13
15944 3
1 2.54907e-13
2 -2.11386e-13
3 -2.8022e-13
15946 3
1 2.63789e-13
2 -2.38032e-13
3 -2.76223e-13
15948 3
1 2.89546e-13
2 -2.36255e-13
3 -2.81553e-13
15950 3
1 2.44249e-13
2 -2.26041e-13
3 -2.69562e-13
15952 3
1 2.49578e-13
2 -2.03837e-13
3 -2.64677e-13
15954 3
1 2.62901e-13
2 -2.20268e-13
3 -2.84217e-13
15956 3
1 2.63789e-13
2 -2.05169e-13
3 -2.75335e-13
15958 3
1 2.74447e-13
2 -2.14051e-13
3 -2.67342e-13
15960 3
1 2.50466e-13
2 -2.28706e-13
3 -2.5846e-13
15962 3
1 2.4869e-13
2 -2.10498e-13
3 -2.74447e-13
15964 3
1 2.56684e-13
2 -2.45581e-13
3 -2.78444e-13
15966 3
1 2.69118e-13
2 -2.30926e-13
3 -2.54019e-13
15968 3
1 2.57572e-13
2 -1.83409e-13
3 -2.54463e-13
15970 3
1 2.42473e-13
2 -2.11386e-13
3 -2.70894e-13
15972 3
1 2.54019e-13
2 -2.2915e-13
3 -2.70006e-13
15974 3
1 2.39808e-13
2 -2.1938e-13
3 -2.6068e-13
15976 3
1 2.45137e-13
2 -2.01172e-13
3 -2.8999e-13
15978 3
1 2.53131e-13
2 -2.13163e-13
3 -2.7045e-13
15980 3
1 2.54019e-13
2 -2.25153e-13
3 -2.78e-13
15982 3
1 2.51354e-13
2 -1.91847e-13
3 -2.59348e-13
15984 3
1 2.5846e-13
2 -1.92735e-13
3 -2.60236e-13
15986 3
1 2.4869e-13
2 -2.16716e-13
3 -2.97096e-13
15988 3
1 2.77112e-13
2 -2.0961e-13
3 -2.80664e-13
15990 3
1 2.46025e-13
2 -2.07834e-13
3 -2.74891e-13
15992 3
1 2.46914e-13
2 -2.00728e-13
3 -2.75335e-13
15994 3
1 2.53131e-13
2 -1.94955e-13
3 -2.64677e-13
15996 3
1 2.51354e-13
2 -2.25597e-13
3 -2.5091e-13
15998 3
1 2.57572e-13
2 -2.20268e-13
3 -2.56239e-13
16000 3
1 2.32703e-13
2 -2.05169e-13
3 -2.62013e-13
16002 3
1 2.54907e-13
2 -2.30038e-13
3 -2.58904e-13
16004 3
1 2.55795e-13
2 -2.12719e-13
3 -2.74447e-13
16006 3
1 2.47802e-13
2 -2.12719e-13
3 -2.78444e-13
16008 3
1 2.67342e-13
2 -2.23821e-13
3 -2.69562e-13
16010 3
1 2.46025e-13
2 -2.18492e-13
3 -2.69562e-13
16012 3
1 2.41585e-13
2 -1.90514e-13
3 -2.85549e-13
16014 3
1 2.43361e-13
2 -2.15827e-13
3 -2.54019e-13
16016 3
1 2.66454e-13
2 -2.26485e-13
3 -2.76668e-13
16018 3
1 2.63789e-13
2 -2.10942e-13
3 -2.64233e-13
16020 3
1 2.49578e-13
2 -2.02061e-13
3 -2.71339e-13
16022 3
1 2.62901e-13
2 -2.24709e-13
3 -2.94875e-13
16024 3
1 2.49578e-13
2 -2.38032e-13
3 -2.72227e-13
16026 3
1 2.69118e-13
2 -2.04725e-13
3 -2.61124e-13
16028 3
1 2.41585e-13
2 -2.06501e-13
3 -2.89102e-13
16030 3
1 2.80664e-13
2 -2.04281e-13
3 -2.86438e-13
16032 3
1 2.61124e-13
2 -1.95843e-13
3 -2.89546e-13
16034 3
1 2.52243e-13
2 -2.19824e-13
3 -2.86438e-13
16036 3
1 2.8777e-13
2 -2.15827e-13
3 -2.78888e-13
16038 3
1 2.5846e-13
2 -1.91402e-13
3 -2.69118e-13
16040 3
1 2.62901e-13
2 -2.03393e-13
3 -2.60236e-13
16042 3
1 2.78888e-13
2 -2.03837e-13
3 -2.84217e-13
16044 3
1 2.69118e-13
2 -1.88294e-13
3 -2.78444e-13
16046 3
1 2.63789e-13
2 -1.89626e-13
3 -2.89546e-13
16048 3
1 2.78888e-13
2 -1.84741e-13
3 -2.93987e-13
16050 3
1 2.70894e-13
2 -1.74971e-13
3 -2.81553e-13
16052 3
1 2.72671e-13
2 -1.85629e-13
3 -2.8022e-13
16054 3
1 2.71783e-13
2 -2.14051e-13
3 -2.89546e-13
16056 3
1 2.69118e-13
2 -2.03837e-13
3 -2.78444e-13
16058 3
1 2.79776e-13
2 -1.90514e-13
3 -2.85549e-13
16060 3
1 2.6823e-13
2 -2.25597e-13
3 -2.77556e-13
16062 3
1 2.62013e-13
2 -1.93623e-13
3 -2.90878e-13
16064 3
1 2.47802e-13
2 -2.10498e-13
3 -2.55351e-13
16066 3
1 2.80664e-13
2 -1.93623e-13
3 -2.91767e-13
16068 3
1 2.6823e-13
2 -1.9007e-13
3 -2.61124e-13
16070 3
1 2.49578e-13
2 -1.94511e-13
3 -2.64677e-13
16072 3
1 2.57572e-13
2 -2.10942e-13
3 -2.65565e-13
16074 3
1 2.54019e-13
2 -1.94511e-13
3 -2.6068e-13
16076 3
1 2.46914e-13
2 -2.01172e-13
3 -2.78444e-13
16078 3
1 2.66454e-13
2 -2.00284e-13
3 -2.80664e-13
16080 3
1 2.76223e-13
2 -1.86073e-13
3 -2.61569e-13
16082 3
1 2.35367e-13
2 -1.86517e-13
3 -2.49134e-13
16084 3
1 2.54907e-13
2 -1.92735e-13
3 -2.59792e-13
16086 3
1 2.60236e-13
2 -1.74527e-13
3 -2.70894e-13
16088 3
1 2.60236e-13
2 -1.93623e-13
3 -2.71339e-13
16090 3
1 2.45137e-13
2 -2.18492e-13
3 -2.8022e-13
16092 3
1 2.56684e-13
2 -1.9007e-13
3 -2.65121e-13
16094 3
1 2.50466e-13
2 -1.90958e-13
3 -2.65121e-13
16096 3
1 2.39808e-13
2 -2.11386e-13
3 -2.66898e-13
16098 3
1 2.62901e-13
2 -1.89182e-13
3 -2.65565e-13
16100 3
1 2.53131e-13
2 -1.91847e-13
3 -2.59792e-13
16102 3
1 2.49578e-13
2 -1.91847e-13
3 -2.40252e-13
16104 3
1 2.78e-13
2 -1.803e-13
3 -2.66454e-13
16106 3
1 2.46914e-13
2 -1.9984e-13
3 -2.61124e-13
16108 3
1 2.6823e-13
2 -1.81188e-13
3 -2.44249e-13
16110 3
1 2.46914e-13
2 -2.01617e-13
3 -2.63789e-13
16112 3
1 2.54907e-13
2 -2.11386e-13
3 -2.57128e-13
16114 3
1 2.72671e-13
2 -1.98064e-13
3 -2.91323e-13
16116 3
1 2.76223e-13
2 -1.93623e-13
3 -2.74891e-13
16118 3
1 2.62013e-13
2 -2.10498e-13
3 -2.81997e-13
16120 3
1 2.63789e-13
2 -2.01617e-13
3 -2.84661e-13
16122 3
1 2.55795e-13
2 -1.98952e-13
3 -2.62901e-13
16124 3
1 2.78888e-13
2 -1.99396e-13
3 -2.71339e-13
16126 3
1 2.63789e-13
2 -2.22933e-13
3 -2.76223e-13
16128 3
1 2.52243e-13
2 -2.10054e-13
3 -2.64233e-13
16130 3
1 2.50466e-13
2 -2.25597e-13
3 -2.66898e-13
16132 3
1 2.73559e-13
2 -1.92735e-13
3 -2.5846e-13
16134 3
1 2.78888e-13
2 -2.38476e-13
3 -2.61569e-13
16136 3
1 2.5846e-13
2 -1.9984e-13
3 -2.67342e-13
16138 3
1 2.76223e-13
2 -2.25153e-13
3 -2.55351e-13
16140 3
1 2.6823e-13
2 -2.17604e-13
3 -2.91767e-13
16142 3
1 2.51354e-13
2 -1.98064e-13
3 -2.6823e-13
16144 3
1 2.63789e-13
2 -1.86517e-13
3 -2.5846e-13
16146 3
1 2.60236e-13
2 -1.93179e-13
3 -2.63789e-13
16148 3
1 2.65565e-13
2 -2.11386e-13
3 -2.5846e-13
16150 3
1 2.56684e-13
2 -2.11386e-13
3 -2.73115e-13
16152 3
1 2.60236e-13
2 -2.02505e-13
3 -2.77112e-13
16154 3
1 2.57572e-13
2 -2.05169e-13
3 -2.69118e-13
16156 3
1 2.78e-13
2 -2.20268e-13
3 -2.90878e-13
16158 3
1 2.76223e-13
2 -1.93179e-13
3 -2.61569e-13
16160 3
1 2.70006e-13
2 -2.17604e-13
3 -2.89546e-13
16162 3
1 2.70894e-13
2 -1.90958e-13
3 -2.92211e-13
16164 3
1 2.60236e-13
2 -2.02061e-13
3 -2.92655e-13
16166 3
1 2.62013e-13
2 -2.18492e-13
3 -2.75335e-13
16168 3
1 2.59348e-13
2 -2.34923e-13
3 -2.69562e-13
16170 3
1 2.73559e-13
2 -2.20712e-13
3 -2.76223e-13
16172 3
1 2.55795e-13
2 -2.22933e-13
3 -2.67342e-13
16174 3
1 2.61124e-13
2 -2.14939e-13
3 -2.67786e-13
16176 3
1 2.73559e-13
2 -2.02061e-13
3 -2.64233e-13
16178 3
1 2.71783e-13
2 -2.1716e-13
3 -2.73559e-13
16180 3
1 2.89546e-13
2 -2.15383e-13
3 -2.4869e-13
16182 3
1 2.62901e-13
2 -2.11386e-13
3 -2.62457e-13
16184 3
1 2.82441e-13
2 -2.12275e-13
3 -2.75779e-13
16186 3
1 2.66454e-13
2 -1.92291e-13
3 -2.53575e-13
16188 3
1 2.78888e-13
2 -2.04725e-13
3 -2.66898e-13
16190 3
1 2.54907e-13
2 -2.12275e-13
3 -2.75779e-13
16192 3
1 2.75335e-13
2 -1.80744e-13
3 -2.54019e-13
16194 3
1 2.71783e-13
2 -2.22489e-13
3 -2.65121e-13
16196 3
1 2.60236e-13
2 -2.03393e-13
3 -2.63789e-13
16198 3
1 2.63789e-13
2 -1.86962e-13
3 -2.73115e-13
16200 3
1 2.70006e-13
2 -2.10498e-13
3 -2.70006e-13
16202 3
1 2.70894e-13
2 -1.93179e-13
3 -2.76223e-13
16204 3
1 2.82441e-13
2 -1.83409e-13
3 -2.56684e-13
16206 3
1 2.80664e-13
2 -2.16716e-13
3 -2.62901e-13
16208 3
1 2.76223e-13
2 -2.00728e-13
3 -2.85105e-13
16210 3
1 2.79776e-13
2 -1.64313e-13
3 -2.79332e-13
16212 3
1 2.6823e-13
2 -2.06501e-13
3 -2.74003e-13
16214 3
1 2.64677e-13
2 -2.04725e-13
3 -2.97984e-13
16216 3
1 2.54907e-13
2 -2.02505e-13
3 -2.90434e-13
16218 3
1 2.85105e-13
2 -1.9762e-13
3 -2.77112e-13
16220 3
1 2.71783e-13
2 -1.94511e-13
3 -2.77112e-13
16222 3
1 2.80664e-13
2 -1.98952e-13
3 -2.61124e-13
16224 3
1 2.85993e-13
2 -1.91402e-13
3 -2.8999e-13
16226 3
1 2.6823e-13
2 -1.9984e-13
3 -2.96652e-13
16228 3
1 2.73559e-13
2 -2.09166e-13
3 -2.71783e-13
16230 3
1 2.75335e-13
2 -2.18492e-13
3 -2.88658e-13
16232 3
1 2.83329e-13
2 -1.95843e-13
3 -2.8777e-13
16234 3
1 2.5846e-13
2 -2.01617e-13
3 -2.69118e-13
16236 3
1 2.54019e-13
2 -1.85185e-13
3 -2.81553e-13
16238 3
1 2.6823e-13
2 -1.74083e-13
3 -2.84661e-13
16240 3
1 2.92211e-13
2 -1.94067e-13
3 -2.72227e-13
16242 3
1 2.83329e-13
2 -1.89182e-13
3 -2.67342e-13
16244 3
1 2.64677e-13
2 -2.05169e-13
3 -2.91323e-13
16246 3
1 2.57572e-13
2 -2.15827e-13
3 -2.49578e-13
16248 3
1 2.65565e-13
2 -2.05613e-13
3 -2.74003e-13
16250 3
1 2.63789e-13
2 -1.91847e-13
3 -2.66898e-13
16252 3
1 2.70006e-13
2 -1.98952e-13
3 -2.54019e-13
16254 3
1 2.4869e-13
2 -2.10498e-13
3 -2.73115e-13
16256 3
1 2.59348e-13
2 -1.99396e-13
3 -2.90434e-13
16258 3
1 2.80664e-13
2 -1.8785e-13
3 -2.71339e-13
16260 3
1 2.59348e-13
2 -1.91847e-13
3 -2.76668e-13
16262 3
1 2.62013e-13
2 -1.93179e-13
3 -2.85549e-13
16264 3
1 2.46914e-13
2 -2.03837e-13
3 -3.10862e-13
16266 3
1 2.54019e-13
2 -2.03393e-13
3 -2.64677e-13
16268 3
1 2.57572e-13
2 -1.86517e-13
3 -2.88658e-13
16270 3
1 2.62901e-13
2 -2.10054e-13
3 -2.82441e-13
16272 3
1 2.66454e-13
2 -1.90958e-13
3 -2.45137e-13
16274 3
1 2.62013e-13
2 -2.0739e-13
3 -2.61124e-13
16276 3
1 2.53131e-13
2 -1.94955e-13
3 -2.66454e-13
16278 3
1 2.56684e-13
2 -1.8785e-13
3 -2.80664e-13
16280 3
1 2.45137e-13
2 -1.74971e-13
3 -2.62901e-13
16282 3
1 2.43361e-13
2 -2.16716e-13
3 -2.57572e-13
16284 3
1 2.45137e-13
2 -1.89182e-13
3 -2.65121e-13
16286 3
1 2.40696e-13
2 -1.87406e-13
3 -2.61569e-13
16288 3
1 2.3892e-13
2 -1.8785e-13
3 -2.69562e-13
16290 3
1 2.62901e-13
2 -1.88738e-13
3 -2.75335e-13
16292 3
1 2.35367e-13
2 -1.95399e-13
3 -2.85993e-13
16294 3
1 2.43361e-13
2 -1.98508e-13
3 -2.81553e-13
16296 3
1 2.28262e-13
2 -1.82965e-13
3 -2.58016e-13
16298 3
1 2.37144e-13
2 -2.30038e-13
3 -2.70006e-13
16300 3
1 2.24709e-13
2 -1.92291e-13
3 -2.69562e-13
16302 3
1 2.33591e-13
2 -1.86962e-13
3 -2.69118e-13
16304 3
1 2.3892e-13
2 -1.98508e-13
3 -2.89102e-13
16306 3
1 2.6823e-13
2 -2.05169e-13
3 -2.79776e-13
16308 3
1 2.56684e-13
2 -1.92735e-13
3 -2.68674e-13
16310 3
1 2.40696e-13
2 -2.27374e-13
3 -2.61124e-13
16312 3
1 2.33591e-13
2 -2.18936e-13
3 -2.76668e-13
16314 3
1 2.30926e-13
2 -2.05613e-13
3 -2.66898e-13
16316 3
1 2.50466e-13
2 -2.32703e-13
3 -2.64677e-13
16318 3
1 2.54907e-13
2 -1.94511e-13
3 -2.79332e-13
16320 3
1 2.38032e-13
2 -2.18492e-13
3 -2.85549e-13
16322 3
1 2.18492e-13
2 -2.01617e-13
3 -2.74891e-13
16324 3
1 2.35367e-13
2 -1.9007e-13
3 -2.38032e-13
16326 3
1 2.30038e-13
2 -2.21156e-13
3 -2.50466e-13
16328 3
1 2.25597e-13
2 -2.1938e-13
3 -2.71783e-13
16330 3
1 2.55795e-13
2 -2.04281e-13
3 -2.79776e-13
16332 3
1 2.27374e-13
2 -1.68754e-13
3 -2.33591e-13
16334 3
1 2.32703e-13
2 -1.98952e-13
3 -2.61124e-13
16336 3
1 2.23821e-13
2 -1.82077e-13
3 -2.53131e-13
16338 3
1 2.30038e-13
2 -1.92735e-13
3 -2.41585e-13
16340 3
1 2.25597e-13
2 -2.00728e-13
3 -2.62013e-13
16342 3
1 2.37144e-13
2 -2.10498e-13
3 -2.50022e-13
16344 3
1 2.28262e-13
2 -2.22045e-13
3 -2.39808e-13
16346 3
1 2.28262e-13
2 -2.06946e-13
3 -2.61569e-13
16348 3
1 2.45137e-13
2 -2.01617e-13
3 -2.72227e-13
16350 3
1 2.4869e-13
2 -2.32703e-13
3 -2.61569e-13
16352 3
1 1.97176e-13
2 -2.03393e-13
3 -2.70894e-13
16354 3
1 2.37144e-13
2 -2.01617e-13
3 -2.45137e-13
16356 3
1 2.24709e-13
2 -2.23821e-13
3 -2.4869e-13
16358 3
1 2.25597e-13
2 -1.9984e-13
3 -2.52243e-13
16360 3
1 2.26485e-13
2 -2.06946e-13
3 -2.47802e-13
16362 3
1 2.36255e-13
2 -1.83853e-13
3 -2.81553e-13
16364 3
1 2.18492e-13
2 -1.9007e-13
3 -2.7045e-13
16366 3
1 2.22933e-13
2 -1.93623e-13
3 -2.61124e-13
16368 3
1 2.08722e-13
2 -2.23821e-13
3 -2.64677e-13
16370 3
1 2.42473e-13
2 -2.30038e-13
3 -2.75779e-13
16372 3
1 2.51354e-13
2 -2.00728e-13
3 -2.67342e-13
16374 3
1 2.43361e-13
2 -2.16716e-13
3 -2.6068e-13
16376 3
1 2.39808e-13
2 -2.25597e-13
3 -2.63789e-13
16378 3
1 2.4869e-13
2 -2.14051e-13
3 -2.68674e-13
16380 3
1 2.46025e-13
2 -2.27374e-13
3 -2.71783e-13
16382 3
1 2.30038e-13
2 -2.10498e-13
3 -2.62457e-13
16384 3
1 2.31815e-13
2 -2.0961e-13
3 -2.73115e-13
16386 3
1 2.30926e-13
2 -2.25597e-13
3 -2.88214e-13
16388 3
1 2.3892e-13
2 -2.46025e-13
3 -2.73559e-13
16390 3
1 2.31815e-13
2 -2.40696e-13
3 -2.66454e-13
16392 3
1 2.17604e-13
2 -2.33591e-13
3 -2.70894e-13
16394 3
1 2.26485e-13
2 -2.2915e-13
3 -2.75779e-13
16396 3
1 2.44249e-13
2 -2.2915e-13
3 -2.77112e-13
16398 3
1 2.28262e-13
2 -2.31815e-13
3 -2.367e-13
16400 3
1 2.36255e-13
2 -2.10498e-13
3 -2.56239e-13
16402 3
1 2.39808e-13
2 -2.23821e-13
3 -2.61569e-13
16404 3
1 2.22933e-13
2 -2.20268e-13
3 -2.54907e-13
16406 3
1 2.52243e-13
2 -2.22045e-13
3 -2.73559e-13
16408 3
1 2.43361e-13
2 -2.39808e-13
3 -2.34923e-13
16410 3
1 2.44249e-13
2 -2.50466e-13
3 -2.40696e-13
16412 3
1 2.44249e-13
2 -2.21156e-13
3 -2.61124e-13
16414 3
1 2.3892e-13
2 -2.30926e-13
3 -2.42029e-13
16416 3
1 2.44249e-13
2 -2.11386e-13
3 -2.68674e-13
16418 3
1 2.32703e-13
2 -2.32703e-13
3 -2.6823e-13
16420 3
1 2.46025e-13
2 -2.22045e-13
3 -2.77556e-13
16422 3
1 2.15827e-13
2 -2.2915e-13
3 -2.57128e-13
16424 3
1 2.3892e-13
2 -2.06946e-13
3 -2.74003e-13
16426 3
1 2.45137e-13
2 -2.06946e-13
3 -2.75335e-13
16428 3
1 2.20268e-13
2 -2.11386e-13
3 -2.89102e-13
16430 3
1 2.46025e-13
2 -2.22045e-13
3 -2.83773e-13
16432 3
1 2.5846e-13
2 -2.13163e-13
3 -2.66898e-13
16434 3
1 2.22933e-13
2 -2.06946e-13
3 -2.56239e-13
16436 3
1 2.14939e-13
2 -2.30926e-13
3 -2.75335e-13
16438 3
1 2.27374e-13
2 -2.23821e-13
3 -2.77112e-13
16440 3
1 2.30038e-13
2 -2.31815e-13
3 -2.61124e-13
16442 3
1 2.32703e-13
2 -2.33591e-13
3 -2.57128e-13
16444 3
1 2.32703e-13
2 -2.12275e-13
3 -2.64233e-13
16446 3
1 2.25597e-13
2 -2.23821e-13
3 -2.44249e-13
16448 3
1 2.49578e-13
2 -2.45137e-13
3 -2.62013e-13
16450 3
1 2.10498e-13
2 -2.4869e-13
3 -2.54907e-13
16452 3
1 2.59348e-13
2 -2.2915e-13
3 -2.35367e-13
16454 3
1 2.30926e-13
2 -2.33591e-13
3 -2.22933e-13
16456 3
1 2.17604e-13
2 -2.52243e-13
3 -2.27818e-13
16458 3
1 2.49578e-13
2 -2.3892e-13
3 -2.54907e-13
16460 3
1 2.28262e-13
2 -2.26485e-13
3 -2.49578e-13
16462 3
1 2.41585e-13
2 -2.52243e-13
3 -2.55795e-13
16464 3
1 2.31815e-13
2 -2.42473e-13
3 -2.69118e-13
16466 3
1 2.51354e-13
2 -2.5846e-13
3 -2.63789e-13
16468 3
1 2.70006e-13
2 -2.21156e-13
3 -2.30482e-13
16470 3
1 2.39808e-13
2 -2.62013e-13
3 -2.52687e-13
16472 3
1 2.45137e-13
2 -2.54019e-13
3 -2.65121e-13
16474 3
1 2.47802e-13
2 -2.44249e-13
3 -2.44249e-13
16476 3
1 2.50466e-13
2 -2.30926e-13
3 -2.5091e-13
16478 3
1 2.49578e-13
2 -2.2915e-13
3 -2.3892e-13
16480 3
1 2.32703e-13
2 -2.5846e-13
3 -2.62901e-13
16482 3
1 2.42473e-13
2 -2.3892e-13
3 -2.43361e-13
16484 3
1 2.36255e-13
2 -2.46025e-13
3 -2.5091e-13
16486 3
1 2.2915e-13
2 -2.46914e-13
3 -2.32259e-13
16488 3
1 2.43361e-13
2 -2.42473e-13
3 -2.64677e-13
16490 3
1 2.40696e-13
2 -2.4869e-13
3 -2.45581e-13
16492 3
1 2.41585e-13
2 -2.52243e-13
3 -2.45137e-13
16494 3
1 2.36255e-13
2 -2.49578e-13
3 -2.52243e-13
16496 3
1 2.39808e-13
2 -2.45137e-13
3 -2.47358e-13
16498 3
1 2.40696e-13
2 -2.20268e-13
3 -2.63789e-13
16500 3
1 2.3892e-13
2 -2.14051e-13
3 -2.63789e-13
16502 3
1 2.47802e-13
2 -2.22933e-13
3 -2.57128e-13
16504 3
1 2.46025e-13
2 -2.50466e-13
3 -2.43361e-13
16506 3
1 2.49578e-13
2 -2.65565e-13
3 -2.54019e-13
16508 3
1 2.39808e-13
2 -2.62013e-13
3 -2.50466e-13
16510 3
1 2.56684e-13
2 -2.59348e-13
3 -2.57572e-13
16512 3
1 2.51354e-13
2 -2.39808e-13
3 -2.3892e-13
16514 3
1 2.4869e-13
2 -2.31815e-13
3 -2.62013e-13
16516 3
1 2.39808e-13
2 -2.54019e-13
3 -2.44693e-13
16518 3
1 2.54907e-13
2 -2.06946e-13
3 -2.57572e-13
16520 3
1 2.42473e-13
2 -2.30926e-13
3 -2.47358e-13
16522 3
1 2.45137e-13
2 -2.44249e-13
3 -2.79776e-13
16524 3
1 2.67342e-13
2 -2.20268e-13
3 -2.85105e-13
16526 3
1 2.50466e-13
2 -2.26485e-13
3 -2.78888e-13
16528 3
1 2.49578e-13
2 -2.51354e-13
3 -2.74447e-13
16530 3
1 2.36255e-13
2 -2.30926e-13
3 -2.72671e-13
16532 3
1 2.35367e-13
2 -2.35367e-13
3 -2.96652e-13
16534 3
1 2.33591e-13
2 -2.44249e-13
3 -2.71783e-13
16536 3
1 2.36255e-13
2 -2.52243e-13
3 -2.81997e-13
16538 3
1 2.21156e-13
2 -2.30926e-13
3 -2.70894e-13
16540 3
1 2.28262e-13
2 -2.30926e-13
3 -2.59792e-13
16542 3
1 2.23821e-13
2 -2.44249e-13
3 -2.8022e-13
16544 3
1 2.37144e-13
2 -2.30038e-13
3 -2.55795e-13
16546 3
1 2.51354e-13
2 -2.27374e-13
3 -3.12639e-13
16548 3
1 2.27374e-13
2 -2.31815e-13
3 -2.7045e-13
16550 3
1 2.49578e-13
2 -2.28262e-13
3 -2.79332e-13
16552 3
1 2.26485e-13
2 -2.20268e-13
3 -2.63345e-13
16554 3
1 2.35367e-13
2 -1.96287e-13
3 -2.45581e-13
16556 3
1 2.47802e-13
2 -2.38032e-13
3 -2.75335e-13
16558 3
1 2.40696e-13
2 -2.3892e-13
3 -2.70894e-13
16560 3
1 2.35367e-13
2 -2.36255e-13
3 -2.91323e-13
16562 3
1 2.46025e-13
2 -2.06057e-13
3 -2.62901e-13
16564 3
1 2.20268e-13
2 -2.36255e-13
3 -2.6823e-13
16566 3
1 2.36255e-13
2 -2.56684e-13
3 -2.81108e-13
16568 3
1 2.47802e-13
2 -2.44249e-13
3 -2.8999e-13
16570 3
1 2.44249e-13
2 -2.31815e-13
3 -2.60236e-13
16572 3
1 2.54019e-13
2 -2.14051e-13
3 -2.74003e-13
16574 3
1 2.46025e-13
2 -2.31815e-13
3 -2.57128e-13
16576 3
1 2.42473e-13
2 -2.11386e-13
3 -2.59792e-13
16578 3
1 2.34479e-13
2 -1.9984e-13
3 -2.74891e-13
16580 3
1 2.17604e-13
2 -2.26485e-13
3 -2.53575e-13
16582 3
1 2.24709e-13
2 -2.22933e-13
3 -2.78e-13
16584 3
1 2.20268e-13
2 -2.47802e-13
3 -2.6068e-13
16586 3
1 2.24709e-13
2 -2.52243e-13
3 -2.65121e-13
16588 3
1 2.37144e-13
2 -2.3892e-13
3 -2.93099e-13
16590 3
1 2.27374e-13
2 -2.51354e-13
3 -2.76223e-13
16592 3
1 2.06057e-13
2 -2.23821e-13
3 -2.76668e-13
16594 3
1 2.24709e-13
2 -2.2915e-13
3 -2.63789e-13
16596 3
1 2.28262e-13
2 -2.54907e-13
3 -2.45137e-13
16598 3
1 2.30038e-13
2 -2.35367e-13
3 -2.77556e-13
16600 3
1 2.21156e-13
2 -2.34479e-13
3 -2.64233e-13
16602 3
1 2.30926e-13
2 -2.35367e-13
3 -2.74003e-13
16604 3
1 2.22933e-13
2 -2.34479e-13
3 -2.52687e-13
16606 3
1 2.3892e-13
2 -2.2915e-13
3 -2.47802e-13
16608 3
1 2.13163e-13
2 -2.37144e-13
3 -2.75335e-13
16610 3
1 2.22045e-13
2 -2.22933e-13
3 -2.45137e-13
16612 3
1 2.16716e-13
2 -2.23821e-13
3 -2.61124e-13
16614 3
1 1.9984e-13
2 -2.11386e-13
3 -2.35367e-13
16616 3
1 2.22045e-13
2 -2.32703e-13
3 -2.4114e-13
16618 3
1 2.21156e-13
2 -2.20268e-13
3 -2.71783e-13
16620 3
1 2.15827e-13
2 -2.46914e-13
3 -2.54463e-13
16622 3
1 2.41585e-13
2 -2.23821e-13
3 -2.76668e-13
16624 3
1 2.30038e-13
2 -2.16716e-13
3 -2.85549e-13
16626 3
1 2.14051e-13
2 -2.17604e-13
3 -2.58016e-13
16628 3
1 2.12275e-13
2 -2.14051e-13
3 -2.45137e-13
16630 3
1 2.1938e-13
2 -2.16716e-13
3 -2.53131e-13
16632 3
1 2.31815e-13
2 -2.34479e-13
3 -2.66454e-13
16634 3
1 2.14051e-13
2 -2.27374e-13
3 -2.69562e-13
16636 3
1 2.23821e-13
2 -2.16716e-13
3 -2.71783e-13
16638 3
1 2.04281e-13
2 -2.1938e-13
3 -2.8999e-13
16640 3
1 2.05613e-13
2 -2.31815e-13
3 -2.54907e-13
16642 3
1 2.00728e-13
2 -2.31815e-13
3 -2.47802e-13
16644 3
1 1.98952e-13
2 -2.14051e-13
3 -2.8022e-13
16646 3
1 2.31815e-13
2 -2.25597e-13
3 -2.46914e-13
16648 3
1 2.06057e-13
2 -2.32703e-13
3 -2.71339e-13
16650 3
1 1.82965e-13
2 -2.38032e-13
3 -2.52243e-13
16652 3
1 2.22045e-13
2 -2.25597e-13
3 -2.71783e-13
16654 3
1 2.05169e-13
2 -2.32703e-13
3 -2.46914e-13
16656 3
1 2.12275e-13
2 -2.24709e-13
3 -2.83329e-13
16658 3
1 1.96287e-13
2 -2.1938e-13
3 -2.62901e-13
16660 3
1 2.04281e-13
2 -2.20268e-13
3 -2.56684e-13
16662 3
1 2.13163e-13
2 -2.35367e-13
3 -2.62901e-13
16664 3
1 1.63425e-13
2 -2.22045e-13
3 -2.1938e-13
16666 3
1 2.01617e-13
2 -1.86517e-13
3 -2.52243e-13
16668 3
1 2.10498e-13
2 -2.06946e-13
3 -2.51354e-13
16670 3
1 2.14051e-13
2 -2.11386e-13
3 -2.6823e-13
16672 3
1 2.15827e-13
2 -2.18492e-13
3 -2.65565e-13
16674 3
1 2.00728e-13
2 -2.16716e-13
3 -2.60236e-13
16676 3
1 2.05169e-13
2 -2.22045e-13
3 -2.52243e-13
16678 3
1 2.06057e-13
2 -1.93623e-13
3 -2.81553e-13
16680 3
1 2.13163e-13
2 -2.06057e-13
3 -2.51354e-13
16682 3
1 2.0961e-13
2 -2.16716e-13
3 -2.85993e-13
16684 3
1 2.1938e-13
2 -2.42473e-13
3 -2.37144e-13
16686 3
1 2.2915e-13
2 -2.08722e-13
3 -2.75335e-13
16688 3
1 1.96287e-13
2 -2.20268e-13
3 -2.64677e-13
16690 3
1 2.05169e-13
2 -2.30926e-13
3 -2.78e-13
16692 3
1 1.93623e-13
2 -2.46914e-13
3 -2.77112e-13
16694 3
1 1.92735e-13
2 -2.08722e-13
3 -2.90434e-13
16696 3
1 1.9984e-13
2 -2.30038e-13
3 -2.83329e-13
16698 3
1 2.0961e-13
2 -2.32703e-13
3 -2.78888e-13
16700 3
1 2.0961e-13
2 -2.47802e-13
3 -2.83329e-13
16702 3
1 1.95399e-13
2 -2.34479e-13
3 -2.76223e-13
16704 3
1 1.93623e-13
2 -2.20268e-13
3 -2.93099e-13
16706 3
1 2.03393e-13
2 -2.26485e-13
3 -2.70006e-13
16708 3
1 1.74083e-13
2 -2.13163e-13
3 -2.74447e-13
16710 3
1 2.28262e-13
2 -1.98064e-13
3 -2.82441e-13
16712 3
1 1.93623e-13
2 -2.11386e-13
3 -2.89546e-13
16714 3
1 2.27374e-13
2 -2.12275e-13
3 -2.76223e-13
16716 3
1 2.10498e-13
2 -2.21156e-13
3 -2.94875e-13
16718 3
1 2.24709e-13
2 -2.50466e-13
3 -2.49578e-13
16720 3
1 1.98064e-13
2 -2.34479e-13
3 -2.71783e-13
16722 3
1 1.89182e-13
2 -2.20268e-13
3 -2.64677e-13
16724 3
1 2.03393e-13
2 -2.22933e-13
3 -2.65565e-13
16726 3
1 2.14051e-13
2 -2.53131e-13
3 -2.85993e-13
16728 3
1 2.13163e-13
2 -2.3892e-13
3 -2.56684e-13
16730 3
1 2.14939e-13
2 -2.44249e-13
3 -2.94875e-13
16732 3
1 2.25597e-13
2 -2.32703e-13
3 -2.85105e-13
16734 3
1 2.18492e-13
2 -2.53131e-13
3 -2.93987e-13
16736 3
1 2.13163e-13
2 -2.38032e-13
3 -2.57572e-13
16738 3
1 2.15827e-13
2 -2.41585e-13
3 -2.70894e-13
16740 3
1 2.20268e-13
2 -2.47802e-13
3 -2.84217e-13
16742 3
1 2.07834e-13
2 -2.22045e-13
3 -2.83329e-13
16744 3
1 1.98064e-13
2 -2.14051e-13
3 -2.70894e-13
16746 3
1 2.17604e-13
2 -2.22933e-13
3 -3.01092e-13
16748 3
1 2.25597e-13
2 -2.06057e-13
3 -2.85105e-13
16750 3
1 2.03393e-13
2 -2.22933e-13
3 -2.78888e-13
16752 3
1 2.0961e-13
2 -2.36255e-13
3 -3.06422e-13
16754 3
1 2.27374e-13
2 -2.43361e-13
3 -2.82441e-13
16756 3
1 2.03393e-13
2 -2.30926e-13
3 -2.98428e-13
16758 3
1 2.37144e-13
2 -2.51354e-13
3 -2.78e-13
16760 3
1 2.15827e-13
2 -2.27374e-13
3 -3.00204e-13
16762 3
1 1.98952e-13
2 -2.08722e-13
3 -2.95763e-13
16764 3
1 2.08722e-13
2 -1.9984e-13
3 -2.70894e-13
16766 3
1 2.1938e-13
2 -2.27374e-13
3 -2.70894e-13
16768 3
1 2.22045e-13
2 -2.38032e-13
3 -2.81553e-13
16770 3
1 2.26041e-13
2 -2.17604e-13
3 -2.74447e-13
16772 3
1 2.22933e-13
2 -2.12275e-13
3 -2.78e-13
16774 3
1 2.12275e-13
2 -2.20268e-13
3 -2.64677e-13
16776 3
1 1.90958e-13
2 -2.23821e-13
3 -2.80664e-13
16778 3
1 2.10498e-13
2 -2.07834e-13
3 -2.57572e-13
16780 3
1 1.94511e-13
2 -2.20268e-13
3 -2.63789e-13
16782 3
1 2.25597e-13
2 -2.13163e-13
3 -2.69118e-13
16784 3
1 2.00728e-13
2 -2.08722e-13
3 -2.8022e-13
16786 3
1 1.93623e-13
2 -2.17604e-13
3 -2.79776e-13
16788 3
1 2.12275e-13
2 -2.14051e-13
3 -2.75335e-13
16790 3
1 2.0961e-13
2 -2.17604e-13
3 -2.4869e-13
16792 3
1 2.27374e-13
2 -1.97176e-13
3 -2.39808e-13
16794 3
1 1.9984e-13
2 -2.0961e-13
3 -2.59348e-13
16796 3
1 2.06057e-13
2 -2.33591e-13
3 -2.60236e-13
16798 3
1 1.97176e-13
2 -1.88294e-13
3 -2.67342e-13
16800 3
1 2.14051e-13
2 -1.9007e-13
3 -2.52243e-13
16802 3
1 2.08722e-13
2 -2.00284e-13
3 -2.57572e-13
16804 3
1 2.04281e-13
2 -1.96287e-13
3 -2.84217e-13
16806 3
1 1.92735e-13
2 -1.84297e-13
3 -2.56684e-13
16808 3
1 2.22933e-13
2 -1.92735e-13
3 -2.57572e-13
16810 3
1 2.18492e-13
2 -2.10054e-13
3 -2.52243e-13
16812 3
1 2.1938e-13
2 -1.86962e-13
3 -2.61124e-13
16814 3
1 2.06057e-13
2 -2.0961e-13
3 -2.83329e-13
16816 3
1 2.02505e-13
2 -1.91402e-13
3 -2.70006e-13
16818 3
1 2.17604e-13
2 -1.80744e-13
3 -2.72671e-13
16820 3
1 1.94511e-13
2 -1.83853e-13
3 -2.72671e-13
16822 3
1 2.23821e-13
2 -1.84741e-13
3 -2.81553e-13
16824 3
1 2.22045e-13
2 -2.13163e-13
3 -2.82441e-13
16826 3
1 2.28262e-13
2 -1.98064e-13
3 -2.69118e-13
16828 3
1 2.1938e-13
2 -1.94511e-13
3 -2.76223e-13
16830 3
1 2.24709e-13
2 -1.64313e-13
3 -2.73559e-13
16832 3
1 2.41585e-13
2 -2.11831e-13
3 -2.67342e-13
16834 3
1 2.60236e-13
2 -2.05169e-13
3 -2.56239e-13
16836 3
1 2.26485e-13
2 -2.22489e-13
3 -2.54907e-13
16838 3
1 2.42473e-13
2 -2.07834e-13
3 -2.85993e-13
16840 3
1 2.20268e-13
2 -1.97176e-13
3 -2.80664e-13
16842 3
1 2.1938e-13
2 -2.19824e-13
3 -2.6068e-13
16844 3
1 2.26485e-13
2 -2.32703e-13
3 -2.70006e-13
16846 3
1 2.14051e-13
2 -2.1716e-13
3 -2.46025e-13
16848 3
1 1.92735e-13
2 -1.98952e-13
3 -2.85105e-13
16850 3
1 2.06946e-13
2 -2.13607e-13
3 -2.86882e-13
16852 3
1 2.05169e-13
2 -2.22933e-13
3 -2.79776e-13
16854 3
1 2.16716e-13
2 -2.12275e-13
3 -2.79776e-13
16856 3
1 2.33591e-13
2 -2.08278e-13
3 -2.66898e-13
16858 3
1 2.05169e-13
2 -1.90958e-13
3 -2.82441e-13
16860 3
1 2.01617e-13
2 -2.13607e-13
3 -2.62901e-13
16862 3
1 2.14939e-13
2 -2.16716e-13
3 -2.84217e-13
16864 3
1 2.15827e-13
2 -2.04725e-13
3 -2.75335e-13
16866 3
1 2.22045e-13
2 -1.85629e-13
3 -2.67342e-13
16868 3
1 2.14939e-13
2 -2.20712e-13
3 -2.4869e-13
16870 3
1 2.01617e-13
2 -2.3137e-13
3 -2.85993e-13
16872 3
1 2.33591e-13
2 -2.30926e-13
3 -2.76223e-13
16874 3
1 2.02505e-13
2 -2.13607e-13
3 -2.81553e-13
16876 3
1 2.18492e-13
2 -2.06057e-13
3 -2.71783e-13
16878 3
1 1.95399e-13
2 -2.07834e-13
3 -2.65565e-13
16880 3
1 2.15827e-13
2 -2.04725e-13
3 -2.63789e-13
16882 3
1 2.26485e-13
2 -1.84297e-13
3 -3.03757e-13
16884 3
1 2.15827e-13
2 -1.7053e-13
3 -2.76223e-13
16886 3
1 2.16271e-13
2 -1.81632e-13
3 -2.59348e-13
16888 3
1 2.14495e-13
2 -2.0961e-13
3 -2.70006e-13
16890 3
1 2.00284e-13
2 -2.0961e-13
3 -2.74447e-13
16892 3
1 1.9984e-13
2 -1.9007e-13
3 -2.8777e-13
16894 3
1 2.11386e-13
2 -2.20712e-13
3 -2.75335e-13
16896 3
1 2.04725e-13
2 -1.98952e-13
3 -2.66454e-13
16898 3
1 2.08722e-13
2 -1.83409e-13
3 -2.63789e-13
16900 3
1 1.91847e-13
2 -2.16271e-13
3 -2.54907e-13
16902 3
1 2.08722e-13
2 -2.38476e-13
3 -2.79776e-13
16904 3
1 1.98952e-13
2 -2.05613e-13
3 -2.71783e-13
16906 3
1 1.92291e-13
2 -1.83853e-13
3 -2.80664e-13
16908 3
1 1.93623e-13
2 -1.74971e-13
3 -2.60236e-13
16910 3
1 2.16716e-13
2 -1.9007e-13
3 -2.46914e-13
16912 3
1 2.22933e-13
2 -2.05169e-13
3 -2.59348e-13
16914 3
1 2.07834e-13
2 -2.21156e-13
3 -2.86882e-13
16916 3
1 2.07834e-13
2 -1.90958e-13
3 -2.91323e-13
16918 3
1 2.14051e-13
2 -1.82077e-13
3 -2.53131e-13
16920 3
1 2.08722e-13
2 -1.81188e-13
3 -2.63789e-13
16922 3
1 1.89182e-13
2 -2.01617e-13
3 -2.73559e-13
16924 3
1 1.90958e-13
2 -1.74527e-13
3 -2.57572e-13
16926 3
1 1.89626e-13
2 -1.93623e-13
3 -2.66454e-13
16928 3
1 1.80744e-13
2 -1.49214e-13
3 -2.66454e-13
16930 3
1 1.89626e-13
2 -1.9007e-13
3 -2.5846e-13
16932 3
1 1.94955e-13
2 -1.94955e-13
3 -2.85105e-13
16934 3
1 2.05169e-13
2 -2.05169e-13
3 -2.73559e-13
16936 3
1 1.96287e-13
2 -1.86073e-13
3 -2.80664e-13
16938 3
1 2.01617e-13
2 -1.84741e-13
3 -2.93099e-13
16940 3
1 2.15383e-13
2 -1.94955e-13
3 -2.64677e-13
16942 3
1 2.06946e-13
2 -1.6831e-13
3 -2.73559e-13
16944 3
1 2.20712e-13
2 -1.69198e-13
3 -2.84217e-13
16946 3
1 2.16271e-13
2 -1.71863e-13
3 -2.85105e-13
16948 3
1 1.97176e-13
2 -1.65201e-13
3 -2.77112e-13
16950 3
1 2.12275e-13
2 -1.78968e-13
3 -2.62901e-13
16952 3
1 2.13607e-13
2 -1.74527e-13
3 -2.78e-13
16954 3
1 1.90958e-13
2 -1.78524e-13
3 -2.82441e-13
16956 3
1 1.80744e-13
2 -1.77192e-13
3 -2.88658e-13
16958 3
1 2.23377e-13
2 -1.58984e-13
3 -2.65565e-13
16960 3
1 1.97176e-13
2 -1.65645e-13
3 -2.71783e-13
16962 3
1 2.14939e-13
2 -1.56319e-13
3 -2.85105e-13
16964 3
1 1.91847e-13
2 -1.90958e-13
3 -2.75335e-13
16966 3
1 2.00728e-13
2 -1.69642e-13
3 -2.62901e-13
16968 3
1 1.98508e-13
2 -1.82965e-13
3 -2.77112e-13
16970 3
1 1.75859e-13
2 -1.27898e-13
3 -2.59348e-13
16972 3
1 2.20268e-13
2 -1.47438e-13
3 -2.86882e-13
16974 3
1 1.84741e-13
2 -1.4122e-13
3 -2.64677e-13
16976 3
1 1.92735e-13
2 -1.54099e-13
3 -2.77112e-13
16978 3
1 1.87406e-13
2 -1.52767e-13
3 -2.80664e-13
16980 3
1 1.85629e-13
2 -1.47882e-13
3 -2.85993e-13
16982 3
1 1.82521e-13
2 -1.4122e-13
3 -2.83329e-13
16984 3
1 2.08722e-13
2 -1.45217e-13
3 -2.64677e-13
16986 3
1 1.95399e-13
2 -1.4122e-13
3 -2.52243e-13
16988 3
1 2.16716e-13
2 -1.35003e-13
3 -2.70006e-13
16990 3
1 2.07834e-13
2 -1.56763e-13
3 -2.78e-13
16992 3
1 1.96287e-13
2 -1.53655e-13
3 -2.61124e-13
16994 3
1 2.06946e-13
2 -1.51879e-13
3 -2.80664e-13
16996 3
1 2.17604e-13
2 -1.55875e-13
3 -2.55795e-13
16998 3
1 1.74083e-13
2 -1.42109e-13
3 -2.75335e-13
17000 3
1 1.87406e-13
2 -1.26121e-13
3 -2.52243e-13
17002 3
1 1.91847e-13
2 -1.55431e-13
3 -2.49578e-13
17004 3
1 1.97176e-13
2 -1.41664e-13
3 -2.67342e-13
17006 3
1 1.84741e-13
2 -1.48326e-13
3 -2.55351e-13
17008 3
1 1.91402e-13
2 -1.35003e-13
3 -2.35367e-13
17010 3
1 2.04281e-13
2 -1.32339e-13
3 -2.54019e-13
17012 3
1 1.9984e-13
2 -1.22569e-13
3 -2.41585e-13
17014 3
1 2.11386e-13
2 -1.6076e-13
3 -2.05169e-13
17016 3
1 2.16271e-13
2 -1.58984e-13
3 -2.6823e-13
17018 3
1 2.24265e-13
2 -1.41664e-13
3 -2.71783e-13
17020 3
1 1.82965e-13
2 -1.51434e-13
3 -2.54907e-13
17022 3
1 2.06057e-13
2 -1.59428e-13
3 -2.54019e-13
17024 3
1 2.05169e-13
2 -1.53655e-13
3 -2.61124e-13
17026 3
1 2.06501e-13
2 -1.43441e-13
3 -2.67342e-13
17028 3
1 1.96287e-13
2 -1.48326e-13
3 -2.56684e-13
17030 3
1 2.09166e-13
2 -1.26565e-13
3 -2.6823e-13
17032 3
1 1.98952e-13
2 -1.53211e-13
3 -2.66454e-13
17034 3
1 2.18492e-13
2 -1.28786e-13
3 -2.70006e-13
17036 3
1 2.12719e-13
2 -1.56319e-13
3 -2.4869e-13
17038 3
1 2.16271e-13
2 -1.51879e-13
3 -2.69118e-13
17040 3
1 2.24265e-13
2 -1.33227e-13
3 -2.93987e-13
17042 3
1 2.24265e-13
2 -1.53655e-13
3 -2.66454e-13
17044 3
1 2.2693e-13
2 -1.17684e-13
3 -2.77112e-13
17046 3
1 2.07834e-13
2 -1.58096e-13
3 -2.51354e-13
17048 3
1 2.21601e-13
2 -1.37668e-13
3 -2.74447e-13
17050 3
1 2.15827e-13
2 -1.39888e-13
3 -2.43361e-13
17052 3
1 2.20712e-13
2 -1.51434e-13
3 -2.49578e-13
17054 3
1 2.18936e-13
2 -1.53655e-13
3 -2.62901e-13
17056 3
1 1.84741e-13
2 -1.37224e-13
3 -2.62457e-13
17058 3
1 2.03393e-13
2 -1.24345e-13
3 -2.61124e-13
17060 3
1 1.93623e-13
2 -1.59872e-13
3 -2.63345e-13
17062 3
1 2.05169e-13
2 -1.56319e-13
3 -2.64677e-13
17064 3
1 2.1938e-13
2 -1.69198e-13
3 -2.75779e-13
17066 3
1 2.31815e-13
2 -1.58096e-13
3 -2.69118e-13
17068 3
1 2.18492e-13
2 -1.39888e-13
3 -2.55795e-13
17070 3
1 2.14939e-13
2 -1.46549e-13
3 -2.67786e-13
17072 3
1 2.17604e-13
2 -1.59872e-13
3 -3.01981e-13
17074 3
1 2.07834e-13
2 -1.45661e-13
3 -2.73115e-13
17076 3
1 2.31815e-13
2 -1.28342e-13
3 -2.8022e-13
17078 3
1 2.20268e-13
2 -1.54987e-13
3 -2.66898e-13
17080 3
1 2.14939e-13
2 -1.32339e-13
3 -2.88214e-13
17082 3
1 2.14939e-13
2 -1.46994e-13
3 -2.84661e-13
17084 3
1 2.33591e-13
2 -1.52323e-13
3 -2.93987e-13
17086 3
1 1.92735e-13
2 -1.64313e-13
3 -2.71783e-13
17088 3
1 2.31815e-13
2 -1.47438e-13
3 -2.97096e-13
17090 3
1 2.2915e-13
2 -1.59872e-13
3 -2.99316e-13
17092 3
1 2.14939e-13
2 -1.5099e-13
3 -2.67342e-13
17094 3
1 2.16716e-13
2 -1.40332e-13
3 -2.62901e-13
17096 3
1 1.85629e-13
2 -1.78524e-13
3 -2.82885e-13
17098 3
1 2.34479e-13
2 -1.40332e-13
3 -2.73115e-13
17100 3
1 2.14051e-13
2 -1.61648e-13
3 -2.74447e-13
17102 3
1 1.84741e-13
2 -1.42109e-13
3 -2.71783e-13
17104 3
1 2.10498e-13
2 -1.58096e-13
3 -2.88658e-13
17106 3
1 2.20268e-13
2 -1.35891e-13
3 -2.72671e-13
17108 3
1 2.11386e-13
2 -1.42553e-13
3 -2.78888e-13
17110 3
1 2.30038e-13
2 -1.44773e-13
3 -2.64233e-13
17112 3
1 2.0961e-13
2 -1.56319e-13
3 -3.02869e-13
17114 3
1 2.06057e-13
2 -1.33671e-13
3 -2.66898e-13
17116 3
1 1.9007e-13
2 -1.50546e-13
3 -2.89102e-13
17118 3
1 2.22933e-13
2 -1.43885e-13
3 -2.66898e-13
17120 3
1 1.83853e-13
2 -1.49658e-13
3 -2.8777e-13
17122 3
1 2.20268e-13
2 -1.52323e-13
3 -2.85993e-13
17124 3
1 2.07834e-13
2 -1.42109e-13
3 -2.89546e-13
17126 3
1 1.92735e-13
2 -1.74527e-13
3 -2.66454e-13
17128 3
1 2.00728e-13
2 -1.60316e-13
3 -2.6823e-13
17130 3
1 1.92735e-13
2 -1.62093e-13
3 -3.00204e-13
17132 3
1 2.28262e-13
2 -1.37668e-13
3 -2.96652e-13
17134 3
1 1.94511e-13
2 -1.59428e-13
3 -2.86882e-13
17136 3
1 2.03393e-13
2 -1.5854e-13
3 -2.72671e-13
17138 3
1 2.02505e-13
2 -1.50102e-13
3 -2.82441e-13
17140 3
1 1.96287e-13
2 -1.57652e-13
3 -2.89546e-13
17142 3
1 2.22045e-13
2 -1.34559e-13
3 -2.62013e-13
17144 3
1 2.33591e-13
2 -1.44329e-13
3 -2.98428e-13
17146 3
1 2.11386e-13
2 -1.6076e-13
3 -2.85105e-13
17148 3
1 2.2915e-13
2 -1.39e-13
3 -2.79776e-13
17150 3
1 2.21156e-13
2 -1.56319e-13
3 -3.09086e-13
17152 3
1 2.00728e-13
2 -1.42997e-13
3 -2.91767e-13
17154 3
1 2.37144e-13
2 -1.5099e-13
3 -2.88658e-13
17156 3
1 2.33591e-13
2 -1.52767e-13
3 -2.90434e-13
17158 3
1 2.13163e-13
2 -1.51879e-13
3 -3.02869e-13
17160 3
1 2.11386e-13
2 -1.22569e-13
3 -3.07754e-13
17162 3
1 2.39808e-13
2 -1.46105e-13
3 -3.01981e-13
17164 3
1 2.2915e-13
2 -1.66533e-13
3 -2.89546e-13
17166 3
1 2.11386e-13
2 -1.47438e-13
3 -2.94875e-13
17168 3
1 2.27374e-13
2 -1.59428e-13
3 -2.80664e-13
17170 3
1 2.11386e-13
2 -1.66089e-13
3 -3.05089e-13
17172 3
1 2.13163e-13
2 -1.72307e-13
3 -3.21521e-13
17174 3
1 2.39808e-13
2 -1.66089e-13
3 -3.08198e-13
17176 3
1 1.95399e-13
2 -1.58096e-13
3 -3.14415e-13
17178 3
1 1.84741e-13
2 -1.59872e-13
3 -2.78888e-13
17180 3
1 2.23821e-13
2 -1.53655e-13
3 -2.80664e-13
17182 3
1 2.1938e-13
2 -1.75859e-13
3 -3.01092e-13
17184 3
1 2.1938e-13
2 -1.54543e-13
3 -3.16636e-13
17186 3
1 2.03393e-13
2 -1.75859e-13
3 -2.99316e-13
17188 3
1 2.14939e-13
2 -1.74083e-13
3 -2.93987e-13
17190 3
1 2.08722e-13
2 -1.74083e-13
3 -2.95319e-13
17192 3
1 2.06057e-13
2 -1.63425e-13
3 -2.79332e-13
17194 3
1 2.06057e-13
2 -1.85629e-13
3 -3.11307e-13
17196 3
1 2.15827e-13
2 -1.52767e-13
3 -3.12639e-13
17198 3
1 2.2915e-13
2 -1.6076e-13
3 -2.60236e-13
17200 3
1 2.28262e-13
2 -1.66978e-13
3 -2.81553e-13
17202 3
1 2.14051e-13
2 -1.86517e-13
3 -2.83773e-13
17204 3
1 2.16716e-13
2 -1.75859e-13
3 -3.13527e-13
17206 3
1 2.21156e-13
2 -1.63425e-13
3 -2.86438e-13
17208 3
1 2.22933e-13
2 -1.66978e-13
3 -2.89546e-13
17210 3
1 2.31815e-13
2 -1.92735e-13
3 -3.03313e-13
17212 3
1 2.47802e-13
2 -1.54543e-13
3 -2.70006e-13
17214 3
1 2.3892e-13
2 -1.74971e-13
3 -2.93987e-13
17216 3
1 2.33591e-13
2 -1.66089e-13
3 -2.97984e-13
17218 3
1 2.24709e-13
2 -1.96287e-13
3 -2.78e-13
17220 3
1 2.20268e-13
2 -1.69198e-13
3 -2.94431e-13
17222 3
1 2.06057e-13
2 -1.77636e-13
3 -2.93987e-13
17224 3
1 2.36255e-13
2 -1.5854e-13
3 -3.02869e-13
17226 3
1 2.18492e-13
2 -1.6076e-13
3 -2.93987e-13
17228 3
1 2.22045e-13
2 -1.59428e-13
3 -2.90878e-13
17230 3
1 2.26485e-13
2 -1.58096e-13
3 -3.16192e-13
17232 3
1 2.20268e-13
2 -1.52767e-13
3 -2.95763e-13
17234 3
1 2.40696e-13
2 -1.66978e-13
3 -3.06422e-13
17236 3
1 2.28262e-13
2 -1.52767e-13
3 -3.08198e-13
17238 3
1 2.28262e-13
2 -1.54987e-13
3 -2.85105e-13
17240 3
1 2.27374e-13
2 -1.77636e-13
3 -2.97096e-13
17242 3
1 2.13163e-13
2 -1.34115e-13
3 -2.6068e-13
17244 3
1 2.52243e-13
2 -1.52323e-13
3 -3.25961e-13
17246 3
1 2.15827e-13
2 -1.7053e-13
3 -2.97984e-13
17248 3
1 2.49578e-13
2 -1.45661e-13
3 -3.1708e-13
17250 3
1 2.15827e-13
2 -1.69642e-13
3 -2.96208e-13
17252 3
1 2.45137e-13
2 -1.66978e-13
3 -2.89546e-13
17254 3
1 2.44249e-13
2 -1.5099e-13
3 -3.01092e-13
17256 3
1 2.54019e-13
2 -1.59872e-13
3 -2.97096e-13
17258 3
1 2.63789e-13
2 -1.86517e-13
3 -3.06422e-13
17260 3
1 2.53131e-13
2 -1.72307e-13
3 -3.20632e-13
17262 3
1 2.50466e-13
2 -1.50102e-13
3 -3.15747e-13
17264 3
1 2.55795e-13
2 -1.53655e-13
3 -2.97096e-13
17266 3
1 2.64677e-13
2 -1.67422e-13
3 -3.04645e-13
17268 3
1 2.37144e-13
2 -1.7053e-13
3 -3.03757e-13
17270 3
1 2.55795e-13
2 -1.67422e-13
3 -3.09974e-13
17272 3
1 2.18492e-13
2 -1.59428e-13
3 -2.89546e-13
17274 3
1 2.44249e-13
2 -1.58096e-13
3 -2.90434e-13
17276 3
1 2.3892e-13
2 -1.45661e-13
3 -3.21521e-13
17278 3
1 2.6823e-13
2 -1.57208e-13
3 -2.94875e-13
17280 3
1 2.41585e-13
2 -1.58984e-13
3 -2.61124e-13
17282 3
1 2.44693e-13
2 -1.59872e-13
3 -3.18856e-13
17284 3
1 2.54463e-13
2 -1.45661e-13
3 -2.93543e-13
17286 3
1 2.41585e-13
2 -1.65201e-13
3 -3.31291e-13
17288 3
1 2.31815e-13
2 -1.35891e-13
3 -2.76223e-13
17290 3
1 2.2915e-13
2 -1.7053e-13
3 -2.96652e-13
17292 3
1 2.20712e-13
2 -1.45661e-13
3 -2.98428e-13
17294 3
1 2.46914e-13
2 -1.64313e-13
3 -2.85993e-13
17296 3
1 2.4869e-13
2 -1.803e-13
3 -2.98872e-13
17298 3
1 2.22933e-13
2 -1.86517e-13
3 -2.98872e-13
17300 3
1 2.37144e-13
2 -1.56319e-13
3 -2.94875e-13
17302 3
1 2.44249e-13
2 -1.68754e-13
3 -3.11751e-13
17304 3
1 2.23821e-13
2 -1.46549e-13
3 -3.17968e-13
17306 3
1 2.41585e-13
2 -1.48326e-13
3 -3.01092e-13
17308 3
1 2.46914e-13
2 -1.34115e-13
3 -3.10862e-13
17310 3
1 2.38032e-13
2 -1.65201e-13
3 -3.11751e-13
17312 3
1 2.31815e-13
2 -1.57208e-13
3 -2.83329e-13
17314 3
1 2.37144e-13
2 -1.27898e-13
3 -3.01092e-13
17316 3
1 2.64677e-13
2 -1.52767e-13
3 -2.96652e-13
17318 3
1 2.54019e-13
2 -1.44773e-13
3 -2.9754e-13
17320 3
1 2.46025e-13
2 -1.34115e-13
3 -3.01092e-13
17322 3
1 2.42473e-13
2 -1.66089e-13
3 -3.00204e-13
17324 3
1 2.41585e-13
2 -1.65201e-13
3 -2.88214e-13
17326 3
1 2.44249e-13
2 -1.58984e-13
3 -3.05533e-13
17328 3
1 2.22933e-13
2 -1.79412e-13
3 -2.96652e-13
17330 3
1 2.54019e-13
2 -1.82965e-13
3 -3.21521e-13
17332 3
1 2.34479e-13
2 -1.62537e-13
3 -2.92211e-13
17334 3
1 2.41585e-13
2 -1.39444e-13
3 -3.03757e-13
17336 3
1 2.31815e-13
2 -1.52767e-13
3 -3.00204e-13
17338 3
1 2.34479e-13
2 -1.84741e-13
3 -2.97984e-13
17340 3
1 2.34479e-13
2 -1.63425e-13
3 -2.93987e-13
17342 3
1 2.43361e-13
2 -1.6076e-13
3 -3.13527e-13
17344 3
1 2.54907e-13
2 -1.57208e-13
3 -3.0953e-13
17346 3
1 2.22045e-13
2 -1.56319e-13
3 -3.20188e-13
17348 3
1 2.30926e-13
2 -1.72307e-13
3 -2.84217e-13
17350 3
1 2.43361e-13
2 -1.45661e-13
3 -3.01537e-13
17352 3
1 2.34479e-13
2 -1.57208e-13
3 -3.01092e-13
17354 3
1 2.34479e-13
2 -1.77636e-13
3 -2.93099e-13
17356 3
1 2.54907e-13
2 -1.58984e-13
3 -2.73559e-13
17358 3
1 2.35367e-13
2 -1.61648e-13
3 -2.96652e-13
17360 3
1 2.25597e-13
2 -1.74971e-13
3 -2.73115e-13
17362 3
1 2.49578e-13
2 -1.6076e-13
3 -2.77112e-13
17364 3
1 2.39808e-13
2 -1.67866e-13
3 -3.05533e-13
17366 3
1 2.63789e-13
2 -1.71418e-13
3 -2.67786e-13
17368 3
1 2.37144e-13
2 -1.91847e-13
3 -2.81997e-13
17370 3
1 2.46914e-13
2 -1.67866e-13
3 -2.78e-13
17372 3
1 2.40696e-13
2 -1.56319e-13
3 -2.86882e-13
17374 3
1 2.55795e-13
2 -1.64313e-13
3 -2.59792e-13
17376 3
1 2.40696e-13
2 -1.50102e-13
3 -2.88214e-13
17378 3
1 2.53131e-13
2 -1.68754e-13
3 -2.93099e-13
17380 3
1 2.0961e-13
2 -1.78524e-13
3 -2.74003e-13
17382 3
1 2.16716e-13
2 -1.85629e-13
3 -2.65121e-13
17384 3
1 2.36255e-13
2 -1.803e-13
3 -2.67342e-13
17386 3
1 2.14939e-13
2 -1.54543e-13
3 -2.71339e-13
17388 3
1 2.2915e-13
2 -1.92735e-13
3 -2.56684e-13
17390 3
1 2.3892e-13
2 -1.97176e-13
3 -2.80664e-13
17392 3
1 2.50466e-13
2 -1.82077e-13
3 -2.68674e-13
17394 3
1 2.32703e-13
2 -1.76748e-13
3 -2.5846e-13
17396 3
1 2.3892e-13
2 -1.74083e-13
3 -2.66454e-13
17398 3
1 2.46914e-13
2 -1.69642e-13
3 -2.367e-13
17400 3
1 2.50466e-13
2 -1.53655e-13
3 -2.66898e-13
17402 3
1 2.30038e-13
2 -1.82077e-13
3 -2.53131e-13
17404 3
1 2.43361e-13
2 -1.64313e-13
3 -2.54019e-13
17406 3
1 2.53131e-13
2 -1.38556e-13
3 -2.36255e-13
17408 3
1 2.30926e-13
2 -1.50102e-13
3 -2.54019e-13
17410 3
1 2.54019e-13
2 -1.78524e-13
3 -2.39364e-13
17412 3
1 2.22933e-13
2 -1.56319e-13
3 -2.42029e-13
17414 3
1 2.22045e-13
2 -1.74083e-13
3 -2.48246e-13
17416 3
1 2.35367e-13
2 -1.79412e-13
3 -2.67342e-13
17418 3
1 2.45137e-13
2 -1.62537e-13
3 -2.30038e-13
17420 3
1 2.31815e-13
2 -1.84741e-13
3 -2.72227e-13
17422 3
1 2.41585e-13
2 -1.82965e-13
3 -2.45581e-13
17424 3
1 2.47802e-13
2 -1.76748e-13
3 -2.5846e-13
17426 3
1 2.46025e-13
2 -1.92735e-13
3 -2.49578e-13
17428 3
1 2.39808e-13
2 -1.62537e-13
3 -2.57572e-13
17430 3
1 2.62901e-13
2 -1.61648e-13
3 -2.49578e-13
17432 3
1 2.3892e-13
2 -1.78524e-13
3 -2.65565e-13
17434 3
1 2.57572e-13
2 -1.34115e-13
3 -2.67786e-13
17436 3
1 2.46025e-13
2 -1.72307e-13
3 -2.63789e-13
17438 3
1 2.50466e-13
2 -1.98064e-13
3 -2.57572e-13
17440 3
1 2.42473e-13
2 -1.90958e-13
3 -2.74891e-13
17442 3
1 2.41585e-13
2 -1.74083e-13
3 -2.49578e-13
17444 3
1 2.35367e-13
2 -1.6076e-13
3 -2.59348e-13
17446 3
1 2.60236e-13
2 -1.7053e-13
3 -2.44249e-13
17448 3
1 2.46025e-13
2 -1.67866e-13
3 -2.6068e-13
17450 3
1 2.56684e-13
2 -1.43885e-13
3 -2.47802e-13
17452 3
1 2.47802e-13
2 -1.9007e-13
3 -2.64233e-13
17454 3
1 2.42473e-13
2 -1.98064e-13
3 -2.45137e-13
17456 3
1 2.78888e-13
2 -1.84741e-13
3 -2.57128e-13
17458 3
1 2.40696e-13
2 -1.58984e-13
3 -2.70894e-13
17460 3
1 2.54019e-13
2 -1.84741e-13
3 -2.51354e-13
17462 3
1 2.46914e-13
2 -1.74083e-13
3 -2.75779e-13
17464 3
1 2.42473e-13
2 -1.76748e-13
3 -2.59792e-13
17466 3
1 2.62901e-13
2 -1.65201e-13
3 -2.70006e-13
17468 3
1 2.67342e-13
2 -1.95399e-13
3 -2.53575e-13
17470 3
1 2.74447e-13
2 -1.81188e-13
3 -2.51354e-13
17472 3
1 2.56684e-13
2 -1.84741e-13
3 -2.53131e-13
17474 3
1 2.47802e-13
2 -1.96287e-13
3 -2.35811e-13
17476 3
1 2.41585e-13
2 -1.9984e-13
3 -2.69562e-13
17478 3
1 2.54019e-13
2 -1.90958e-13
3 -2.38032e-13
17480 3
1 2.42473e-13
2 -1.82965e-13
3 -2.3892e-13
17482 3
1 2.3892e-13
2 -2.14939e-13
3 -2.46025e-13
17484 3
1 2.33591e-13
2 -1.66978e-13
3 -2.49134e-13
17486 3
1 2.49578e-13
2 -1.87406e-13
3 -2.26041e-13
17488 3
1 2.41585e-13
2 -1.84741e-13
3 -2.37144e-13
17490 3
1 2.42473e-13
2 -1.88294e-13
3 -2.45137e-13
17492 3
1 2.46025e-13
2 -2.00728e-13
3 -2.59348e-13
17494 3
1 2.53131e-13
2 -1.57208e-13
3 -2.3892e-13
17496 3
1 2.17604e-13
2 -1.53655e-13
3 -2.48246e-13
17498 3
1 2.20268e-13
2 -1.69642e-13
3 -2.54907e-13
17500 3
1 2.27374e-13
2 -2.03393e-13
3 -2.30038e-13
17502 3
1 2.33591e-13
2 -1.72307e-13
3 -2.45581e-13
17504 3
1 2.30926e-13
2 -1.56319e-13
3 -2.34479e-13
17506 3
1 2.33591e-13
2 -1.85629e-13
3 -2.39808e-13
17508 3
1 2.21156e-13
2 -1.75859e-13
3 -2.42473e-13
17510 3
1 2.1938e-13
2 -1.68754e-13
3 -2.42473e-13
17512 3
1 2.1938e-13
2 -1.87406e-13
3 -2.36255e-13
17514 3
1 2.10498e-13
2 -1.90958e-13
3 -2.38476e-13
17516 3
1 2.17604e-13
2 -1.79412e-13
3 -2.55351e-13
17518 3
1 2.23821e-13
2 -1.51879e-13
3 -2.41585e-13
17520 3
1 2.15827e-13
2 -1.62537e-13
3 -2.51354e-13
17522 3
1 1.95399e-13
2 -1.62537e-13
3 -2.40696e-13
17524 3
1 2.00728e-13
2 -1.67866e-13
3 -2.30482e-13
17526 3
1 2.18492e-13
2 -1.62537e-13
3 -2.11831e-13
17528 3
1 1.93623e-13
2 -1.85629e-13
3 -2.24709e-13
17530 3
1 1.98064e-13
2 -1.54543e-13
3 -2.62013e-13
17532 3
1 2.07834e-13
2 -1.49214e-13
3 -2.2693e-13
17534 3
1 1.96287e-13
2 -1.5099e-13
3 -2.50466e-13
17536 3
1 2.14051e-13
2 -1.51879e-13
3 -2.4869e-13
17538 3
1 2.11386e-13
2 -1.1191e-13
3 -2.01617e-13
17540 3
1 2.21156e-13
2 -1.57208e-13
3 -2.16716e-13
17542 3
1 2.04281e-13
2 -1.53655e-13
3 -2.0961e-13
17544 3
1 2.08722e-13
2 -1.50102e-13
3 -2.27818e-13
17546 3
1 1.93623e-13
2 -1.66978e-13
3 -2.23377e-13
17548 3
1 2.06057e-13
2 -1.64313e-13
3 -2.22933e-13
17550 3
1 1.90958e-13
2 -1.5099e-13
3 -2.12275e-13
17552 3
1 2.12275e-13
2 -1.65201e-13
3 -2.4114e-13
17554 3
1 2.03393e-13
2 -1.45661e-13
3 -2.45137e-13
17556 3
1 1.97176e-13
2 -1.62537e-13
3 -2.07834e-13
17558 3
1 1.92735e-13
2 -1.63425e-13
3 -2.38032e-13
17560 3
1 2.24709e-13
2 -1.69642e-13
3 -2.15383e-13
17562 3
1 2.06057e-13
2 -1.66089e-13
3 -2.34923e-13
17564 3
1 1.98064e-13
2 -1.44773e-13
3 -2.26041e-13
17566 3
1 2.06057e-13
2 -1.40332e-13
3 -2.07834e-13
17568 3
1 2.10498e-13
2 -1.44773e-13
3 -2.26041e-13
17570 3
1 1.98064e-13
2 -1.45661e-13
3 -2.54019e-13
17572 3
1 2.13163e-13
2 -1.57208e-13
3 -2.40252e-13
17574 3
1 2.22045e-13
2 -1.53655e-13
3 -2.04281e-13
17576 3
1 2.1938e-13
2 -1.74971e-13
3 -2.20268e-13
17578 3
1 2.23821e-13
2 -1.20792e-13
3 -2.28706e-13
17580 3
1 2.01617e-13
2 -1.56319e-13
3 -2.49578e-13
17582 3
1 2.06057e-13
2 -1.48326e-13
3 -2.22933e-13
17584 3
1 2.1938e-13
2 -1.44773e-13
3 -2.34479e-13
17586 3
1 2.06057e-13
2 -1.56319e-13
3 -2.26485e-13
17588 3
1 1.90958e-13
2 -1.57208e-13
3 -2.27374e-13
17590 3
1 2.06946e-13
2 -1.76748e-13
3 -2.47358e-13
17592 3
1 2.1938e-13
2 -1.88294e-13
3 -2.35367e-13
17594 3
1 2.14939e-13
2 -1.73195e-13
3 -2.05169e-13
17596 3
1 2.0961e-13
2 -1.52767e-13
3 -2.08722e-13
17598 3
1 2.03393e-13
2 -1.69642e-13
3 -2.41585e-13
17600 3
1 2.11386e-13
2 -1.71418e-13
3 -2.41585e-13
17602 3
1 2.1938e-13
2 -1.57208e-13
3 -2.21601e-13
17604 3
1 2.18492e-13
2 -1.50102e-13
3 -2.33147e-13
17606 3
1 2.16716e-13
2 -1.7053e-13
3 -2.38476e-13
17608 3
1 2.25597e-13
2 -1.61648e-13
3 -2.06057e-13
17610 3
1 2.12275e-13
2 -1.54543e-13
3 -2.43361e-13
17612 3
1 2.34479e-13
2 -1.49214e-13
3 -2.06946e-13
17614 3
1 2.06946e-13
2 -1.63425e-13
3 -2.43805e-13
17616 3
1 2.23821e-13
2 -1.56319e-13
3 -2.11831e-13
17618 3
1 2.11386e-13
2 -1.34115e-13
3 -2.43805e-13
17620 3
1 2.37144e-13
2 -1.66089e-13
3 -1.88738e-13
17622 3
1 2.38032e-13
2 -1.49214e-13
3 -2.11831e-13
17624 3
1 2.06946e-13
2 -1.27898e-13
3 -2.38476e-13
17626 3
1 1.83853e-13
2 -1.22569e-13
3 -1.98508e-13
17628 3
1 2.11386e-13
2 -1.53655e-13
3 -2.24709e-13
17630 3
1 2.18492e-13
2 -1.49214e-13
3 -2.42473e-13
17632 3
1 2.1938e-13
2 -1.54543e-13
3 -2.30482e-13
17634 3
1 2.05169e-13
2 -1.46549e-13
3 -2.46025e-13
17636 3
1 1.89182e-13
2 -1.44773e-13
3 -2.42473e-13
17638 3
1 2.21156e-13
2 -1.50102e-13
3 -2.21601e-13
17640 3
1 2.10498e-13
2 -1.56319e-13
3 -2.19824e-13
17642 3
1 2.06057e-13
2 -1.35891e-13
3 -2.22933e-13
17644 3
1 2.14939e-13
2 -1.33227e-13
3 -2.2693e-13
17646 3
1 2.00728e-13
2 -1.61648e-13
3 -2.19824e-13
17648 3
1 2.06946e-13
2 -1.62537e-13
3 -2.46914e-13
17650 3
1 2.32703e-13
2 -1.34115e-13
3 -2.24709e-13
17652 3
1 2.17604e-13
2 -1.57208e-13
3 -2.32703e-13
17654 3
1 2.30926e-13
2 -1.43885e-13
3 -2.34479e-13
17656 3
1 2.28262e-13
2 -1.48326e-13
3 -2.40696e-13
17658 3
1 2.30038e-13
2 -1.65201e-13
3 -2.38032e-13
17660 3
1 2.22933e-13
2 -1.64313e-13
3 -2.33147e-13
17662 3
1 2.43361e-13
2 -1.45661e-13
3 -2.34479e-13
17664 3
1 2.28262e-13
2 -1.50102e-13
3 -2.20268e-13
17666 3
1 1.98064e-13
2 -1.40332e-13
3 -2.4869e-13
17668 3
1 2.30038e-13
2 -1.56319e-13
3 -2.06057e-13
17670 3
1 2.14939e-13
2 -1.29674e-13
3 -2.0961e-13
17672 3
1 2.22045e-13
2 -1.43885e-13
3 -2.23821e-13
17674 3
1 2.13163e-13
2 -1.44773e-13
3 -1.95399e-13
17676 3
1 2.37144e-13
2 -1.4122e-13
3 -2.08278e-13
17678 3
1 2.26485e-13
2 -1.64313e-13
3 -2.20268e-13
17680 3
1 1.94511e-13
2 -1.58096e-13
3 -2.26485e-13
17682 3
1 2.33591e-13
2 -1.49214e-13
3 -2.21156e-13
17684 3
1 2.26485e-13
2 -1.61648e-13
3 -2.12719e-13
17686 3
1 2.23821e-13
2 -1.68754e-13
3 -2.29594e-13
17688 3
1 2.28262e-13
2 -1.37668e-13
3 -2.28262e-13
17690 3
1 2.14051e-13
2 -1.6076e-13
3 -2.56239e-13
17692 3
1 2.20268e-13
2 -1.59872e-13
3 -2.33591e-13
17694 3
1 2.23821e-13
2 -1.23457e-13
3 -2.17604e-13
17696 3
1 2.10498e-13
2 -1.7053e-13
3 -2.14495e-13
17698 3
1 2.07834e-13
2 -1.66978e-13
3 -2.31815e-13
17700 3
1 2.10498e-13
2 -1.35003e-13
3 -2.16716e-13
17702 3
1 2.46914e-13
2 -1.74971e-13
3 -2.08278e-13
17704 3
1 2.12275e-13
2 -1.43885e-13
3 -2.50466e-13
17706 3
1 2.25597e-13
2 -1.52767e-13
3 -2.46025e-13
17708 3
1 2.04281e-13
2 -1.66978e-13
3 -2.35367e-13
17710 3
1 2.22933e-13
2 -1.48326e-13
3 -2.23821e-13
17712 3
1 2.08722e-13
2 -1.42997e-13
3 -2.39808e-13
17714 3
1 1.86517e-13
2 -1.58096e-13
3 -2.24265e-13
17716 3
1 2.06057e-13
2 -1.45661e-13
3 -2.32259e-13
17718 3
1 2.40696e-13
2 -1.30562e-13
3 -2.2693e-13
17720 3
1 2.11386e-13
2 -1.42997e-13
3 -2.16716e-13
17722 3
1 1.98952e-13
2 -1.62537e-13
3 -2.38476e-13
17724 3
1 2.1938e-13
2 -1.37668e-13
3 -2.24709e-13
17726 3
1 1.98064e-13
2 -1.2701e-13
3 -2.42917e-13
17728 3
1 1.87406e-13
2 -1.35003e-13
3 -2.35367e-13
17730 3
1 2.06057e-13
2 -1.39444e-13
3 -2.24709e-13
17732 3
1 2.16716e-13
2 -1.15463e-13
3 -2.2915e-13
17734 3
1 2.28262e-13
2 -1.51879e-13
3 -2.54907e-13
17736 3
1 2.14939e-13
2 -1.38556e-13
3 -2.30926e-13
17738 3
1 2.24709e-13
2 -1.29674e-13
3 -2.4869e-13
17740 3
1 2.12275e-13
2 -1.34115e-13
3 -2.34479e-13
17742 3
1 2.17604e-13
2 -1.1191e-13
3 -2.81108e-13
17744 3
1 1.98064e-13
2 -1.22569e-13
3 -2.69118e-13
17746 3
1 2.06057e-13
2 -1.40332e-13
3 -2.55351e-13
17748 3
1 2.40696e-13
2 -1.20792e-13
3 -2.5091e-13
17750 3
1 2.20268e-13
2 -1.03917e-13
3 -2.69118e-13
17752 3
1 2.17604e-13
2 -1.49214e-13
3 -2.79776e-13
17754 3
1 2.22045e-13
2 -1.25233e-13
3 -2.45137e-13
17756 3
1 2.47802e-13
2 -9.32587e-14
3 -2.57572e-13
17758 3
1 2.45137e-13
2 -9.05942e-14
3 -2.77112e-13
17760 3
1 2.49578e-13
2 -1.16351e-13
3 -2.60236e-13
17762 3
1 2.54019e-13
2 -1.12799e-13
3 -2.60236e-13
17764 3
1 2.27374e-13
2 -1.32339e-13
3 -2.4869e-13
17766 3
1 2.14939e-13
2 -1.2168e-13
3 -2.43361e-13
17768 3
1 2.39808e-13
2 -8.70415e-14
3 -2.59348e-13
17770 3
1 2.2915e-13
2 -1.42109e-13
3 -2.40696e-13
17772 3
1 2.22933e-13
2 -1.18128e-13
3 -2.44693e-13
17774 3
1 2.47802e-13
2 -1.27898e-13
3 -2.60236e-13
17776 3
1 2.25597e-13
2 -1.2701e-13
3 -2.34035e-13
17778 3
1 2.24709e-13
2 -1.4122e-13
3 -2.44249e-13
17780 3
1 2.22045e-13
2 -1.42109e-13
3 -2.63789e-13
17782 3
1 2.3137e-13
2 -1.24345e-13
3 -2.46914e-13
17784 3
1 2.21601e-13
2 -1.2168e-13
3 -2.4869e-13
17786 3
1 2.20268e-13
2 -1.30562e-13
3 -2.4869e-13
17788 3
1 2.35367e-13
2 -1.28786e-13
3 -2.66454e-13
17790 3
1 2.28262e-13
2 -1.05693e-13
3 -2.51354e-13
17792 3
1 2.31815e-13
2 -1.03029e-13
3 -2.32703e-13
17794 3
1 2.2693e-13
2 -1.15463e-13
3 -2.75335e-13
17796 3
1 2.00728e-13
2 -1.1191e-13
3 -2.46914e-13
17798 3
1 2.44249e-13
2 -9.59233e-14
3 -2.20268e-13
17800 3
1 2.3137e-13
2 -1.15463e-13
3 -2.62013e-13
17802 3
1 2.16271e-13
2 -1.0747e-13
3 -2.46025e-13
17804 3
1 2.2693e-13
2 -9.59233e-14
3 -2.32703e-13
17806 3
1 2.2915e-13
2 -1.33227e-13
3 -2.47802e-13
17808 3
1 2.37144e-13
2 -8.70415e-14
3 -2.3892e-13
17810 3
1 2.24709e-13
2 -1.12799e-13
3 -2.49578e-13
17812 3
1 2.21156e-13
2 -1.20792e-13
3 -2.42473e-13
17814 3
1 2.32703e-13
2 -1.0747e-13
3 -2.38032e-13
17816 3
1 2.25597e-13
2 -1.13687e-13
3 -2.32703e-13
17818 3
1 2.18936e-13
2 -7.54952e-14
3 -2.61124e-13
17820 3
1 2.22045e-13
2 -1.06581e-13
3 -2.31815e-13
17822 3
1 1.98064e-13
2 -1.29674e-13
3 -2.46914e-13
17824 3
1 2.18048e-13
2 -1.25233e-13
3 -2.56684e-13
17826 3
1 2.09166e-13
2 -8.9706e-14
3 -2.31815e-13
17828 3
1 2.11386e-13
2 -1.12799e-13
3 -2.44249e-13
17830 3
1 2.29594e-13
2 -1.14575e-13
3 -2.52243e-13
17832 3
1 2.07834e-13
2 -1.20792e-13
3 -2.41585e-13
17834 3
1 2.21601e-13
2 -1.19904e-13
3 -2.38032e-13
17836 3
1 2.13163e-13
2 -1.22569e-13
3 -2.39808e-13
17838 3
1 2.02061e-13
2 -1.05693e-13
3 -2.34479e-13
17840 3
1 2.02505e-13
2 -1.10134e-13
3 -2.38032e-13
17842 3
1 2.13607e-13
2 -1.13687e-13
3 -2.45137e-13
17844 3
1 2.30482e-13
2 -9.59233e-14
3 -2.45137e-13
17846 3
1 1.97176e-13
2 -1.24345e-13
3 -2.39808e-13
17848 3
1 2.1716e-13
2 -1.33227e-13
3 -2.34479e-13
17850 3
1 2.10498e-13
2 -9.85878e-14
3 -2.43361e-13
17852 3
1 2.14939e-13
2 -1.19016e-13
3 -2.34479e-13
17854 3
1 2.25597e-13
2 -1.10134e-13
3 -2.28262e-13
17856 3
1 1.73195e-13
2 -1.08358e-13
3 -2.22045e-13
17858 3
1 1.99396e-13
2 -1.3145e-13
3 -2.12275e-13
17860 3
1 2.05169e-13
2 -1.25233e-13
3 -2.45137e-13
17862 3
1 2.04281e-13
2 -1.27898e-13
3 -2.42473e-13
17864 3
1 1.84741e-13
2 -1.01252e-13
3 -2.36255e-13
17866 3
1 2.06946e-13
2 -1.27898e-13
3 -2.42473e-13
17868 3
1 1.93179e-13
2 -1.39444e-13
3 -2.11386e-13
17870 3
1 1.84741e-13
2 -1.45661e-13
3 -2.01617e-13
17872 3
1 1.98952e-13
2 -9.76996e-14
3 -2.30926e-13
17874 3
1 2.05613e-13
2 -1.25233e-13
3 -2.37144e-13
17876 3
1 1.84741e-13
2 -1.2701e-13
3 -2.33591e-13
17878 3
1 2.18048e-13
2 -1.37668e-13
3 -2.39808e-13
17880 3
1 1.70086e-13
2 -9.76996e-14
3 -2.31815e-13
17882 3
1 2.15827e-13
2 -1.38556e-13
3 -2.42473e-13
17884 3
1 2.05169e-13
2 -1.10134e-13
3 -2.30926e-13
17886 3
1 2.02061e-13
2 -1.29674e-13
3 -2.3892e-13
17888 3
1 1.88294e-13
2 -1.19904e-13
3 -2.59348e-13
17890 3
1 2.12719e-13
2 -1.15463e-13
3 -2.53131e-13
17892 3
1 2.09166e-13
2 -1.26121e-13
3 -2.25597e-13
17894 3
1 1.7808e-13
2 -1.12799e-13
3 -2.64677e-13
17896 3
1 2.08722e-13
2 -1.2701e-13
3 -2.31815e-13
17898 3
1 2.04725e-13
2 -1.19016e-13
3 -2.14939e-13
17900 3
1 1.95399e-13
2 -1.33227e-13
3 -2.20268e-13
17902 3
1 1.803e-13
2 -1.35003e-13
3 -2.45137e-13
17904 3
1 1.86517e-13
2 -9.68114e-14
3 -2.54019e-13
17906 3
1 1.9007e-13
2 -1.09246e-13
3 -2.46914e-13
17908 3
1 2.01172e-13
2 -1.13687e-13
3 -2.36255e-13
17910 3
1 2.08722e-13
2 -1.24345e-13
3 -2.34479e-13
17912 3
1 2.02505e-13
2 -1.06581e-13
3 -2.54019e-13
17914 3
1 2.05169e-13
2 -1.20792e-13
3 -2.43361e-13
17916 3
1 1.86517e-13
2 -1.25233e-13
3 -2.37144e-13
17918 3
1 1.98064e-13
2 -8.88178e-14
3 -2.62013e-13
17920 3
1 1.9007e-13
2 -1.30562e-13
3 -2.26485e-13
17922 3
1 2.08722e-13
2 -1.42997e-13
3 -2.59348e-13
17924 3
1 1.9007e-13
2 -1.10134e-13
3 -2.32703e-13
17926 3
1 2.11386e-13
2 -1.16351e-13
3 -2.3892e-13
17928 3
1 1.92735e-13
2 -1.48326e-13
3 -2.34479e-13
17930 3
1 2.07834e-13
2 -1.33227e-13
3 -2.53131e-13
17932 3
1 1.71418e-13
2 -1.33227e-13
3 -1.98952e-13
17934 3
1 2.01617e-13
2 -1.22569e-13
3 -2.43361e-13
17936 3
1 1.86517e-13
2 -1.35003e-13
3 -2.54019e-13
17938 3
1 1.89182e-13
2 -1.1724e-13
3 -2.39808e-13
17940 3
1 1.86517e-13
2 -1.01252e-13
3 -2.51354e-13
17942 3
1 1.803e-13
2 -1.1724e-13
3 -2.54019e-13
17944 3
1 1.82965e-13
2 -1.27898e-13
3 -2.36255e-13
17946 3
1 2.14939e-13
2 -1.2168e-13
3 -2.61124e-13
17948 3
1 1.92735e-13
2 -1.10134e-13
3 -2.4869e-13
17950 3
1 1.88294e-13
2 -1.27898e-13
3 -2.367e-13
17952 3
1 1.89182e-13
2 -1.19016e-13
3 -2.47802e-13
17954 3
1 1.87406e-13
2 -1.24345e-13
3 -2.85105e-13
17956 3
1 1.9007e-13
2 -1.32339e-13
3 -2.62457e-13
17958 3
1 1.9007e-13
2 -1.22569e-13
3 -2.62457e-13
17960 3
1 2.06946e-13
2 -1.38556e-13
3 -2.52687e-13
17962 3
1 1.74971e-13
2 -1.0747e-13
3 -2.47802e-13
17964 3
1 1.86517e-13
2 -1.2168e-13
3 -2.55351e-13
17966 3
1 2.01617e-13
2 -1.10134e-13
3 -2.63789e-13
17968 3
1 1.95399e-13
2 -1.14575e-13
3 -2.78444e-13
17970 3
1 1.97176e-13
2 -1.15463e-13
3 -2.61124e-13
17972 3
1 1.94511e-13
2 -1.11022e-13
3 -2.54463e-13
17974 3
1 1.96287e-13
2 -1.13687e-13
3 -2.43805e-13
17976 3
1 2.11386e-13
2 -1.09246e-13
3 -2.42473e-13
17978 3
1 1.82077e-13
2 -1.39444e-13
3 -2.86882e-13
17980 3
1 2.01617e-13
2 -9.85878e-14
3 -2.73559e-13
17982 3
1 2.06946e-13
2 -1.06581e-13
3 -2.367e-13
17984 3
1 1.73195e-13
2 -1.26121e-13
3 -2.62901e-13
17986 3
1 1.68754e-13
2 -1.03917e-13
3 -2.51354e-13
17988 3
1 2.02505e-13
2 -1.19016e-13
3 -2.62901e-13
17990 3
1 1.81188e-13
2 -1.4122e-13
3 -2.54463e-13
17992 3
1 1.94511e-13
2 -1.35003e-13
3 -2.91323e-13
17994 3
1 2.06057e-13
2 -1.43885e-13
3 -2.65565e-13
17996 3
1 2.15827e-13
2 -1.34115e-13
3 -2.57128e-13
17998 3
1 1.9984e-13
2 -1.24345e-13
3 -2.85105e-13
18000 3
1 2.00728e-13
2 -1.35003e-13
3 -2.38476e-13
18002 3
1 2.16716e-13
2 -1.2168e-13
3 -2.64677e-13
18004 3
1 1.9984e-13
2 -1.3145e-13
3 -2.43805e-13
18006 3
1 1.91847e-13
2 -1.08358e-13
3 -2.44249e-13
18008 3
1 1.98064e-13
2 -1.26121e-13
3 -2.57128e-13
18010 3
1 1.88294e-13
2 -1.42997e-13
3 -2.58904e-13
18012 3
1 1.9984e-13
2 -1.35003e-13
3 -2.77112e-13
18014 3
1 1.75859e-13
2 -1.37668e-13
3 -2.81553e-13
18016 3
1 1.82077e-13
2 -1.1724e-13
3 -2.63345e-13
18018 3
1 1.803e-13
2 -1.30562e-13
3 -2.54019e-13
18020 3
1 1.93623e-13
2 -1.51879e-13
3 -2.82441e-13
18022 3
1 1.88294e-13
2 -1.20792e-13
3 -2.69118e-13
18024 3
1 1.62537e-13
2 -1.34115e-13
3 -2.85105e-13
18026 3
1 1.73195e-13
2 -1.66089e-13
3 -2.66898e-13
18028 3
1 1.54543e-13
2 -1.13687e-13
3 -2.64233e-13
18030 3
1 1.82077e-13
2 -1.28786e-13
3 -2.68674e-13
18032 3
1 1.74083e-13
2 -1.35003e-13
3 -2.70006e-13
18034 3
1 1.83853e-13
2 -1.35891e-13
3 -2.38032e-13
18036 3
1 1.66089e-13
2 -1.26121e-13
3 -2.38476e-13
18038 3
1 1.76748e-13
2 -1.2701e-13
3 -2.27818e-13
18040 3
1 1.67422e-13
2 -1.24345e-13
3 -2.55795e-13
18042 3
1 1.63869e-13
2 -1.34115e-13
3 -2.59792e-13
18044 3
1 1.62981e-13
2 -1.19016e-13
3 -2.22045e-13
18046 3
1 1.64757e-13
2 -9.59233e-14
3 -2.45137e-13
18048 3
1 1.70974e-13
2 -1.52767e-13
3 -2.22045e-13
18050 3
1 1.48326e-13
2 -1.19016e-13
3 -2.39364e-13
18052 3
1 1.74083e-13
2 -1.27898e-13
3 -2.04281e-13
18054 3
1 1.82077e-13
2 -1.65201e-13
3 -2.33591e-13
18056 3
1 1.66089e-13
2 -1.5099e-13
3 -2.2915e-13
18058 3
1 1.81188e-13
2 -1.32339e-13
3 -2.51799e-13
18060 3
1 1.73195e-13
2 -1.5099e-13
3 -2.47802e-13
18062 3
1 1.77636e-13
2 -1.18128e-13
3 -2.27374e-13
18064 3
1 1.82521e-13
2 -1.15463e-13
3 -1.9007e-13
18066 3
1 1.94511e-13
2 -1.40332e-13
3 -2.42917e-13
18068 3
1 1.82077e-13
2 -1.19904e-13
3 -2.47802e-13
18070 3
1 1.68754e-13
2 -1.36779e-13
3 -1.9984e-13
18072 3
1 1.89626e-13
2 -1.26121e-13
3 -2.06057e-13
18074 3
1 1.803e-13
2 -1.27898e-13
3 -1.95843e-13
18076 3
1 1.59872e-13
2 -1.27898e-13
3 -2.16271e-13
18078 3
1 1.57208e-13
2 -1.34115e-13
3 -2.25597e-13
18080 3
1 1.69198e-13
2 -1.58096e-13
3 -2.2915e-13
18082 3
1 1.98952e-13
2 -1.28786e-13
3 -2.40696e-13
18084 3
1 1.70086e-13
2 -1.47438e-13
3 -2.2915e-13
18086 3
1 1.72307e-13
2 -1.37668e-13
3 -2.28262e-13
18088 3
1 1.83853e-13
2 -1.23457e-13
3 -2.20268e-13
18090 3
1 1.66089e-13
2 -1.62537e-13
3 -2.15827e-13
18092 3
1 1.71418e-13
2 -1.33227e-13
3 -2.12719e-13
18094 3
1 1.56319e-13
2 -1.30562e-13
3 -1.96732e-13
18096 3
1 1.65645e-13
2 -1.44773e-13
3 -2.06501e-13
18098 3
1 1.82077e-13
2 -1.48326e-13
3 -2.19824e-13
18100 3
1 1.39888e-13
2 -1.37668e-13
3 -2.18936e-13
18102 3
1 1.66089e-13
2 -1.22569e-13
3 -2.13163e-13
18104 3
1 1.82965e-13
2 -1.54543e-13
3 -2.01617e-13
18106 3
1 1.6076e-13
2 -1.43885e-13
3 -2.20268e-13
18108 3
1 1.75859e-13
2 -1.58984e-13
3 -1.96287e-13
18110 3
1 1.71418e-13
2 -1.46549e-13
3 -2.10498e-13
18112 3
1 1.56763e-13
2 -1.19904e-13
3 -2.28262e-13
18114 3
1 1.63425e-13
2 -1.45661e-13
3 -2.06501e-13
18116 3
1 1.39e-13
2 -1.38556e-13
3 -1.83409e-13
18118 3
1 1.71418e-13
2 -1.43885e-13
3 -2.0739e-13
18120 3
1 1.36779e-13
2 -1.40332e-13
3 -1.9762e-13
18122 3
1 1.6076e-13
2 -1.38556e-13
3 -2.18048e-13
18124 3
1 1.34559e-13
2 -1.58984e-13
3 -2.02949e-13
18126 3
1 1.55431e-13
2 -1.33227e-13
3 -2.03393e-13
18128 3
1 1.56319e-13
2 -1.32339e-13
3 -1.88738e-13
18130 3
1 1.803e-13
2 -1.26121e-13
3 -1.93623e-13
18132 3
1 1.46105e-13
2 -1.65201e-13
3 -2.09166e-13
18134 3
1 1.4122e-13
2 -1.56319e-13
3 -2.11386e-13
18136 3
1 1.59872e-13
2 -1.71418e-13
3 -1.94955e-13
18138 3
1 1.67422e-13
2 -1.36779e-13
3 -1.89182e-13
18140 3
1 1.85629e-13
2 -1.33227e-13
3 -1.9007e-13
18142 3
1 1.7053e-13
2 -1.2701e-13
3 -2.05169e-13
18144 3
1 1.63425e-13
2 -1.61648e-13
3 -2.06946e-13
18146 3
1 1.66978e-13
2 -1.29674e-13
3 -1.74083e-13
18148 3
1 1.46549e-13
2 -1.23457e-13
3 -1.73195e-13
18150 3
1 1.59872e-13
2 -1.33227e-13
3 -1.96732e-13
18152 3
1 1.47438e-13
2 -1.25233e-13
3 -1.85629e-13
18154 3
1 1.50102e-13
2 -1.22569e-13
3 -1.90958e-13
18156 3
1 1.50102e-13
2 -1.42109e-13
3 -1.87406e-13
18158 3
1 1.63425e-13
2 -1.33227e-13
3 -1.84741e-13
18160 3
1 1.67866e-13
2 -1.25233e-13
3 -1.98952e-13
18162 3
1 1.63425e-13
2 -1.30562e-13
3 -1.74527e-13
18164 3
1 1.47438e-13
2 -1.36779e-13
3 -2.24709e-13
18166 3
1 1.46549e-13
2 -1.46549e-13
3 -2.22045e-13
18168 3
1 1.65201e-13
2 -1.22569e-13
3 -1.93623e-13
18170 3
1 1.66089e-13
2 -1.25233e-13
3 -1.95399e-13
18172 3
1 1.42109e-13
2 -1.43885e-13
3 -1.7808e-13
18174 3
1 1.55431e-13
2 -1.56319e-13
3 -1.96287e-13
18176 3
1 1.39444e-13
2 -1.15463e-13
3 -2.02505e-13
18178 3
1 1.4122e-13
2 -1.28786e-13
3 -2.15827e-13
18180 3
1 1.74083e-13
2 -1.54543e-13
3 -1.92735e-13
18182 3
1 1.62537e-13
2 -1.42109e-13
3 -1.94955e-13
18184 3
1 1.7053e-13
2 -1.39444e-13
3 -1.91847e-13
18186 3
1 1.56319e-13
2 -1.43885e-13
3 -1.93623e-13
18188 3
1 1.42997e-13
2 -1.35891e-13
3 -2.11386e-13
18190 3
1 1.50102e-13
2 -1.34115e-13
3 -1.94511e-13
18192 3
1 1.26121e-13
2 -1.2168e-13
3 -1.87406e-13
18194 3
1 1.53655e-13
2 -1.36779e-13
3 -1.803e-13
18196 3
1 1.38556e-13
2 -1.40332e-13
3 -1.97176e-13
18198 3
1 1.40332e-13
2 -1.35003e-13
3 -1.97176e-13
18200 3
1 1.45661e-13
2 -1.43885e-13
3 -2.10942e-13
18202 3
1 1.48326e-13
2 -1.39444e-13
3 -1.90958e-13
18204 3
1 1.6076e-13
2 -1.4122e-13
3 -1.64757e-13
18206 3
1 1.46549e-13
2 -1.30562e-13
3 -2.09166e-13
18208 3
1 1.3145e-13
2 -1.19904e-13
3 -1.91847e-13
18210 3
1 1.14575e-13
2 -1.23457e-13
3 -2.01617e-13
18212 3
1 1.43885e-13
2 -1.43885e-13
3 -1.86962e-13
18214 3
1 1.26121e-13
2 -1.35891e-13
3 -1.88738e-13
18216 3
1 1.35891e-13
2 -1.25233e-13
3 -1.97176e-13
18218 3
1 1.27898e-13
2 -1.14575e-13
3 -2.05613e-13
18220 3
1 1.4122e-13
2 -1.45661e-13
3 -2.10498e-13
18222 3
1 1.33227e-13
2 -1.2701e-13
3 -1.9007e-13
18224 3
1 1.26121e-13
2 -1.16351e-13
3 -2.06057e-13
18226 3
1 1.34115e-13
2 -1.36779e-13
3 -1.90958e-13
18228 3
1 1.26121e-13
2 -1.35891e-13
3 -1.86962e-13
18230 3
1 1.45661e-13
2 -1.37668e-13
3 -1.66089e-13
18232 3
1 1.19904e-13
2 -1.32339e-13
3 -1.79412e-13
18234 3
1 1.33227e-13
2 -1.27898e-13
3 -1.72307e-13
18236 3
1 1.36779e-13
2 -1.1724e-13
3 -2.11386e-13
18238 3
1 1.43885e-13
2 -1.26121e-13
3 -1.74971e-13
18240 3
1 1.43885e-13
2 -1.20792e-13
3 -2.02505e-13
18242 3
1 1.42109e-13
2 -1.25233e-13
3 -1.86517e-13
18244 3
1 1.50102e-13
2 -1.25233e-13
3 -2.01617e-13
18246 3
1 1.44773e-13
2 -1.24345e-13
3 -2.1716e-13
18248 3
1 1.24345e-13
2 -1.11022e-13
3 -1.72307e-13
18250 3
1 1.42997e-13
2 -1.18128e-13
3 -2.02949e-13
18252 3
1 1.29674e-13
2 -1.15463e-13
3 -1.85629e-13
18254 3
1 1.42109e-13
2 -9.9476e-14
3 -1.94511e-13
18256 3
1 1.7053e-13
2 -1.37668e-13
3 -2.06501e-13
18258 3
1 1.57208e-13
2 -1.27898e-13
3 -1.93623e-13
18260 3
1 1.2701e-13
2 -1.00364e-13
3 -1.87406e-13
18262 3
1 1.45661e-13
2 -1.24345e-13
3 -1.97176e-13
18264 3
1 1.37668e-13
2 -9.59233e-14
3 -2.00728e-13
18266 3
1 1.54543e-13
2 -1.26121e-13
3 -2.11386e-13
18268 3
1 1.27898e-13
2 -1.24345e-13
3 -2.14939e-13
18270 3
1 1.5099e-13
2 -1.05693e-13
3 -1.97176e-13
18272 3
1 1.35003e-13
2 -1.39444e-13
3 -1.85629e-13
18274 3
1 1.30562e-13
2 -1.10134e-13
3 -1.97176e-13
18276 3
1 1.5099e-13
2 -1.09246e-13
3 -1.88294e-13
18278 3
1 1.37668e-13
2 -9.50351e-14
3 -2.20268e-13
18280 3
1 1.23457e-13
2 -1.43885e-13
3 -2.39808e-13
18282 3
1 1.16351e-13
2 -1.10134e-13
3 -2.12275e-13
18284 3
1 1.34115e-13
2 -1.23457e-13
3 -2.16716e-13
18286 3
1 1.14575e-13
2 -1.13687e-13
3 -1.9007e-13
18288 3
1 1.13687e-13
2 -1.25233e-13
3 -2.07834e-13
18290 3
1 1.12799e-13
2 -1.47438e-13
3 -2.4869e-13
18292 3
1 1.15463e-13
2 -1.27898e-13
3 -2.07834e-13
18294 3
1 1.36779e-13
2 -1.32339e-13
3 -1.98064e-13
18296 3
1 1.14575e-13
2 -1.1724e-13
3 -2.26485e-13
18298 3
1 1.42997e-13
2 -1.16351e-13
3 -2.08722e-13
18300 3
1 1.25233e-13
2 -1.15463e-13
3 -2.30038e-13
18302 3
1 1.32339e-13
2 -1.1724e-13
3 -1.75859e-13
18304 3
1 1.1191e-13
2 -1.36779e-13
3 -2.07834e-13
18306 3
1 1.19904e-13
2 -1.1191e-13
3 -2.0961e-13
18308 3
1 1.16351e-13
2 -1.4122e-13
3 -2.1938e-13
18310 3
1 1.10134e-13
2 -1.26121e-13
3 -2.00728e-13
18312 3
1 1.27898e-13
2 -1.15463e-13
3 -1.98952e-13
18314 3
1 1.37668e-13
2 -1.11022e-13
3 -1.79412e-13
18316 3
1 1.22569e-13
2 -1.34115e-13
3 -2.23821e-13
18318 3
1 1.03029e-13
2 -1.3145e-13
3 -2.01617e-13
18320 3
1 1.04805e-13
2 -1.18128e-13
3 -2.12275e-13
18322 3
1 1.34115e-13
2 -1.47438e-13
3 -2.01617e-13
18324 3
1 1.19904e-13
2 -1.61648e-13
3 -2.06057e-13
18326 3
1 1.33227e-13
2 -1.49214e-13
3 -2.06946e-13
18328 3
1 1.1191e-13
2 -1.38556e-13
3 -2.25597e-13
18330 3
1 1.32339e-13
2 -1.53655e-13
3 -1.98952e-13
18332 3
1 1.22569e-13
2 -1.49214e-13
3 -2.14051e-13
18334 3
1 1.37668e-13
2 -1.36779e-13
3 -1.97176e-13
18336 3
1 1.23457e-13
2 -1.43885e-13
3 -2.0961e-13
18338 3
1 1.08358e-13
2 -1.29674e-13
3 -1.75859e-13
18340 3
1 1.25233e-13
2 -1.45661e-13
3 -1.73195e-13
18342 3
1 1.00364e-13
2 -1.54543e-13
3 -2.04281e-13
18344 3
1 7.99361e-14
2 -1.26121e-13
3 -1.83853e-13
18346 3
1 9.14824e-14
2 -1.26121e-13
3 -1.90958e-13
18348 3
1 1.13687e-13
2 -1.25233e-13
3 -1.75859e-13
18350 3
1 1.02141e-13
2 -1.39444e-13
3 -1.92291e-13
18352 3
1 1.04805e-13
2 -1.34115e-13
3 -1.9984e-13
18354 3
1 9.68114e-14
2 -1.45661e-13
3 -1.77636e-13
18356 3
1 1.02141e-13
2 -1.20792e-13
3 -1.69198e-13
18358 3
1 1.19016e-13
2 -1.59872e-13
3 -1.73195e-13
18360 3
1 1.0747e-13
2 -1.35003e-13
3 -1.83853e-13
18362 3
1 1.12799e-13
2 -1.28786e-13
3 -2.04281e-13
18364 3
1 1.33227e-13
2 -1.44773e-13
3 -1.91847e-13
18366 3
1 1.02141e-13
2 -1.65201e-13
3 -2.18492e-13
18368 3
1 1.16351e-13
2 -1.33227e-13
3 -1.84741e-13
18370 3
1 1.35891e-13
2 -1.58096e-13
3 -2.04281e-13
18372 3
1 1.48326e-13
2 -1.6076e-13
3 -1.99396e-13
18374 3
1 1.33227e-13
2 -1.42997e-13
3 -2.15827e-13
18376 3
1 9.41469e-14
2 -1.20792e-13
3 -1.99396e-13
18378 3
1 1.12799e-13
2 -1.43885e-13
3 -1.89182e-13
18380 3
1 1.26121e-13
2 -1.63425e-13
3 -1.98508e-13
18382 3
1 1.03917e-13
2 -1.62537e-13
3 -1.8785e-13
18384 3
1 1.03029e-13
2 -1.54543e-13
3 -2.16716e-13
18386 3
1 1.18128e-13
2 -1.66089e-13
3 -2.00728e-13
18388 3
1 1.33227e-13
2 -1.42109e-13
3 -1.98952e-13
18390 3
1 1.35891e-13
2 -1.38556e-13
3 -1.82521e-13
18392 3
1 1.42109e-13
2 -1.53655e-13
3 -2.14051e-13
18394 3
1 1.39444e-13
2 -1.48326e-13
3 -1.93623e-13
18396 3
1 1.53655e-13
2 -1.45661e-13
3 -2.00728e-13
18398 3
1 1.11022e-13
2 -1.46549e-13
3 -2.02949e-13
18400 3
1 1.42109e-13
2 -1.33227e-13
3 -1.72307e-13
18402 3
1 1.2701e-13
2 -1.35003e-13
3 -2.19824e-13
18404 3
1 1.26121e-13
2 -1.42109e-13
3 -2.01617e-13
18406 3
1 1.45661e-13
2 -1.35003e-13
3 -1.85185e-13
18408 3
1 1.42997e-13
2 -1.65201e-13
3 -2.15827e-13
18410 3
1 1.22569e-13
2 -1.33227e-13
3 -1.87406e-13
18412 3
1 1.26121e-13
2 -1.42109e-13
3 -1.98952e-13
18414 3
1 1.14575e-13
2 -1.40332e-13
3 -1.90958e-13
18416 3
1 1.20792e-13
2 -1.39444e-13
3 -1.72751e-13
18418 3
1 1.12799e-13
2 -1.28786e-13
3 -2.01617e-13
18420 3
1 1.16351e-13
2 -1.56319e-13
3 -1.803e-13
18422 3
1 1.45661e-13
2 -1.48326e-13
3 -1.86962e-13
18424 3
1 1.33227e-13
2 -1.29674e-13
3 -1.78968e-13
18426 3
1 1.11022e-13
2 -1.3145e-13
3 -1.93623e-13
18428 3
1 1.11022e-13
2 -1.50102e-13
3 -1.94955e-13
18430 3
1 1.12799e-13
2 -1.32339e-13
3 -1.82521e-13
18432 3
1 1.05693e-13
2 -1.15463e-13
3 -2.0961e-13
18434 3
1 9.14824e-14
2 -1.27898e-13
3 -1.82077e-13
18436 3
1 1.09246e-13
2 -1.4122e-13
3 -1.9984e-13
18438 3
1 1.00364e-13
2 -1.19016e-13
3 -1.92735e-13
18440 3
1 1.01252e-13
2 -1.5099e-13
3 -1.98064e-13
18442 3
1 9.05942e-14
2 -1.30562e-13
3 -1.87406e-13
18444 3
1 9.23706e-14
2 -1.36779e-13
3 -1.92291e-13
18446 3
1 9.41469e-14
2 -1.24345e-13
3 -2.06057e-13
18448 3
1 9.50351e-14
2 -1.16351e-13
3 -2.11831e-13
18450 3
1 8.52651e-14
2 -1.30562e-13
3 -1.9007e-13
18452 3
1 5.86198e-14
2 -1.09246e-13
3 -1.95843e-13
18454 3
1 6.12843e-14
2 -1.35003e-13
3 -1.93623e-13
18456 3
1 7.81597e-14
2 -1.28786e-13
3 -1.93179e-13
18458 3
1 6.92779e-14
2 -1.26121e-13
3 -1.98952e-13
18460 3
1 8.43769e-14
2 -1.52767e-13
3 -1.84741e-13
18462 3
1 7.81597e-14
2 -1.26121e-13
3 -1.6076e-13
18464 3
1 1.11022e-13
2 -1.36779e-13
3 -1.90514e-13
18466 3
1 7.90479e-14
2 -1.47438e-13
3 -1.9762e-13
18468 3
1 7.54952e-14
2 -1.52767e-13
3 -1.86517e-13
18470 3
1 8.34888e-14
2 -1.58096e-13
3 -1.71418e-13
18472 3
1 8.08242e-14
2 -1.28786e-13
3 -2.13163e-13
18474 3
1 1.01252e-13
2 -1.57208e-13
3 -1.82965e-13
18476 3
1 8.61533e-14
2 -1.4122e-13
3 -1.97176e-13
18478 3
1 8.26006e-14
2 -1.51879e-13
3 -1.77636e-13
18480 3
1 6.57252e-14
2 -1.52767e-13
3 -1.75859e-13
18482 3
1 7.72715e-14
2 -1.51879e-13
3 -1.87406e-13
18484 3
1 5.50671e-14
2 -1.51879e-13
3 -1.9007e-13
18486 3
1 9.32587e-14
2 -1.63425e-13
3 -1.86517e-13
18488 3
1 6.4837e-14
2 -1.46549e-13
3 -1.82077e-13
18490 3
1 5.77316e-14
2 -1.27898e-13
3 -2.06057e-13
18492 3
1 8.43769e-14
2 -1.20792e-13
3 -1.66533e-13
18494 3
1 1.04805e-13
2 -1.42997e-13
3 -1.96287e-13
18496 3
1 8.08242e-14
2 -1.40332e-13
3 -1.87406e-13
18498 3
1 7.81597e-14
2 -1.38556e-13
3 -2.03393e-13
18500 3
1 7.01661e-14
2 -1.42109e-13
3 -1.86073e-13
18502 3
1 8.79297e-14
2 -1.4122e-13
3 -1.97176e-13
18504 3
1 7.19425e-14
2 -1.42109e-13
3 -2.16716e-13
18506 3
1 7.37188e-14
2 -1.42109e-13
3 -1.74083e-13
18508 3
1 8.88178e-14
2 -1.52767e-13
3 -1.85185e-13
18510 3
1 8.17124e-14
2 -1.52767e-13
3 -2.10942e-13
18512 3
1 8.61533e-14
2 -1.25233e-13
3 -1.8785e-13
18514 3
1 9.59233e-14
2 -1.32339e-13
3 -1.6831e-13
18516 3
1 5.50671e-14
2 -1.58984e-13
3 -1.90958e-13
18518 3
1 6.66134e-14
2 -1.38556e-13
3 -1.803e-13
18520 3
1 7.72715e-14
2 -1.44773e-13
3 -1.88738e-13
18522 3
1 9.59233e-14
2 -1.49214e-13
3 -1.91847e-13
18524 3
1 1.04805e-13
2 -1.68754e-13
3 -2.06057e-13
18526 3
1 8.17124e-14
2 -1.3145e-13
3 -2.08278e-13
18528 3
1 6.92779e-14
2 -1.78524e-13
3 -1.95399e-13
18530 3
1 6.75016e-14
2 -1.59872e-13
3 -1.87406e-13
18532 3
1 7.28306e-14
2 -1.54543e-13
3 -2.03837e-13
18534 3
1 6.75016e-14
2 -1.52767e-13
3 -1.95399e-13
18536 3
1 6.66134e-14
2 -1.61648e-13
3 -1.86517e-13
18538 3
1 6.30607e-14
2 -1.82965e-13
3 -2.00728e-13
18540 3
1 6.4837e-14
2 -1.5099e-13
3 -1.95843e-13
18542 3
1 5.9508e-14
2 -1.53655e-13
3 -1.91402e-13
18544 3
1 8.17124e-14
2 -1.49214e-13
3 -2.03393e-13
18546 3
1 5.9508e-14
2 -1.66089e-13
3 -1.94511e-13
18548 3
1 4.79616e-14
2 -1.77636e-13
3 -1.73195e-13
18550 3
1 7.72715e-14
2 -1.82965e-13
3 -1.803e-13
18552 3
1 6.03961e-14
2 -1.42109e-13
3 -1.78968e-13
18554 3
1 6.12843e-14
2 -1.82965e-13
3 -1.78968e-13
18556 3
1 5.24025e-14
2 -1.39444e-13
3 -1.97176e-13
18558 3
1 5.06262e-14
2 -1.72307e-13
3 -1.47882e-13
18560 3
1 6.21725e-14
2 -1.76748e-13
3 -1.77636e-13
18562 3
1 5.06262e-14
2 -1.46549e-13
3 -1.72307e-13
18564 3
1 4.08562e-14
2 -1.7053e-13
3 -1.72307e-13
18566 3
1 5.86198e-14
2 -1.55431e-13
3 -1.95843e-13
18568 3
1 5.41789e-14
2 -1.77636e-13
3 -1.69642e-13
18570 3
1 3.9968e-14
2 -1.63425e-13
3 -1.49658e-13
18572 3
1 3.73035e-14
2 -1.66978e-13
3 -1.98952e-13
18574 3
1 6.92779e-14
2 -1.35003e-13
3 -1.7808e-13
18576 3
1 6.57252e-14
2 -1.57208e-13
3 -1.72751e-13
18578 3
1 4.79616e-14
2 -1.58096e-13
3 -1.89182e-13
18580 3
1 6.30607e-14
2 -1.81188e-13
3 -1.79412e-13
18582 3
1 6.57252e-14
2 -1.63425e-13
3 -1.74083e-13
18584 3
1 6.39488e-14
2 -1.91847e-13
3 -1.79412e-13
18586 3
1 4.61853e-14
2 -1.51879e-13
3 -1.7053e-13
18588 3
1 6.75016e-14
2 -1.7053e-13
3 -1.66089e-13
18590 3
1 5.9508e-14
2 -1.63425e-13
3 -1.69198e-13
18592 3
1 6.83897e-14
2 -1.78524e-13
3 -1.81632e-13
18594 3
1 7.81597e-14
2 -1.38556e-13
3 -1.44329e-13
18596 3
1 5.77316e-14
2 -1.85629e-13
3 -1.82077e-13
18598 3
1 3.9968e-14
2 -1.61648e-13
3 -1.76748e-13
18600 3
1 3.37508e-14
2 -1.82077e-13
3 -1.52323e-13
18602 3
1 6.66134e-14
2 -1.68754e-13
3 -1.73195e-13
18604 3
1 6.92779e-14
2 -1.7053e-13
3 -1.96732e-13
18606 3
1 3.64153e-14
2 -1.74083e-13
3 -1.76303e-13
18608 3
1 5.06262e-14
2 -1.79412e-13
3 -1.76748e-13
18610 3
1 4.9738e-14
2 -1.72307e-13
3 -2.00284e-13
18612 3
1 5.77316e-14
2 -1.73195e-13
3 -1.81188e-13
18614 3
1 4.79616e-14
2 -1.61648e-13
3 -2.02949e-13
18616 3
1 5.77316e-14
2 -1.63425e-13
3 -1.9984e-13
18618 3
1 4.44089e-14
2 -1.63425e-13
3 -1.90958e-13
18620 3
1 7.28306e-14
2 -1.77636e-13
3 -1.93623e-13
18622 3
1 6.21725e-14
2 -1.64313e-13
3 -1.9007e-13
18624 3
1 3.64153e-14
2 -1.87406e-13
3 -2.01617e-13
18626 3
1 6.75016e-14
2 -1.83853e-13
3 -1.8785e-13
18628 3
1 6.39488e-14
2 -1.84741e-13
3 -1.69198e-13
18630 3
1 6.21725e-14
2 -1.82965e-13
3 -1.78968e-13
18632 3
1 7.4607e-14
2 -1.93623e-13
3 -1.65201e-13
18634 3
1 6.03961e-14
2 -1.53655e-13
3 -1.66089e-13
18636 3
1 6.39488e-14
2 -1.75859e-13
3 -1.76748e-13
18638 3
1 6.4837e-14
2 -1.78524e-13
3 -1.84741e-13
18640 3
1 6.75016e-14
2 -1.72307e-13
3 -1.82077e-13
18642 3
1 5.32907e-14
2 -1.7053e-13
3 -1.71418e-13
18644 3
1 7.01661e-14
2 -1.88294e-13
3 -1.86073e-13
18646 3
1 6.75016e-14
2 -1.77636e-13
3 -1.73195e-13
18648 3
1 6.57252e-14
2 -1.72307e-13
3 -1.70086e-13
18650 3
1 5.06262e-14
2 -1.67866e-13
3 -1.9007e-13
18652 3
1 7.19425e-14
2 -1.77636e-13
3 -1.78524e-13
18654 3
1 4.4853e-14
2 -1.75859e-13
3 -1.6831e-13
18656 3
1 6.12843e-14
2 -1.54543e-13
3 -1.71863e-13
18658 3
1 4.92939e-14
2 -1.79412e-13
3 -1.74527e-13
18660 3
1 3.77476e-14
2 -1.78524e-13
3 -1.84741e-13
18662 3
1 5.9508e-14
2 -1.48326e-13
3 -1.49214e-13
18664 3
1 2.75335e-14
2 -1.53655e-13
3 -1.70086e-13
18666 3
1 5.28466e-14
2 -1.58096e-13
3 -1.58096e-13
18668 3
1 5.15143e-14
2 -1.49214e-13
3 -1.90514e-13
18670 3
1 5.37348e-14
2 -1.57208e-13
3 -1.76303e-13
18672 3
1 4.88498e-14
2 -1.71418e-13
3 -1.6831e-13
18674 3
1 5.68434e-14
2 -1.52767e-13
3 -1.87406e-13
18676 3
1 3.01981e-14
2 -1.49214e-13
3 -1.84741e-13
18678 3
1 7.06102e-14
2 -1.48326e-13
3 -1.75415e-13
18680 3
1 6.39488e-14
2 -1.46549e-13
3 -1.96287e-13
18682 3
1 2.53131e-14
2 -1.57208e-13
3 -1.58096e-13
18684 3
1 6.21725e-14
2 -1.54543e-13
3 -1.92735e-13
18686 3
1 5.81757e-14
2 -1.68754e-13
3 -1.89182e-13
18688 3
1 4.88498e-14
2 -1.57208e-13
3 -1.68754e-13
18690 3
1 4.52971e-14
2 -1.33227e-13
3 -1.74083e-13
18692 3
1 4.04121e-14
2 -1.61648e-13
3 -1.74971e-13
18694 3
1 5.32907e-14
2 -1.54543e-13
3 -1.71863e-13
18696 3
1 6.92779e-14
2 -1.65201e-13
3 -2.07834e-13
18698 3
1 3.4639e-14
2 -1.35891e-13
3 -1.78524e-13
18700 3
1 3.68594e-14
2 -1.45661e-13
3 -1.72751e-13
18702 3
1 5.63993e-14
2 -1.51879e-13
3 -2.00284e-13
18704 3
1 6.03961e-14
2 -1.58984e-13
3 -1.53655e-13
18706 3
1 4.66294e-14
2 -1.49214e-13
3 -1.82521e-13
18708 3
1 5.81757e-14
2 -1.52767e-13
3 -1.93623e-13
18710 3
1 5.72875e-14
2 -1.42997e-13
3 -1.80744e-13
18712 3
1 4.75175e-14
2 -1.37668e-13
3 -1.76748e-13
18714 3
1 3.55271e-14
2 -1.66089e-13
3 -1.92291e-13
18716 3
1 6.75016e-14
2 -1.45661e-13
3 -1.89182e-13
18718 3
1 5.01821e-14
2 -1.74083e-13
3 -2.00728e-13
18720 3
1 3.37508e-14
2 -1.34115e-13
3 -1.76303e-13
18722 3
1 6.08402e-14
2 -1.5099e-13
3 -1.92735e-13
18724 3
1 3.28626e-14
2 -1.5099e-13
3 -1.71863e-13
18726 3
1 3.41949e-14
2 -1.59872e-13
3 -1.90514e-13
18728 3
1 5.28466e-14
2 -1.52767e-13
3 -1.60316e-13
18730 3
1 5.50671e-14
2 -1.94511e-13
3 -1.66533e-13
18732 3
1 5.06262e-14
2 -1.74971e-13
3 -1.71863e-13
18734 3
1 5.86198e-14
2 -1.35003e-13
3 -2.02505e-13
18736 3
1 6.92779e-14
2 -1.55431e-13
3 -1.88294e-13
18738 3
1 4.66294e-14
2 -1.7053e-13
3 -1.99396e-13
18740 3
1 4.79616e-14
2 -1.65201e-13
3 -1.72751e-13
18742 3
1 6.03961e-14
2 -1.48326e-13
3 -1.75859e-13
18744 3
1 6.17284e-14
2 -1.72307e-13
3 -1.74527e-13
18746 3
1 6.61693e-14
2 -1.71418e-13
3 -1.89626e-13
18748 3
1 5.10703e-14
2 -1.5099e-13
3 -1.76748e-13
18750 3
1 5.50671e-14
2 -1.74083e-13
3 -1.58096e-13
18752 3
1 4.75175e-14
2 -1.53655e-13
3 -1.9007e-13
18754 3
1 1.86517e-14
2 -1.72307e-13
3 -1.65201e-13
18756 3
1 6.57252e-14
2 -1.61648e-13
3 -1.73195e-13
18758 3
1 6.79456e-14
2 -1.65201e-13
3 -1.91847e-13
18760 3
1 5.86198e-14
2 -1.56319e-13
3 -1.803e-13
18762 3
1 8.17124e-14
2 -1.98064e-13
3 -2.11386e-13
18764 3
1 6.4837e-14
2 -1.77636e-13
3 -2.02061e-13
18766 3
1 5.68434e-14
2 -1.75859e-13
3 -1.9762e-13
18768 3
1 6.30607e-14
2 -1.45661e-13
3 -1.81188e-13
18770 3
1 5.90639e-14
2 -1.54543e-13
3 -1.61648e-13
18772 3
1 5.32907e-14
2 -1.55431e-13
3 -1.51879e-13
18774 3
1 7.59393e-14
2 -1.68754e-13
3 -1.98064e-13
18776 3
1 9.41469e-14
2 -1.56319e-13
3 -1.83853e-13
18778 3
1 6.4837e-14
2 -1.66089e-13
3 -1.9007e-13
18780 3
1 4.44089e-14
2 -1.44773e-13
3 -1.77192e-13
18782 3
1 8.34888e-14
2 -1.7053e-13
3 -1.83853e-13
18784 3
1 5.55112e-14
2 -1.54543e-13
3 -1.82965e-13
18786 3
1 4.92939e-14
2 -1.53655e-13
3 -1.88294e-13
18788 3
1 5.41789e-14
2 -1.44773e-13
3 -1.84741e-13
18790 3
1 3.68594e-14
2 -1.46549e-13
3 -1.9984e-13
18792 3
1 5.10703e-14
2 -1.59872e-13
3 -1.92735e-13
18794 3
1 4.92939e-14
2 -1.61648e-13
3 -1.9762e-13
18796 3
1 6.08402e-14
2 -1.79412e-13
3 -1.9762e-13
18798 3
1 6.08402e-14
2 -1.73195e-13
3 -1.85629e-13
18800 3
1 7.23865e-14
2 -1.46549e-13
3 -1.63869e-13
18802 3
1 4.92939e-14
2 -1.63425e-13
3 -1.75415e-13
18804 3
1 6.43929e-14
2 -1.64313e-13
3 -1.78524e-13
18806 3
1 6.30607e-14
2 -1.75859e-13
3 -1.90958e-13
18808 3
1 5.86198e-14
2 -1.74971e-13
3 -1.68754e-13
18810 3
1 6.39488e-14
2 -1.53655e-13
3 -1.99396e-13
18812 3
1 6.26166e-14
2 -1.71418e-13
3 -1.9762e-13
18814 3
1 6.43929e-14
2 -1.71418e-13
3 -1.90958e-13
18816 3
1 7.50511e-14
2 -1.92735e-13
3 -2.04281e-13
18818 3
1 7.37188e-14
2 -1.83853e-13
3 -1.81188e-13
18820 3
1 7.81597e-14
2 -1.84741e-13
3 -1.83409e-13
18822 3
1 4.9738e-14
2 -1.78524e-13
3 -1.92291e-13
18824 3
1 7.19425e-14
2 -1.59872e-13
3 -1.63425e-13
18826 3
1 4.66294e-14
2 -1.74971e-13
3 -1.94511e-13
18828 3
1 5.59552e-14
2 -1.75859e-13
3 -1.88294e-13
18830 3
1 5.28466e-14
2 -1.59872e-13
3 -1.84741e-13
18832 3
1 5.4623e-14
2 -1.82965e-13
3 -1.89182e-13
18834 3
1 4.57412e-14
2 -1.83853e-13
3 -1.96732e-13
18836 3
1 7.54952e-14
2 -1.66089e-13
3 -2.08722e-13
18838 3
1 6.26166e-14
2 -1.7053e-13
3 -1.81188e-13
18840 3
1 6.35048e-14
2 -1.77636e-13
3 -1.68754e-13
18842 3
1 6.12843e-14
2 -1.75859e-13
3 -1.85185e-13
18844 3
1 6.92779e-14
2 -1.62537e-13
3 -1.97176e-13
18846 3
1 6.39488e-14
2 -1.66089e-13
3 -1.77192e-13
18848 3
1 7.37188e-14
2 -1.77636e-13
3 -2.02505e-13
18850 3
1 6.9722e-14
2 -1.66089e-13
3 -1.85185e-13
18852 3
1 7.90479e-14
2 -1.97176e-13
3 -2.12275e-13
18854 3
1 7.4607e-14
2 -1.79412e-13
3 -1.87406e-13
18856 3
1 8.65974e-14
2 -1.9007e-13
3 -1.98952e-13
18858 3
1 6.30607e-14
2 -1.74971e-13
3 -1.96287e-13
18860 3
1 8.26006e-14
2 -1.71418e-13
3 -1.82077e-13
18862 3
1 8.12683e-14
2 -1.62537e-13
3 -1.90958e-13
18864 3
1 7.06102e-14
2 -1.803e-13
3 -1.79412e-13
18866 3
1 9.9476e-14
2 -1.66978e-13
3 -2.02505e-13
18868 3
1 8.12683e-14
2 -1.74971e-13
3 -2.06946e-13
18870 3
1 6.92779e-14
2 -1.65201e-13
3 -2.04725e-13
18872 3
1 7.99361e-14
2 -1.73195e-13
3 -2.06501e-13
18874 3
1 8.30447e-14
2 -1.91847e-13
3 -1.94067e-13
18876 3
1 8.74856e-14
2 -1.93623e-13
3 -2.13163e-13
18878 3
1 7.37188e-14
2 -1.67866e-13
3 -1.86073e-13
18880 3
1 7.10543e-14
2 -1.86517e-13
3 -1.99396e-13
18882 3
1 9.23706e-14
2 -1.73195e-13
3 -1.96287e-13
18884 3
1 8.08242e-14
2 -1.55431e-13
3 -1.75859e-13
18886 3
1 5.59552e-14
2 -1.85629e-13
3 -1.72751e-13
18888 3
1 5.59552e-14
2 -1.81188e-13
3 -2.02061e-13
18890 3
1 7.37188e-14
2 -1.81188e-13
3 -1.80744e-13
18892 3
1 6.39488e-14
2 -2.04281e-13
3 -1.803e-13
18894 3
1 6.17284e-14
2 -1.78524e-13
3 -1.88738e-13
18896 3
1 8.79297e-14
2 -1.98952e-13
3 -1.74083e-13
18898 3
1 8.08242e-14
2 -1.92735e-13
3 -1.67866e-13
18900 3
1 8.21565e-14
2 -1.803e-13
3 -1.81188e-13
18902 3
1 6.21725e-14
2 -1.7053e-13
3 -2.16271e-13
18904 3
1 1.01696e-13
2 -1.85629e-13
3 -1.81188e-13
18906 3
1 6.39488e-14
2 -1.98064e-13
3 -1.98508e-13
18908 3
1 8.9706e-14
2 -1.9007e-13
3 -2.08278e-13
18910 3
1 6.75016e-14
2 -2.02505e-13
3 -1.71418e-13
18912 3
1 8.34888e-14
2 -1.66978e-13
3 -1.7053e-13
18914 3
1 7.28306e-14
2 -1.79412e-13
3 -1.87406e-13
18916 3
1 7.32747e-14
2 -1.89182e-13
3 -1.68754e-13
18918 3
1 6.66134e-14
2 -2.22933e-13
3 -2.0739e-13
18920 3
1 6.66134e-14
2 -1.54543e-13
3 -1.86962e-13
18922 3
1 8.34888e-14
2 -1.9007e-13
3 -1.9007e-13
18924 3
1 7.63833e-14
2 -1.68754e-13
3 -1.9984e-13
18926 3
1 6.83897e-14
2 -1.78524e-13
3 -1.98952e-13
18928 3
1 8.79297e-14
2 -2.04281e-13
3 -2.0961e-13
18930 3
1 7.28306e-14
2 -1.93623e-13
3 -1.94955e-13
18932 3
1 8.9706e-14
2 -1.7053e-13
3 -1.77636e-13
18934 3
1 7.37188e-14
2 -2.08722e-13
3 -1.63425e-13
18936 3
1 9.23706e-14
2 -1.92735e-13
3 -1.77636e-13
18938 3
1 8.79297e-14
2 -1.84741e-13
3 -1.97176e-13
18940 3
1 5.9508e-14
2 -1.74083e-13
3 -1.94955e-13
18942 3
1 8.34888e-14
2 -2.08722e-13
3 -1.88294e-13
18944 3
1 5.59552e-14
2 -1.79412e-13
3 -1.87406e-13
18946 3
1 9.14824e-14
2 -1.91847e-13
3 -2.20712e-13
18948 3
1 6.75016e-14
2 -1.92735e-13
3 -1.62537e-13
18950 3
1 6.92779e-14
2 -1.96287e-13
3 -1.82965e-13
18952 3
1 6.66134e-14
2 -1.74971e-13
3 -1.74971e-13
18954 3
1 6.83897e-14
2 -2.0961e-13
3 -1.71418e-13
18956 3
1 9.85878e-14
2 -1.86517e-13
3 -1.42997e-13
18958 3
1 8.61533e-14
2 -1.803e-13
3 -1.73195e-13
18960 3
1 7.19425e-14
2 -1.76748e-13
3 -2.17604e-13
18962 3
1 8.26006e-14
2 -1.64313e-13
3 -1.803e-13
18964 3
1 7.90479e-14
2 -1.81188e-13
3 -1.50102e-13
18966 3
1 8.43769e-14
2 -1.97176e-13
3 -1.77192e-13
18968 3
1 9.50351e-14
2 -1.90958e-13
3 -1.79856e-13
18970 3
1 7.4607e-14
2 -1.73195e-13
3 -1.77636e-13
18972 3
1 9.23706e-14
2 -1.74083e-13
3 -1.64313e-13
18974 3
1 7.72715e-14
2 -1.78524e-13
3 -1.65201e-13
18976 3
1 7.90479e-14
2 -1.803e-13
3 -1.7808e-13
18978 3
1 8.88178e-14
2 -2.08722e-13
3 -1.56763e-13
18980 3
1 9.41469e-14
2 -1.74083e-13
3 -1.73195e-13
18982 3
1 8.34888e-14
2 -2.08722e-13
3 -1.5099e-13
18984 3
1 7.99361e-14
2 -1.78524e-13
3 -1.53655e-13
18986 3
1 8.79297e-14
2 -1.7053e-13
3 -1.67422e-13
18988 3
1 6.66134e-14
2 -1.89182e-13
3 -1.56319e-13
18990 3
1 5.59552e-14
2 -1.71418e-13
3 -1.73195e-13
18992 3
1 5.77316e-14
2 -1.86517e-13
3 -1.87406e-13
18994 3
1 7.72715e-14
2 -1.78524e-13
3 -1.66978e-13
18996 3
1 6.57252e-14
2 -1.58096e-13
3 -1.65645e-13
18998 3
1 7.10543e-14
2 -1.51879e-13
3 -1.60316e-13
19000 3
1 6.39488e-14
2 -1.69642e-13
3 -1.49214e-13
19002 3
1 8.79297e-14
2 -1.33227e-13
3 -1.63869e-13
19004 3
1 6.12843e-14
2 -1.95399e-13
3 -1.65201e-13
19006 3
1 9.32587e-14
2 -1.69642e-13
3 -1.30562e-13
19008 3
1 7.81597e-14
2 -1.59872e-13
3 -1.25233e-13
19010 3
1 7.01661e-14
2 -1.85629e-13
3 -1.44773e-13
19012 3
1 9.05942e-14
2 -1.58984e-13
3 -1.47438e-13
19014 3
1 6.75016e-14
2 -1.72307e-13
3 -1.39888e-13
19016 3
1 8.43769e-14
2 -1.82077e-13
3 -1.57208e-13
19018 3
1 7.81597e-14
2 -1.76748e-13
3 -1.54543e-13
19020 3
1 7.72715e-14
2 -1.75859e-13
3 -1.46994e-13
19022 3
1 8.08242e-14
2 -1.72307e-13
3 -1.39e-13
19024 3
1 7.28306e-14
2 -1.71418e-13
3 -1.29674e-13
19026 3
1 9.05942e-14
2 -1.45661e-13
3 -1.50102e-13
19028 3
1 8.52651e-14
2 -1.74971e-13
3 -1.59872e-13
19030 3
1 7.99361e-14
2 -1.5099e-13
3 -1.39e-13
19032 3
1 9.32587e-14
2 -1.54543e-13
3 -1.30118e-13
19034 3
1 5.77316e-14
2 -1.74083e-13
3 -1.19904e-13
19036 3
1 7.63833e-14
2 -1.79412e-13
3 -1.54543e-13
19038 3
1 7.10543e-14
2 -1.84741e-13
3 -1.52767e-13
19040 3
1 5.68434e-14
2 -1.77636e-13
3 -1.45661e-13
19042 3
1 6.57252e-14
2 -1.61648e-13
3 -1.29674e-13
19044 3
1 7.10543e-14
2 -1.7053e-13
3 -1.09246e-13
19046 3
1 9.14824e-14
2 -1.73195e-13
3 -1.20792e-13
19048 3
1 7.01661e-14
2 -1.7053e-13
3 -1.38556e-13
19050 3
1 5.9508e-14
2 -1.803e-13
3 -1.38556e-13
19052 3
1 7.81597e-14
2 -2.01617e-13
3 -1.36779e-13
19054 3
1 7.4607e-14
2 -1.63425e-13
3 -1.46549e-13
19056 3
1 1.06581e-13
2 -1.803e-13
3 -1.27454e-13
19058 3
1 7.37188e-14
2 -1.97176e-13
3 -1.30118e-13
19060 3
1 8.17124e-14
2 -1.82077e-13
3 -1.19904e-13
19062 3
1 8.79297e-14
2 -1.94511e-13
3 -1.2168e-13
19064 3
1 7.01661e-14
2 -2.13163e-13
3 -1.25233e-13
19066 3
1 8.79297e-14
2 -1.54543e-13
3 -1.30562e-13
19068 3
1 7.37188e-14
2 -1.98952e-13
3 -1.33227e-13
19070 3
1 7.99361e-14
2 -1.98952e-13
3 -1.15019e-13
19072 3
1 5.50671e-14
2 -1.98064e-13
3 -1.40332e-13
19074 3
1 6.12843e-14
2 -1.9007e-13
3 -1.35447e-13
19076 3
1 8.61533e-14
2 -1.66978e-13
3 -1.22569e-13
19078 3
1 6.12843e-14
2 -1.79412e-13
3 -1.42109e-13
19080 3
1 7.63833e-14
2 -1.59872e-13
3 -1.35447e-13
19082 3
1 5.41789e-14
2 -1.803e-13
3 -1.36335e-13
19084 3
1 5.41789e-14
2 -1.78524e-13
3 -1.23013e-13
19086 3
1 8.26006e-14
2 -1.84741e-13
3 -1.49214e-13
19088 3
1 3.90799e-14
2 -1.6076e-13
3 -1.26121e-13
19090 3
1 7.19425e-14
2 -1.77636e-13
3 -1.32339e-13
19092 3
1 7.4607e-14
2 -1.92735e-13
3 -1.4122e-13
19094 3
1 9.59233e-14
2 -1.66978e-13
3 -1.81632e-13
19096 3
1 6.21725e-14
2 -1.803e-13
3 -1.28342e-13
19098 3
1 6.30607e-14
2 -1.79412e-13
3 -1.59428e-13
19100 3
1 8.17124e-14
2 -1.87406e-13
3 -1.37224e-13
19102 3
1 5.86198e-14
2 -1.77636e-13
3 -1.51434e-13
19104 3
1 7.63833e-14
2 -1.93623e-13
3 -1.74083e-13
19106 3
1 5.86198e-14
2 -1.74971e-13
3 -1.25233e-13
19108 3
1 8.34888e-14
2 -1.54543e-13
3 -1.43885e-13
19110 3
1 6.57252e-14
2 -2.00728e-13
3 -1.28786e-13
19112 3
1 7.28306e-14
2 -1.85629e-13
3 -1.32339e-13
19114 3
1 6.75016e-14
2 -1.97176e-13
3 -1.0969e-13
19116 3
1 6.83897e-14
2 -1.77636e-13
3 -1.38556e-13
19118 3
1 5.86198e-14
2 -1.9007e-13
3 -1.45661e-13
19120 3
1 5.9508e-14
2 -1.74971e-13
3 -1.46105e-13
19122 3
1 5.24025e-14
2 -1.74083e-13
3 -1.5099e-13
19124 3
1 6.4837e-14
2 -1.82965e-13
3 -1.3145e-13
19126 3
1 5.06262e-14
2 -1.9007e-13
3 -1.2168e-13
19128 3
1 5.68434e-14
2 -1.90958e-13
3 -1.32339e-13
19130 3
1 4.17444e-14
2 -1.87406e-13
3 -1.25677e-13
19132 3
1 3.9968e-14
2 -1.75859e-13
3 -1.22569e-13
19134 3
1 4.44089e-14
2 -1.79412e-13
3 -1.00364e-13
19136 3
1 4.70735e-14
2 -1.49214e-13
3 -1.28342e-13
19138 3
1 4.08562e-14
2 -2.08722e-13
3 -1.00364e-13
19140 3
1 4.26326e-14
2 -1.92735e-13
3 -1.17684e-13
19142 3
1 4.08562e-14
2 -1.95399e-13
3 -1.10134e-13
19144 3
1 3.9968e-14
2 -1.75859e-13
3 -1.43885e-13
19146 3
1 5.41789e-14
2 -1.74971e-13
3 -1.40332e-13
19148 3
1 4.9738e-14
2 -1.97176e-13
3 -1.37668e-13
19150 3
1 4.61853e-14
2 -1.81188e-13
3 -1.15019e-13
19152 3
1 4.35207e-14
2 -1.95399e-13
3 -1.34115e-13
19154 3
1 6.4837e-14
2 -1.65201e-13
3 -1.30118e-13
19156 3
1 4.52971e-14
2 -1.82965e-13
3 -1.28342e-13
19158 3
1 4.35207e-14
2 -1.69642e-13
3 -1.1724e-13
19160 3
1 1.95399e-14
2 -1.71418e-13
3 -1.24345e-13
19162 3
1 4.52971e-14
2 -1.79412e-13
3 -1.50546e-13
19164 3
1 4.70735e-14
2 -1.81188e-13
3 -1.1191e-13
19166 3
1 2.13163e-14
2 -1.79412e-13
3 -1.44773e-13
19168 3
1 3.28626e-14
2 -1.58984e-13
3 -1.23457e-13
19170 3
1 4.26326e-14
2 -1.63425e-13
3 -1.17684e-13
19172 3
1 4.44089e-14
2 -1.67866e-13
3 -1.39444e-13
19174 3
1 2.04281e-14
2 -1.94511e-13
3 -1.25233e-13
19176 3
1 -7.10543e-15
2 -1.73195e-13
3 -1.5099e-13
19178 3
1 1.59872e-14
2 -1.97176e-13
3 -1.24345e-13
19180 3
1 5.50671e-14
2 -1.63425e-13
3 -1.44773e-13
19182 3
1 1.24345e-14
2 -2.05169e-13
3 -1.66533e-13
19184 3
1 5.59552e-14
2 -1.7053e-13
3 -1.55875e-13
19186 3
1 4.08562e-14
2 -1.89182e-13
3 -1.44329e-13
19188 3
1 6.03961e-14
2 -1.95399e-13
3 -1.24789e-13
19190 3
1 5.77316e-14
2 -1.69642e-13
3 -1.31894e-13
19192 3
1 4.88498e-14
2 -1.58096e-13
3 -1.43885e-13
19194 3
1 3.55271e-14
2 -1.97176e-13
3 -1.35447e-13
19196 3
1 4.9738e-14
2 -1.93623e-13
3 -1.2923e-13
19198 3
1 4.52971e-14
2 -1.87406e-13
3 -1.42109e-13
19200 3
1 3.01981e-14
2 -2.17604e-13
3 -1.50102e-13
19202 3
1 2.66454e-14
2 -1.90958e-13
3 -1.73639e-13
19204 3
1 3.10862e-14
2 -1.79412e-13
3 -1.54099e-13
19206 3
1 4.08562e-14
2 -1.74083e-13
3 -1.54099e-13
19208 3
1 4.79616e-14
2 -1.82077e-13
3 -1.2923e-13
19210 3
1 4.26326e-14
2 -2.06946e-13
3 -1.59872e-13
19212 3
1 5.06262e-14
2 -1.803e-13
3 -1.78968e-13
19214 3
1 5.50671e-14
2 -1.75859e-13
3 -1.57208e-13
19216 3
1 5.59552e-14
2 -1.63425e-13
3 -1.57652e-13
19218 3
1 6.30607e-14
2 -1.71418e-13
3 -1.42109e-13
19220 3
1 5.59552e-14
2 -1.61648e-13
3 -1.67866e-13
19222 3
1 6.57252e-14
2 -1.88294e-13
3 -1.65645e-13
19224 3
1 6.03961e-14
2 -1.7053e-13
3 -1.63425e-13
19226 3
1 5.77316e-14
2 -1.88294e-13
3 -1.64313e-13
19228 3
1 4.17444e-14
2 -1.82965e-13
3 -1.51434e-13
19230 3
1 6.92779e-14
2 -1.82965e-13
3 -1.44329e-13
19232 3
1 7.28306e-14
2 -1.74083e-13
3 -1.56763e-13
19234 3
1 6.66134e-14
2 -1.76748e-13
3 -1.50546e-13
19236 3
1 5.59552e-14
2 -1.9984e-13
3 -1.64757e-13
19238 3
1 4.52971e-14
2 -1.88294e-13
3 -1.70086e-13
19240 3
1 4.08562e-14
2 -2.01617e-13
3 -1.67866e-13
19242 3
1 4.52971e-14
2 -1.9007e-13
3 -1.76303e-13
19244 3
1 5.24025e-14
2 -1.9007e-13
3 -1.34115e-13
19246 3
1 6.75016e-14
2 -1.79412e-13
3 -1.74083e-13
19248 3
1 3.28626e-14
2 -1.62537e-13
3 -1.53655e-13
19250 3
1 4.52971e-14
2 -1.89182e-13
3 -1.76748e-13
19252 3
1 4.08562e-14
2 -1.65201e-13
3 -1.59428e-13
19254 3
1 2.22045e-14
2 -1.89182e-13
3 -1.59872e-13
19256 3
1 2.93099e-14
2 -1.91847e-13
3 -1.69642e-13
19258 3
1 5.32907e-14
2 -1.9007e-13
3 -1.71863e-13
19260 3
1 3.73035e-14
2 -1.9984e-13
3 -1.84297e-13
19262 3
1 2.04281e-14
2 -2.03393e-13
3 -1.8785e-13
19264 3
1 3.73035e-14
2 -1.89182e-13
3 -1.46549e-13
19266 3
1 2.57572e-14
2 -1.96287e-13
3 -1.39e-13
19268 3
1 4.70735e-14
2 -1.88294e-13
3 -1.84297e-13
19270 3
1 4.35207e-14
2 -2.20268e-13
3 -1.64313e-13
19272 3
1 5.41789e-14
2 -1.9007e-13
3 -1.6076e-13
19274 3
1 3.90799e-14
2 -1.94511e-13
3 -1.75415e-13
19276 3
1 6.03961e-14
2 -1.89182e-13
3 -1.72307e-13
19278 3
1 3.37508e-14
2 -1.85629e-13
3 -1.68754e-13
19280 3
1 4.08562e-14
2 -1.83853e-13
3 -1.71863e-13
19282 3
1 3.37508e-14
2 -2.03393e-13
3 -1.79412e-13
19284 3
1 5.24025e-14
2 -1.71418e-13
3 -1.75859e-13
19286 3
1 3.01981e-14
2 -1.9984e-13
3 -1.64313e-13
19288 3
1 3.4639e-14
2 -2.0961e-13
3 -1.75415e-13
19290 3
1 4.35207e-14
2 -1.91847e-13
3 -1.5854e-13
19292 3
1 1.42109e-14
2 -1.84741e-13
3 -1.66533e-13
19294 3
1 3.01981e-14
2 -1.86517e-13
3 -1.93623e-13
19296 3
1 4.52971e-14
2 -1.88294e-13
3 -1.96287e-13
19298 3
1 3.37508e-14
2 -1.83853e-13
3 -1.94067e-13
19300 3
1 1.59872e-14
2 -1.85629e-13
3 -1.88738e-13
19302 3
1 1.33227e-14
2 -1.72307e-13
3 -1.73639e-13
19304 3
1 7.99361e-15
2 -1.79412e-13
3 -1.63425e-13
19306 3
1 1.77636e-14
2 -1.803e-13
3 -1.75859e-13
19308 3
1 2.30926e-14
2 -2.15827e-13
3 -1.66978e-13
19310 3
1 4.35207e-14
2 -2.26485e-13
3 -1.71863e-13
19312 3
1 4.44089e-14
2 -1.93623e-13
3 -1.72307e-13
19314 3
1 2.13163e-14
2 -2.08722e-13
3 -1.68754e-13
19316 3
1 3.55271e-15
2 -1.92735e-13
3 -1.84741e-13
19318 3
1 1.95399e-14
2 -1.92735e-13
3 -1.51434e-13
19320 3
1 2.66454e-14
2 -1.72307e-13
3 -1.87406e-13
19322 3
1 2.30926e-14
2 -2.08722e-13
3 -1.74971e-13
19324 3
1 2.4869e-14
2 -1.75859e-13
3 -1.54099e-13
19326 3
1 2.22045e-14
2 -2.10498e-13
3 -1.5099e-13
19328 3
1 4.44089e-14
2 -2.14051e-13
3 -1.75859e-13
19330 3
1 2.66454e-14
2 -1.91847e-13
3 -1.61648e-13
19332 3
1 2.13163e-14
2 -1.9007e-13
3 -1.49214e-13
19334 3
1 3.10862e-14
2 -1.91847e-13
3 -1.59428e-13
19336 3
1 3.37508e-14
2 -1.89182e-13
3 -1.1724e-13
19338 3
1 4.9738e-14
2 -1.87406e-13
3 -1.31006e-13
19340 3
1 2.66454e-14
2 -1.9007e-13
3 -1.53211e-13
19342 3
1 2.84217e-14
2 -1.98064e-13
3 -1.66089e-13
19344 3
1 5.50671e-14
2 -1.90958e-13
3 -1.44329e-13
19346 3
1 2.84217e-14
2 -2.08722e-13
3 -1.48326e-13
19348 3
1 5.06262e-14
2 -1.96287e-13
3 -1.56763e-13
19350 3
1 3.10862e-14
2 -1.77636e-13
3 -1.44773e-13
19352 3
1 4.08562e-14
2 -1.82077e-13
3 -1.44329e-13
19354 3
1 1.86517e-14
2 -1.9007e-13
3 -1.36335e-13
19356 3
1 3.9968e-14
2 -1.73195e-13
3 -1.52323e-13
19358 3
1 3.10862e-14
2 -1.71418e-13
3 -1.65201e-13
19360 3
1 2.57572e-14
2 -1.9007e-13
3 -1.47882e-13
19362 3
1 4.79616e-14
2 -1.95399e-13
3 -1.6076e-13
19364 3
1 4.9738e-14
2 -1.78524e-13
3 -1.52767e-13
19366 3
1 3.9968e-14
2 -1.91847e-13
3 -1.42997e-13
19368 3
1 4.26326e-14
2 -1.9984e-13
3 -1.45661e-13
19370 3
1 2.75335e-14
2 -1.84741e-13
3 -1.4877e-13
19372 3
1 4.79616e-14
2 -2.01617e-13
3 -1.71418e-13
19374 3
1 2.22045e-14
2 -1.9007e-13
3 -1.40332e-13
19376 3
1 2.30926e-14
2 -1.9984e-13
3 -1.0969e-13
19378 3
1 1.68754e-14
2 -2.00728e-13
3 -1.45661e-13
19380 3
1 1.24345e-14
2 -1.92735e-13
3 -1.34559e-13
19382 3
1 2.57572e-14
2 -1.98952e-13
3 -1.46994e-13
19384 3
1 2.13163e-14
2 -1.91847e-13
3 -1.55431e-13
19386 3
1 3.64153e-14
2 -1.9007e-13
3 -1.54987e-13
19388 3
1 4.79616e-14
2 -1.88294e-13
3 -1.41664e-13
19390 3
1 3.73035e-14
2 -1.69642e-13
3 -1.46549e-13
19392 3
1 3.37508e-14
2 -1.89182e-13
3 -1.4122e-13
19394 3
1 2.93099e-14
2 -1.88294e-13
3 -1.10134e-13
19396 3
1 2.4869e-14
2 -1.98952e-13
3 -1.06581e-13
19398 3
1 1.33227e-14
2 -1.68754e-13
3 -1.35891e-13
19400 3
1 3.90799e-14
2 -1.75859e-13
3 -1.46549e-13
19402 3
1 2.84217e-14
2 -1.88294e-13
3 -1.34115e-13
19404 3
1 3.19744e-14
2 -1.85629e-13
3 -1.1946e-13
19406 3
1 2.30926e-14
2 -1.95399e-13
3 -1.57208e-13
19408 3
1 1.95399e-14
2 -2.00728e-13
3 -1.34115e-13
19410 3
1 1.68754e-14
2 -1.91847e-13
3 -1.00364e-13
19412 3
1 3.19744e-14
2 -1.66978e-13
3 -1.39888e-13
19414 3
1 3.73035e-14
2 -1.91847e-13
3 -1.58096e-13
19416 3
1 1.86517e-14
2 -1.96287e-13
3 -1.25233e-13
19418 3
1 3.37508e-14
2 -1.61648e-13
3 -1.46105e-13
19420 3
1 1.86517e-14
2 -1.74971e-13
3 -1.15907e-13
19422 3
1 1.06581e-14
2 -1.78524e-13
3 -1.3145e-13
19424 3
1 1.77636e-14
2 -1.9007e-13
3 -1.48326e-13
19426 3
1 1.24345e-14
2 -1.91847e-13
3 -1.54987e-13
19428 3
1 2.22045e-14
2 -1.82965e-13
3 -1.37224e-13
19430 3
1 4.52971e-14
2 -1.93623e-13
3 -1.35447e-13
19432 3
1 1.95399e-14
2 -1.85629e-13
3 -1.53211e-13
19434 3
1 4.44089e-15
2 -1.57208e-13
3 -1.35447e-13
19436 3
1 -8.88178e-16
2 -1.66089e-13
3 -1.47882e-13
19438 3
1 1.77636e-15
2 -1.97176e-13
3 -1.61204e-13
19440 3
1 -8.88178e-16
2 -1.74971e-13
3 -1.33671e-13
19442 3
1 1.59872e-14
2 -1.90958e-13
3 -1.64313e-13
19444 3
1 2.57572e-14
2 -1.81188e-13
3 -1.52767e-13
19446 3
1 2.84217e-14
2 -1.98064e-13
3 -1.62981e-13
19448 3
1 1.33227e-14
2 -1.73195e-13
3 -1.42997e-13
19450 3
1 -8.88178e-15
2 -1.75859e-13
3 -1.43441e-13
19452 3
1 -8.88178e-15
2 -1.9007e-13
3 -1.65645e-13
19454 3
1 -1.77636e-15
2 -1.68754e-13
3 -1.47438e-13
19456 3
1 -7.10543e-15
2 -1.9007e-13
3 -1.47882e-13
19458 3
1 1.77636e-14
2 -1.52767e-13
3 -1.38556e-13
19460 3
1 7.10543e-15
2 -2.07834e-13
3 -1.38556e-13
19462 3
1 2.4869e-14
2 -1.91847e-13
3 -1.37224e-13
19464 3
1 2.04281e-14
2 -1.76748e-13
3 -1.35003e-13
19466 3
1 1.86517e-14
2 -1.88294e-13
3 -1.55431e-13
19468 3
1 1.59872e-14
2 -1.88294e-13
3 -1.65201e-13
19470 3
1 1.06581e-14
2 -1.86517e-13
3 -1.40332e-13
19472 3
1 7.10543e-15
2 -1.98952e-13
3 -1.38556e-13
19474 3
1 3.55271e-14
2 -1.86517e-13
3 -1.82077e-13
19476 3
1 -2.66454e-15
2 -1.97176e-13
3 -1.38112e-13
19478 3
1 2.30926e-14
2 -1.85629e-13
3 -1.62093e-13
19480 3
1 -8.88178e-16
2 -2.04281e-13
3 -1.70974e-13
19482 3
1 1.06581e-14
2 -1.78524e-13
3 -1.4122e-13
19484 3
1 1.77636e-14
2 -2.13163e-13
3 -1.31894e-13
19486 3
1 3.9968e-14
2 -2.15827e-13
3 -1.39888e-13
19488 3
1 2.4869e-14
2 -2.10498e-13
3 -1.36779e-13
19490 3
1 2.66454e-15
2 -2.03393e-13
3 -1.58096e-13
19492 3
1 3.55271e-15
2 -1.92735e-13
3 -1.30118e-13
19494 3
1 1.95399e-14
2 -1.92735e-13
3 -1.63425e-13
19496 3
1 8.88178e-15
2 -2.22045e-13
3 -1.74083e-13
19498 3
1 1.33227e-14
2 -2.14051e-13
3 -1.82077e-13
19500 3
1 1.33227e-14
2 -2.31815e-13
3 -1.5099e-13
19502 3
1 7.99361e-15
2 -2.07834e-13
3 -1.61204e-13
19504 3
1 2.57572e-14
2 -2.14939e-13
3 -1.82521e-13
19506 3
1 4.44089e-15
2 -1.95399e-13
3 -1.93179e-13
19508 3
1 7.99361e-15
2 -1.76748e-13
3 -1.69642e-13
19510 3
1 -8.88178e-16
2 -2.34479e-13
3 -1.63869e-13
19512 3
1 -8.88178e-15
2 -1.82077e-13
3 -1.86517e-13
19514 3
1 -1.77636e-15
2 -1.9007e-13
3 -1.74083e-13
19516 3
1 1.24345e-14
2 -2.00728e-13
3 -1.94067e-13
19518 3
1 -3.55271e-15
2 -2.27374e-13
3 -1.70974e-13
19520 3
1 2.84217e-14
2 -2.03393e-13
3 -1.43441e-13
19522 3
1 -1.33227e-14
2 -1.98952e-13
3 -1.39444e-13
19524 3
1 2.66454e-14
2 -2.28262e-13
3 -1.82077e-13
19526 3
1 4.08562e-14
2 -1.98952e-13
3 -1.89626e-13
19528 3
1 4.44089e-15
2 -2.42473e-13
3 -1.71418e-13
19530 3
1 1.15463e-14
2 -2.11386e-13
3 -1.86962e-13
19532 3
1 9.76996e-15
2 -2.05169e-13
3 -1.72307e-13
19534 3
1 1.77636e-14
2 -1.90958e-13
3 -1.77636e-13
19536 3
1 1.86517e-14
2 -2.13163e-13
3 -1.77192e-13
19538 3
1 9.76996e-15
2 -2.05169e-13
3 -1.88738e-13
19540 3
1 1.59872e-14
2 -1.97176e-13
3 -1.75415e-13
19542 3
1 1.24345e-14
2 -2.04281e-13
3 -1.63425e-13
19544 3
1 -1.95399e-14
2 -2.22933e-13
3 -1.85629e-13
19546 3
1 9.76996e-15
2 -2.2915e-13
3 -1.59872e-13
19548 3
1 -1.77636e-15
2 -2.16716e-13
3 -1.75415e-13
19550 3
1 -1.77636e-15
2 -1.98952e-13
3 -1.71863e-13
19552 3
1 7.99361e-15
2 -2.3892e-13
3 -1.57208e-13
19554 3
1 -6.21725e-15
2 -2.25597e-13
3 -1.54987e-13
19556 3
1 6.21725e-15
2 -2.20268e-13
3 -1.803e-13
19558 3
1 2.84217e-14
2 -2.08722e-13
3 -1.40776e-13
19560 3
1 -3.55271e-15
2 -2.12275e-13
3 -1.72307e-13
19562 3
1 -6.21725e-15
2 -1.98952e-13
3 -1.67422e-13
19564 3
1 5.32907e-15
2 -2.11386e-13
3 -1.75415e-13
19566 3
1 1.77636e-15
2 -1.98952e-13
3 -1.80744e-13
19568 3
1 5.32907e-15
2 -2.11386e-13
3 -1.66533e-13
19570 3
1 1.77636e-14
2 -1.98064e-13
3 -1.58096e-13
19572 3
1 4.44089e-15
2 -2.04281e-13
3 -1.50546e-13
19574 3
1 -3.55271e-15
2 -2.23821e-13
3 -1.50102e-13
19576 3
1 -7.99361e-15
2 -2.13163e-13
3 -1.43885e-13
19578 3
1 -3.55271e-15
2 -2.30926e-13
3 -1.47882e-13
19580 3
1 2.30926e-14
2 -1.98952e-13
3 -1.76748e-13
19582 3
1 1.06581e-14
2 -2.01617e-13
3 -1.52323e-13
19584 3
1 2.04281e-14
2 -2.01617e-13
3 -1.52767e-13
19586 3
1 4.44089e-15
2 -2.11386e-13
3 -1.803e-13
19588 3
1 1.42109e-14
2 -2.14939e-13
3 -1.62537e-13
19590 3
1 -2.04281e-14
2 -2.24709e-13
3 -1.51879e-13
19592 3
1 1.77636e-14
2 -2.22045e-13
3 -1.52767e-13
19594 3
1 3.10862e-14
2 -1.84741e-13
3 -1.92735e-13
19596 3
1 1.5099e-14
2 -1.87406e-13
3 -1.75415e-13
19598 3
1 2.66454e-15
2 -1.74971e-13
3 -1.43885e-13
19600 3
1 -8.88178e-16
2 -1.75859e-13
3 -1.51434e-13
19602 3
1 4.44089e-15
2 -2.03393e-13
3 -1.64757e-13
19604 3
1 1.42109e-14
2 -2.02505e-13
3 -1.62981e-13
19606 3
1 2.93099e-14
2 -1.89182e-13
3 -1.82965e-13
19608 3
1 1.06581e-14
2 -2.11386e-13
3 -1.6076e-13
19610 3
1 2.75335e-14
2 -2.00728e-13
3 -1.49214e-13
19612 3
1 1.77636e-14
2 -1.9984e-13
3 -1.54543e-13
19614 3
1 2.75335e-14
2 -2.06057e-13
3 -1.77636e-13
19616 3
1 -8.88178e-16
2 -1.95399e-13
3 -1.5099e-13
19618 3
1 -1.06581e-14
2 -1.98952e-13
3 -1.34115e-13
19620 3
1 6.21725e-15
2 -1.83853e-13
3 -1.54543e-13
19622 3
1 1.15463e-14
2 -1.85629e-13
3 -1.86517e-13
19624 3
1 1.86517e-14
2 -1.92735e-13
3 -1.37224e-13
19626 3
1 8.88178e-15
2 -1.89182e-13
3 -1.74971e-13
19628 3
1 1.95399e-14
2 -1.87406e-13
3 -1.70974e-13
19630 3
1 4.44089e-15
2 -2.18492e-13
3 -1.71418e-13
19632 3
1 3.28626e-14
2 -2.20268e-13
3 -1.9984e-13
19634 3
1 -5.32907e-15
2 -2.28262e-13
3 -1.45661e-13
19636 3
1 2.30926e-14
2 -2.40696e-13
3 -1.58984e-13
19638 3
1 1.06581e-14
2 -2.38032e-13
3 -1.64757e-13
19640 3
1 0
2 -2.06057e-13
3 -1.71863e-13
19642 3
1 4.44089e-15
2 -2.13163e-13
3 -1.72307e-13
19644 3
1 -2.66454e-15
2 -2.12275e-13
3 -1.45217e-13
19646 3
1 8.88178e-16
2 -2.10498e-13
3 -1.35003e-13
19648 3
1 -5.32907e-15
2 -2.23821e-13
3 -1.79856e-13
19650 3
1 -6.21725e-15
2 -1.9007e-13
3 -1.58984e-13
19652 3
1 -5.32907e-15
2 -2.16716e-13
3 -1.72307e-13
19654 3
1 -1.24345e-14
2 -1.9007e-13
3 -1.66089e-13
19656 3
1 8.88178e-16
2 -1.98952e-13
3 -1.63425e-13
19658 3
1 9.76996e-15
2 -1.97176e-13
3 -1.68754e-13
19660 3
1 2.66454e-15
2 -2.2915e-13
3 -1.59428e-13
19662 3
1 1.86517e-14
2 -1.87406e-13
3 -1.45661e-13
19664 3
1 -4.44089e-15
2 -2.00728e-13
3 -1.31894e-13
19666 3
1 -2.66454e-15
2 -1.90958e-13
3 -1.13687e-13
19668 3
1 -1.15463e-14
2 -2.46025e-13
3 -1.71863e-13
19670 3
1 5.32907e-15
2 -1.89182e-13
3 -1.38556e-13
19672 3
1 2.66454e-15
2 -2.00728e-13
3 -1.2923e-13
19674 3
1 0
2 -1.90958e-13
3 -1.82077e-13
19676 3
1 -5.32907e-15
2 -2.34479e-13
3 -1.6831e-13
19678 3
1 0
2 -2.14051e-13
3 -1.62537e-13
19680 3
1 -5.32907e-15
2 -2.12275e-13
3 -1.54987e-13
19682 3
1 -1.15463e-14
2 -1.77636e-13
3 -1.32339e-13
19684 3
1 -3.55271e-15
2 -2.16716e-13
3 -1.48326e-13
19686 3
1 -7.10543e-15
2 -2.13163e-13
3 -1.52767e-13
19688 3
1 5.32907e-15
2 -2.15827e-13
3 -1.53211e-13
19690 3
1 -8.88178e-15
2 -2.27374e-13
3 -2.04281e-13
19692 3
1 6.21725e-15
2 -2.02505e-13
3 -1.46105e-13
19694 3
1 0
2 -2.25597e-13
3 -1.46994e-13
19696 3
1 1.06581e-14
2 -2.22045e-13
3 -1.54543e-13
19698 3
1 -4.44089e-15
2 -2.31815e-13
3 -1.62537e-13
19700 3
1 -9.76996e-15
2 -2.33591e-13
3 -1.46549e-13
19702 3
1 -2.66454e-15
2 -2.21156e-13
3 -1.55431e-13
19704 3
1 2.04281e-14
2 -2.47802e-13
3 -1.52767e-13
19706 3
1 -1.24345e-14
2 -1.95399e-13
3 -1.42997e-13
19708 3
1 -1.95399e-14
2 -2.21156e-13
3 -1.56319e-13
19710 3
1 -1.06581e-14
2 -2.28262e-13
3 -1.69198e-13
19712 3
1 6.21725e-15
2 -2.52243e-13
3 -1.36779e-13
19714 3
1 -1.5099e-14
2 -2.00728e-13
3 -1.55875e-13
19716 3
1 -1.24345e-14
2 -2.04281e-13
3 -1.45661e-13
19718 3
1 2.66454e-15
2 -2.41585e-13
3 -1.46994e-13
19720 3
1 -2.66454e-15
2 -2.06057e-13
3 -1.34115e-13
19722 3
1 -1.15463e-14
2 -1.93623e-13
3 -1.54099e-13
19724 3
1 -9.76996e-15
2 -2.33591e-13
3 -1.49214e-13
19726 3
1 1.33227e-14
2 -2.38032e-13
3 -1.65201e-13
19728 3
1 -2.66454e-14
2 -2.22933e-13
3 -1.21236e-13
19730 3
1 -3.55271e-15
2 -2.22933e-13
3 -1.45661e-13
19732 3
1 7.99361e-15
2 -2.45137e-13
3 -1.52323e-13
19734 3
1 -7.99361e-15
2 -2.1938e-13
3 -1.36335e-13
19736 3
1 -8.88178e-16
2 -2.17604e-13
3 -1.43441e-13
19738 3
1 -8.88178e-16
2 -2.33591e-13
3 -1.43441e-13
19740 3
1 1.77636e-14
2 -2.2915e-13
3 -1.56319e-13
19742 3
1 1.86517e-14
2 -2.24709e-13
3 -1.5854e-13
19744 3
1 7.10543e-15
2 -2.18492e-13
3 -1.63425e-13
19746 3
1 2.13163e-14
2 -2.18492e-13
3 -1.43441e-13
19748 3
1 -3.55271e-15
2 -2.22045e-13
3 -1.42109e-13
19750 3
1 7.10543e-15
2 -2.18492e-13
3 -1.42553e-13
19752 3
1 -1.42109e-14
2 -2.20268e-13
3 -1.72307e-13
19754 3
1 1.15463e-14
2 -2.14939e-13
3 -1.27898e-13
19756 3
1 1.77636e-15
2 -2.2915e-13
3 -1.78968e-13
19758 3
1 -1.5099e-14
2 -2.33591e-13
3 -1.58984e-13
19760 3
1 -6.21725e-15
2 -2.36255e-13
3 -1.66089e-13
19762 3
1 -1.95399e-14
2 -2.38032e-13
3 -1.803e-13
19764 3
1 -9.76996e-15
2 -2.3892e-13
3 -1.39444e-13
19766 3
1 -1.33227e-14
2 -2.54019e-13
3 -1.72307e-13
19768 3
1 -1.24345e-14
2 -2.51354e-13
3 -1.70086e-13
19770 3
1 2.30926e-14
2 -2.2915e-13
3 -1.69642e-13
19772 3
1 9.76996e-15
2 -2.30038e-13
3 -1.65201e-13
19774 3
1 -9.76996e-15
2 -2.61124e-13
3 -1.64313e-13
19776 3
1 1.24345e-14
2 -2.31815e-13
3 -1.82521e-13
19778 3
1 9.76996e-15
2 -2.53131e-13
3 -1.6076e-13
19780 3
1 1.15463e-14
2 -2.30926e-13
3 -1.76748e-13
19782 3
1 8.88178e-16
2 -2.65565e-13
3 -1.55431e-13
19784 3
1 -2.57572e-14
2 -2.36255e-13
3 -1.9007e-13
19786 3
1 -2.75335e-14
2 -2.4869e-13
3 -1.88294e-13
19788 3
1 -1.42109e-14
2 -2.5846e-13
3 -1.71863e-13
19790 3
1 5.77316e-15
2 -2.32703e-13
3 -1.66089e-13
19792 3
1 1.86517e-14
2 -2.40696e-13
3 -1.85629e-13
19794 3
1 1.73195e-14
2 -2.53131e-13
3 -1.45661e-13
19796 3
1 4.44089e-15
2 -2.52243e-13
3 -2.05169e-13
19798 3
1 2.53131e-14
2 -2.62901e-13
3 -1.67866e-13
19800 3
1 -4.44089e-15
2 -2.56684e-13
3 -1.64757e-13
19802 3
1 1.77636e-14
2 -2.62013e-13
3 -2.00284e-13
19804 3
1 1.68754e-14
2 -2.54019e-13
3 -1.82077e-13
19806 3
1 2.13163e-14
2 -2.35367e-13
3 -1.84741e-13
19808 3
1 -6.66134e-15
2 -2.70894e-13
3 -1.92291e-13
19810 3
1 1.86517e-14
2 -2.70894e-13
3 -1.9984e-13
19812 3
1 2.04281e-14
2 -2.62901e-13
3 -1.83409e-13
19814 3
1 1.9984e-14
2 -2.74447e-13
3 -1.7808e-13
19816 3
1 2.13163e-14
2 -2.75335e-13
3 -2.03393e-13
19818 3
1 1.55431e-14
2 -2.49578e-13
3 -1.69642e-13
19820 3
1 3.33067e-14
2 -2.8777e-13
3 -1.803e-13
19822 3
1 4.21885e-14
2 -2.80664e-13
3 -1.90958e-13
19824 3
1 2.13163e-14
2 -2.8777e-13
3 -2.02061e-13
19826 3
1 2.70894e-14
2 -2.80664e-13
3 -1.79412e-13
19828 3
1 1.24345e-14
2 -2.6823e-13
3 -1.49214e-13
19830 3
1 3.59712e-14
2 -2.60236e-13
3 -1.55431e-13
19832 3
1 3.55271e-14
2 -2.93987e-13
3 -1.80744e-13
19834 3
1 2.44249e-14
2 -2.66454e-13
3 -1.74083e-13
19836 3
1 -1.33227e-14
2 -2.53131e-13
3 -1.56319e-13
19838 3
1 3.73035e-14
2 -2.65565e-13
3 -1.96287e-13
19840 3
1 3.73035e-14
2 -2.5846e-13
3 -1.6831e-13
19842 3
1 2.39808e-14
2 -2.53131e-13
3 -1.55431e-13
19844 3
1 2.84217e-14
2 -2.83329e-13
3 -1.65201e-13
19846 3
1 5.32907e-15
2 -2.93099e-13
3 -1.78968e-13
19848 3
1 3.41949e-14
2 -2.62013e-13
3 -1.71863e-13
19850 3
1 2.57572e-14
2 -2.49578e-13
3 -1.70974e-13
19852 3
1 7.99361e-15
2 -3.08198e-13
3 -1.48326e-13
19854 3
1 1.82077e-14
2 -2.83329e-13
3 -1.75415e-13
19856 3
1 3.90799e-14
2 -2.59348e-13
3 -1.37224e-13
19858 3
1 1.9984e-14
2 -2.63789e-13
3 -1.49214e-13
19860 3
1 3.4639e-14
2 -2.70006e-13
3 -1.50102e-13
19862 3
1 2.22045e-14
2 -2.79776e-13
3 -1.75859e-13
19864 3
1 3.59712e-14
2 -2.89546e-13
3 -1.62537e-13
19866 3
1 9.76996e-15
2 -2.71783e-13
3 -1.36335e-13
19868 3
1 1.42109e-14
2 -2.63789e-13
3 -1.60316e-13
19870 3
1 3.24185e-14
2 -2.46025e-13
3 -1.82521e-13
19872 3
1 3.73035e-14
2 -2.78888e-13
3 -1.50102e-13
19874 3
1 3.81917e-14
2 -2.78888e-13
3 -1.51434e-13
19876 3
1 4.52971e-14
2 -2.52243e-13
3 -1.50546e-13
19878 3
1 3.9968e-14
2 -2.61124e-13
3 -1.38556e-13
19880 3
1 1.33227e-14
2 -2.70006e-13
3 -1.74527e-13
19882 3
1 2.4869e-14
2 -2.66454e-13
3 -1.42109e-13
19884 3
1 4.35207e-14
2 -2.75335e-13
3 -1.49214e-13
19886 3
1 3.64153e-14
2 -2.41585e-13
3 -1.66978e-13
19888 3
1 2.9754e-14
2 -2.66454e-13
3 -1.37224e-13
19890 3
1 2.17604e-14
2 -2.62901e-13
3 -1.38112e-13
19892 3
1 3.33067e-14
2 -2.67342e-13
3 -1.2701e-13
19894 3
1 2.70894e-14
2 -2.78888e-13
3 -1.45661e-13
19896 3
1 3.10862e-14
2 -2.64677e-13
3 -1.70974e-13
19898 3
1 4.88498e-14
2 -2.54019e-13
3 -1.42997e-13
19900 3
1 1.73195e-14
2 -2.54019e-13
3 -1.63869e-13
19902 3
1 4.35207e-14
2 -2.85993e-13
3 -1.59872e-13
19904 3
1 3.19744e-14
2 -2.69118e-13
3 -1.45661e-13
19906 3
1 4.26326e-14
2 -2.62901e-13
3 -1.67866e-13
19908 3
1 8.88178e-15
2 -2.64677e-13
3 -1.64757e-13
19910 3
1 2.35367e-14
2 -2.71783e-13
3 -1.75859e-13
19912 3
1 1.77636e-14
2 -2.71783e-13
3 -1.72751e-13
19914 3
1 2.66454e-14
2 -2.59348e-13
3 -1.41664e-13
19916 3
1 4.35207e-14
2 -2.83329e-13
3 -1.803e-13
19918 3
1 1.9984e-14
2 -2.78888e-13
3 -1.58096e-13
19920 3
1 3.10862e-14
2 -2.70894e-13
3 -1.83853e-13
19922 3
1 2.4869e-14
2 -2.3892e-13
3 -1.62981e-13
19924 3
1 5.06262e-14
2 -2.60236e-13
3 -1.50102e-13
19926 3
1 4.13003e-14
2 -2.40696e-13
3 -1.39444e-13
19928 3
1 2.75335e-14
2 -2.70894e-13
3 -1.67422e-13
19930 3
1 1.68754e-14
2 -2.36255e-13
3 -1.37668e-13
19932 3
1 3.64153e-14
2 -2.47802e-13
3 -1.62537e-13
19934 3
1 5.06262e-14
2 -2.72671e-13
3 -1.51879e-13
19936 3
1 4.44089e-14
2 -2.42473e-13
3 -1.66089e-13
19938 3
1 1.9984e-14
2 -2.89546e-13
3 -1.36779e-13
19940 3
1 4.35207e-14
2 -2.61124e-13
3 -1.62537e-13
19942 3
1 5.59552e-14
2 -2.55795e-13
3 -1.30562e-13
19944 3
1 4.26326e-14
2 -2.57572e-13
3 -1.66089e-13
19946 3
1 4.9738e-14
2 -2.46025e-13
3 -1.26565e-13
19948 3
1 1.55431e-14
2 -2.69118e-13
3 -1.7053e-13
19950 3
1 3.73035e-14
2 -2.49578e-13
3 -1.37224e-13
19952 3
1 3.9968e-14
2 -2.78888e-13
3 -1.42997e-13
19954 3
1 2.75335e-14
2 -2.81553e-13
3 -1.53655e-13
19956 3
1 5.01821e-14
2 -2.63789e-13
3 -1.63425e-13
19958 3
1 4.30767e-14
2 -2.64677e-13
3 -1.77636e-13
19960 3
1 3.81917e-14
2 -2.62901e-13
3 -1.39888e-13
19962 3
1 5.68434e-14
2 -2.4869e-13
3 -1.33227e-13
19964 3
1 5.77316e-14
2 -2.84217e-13
3 -1.46549e-13
19966 3
1 2.22045e-14
2 -2.77112e-13
3 -1.68754e-13
19968 3
1 2.39808e-14
2 -2.44249e-13
3 -1.55431e-13
19970 3
1 4.70735e-14
2 -2.79776e-13
3 -1.56763e-13
19972 3
1 8.88178e-15
2 -2.5846e-13
3 -1.51879e-13
19974 3
1 2.30926e-14
2 -2.89546e-13
3 -1.50102e-13
19976 3
1 6.21725e-15
2 -2.78e-13
3 -1.6076e-13
19978 3
1 2.30926e-14
2 -2.44249e-13
3 -1.70086e-13
19980 3
1 1.68754e-14
2 -2.93099e-13
3 -1.40776e-13
19982 3
1 3.55271e-14
2 -2.67342e-13
3 -1.36779e-13
19984 3
1 6.92779e-14
2 -2.71783e-13
3 -1.24345e-13
19986 3
1 4.17444e-14
2 -2.63789e-13
3 -1.06137e-13
19988 3
1 3.4639e-14
2 -2.62013e-13
3 -1.47438e-13
19990 3
1 3.10862e-14
2 -2.69118e-13
3 -1.51879e-13
19992 3
1 4.66294e-14
2 -2.80664e-13
3 -1.58984e-13
19994 3
1 3.37508e-14
2 -2.61124e-13
3 -1.5099e-13
19996 3
1 1.5099e-14
2 -2.51354e-13
3 -1.54543e-13
19998 3
1 3.10862e-14
2 -2.73559e-13
3 -1.43885e-13
20000 3
1 5.24025e-14
2 -3.01092e-13
3 -1.39888e-13
20002 3
1 3.10862e-14
2 -2.46914e-13
3 -1.33227e-13
20004 3
1 2.84217e-14
2 -2.56684e-13
3 -1.82077e-13
20006 3
1 3.95239e-14
2 -2.53131e-13
3 -1.29674e-13
20008 3
1 3.95239e-14
2 -2.75335e-13
3 -1.54543e-13
20010 3
1 2.30926e-14
2 -2.70006e-13
3 -1.2168e-13
20012 3
1 2.39808e-14
2 -2.88658e-13
3 -1.34115e-13
20014 3
1 2.57572e-14
2 -2.99316e-13
3 -1.54099e-13
20016 3
1 5.06262e-14
2 -2.57572e-13
3 -1.74083e-13
20018 3
1 1.5099e-14
2 -2.55795e-13
3 -1.86517e-13
20020 3
1 2.30926e-14
2 -3.16192e-13
3 -1.63869e-13
20022 3
1 6.21725e-15
2 -2.43361e-13
3 -1.71863e-13
20024 3
1 3.95239e-14
2 -2.86882e-13
3 -1.79412e-13
20026 3
1 1.86517e-14
2 -2.72671e-13
3 -1.59872e-13
20028 3
1 3.68594e-14
2 -2.57572e-13
3 -1.67866e-13
20030 3
1 2.39808e-14
2 -2.84217e-13
3 -1.7053e-13
20032 3
1 3.4639e-14
2 -2.61124e-13
3 -1.69642e-13
20034 3
1 6.35048e-14
2 -2.71783e-13
3 -1.53655e-13
20036 3
1 5.63993e-14
2 -2.67342e-13
3 -1.78968e-13
20038 3
1 3.01981e-14
2 -2.59348e-13
3 -1.62537e-13
20040 3
1 5.68434e-14
2 -3.00204e-13
3 -1.57652e-13
20042 3
1 4.75175e-14
2 -2.93099e-13
3 -1.49214e-13
20044 3
1 2.93099e-14
2 -2.45137e-13
3 -1.58096e-13
20046 3
1 4.70735e-14
2 -2.78888e-13
3 -1.54543e-13
20048 3
1 2.84217e-14
2 -2.80664e-13
3 -1.58984e-13
20050 3
1 4.08562e-14
2 -2.67342e-13
3 -1.5099e-13
20052 3
1 4.26326e-14
2 -2.70894e-13
3 -1.35891e-13
20054 3
1 3.64153e-14
2 -2.54019e-13
3 -1.80744e-13
20056 3
1 5.9952e-14
2 -2.72671e-13
3 -1.55431e-13
20058 3
1 2.62013e-14
2 -2.71783e-13
3 -1.51434e-13
20060 3
1 4.79616e-14
2 -2.69118e-13
3 -1.59872e-13
20062 3
1 4.35207e-14
2 -2.70006e-13
3 -1.64757e-13
20064 3
1 3.01981e-14
2 -2.94875e-13
3 -1.58096e-13
20066 3
1 3.10862e-14
2 -2.88658e-13
3 -1.39444e-13
20068 3
1 4.61853e-14
2 -2.76223e-13
3 -1.33227e-13
20070 3
1 5.77316e-14
2 -2.91323e-13
3 -1.31006e-13
20072 3
1 3.55271e-14
2 -2.80664e-13
3 -1.49214e-13
20074 3
1 5.50671e-14
2 -2.50466e-13
3 -1.50102e-13
20076 3
1 4.79616e-14
2 -2.64677e-13
3 -1.52767e-13
20078 3
1 5.01821e-14
2 -2.52243e-13
3 -1.50546e-13
20080 3
1 6.12843e-14
2 -2.59348e-13
3 -1.30562e-13
20082 3
1 4.17444e-14
2 -2.60236e-13
3 -1.65645e-13
20084 3
1 8.03801e-14
2 -2.46025e-13
3 -1.32783e-13
20086 3
1 5.41789e-14
2 -2.4869e-13
3 -1.25233e-13
20088 3
1 4.79616e-14
2 -2.70006e-13
3 -1.36335e-13
20090 3
1 5.15143e-14
2 -2.54019e-13
3 -1.4877e-13
20092 3
1 3.19744e-14
2 -2.53131e-13
3 -1.54543e-13
20094 3
1 2.70894e-14
2 -2.54907e-13
3 -1.46549e-13
20096 3
1 4.88498e-14
2 -2.70006e-13
3 -1.51879e-13
20098 3
1 3.19744e-14
2 -2.63789e-13
3 -1.26565e-13
20100 3
1 5.77316e-14
2 -2.59348e-13
3 -1.2701e-13
20102 3
1 3.59712e-14
2 -2.27374e-13
3 -1.30562e-13
20104 3
1 3.24185e-14
2 -2.31815e-13
3 -1.24789e-13
20106 3
1 6.30607e-14
2 -2.30038e-13
3 -1.4122e-13
20108 3
1 8.08242e-14
2 -2.71783e-13
3 -1.39888e-13
20110 3
1 5.59552e-14
2 -2.54907e-13
3 -1.30562e-13
20112 3
1 3.4639e-14
2 -2.66454e-13
3 -1.33227e-13
20114 3
1 3.9968e-14
2 -2.46914e-13
3 -1.4122e-13
20116 3
1 5.9508e-14
2 -2.36255e-13
3 -1.2923e-13
20118 3
1 6.66134e-14
2 -2.63789e-13
3 -1.33227e-13
20120 3
1 4.08562e-14
2 -2.32703e-13
3 -1.2701e-13
20122 3
1 4.04121e-14
2 -2.18492e-13
3 -1.42997e-13
20124 3
1 5.24025e-14
2 -2.30926e-13
3 -1.52767e-13
20126 3
1 3.90799e-14
2 -2.50466e-13
3 -1.55431e-13
20128 3
1 5.90639e-14
2 -2.32703e-13
3 -1.39888e-13
20130 3
1 7.37188e-14
2 -2.28262e-13
3 -1.47882e-13
20132 3
1 6.35048e-14
2 -2.49578e-13
3 -1.46549e-13
20134 3
1 5.06262e-14
2 -2.32703e-13
3 -1.40332e-13
20136 3
1 5.10703e-14
2 -2.24709e-13
3 -1.47882e-13
20138 3
1 5.06262e-14
2 -2.25597e-13
3 -1.26121e-13
20140 3
1 3.55271e-14
2 -2.54019e-13
3 -1.5099e-13
20142 3
1 3.77476e-14
2 -2.40696e-13
3 -1.36779e-13
20144 3
1 6.12843e-14
2 -2.07834e-13
3 -1.55431e-13
20146 3
1 4.70735e-14
2 -2.14051e-13
3 -1.7053e-13
20148 3
1 3.73035e-14
2 -2.28262e-13
3 -1.27454e-13
20150 3
1 4.79616e-14
2 -2.13163e-13
3 -1.01696e-13
20152 3
1 6.57252e-14
2 -2.23821e-13
3 -1.14575e-13
20154 3
1 6.03961e-14
2 -2.27374e-13
3 -1.22125e-13
20156 3
1 4.35207e-14
2 -2.36255e-13
3 -1.09246e-13
20158 3
1 5.9952e-14
2 -2.07834e-13
3 -1.10134e-13
20160 3
1 3.81917e-14
2 -2.30926e-13
3 -1.20348e-13
20162 3
1 4.35207e-14
2 -2.24709e-13
3 -1.12799e-13
20164 3
1 6.12843e-14
2 -2.21156e-13
3 -1.28786e-13
20166 3
1 7.63833e-14
2 -2.06946e-13
3 -1.24345e-13
20168 3
1 2.22045e-14
2 -1.82077e-13
3 -1.03029e-13
20170 3
1 5.06262e-14
2 -2.13163e-13
3 -1.17684e-13
20172 3
1 6.35048e-14
2 -2.44249e-13
3 -1.05693e-13
20174 3
1 4.30767e-14
2 -2.20268e-13
3 -1.23457e-13
20176 3
1 5.9952e-14
2 -2.06057e-13
3 -1.28786e-13
20178 3
1 5.81757e-14
2 -2.00728e-13
3 -1.19904e-13
20180 3
1 5.9508e-14
2 -2.17604e-13
3 -1.27454e-13
20182 3
1 6.08402e-14
2 -2.2915e-13
3 -1.20348e-13
20184 3
1 5.15143e-14
2 -2.38032e-13
3 -1.2168e-13
20186 3
1 4.9738e-14
2 -1.93623e-13
3 -1.12355e-13
20188 3
1 5.68434e-14
2 -2.34479e-13
3 -1.34115e-13
20190 3
1 3.95239e-14
2 -2.14939e-13
3 -1.30118e-13
20192 3
1 4.13003e-14
2 -2.06946e-13
3 -1.23457e-13
20194 3
1 3.86358e-14
2 -2.30038e-13
3 -1.03029e-13
20196 3
1 5.59552e-14
2 -2.27374e-13
3 -1.41664e-13
20198 3
1 5.15143e-14
2 -2.24709e-13
3 -1.45661e-13
20200 3
1 6.92779e-14
2 -2.24709e-13
3 -1.2701e-13
20202 3
1 6.52811e-14
2 -2.36255e-13
3 -1.25677e-13
20204 3
1 5.55112e-14
2 -2.22933e-13
3 -1.34115e-13
20206 3
1 4.9738e-14
2 -2.20268e-13
3 -1.23457e-13
20208 3
1 6.21725e-14
2 -2.47802e-13
3 -1.23901e-13
20210 3
1 5.9952e-14
2 -2.2915e-13
3 -1.33227e-13
20212 3
1 5.01821e-14
2 -2.26485e-13
3 -1.25677e-13
20214 3
1 6.21725e-14
2 -2.14939e-13
3 -1.10578e-13
20216 3
1 6.88338e-14
2 -2.36255e-13
3 -1.52767e-13
20218 3
1 5.9952e-14
2 -2.16716e-13
3 -1.39444e-13
20220 3
1 6.12843e-14
2 -2.27374e-13
3 -1.38556e-13
20222 3
1 6.88338e-14
2 -2.10498e-13
3 -1.30118e-13
20224 3
1 4.44089e-14
2 -2.36255e-13
3 -1.64313e-13
20226 3
1 4.61853e-14
2 -2.36255e-13
3 -1.23013e-13
20228 3
1 6.21725e-14
2 -2.32703e-13
3 -1.48326e-13
20230 3
1 8.52651e-14
2 -2.27374e-13
3 -1.26565e-13
20232 3
1 6.21725e-14
2 -2.52243e-13
3 -1.47438e-13
20234 3
1 5.19584e-14
2 -2.06946e-13
3 -1.45661e-13
20236 3
1 8.61533e-14
2 -2.14939e-13
3 -1.32339e-13
20238 3
1 9.23706e-14
2 -2.13163e-13
3 -1.24345e-13
20240 3
1 7.19425e-14
2 -2.10498e-13
3 -1.14131e-13
20242 3
1 6.4837e-14
2 -2.14051e-13
3 -1.19904e-13
20244 3
1 7.86038e-14
2 -2.21156e-13
3 -1.24345e-13
20246 3
1 7.63833e-14
2 -2.13163e-13
3 -1.54543e-13
20248 3
1 9.59233e-14
2 -2.2915e-13
3 -1.23457e-13
20250 3
1 6.92779e-14
2 -2.14051e-13
3 -1.28342e-13
20252 3
1 5.9952e-14
2 -2.14051e-13
3 -1.38556e-13
20254 3
1 4.75175e-14
2 -2.26485e-13
3 -1.42109e-13
20256 3
1 4.88498e-14
2 -2.16716e-13
3 -1.24345e-13
20258 3
1 5.63993e-14
2 -2.22045e-13
3 -1.35447e-13
20260 3
1 5.50671e-14
2 -2.06057e-13
3 -1.28786e-13
20262 3
1 7.01661e-14
2 -2.10498e-13
3 -1.29674e-13
20264 3
1 7.41629e-14
2 -1.87406e-13
3 -1.42553e-13
20266 3
1 8.17124e-14
2 -2.0961e-13
3 -1.35003e-13
20268 3
1 5.90639e-14
2 -2.02505e-13
3 -1.02141e-13
20270 3
1 5.9508e-14
2 -2.24709e-13
3 -1.03917e-13
20272 3
1 4.84057e-14
2 -1.90958e-13
3 -1.32339e-13
20274 3
1 5.59552e-14
2 -2.34479e-13
3 -1.1191e-13
20276 3
1 8.79297e-14
2 -2.07834e-13
3 -1.28342e-13
20278 3
1 5.4623e-14
2 -2.17604e-13
3 -1.29674e-13
20280 3
1 5.90639e-14
2 -1.98952e-13
3 -1.23901e-13
20282 3
1 4.39648e-14
2 -2.06057e-13
3 -1.52767e-13
20284 3
1 5.24025e-14
2 -2.15827e-13
3 -1.2923e-13
20286 3
1 4.44089e-14
2 -1.9984e-13
3 -1.25233e-13
20288 3
1 6.39488e-14
2 -2.22045e-13
3 -8.17124e-14
20290 3
1 8.61533e-14
2 -2.15827e-13
3 -1.12799e-13
20292 3
1 7.90479e-14
2 -1.98952e-13
3 -9.23706e-14
20294 3
1 8.08242e-14
2 -1.94511e-13
3 -1.31006e-13
20296 3
1 8.70415e-14
2 -1.88294e-13
3 -1.46994e-13
20298 3
1 8.57092e-14
2 -2.17604e-13
3 -1.03029e-13
20300 3
1 7.99361e-14
2 -1.90958e-13
3 -1.04805e-13
20302 3
1 9.59233e-14
2 -2.04281e-13
3 -1.21236e-13
20304 3
1 8.70415e-14
2 -2.06057e-13
3 -1.20792e-13
20306 3
1 8.74856e-14
2 -1.83853e-13
3 -1.16351e-13
20308 3
1 7.37188e-14
2 -1.67866e-13
3 -1.39e-13
20310 3
1 8.52651e-14
2 -1.95399e-13
3 -1.28786e-13
20312 3
1 6.30607e-14
2 -2.02505e-13
3 -1.26121e-13
20314 3
1 6.61693e-14
2 -2.14051e-13
3 -1.09246e-13
20316 3
1 8.4821e-14
2 -1.93623e-13
3 -1.15463e-13
20318 3
1 8.43769e-14
2 -1.91847e-13
3 -1.04361e-13
20320 3
1 5.41789e-14
2 -2.12275e-13
3 -1.29674e-13
20322 3
1 7.19425e-14
2 -1.96287e-13
3 -1.1191e-13
20324 3
1 7.06102e-14
2 -2.01617e-13
3 -1.31006e-13
20326 3
1 7.28306e-14
2 -2.06057e-13
3 -1.29674e-13
20328 3
1 4.08562e-14
2 -2.24709e-13
3 -9.68114e-14
20330 3
1 7.01661e-14
2 -1.82077e-13
3 -1.04361e-13
20332 3
1 6.4837e-14
2 -1.86517e-13
3 -1.02585e-13
20334 3
1 5.41789e-14
2 -1.96287e-13
3 -9.50351e-14
20336 3
1 8.12683e-14
2 -1.98064e-13
3 -1.37668e-13
20338 3
1 5.9508e-14
2 -1.69642e-13
3 -1.11022e-13
20340 3
1 7.50511e-14
2 -1.803e-13
3 -1.38556e-13
20342 3
1 9.50351e-14
2 -1.98064e-13
3 -1.35891e-13
20344 3
1 7.81597e-14
2 -1.82965e-13
3 -8.88178e-14
20346 3
1 9.9476e-14
2 -1.9984e-13
3 -1.19016e-13
20348 3
1 7.4607e-14
2 -1.93623e-13
3 -1.12799e-13
20350 3
1 8.65974e-14
2 -2.07834e-13
3 -1.06137e-13
20352 3
1 9.50351e-14
2 -1.87406e-13
3 -8.88178e-14
20354 3
1 9.41469e-14
2 -2.01617e-13
3 -1.50102e-13
20356 3
1 5.81757e-14
2 -1.86517e-13
3 -1.1724e-13
20358 3
1 6.39488e-14
2 -1.83853e-13
3 -1.11022e-13
20360 3
1 6.79456e-14
2 -1.94511e-13
3 -1.16795e-13
20362 3
1 8.88178e-14
2 -1.90958e-13
3 -1.04805e-13
20364 3
1 5.59552e-14
2 -1.66089e-13
3 -8.30447e-14
20366 3
1 6.66134e-14
2 -1.86517e-13
3 -1.11466e-13
20368 3
1 7.59393e-14
2 -2.15827e-13
3 -1.27898e-13
20370 3
1 5.4623e-14
2 -1.83853e-13
3 -1.28786e-13
20372 3
1 8.9706e-14
2 -2.0961e-13
3 -1.29674e-13
20374 3
1 7.81597e-14
2 -1.94511e-13
3 -1.1191e-13
20376 3
1 4.79616e-14
2 -1.87406e-13
3 -1.1191e-13
20378 3
1 6.70575e-14
2 -1.96287e-13
3 -1.03917e-13
20380 3
1 6.92779e-14
2 -1.92735e-13
3 -1.13687e-13
20382 3
1 7.14984e-14
2 -1.79412e-13
3 -7.4607e-14
20384 3
1 6.57252e-14
2 -1.90958e-13
3 -1.1724e-13
20386 3
1 8.79297e-14
2 -1.82965e-13
3 -1.03917e-13
20388 3
1 5.15143e-14
2 -2.0961e-13
3 -8.88178e-14
20390 3
1 7.4607e-14
2 -1.9984e-13
3 -9.85878e-14
20392 3
1 3.90799e-14
2 -1.803e-13
3 -1.03917e-13
20394 3
1 5.68434e-14
2 -1.58984e-13
3 -1.25233e-13
20396 3
1 6.66134e-14
2 -1.78524e-13
3 -1.1191e-13
20398 3
1 7.4607e-14
2 -2.02505e-13
3 -1.20792e-13
20400 3
1 7.72715e-14
2 -2.07834e-13
3 -1.23457e-13
20402 3
1 7.63833e-14
2 -1.95399e-13
3 -1.00364e-13
20404 3
1 7.99361e-14
2 -1.86517e-13
3 -1.12799e-13
20406 3
1 6.83897e-14
2 -1.56319e-13
3 -1.2168e-13
20408 3
1 5.32907e-14
2 -1.88294e-13
3 -1.34115e-13
20410 3
1 5.24025e-14
2 -1.91847e-13
3 -1.08358e-13
20412 3
1 5.9952e-14
2 -1.81188e-13
3 -1.13687e-13
20414 3
1 4.08562e-14
2 -2.08722e-13
3 -1.14575e-13
20416 3
1 6.17284e-14
2 -2.06946e-13
3 -9.41469e-14
20418 3
1 9.85878e-14
2 -2.10498e-13
3 -1.05693e-13
20420 3
1 5.9952e-14
2 -1.61648e-13
3 -1.1724e-13
20422 3
1 8.83738e-14
2 -1.95399e-13
3 -1.19904e-13
20424 3
1 5.90639e-14
2 -1.86517e-13
3 -1.12799e-13
20426 3
1 6.39488e-14
2 -1.82965e-13
3 -1.45661e-13
20428 3
1 6.83897e-14
2 -1.83853e-13
3 -1.1724e-13
20430 3
1 5.86198e-14
2 -1.95399e-13
3 -1.22569e-13
20432 3
1 1.01696e-13
2 -1.76748e-13
3 -1.01252e-13
20434 3
1 6.57252e-14
2 -1.803e-13
3 -1.15463e-13
20436 3
1 5.41789e-14
2 -1.75859e-13
3 -1.09246e-13
20438 3
1 6.30607e-14
2 -1.69642e-13
3 -1.11022e-13
20440 3
1 7.19425e-14
2 -1.9007e-13
3 -1.29674e-13
20442 3
1 7.4607e-14
2 -1.78524e-13
3 -1.34115e-13
20444 3
1 6.26166e-14
2 -1.61648e-13
3 -1.19016e-13
20446 3
1 7.68274e-14
2 -1.65201e-13
3 -1.10134e-13
20448 3
1 5.50671e-14
2 -1.74083e-13
3 -1.00364e-13
20450 3
1 7.37188e-14
2 -1.62537e-13
3 -8.26006e-14
20452 3
1 7.81597e-14
2 -1.59872e-13
3 -1.03029e-13
20454 3
1 9.59233e-14
2 -1.83853e-13
3 -9.68114e-14
20456 3
1 8.08242e-14
2 -1.56319e-13
3 -1.05693e-13
20458 3
1 6.79456e-14
2 -1.86517e-13
3 -1.12799e-13
20460 3
1 7.63833e-14
2 -1.95399e-13
3 -1.35003e-13
20462 3
1 5.15143e-14
2 -1.93623e-13
3 -1.10134e-13
20464 3
1 7.28306e-14
2 -1.76748e-13
3 -1.18128e-13
20466 3
1 7.37188e-14
2 -1.96287e-13
3 -9.76996e-14
20468 3
1 6.4837e-14
2 -1.86517e-13
3 -9.05942e-14
20470 3
1 8.79297e-14
2 -1.57208e-13
3 -1.1724e-13
20472 3
1 6.4837e-14
2 -1.72307e-13
3 -1.20792e-13
20474 3
1 6.30607e-14
2 -1.82965e-13
3 -1.22569e-13
20476 3
1 5.9952e-14
2 -1.79412e-13
3 -1.22569e-13
20478 3
1 5.9508e-14
2 -1.77636e-13
3 -1.26121e-13
20480 3
1 5.72875e-14
2 -1.92735e-13
3 -1.22569e-13
20482 3
1 6.43929e-14
2 -1.66978e-13
3 -1.1724e-13
20484 3
1 8.65974e-14
2 -1.89182e-13
3 -1.15463e-13
20486 3
1 9.9476e-14
2 -1.88294e-13
3 -1.27898e-13
20488 3
1 6.79456e-14
2 -1.78524e-13
3 -1.2701e-13
20490 3
1 8.57092e-14
2 -1.69642e-13
3 -1.06581e-13
20492 3
1 8.08242e-14
2 -1.89182e-13
3 -1.2701e-13
20494 3
1 6.08402e-14
2 -1.93623e-13
3 -1.11022e-13
20496 3
1 7.63833e-14
2 -1.59872e-13
3 -1.33227e-13
20498 3
1 8.9706e-14
2 -1.78524e-13
3 -1.50102e-13
20500 3
1 6.9722e-14
2 -1.91847e-13
3 -1.01252e-13
20502 3
1 7.54952e-14
2 -1.89182e-13
3 -1.12799e-13
20504 3
1 7.90479e-14
2 -1.58096e-13
3 -1.30562e-13
20506 3
1 8.17124e-14
2 -2.06946e-13
3 -1.32339e-13
20508 3
1 6.39488e-14
2 -1.82965e-13
3 -1.3145e-13
20510 3
1 7.28306e-14
2 -1.82965e-13
3 -1.42109e-13
20512 3
1 4.52971e-14
2 -1.79412e-13
3 -1.42109e-13
20514 3
1 1.06581e-13
2 -1.98064e-13
3 -1.18128e-13
20516 3
1 7.63833e-14
2 -1.89182e-13
3 -1.3145e-13
20518 3
1 6.66134e-14
2 -1.82965e-13
3 -1.40332e-13
20520 3
1 7.4607e-14
2 -2.06057e-13
3 -1.26121e-13
20522 3
1 8.88178e-14
2 -1.93623e-13
3 -1.22569e-13
20524 3
1 9.9476e-14
2 -1.9007e-13
3 -1.36779e-13
20526 3
1 1.02141e-13
2 -2.04281e-13
3 -1.49214e-13
20528 3
1 7.4607e-14
2 -1.94511e-13
3 -1.0747e-13
20530 3
1 7.28306e-14
2 -1.95399e-13
3 -1.30562e-13
20532 3
1 9.68114e-14
2 -1.9984e-13
3 -1.33227e-13
20534 3
1 1.03029e-13
2 -1.94511e-13
3 -1.36779e-13
20536 3
1 8.88178e-14
2 -2.10498e-13
3 -1.25233e-13
20538 3
1 1.03029e-13
2 -2.06057e-13
3 -1.10134e-13
20540 3
1 7.10543e-14
2 -2.36255e-13
3 -1.2168e-13
20542 3
1 1.03029e-13
2 -2.02505e-13
3 -1.52767e-13
20544 3
1 8.08242e-14
2 -2.13163e-13
3 -1.29674e-13
20546 3
1 8.34888e-14
2 -1.82965e-13
3 -1.22569e-13
20548 3
1 8.43769e-14
2 -2.14051e-13
3 -1.35891e-13
20550 3
1 9.14824e-14
2 -2.08722e-13
3 -1.40332e-13
20552 3
1 6.83897e-14
2 -2.02505e-13
3 -1.37668e-13
20554 3
1 8.17124e-14
2 -2.10498e-13
3 -1.45661e-13
20556 3
1 6.75016e-14
2 -2.06057e-13
3 -1.59872e-13
20558 3
1 8.52651e-14
2 -1.95399e-13
3 -1.52767e-13
20560 3
1 6.43929e-14
2 -1.91847e-13
3 -1.28786e-13
20562 3
1 9.32587e-14
2 -1.86517e-13
3 -1.42997e-13
20564 3
1 8.57092e-14
2 -1.93623e-13
3 -1.55431e-13
20566 3
1 7.63833e-14
2 -2.04281e-13
3 -1.32339e-13
20568 3
1 5.24025e-14
2 -1.72307e-13
3 -1.47438e-13
20570 3
1 9.54792e-14
2 -2.04281e-13
3 -1.38556e-13
20572 3
1 9.59233e-14
2 -1.81188e-13
3 -1.43885e-13
20574 3
1 9.14824e-14
2 -1.73195e-13
3 -1.49214e-13
20576 3
1 1.08802e-13
2 -1.96287e-13
3 -1.38556e-13
20578 3
1 1.04805e-13
2 -2.12275e-13
3 -1.51879e-13
20580 3
1 9.59233e-14
2 -1.97176e-13
3 -1.54543e-13
20582 3
1 1.03029e-13
2 -1.88294e-13
3 -1.68754e-13
20584 3
1 1.09246e-13
2 -1.86517e-13
3 -1.74083e-13
20586 3
1 7.54952e-14
2 -1.83853e-13
3 -1.65201e-13
20588 3
1 7.19425e-14
2 -2.02505e-13
3 -1.42109e-13
20590 3
1 9.05942e-14
2 -1.66089e-13
3 -1.42109e-13
20592 3
1 1.06581e-13
2 -1.98064e-13
3 -1.42997e-13
20594 3
1 1.06581e-13
2 -1.90958e-13
3 -1.63425e-13
20596 3
1 1.16795e-13
2 -1.53655e-13
3 -1.50102e-13
20598 3
1 9.50351e-14
2 -1.9007e-13
3 -1.67866e-13
20600 3
1 8.79297e-14
2 -2.02949e-13
3 -1.53655e-13
20602 3
1 6.03961e-14
2 -1.56319e-13
3 -1.44773e-13
20604 3
1 9.14824e-14
2 -1.80744e-13
3 -1.37668e-13
20606 3
1 1.08358e-13
2 -1.53211e-13
3 -1.74083e-13
20608 3
1 9.85878e-14
2 -1.55431e-13
3 -1.53655e-13
20610 3
1 1.13243e-13
2 -1.90958e-13
3 -1.49214e-13
20612 3
1 8.70415e-14
2 -1.66533e-13
3 -1.34115e-13
20614 3
1 9.59233e-14
2 -1.71863e-13
3 -1.76748e-13
20616 3
1 7.99361e-14
2 -1.89182e-13
3 -1.61648e-13
20618 3
1 1.06137e-13
2 -1.55875e-13
3 -1.44773e-13
20620 3
1 8.43769e-14
2 -1.47438e-13
3 -1.42109e-13
20622 3
1 7.99361e-14
2 -1.52323e-13
3 -1.61648e-13
20624 3
1 7.54952e-14
2 -1.52323e-13
3 -1.74971e-13
20626 3
1 9.32587e-14
2 -1.20348e-13
3 -1.55431e-13
20628 3
1 1.00364e-13
2 -1.62981e-13
3 -1.72307e-13
20630 3
1 8.61533e-14
2 -1.59872e-13
3 -1.64313e-13
20632 3
1 7.19425e-14
2 -1.3145e-13
3 -1.38556e-13
20634 3
1 8.26006e-14
2 -1.70086e-13
3 -1.42997e-13
20636 3
1 6.57252e-14
2 -1.42109e-13
3 -1.40332e-13
20638 3
1 7.28306e-14
2 -1.56763e-13
3 -1.74083e-13
20640 3
1 8.83738e-14
2 -1.85629e-13
3 -1.58096e-13
20642 3
1 1.04361e-13
2 -1.76748e-13
3 -1.47438e-13
20644 3
1 4.92939e-14
2 -1.6831e-13
3 -1.4122e-13
20646 3
1 6.92779e-14
2 -1.52767e-13
3 -1.35003e-13
20648 3
1 6.12843e-14
2 -1.47882e-13
3 -1.66089e-13
20650 3
1 8.30447e-14
2 -1.58984e-13
3 -1.7053e-13
20652 3
1 7.99361e-14
2 -1.47882e-13
3 -1.58984e-13
20654 3
1 8.43769e-14
2 -1.58096e-13
3 -1.73195e-13
20656 3
1 6.83897e-14
2 -1.62093e-13
3 -1.7053e-13
20658 3
1 6.39488e-14
2 -1.65645e-13
3 -1.45661e-13
20660 3
1 5.10703e-14
2 -1.57208e-13
3 -1.63425e-13
20662 3
1 8.17124e-14
2 -1.74971e-13
3 -1.66089e-13
20664 3
1 8.26006e-14
2 -1.50102e-13
3 -1.72307e-13
20666 3
1 6.17284e-14
2 -1.5099e-13
3 -1.7053e-13
20668 3
1 8.08242e-14
2 -1.55431e-13
3 -1.71418e-13
20670 3
1 7.23865e-14
2 -1.75415e-13
3 -1.74971e-13
20672 3
1 6.57252e-14
2 -1.74527e-13
3 -1.7053e-13
20674 3
1 7.19425e-14
2 -1.77636e-13
3 -1.9007e-13
20676 3
1 7.41629e-14
2 -1.74971e-13
3 -1.54543e-13
20678 3
1 6.4837e-14
2 -1.85629e-13
3 -1.61648e-13
20680 3
1 6.61693e-14
2 -1.54543e-13
3 -1.59872e-13
20682 3
1 7.99361e-14
2 -1.58096e-13
3 -1.68754e-13
20684 3
1 8.52651e-14
2 -1.63869e-13
3 -1.66978e-13
20686 3
1 8.34888e-14
2 -1.50546e-13
3 -1.83853e-13
20688 3
1 8.88178e-14
2 -1.66978e-13
3 -1.57208e-13
20690 3
1 8.21565e-14
2 -1.6831e-13
3 -1.74083e-13
20692 3
1 1.02141e-13
2 -1.51879e-13
3 -1.53655e-13
20694 3
1 8.61533e-14
2 -1.61204e-13
3 -1.84741e-13
20696 3
1 1.1724e-13
2 -1.54987e-13
3 -1.59872e-13
20698 3
1 1.03029e-13
2 -1.77192e-13
3 -1.66089e-13
20700 3
1 8.34888e-14
2 -1.54099e-13
3 -1.84741e-13
20702 3
1 9.9476e-14
2 -1.69642e-13
3 -1.67866e-13
20704 3
1 8.74856e-14
2 -1.75859e-13
3 -1.58984e-13
20706 3
1 9.81437e-14
2 -1.4122e-13
3 -1.89182e-13
20708 3
1 9.05942e-14
2 -1.69198e-13
3 -1.72307e-13
20710 3
1 8.03801e-14
2 -1.70974e-13
3 -1.7053e-13
20712 3
1 7.81597e-14
2 -1.28786e-13
3 -1.50102e-13
20714 3
1 9.01501e-14
2 -1.44773e-13
3 -1.55431e-13
20716 3
1 8.12683e-14
2 -1.55875e-13
3 -2.02505e-13
20718 3
1 1.21236e-13
2 -1.61648e-13
3 -1.72307e-13
20720 3
1 1.19016e-13
2 -1.43441e-13
3 -1.86517e-13
20722 3
1 8.61533e-14
2 -1.45661e-13
3 -1.82077e-13
20724 3
1 7.50511e-14
2 -1.61648e-13
3 -1.88294e-13
20726 3
1 9.50351e-14
2 -1.54543e-13
3 -1.88294e-13
20728 3
1 9.68114e-14
2 -1.83853e-13
3 -1.61648e-13
20730 3
1 8.08242e-14
2 -1.52767e-13
3 -1.84741e-13
20732 3
1 1.03917e-13
2 -1.82965e-13
3 -1.77636e-13
20734 3
1 8.61533e-14
2 -1.71418e-13
3 -2.00728e-13
20736 3
1 7.72715e-14
2 -1.65201e-13
3 -1.82965e-13
20738 3
1 9.10383e-14
2 -1.68754e-13
3 -1.66978e-13
20740 3
1 8.26006e-14
2 -1.88294e-13
3 -1.83853e-13
20742 3
1 7.37188e-14
2 -1.66978e-13
3 -1.94511e-13
20744 3
1 8.21565e-14
2 -1.49214e-13
3 -1.69642e-13
20746 3
1 1.03473e-13
2 -1.73195e-13
3 -1.73195e-13
20748 3
1 9.4591e-14
2 -1.56319e-13
3 -2.14939e-13
20750 3
1 8.12683e-14
2 -1.82965e-13
3 -1.59872e-13
20752 3
1 7.54952e-14
2 -1.50102e-13
3 -1.94511e-13
20754 3
1 9.59233e-14
2 -1.4122e-13
3 -1.81188e-13
20756 3
1 1.03917e-13
2 -1.7053e-13
3 -1.76748e-13
20758 3
1 6.92779e-14
2 -1.7053e-13
3 -1.91847e-13
20760 3
1 8.08242e-14
2 -1.65201e-13
3 -1.84741e-13
20762 3
1 9.9476e-14
2 -1.52767e-13
3 -1.84741e-13
20764 3
1 7.54952e-14
2 -1.69642e-13
3 -1.57208e-13
20766 3
1 7.72715e-14
2 -1.42997e-13
3 -2.01617e-13
20768 3
1 8.4821e-14
2 -1.69642e-13
3 -1.86517e-13
20770 3
1 1.03473e-13
2 -1.52767e-13
3 -1.83853e-13
20772 3
1 1.03029e-13
2 -1.52767e-13
3 -1.89182e-13
20774 3
1 7.59393e-14
2 -1.45661e-13
3 -1.97176e-13
20776 3
1 7.28306e-14
2 -1.81188e-13
3 -1.68754e-13
20778 3
1 8.52651e-14
2 -1.73195e-13
3 -1.73195e-13
20780 3
1 7.19425e-14
2 -1.74083e-13
3 -1.90958e-13
20782 3
1 8.21565e-14
2 -1.72307e-13
3 -1.88294e-13
20784 3
1 1.05693e-13
2 -1.81188e-13
3 -1.74083e-13
20786 3
1 6.08402e-14
2 -1.96287e-13
3 -1.74083e-13
20788 3
1 8.70415e-14
2 -1.65201e-13
3 -1.93623e-13
20790 3
1 6.92779e-14
2 -1.59872e-13
3 -1.9984e-13
20792 3
1 8.03801e-14
2 -1.57208e-13
3 -1.7053e-13
20794 3
1 7.99361e-14
2 -1.9007e-13
3 -2.07834e-13
20796 3
1 4.9738e-14
2 -1.75859e-13
3 -1.85629e-13
20798 3
1 7.90479e-14
2 -1.96287e-13
3 -1.92735e-13
20800 3
1 8.65974e-14
2 -1.78524e-13
3 -1.94511e-13
20802 3
1 8.17124e-14
2 -1.86517e-13
3 -1.97176e-13
20804 3
1 7.68274e-14
2 -1.803e-13
3 -1.69642e-13
20806 3
1 8.88178e-14
2 -1.83853e-13
3 -2.06946e-13
20808 3
1 8.26006e-14
2 -1.62537e-13
3 -1.75859e-13
20810 3
1 9.90319e-14
2 -1.84741e-13
3 -1.98064e-13
20812 3
1 9.37028e-14
2 -1.65201e-13
3 -1.92735e-13
20814 3
1 7.81597e-14
2 -1.9984e-13
3 -1.96287e-13
20816 3
1 6.70575e-14
2 -1.58984e-13
3 -2.02505e-13
20818 3
1 1.20792e-13
2 -1.86517e-13
3 -1.94511e-13
20820 3
1 6.75016e-14
2 -1.95399e-13
3 -1.87406e-13
20822 3
1 8.9706e-14
2 -1.77636e-13
3 -1.96287e-13
20824 3
1 7.81597e-14
2 -1.94511e-13
3 -1.89182e-13
20826 3
1 5.9508e-14
2 -1.52767e-13
3 -1.95399e-13
20828 3
1 9.50351e-14
2 -1.89182e-13
3 -1.90958e-13
20830 3
1 7.50511e-14
2 -1.84741e-13
3 -1.77636e-13
20832 3
1 5.63993e-14
2 -1.74971e-13
3 -1.93623e-13
20834 3
1 6.75016e-14
2 -1.89182e-13
3 -1.94511e-13
20836 3
1 7.81597e-14
2 -1.83853e-13
3 -1.74971e-13
20838 3
1 8.08242e-14
2 -1.87406e-13
3 -1.78524e-13
20840 3
1 8.26006e-14
2 -1.68754e-13
3 -1.91847e-13
20842 3
1 6.39488e-14
2 -1.69642e-13
3 -1.85629e-13
20844 3
1 6.57252e-14
2 -1.66089e-13
3 -1.73195e-13
20846 3
1 8.30447e-14
2 -1.73195e-13
3 -1.83853e-13
20848 3
1 6.21725e-14
2 -1.74083e-13
3 -1.87406e-13
20850 3
1 5.55112e-14
2 -1.81188e-13
3 -1.73195e-13
20852 3
1 7.06102e-14
2 -1.78524e-13
3 -1.95399e-13
20854 3
1 4.52971e-14
2 -1.71418e-13
3 -1.91847e-13
20856 3
1 8.52651e-14
2 -1.61648e-13
3 -1.74083e-13
20858 3
1 5.9952e-14
2 -1.89182e-13
3 -1.72307e-13
20860 3
1 6.92779e-14
2 -2.10498e-13
3 -1.86517e-13
20862 3
1 7.10543e-14
2 -1.72307e-13
3 -1.82077e-13
20864 3
1 7.14984e-14
2 -1.75859e-13
3 -1.9007e-13
20866 3
1 8.39329e-14
2 -1.87406e-13
3 -1.82965e-13
20868 3
1 5.77316e-14
2 -2.01617e-13
3 -1.77636e-13
20870 3
1 8.26006e-14
2 -1.74083e-13
3 -1.76748e-13
20872 3
1 8.74856e-14
2 -2.02505e-13
3 -1.98952e-13
20874 3
1 8.52651e-14
2 -1.92735e-13
3 -1.77636e-13
20876 3
1 8.12683e-14
2 -1.98064e-13
3 -1.46549e-13
20878 3
1 6.61693e-14
2 -2.08722e-13
3 -2.08722e-13
20880 3
1 9.68114e-14
2 -1.88294e-13
3 -1.72307e-13
20882 3
1 7.41629e-14
2 -1.98952e-13
3 -1.84741e-13
20884 3
1 4.84057e-14
2 -2.24709e-13
3 -1.67866e-13
20886 3
1 6.4837e-14
2 -1.94511e-13
3 -1.86517e-13
20888 3
1 6.26166e-14
2 -1.97176e-13
3 -1.57208e-13
20890 3
1 3.19744e-14
2 -2.08722e-13
3 -1.64313e-13
20892 3
1 5.9952e-14
2 -1.98952e-13
3 -1.74971e-13
20894 3
1 4.9738e-14
2 -1.78524e-13
3 -1.803e-13
20896 3
1 4.9738e-14
2 -1.89182e-13
3 -1.74971e-13
20898 3
1 7.10543e-14
2 -2.03393e-13
3 -1.74971e-13
20900 3
1 6.66134e-14
2 -1.96287e-13
3 -1.69642e-13
20902 3
1 6.17284e-14
2 -2.06057e-13
3 -1.96287e-13
20904 3
1 5.06262e-14
2 -1.77636e-13
3 -1.66089e-13
20906 3
1 6.61693e-14
2 -2.00728e-13
3 -1.6076e-13
20908 3
1 5.50671e-14
2 -1.92735e-13
3 -1.72307e-13
20910 3
1 5.63993e-14
2 -1.67866e-13
3 -1.803e-13
20912 3
1 7.81597e-14
2 -2.11386e-13
3 -1.81188e-13
20914 3
1 7.06102e-14
2 -1.77636e-13
3 -1.82077e-13
20916 3
1 5.9952e-14
2 -1.88294e-13
3 -1.69642e-13
20918 3
1 6.92779e-14
2 -1.89182e-13
3 -1.58984e-13
20920 3
1 6.03961e-14
2 -1.9984e-13
3 -1.82965e-13
20922 3
1 5.15143e-14
2 -1.91847e-13
3 -1.55431e-13
20924 3
1 5.59552e-14
2 -1.803e-13
3 -1.42109e-13
20926 3
1 6.66134e-14
2 -1.83853e-13
3 -1.65201e-13
20928 3
1 5.32907e-14
2 -1.81188e-13
3 -1.63425e-13
20930 3
1 7.23865e-14
2 -1.98952e-13
3 -1.73195e-13
20932 3
1 5.24025e-14
2 -1.90958e-13
3 -1.51879e-13
20934 3
1 4.70735e-14
2 -1.87406e-13
3 -1.92735e-13
20936 3
1 6.4837e-14
2 -1.68754e-13
3 -1.74971e-13
20938 3
1 6.43929e-14
2 -1.66978e-13
3 -1.51879e-13
20940 3
1 3.59712e-14
2 -1.69642e-13
3 -1.72307e-13
20942 3
1 2.84217e-14
2 -1.84297e-13
3 -1.69642e-13
20944 3
1 6.75016e-14
2 -1.91847e-13
3 -1.84741e-13
20946 3
1 5.32907e-14
2 -1.95399e-13
3 -1.68754e-13
20948 3
1 4.92939e-14
2 -1.90514e-13
3 -1.73195e-13
20950 3
1 3.59712e-14
2 -1.79412e-13
3 -1.7053e-13
20952 3
1 4.21885e-14
2 -1.94955e-13
3 -1.84741e-13
20954 3
1 3.06422e-14
2 -1.78524e-13
3 -1.68754e-13
20956 3
1 3.59712e-14
2 -1.85185e-13
3 -1.38556e-13
20958 3
1 4.26326e-14
2 -2.03393e-13
3 -1.62537e-13
20960 3
1 4.44089e-14
2 -1.9007e-13
3 -1.62537e-13
20962 3
1 5.37348e-14
2 -1.9984e-13
3 -1.46549e-13
20964 3
1 4.13003e-14
2 -1.91847e-13
3 -1.68754e-13
20966 3
1 3.24185e-14
2 -1.97176e-13
3 -1.7053e-13
20968 3
1 3.15303e-14
2 -2.06057e-13
3 -2.01617e-13
20970 3
1 5.19584e-14
2 -1.98064e-13
3 -1.74971e-13
20972 3
1 5.4623e-14
2 -1.7053e-13
3 -1.45661e-13
20974 3
1 4.4853e-14
2 -1.90958e-13
3 -1.61648e-13
20976 3
1 6.57252e-14
2 -2.13163e-13
3 -1.57208e-13
20978 3
1 4.9738e-14
2 -1.89182e-13
3 -1.54543e-13
20980 3
1 5.50671e-14
2 -1.76748e-13
3 -1.36779e-13
20982 3
1 3.28626e-14
2 -1.98952e-13
3 -1.51879e-13
20984 3
1 5.10703e-14
2 -2.02505e-13
3 -1.67866e-13
20986 3
1 5.32907e-14
2 -1.98952e-13
3 -1.83853e-13
20988 3
1 7.10543e-14
2 -1.94511e-13
3 -1.74971e-13
20990 3
1 3.01981e-14
2 -1.57208e-13
3 -1.73195e-13
20992 3
1 7.72715e-14
2 -2.12275e-13
3 -1.66089e-13
20994 3
1 7.10543e-14
2 -1.95399e-13
3 -1.63425e-13
20996 3
1 5.32907e-14
2 -2.0961e-13
3 -1.58096e-13
20998 3
1 5.77316e-14
2 -2.00728e-13
3 -1.75859e-13
21000 3
1 4.81837e-14
2 -1.7053e-13
3 -1.7053e-13
21002 3
1 4.4853e-14
2 -1.84741e-13
3 -1.66978e-13
21004 3
1 4.57412e-14
2 -2.00728e-13
3 -1.85629e-13
21006 3
1 5.61773e-14
2 -1.93179e-13
3 -1.55431e-13
21008 3
1 6.59472e-14
2 -1.92735e-13
3 -1.6076e-13
21010 3
1 4.9738e-14
2 -1.98064e-13
3 -1.62537e-13
21012 3
1 3.17524e-14
2 -1.88294e-13
3 -1.68754e-13
21014 3
1 4.68514e-14
2 -1.66533e-13
3 -1.54543e-13
21016 3
1 5.52891e-14
2 -1.88294e-13
3 -1.53655e-13
21018 3
1 6.37268e-14
2 -1.87406e-13
3 -1.91847e-13
21020 3
1 6.59472e-14
2 -1.92735e-13
3 -1.90958e-13
21022 3
1 6.4615e-14
2 -1.82521e-13
3 -1.55431e-13
21024 3
1 7.99361e-14
2 -1.62981e-13
3 -1.91847e-13
21026 3
1 7.08322e-14
2 -1.82077e-13
3 -1.803e-13
21028 3
1 7.54952e-14
2 -1.94955e-13
3 -1.86517e-13
21030 3
1 4.44089e-14
2 -1.78524e-13
3 -1.71418e-13
21032 3
1 8.61533e-14
2 -1.94067e-13
3 -1.76748e-13
21034 3
1 2.53131e-14
2 -2.1716e-13
3 -1.94511e-13
21036 3
1 6.57252e-14
2 -1.85629e-13
3 -1.72307e-13
21038 3
1 8.74856e-14
2 -2.01617e-13
3 -1.76748e-13
21040 3
1 9.4591e-14
2 -2.12719e-13
3 -1.82965e-13
21042 3
1 6.39488e-14
2 -1.96287e-13
3 -1.95399e-13
21044 3
1 6.9722e-14
2 -1.98508e-13
3 -1.95399e-13
21046 3
1 6.21725e-14
2 -1.83409e-13
3 -2.17604e-13
21048 3
1 8.17124e-14
2 -2.13163e-13
3 -1.78524e-13
21050 3
1 8.21565e-14
2 -2.02061e-13
3 -1.803e-13
21052 3
1 3.15303e-14
2 -2.06946e-13
3 -1.89182e-13
21054 3
1 7.06102e-14
2 -1.87406e-13
3 -1.7053e-13
21056 3
1 7.28306e-14
2 -1.89182e-13
3 -1.87406e-13
21058 3
1 5.63993e-14
2 -2.14495e-13
3 -1.79412e-13
21060 3
1 6.79456e-14
2 -2.27374e-13
3 -1.84741e-13
21062 3
1 7.63833e-14
2 -2.20712e-13
3 -1.96287e-13
21064 3
1 5.77316e-14
2 -2.04281e-13
3 -1.85629e-13
21066 3
1 5.9508e-14
2 -2.12719e-13
3 -1.78524e-13
21068 3
1 4.17444e-14
2 -2.20712e-13
3 -1.42109e-13
21070 3
1 5.55112e-14
2 -2.10054e-13
3 -1.73195e-13
21072 3
1 5.50671e-14
2 -2.06501e-13
3 -1.96287e-13
21074 3
1 7.06102e-14
2 -2.10054e-13
3 -1.82965e-13
21076 3
1 6.03961e-14
2 -2.01617e-13
3 -1.74083e-13
21078 3
1 6.4837e-14
2 -1.98952e-13
3 -1.74971e-13
21080 3
1 6.70575e-14
2 -2.06946e-13
3 -1.84741e-13
21082 3
1 7.32747e-14
2 -2.22933e-13
3 -1.65201e-13
21084 3
1 6.4837e-14
2 -2.10054e-13
3 -1.56319e-13
21086 3
1 8.43769e-14
2 -2.02505e-13
3 -1.50102e-13
21088 3
1 6.21725e-14
2 -2.23377e-13
3 -1.64313e-13
21090 3
1 5.77316e-14
2 -2.14939e-13
3 -1.72307e-13
21092 3
1 7.41629e-14
2 -2.4869e-13
3 -1.85629e-13
21094 3
1 7.4607e-14
2 -2.35811e-13
3 -1.75859e-13
21096 3
1 5.24025e-14
2 -2.22045e-13
3 -1.65201e-13
21098 3
1 5.01821e-14
2 -2.18936e-13
3 -1.66978e-13
21100 3
1 7.37188e-14
2 -2.17604e-13
3 -1.6076e-13
21102 3
1 4.13003e-14
2 -2.15383e-13
3 -1.87406e-13
21104 3
1 7.72715e-14
2 -1.93623e-13
3 -1.77636e-13
21106 3
1 6.83897e-14
2 -2.24709e-13
3 -1.78524e-13
21108 3
1 7.86038e-14
2 -2.28262e-13
3 -1.85629e-13
21110 3
1 8.74856e-14
2 -2.01172e-13
3 -1.65201e-13
21112 3
1 8.92619e-14
2 -2.06501e-13
3 -1.89182e-13
21114 3
1 8.21565e-14
2 -2.1938e-13
3 -1.92735e-13
21116 3
1 8.17124e-14
2 -2.16271e-13
3 -1.84741e-13
21118 3
1 5.9508e-14
2 -2.09166e-13
3 -1.79412e-13
21120 3
1 5.32907e-14
2 -1.85629e-13
3 -1.77636e-13
21122 3
1 8.17124e-14
2 -2.1938e-13
3 -1.74971e-13
21124 3
1 6.92779e-14
2 -1.89626e-13
3 -1.71418e-13
21126 3
1 4.88498e-14
2 -1.92735e-13
3 -1.71418e-13
21128 3
1 7.01661e-14
2 -2.06946e-13
3 -1.46549e-13
21130 3
1 7.06102e-14
2 -1.97176e-13
3 -1.59872e-13
21132 3
1 8.4821e-14
2 -2.01617e-13
3 -1.62537e-13
21134 3
1 7.50511e-14
2 -2.12275e-13
3 -1.73195e-13
21136 3
1 6.99441e-14
2 -1.7808e-13
3 -1.53655e-13
21138 3
1 4.9738e-14
2 -1.86962e-13
3 -1.69642e-13
21140 3
1 8.14904e-14
2 -2.10942e-13
3 -1.66978e-13
21142 3
1 6.61693e-14
2 -1.75415e-13
3 -1.57208e-13
21144 3
1 1.0747e-13
2 -1.79856e-13
3 -1.82965e-13
21146 3
1 8.37108e-14
2 -2.04281e-13
3 -1.72307e-13
21148 3
1 6.86118e-14
2 -1.81188e-13
3 -1.66978e-13
21150 3
1 6.28386e-14
2 -2.14495e-13
3 -1.76748e-13
21152 3
1 6.72795e-14
2 -2.00728e-13
3 -1.75859e-13
21154 3
1 5.9508e-14
2 -1.98508e-13
3 -1.91847e-13
21156 3
1 9.05942e-14
2 -2.14495e-13
3 -1.72307e-13
21158 3
1 8.4821e-14
2 -2.30482e-13
3 -1.86517e-13
21160 3
1 5.28466e-14
2 -1.9762e-13
3 -1.58984e-13
21162 3
1 8.99281e-14
2 -1.95843e-13
3 -1.67866e-13
21164 3
1 8.61533e-14
2 -2.05169e-13
3 -1.87406e-13
21166 3
1 6.4837e-14
2 -2.03393e-13
3 -1.69642e-13
21168 3
1 5.9508e-14
2 -1.8785e-13
3 -1.93623e-13
21170 3
1 5.50671e-14
2 -2.15383e-13
3 -1.69642e-13
21172 3
1 5.32907e-14
2 -1.97176e-13
3 -1.66089e-13
21174 3
1 6.12843e-14
2 -2.33147e-13
3 -1.56319e-13
21176 3
1 4.75175e-14
2 -1.94067e-13
3 -1.55431e-13
21178 3
1 5.86198e-14
2 -1.82965e-13
3 -1.6076e-13
21180 3
1 7.14984e-14
2 -1.98508e-13
3 -1.77636e-13
21182 3
1 5.9508e-14
2 -2.03393e-13
3 -1.71418e-13
21184 3
1 6.79456e-14
2 -2.28706e-13
3 -1.79412e-13
21186 3
1 7.23865e-14
2 -2.0961e-13
3 -1.66978e-13
21188 3
1 4.52971e-14
2 -2.01617e-13
3 -1.51879e-13
21190 3
1 4.44089e-14
2 -2.09166e-13
3 -1.52767e-13
21192 3
1 2.75335e-14
2 -2.18048e-13
3 -1.61648e-13
21194 3
1 7.06102e-14
2 -2.01172e-13
3 -1.64313e-13
21196 3
1 9.01501e-14
2 -2.11386e-13
3 -1.65201e-13
21198 3
1 4.17444e-14
2 -2.21156e-13
3 -1.75859e-13
21200 3
1 5.86198e-14
2 -1.97176e-13
3 -1.52767e-13
21202 3
1 5.81757e-14
2 -1.94067e-13
3 -1.63425e-13
21204 3
1 4.70735e-14
2 -1.79412e-13
3 -1.57208e-13
21206 3
1 6.30607e-14
2 -1.91402e-13
3 -1.85629e-13
21208 3
1 5.26246e-14
2 -2.16716e-13
3 -1.68754e-13
21210 3
1 6.17284e-14
2 -2.16716e-13
3 -1.92735e-13
21212 3
1 5.55112e-14
2 -1.85629e-13
3 -1.68754e-13
21214 3
1 7.21645e-14
2 -2.13607e-13
3 -1.74083e-13
21216 3
1 6.59472e-14
2 -2.13163e-13
3 -1.84741e-13
21218 3
1 4.72955e-14
2 -1.7808e-13
3 -1.73195e-13
21220 3
1 6.4837e-14
2 -2.33147e-13
3 -1.803e-13
21222 3
1 7.59393e-14
2 -2.19824e-13
3 -1.76748e-13
21224 3
1 5.86198e-14
2 -2.21156e-13
3 -1.98952e-13
21226 3
1 4.92939e-14
2 -2.33147e-13
3 -1.9007e-13
21228 3
1 2.88658e-14
2 -2.06057e-13
3 -1.84741e-13
21230 3
1 5.10703e-14
2 -2.10054e-13
3 -1.81188e-13
21232 3
1 4.92939e-14
2 -2.03393e-13
3 -2.08722e-13
21234 3
1 5.32907e-15
2 -2.0961e-13
3 -1.803e-13
21236 3
1 5.9508e-14
2 -2.10054e-13
3 -1.74083e-13
21238 3
1 4.35207e-14
2 -2.21601e-13
3 -2.04281e-13
21240 3
1 2.70894e-14
2 -2.20712e-13
3 -2.03393e-13
21242 3
1 4.08562e-14
2 -2.11386e-13
3 -1.77636e-13
21244 3
1 3.95239e-14
2 -2.0961e-13
3 -1.84741e-13
21246 3
1 4.92939e-14
2 -1.88294e-13
3 -2.14051e-13
21248 3
1 4.79616e-14
2 -1.99396e-13
3 -2.04281e-13
21250 3
1 7.19425e-14
2 -2.01617e-13
3 -1.88294e-13
21252 3
1 4.79616e-14
2 -1.86962e-13
3 -1.9984e-13
21254 3
1 5.90639e-14
2 -2.14495e-13
3 -1.95399e-13
21256 3
1 5.86198e-14
2 -1.73195e-13
3 -1.86517e-13
21258 3
1 6.83897e-14
2 -1.81632e-13
3 -1.87406e-13
21260 3
1 6.52811e-14
2 -1.98064e-13
3 -1.85629e-13
21262 3
1 4.41869e-14
2 -1.85185e-13
3 -2.08722e-13
21264 3
1 4.92939e-14
2 -1.92291e-13
3 -2.08722e-13
21266 3
1 6.32827e-14
2 -1.99396e-13
3 -2.0961e-13
21268 3
1 5.44009e-14
2 -2.03837e-13
3 -2.07834e-13
21270 3
1 3.59712e-14
2 -2.05169e-13
3 -1.89182e-13
21272 3
1 5.77316e-14
2 -1.71863e-13
3 -1.97176e-13
21274 3
1 4.79616e-14
2 -1.94955e-13
3 -2.18492e-13
21276 3
1 2.02061e-14
2 -2.25153e-13
3 -1.95399e-13
21278 3
1 3.10862e-14
2 -1.81188e-13
3 -1.88294e-13
21280 3
1 4.01901e-14
2 -1.803e-13
3 -2.0961e-13
21282 3
1 2.04281e-14
2 -1.82077e-13
3 -2.30038e-13
21284 3
1 4.19664e-14
2 -1.84741e-13
3 -1.90958e-13
21286 3
1 4.72955e-14
2 -1.93179e-13
3 -1.65201e-13
21288 3
1 4.13003e-14
2 -2.00728e-13
3 -1.77636e-13
21290 3
1 5.79536e-14
2 -2.15383e-13
3 -1.72307e-13
21292 3
1 3.41949e-14
2 -1.9984e-13
3 -1.94511e-13
21294 3
1 3.55271e-14
2 -1.91847e-13
3 -2.06057e-13
21296 3
1 4.4853e-14
2 -1.95843e-13
3 -1.94511e-13
21298 3
1 5.35127e-14
2 -1.98952e-13
3 -1.81188e-13
21300 3
1 5.79536e-14
2 -1.89182e-13
3 -2.04281e-13
21302 3
1 4.17444e-14
2 -2.32259e-13
3 -1.98064e-13
21304 3
1 3.88578e-14
2 -2.10054e-13
3 -2.06057e-13
21306 3
1 3.28626e-14
2 -2.05613e-13
3 -2.06057e-13
21308 3
1 3.57492e-14
2 -2.08722e-13
3 -2.06057e-13
21310 3
1 3.21965e-14
2 -1.90514e-13
3 -2.12275e-13
21312 3
1 2.77556e-14
2 -1.94067e-13
3 -2.05169e-13
21314 3
1 4.61853e-14
2 -2.34035e-13
3 -1.95399e-13
21316 3
1 2.57572e-14
2 -2.07834e-13
3 -2.14051e-13
21318 3
1 1.9984e-14
2 -2.01617e-13
3 -2.18492e-13
21320 3
1 4.41869e-14
2 -1.88738e-13
3 -1.87406e-13
21322 3
1 4.68514e-14
2 -1.74083e-13
3 -2.16716e-13
21324 3
1 3.06422e-14
2 -2.06057e-13
3 -2.00728e-13
21326 3
1 3.44169e-14
2 -2.12275e-13
3 -2.10498e-13
21328 3
1 4.08562e-14
2 -1.88738e-13
3 -2.26485e-13
21330 3
1 3.61933e-14
2 -2.06946e-13
3 -2.21156e-13
21332 3
1 2.84217e-14
2 -1.89626e-13
3 -1.82077e-13
21334 3
1 6.08402e-14
2 -1.86517e-13
3 -2.22045e-13
21336 3
1 1.46549e-14
2 -1.96732e-13
3 -2.28262e-13
21338 3
1 2.5091e-14
2 -2.10942e-13
3 -2.07834e-13
21340 3
1 5.70655e-14
2 -2.10054e-13
3 -2.30038e-13
21342 3
1 6.35048e-14
2 -1.94511e-13
3 -1.92735e-13
21344 3
1 3.64153e-14
2 -2.11386e-13
3 -2.07834e-13
21346 3
1 5.55112e-14
2 -2.11386e-13
3 -1.92735e-13
21348 3
1 3.4639e-14
2 -1.82077e-13
3 -1.87406e-13
21350 3
1 2.9754e-14
2 -2.17604e-13
3 -1.90958e-13
21352 3
1 6.88338e-14
2 -2.03393e-13
3 -2.33591e-13
21354 3
1 2.79776e-14
2 -1.94511e-13
3 -2.24709e-13
21356 3
1 3.13083e-14
2 -1.91402e-13
3 -2.04281e-13
21358 3
1 4.06342e-14
2 -2.23821e-13
3 -1.85629e-13
21360 3
1 4.39648e-14
2 -2.32703e-13
3 -1.95399e-13
21362 3
1 5.10703e-15
2 -2.15827e-13
3 -1.82965e-13
21364 3
1 4.4853e-14
2 -2.14939e-13
3 -1.98064e-13
21366 3
1 3.01981e-14
2 -1.90958e-13
3 -1.89182e-13
21368 3
1 5.06262e-14
2 -2.14939e-13
3 -1.96287e-13
21370 3
1 4.17444e-14
2 -2.10054e-13
3 -1.85629e-13
21372 3
1 5.9508e-14
2 -2.23377e-13
3 -1.67866e-13
21374 3
1 3.86358e-14
2 -2.23821e-13
3 -2.06057e-13
21376 3
1 5.88418e-14
2 -2.23377e-13
3 -1.65201e-13
21378 3
1 5.37348e-14
2 -2.15383e-13
3 -2.06057e-13
21380 3
1 4.84057e-14
2 -2.06946e-13
3 -1.74083e-13
21382 3
1 5.77316e-14
2 -2.1938e-13
3 -1.89182e-13
21384 3
1 4.84057e-14
2 -2.36255e-13
3 -1.73195e-13
21386 3
1 3.64153e-14
2 -2.06946e-13
3 -1.83853e-13
21388 3
1 2.30926e-14
2 -2.37588e-13
3 -1.74971e-13
21390 3
1 3.9968e-14
2 -2.14939e-13
3 -1.96287e-13
21392 3
1 6.61693e-14
2 -2.03393e-13
3 -1.87406e-13
21394 3
1 4.9738e-14
2 -2.06501e-13
3 -1.96287e-13
21396 3
1 4.79616e-14
2 -2.25153e-13
3 -1.73195e-13
21398 3
1 4.66294e-14
2 -1.97176e-13
3 -2.00728e-13
21400 3
1 4.30767e-14
2 -2.17604e-13
3 -1.66978e-13
21402 3
1 7.41629e-14
2 -2.2915e-13
3 -1.803e-13
21404 3
1 5.30687e-14
2 -2.13163e-13
3 -1.96287e-13
21406 3
1 4.28546e-14
2 -2.15827e-13
3 -1.77636e-13
21408 3
1 6.39488e-14
2 -2.17604e-13
3 -1.98064e-13
21410 3
1 6.99441e-14
2 -2.10054e-13
3 -1.67866e-13
21412 3
1 4.17444e-14
2 -2.1716e-13
3 -2.12275e-13
21414 3
1 7.83817e-14
2 -1.89626e-13
3 -1.92735e-13
21416 3
1 5.21805e-14
2 -2.05169e-13
3 -1.82077e-13
21418 3
1 5.92859e-14
2 -2.14051e-13
3 -1.66978e-13
21420 3
1 4.9738e-14
2 -2.33591e-13
3 -1.84741e-13
21422 3
1 4.44089e-14
2 -2.00284e-13
3 -1.88294e-13
21424 3
1 4.9738e-14
2 -2.31815e-13
3 -1.84741e-13
21426 3
1 3.73035e-14
2 -2.39364e-13
3 -1.7053e-13
21428 3
1 2.17604e-14
2 -2.15827e-13
3 -1.82965e-13
21430 3
1 3.24185e-14
2 -2.13163e-13
3 -1.803e-13
21432 3
1 5.41789e-14
2 -2.32259e-13
3 -1.78524e-13
21434 3
1 5.77316e-14
2 -2.2915e-13
3 -1.73195e-13
21436 3
1 3.33067e-14
2 -2.1716e-13
3 -1.803e-13
21438 3
1 3.64153e-14
2 -2.14495e-13
3 -1.77636e-13
21440 3
1 3.33067e-14
2 -2.18936e-13
3 -1.47438e-13
21442 3
1 3.9968e-14
2 -2.02505e-13
3 -1.79412e-13
21444 3
1 3.70814e-14
2 -2.34035e-13
3 -1.72307e-13
21446 3
1 4.4631e-14
2 -2.1716e-13
3 -1.68754e-13
21448 3
1 3.15303e-14
2 -2.10498e-13
3 -1.83853e-13
21450 3
1 2.4647e-14
2 -2.18492e-13
3 -1.9007e-13
21452 3
1 1.07692e-14
2 -2.36255e-13
3 -1.63425e-13
21454 3
1 5.78426e-14
2 -2.31815e-13
3 -1.75859e-13
21456 3
1 3.90799e-14
2 -2.34923e-13
3 -1.71418e-13
21458 3
1 3.5083e-14
2 -2.367e-13
3 -1.82077e-13
21460 3
1 4.66294e-14
2 -2.43805e-13
3 -1.50102e-13
21462 3
1 5.90639e-14
2 -2.22933e-13
3 -1.71418e-13
21464 3
1 4.57412e-14
2 -2.39808e-13
3 -1.93623e-13
21466 3
1 3.10862e-14
2 -2.22489e-13
3 -1.88294e-13
21468 3
1 3.81917e-14
2 -2.16271e-13
3 -1.803e-13
21470 3
1 3.64153e-14
2 -2.16716e-13
3 -1.79412e-13
21472 3
1 5.59552e-14
2 -2.47358e-13
3 -1.83853e-13
21474 3
1 4.08562e-14
2 -2.48246e-13
3 -1.82965e-13
21476 3
1 4.4853e-14
2 -2.77556e-13
3 -1.89182e-13
21478 3
1 4.66294e-14
2 -2.49134e-13
3 -1.88294e-13
21480 3
1 5.81757e-14
2 -2.5846e-13
3 -1.84741e-13
21482 3
1 3.37508e-14
2 -2.55795e-13
3 -2.01617e-13
21484 3
1 2.35367e-14
2 -2.59348e-13
3 -1.98064e-13
21486 3
1 5.4623e-14
2 -2.54019e-13
3 -1.82965e-13
21488 3
1 3.24185e-14
2 -2.05613e-13
3 -2.00728e-13
21490 3
1 3.95239e-14
2 -2.25153e-13
3 -1.92735e-13
21492 3
1 2.66454e-14
2 -2.53575e-13
3 -1.7053e-13
21494 3
1 2.79776e-14
2 -2.58016e-13
3 -1.98952e-13
21496 3
1 4.39648e-14
2 -2.35811e-13
3 -1.72307e-13
21498 3
1 1.33227e-14
2 -2.3137e-13
3 -1.87406e-13
21500 3
1 3.19744e-14
2 -2.61569e-13
3 -1.86517e-13
21502 3
1 3.01981e-14
2 -2.40696e-13
3 -2.13163e-13
21504 3
1 1.77636e-15
2 -2.52243e-13
3 -1.85629e-13
21506 3
1 5.32907e-15
2 -2.62013e-13
3 -2.05169e-13
21508 3
1 2.4869e-14
2 -2.33591e-13
3 -1.79412e-13
21510 3
1 1.64313e-14
2 -2.41585e-13
3 -1.89182e-13
21512 3
1 1.68754e-14
2 -2.53131e-13
3 -2.04281e-13
21514 3
1 2.04281e-14
2 -2.43361e-13
3 -2.13163e-13
21516 3
1 1.15463e-14
2 -2.40696e-13
3 -1.91847e-13
21518 3
1 6.21725e-15
2 -2.50022e-13
3 -1.94511e-13
21520 3
1 1.95399e-14
2 -2.53131e-13
3 -1.81188e-13
21522 3
1 2.4869e-14
2 -2.89546e-13
3 -2.14939e-13
21524 3
1 3.55271e-14
2 -2.55795e-13
3 -1.91847e-13
21526 3
1 1.73195e-14
2 -2.55795e-13
3 -1.9007e-13
21528 3
1 1.42109e-14
2 -2.60236e-13
3 -2.00728e-13
21530 3
1 8.43769e-15
2 -2.67342e-13
3 -1.93623e-13
21532 3
1 1.86517e-14
2 -2.60236e-13
3 -1.95399e-13
21534 3
1 2.13163e-14
2 -2.49134e-13
3 -1.9984e-13
21536 3
1 2.30926e-14
2 -2.56239e-13
3 -1.96287e-13
21538 3
1 3.64153e-14
2 -2.62013e-13
3 -2.28262e-13
21540 3
1 1.5099e-14
2 -2.55351e-13
3 -2.35367e-13
21542 3
1 -1.77636e-15
2 -2.63345e-13
3 -2.02505e-13
21544 3
1 9.76996e-15
2 -2.78888e-13
3 -2.07834e-13
21546 3
1 1.59872e-14
2 -2.43361e-13
3 -2.12275e-13
21548 3
1 1.77636e-14
2 -2.6823e-13
3 -2.4869e-13
21550 3
1 1.15463e-14
2 -2.43805e-13
3 -2.22933e-13
21552 3
1 2.9754e-14
2 -2.76223e-13
3 -2.26485e-13
21554 3
1 4.44089e-16
2 -2.59792e-13
3 -2.23821e-13
21556 3
1 -1.77636e-15
2 -2.66454e-13
3 -2.25597e-13
21558 3
1 9.32587e-15
2 -2.44249e-13
3 -2.34479e-13
21560 3
1 6.66134e-15
2 -2.63345e-13
3 -2.2915e-13
21562 3
1 5.32907e-15
2 -2.39808e-13
3 -1.98064e-13
21564 3
1 1.33227e-14
2 -2.42473e-13
3 -2.11386e-13
21566 3
1 3.81917e-14
2 -2.40696e-13
3 -2.0961e-13
21568 3
1 5.32907e-15
2 -2.45581e-13
3 -2.25597e-13
21570 3
1 3.15303e-14
2 -2.44249e-13
3 -2.05169e-13
21572 3
1 1.11022e-14
2 -2.41585e-13
3 -2.21156e-13
21574 3
1 2.13163e-14
2 -2.62901e-13
3 -2.25597e-13
21576 3
1 3.59712e-14
2 -2.57572e-13
3 -2.30926e-13
21578 3
1 -1.90958e-14
2 -2.36255e-13
3 -2.17604e-13
21580 3
1 3.37508e-14
2 -2.50466e-13
3 -2.43361e-13
21582 3
1 2.9754e-14
2 -2.30926e-13
3 -2.44249e-13
21584 3
1 3.9968e-15
2 -2.28262e-13
3 -2.1938e-13
21586 3
1 3.10862e-14
2 -2.36255e-13
3 -2.47802e-13
21588 3
1 7.99361e-15
2 -2.35811e-13
3 -2.14939e-13
21590 3
1 2.13163e-14
2 -2.54463e-13
3 -2.45137e-13
21592 3
1 1.77636e-14
2 -2.52243e-13
3 -2.46914e-13
21594 3
1 3.01981e-14
2 -2.5091e-13
3 -2.49578e-13
21596 3
1 -3.55271e-15
2 -2.63789e-13
3 -2.24709e-13
21598 3
1 3.95239e-14
2 -2.44249e-13
3 -2.40696e-13
21600 3
1 7.99361e-15
2 -2.38476e-13
3 -2.35367e-13
21602 3
1 2.62013e-14
2 -2.60236e-13
3 -2.35367e-13
21604 3
1 3.55271e-14
2 -2.60236e-13
3 -2.22933e-13
21606 3
1 2.84217e-14
2 -2.46914e-13
3 -2.31815e-13
21608 3
1 2.4869e-14
2 -2.57572e-13
3 -2.46025e-13
21610 3
1 1.19904e-14
2 -2.41585e-13
3 -2.25597e-13
21612 3
1 8.88178e-15
2 -2.34479e-13
3 -2.17604e-13
21614 3
1 1.11022e-14
2 -2.51354e-13
3 -2.32703e-13
21616 3
1 2.22045e-14
2 -2.40696e-13
3 -2.32703e-13
21618 3
1 2.9754e-14
2 -2.55795e-13
3 -2.26485e-13
21620 3
1 2.35367e-14
2 -2.33591e-13
3 -2.39808e-13
21622 3
1 2.30926e-14
2 -2.33591e-13
3 -2.25597e-13
21624 3
1 3.77476e-14
2 -2.50466e-13
3 -2.0961e-13
21626 3
1 2.44249e-14
2 -2.42473e-13
3 -2.39808e-13
21628 3
1 2.88658e-14
2 -2.46914e-13
3 -2.1938e-13
21630 3
1 1.77636e-14
2 -2.44249e-13
3 -2.26485e-13
21632 3
1 2.4869e-14
2 -2.14051e-13
3 -2.38032e-13
21634 3
1 2.17604e-14
2 -2.53575e-13
3 -2.41585e-13
21636 3
1 3.68594e-14
2 -2.5846e-13
3 -2.27374e-13
21638 3
1 4.52971e-14
2 -2.42029e-13
3 -2.21156e-13
21640 3
1 2.57572e-14
2 -2.30926e-13
3 -2.36255e-13
21642 3
1 1.95399e-14
2 -2.45137e-13
3 -2.43361e-13
21644 3
1 3.01981e-14
2 -2.54019e-13
3 -2.3892e-13
21646 3
1 2.75335e-14
2 -2.23377e-13
3 -2.47802e-13
21648 3
1 2.17604e-14
2 -2.54463e-13
3 -2.57572e-13
21650 3
1 3.01981e-14
2 -2.25597e-13
3 -2.40696e-13
21652 3
1 2.62013e-14
2 -2.23377e-13
3 -2.53131e-13
21654 3
1 5.81757e-14
2 -2.32259e-13
3 -2.56684e-13
21656 3
1 4.4853e-14
2 -2.62457e-13
3 -2.24709e-13
21658 3
1 5.50671e-14
2 -2.53575e-13
3 -2.74447e-13
21660 3
1 3.01981e-14
2 -2.50466e-13
3 -2.28262e-13
21662 3
1 2.93099e-14
2 -2.54907e-13
3 -2.51354e-13
21664 3
1 4.66294e-14
2 -2.59792e-13
3 -2.41585e-13
21666 3
1 3.37508e-14
2 -2.54907e-13
3 -2.32703e-13
21668 3
1 3.86358e-14
2 -2.2693e-13
3 -2.45137e-13
21670 3
1 4.70735e-14
2 -2.57572e-13
3 -2.32703e-13
21672 3
1 4.08562e-14
2 -2.4647e-13
3 -2.54907e-13
21674 3
1 3.95239e-14
2 -2.70006e-13
3 -2.64677e-13
21676 3
1 4.39648e-14
2 -2.50466e-13
3 -2.31815e-13
21678 3
1 3.68594e-14
2 -2.32703e-13
3 -2.56684e-13
21680 3
1 1.77636e-14
2 -2.50466e-13
3 -2.51354e-13
21682 3
1 2.84217e-14
2 -2.40252e-13
3 -2.60236e-13
21684 3
1 2.70894e-14
2 -2.6068e-13
3 -2.47802e-13
21686 3
1 2.75335e-14
2 -2.53131e-13
3 -2.30926e-13
21688 3
1 2.04281e-14
2 -2.61124e-13
3 -2.53131e-13
21690 3
1 3.81917e-14
2 -2.4647e-13
3 -2.52243e-13
21692 3
1 3.55271e-14
2 -2.61569e-13
3 -2.38032e-13
21694 3
1 2.75335e-14
2 -2.66454e-13
3 -2.44249e-13
21696 3
1 3.81917e-14
2 -2.55351e-13
3 -2.30926e-13
21698 3
1 2.79776e-14
2 -2.58016e-13
3 -2.40696e-13
21700 3
1 1.33227e-14
2 -2.55795e-13
3 -2.45137e-13
21702 3
1 1.55431e-14
2 -2.62013e-13
3 -2.6823e-13
21704 3
1 1.06581e-14
2 -2.56684e-13
3 -2.54019e-13
21706 3
1 2.22045e-15
2 -2.85993e-13
3 -2.52243e-13
21708 3
1 2.4869e-14
2 -2.63789e-13
3 -2.4869e-13
21710 3
1 2.08722e-14
2 -2.72671e-13
3 -2.41585e-13
21712 3
1 2.30926e-14
2 -2.66898e-13
3 -2.31815e-13
21714 3
1 3.59712e-14
2 -2.6823e-13
3 -2.50466e-13
21716 3
1 3.59712e-14
2 -2.68674e-13
3 -2.46025e-13
21718 3
1 1.37668e-14
2 -2.57572e-13
3 -2.33591e-13
21720 3
1 1.77636e-15
2 -2.80664e-13
3 -2.24709e-13
21722 3
1 2.26485e-14
2 -2.80664e-13
3 -2.32703e-13
21724 3
1 1.28786e-14
2 -2.67786e-13
3 -2.35367e-13
21726 3
1 2.79776e-14
2 -2.80664e-13
3 -2.33591e-13
21728 3
1 -2.22045e-15
2 -2.60236e-13
3 -2.51354e-13
21730 3
1 6.66134e-15
2 -2.72671e-13
3 -2.39808e-13
21732 3
1 1.19904e-14
2 -2.66454e-13
3 -2.38032e-13
21734 3
1 3.55271e-15
2 -2.66898e-13
3 -2.22045e-13
21736 3
1 5.77316e-15
2 -2.70006e-13
3 -2.27374e-13
21738 3
1 1.90958e-14
2 -2.58904e-13
3 -2.62013e-13
21740 3
1 1.73195e-14
2 -2.82441e-13
3 -2.50466e-13
21742 3
1 2.4869e-14
2 -2.65121e-13
3 -2.1938e-13
21744 3
1 8.43769e-15
2 -2.62901e-13
3 -2.54907e-13
21746 3
1 2.22045e-14
2 -2.47802e-13
3 -2.30926e-13
21748 3
1 2.75335e-14
2 -2.73559e-13
3 -2.39808e-13
21750 3
1 2.79776e-14
2 -2.84661e-13
3 -2.28262e-13
21752 3
1 3.95239e-14
2 -2.52243e-13
3 -2.3892e-13
21754 3
1 2.62013e-14
2 -2.5846e-13
3 -2.30926e-13
21756 3
1 3.01981e-14
2 -2.54907e-13
3 -2.3892e-13
21758 3
1 3.33067e-14
2 -2.5846e-13
3 -2.33591e-13
21760 3
1 2.53131e-14
2 -2.82441e-13
3 -2.27374e-13
21762 3
1 3.41949e-14
2 -2.63789e-13
3 -2.42473e-13
21764 3
1 2.17604e-14
2 -2.60236e-13
3 -2.35367e-13
21766 3
1 3.55271e-14
2 -2.61569e-13
3 -2.57572e-13
21768 3
1 4.70735e-14
2 -2.63345e-13
3 -2.33591e-13
21770 3
1 3.5083e-14
2 -2.57572e-13
3 -2.61124e-13
21772 3
1 2.70894e-14
2 -2.47358e-13
3 -2.42473e-13
21774 3
1 1.28786e-14
2 -2.66009e-13
3 -2.4869e-13
21776 3
1 5.59552e-14
2 -2.75779e-13
3 -2.44249e-13
21778 3
1 3.37508e-14
2 -2.83329e-13
3 -2.4869e-13
21780 3
1 4.21885e-14
2 -2.57128e-13
3 -2.32703e-13
21782 3
1 8.88178e-16
2 -2.62457e-13
3 -2.27374e-13
21784 3
1 1.33227e-14
2 -2.72671e-13
3 -2.55795e-13
21786 3
1 2.93099e-14
2 -2.50022e-13
3 -2.40696e-13
21788 3
1 1.95399e-14
2 -2.44249e-13
3 -2.37144e-13
21790 3
1 2.39808e-14
2 -2.4647e-13
3 -2.52243e-13
21792 3
1 7.99361e-15
2 -2.76668e-13
3 -2.52243e-13
21794 3
1 3.06422e-14
2 -2.31815e-13
3 -2.38032e-13
21796 3
1 2.84217e-14
2 -2.35811e-13
3 -2.47802e-13
21798 3
1 2.9754e-14
2 -2.77112e-13
3 -2.43361e-13
21800 3
1 2.75335e-14
2 -2.53575e-13
3 -2.6823e-13
21802 3
1 4.13003e-14
2 -2.24265e-13
3 -2.86882e-13
21804 3
1 1.42109e-14
2 -2.53131e-13
3 -2.42473e-13
21806 3
1 9.76996e-15
2 -2.22045e-13
3 -2.49578e-13
21808 3
1 1.15463e-14
2 -2.38032e-13
3 -2.65565e-13
21810 3
1 2.75335e-14
2 -2.64677e-13
3 -2.72671e-13
21812 3
1 5.32907e-15
2 -2.46914e-13
3 -2.56684e-13
21814 3
1 3.81917e-14
2 -2.28262e-13
3 -2.57572e-13
21816 3
1 1.5099e-14
2 -2.61124e-13
3 -2.70894e-13
21818 3
1 2.9754e-14
2 -2.43361e-13
3 -2.49578e-13
21820 3
1 4.92939e-14
2 -2.4647e-13
3 -2.53131e-13
21822 3
1 4.88498e-15
2 -2.46914e-13
3 -2.62013e-13
21824 3
1 1.59872e-14
2 -2.34035e-13
3 -2.43361e-13
21826 3
1 1.5099e-14
2 -2.46914e-13
3 -2.67342e-13
21828 3
1 1.28786e-14
2 -2.37588e-13
3 -2.78888e-13
21830 3
1 2.75335e-14
2 -2.57572e-13
3 -2.92211e-13
21832 3
1 2.4869e-14
2 -2.48246e-13
3 -2.74447e-13
21834 3
1 2.53131e-14
2 -2.46025e-13
3 -2.78e-13
21836 3
1 2.30926e-14
2 -2.40252e-13
3 -2.67342e-13
21838 3
1 2.79776e-14
2 -2.51799e-13
3 -2.8777e-13
21840 3
1 1.15463e-14
2 -2.37144e-13
3 -2.77112e-13
21842 3
1 1.82077e-14
2 -2.62901e-13
3 -2.75335e-13
21844 3
1 4.35207e-14
2 -2.55795e-13
3 -2.72671e-13
21846 3
1 1.5099e-14
2 -2.39364e-13
3 -2.66454e-13
21848 3
1 3.77476e-14
2 -2.49578e-13
3 -2.74447e-13
21850 3
1 2.44249e-14
2 -2.69562e-13
3 -2.67342e-13
21852 3
1 2.08722e-14
2 -2.55795e-13
3 -2.64677e-13
21854 3
1 1.33227e-14
2 -2.65121e-13
3 -2.89546e-13
21856 3
1 2.62013e-14
2 -2.6068e-13
3 -2.83329e-13
21858 3
1 3.28626e-14
2 -2.62457e-13
3 -2.69118e-13
21860 3
1 1.73195e-14
2 -2.30038e-13
3 -2.66454e-13
21862 3
1 1.06581e-14
2 -2.69562e-13
3 -2.61124e-13
21864 3
1 2.79776e-14
2 -2.50022e-13
3 -2.51354e-13
21866 3
1 1.73195e-14
2 -2.22045e-13
3 -2.70006e-13
21868 3
1 1.9984e-14
2 -2.53575e-13
3 -2.53131e-13
21870 3
1 1.42109e-14
2 -2.43361e-13
3 -2.61124e-13
21872 3
1 3.55271e-14
2 -2.44693e-13
3 -2.8777e-13
21874 3
1 2.22045e-15
2 -2.4869e-13
3 -2.56684e-13
21876 3
1 2.62013e-14
2 -2.14939e-13
3 -2.57572e-13
21878 3
1 1.33227e-14
2 -2.42473e-13
3 -2.83329e-13
21880 3
1 2.22045e-14
2 -2.35367e-13
3 -2.75335e-13
21882 3
1 -2.22045e-15
2 -2.37588e-13
3 -2.69118e-13
21884 3
1 3.5083e-14
2 -2.42917e-13
3 -2.49578e-13
21886 3
1 1.9984e-14
2 -2.56239e-13
3 -2.39808e-13
21888 3
1 4.52971e-14
2 -2.64677e-13
3 -2.5846e-13
21890 3
1 4.30767e-14
2 -2.38032e-13
3 -2.52243e-13
21892 3
1 1.33227e-14
2 -2.34479e-13
3 -2.37144e-13
21894 3
1 4.52971e-14
2 -2.39808e-13
3 -2.53131e-13
21896 3
1 1.82077e-14
2 -2.50466e-13
3 -2.32703e-13
21898 3
1 3.28626e-14
2 -2.42473e-13
3 -2.62013e-13
21900 3
1 1.24345e-14
2 -2.51354e-13
3 -2.32703e-13
21902 3
1 2.04281e-14
2 -2.33591e-13
3 -2.42473e-13
21904 3
1 1.90958e-14
2 -2.42029e-13
3 -2.41585e-13
21906 3
1 3.19744e-14
2 -2.2915e-13
3 -2.51354e-13
21908 3
1 2.30926e-14
2 -2.10498e-13
3 -2.64677e-13
21910 3
1 3.81917e-14
2 -2.31815e-13
3 -2.56684e-13
21912 3
1 3.10862e-14
2 -2.51799e-13
3 -2.55795e-13
21914 3
1 2.30926e-14
2 -2.25597e-13
3 -2.45137e-13
21916 3
1 3.90799e-14
2 -2.23821e-13
3 -2.5846e-13
21918 3
1 2.04281e-14
2 -2.39364e-13
3 -2.67342e-13
21920 3
1 3.64153e-14
2 -2.27374e-13
3 -2.55795e-13
21922 3
1 3.06422e-14
2 -2.33591e-13
3 -2.60236e-13
21924 3
1 2.66454e-14
2 -2.12275e-13
3 -2.45137e-13
21926 3
1 3.90799e-14
2 -2.04281e-13
3 -2.75335e-13
21928 3
1 1.90958e-14
2 -2.42029e-13
3 -2.64677e-13
21930 3
1 4.26326e-14
2 -2.05613e-13
3 -2.77112e-13
21932 3
1 3.28626e-14
2 -2.14495e-13
3 -2.46025e-13
21934 3
1 5.4623e-14
2 -2.03393e-13
3 -2.56684e-13
21936 3
1 1.77636e-14
2 -2.0961e-13
3 -2.60236e-13
21938 3
1 2.22045e-14
2 -2.32703e-13
3 -2.75335e-13
21940 3
1 7.99361e-15
2 -2.27818e-13
3 -2.55795e-13
21942 3
1 1.28786e-14
2 -2.16716e-13
3 -2.46914e-13
21944 3
1 2.79776e-14
2 -2.3137e-13
3 -2.55795e-13
21946 3
1 3.10862e-14
2 -2.22933e-13
3 -2.59348e-13
21948 3
1 4.08562e-14
2 -2.30482e-13
3 -2.78e-13
21950 3
1 4.66294e-14
2 -2.42473e-13
3 -2.72671e-13
21952 3
1 1.86517e-14
2 -2.14939e-13
3 -2.89546e-13
21954 3
1 2.88658e-14
2 -2.14495e-13
3 -2.82441e-13
21956 3
1 1.95399e-14
2 -2.09166e-13
3 -2.60236e-13
21958 3
1 4.4853e-14
2 -2.43361e-13
3 -2.89546e-13
21960 3
1 3.4639e-14
2 -2.11386e-13
3 -2.80664e-13
21962 3
1 2.39808e-14
2 -2.07834e-13
3 -2.67342e-13
21964 3
1 1.5099e-14
2 -2.46025e-13
3 -2.85993e-13
21966 3
1 2.44249e-14
2 -2.23377e-13
3 -2.96652e-13
21968 3
1 5.24025e-14
2 -2.22933e-13
3 -2.93987e-13
21970 3
1 3.59712e-14
2 -2.39364e-13
3 -2.77112e-13
21972 3
1 2.30926e-14
2 -2.28706e-13
3 -2.80664e-13
21974 3
1 1.86517e-14
2 -2.06057e-13
3 -2.85993e-13
21976 3
1 4.70735e-14
2 -2.08278e-13
3 -2.89546e-13
21978 3
1 2.79776e-14
2 -2.15827e-13
3 -2.94875e-13
21980 3
1 3.19744e-14
2 -2.05169e-13
3 -2.93987e-13
21982 3
1 2.66454e-14
2 -1.88738e-13
3 -2.71783e-13
21984 3
1 1.68754e-14
2 -2.0961e-13
3 -2.63789e-13
21986 3
1 4.61853e-14
2 -2.27374e-13
3 -3.03757e-13
21988 3
1 2.93099e-14
2 -2.11386e-13
3 -2.75335e-13
21990 3
1 3.15303e-14
2 -2.21601e-13
3 -2.66454e-13
21992 3
1 3.73035e-14
2 -2.14939e-13
3 -2.78888e-13
21994 3
1 2.75335e-14
2 -2.24709e-13
3 -2.94875e-13
21996 3
1 3.01981e-14
2 -1.8785e-13
3 -2.93099e-13
21998 3
1 7.54952e-15
2 -1.89626e-13
3 -2.84217e-13
22000 3
1 2.93099e-14
2 -1.92735e-13
3 -2.83329e-13
22002 3
1 1.06581e-14
2 -2.01172e-13
3 -2.90434e-13
22004 3
1 3.64153e-14
2 -2.13607e-13
3 -2.73559e-13
22006 3
1 3.10862e-15
2 -1.97176e-13
3 -2.85105e-13
22008 3
1 6.21725e-15
2 -1.93623e-13
3 -2.80664e-13
22010 3
1 1.24345e-14
2 -1.77636e-13
3 -2.81553e-13
22012 3
1 1.28786e-14
2 -2.01617e-13
3 -2.70006e-13
22014 3
1 1.90958e-14
2 -1.90958e-13
3 -3.06422e-13
22016 3
1 1.95399e-14
2 -1.71418e-13
3 -2.91323e-13
22018 3
1 1.95399e-14
2 -1.83409e-13
3 -3.10862e-13
22020 3
1 -3.55271e-15
2 -2.00728e-13
3 -2.80664e-13
22022 3
1 3.10862e-15
2 -1.65201e-13
3 -2.88658e-13
22024 3
1 2.13163e-14
2 -2.04281e-13
3 -2.99316e-13
22026 3
1 -1.33227e-15
2 -1.89182e-13
3 -2.94875e-13
22028 3
1 0
2 -1.77636e-13
3 -2.85993e-13
22030 3
1 3.10862e-15
2 -1.85629e-13
3 -2.79776e-13
22032 3
1 -8.88178e-16
2 -2.10498e-13
3 -3.00204e-13
22034 3
1 2.22045e-15
2 -1.91402e-13
3 -2.91323e-13
22036 3
1 -1.77636e-15
2 -1.77636e-13
3 -3.02869e-13
22038 3
1 -6.66134e-15
2 -1.92735e-13
3 -2.95763e-13
22040 3
1 1.55431e-14
2 -2.08722e-13
3 -3.01981e-13
22042 3
1 1.77636e-15
2 -1.83853e-13
3 -2.99316e-13
22044 3
1 -1.06581e-14
2 -2.00284e-13
3 -3.29514e-13
22046 3
1 1.06581e-14
2 -1.82965e-13
3 -2.99316e-13
22048 3
1 1.77636e-15
2 -1.88294e-13
3 -3.05533e-13
22050 3
1 -1.42109e-14
2 -1.92291e-13
3 -2.75335e-13
22052 3
1 1.95399e-14
2 -1.86073e-13
3 -3.04645e-13
22054 3
1 1.24345e-14
2 -1.98064e-13
3 -3.0731e-13
22056 3
1 7.10543e-15
2 -1.803e-13
3 -3.0731e-13
22058 3
1 3.9968e-15
2 -1.8785e-13
3 -2.98428e-13
22060 3
1 -3.24185e-14
2 -2.01172e-13
3 -2.78888e-13
22062 3
1 1.68754e-14
2 -1.79412e-13
3 -2.92211e-13
22064 3
1 2.66454e-15
2 -1.41664e-13
3 -3.05533e-13
22066 3
1 2.93099e-14
2 -1.72307e-13
3 -3.16192e-13
22068 3
1 7.99361e-15
2 -1.89182e-13
3 -2.89546e-13
22070 3
1 7.99361e-15
2 -1.81188e-13
3 -3.04645e-13
22072 3
1 -7.99361e-15
2 -1.95843e-13
3 -2.78888e-13
22074 3
1 4.44089e-15
2 -1.81188e-13
3 -2.91323e-13
22076 3
1 -1.15463e-14
2 -1.74971e-13
3 -3.03757e-13
22078 3
1 -2.93099e-14
2 -2.07834e-13
3 -2.96652e-13
22080 3
1 -7.99361e-15
2 -1.91847e-13
3 -2.82441e-13
22082 3
1 -1.42109e-14
2 -1.92735e-13
3 -2.79776e-13
22084 3
1 -8.88178e-15
2 -1.9984e-13
3 -2.95763e-13
22086 3
1 7.99361e-15
2 -1.72751e-13
3 -3.23297e-13
22088 3
1 8.88178e-15
2 -1.85185e-13
3 -3.04645e-13
22090 3
1 -3.01981e-14
2 -1.90958e-13
3 -3.22409e-13
22092 3
1 1.33227e-14
2 -1.77192e-13
3 -3.01092e-13
22094 3
1 -2.4869e-14
2 -1.66978e-13
3 -3.04645e-13
22096 3
1 3.37508e-14
2 -1.96287e-13
3 -2.96652e-13
22098 3
1 -5.32907e-15
2 -1.82965e-13
3 -3.00204e-13
22100 3
1 -1.59872e-14
2 -1.74083e-13
3 -3.43725e-13
22102 3
1 1.77636e-15
2 -1.7053e-13
3 -2.98428e-13
22104 3
1 -6.21725e-15
2 -1.77636e-13
3 -3.14415e-13
22106 3
1 3.55271e-15
2 -1.91847e-13
3 -2.81553e-13
22108 3
1 7.10543e-15
2 -1.77636e-13
3 -2.93099e-13
22110 3
1 -1.77636e-15
2 -1.90514e-13
3 -3.03757e-13
22112 3
1 -1.15463e-14
2 -1.72751e-13
3 -3.10862e-13
22114 3
1 6.21725e-15
2 -1.84741e-13
3 -3.04645e-13
22116 3
1 -5.32907e-15
2 -1.85185e-13
3 -3.2685e-13
22118 3
1 -1.06581e-14
2 -1.73639e-13
3 -3.47278e-13
22120 3
1 -2.66454e-14
2 -1.95399e-13
3 -3.00204e-13
22122 3
1 -8.88178e-15
2 -1.803e-13
3 -3.30402e-13
22124 3
1 -6.21725e-15
2 -1.80744e-13
3 -3.02869e-13
22126 3
1 -2.39808e-14
2 -2.01617e-13
3 -3.43725e-13
22128 3
1 -2.4869e-14
2 -1.67866e-13
3 -3.14415e-13
22130 3
1 8.88178e-15
2 -1.76748e-13
3 -3.12639e-13
22132 3
1 -9.76996e-15
2 -1.78524e-13
3 -3.20632e-13
22134 3
1 -8.88178e-16
2 -1.84741e-13
3 -3.23297e-13
22136 3
1 1.77636e-15
2 -1.78524e-13
3 -3.5616e-13
22138 3
1 0
2 -1.65645e-13
3 -3.64153e-13
22140 3
1 -6.21725e-15
2 -1.74083e-13
3 -3.24185e-13
22142 3
1 -8.88178e-15
2 -1.73195e-13
3 -3.34843e-13
22144 3
1 -2.4869e-14
2 -1.86517e-13
3 -3.4639e-13
22146 3
1 -3.19744e-14
2 -1.71418e-13
3 -3.37508e-13
22148 3
1 -2.39808e-14
2 -1.76748e-13
3 -3.29514e-13
22150 3
1 -2.22045e-14
2 -1.90958e-13
3 -3.42837e-13
22152 3
1 -1.5099e-14
2 -1.89182e-13
3 -3.35731e-13
22154 3
1 -2.13163e-14
2 -1.96287e-13
3 -3.23297e-13
22156 3
1 -2.04281e-14
2 -1.77192e-13
3 -3.41949e-13
22158 3
1 -2.04281e-14
2 -1.77192e-13
3 -3.24185e-13
22160 3
1 2.66454e-15
2 -1.86517e-13
3 -3.57048e-13
22162 3
1 -1.59872e-14
2 -1.95399e-13
3 -3.49054e-13
22164 3
1 -3.10862e-14
2 -1.87406e-13
3 -3.41061e-13
22166 3
1 -1.5099e-14
2 -1.79412e-13
3 -3.14415e-13
22168 3
1 -1.95399e-14
2 -1.94955e-13
3 -3.33955e-13
22170 3
1 0
2 -1.94511e-13
3 -3.38396e-13
22172 3
1 -2.30926e-14
2 -1.72307e-13
3 -3.59712e-13
22174 3
1 -1.59872e-14
2 -1.93623e-13
3 -3.64153e-13
22176 3
1 -2.22045e-14
2 -1.73639e-13
3 -3.64153e-13
22178 3
1 -2.75335e-14
2 -1.74971e-13
3 -3.65041e-13
22180 3
1 -2.84217e-14
2 -2.01617e-13
3 -3.39284e-13
22182 3
1 -1.77636e-14
2 -1.97176e-13
3 -3.53495e-13
22184 3
1 -1.06581e-14
2 -1.86517e-13
3 -3.48166e-13
22186 3
1 -1.59872e-14
2 -1.98064e-13
3 -3.32179e-13
22188 3
1 -3.64153e-14
2 -1.94955e-13
3 -3.54383e-13
22190 3
1 -3.01981e-14
2 -2.11386e-13
3 -3.45501e-13
22192 3
1 -1.59872e-14
2 -2.17604e-13
3 -3.54383e-13
22194 3
1 -2.13163e-14
2 -2.00284e-13
3 -3.49942e-13
22196 3
1 -2.75335e-14
2 -1.83853e-13
3 -3.4639e-13
22198 3
1 -2.30926e-14
2 -1.89626e-13
3 -3.49942e-13
22200 3
1 -1.9984e-14
2 -1.94511e-13
3 -3.62377e-13
22202 3
1 -3.06422e-14
2 -1.86073e-13
3 -3.52607e-13
22204 3
1 -2.22045e-14
2 -1.90958e-13
3 -3.41949e-13
22206 3
1 -2.57572e-14
2 -1.77192e-13
3 -3.65041e-13
22208 3
1 -2.39808e-14
2 -1.94511e-13
3 -3.54383e-13
22210 3
1 -1.28786e-14
2 -1.90958e-13
3 -3.41949e-13
22212 3
1 -8.88178e-15
2 -2.18048e-13
3 -3.30402e-13
22214 3
1 -2.75335e-14
2 -1.97176e-13
3 -3.57048e-13
22216 3
1 -5.15143e-14
2 -1.96287e-13
3 -3.58824e-13
22218 3
1 -1.68754e-14
2 -1.90958e-13
3 -3.49942e-13
22220 3
1 -2.4869e-14
2 -1.93623e-13
3 -3.39284e-13
22222 3
1 -1.86517e-14
2 -2.1716e-13
3 -3.606e-13
22224 3
1 -2.84217e-14
2 -2.25597e-13
3 -3.49054e-13
22226 3
1 -7.99361e-15
2 -1.85185e-13
3 -3.25961e-13
22228 3
1 -2.13163e-14
2 -2.08722e-13
3 -3.68594e-13
22230 3
1 -2.75335e-14
2 -1.82077e-13
3 -3.49942e-13
22232 3
1 -3.10862e-14
2 -2.04281e-13
3 -3.5616e-13
22234 3
1 -2.84217e-14
2 -2.15827e-13
3 -3.55271e-13
22236 3
1 -2.66454e-14
2 -2.02505e-13
3 -3.55271e-13
22238 3
1 -3.19744e-14
2 -2.36255e-13
3 -3.20632e-13
22240 3
1 -3.4639e-14
2 -2.06946e-13
3 -3.48166e-13
22242 3
1 -4.52971e-14
2 -1.94955e-13
3 -3.55271e-13
22244 3
1 -4.17444e-14
2 -2.06946e-13
3 -3.49942e-13
22246 3
1 -2.04281e-14
2 -2.30926e-13
3 -3.37508e-13
22248 3
1 -2.57572e-14
2 -2.14939e-13
3 -3.58824e-13
22250 3
1 -4.08562e-14
2 -2.16271e-13
3 -3.35731e-13
22252 3
1 -2.66454e-14
2 -2.31815e-13
3 -3.48166e-13
22254 3
1 -6.21725e-15
2 -2.44693e-13
3 -3.52607e-13
22256 3
1 -1.68754e-14
2 -2.11386e-13
3 -3.58824e-13
22258 3
1 -3.4639e-14
2 -2.23377e-13
3 -3.53495e-13
22260 3
1 -1.42109e-14
2 -2.17604e-13
3 -3.59712e-13
22262 3
1 -7.10543e-15
2 -2.25597e-13
3 -3.61489e-13
22264 3
1 -2.04281e-14
2 -2.35811e-13
3 -3.44613e-13
22266 3
1 3.55271e-15
2 -2.22489e-13
3 -3.68594e-13
22268 3
1 -2.13163e-14
2 -2.26041e-13
3 -3.53495e-13
22270 3
1 -4.44089e-15
2 -2.02505e-13
3 -3.5616e-13
22272 3
1 -2.30926e-14
2 -1.97176e-13
3 -3.49942e-13
22274 3
1 -1.59872e-14
2 -2.03393e-13
3 -3.33955e-13
22276 3
1 -8.88178e-16
2 -2.16716e-13
3 -3.6593e-13
22278 3
1 -8.88178e-15
2 -2.02061e-13
3 -3.37508e-13
22280 3
1 -4.44089e-15
2 -2.13163e-13
3 -3.44613e-13
22282 3
1 -2.4869e-14
2 -2.2915e-13
3 -3.78364e-13
22284 3
1 -2.4869e-14
2 -2.24709e-13
3 -3.51719e-13
22286 3
1 -2.57572e-14
2 -2.27374e-13
3 -3.5083e-13
22288 3
1 -8.88178e-15
2 -2.18936e-13
3 -3.53495e-13
22290 3
1 -2.30926e-14
2 -2.11386e-13
3 -3.49054e-13
22292 3
1 -4.44089e-15
2 -2.14939e-13
3 -3.6593e-13
22294 3
1 -3.01981e-14
2 -2.08278e-13
3 -3.31291e-13
22296 3
1 -2.39808e-14
2 -2.18492e-13
3 -3.33955e-13
22298 3
1 -3.55271e-14
2 -2.34923e-13
3 -3.55271e-13
22300 3
1 -4.79616e-14
2 -2.18936e-13
3 -3.55271e-13
22302 3
1 -2.66454e-14
2 -2.31815e-13
3 -3.55271e-13
22304 3
1 -2.66454e-14
2 -1.93179e-13
3 -3.64153e-13
22306 3
1 -2.30926e-14
2 -2.14495e-13
3 -3.65041e-13
22308 3
1 -3.4639e-14
2 -2.09166e-13
3 -3.68594e-13
22310 3
1 -3.28626e-14
2 -2.06057e-13
3 -3.4639e-13
22312 3
1 -2.84217e-14
2 -1.87406e-13
3 -3.606e-13
22314 3
1 -4.79616e-14
2 -2.08722e-13
3 -3.42837e-13
22316 3
1 -2.57572e-14
2 -2.17604e-13
3 -3.38396e-13
22318 3
1 -1.33227e-14
2 -2.01617e-13
3 -3.68594e-13
22320 3
1 1.77636e-15
2 -1.95843e-13
3 -3.41061e-13
22322 3
1 -3.01981e-14
2 -2.08722e-13
3 -3.30402e-13
22324 3
1 -6.21725e-15
2 -1.91402e-13
3 -3.54383e-13
22326 3
1 -1.68754e-14
2 -1.82077e-13
3 -3.62377e-13
22328 3
1 -2.04281e-14
2 -2.03393e-13
3 -3.52607e-13
22330 3
1 -2.93099e-14
2 -2.04281e-13
3 -3.52607e-13
22332 3
1 -1.33227e-14
2 -2.22933e-13
3 -3.5616e-13
22334 3
1 -2.13163e-14
2 -2.07834e-13
3 -3.72147e-13
22336 3
1 -9.76996e-15
2 -2.12719e-13
3 -3.52607e-13
22338 3
1 -3.28626e-14
2 -1.76303e-13
3 -3.5083e-13
22340 3
1 -2.66454e-14
2 -2.18936e-13
3 -3.43725e-13
22342 3
1 -3.10862e-14
2 -1.97176e-13
3 -3.42837e-13
22344 3
1 -3.10862e-14
2 -2.00728e-13
3 -3.30402e-13
22346 3
1 -2.57572e-14
2 -2.11386e-13
3 -3.38396e-13
22348 3
1 -1.95399e-14
2 -2.11386e-13
3 -3.34843e-13
22350 3
1 -1.06581e-14
2 -1.64313e-13
3 -3.67706e-13
22352 3
1 -3.9968e-14
2 -1.6831e-13
3 -3.44613e-13
22354 3
1 -2.75335e-14
2 -2.12719e-13
3 -3.41949e-13
22356 3
1 -2.39808e-14
2 -2.02949e-13
3 -3.41949e-13
22358 3
1 -3.37508e-14
2 -2.01617e-13
3 -3.33955e-13
22360 3
1 -3.55271e-15
2 -2.03393e-13
3 -3.54383e-13
22362 3
1 -3.28626e-14
2 -2.00728e-13
3 -3.33955e-13
22364 3
1 -2.84217e-14
2 -1.73195e-13
3 -3.31291e-13
22366 3
1 -3.01981e-14
2 -2.00728e-13
3 -3.32179e-13
22368 3
1 -4.44089e-14
2 -1.87406e-13
3 -3.49942e-13
22370 3
1 -3.01981e-14
2 -2.21601e-13
3 -3.38396e-13
22372 3
1 -6.4837e-14
2 -2.2693e-13
3 -3.42837e-13
22374 3
1 -3.64153e-14
2 -1.95843e-13
3 -3.41949e-13
22376 3
1 -3.01981e-14
2 -1.85629e-13
3 -3.39284e-13
22378 3
1 -3.01981e-14
2 -2.05169e-13
3 -3.40172e-13
22380 3
1 -2.44249e-14
2 -1.9762e-13
3 -3.37508e-13
22382 3
1 -5.15143e-14
2 -1.96065e-13
3 -3.48166e-13
22384 3
1 -3.4639e-14
2 -1.74749e-13
3 -3.49054e-13
22386 3
1 -2.93099e-14
2 -1.89182e-13
3 -3.49054e-13
22388 3
1 -5.24025e-14
2 -1.90958e-13
3 -3.57936e-13
22390 3
1 -2.30926e-14
2 -1.88738e-13
3 -3.1708e-13
22392 3
1 -4.61853e-14
2 -1.93179e-13
3 -3.28626e-13
22394 3
1 -2.66454e-14
2 -1.93179e-13
3 -3.19744e-13
22396 3
1 -4.9738e-14
2 -2.07834e-13
3 -3.22409e-13
22398 3
1 -3.4639e-14
2 -2.11831e-13
3 -3.48166e-13
22400 3
1 -2.84217e-14
2 -2.04725e-13
3 -3.41061e-13
22402 3
1 -2.17604e-14
2 -1.98508e-13
3 -3.44613e-13
22404 3
1 -2.57572e-14
2 -2.12719e-13
3 -3.69482e-13
22406 3
1 -2.75335e-14
2 -1.95399e-13
3 -3.61489e-13
22408 3
1 -2.30926e-14
2 -1.9118e-13
3 -3.69482e-13
22410 3
1 2.22045e-15
2 -2.03393e-13
3 -3.17968e-13
22412 3
1 -4.21885e-14
2 -1.98508e-13
3 -3.51719e-13
22414 3
1 -3.55271e-14
2 -1.94511e-13
3 -3.31291e-13
22416 3
1 -2.4869e-14
2 -1.99174e-13
3 -3.74811e-13
22418 3
1 -3.55271e-14
2 -2.06279e-13
3 -3.29514e-13
22420 3
1 -2.4869e-14
2 -1.9873e-13
3 -3.3662e-13
22422 3
1 -2.57572e-14
2 -2.02505e-13
3 -3.25073e-13
22424 3
1 -8.88178e-16
2 -1.98064e-13
3 -3.58824e-13
22426 3
1 -3.95239e-14
2 -1.93179e-13
3 -3.84581e-13
22428 3
1 -3.81917e-14
2 -1.92069e-13
3 -3.606e-13
22430 3
1 -3.90799e-14
2 -2.21156e-13
3 -3.5616e-13
22432 3
1 -4.08562e-14
2 -1.98952e-13
3 -3.72147e-13
22434 3
1 -2.62013e-14
2 -1.93179e-13
3 -3.6593e-13
22436 3
1 -4.70735e-14
2 -2.21823e-13
3 -3.2685e-13
22438 3
1 -3.64153e-14
2 -1.86962e-13
3 -3.21521e-13
22440 3
1 -3.19744e-14
2 -2.11831e-13
3 -3.41061e-13
22442 3
1 -5.01821e-14
2 -2.07168e-13
3 -3.34843e-13
22444 3
1 -4.61853e-14
2 -2.07168e-13
3 -3.39284e-13
22446 3
1 -6.21725e-14
2 -1.75637e-13
3 -3.52607e-13
22448 3
1 -5.86198e-14
2 -2.02061e-13
3 -3.71259e-13
22450 3
1 -4.26326e-14
2 -1.86517e-13
3 -3.65041e-13
22452 3
1 -6.21725e-14
2 -2.20268e-13
3 -3.6593e-13
22454 3
1 -5.59552e-14
2 -1.98286e-13
3 -3.81029e-13
22456 3
1 -5.50671e-14
2 -2.09832e-13
3 -3.77476e-13
22458 3
1 -6.30607e-14
2 -2.0961e-13
3 -3.606e-13
22460 3
1 -6.21725e-14
2 -1.93623e-13
3 -3.61489e-13
22462 3
1 -6.57252e-14
2 -2.16493e-13
3 -3.47278e-13
22464 3
1 -5.41789e-14
2 -2.19824e-13
3 -3.64153e-13
22466 3
1 -5.77316e-14
2 -1.95177e-13
3 -3.606e-13
22468 3
1 -5.15143e-14
2 -1.98064e-13
3 -3.51719e-13
22470 3
1 -5.77316e-14
2 -2.16938e-13
3 -3.73035e-13
22472 3
1 -5.06262e-14
2 -2.24709e-13
3 -3.47278e-13
22474 3
1 -3.90799e-14
2 -2.22045e-13
3 -3.74811e-13
22476 3
1 -6.4837e-14
2 -2.24043e-13
3 -3.69482e-13
22478 3
1 -5.86198e-14
2 -2.1716e-13
3 -3.57936e-13
22480 3
1 -5.32907e-14
2 -2.14717e-13
3 -3.72147e-13
22482 3
1 -6.57252e-14
2 -2.16049e-13
3 -3.58824e-13
22484 3
1 -5.50671e-14
2 -2.04725e-13
3 -3.606e-13
22486 3
1 -4.9738e-14
2 -2.18936e-13
3 -3.49942e-13
22488 3
1 -3.81917e-14
2 -2.3137e-13
3 -3.25961e-13
22490 3
1 -5.41789e-14
2 -2.37144e-13
3 -3.42837e-13
22492 3
1 -5.68434e-14
2 -2.14495e-13
3 -3.54383e-13
22494 3
1 -6.92779e-14
2 -2.32259e-13
3 -3.40172e-13
22496 3
1 -5.24025e-14
2 -2.20268e-13
3 -3.35731e-13
22498 3
1 -4.88498e-14
2 -2.0961e-13
3 -3.57048e-13
22500 3
1 -5.77316e-14
2 -2.29594e-13
3 -3.57048e-13
22502 3
1 -6.21725e-14
2 -2.28706e-13
3 -3.48166e-13
22504 3
1 -4.9738e-14
2 -2.20712e-13
3 -3.63265e-13
22506 3
1 -7.19425e-14
2 -2.24265e-13
3 -3.54383e-13
22508 3
1 -7.99361e-14
2 -2.21378e-13
3 -3.51719e-13
22510 3
1 -5.77316e-14
2 -2.25153e-13
3 -3.73923e-13
22512 3
1 -5.68434e-14
2 -2.19824e-13
3 -3.6593e-13
22514 3
1 -6.03961e-14
2 -2.15161e-13
3 -3.58824e-13
22516 3
1 -7.19425e-14
2 -2.09166e-13
3 -3.55271e-13
22518 3
1 -6.30607e-14
2 -2.35367e-13
3 -3.43725e-13
22520 3
1 -8.52651e-14
2 -2.36255e-13
3 -3.5616e-13
22522 3
1 -5.50671e-14
2 -2.12275e-13
3 -3.66818e-13
22524 3
1 -4.52971e-14
2 -2.05391e-13
3 -3.49054e-13
22526 3
1 -5.77316e-14
2 -2.11164e-13
3 -3.64153e-13
22528 3
1 -5.32907e-14
2 -1.98064e-13
3 -3.6593e-13
22530 3
1 -8.70415e-14
2 -2.16493e-13
3 -3.67706e-13
22532 3
1 -5.86198e-14
2 -2.32703e-13
3 -3.64153e-13
22534 3
1 -7.90479e-14
2 -2.18714e-13
3 -3.81917e-13
22536 3
1 -6.75016e-14
2 -2.24265e-13
3 -3.49054e-13
22538 3
1 -3.28626e-14
2 -2.25375e-13
3 -3.61489e-13
22540 3
1 -7.10543e-14
2 -2.27818e-13
3 -3.72147e-13
22542 3
1 -6.83897e-14
2 -2.15383e-13
3 -3.65041e-13
22544 3
1 -4.52971e-14
2 -2.25597e-13
3 -3.83693e-13
22546 3
1 -5.77316e-14
2 -2.24487e-13
3 -3.78364e-13
22548 3
1 -7.10543e-14
2 -2.14495e-13
3 -3.67706e-13
22550 3
1 -7.63833e-14
2 -2.17826e-13
3 -3.5616e-13
22552 3
1 -5.77316e-14
2 -1.99396e-13
3 -3.67706e-13
22554 3
1 -6.75016e-14
2 -2.42029e-13
3 -3.55271e-13
22556 3
1 -8.88178e-14
2 -2.09166e-13
3 -3.47278e-13
22558 3
1 -7.63833e-14
2 -2.02505e-13
3 -3.83693e-13
22560 3
1 -6.39488e-14
2 -2.14051e-13
3 -3.75699e-13
22562 3
1 -8.17124e-14
2 -2.34035e-13
3 -3.71259e-13
22564 3
1 -5.77316e-14
2 -2.16938e-13
3 -3.81917e-13
22566 3
1 -7.01661e-14
2 -2.22933e-13
3 -3.76588e-13
22568 3
1 -1.03029e-13
2 -2.16271e-13
3 -3.66818e-13
22570 3
1 -9.68114e-14
2 -2.1938e-13
3 -3.7037e-13
22572 3
1 -6.92779e-14
2 -2.07168e-13
3 -3.35731e-13
22574 3
1 -6.75016e-14
2 -2.02505e-13
3 -3.78364e-13
22576 3
1 -6.66134e-14
2 -2.28706e-13
3 -3.77476e-13
22578 3
1 -7.81597e-14
2 -2.2693e-13
3 -3.54383e-13
22580 3
1 -7.4607e-14
2 -2.22045e-13
3 -3.83693e-13
22582 3
1 -6.4837e-14
2 -2.20268e-13
3 -3.82805e-13
22584 3
1 -6.21725e-14
2 -2.16271e-13
3 -3.82805e-13
22586 3
1 -4.08562e-14
2 -2.22045e-13
3 -3.82805e-13
22588 3
1 -4.88498e-14
2 -2.12275e-13
3 -3.78364e-13
22590 3
1 -5.15143e-14
2 -2.15383e-13
3 -3.77476e-13
22592 3
1 -7.81597e-14
2 -1.91402e-13
3 -3.71259e-13
22594 3
1 -7.90479e-14
2 -2.07834e-13
3 -3.42837e-13
22596 3
1 -6.39488e-14
2 -2.08722e-13
3 -3.83693e-13
22598 3
1 -6.21725e-14
2 -2.16271e-13
3 -4.01457e-13
22600 3
1 -7.10543e-14
2 -2.10942e-13
3 -4.05009e-13
22602 3
1 -4.44089e-14
2 -2.11831e-13
3 -3.74811e-13
22604 3
1 -4.9738e-14
2 -1.98286e-13
3 -3.89022e-13
22606 3
1 -6.30607e-14
2 -2.03393e-13
3 -3.67706e-13
22608 3
1 -6.57252e-14
2 -2.13163e-13
3 -3.76588e-13
22610 3
1 -6.30607e-14
2 -1.94067e-13
3 -3.88134e-13
22612 3
1 -4.88498e-14
2 -2.12275e-13
3 -3.97904e-13
22614 3
1 -6.21725e-14
2 -2.11831e-13
3 -3.94351e-13
22616 3
1 -7.01661e-14
2 -1.94955e-13
3 -4.08562e-13
22618 3
1 -7.54952e-14
2 -1.95843e-13
3 -3.86358e-13
22620 3
1 -7.28306e-14
2 -2.23821e-13
3 -4.01457e-13
22622 3
1 -6.92779e-14
2 -2.06946e-13
3 -4.04121e-13
22624 3
1 -6.39488e-14
2 -2.02283e-13
3 -3.9968e-13
22626 3
1 -6.12843e-14
2 -2.15827e-13
3 -3.87246e-13
22628 3
1 -7.81597e-14
2 -2.06946e-13
3 -4.15668e-13
22630 3
1 -8.34888e-14
2 -2.03615e-13
3 -4.07674e-13
22632 3
1 -5.59552e-14
2 -2.25153e-13
3 -3.89022e-13
22634 3
1 -5.41789e-14
2 -2.17604e-13
3 -3.96128e-13
22636 3
1 -6.92779e-14
2 -1.98508e-13
3 -3.95239e-13
22638 3
1 -5.41789e-14
2 -1.94955e-13
3 -4.21885e-13
22640 3
1 -6.03961e-14
2 -2.10942e-13
3 -3.88134e-13
22642 3
1 -6.4837e-14
2 -2.1827e-13
3 -3.94351e-13
22644 3
1 -5.41789e-14
2 -1.86962e-13
3 -3.85469e-13
22646 3
1 -7.01661e-14
2 -1.83409e-13
3 -4.16556e-13
22648 3
1 -4.70735e-14
2 -1.99396e-13
3 -3.98792e-13
22650 3
1 -5.86198e-14
2 -1.94067e-13
3 -4.08562e-13
22652 3
1 -4.9738e-14
2 -1.85629e-13
3 -4.20108e-13
22654 3
1 -7.63833e-14
2 -1.98508e-13
3 -3.81029e-13
22656 3
1 -5.06262e-14
2 -1.84297e-13
3 -3.82805e-13
22658 3
1 -6.4837e-14
2 -1.81632e-13
3 -3.90799e-13
22660 3
1 -6.57252e-14
2 -1.95843e-13
3 -4.02345e-13
22662 3
1 -6.66134e-14
2 -1.73195e-13
3 -4.17444e-13
22664 3
1 -7.4607e-14
2 -1.82077e-13
3 -3.82805e-13
22666 3
1 -5.9508e-14
2 -2.00506e-13
3 -4.18332e-13
22668 3
1 -6.57252e-14
2 -1.96065e-13
3 -4.1922e-13
22670 3
1 -6.39488e-14
2 -1.9118e-13
3 -4.05898e-13
22672 3
1 -6.66134e-14
2 -2.09166e-13
3 -4.16556e-13
22674 3
1 -7.01661e-14
2 -1.94289e-13
3 -4.01457e-13
22676 3
1 -5.32907e-14
2 -1.7164e-13
3 -4.31655e-13
22678 3
1 -6.66134e-14
2 -1.81188e-13
3 -4.10338e-13
22680 3
1 -5.68434e-14
2 -1.86073e-13
3 -4.10338e-13
22682 3
1 -8.17124e-14
2 -1.69198e-13
3 -4.20997e-13
22684 3
1 -8.26006e-14
2 -1.98064e-13
3 -4.05898e-13
22686 3
1 -7.19425e-14
2 -1.78968e-13
3 -4.15668e-13
22688 3
1 -6.83897e-14
2 -1.89404e-13
3 -4.30767e-13
22690 3
1 -7.01661e-14
2 -1.75415e-13
3 -4.20997e-13
22692 3
1 -7.99361e-14
2 -1.80966e-13
3 -3.97016e-13
22694 3
1 -7.37188e-14
2 -2.11386e-13
3 -4.25437e-13
22696 3
1 -8.88178e-14
2 -2.15605e-13
3 -3.76588e-13
22698 3
1 -7.54952e-14
2 -1.84075e-13
3 -4.28102e-13
22700 3
1 -7.54952e-14
2 -1.81188e-13
3 -4.13891e-13
22702 3
1 -6.30607e-14
2 -1.76081e-13
3 -4.2899e-13
22704 3
1 -5.77316e-14
2 -1.79634e-13
3 -4.36984e-13
22706 3
1 -6.12843e-14
2 -1.67422e-13
3 -4.21885e-13
22708 3
1 -7.72715e-14
2 -1.68976e-13
3 -4.17444e-13
22710 3
1 -8.17124e-14
2 -1.98508e-13
3 -4.06786e-13
22712 3
1 -7.63833e-14
2 -1.71863e-13
3 -4.2899e-13
22714 3
1 -7.28306e-14
2 -1.84297e-13
3 -4.43201e-13
22716 3
1 -5.50671e-14
2 -1.78968e-13
3 -4.26326e-13
22718 3
1 -7.10543e-14
2 -1.8785e-13
3 -4.25437e-13
22720 3
1 -7.01661e-14
2 -1.78524e-13
3 -4.18332e-13
22722 3
1 -5.86198e-14
2 -1.93623e-13
3 -4.42313e-13
22724 3
1 -4.66294e-14
2 -1.38556e-13
3 -4.11227e-13
22726 3
1 -6.57252e-14
2 -1.72751e-13
3 -4.01457e-13
22728 3
1 -6.21725e-14
2 -1.74527e-13
3 -3.9968e-13
22730 3
1 -6.35048e-14
2 -1.94067e-13
3 -4.0945e-13
22732 3
1 -5.68434e-14
2 -2.27374e-13
3 -4.39648e-13
22734 3
1 -5.15143e-14
2 -1.9984e-13
3 -3.97904e-13
22736 3
1 -6.39488e-14
2 -1.82965e-13
3 -4.15668e-13
22738 3
1 -4.66294e-14
2 -2.13607e-13
3 -3.83693e-13
22740 3
1 -6.75016e-14
2 -1.79412e-13
3 -4.16556e-13
22742 3
1 -6.35048e-14
2 -1.94511e-13
3 -4.06786e-13
22744 3
1 -5.41789e-14
2 -1.9984e-13
3 -4.16556e-13
22746 3
1 -6.17284e-14
2 -1.93179e-13
3 -4.07674e-13
22748 3
1 -7.28306e-14
2 -1.82077e-13
3 -4.18332e-13
22750 3
1 -5.63993e-14
2 -1.94067e-13
3 -3.91687e-13
22752 3
1 -6.12843e-14
2 -1.803e-13
3 -4.05898e-13
22754 3
1 -4.39648e-14
2 -2.00284e-13
3 -3.77476e-13
22756 3
1 -5.24025e-14
2 -1.92735e-13
3 -3.92575e-13
22758 3
1 -6.66134e-14
2 -1.91402e-13
3 -4.03233e-13
22760 3
1 -3.55271e-14
2 -1.86962e-13
3 -3.8991e-13
22762 3
1 -2.88658e-14
2 -1.84741e-13
3 -4.02345e-13
22764 3
1 -5.10703e-14
2 -2.02949e-13
3 -3.84581e-13
22766 3
1 -5.55112e-14
2 -1.62537e-13
3 -3.96128e-13
22768 3
1 -6.39488e-14
2 -1.77636e-13
3 -3.82805e-13
22770 3
1 -4.08562e-14
2 -1.86517e-13
3 -3.78364e-13
22772 3
1 -4.9738e-14
2 -2.03837e-13
3 -3.93463e-13
22774 3
1 -2.75335e-14
2 -2.08722e-13
3 -3.79252e-13
22776 3
1 -2.70894e-14
2 -1.84741e-13
3 -3.82805e-13
22778 3
1 -5.41789e-14
2 -1.86517e-13
3 -4.04121e-13
22780 3
1 -5.4623e-14
2 -1.72307e-13
3 -3.72147e-13
22782 3
1 -4.17444e-14
2 -1.91402e-13
3 -3.8014e-13
22784 3
1 -5.10703e-14
2 -1.72307e-13
3 -3.67706e-13
22786 3
1 -4.61853e-14
2 -1.79412e-13
3 -3.9968e-13
22788 3
1 -4.88498e-14
2 -1.9007e-13
3 -3.71259e-13
22790 3
1 -2.57572e-14
2 -1.75415e-13
3 -3.73923e-13
22792 3
1 -1.77636e-14
2 -1.84741e-13
3 -3.75699e-13
22794 3
1 -6.30607e-14
2 -1.90514e-13
3 -3.82805e-13
22796 3
1 -4.70735e-14
2 -2.03393e-13
3 -3.8991e-13
22798 3
1 -7.14984e-14
2 -1.88738e-13
3 -3.7037e-13
22800 3
1 -8.34888e-14
2 -2.14939e-13
3 -3.6593e-13
22802 3
1 -4.08562e-14
2 -1.95399e-13
3 -3.71259e-13
22804 3
1 -4.4853e-14
2 -1.86073e-13
3 -3.84581e-13
22806 3
1 -5.59552e-14
2 -1.9007e-13
3 -3.78364e-13
22808 3
1 -6.79456e-14
2 -1.90514e-13
3 -3.82805e-13
22810 3
1 -6.83897e-14
2 -1.73195e-13
3 -3.81917e-13
22812 3
1 -8.30447e-14
2 -1.95399e-13
3 -3.89022e-13
22814 3
1 -7.28306e-14
2 -1.64313e-13
3 -3.62377e-13
22816 3
1 -7.01661e-14
2 -1.95843e-13
3 -3.85469e-13
22818 3
1 -4.92939e-14
2 -1.96287e-13
3 -3.82805e-13
22820 3
1 -5.10703e-14
2 -1.69642e-13
3 -3.88134e-13
22822 3
1 -5.50671e-14
2 -1.95399e-13
3 -3.86358e-13
22824 3
1 -6.26166e-14
2 -1.94067e-13
3 -3.97904e-13
22826 3
1 -6.83897e-14
2 -1.91402e-13
3 -3.77476e-13
22828 3
1 -6.43929e-14
2 -1.82077e-13
3 -3.78364e-13
22830 3
1 -7.99361e-14
2 -1.87406e-13
3 -4.06786e-13
22832 3
1 -8.4821e-14
2 -1.88294e-13
3 -3.75699e-13
22834 3
1 -8.39329e-14
2 -1.86962e-13
3 -3.68594e-13
22836 3
1 -6.52811e-14
2 -1.87406e-13
3 -3.75699e-13
22838 3
1 -6.79456e-14
2 -1.90514e-13
3 -4.29878e-13
22840 3
1 -7.23865e-14
2 -1.96287e-13
3 -3.88134e-13
22842 3
1 -7.90479e-14
2 -2.01617e-13
3 -3.84581e-13
22844 3
1 -7.28306e-14
2 -2.11386e-13
3 -3.71259e-13
22846 3
1 -7.90479e-14
2 -1.83853e-13
3 -3.81029e-13
22848 3
1 -6.9722e-14
2 -1.98952e-13
3 -3.81917e-13
22850 3
1 -7.90479e-14
2 -2.18936e-13
3 -3.72147e-13
22852 3
1 -6.61693e-14
2 -2.06057e-13
3 -3.96128e-13
22854 3
1 -6.61693e-14
2 -1.91402e-13
3 -3.8991e-13
22856 3
1 -5.55112e-14
2 -2.11831e-13
3 -3.62377e-13
22858 3
1 -4.79616e-14
2 -1.8785e-13
3 -3.4639e-13
22860 3
1 -7.01661e-14
2 -2.03393e-13
3 -3.94351e-13
22862 3
1 -4.35207e-14
2 -2.06057e-13
3 -3.78364e-13
22864 3
1 -6.92779e-14
2 -1.94511e-13
3 -3.74811e-13
22866 3
1 -6.35048e-14
2 -1.91847e-13
3 -3.55271e-13
22868 3
1 -7.68274e-14
2 -2.2693e-13
3 -3.88134e-13
22870 3
1 -4.70735e-14
2 -2.15827e-13
3 -3.68594e-13
22872 3
1 -6.9722e-14
2 -1.95399e-13
3 -3.85469e-13
22874 3
1 -4.9738e-14
2 -1.95399e-13
3 -3.95239e-13
22876 3
1 -4.61853e-14
2 -2.09166e-13
3 -3.75699e-13
22878 3
1 -1.64313e-14
2 -1.74971e-13
3 -3.91687e-13
22880 3
1 -4.26326e-14
2 -2.16271e-13
3 -3.74811e-13
22882 3
1 -4.21885e-14
2 -1.9984e-13
3 -3.66818e-13
22884 3
1 -4.70735e-14
2 -1.99396e-13
3 -3.68594e-13
22886 3
1 -4.84057e-14
2 -2.17604e-13
3 -3.68594e-13
22888 3
1 -4.4853e-14
2 -2.18492e-13
3 -3.92575e-13
22890 3
1 -2.9754e-14
2 -1.88738e-13
3 -3.52607e-13
22892 3
1 -5.28466e-14
2 -2.05613e-13
3 -3.82805e-13
22894 3
1 -5.41789e-14
2 -2.00728e-13
3 -3.76588e-13
22896 3
1 -5.59552e-14
2 -1.97176e-13
3 -3.49942e-13
22898 3
1 -6.70575e-14
2 -2.38476e-13
3 -3.57048e-13
22900 3
1 -4.35207e-14
2 -2.10498e-13
3 -3.8014e-13
22902 3
1 -2.04281e-14
2 -2.19824e-13
3 -3.69482e-13
22904 3
1 -6.75016e-14
2 -2.13163e-13
3 -3.61489e-13
22906 3
1 -5.59552e-14
2 -1.9762e-13
3 -3.68594e-13
22908 3
1 -6.79456e-14
2 -2.11386e-13
3 -3.43725e-13
22910 3
1 -7.68274e-14
2 -2.11831e-13
3 -3.40172e-13
22912 3
1 -6.08402e-14
2 -1.92735e-13
3 -3.4639e-13
22914 3
1 -6.57252e-14
2 -1.87406e-13
3 -3.33955e-13
22916 3
1 -6.9722e-14
2 -2.08722e-13
3 -3.4639e-13
22918 3
1 -3.64153e-14
2 -1.82521e-13
3 -3.63265e-13
22920 3
1 -6.03961e-14
2 -2.08278e-13
3 -3.54383e-13
22922 3
1 -6.9722e-14
2 -2.02061e-13
3 -3.5616e-13
22924 3
1 -8.74856e-14
2 -1.95843e-13
3 -3.33955e-13
22926 3
1 -3.77476e-14
2 -1.96287e-13
3 -3.62377e-13
22928 3
1 -5.77316e-14
2 -2.22045e-13
3 -3.49054e-13
22930 3
1 -3.4639e-14
2 -2.085e-13
3 -3.78364e-13
22932 3
1 -4.9738e-14
2 -2.12275e-13
3 -3.58824e-13
22934 3
1 -7.63833e-14
2 -1.92957e-13
3 -3.606e-13
22936 3
1 -6.70575e-14
2 -2.01839e-13
3 -3.52607e-13
22938 3
1 -7.81597e-14
2 -1.92291e-13
3 -3.45501e-13
22940 3
1 -5.59552e-14
2 -1.93623e-13
3 -3.59712e-13
22942 3
1 -4.39648e-14
2 -1.86517e-13
3 -3.48166e-13
22944 3
1 -6.75016e-14
2 -2.27818e-13
3 -3.74811e-13
22946 3
1 -5.90639e-14
2 -1.97842e-13
3 -3.51719e-13
22948 3
1 -7.99361e-14
2 -2.15605e-13
3 -3.35731e-13
22950 3
1 -5.19584e-14
2 -1.91847e-13
3 -3.3662e-13
22952 3
1 -6.4837e-14
2 -2.07168e-13
3 -3.64153e-13
22954 3
1 -6.70575e-14
2 -2.03837e-13
3 -3.606e-13
22956 3
1 -6.35048e-14
2 -2.13163e-13
3 -3.606e-13
22958 3
1 -5.63993e-14
2 -2.17382e-13
3 -3.75699e-13
22960 3
1 -6.61693e-14
2 -1.96065e-13
3 -3.82805e-13
22962 3
1 -6.35048e-14
2 -1.9762e-13
3 -3.59712e-13
22964 3
1 -4.84057e-14
2 -1.85407e-13
3 -3.65041e-13
22966 3
1 -6.4837e-14
2 -1.82965e-13
3 -3.5616e-13
22968 3
1 -6.52811e-14
2 -2.00284e-13
3 -3.8991e-13
22970 3
1 -4.9738e-14
2 -2.08278e-13
3 -3.58824e-13
22972 3
1 -6.52811e-14
2 -2.00506e-13
3 -3.68594e-13
22974 3
1 -4.79616e-14
2 -2.04947e-13
3 -3.69482e-13
22976 3
1 -6.21725e-14
2 -1.86295e-13
3 -3.52607e-13
22978 3
1 -5.72875e-14
2 -1.87184e-13
3 -3.7037e-13
22980 3
1 -4.79616e-14
2 -1.99174e-13
3 -3.89022e-13
22982 3
1 -7.28306e-14
2 -1.92735e-13
3 -3.74811e-13
22984 3
1 -7.54952e-14
2 -1.89182e-13
3 -3.98792e-13
22986 3
1 -4.84057e-14
2 -1.86517e-13
3 -3.79252e-13
22988 3
1 -4.79616e-14
2 -1.86517e-13
3 -3.73035e-13
22990 3
1 -2.70894e-14
2 -2.04281e-13
3 -3.78364e-13
22992 3
1 -4.08562e-14
2 -2.05613e-13
3 -3.606e-13
22994 3
1 -4.61853e-14
2 -1.88072e-13
3 -3.84581e-13
22996 3
1 -4.04121e-14
2 -1.80744e-13
3 -3.7037e-13
22998 3
1 -4.92939e-14
2 -2.05169e-13
3 -3.76588e-13
23000 3
1 -4.66294e-14
2 -2.02949e-13
3 -3.84581e-13
23002 3
1 -5.19584e-14
2 -1.79856e-13
3 -3.83693e-13
23004 3
1 -4.08562e-14
2 -1.90514e-13
3 -3.95239e-13
23006 3
1 -6.17284e-14
2 -1.82965e-13
3 -3.89022e-13
23008 3
1 -4.13003e-14
2 -1.7053e-13
3 -3.78364e-13
23010 3
1 -7.19425e-14
2 -1.84741e-13
3 -3.67706e-13
23012 3
1 -4.84057e-14
2 -1.79856e-13
3 -3.5616e-13
23014 3
1 -7.14984e-14
2 -1.82521e-13
3 -4.01457e-13
23016 3
1 -6.03961e-14
2 -1.82521e-13
3 -3.92575e-13
23018 3
1 -5.90639e-14
2 -1.86962e-13
3 -4.00568e-13
23020 3
1 -6.43929e-14
2 -1.67866e-13
3 -3.82805e-13
23022 3
1 -6.30607e-14
2 -1.84741e-13
3 -4.10338e-13
23024 3
1 -6.57252e-14
2 -1.64313e-13
3 -3.89022e-13
23026 3
1 -7.37188e-14
2 -1.64757e-13
3 -3.74811e-13
23028 3
1 -5.06262e-14
2 -1.59872e-13
3 -4.07674e-13
23030 3
1 -6.66134e-14
2 -1.67644e-13
3 -3.7037e-13
23032 3
1 -6.70575e-14
2 -1.63647e-13
3 -3.73035e-13
23034 3
1 -6.12843e-14
2 -1.5854e-13
3 -3.88134e-13
23036 3
1 -5.90639e-14
2 -1.672e-13
3 -3.5616e-13
23038 3
1 -6.17284e-14
2 -1.69642e-13
3 -3.71259e-13
23040 3
1 -6.57252e-14
2 -1.43885e-13
3 -3.82805e-13
23042 3
1 -9.72555e-14
2 -1.52323e-13
3 -3.71259e-13
23044 3
1 -7.63833e-14
2 -1.60316e-13
3 -3.81917e-13
23046 3
1 -5.37348e-14
2 -1.61426e-13
3 -3.87246e-13
23048 3
1 -6.88338e-14
2 -1.53655e-13
3 -3.78364e-13
23050 3
1 -9.50351e-14
2 -1.69198e-13
3 -3.69482e-13
23052 3
1 -8.43769e-14
2 -1.82521e-13
3 -3.81029e-13
23054 3
1 -8.26006e-14
2 -1.63425e-13
3 -3.71259e-13
23056 3
1 -5.10703e-14
2 -1.62537e-13
3 -3.85469e-13
23058 3
1 -6.66134e-14
2 -1.39e-13
3 -3.92575e-13
23060 3
1 -7.99361e-14
2 -1.74083e-13
3 -3.68594e-13
23062 3
1 -6.79456e-14
2 -1.57208e-13
3 -3.73923e-13
23064 3
1 -6.57252e-14
2 -1.58096e-13
3 -3.6593e-13
23066 3
1 -8.70415e-14
2 -1.52767e-13
3 -3.87246e-13
23068 3
1 -7.10543e-14
2 -1.55875e-13
3 -4.14779e-13
23070 3
1 -6.88338e-14
2 -1.55875e-13
3 -3.79252e-13
23072 3
1 -7.01661e-14
2 -1.42997e-13
3 -3.64153e-13
23074 3
1 -6.70575e-14
2 -1.72307e-13
3 -3.86358e-13
23076 3
1 -9.4591e-14
2 -1.55431e-13
3 -3.78364e-13
23078 3
1 -8.9706e-14
2 -1.43885e-13
3 -3.91687e-13
23080 3
1 -7.68274e-14
2 -1.38556e-13
3 -3.61489e-13
23082 3
1 -4.92939e-14
2 -1.60316e-13
3 -3.5616e-13
23084 3
1 -7.37188e-14
2 -1.75859e-13
3 -3.90799e-13
23086 3
1 -4.75175e-14
2 -1.54987e-13
3 -3.97904e-13
23088 3
1 -3.68594e-14
2 -1.21236e-13
3 -3.64153e-13
23090 3
1 -7.59393e-14
2 -1.44773e-13
3 -3.83693e-13
23092 3
1 -7.10543e-14
2 -1.50102e-13
3 -3.62377e-13
23094 3
1 -4.04121e-14
2 -1.52767e-13
3 -3.5616e-13
23096 3
1 -7.99361e-14
2 -1.4122e-13
3 -3.87246e-13
23098 3
1 -6.12843e-14
2 -1.61204e-13
3 -3.51719e-13
23100 3
1 -8.9706e-14
2 -1.58984e-13
3 -3.77476e-13
23102 3
1 -7.28306e-14
2 -1.51879e-13
3 -3.84581e-13
23104 3
1 -7.81597e-14
2 -1.45661e-13
3 -3.72147e-13
23106 3
1 -5.24025e-14
2 -1.31894e-13
3 -3.69482e-13
23108 3
1 -9.10383e-14
2 -1.71418e-13
3 -3.86358e-13
23110 3
1 -5.9952e-14
2 -1.62537e-13
3 -3.8014e-13
23112 3
1 -7.23865e-14
2 -1.68754e-13
3 -3.85469e-13
23114 3
1 -4.79616e-14
2 -1.59872e-13
3 -3.67706e-13
23116 3
1 -5.9508e-14
2 -1.53655e-13
3 -3.75699e-13
23118 3
1 -6.30607e-14
2 -1.25677e-13
3 -3.75699e-13
23120 3
1 -5.4623e-14
2 -1.46549e-13
3 -3.77476e-13
23122 3
1 -5.15143e-14
2 -1.38112e-13
3 -3.71259e-13
23124 3
1 -6.17284e-14
2 -1.32339e-13
3 -3.91687e-13
23126 3
1 -6.43929e-14
2 -1.52323e-13
3 -3.6593e-13
23128 3
1 -4.66294e-14
2 -1.41664e-13
3 -3.47278e-13
23130 3
1 -9.23706e-14
2 -1.84741e-13
3 -3.48166e-13
23132 3
1 -5.06262e-14
2 -1.50546e-13
3 -3.69482e-13
23134 3
1 -6.4837e-14
2 -1.69642e-13
3 -3.78364e-13
23136 3
1 -6.57252e-14
2 -1.53655e-13
3 -3.64153e-13
23138 3
1 -4.66294e-14
2 -1.39444e-13
3 -3.74811e-13
23140 3
1 -7.54952e-14
2 -1.41664e-13
3 -3.62377e-13
23142 3
1 -3.10862e-14
2 -1.67422e-13
3 -3.76588e-13
23144 3
1 -6.03961e-14
2 -1.78524e-13
3 -3.71259e-13
23146 3
1 -5.19584e-14
2 -1.62093e-13
3 -3.8014e-13
23148 3
1 -4.4853e-14
2 -1.66978e-13
3 -3.6593e-13
23150 3
1 -4.21885e-14
2 -1.45661e-13
3 -3.95239e-13
23152 3
1 -5.15143e-14
2 -1.7808e-13
3 -3.73923e-13
23154 3
1 -5.9952e-14
2 -1.71418e-13
3 -3.61489e-13
23156 3
1 -4.70735e-14
2 -1.34115e-13
3 -3.74811e-13
23158 3
1 -6.83897e-14
2 -1.73639e-13
3 -3.89022e-13
23160 3
1 -4.61853e-14
2 -1.58984e-13
3 -3.84581e-13
23162 3
1 -5.4623e-14
2 -1.69198e-13
3 -3.91687e-13
23164 3
1 -6.83897e-14
2 -1.49658e-13
3 -3.65041e-13
23166 3
1 -7.86038e-14
2 -1.62981e-13
3 -3.64153e-13
23168 3
1 -7.68274e-14
2 -1.45217e-13
3 -4.04121e-13
23170 3
1 -6.52811e-14
2 -1.62537e-13
3 -3.49942e-13
23172 3
1 -4.70735e-14
2 -1.61204e-13
3 -3.89022e-13
23174 3
1 -7.63833e-14
2 -1.42553e-13
3 -3.83693e-13
23176 3
1 -6.61693e-14
2 -1.52767e-13
3 -3.8014e-13
23178 3
1 -5.9508e-14
2 -1.45661e-13
3 -3.6593e-13
23180 3
1 -4.84057e-14
2 -1.62981e-13
3 -3.58824e-13
23182 3
1 -7.59393e-14
2 -1.23457e-13
3 -3.69482e-13
23184 3
1 -6.92779e-14
2 -1.45217e-13
3 -3.61489e-13
23186 3
1 -8.61533e-14
2 -1.55875e-13
3 -3.59712e-13
23188 3
1 -7.10543e-14
2 -1.45661e-13
3 -3.63265e-13
23190 3
1 -7.81597e-14
2 -1.54987e-13
3 -3.67706e-13
23192 3
1 -8.21565e-14
2 -1.77192e-13
3 -3.68594e-13
23194 3
1 -9.41469e-14
2 -1.78968e-13
3 -3.63265e-13
23196 3
1 -8.34888e-14
2 -1.71418e-13
3 -3.69482e-13
23198 3
1 -9.41469e-14
2 -1.63425e-13
3 -3.57048e-13
23200 3
1 -8.88178e-14
2 -1.54543e-13
3 -3.76588e-13
23202 3
1 -8.17124e-14
2 -1.34559e-13
3 -3.73035e-13
23204 3
1 -8.30447e-14
2 -1.59872e-13
3 -3.69482e-13
23206 3
1 -8.26006e-14
2 -1.71418e-13
3 -3.74811e-13
23208 3
1 -7.19425e-14
2 -1.66978e-13
3 -3.55271e-13
23210 3
1 -8.34888e-14
2 -1.62537e-13
3 -3.606e-13
23212 3
1 -8.43769e-14
2 -1.69198e-13
3 -3.69482e-13
23214 3
1 -8.30447e-14
2 -1.42553e-13
3 -3.89022e-13
23216 3
1 -9.14824e-14
2 -1.62537e-13
3 -3.51719e-13
23218 3
1 -8.21565e-14
2 -1.66978e-13
3 -3.51719e-13
23220 3
1 -7.90479e-14
2 -1.64757e-13
3 -3.7037e-13
23222 3
1 -8.4821e-14
2 -1.73639e-13
3 -3.84581e-13
23224 3
1 -7.4607e-14
2 -1.50102e-13
3 -3.32179e-13
23226 3
1 -9.9476e-14
2 -1.73195e-13
3 -3.53495e-13
23228 3
1 -1.00364e-13
2 -1.32339e-13
3 -3.55271e-13
23230 3
1 -8.92619e-14
2 -1.54543e-13
3 -3.76588e-13
23232 3
1 -1.04805e-13
2 -1.67422e-13
3 -3.58824e-13
23234 3
1 -6.66134e-14
2 -1.33227e-13
3 -3.62377e-13
23236 3
1 -8.43769e-14
2 -1.49658e-13
3 -3.49942e-13
23238 3
1 -1.03917e-13
2 -1.51879e-13
3 -3.33955e-13
23240 3
1 -7.81597e-14
2 -1.52767e-13
3 -3.5616e-13
23242 3
1 -7.28306e-14
2 -1.39444e-13
3 -3.76588e-13
23244 3
1 -8.08242e-14
2 -1.73195e-13
3 -3.6593e-13
23246 3
1 -9.50351e-14
2 -1.56319e-13
3 -3.54383e-13
23248 3
1 -8.43769e-14
2 -1.50102e-13
3 -3.5083e-13
23250 3
1 -9.76996e-14
2 -1.53655e-13
3 -3.5083e-13
23252 3
1 -7.81597e-14
2 -1.49214e-13
3 -3.72147e-13
23254 3
1 -1.0969e-13
2 -1.33227e-13
3 -3.93463e-13
23256 3
1 -9.59233e-14
2 -1.39888e-13
3 -3.54383e-13
23258 3
1 -1.08358e-13
2 -1.4877e-13
3 -3.96128e-13
23260 3
1 -9.05942e-14
2 -1.37668e-13
3 -3.72147e-13
23262 3
1 -9.41469e-14
2 -1.40776e-13
3 -3.8014e-13
23264 3
1 -9.9476e-14
2 -1.35003e-13
3 -3.98792e-13
23266 3
1 -9.4591e-14
2 -1.25233e-13
3 -3.4639e-13
23268 3
1 -7.86038e-14
2 -1.52767e-13
3 -3.64153e-13
23270 3
1 -7.32747e-14
2 -1.30562e-13
3 -3.62377e-13
23272 3
1 -8.34888e-14
2 -1.23457e-13
3 -3.78364e-13
23274 3
1 -7.54952e-14
2 -1.38112e-13
3 -3.97016e-13
23276 3
1 -7.4607e-14
2 -1.33227e-13
3 -3.65041e-13
23278 3
1 -7.4607e-14
2 -1.55431e-13
3 -3.79252e-13
23280 3
1 -9.76996e-14
2 -1.13687e-13
3 -3.81917e-13
23282 3
1 -1.06581e-13
2 -1.34115e-13
3 -3.51719e-13
23284 3
1 -7.72715e-14
2 -1.60316e-13
3 -3.90799e-13
23286 3
1 -9.28146e-14
2 -1.6076e-13
3 -3.81917e-13
23288 3
1 -7.63833e-14
2 -1.24345e-13
3 -3.8014e-13
23290 3
1 -9.14824e-14
2 -1.35003e-13
3 -3.57048e-13
23292 3
1 -9.23706e-14
2 -1.36779e-13
3 -3.8014e-13
23294 3
1 -7.41629e-14
2 -1.66978e-13
3 -3.62377e-13
23296 3
1 -7.90479e-14
2 -1.43885e-13
3 -3.87246e-13
23298 3
1 -7.63833e-14
2 -1.40332e-13
3 -3.73035e-13
23300 3
1 -7.59393e-14
2 -1.42109e-13
3 -3.83693e-13
23302 3
1 -8.43769e-14
2 -1.54543e-13
3 -3.8014e-13
23304 3
1 -1.08358e-13
2 -1.47438e-13
3 -3.87246e-13
23306 3
1 -1.12799e-13
2 -1.43885e-13
3 -3.9968e-13
23308 3
1 -9.50351e-14
2 -1.61648e-13
3 -3.85469e-13
23310 3
1 -9.23706e-14
2 -1.38556e-13
3 -3.8014e-13
23312 3
1 -1.04805e-13
2 -1.46549e-13
3 -3.98792e-13
23314 3
1 -1.03917e-13
2 -1.40332e-13
3 -3.85469e-13
23316 3
1 -9.4591e-14
2 -1.35003e-13
3 -3.69482e-13
23318 3
1 -9.41469e-14
2 -1.5099e-13
3 -4.0945e-13
23320 3
1 -7.90479e-14
2 -1.39444e-13
3 -3.94351e-13
23322 3
1 -9.59233e-14
2 -1.58096e-13
3 -3.69482e-13
23324 3
1 -9.76996e-14
2 -1.4122e-13
3 -3.90799e-13
23326 3
1 -9.76996e-14
2 -1.57208e-13
3 -3.79252e-13
23328 3
1 -1.04805e-13
2 -1.47438e-13
3 -4.02345e-13
23330 3
1 -8.92619e-14
2 -1.38556e-13
3 -3.76588e-13
23332 3
1 -1.00364e-13
2 -1.49214e-13
3 -3.85469e-13
23334 3
1 -7.19425e-14
2 -1.38556e-13
3 -3.97904e-13
23336 3
1 -8.79297e-14
2 -1.64313e-13
3 -3.71259e-13
23338 3
1 -6.83897e-14
2 -1.63425e-13
3 -4.05009e-13
23340 3
1 -8.34888e-14
2 -1.6076e-13
3 -4.05898e-13
23342 3
1 -1.10578e-13
2 -1.4122e-13
3 -3.64153e-13
23344 3
1 -1.03029e-13
2 -1.46994e-13
3 -3.96128e-13
23346 3
1 -8.08242e-14
2 -1.53655e-13
3 -3.87246e-13
23348 3
1 -9.85878e-14
2 -1.62093e-13
3 -4.08562e-13
23350 3
1 -9.41469e-14
2 -1.43885e-13
3 -3.98792e-13
23352 3
1 -9.54792e-14
2 -1.7808e-13
3 -3.81029e-13
23354 3
1 -7.99361e-14
2 -1.63425e-13
3 -3.64153e-13
23356 3
1 -9.76996e-14
2 -1.23457e-13
3 -4.20997e-13
23358 3
1 -9.76996e-14
2 -1.65201e-13
3 -4.12115e-13
23360 3
1 -1.03029e-13
2 -1.54987e-13
3 -4.01457e-13
23362 3
1 -8.61533e-14
2 -1.5099e-13
3 -4.03233e-13
23364 3
1 -1.22125e-13
2 -1.42997e-13
3 -3.85469e-13
23366 3
1 -7.54952e-14
2 -1.66978e-13
3 -3.94351e-13
23368 3
1 -1.11022e-13
2 -1.61648e-13
3 -4.08562e-13
23370 3
1 -8.08242e-14
2 -1.51434e-13
3 -4.1922e-13
23372 3
1 -8.79297e-14
2 -1.46549e-13
3 -3.94351e-13
23374 3
1 -8.08242e-14
2 -1.58096e-13
3 -4.01457e-13
23376 3
1 -9.63674e-14
2 -1.5099e-13
3 -3.9968e-13
23378 3
1 -8.52651e-14
2 -1.52767e-13
3 -4.13891e-13
23380 3
1 -1.01252e-13
2 -1.48326e-13
3 -4.01457e-13
23382 3
1 -1.09246e-13
2 -1.72307e-13
3 -4.13891e-13
23384 3
1 -1.06137e-13
2 -1.73195e-13
3 -4.29878e-13
23386 3
1 -1.12799e-13
2 -1.45661e-13
3 -4.00568e-13
23388 3
1 -8.83738e-14
2 -1.62537e-13
3 -4.05009e-13
23390 3
1 -1.13243e-13
2 -1.6076e-13
3 -4.01457e-13
23392 3
1 -1.02141e-13
2 -1.78524e-13
3 -4.08562e-13
23394 3
1 -8.61533e-14
2 -1.62537e-13
3 -4.1922e-13
23396 3
1 -1.04805e-13
2 -1.58096e-13
3 -4.11227e-13
23398 3
1 -9.23706e-14
2 -1.57208e-13
3 -4.22773e-13
23400 3
1 -7.50511e-14
2 -1.59872e-13
3 -4.24549e-13
23402 3
1 -1.03473e-13
2 -1.55431e-13
3 -4.07674e-13
23404 3
1 -8.12683e-14
2 -1.74971e-13
3 -4.1922e-13
23406 3
1 -1.11022e-13
2 -1.78524e-13
3 -4.33431e-13
23408 3
1 -8.74856e-14
2 -1.57208e-13
3 -4.22773e-13
23410 3
1 -8.39329e-14
2 -1.7053e-13
3 -4.53859e-13
23412 3
1 -1.01696e-13
2 -1.67866e-13
3 -4.10338e-13
23414 3
1 -7.99361e-14
2 -1.59872e-13
3 -4.39648e-13
23416 3
1 -6.39488e-14
2 -1.69642e-13
3 -4.21885e-13
23418 3
1 -6.4837e-14
2 -1.50102e-13
3 -4.3876e-13
23420 3
1 -6.35048e-14
2 -1.64313e-13
3 -4.05009e-13
23422 3
1 -9.14824e-14
2 -1.63425e-13
3 -4.25437e-13
23424 3
1 -7.41629e-14
2 -1.88294e-13
3 -3.92575e-13
23426 3
1 -6.83897e-14
2 -1.51879e-13
3 -4.1922e-13
23428 3
1 -6.12843e-14
2 -1.58984e-13
3 -4.30767e-13
23430 3
1 -8.08242e-14
2 -1.71418e-13
3 -4.29878e-13
23432 3
1 -5.28466e-14
2 -1.69642e-13
3 -4.26326e-13
23434 3
1 -6.03961e-14
2 -1.73195e-13
3 -4.3876e-13
23436 3
1 -6.75016e-14
2 -1.74083e-13
3 -4.36984e-13
23438 3
1 -7.23865e-14
2 -1.54543e-13
3 -4.42313e-13
23440 3
1 -5.9508e-14
2 -1.59872e-13
3 -4.33431e-13
23442 3
1 -4.44089e-14
2 -1.62537e-13
3 -4.28102e-13
23444 3
1 -4.39648e-14
2 -1.87406e-13
3 -4.40536e-13
23446 3
1 -3.01981e-14
2 -1.79412e-13
3 -4.40536e-13
23448 3
1 -4.66294e-14
2 -1.67866e-13
3 -4.20997e-13
23450 3
1 -4.08562e-14
2 -1.46105e-13
3 -4.15668e-13
23452 3
1 -5.4623e-14
2 -1.8785e-13
3 -4.17444e-13
23454 3
1 -3.81917e-14
2 -1.7808e-13
3 -4.06786e-13
23456 3
1 -2.93099e-14
2 -1.44773e-13
3 -4.1922e-13
23458 3
1 -5.68434e-14
2 -1.62981e-13
3 -4.26326e-13
23460 3
1 -4.66294e-14
2 -1.74971e-13
3 -4.35207e-13
23462 3
1 -5.01821e-14
2 -1.64313e-13
3 -4.28102e-13
23464 3
1 -1.64313e-14
2 -1.62537e-13
3 -4.3876e-13
23466 3
1 -4.21885e-14
2 -1.76748e-13
3 -4.36984e-13
23468 3
1 -5.63993e-14
2 -1.64313e-13
3 -4.13003e-13
23470 3
1 -5.06262e-14
2 -1.75859e-13
3 -4.15668e-13
23472 3
1 -5.15143e-14
2 -1.9007e-13
3 -4.15668e-13
23474 3
1 -3.64153e-14
2 -1.7053e-13
3 -4.20997e-13
23476 3
1 -5.86198e-14
2 -1.66089e-13
3 -4.06786e-13
23478 3
1 -6.75016e-14
2 -1.69642e-13
3 -4.2899e-13
23480 3
1 -4.9738e-14
2 -1.73195e-13
3 -4.20997e-13
23482 3
1 -2.30926e-14
2 -1.75859e-13
3 -4.1922e-13
23484 3
1 -3.37508e-14
2 -1.66978e-13
3 -4.32543e-13
23486 3
1 -4.88498e-14
2 -1.56319e-13
3 -4.42313e-13
23488 3
1 -5.24025e-14
2 -1.82965e-13
3 -4.05898e-13
23490 3
1 -3.9968e-14
2 -1.78524e-13
3 -4.29878e-13
23492 3
1 -3.81917e-14
2 -1.7053e-13
3 -4.49418e-13
23494 3
1 -4.17444e-14
2 -1.74971e-13
3 -4.25437e-13
23496 3
1 -5.15143e-14
2 -1.82077e-13
3 -4.46754e-13
23498 3
1 -3.73035e-14
2 -1.78524e-13
3 -4.08562e-13
23500 3
1 -4.61853e-14
2 -1.88294e-13
3 -4.37872e-13
23502 3
1 -5.41789e-14
2 -1.73195e-13
3 -4.13891e-13
23504 3
1 -5.37348e-14
2 -1.65201e-13
3 -4.29878e-13
23506 3
1 -3.68594e-14
2 -1.71418e-13
3 -4.08562e-13
23508 3
1 -4.26326e-14
2 -1.803e-13
3 -4.28102e-13
23510 3
1 -3.41949e-14
2 -1.803e-13
3 -4.54747e-13
23512 3
1 -3.64153e-14
2 -1.47438e-13
3 -4.27214e-13
23514 3
1 -4.52971e-14
2 -1.78524e-13
3 -4.50306e-13
23516 3
1 -3.37508e-14
2 -1.94511e-13
3 -4.52083e-13
23518 3
1 -4.52971e-14
2 -1.75859e-13
3 -4.49418e-13
23520 3
1 -1.24345e-14
2 -1.9007e-13
3 -4.53859e-13
23522 3
1 -5.50671e-14
2 -1.79412e-13
3 -4.25437e-13
23524 3
1 -5.24025e-14
2 -1.77636e-13
3 -4.60076e-13
23526 3
1 -2.30926e-14
2 -1.85629e-13
3 -4.60965e-13
23528 3
1 -2.75335e-14
2 -1.84741e-13
3 -4.52083e-13
23530 3
1 -4.79616e-14
2 -1.6076e-13
3 -4.2899e-13
23532 3
1 -3.19744e-14
2 -1.7053e-13
3 -4.37872e-13
23534 3
1 -6.61693e-14
2 -1.51879e-13
3 -4.60965e-13
23536 3
1 -5.77316e-14
2 -1.83853e-13
3 -4.64517e-13
23538 3
1 -4.08562e-14
2 -1.66089e-13
3 -4.50306e-13
23540 3
1 -3.86358e-14
2 -1.86517e-13
3 -4.41425e-13
23542 3
1 -6.17284e-14
2 -1.69642e-13
3 -4.60076e-13
23544 3
1 -5.15143e-14
2 -1.54543e-13
3 -4.67182e-13
23546 3
1 -6.30607e-14
2 -1.76748e-13
3 -4.68958e-13
23548 3
1 -5.81757e-14
2 -1.58096e-13
3 -4.50306e-13
23550 3
1 -4.26326e-14
2 -1.65201e-13
3 -4.40536e-13
23552 3
1 -7.19425e-14
2 -1.52767e-13
3 -4.61853e-13
23554 3
1 -6.30607e-14
2 -1.5099e-13
3 -4.47642e-13
23556 3
1 -4.08562e-14
2 -1.55431e-13
3 -4.59188e-13
23558 3
1 -3.59712e-14
2 -1.77636e-13
3 -4.60076e-13
23560 3
1 -3.55271e-14
2 -1.40332e-13
3 -4.60076e-13
23562 3
1 -2.13163e-14
2 -1.58096e-13
3 -4.583e-13
23564 3
1 -5.68434e-14
2 -1.58984e-13
3 -4.4853e-13
23566 3
1 -5.55112e-14
2 -1.55431e-13
3 -4.53859e-13
23568 3
1 -5.9952e-14
2 -1.55431e-13
3 -4.56524e-13
23570 3
1 -6.57252e-14
2 -1.61648e-13
3 -4.43201e-13
23572 3
1 -6.12843e-14
2 -1.63425e-13
3 -4.51195e-13
23574 3
1 -6.21725e-14
2 -1.54543e-13
3 -4.44977e-13
23576 3
1 -5.90639e-14
2 -1.58096e-13
3 -4.44089e-13
23578 3
1 -7.10543e-14
2 -1.62537e-13
3 -4.52971e-13
23580 3
1 -5.72875e-14
2 -1.65201e-13
3 -4.583e-13
23582 3
1 -5.4623e-14
2 -1.65201e-13
3 -4.41425e-13
23584 3
1 -4.21885e-14
2 -1.56319e-13
3 -4.63629e-13
23586 3
1 -6.30607e-14
2 -1.84741e-13
3 -4.66294e-13
23588 3
1 -5.72875e-14
2 -1.6076e-13
3 -4.71623e-13
23590 3
1 -5.41789e-14
2 -1.67866e-13
3 -4.73399e-13
23592 3
1 -3.4639e-14
2 -1.58096e-13
3 -4.53859e-13
23594 3
1 -3.01981e-14
2 -1.5099e-13
3 -4.68958e-13
23596 3
1 -5.81757e-14
2 -1.86517e-13
3 -4.59188e-13
23598 3
1 -6.12843e-14
2 -1.5099e-13
3 -4.57412e-13
23600 3
1 -4.08562e-14
2 -1.79412e-13
3 -4.57412e-13
23602 3
1 -4.88498e-14
2 -1.803e-13
3 -4.53859e-13
23604 3
1 -4.52971e-14
2 -1.53655e-13
3 -4.83169e-13
23606 3
1 -2.57572e-14
2 -1.68754e-13
3 -4.45866e-13
23608 3
1 -5.86198e-14
2 -1.66978e-13
3 -4.79616e-13
23610 3
1 -3.06422e-14
2 -1.6076e-13
3 -4.76064e-13
23612 3
1 -3.59712e-14
2 -1.75859e-13
3 -4.73399e-13
23614 3
1 -4.84057e-14
2 -1.40332e-13
3 -4.65405e-13
23616 3
1 -4.4853e-14
2 -1.97176e-13
3 -4.53859e-13
23618 3
1 -6.30607e-14
2 -1.69642e-13
3 -4.53859e-13
23620 3
1 -4.13003e-14
2 -1.49214e-13
3 -4.45866e-13
23622 3
1 -6.43929e-14
2 -1.65201e-13
3 -4.63629e-13
23624 3
1 -4.9738e-14
2 -1.64313e-13
3 -4.70735e-13
23626 3
1 -4.92939e-14
2 -1.58096e-13
3 -4.53859e-13
23628 3
1 -7.06102e-14
2 -1.55431e-13
3 -4.85834e-13
23630 3
1 -6.57252e-14
2 -1.54543e-13
3 -4.62741e-13
23632 3
1 -5.9508e-14
2 -1.50102e-13
3 -4.59188e-13
23634 3
1 -6.30607e-14
2 -1.81188e-13
3 -4.49418e-13
23636 3
1 -4.9738e-14
2 -1.54543e-13
3 -4.33431e-13
23638 3
1 -5.68434e-14
2 -1.74971e-13
3 -4.74287e-13
23640 3
1 -6.4837e-14
2 -1.58096e-13
3 -4.47642e-13
23642 3
1 -6.57252e-14
2 -1.52767e-13
3 -4.60965e-13
23644 3
1 -4.70735e-14
2 -1.47438e-13
3 -4.52083e-13
23646 3
1 -6.57252e-14
2 -1.59872e-13
3 -4.28102e-13
23648 3
1 -3.10862e-14
2 -1.61648e-13
3 -4.41425e-13
23650 3
1 -5.06262e-14
2 -1.45661e-13
3 -4.60965e-13
23652 3
1 -4.88498e-14
2 -1.44773e-13
3 -4.62741e-13
23654 3
1 -4.26326e-14
2 -1.3145e-13
3 -4.44089e-13
23656 3
1 -4.61853e-14
2 -1.47438e-13
3 -4.50306e-13
23658 3
1 -5.86198e-14
2 -1.44773e-13
3 -4.52083e-13
23660 3
1 -6.12843e-14
2 -1.61648e-13
3 -4.47642e-13
23662 3
1 -4.52971e-14
2 -1.3145e-13
3 -4.60076e-13
23664 3
1 -5.06262e-14
2 -1.45661e-13
3 -4.66294e-13
23666 3
1 -7.19425e-14
2 -1.52767e-13
3 -4.71623e-13
23668 3
1 -7.01661e-14
2 -1.49214e-13
3 -4.62741e-13
23670 3
1 -5.15143e-14
2 -1.54543e-13
3 -4.583e-13
23672 3
1 -6.83897e-14
2 -1.58096e-13
3 -4.73399e-13
23674 3
1 -7.63833e-14
2 -1.33227e-13
3 -4.51195e-13
23676 3
1 -7.19425e-14
2 -1.54543e-13
3 -4.71623e-13
23678 3
1 -3.90799e-14
2 -1.44773e-13
3 -4.68958e-13
23680 3
1 -6.92779e-14
2 -1.45661e-13
3 -4.75175e-13
23682 3
1 -5.9508e-14
2 -1.52767e-13
3 -4.60965e-13
23684 3
1 -5.9508e-14
2 -1.57208e-13
3 -4.61853e-13
23686 3
1 -5.15143e-14
2 -1.59872e-13
3 -4.85834e-13
23688 3
1 -5.68434e-14
2 -1.6076e-13
3 -4.7784e-13
23690 3
1 -7.90479e-14
2 -1.56319e-13
3 -4.65405e-13
23692 3
1 -4.61853e-14
2 -1.75859e-13
3 -4.70735e-13
23694 3
1 -6.03961e-14
2 -1.52767e-13
3 -4.6807e-13
23696 3
1 -5.86198e-14
2 -1.67866e-13
3 -4.62741e-13
23698 3
1 -6.4837e-14
2 -1.53655e-13
3 -4.49418e-13
23700 3
1 -4.79616e-14
2 -1.75859e-13
3 -4.66294e-13
23702 3
1 -3.19744e-14
2 -1.63425e-13
3 -4.51195e-13
23704 3
1 -6.39488e-14
2 -1.43885e-13
3 -4.57412e-13
23706 3
1 -5.32907e-14
2 -1.66089e-13
3 -4.4853e-13
23708 3
1 -5.86198e-14
2 -1.61648e-13
3 -4.4853e-13
23710 3
1 -5.24025e-14
2 -1.61648e-13
3 -4.60076e-13
23712 3
1 -7.63833e-14
2 -1.81188e-13
3 -4.64517e-13
23714 3
1 -4.79616e-14
2 -1.51879e-13
3 -4.75175e-13
23716 3
1 -7.4607e-14
2 -1.95399e-13
3 -4.24549e-13
23718 3
1 -4.88498e-14
2 -1.98952e-13
3 -4.54747e-13
23720 3
1 -7.99361e-14
2 -1.77636e-13
3 -4.3876e-13
23722 3
1 -3.90799e-14
2 -1.74083e-13
3 -4.46754e-13
23724 3
1 -5.59552e-14
2 -1.64313e-13
3 -4.45866e-13
23726 3
1 -5.06262e-14
2 -1.66089e-13
3 -4.13891e-13
23728 3
1 -4.70735e-14
2 -1.5099e-13
3 -4.73399e-13
23730 3
1 -6.92779e-14
2 -1.65201e-13
3 -4.22773e-13
23732 3
1 -3.90799e-14
2 -1.69642e-13
3 -4.61853e-13
23734 3
1 -7.01661e-14
2 -1.42109e-13
3 -4.47642e-13
23736 3
1 -4.79616e-14
2 -1.67866e-13
3 -4.33431e-13
23738 3
1 -7.63833e-14
2 -1.50102e-13
3 -4.44089e-13
23740 3
1 -7.37188e-14
2 -1.52767e-13
3 -4.33431e-13
23742 3
1 -7.01661e-14
2 -1.46549e-13
3 -4.33431e-13
23744 3
1 -5.86198e-14
2 -1.56319e-13
3 -4.49418e-13
23746 3
1 -7.90479e-14
2 -1.49214e-13
3 -4.45866e-13
23748 3
1 -6.83897e-14
2 -1.6076e-13
3 -4.24549e-13
23750 3
1 -8.88178e-14
2 -1.79412e-13
3 -4.44089e-13
23752 3
1 -6.4837e-14
2 -1.9007e-13
3 -4.20997e-13
23754 3
1 -8.43769e-14
2 -1.83853e-13
3 -4.05009e-13
23756 3
1 -5.15143e-14
2 -1.72307e-13
3 -4.28102e-13
23758 3
1 -5.15143e-14
2 -1.75859e-13
3 -4.28102e-13
23760 3
1 -5.68434e-14
2 -1.68754e-13
3 -4.1922e-13
23762 3
1 -6.4837e-14
2 -1.63425e-13
3 -4.15668e-13
23764 3
1 -7.37188e-14
2 -1.74083e-13
3 -4.15668e-13
23766 3
1 -6.75016e-14
2 -1.72307e-13
3 -4.15668e-13
23768 3
1 -7.37188e-14
2 -1.65201e-13
3 -4.12115e-13
23770 3
1 -9.76996e-14
2 -1.74083e-13
3 -4.17444e-13
23772 3
1 -7.4607e-14
2 -1.54543e-13
3 -4.13891e-13
23774 3
1 -6.92779e-14
2 -1.66978e-13
3 -4.31655e-13
23776 3
1 -8.34888e-14
2 -1.65201e-13
3 -4.29878e-13
23778 3
1 -6.83897e-14
2 -1.62537e-13
3 -4.05009e-13
23780 3
1 -7.86038e-14
2 -1.68754e-13
3 -4.12115e-13
23782 3
1 -6.30607e-14
2 -1.59872e-13
3 -4.34319e-13
23784 3
1 -7.41629e-14
2 -1.6076e-13
3 -4.13891e-13
23786 3
1 -4.88498e-14
2 -1.66978e-13
3 -4.22773e-13
23788 3
1 -7.37188e-14
2 -1.63425e-13
3 -4.2899e-13
23790 3
1 -9.76996e-14
2 -1.58096e-13
3 -3.90799e-13
23792 3
1 -6.35048e-14
2 -1.30562e-13
3 -4.13003e-13
23794 3
1 -8.21565e-14
2 -1.74971e-13
3 -4.11227e-13
23796 3
1 -6.88338e-14
2 -1.49214e-13
3 -4.35207e-13
23798 3
1 -6.79456e-14
2 -1.38556e-13
3 -4.31655e-13
23800 3
1 -6.75016e-14
2 -1.58096e-13
3 -4.10338e-13
23802 3
1 -7.06102e-14
2 -1.59872e-13
3 -4.0945e-13
23804 3
1 -5.86198e-14
2 -1.51879e-13
3 -4.36096e-13
23806 3
1 -5.77316e-14
2 -1.58096e-13
3 -4.14779e-13
23808 3
1 -7.68274e-14
2 -1.67866e-13
3 -3.8991e-13
23810 3
1 -8.70415e-14
2 -1.58096e-13
3 -4.20108e-13
23812 3
1 -7.99361e-14
2 -1.67866e-13
3 -4.05898e-13
23814 3
1 -6.26166e-14
2 -1.6076e-13
3 -4.29878e-13
23816 3
1 -6.61693e-14
2 -1.82965e-13
3 -4.24549e-13
23818 3
1 -7.50511e-14
2 -1.38556e-13
3 -4.26326e-13
23820 3
1 -9.37028e-14
2 -1.63425e-13
3 -4.16556e-13
23822 3
1 -6.21725e-14
2 -1.54543e-13
3 -4.04121e-13
23824 3
1 -8.4821e-14
2 -1.62537e-13
3 -3.97904e-13
23826 3
1 -9.28146e-14
2 -1.67866e-13
3 -4.26326e-13
23828 3
1 -8.83738e-14
2 -1.74083e-13
3 -4.28102e-13
23830 3
1 -7.9492e-14
2 -1.61648e-13
3 -3.96128e-13
23832 3
1 -6.70575e-14
2 -1.61648e-13
3 -4.01457e-13
23834 3
1 -6.4837e-14
2 -1.61648e-13
3 -4.05898e-13
23836 3
1 -8.4821e-14
2 -1.72307e-13
3 -3.84581e-13
23838 3
1 -7.77156e-14
2 -1.67866e-13
3 -4.00568e-13
23840 3
1 -6.21725e-14
2 -1.66978e-13
3 -3.97904e-13
23842 3
1 -5.37348e-14
2 -1.65201e-13
3 -4.05898e-13
23844 3
1 -5.63993e-14
2 -1.79412e-13
3 -3.98792e-13
23846 3
1 -6.52811e-14
2 -1.78524e-13
3 -4.29878e-13
23848 3
1 -5.77316e-14
2 -1.69642e-13
3 -4.01457e-13
23850 3
1 -5.28466e-14
2 -1.92735e-13
3 -3.95239e-13
23852 3
1 -6.26166e-14
2 -1.72307e-13
3 -3.77476e-13
23854 3
1 -5.72875e-14
2 -1.65201e-13
3 -3.97016e-13
23856 3
1 -6.08402e-14
2 -1.87406e-13
3 -3.96128e-13
23858 3
1 -5.55112e-14
2 -1.7053e-13
3 -3.73923e-13
23860 3
1 -6.43929e-14
2 -1.73195e-13
3 -3.69482e-13
23862 3
1 -6.12843e-14
2 -1.85629e-13
3 -3.90799e-13
23864 3
1 -5.90639e-14
2 -1.86073e-13
3 -3.83693e-13
23866 3
1 -6.03961e-14
2 -1.68754e-13
3 -3.71259e-13
23868 3
1 -5.28466e-14
2 -1.75859e-13
3 -3.81917e-13
23870 3
1 -3.73035e-14
2 -2.02505e-13
3 -4.10338e-13
23872 3
1 -5.06262e-14
2 -1.89182e-13
3 -3.94351e-13
23874 3
1 -4.9738e-14
2 -1.7053e-13
3 -3.92575e-13
23876 3
1 -3.28626e-14
2 -1.94511e-13
3 -3.606e-13
23878 3
1 -3.10862e-14
2 -1.9007e-13
3 -3.76588e-13
23880 3
1 -4.44089e-14
2 -2.06501e-13
3 -3.78364e-13
23882 3
1 -5.24025e-14
2 -1.94955e-13
3 -3.76588e-13
23884 3
1 -6.30607e-14
2 -1.77636e-13
3 -3.96128e-13
23886 3
1 -4.44089e-14
2 -1.75859e-13
3 -3.81917e-13
23888 3
1 -5.50671e-14
2 -1.7053e-13
3 -3.64153e-13
23890 3
1 -4.44089e-14
2 -1.803e-13
3 -3.606e-13
23892 3
1 -5.90639e-14
2 -1.66089e-13
3 -3.6593e-13
23894 3
1 -4.75175e-14
2 -1.82077e-13
3 -3.81917e-13
23896 3
1 -5.55112e-14
2 -1.78524e-13
3 -3.57048e-13
23898 3
1 -4.52971e-14
2 -1.94511e-13
3 -3.8014e-13
23900 3
1 -5.9952e-14
2 -1.82965e-13
3 -3.67706e-13
23902 3
1 -5.19584e-14
2 -2.06946e-13
3 -3.606e-13
23904 3
1 -5.32907e-14
2 -1.73195e-13
3 -3.55271e-13
23906 3
1 -3.64153e-14
2 -1.75859e-13
3 -3.55271e-13
23908 3
1 -6.9722e-14
2 -1.82077e-13
3 -3.37508e-13
23910 3
1 -5.28466e-14
2 -1.63425e-13
3 -3.74811e-13
23912 3
1 -5.81757e-14
2 -1.66978e-13
3 -3.67706e-13
23914 3
1 -4.61853e-14
2 -1.9762e-13
3 -3.48166e-13
23916 3
1 -5.24025e-14
2 -1.7053e-13
3 -3.81917e-13
23918 3
1 -5.55112e-14
2 -1.61648e-13
3 -3.606e-13
23920 3
1 -6.26166e-14
2 -1.53655e-13
3 -3.73035e-13
23922 3
1 -6.4837e-14
2 -1.92735e-13
3 -3.67706e-13
23924 3
1 -4.30767e-14
2 -1.82077e-13
3 -3.55271e-13
23926 3
1 -4.4853e-14
2 -1.72307e-13
3 -3.49942e-13
23928 3
1 -3.68594e-14
2 -1.62537e-13
3 -3.92575e-13
23930 3
1 -4.04121e-14
2 -1.73195e-13
3 -3.74811e-13
23932 3
1 -4.70735e-14
2 -1.75415e-13
3 -3.71259e-13
23934 3
1 -2.88658e-14
2 -1.82965e-13
3 -3.67706e-13
23936 3
1 -3.77476e-14
2 -2.03837e-13
3 -3.64153e-13
23938 3
1 -4.26326e-14
2 -1.82965e-13
3 -3.48166e-13
23940 3
1 -5.10703e-14
2 -1.76748e-13
3 -3.41061e-13
23942 3
1 -5.68434e-14
2 -1.88294e-13
3 -3.74811e-13
23944 3
1 -2.84217e-14
2 -1.73195e-13
3 -3.55271e-13
23946 3
1 -5.55112e-14
2 -1.7808e-13
3 -3.606e-13
23948 3
1 -4.30767e-14
2 -1.62093e-13
3 -3.78364e-13
23950 3
1 -5.86198e-14
2 -1.63425e-13
3 -3.606e-13
23952 3
1 -7.06102e-14
2 -1.90958e-13
3 -3.87246e-13
23954 3
1 -6.52811e-14
2 -1.77192e-13
3 -3.67706e-13
23956 3
1 -7.63833e-14
2 -1.84741e-13
3 -3.74811e-13
23958 3
1 -8.26006e-14
2 -1.83853e-13
3 -3.81917e-13
23960 3
1 -4.04121e-14
2 -1.72307e-13
3 -3.606e-13
23962 3
1 -3.73035e-14
2 -1.83853e-13
3 -3.85469e-13
23964 3
1 -7.19425e-14
2 -1.56319e-13
3 -3.78364e-13
23966 3
1 -2.66454e-14
2 -1.79412e-13
3 -3.42837e-13
23968 3
1 -4.13003e-14
2 -1.64313e-13
3 -3.6593e-13
23970 3
1 -4.9738e-14
2 -1.71863e-13
3 -3.44613e-13
23972 3
1 -6.83897e-14
2 -1.78968e-13
3 -3.6593e-13
23974 3
1 -6.21725e-14
2 -1.76748e-13
3 -3.85469e-13
23976 3
1 -6.79456e-14
2 -1.63425e-13
3 -3.73035e-13
23978 3
1 -5.15143e-14
2 -1.74971e-13
3 -3.85469e-13
23980 3
1 -6.03961e-14
2 -1.56763e-13
3 -3.81917e-13
23982 3
1 -5.9952e-14
2 -1.73195e-13
3 -3.90799e-13
23984 3
1 -5.59552e-14
2 -1.69198e-13
3 -3.58824e-13
23986 3
1 -6.52811e-14
2 -1.55431e-13
3 -3.73035e-13
23988 3
1 -5.28466e-14
2 -1.76303e-13
3 -3.92575e-13
23990 3
1 -5.50671e-14
2 -1.55431e-13
3 -3.81917e-13
23992 3
1 -8.57092e-14
2 -1.66978e-13
3 -3.76588e-13
23994 3
1 -5.63993e-14
2 -1.66978e-13
3 -3.73035e-13
23996 3
1 -6.57252e-14
2 -1.87406e-13
3 -3.81917e-13
23998 3
1 -5.9952e-14
2 -1.84741e-13
3 -3.94351e-13
24000 3
1 -6.43929e-14
2 -1.63425e-13
3 -3.87246e-13
24002 3
1 -4.44089e-14
2 -1.7053e-13
3 -3.96128e-13
24004 3
1 -6.52811e-14
2 -1.40776e-13
3 -3.76588e-13
24006 3
1 -5.72875e-14
2 -1.65201e-13
3 -3.8014e-13
24008 3
1 -7.77156e-14
2 -1.42997e-13
3 -3.74811e-13
24010 3
1 -6.12843e-14
2 -1.51879e-13
3 -3.81917e-13
24012 3
1 -5.68434e-14
2 -1.57208e-13
3 -3.94351e-13
24014 3
1 -5.32907e-14
2 -1.72307e-13
3 -3.82805e-13
24016 3
1 -5.32907e-14
2 -1.42997e-13
3 -3.73035e-13
24018 3
1 -6.03961e-14
2 -1.45661e-13
3 -3.73035e-13
24020 3
1 -6.12843e-14
2 -1.37668e-13
3 -4.01457e-13
24022 3
1 -6.12843e-14
2 -1.66978e-13
3 -3.94351e-13
24024 3
1 -6.30607e-14
2 -1.71418e-13
3 -4.07674e-13
24026 3
1 -4.79616e-14
2 -1.72307e-13
3 -3.96128e-13
24028 3
1 -6.75016e-14
2 -1.72307e-13
3 -4.17444e-13
24030 3
1 -5.41789e-14
2 -1.62981e-13
3 -4.18332e-13
24032 3
1 -7.10543e-14
2 -1.37224e-13
3 -3.97904e-13
24034 3
1 -5.32907e-14
2 -1.67422e-13
3 -3.82805e-13
24036 3
1 -6.92779e-14
2 -1.40332e-13
3 -3.75699e-13
24038 3
1 -8.70415e-14
2 -1.82965e-13
3 -3.9968e-13
24040 3
1 -5.86198e-14
2 -1.5099e-13
3 -3.88134e-13
24042 3
1 -9.05942e-14
2 -1.42553e-13
3 -3.97904e-13
24044 3
1 -8.88178e-14
2 -1.56319e-13
3 -3.97904e-13
24046 3
1 -7.01661e-14
2 -1.43441e-13
3 -3.9968e-13
24048 3
1 -7.10543e-14
2 -1.64757e-13
3 -4.11227e-13
24050 3
1 -5.41789e-14
2 -1.64313e-13
3 -3.97016e-13
24052 3
1 -7.54952e-14
2 -1.66978e-13
3 -4.23661e-13
24054 3
1 -8.61533e-14
2 -1.38556e-13
3 -4.0945e-13
24056 3
1 -6.92779e-14
2 -1.51879e-13
3 -4.11227e-13
24058 3
1 -8.61533e-14
2 -1.50546e-13
3 -4.0945e-13
24060 3
1 -8.61533e-14
2 -1.40332e-13
3 -4.00568e-13
24062 3
1 -7.81597e-14
2 -1.45661e-13
3 -3.90799e-13
24064 3
1 -8.79297e-14
2 -1.66533e-13
3 -4.05009e-13
24066 3
1 -7.19425e-14
2 -1.42997e-13
3 -3.78364e-13
24068 3
1 -7.81597e-14
2 -1.42997e-13
3 -3.81029e-13
24070 3
1 -8.26006e-14
2 -1.2701e-13
3 -3.64153e-13
24072 3
1 -7.63833e-14
2 -1.46105e-13
3 -4.00568e-13
24074 3
1 -1.20792e-13
2 -1.34559e-13
3 -3.76588e-13
24076 3
1 -7.4607e-14
2 -1.2923e-13
3 -4.05009e-13
24078 3
1 -1.1191e-13
2 -1.11466e-13
3 -3.85469e-13
24080 3
1 -1.0747e-13
2 -1.38556e-13
3 -4.13003e-13
24082 3
1 -9.37028e-14
2 -1.36335e-13
3 -3.8991e-13
24084 3
1 -8.52651e-14
2 -1.49214e-13
3 -4.07674e-13
24086 3
1 -7.63833e-14
2 -1.24345e-13
3 -4.00568e-13
24088 3
1 -8.52651e-14
2 -1.4122e-13
3 -3.97904e-13
24090 3
1 -9.32587e-14
2 -1.4877e-13
3 -3.95239e-13
24092 3
1 -7.4607e-14
2 -1.27454e-13
3 -3.9968e-13
24094 3
1 -8.88178e-14
2 -1.37224e-13
3 -3.81917e-13
24096 3
1 -9.41469e-14
2 -1.57208e-13
3 -3.89022e-13
24098 3
1 -9.14824e-14
2 -1.47438e-13
3 -4.10338e-13
24100 3
1 -1.03029e-13
2 -1.39444e-13
3 -4.17444e-13
24102 3
1 -9.23706e-14
2 -1.33671e-13
3 -3.85469e-13
24104 3
1 -7.19425e-14
2 -1.4877e-13
3 -3.94351e-13
24106 3
1 -9.41469e-14
2 -1.42109e-13
3 -3.88134e-13
24108 3
1 -9.32587e-14
2 -1.39444e-13
3 -3.78364e-13
24110 3
1 -9.14824e-14
2 -1.34115e-13
3 -3.91687e-13
24112 3
1 -8.70415e-14
2 -1.46994e-13
3 -4.01457e-13
24114 3
1 -1.03917e-13
2 -1.40776e-13
3 -3.73923e-13
24116 3
1 -7.4607e-14
2 -1.4877e-13
3 -3.91687e-13
24118 3
1 -9.23706e-14
2 -1.4122e-13
3 -4.05009e-13
24120 3
1 -9.85878e-14
2 -1.54987e-13
3 -3.87246e-13
24122 3
1 -1.04805e-13
2 -1.39444e-13
3 -4.00568e-13
24124 3
1 -9.05942e-14
2 -1.4877e-13
3 -4.25437e-13
24126 3
1 -9.85878e-14
2 -1.37224e-13
3 -4.16556e-13
24128 3
1 -1.05693e-13
2 -1.30118e-13
3 -4.17444e-13
24130 3
1 -1.32339e-13
2 -1.46105e-13
3 -4.15668e-13
24132 3
1 -9.32587e-14
2 -1.4122e-13
3 -4.20108e-13
24134 3
1 -1.13687e-13
2 -1.46549e-13
3 -4.12115e-13
24136 3
1 -1.04805e-13
2 -1.34115e-13
3 -4.05898e-13
24138 3
1 -9.9476e-14
2 -1.32783e-13
3 -4.15668e-13
24140 3
1 -1.03917e-13
2 -1.49658e-13
3 -4.10338e-13
24142 3
1 -1.04805e-13
2 -1.54987e-13
3 -4.05898e-13
24144 3
1 -8.43769e-14
2 -1.22569e-13
3 -4.34319e-13
24146 3
1 -1.04805e-13
2 -1.2923e-13
3 -3.86358e-13
24148 3
1 -9.85878e-14
2 -1.26565e-13
3 -4.1922e-13
24150 3
1 -8.88178e-14
2 -1.21236e-13
3 -4.22773e-13
24152 3
1 -1.09246e-13
2 -1.29674e-13
3 -4.20108e-13
24154 3
1 -1.04805e-13
2 -1.39888e-13
3 -4.33431e-13
24156 3
1 -9.59233e-14
2 -1.40332e-13
3 -4.12115e-13
24158 3
1 -1.06581e-13
2 -1.46549e-13
3 -4.0945e-13
24160 3
1 -1.09246e-13
2 -1.21236e-13
3 -4.20997e-13
24162 3
1 -1.06581e-13
2 -1.30562e-13
3 -4.01457e-13
24164 3
1 -1.16351e-13
2 -1.35447e-13
3 -4.1922e-13
24166 3
1 -1.18128e-13
2 -1.27898e-13
3 -4.05009e-13
24168 3
1 -1.11022e-13
2 -1.2923e-13
3 -4.05009e-13
24170 3
1 -1.10134e-13
2 -1.42553e-13
3 -4.12115e-13
24172 3
1 -9.50351e-14
2 -1.33227e-13
3 -4.33431e-13
24174 3
1 -1.16351e-13
2 -1.16351e-13
3 -4.17444e-13
24176 3
1 -1.00364e-13
2 -1.32339e-13
3 -4.12115e-13
24178 3
1 -9.68114e-14
2 -1.30118e-13
3 -4.12115e-13
24180 3
1 -1.01252e-13
2 -1.22569e-13
3 -4.06786e-13
24182 3
1 -9.68114e-14
2 -1.47882e-13
3 -4.06786e-13
24184 3
1 -1.08358e-13
2 -1.45661e-13
3 -4.08562e-13
24186 3
1 -1.24345e-13
2 -1.26565e-13
3 -4.01457e-13
24188 3
1 -1.0969e-13
2 -1.39444e-13
3 -4.03233e-13
24190 3
1 -1.46105e-13
2 -1.36335e-13
3 -4.08562e-13
24192 3
1 -1.19016e-13
2 -1.41664e-13
3 -4.06786e-13
24194 3
1 -1.05693e-13
2 -1.39e-13
3 -4.10338e-13
24196 3
1 -1.06137e-13
2 -1.26565e-13
3 -4.05009e-13
24198 3
1 -1.16795e-13
2 -1.44329e-13
3 -4.20997e-13
24200 3
1 -1.14131e-13
2 -1.40332e-13
3 -4.15668e-13
24202 3
1 -1.16351e-13
2 -1.5099e-13
3 -4.22773e-13
24204 3
1 -1.40332e-13
2 -1.36779e-13
3 -4.28102e-13
24206 3
1 -1.20348e-13
2 -1.50546e-13
3 -4.08562e-13
24208 3
1 -1.45661e-13
2 -1.42553e-13
3 -4.36984e-13
24210 3
1 -1.30562e-13
2 -1.43885e-13
3 -4.1922e-13
24212 3
1 -1.33671e-13
2 -1.50546e-13
3 -4.26326e-13
24214 3
1 -1.28786e-13
2 -1.44329e-13
3 -4.20997e-13
24216 3
1 -1.13687e-13
2 -1.33671e-13
3 -4.3876e-13
24218 3
1 -1.29674e-13
2 -1.46549e-13
3 -4.08562e-13
24220 3
1 -1.4122e-13
2 -1.26121e-13
3 -4.17444e-13
24222 3
1 -1.22125e-13
2 -1.31006e-13
3 -4.03233e-13
24224 3
1 -1.18572e-13
2 -1.39888e-13
3 -4.15668e-13
24226 3
1 -1.28342e-13
2 -1.50102e-13
3 -4.15668e-13
24228 3
1 -1.33227e-13
2 -1.23457e-13
3 -4.28102e-13
24230 3
1 -1.25233e-13
2 -1.36779e-13
3 -4.08562e-13
24232 3
1 -1.27454e-13
2 -1.44329e-13
3 -4.33431e-13
24234 3
1 -1.2923e-13
2 -1.50102e-13
3 -4.06786e-13
24236 3
1 -1.15907e-13
2 -1.27454e-13
3 -4.12115e-13
24238 3
1 -1.24345e-13
2 -1.40332e-13
3 -4.10338e-13
24240 3
1 -1.14575e-13
2 -1.47882e-13
3 -4.05009e-13
24242 3
1 -1.22569e-13
2 -1.50102e-13
3 -4.20997e-13
24244 3
1 -1.0747e-13
2 -1.5099e-13
3 -4.24549e-13
24246 3
1 -1.13243e-13
2 -1.35003e-13
3 -4.1922e-13
24248 3
1 -1.28786e-13
2 -1.2923e-13
3 -4.05009e-13
24250 3
1 -1.27898e-13
2 -1.24789e-13
3 -4.05009e-13
24252 3
1 -1.0747e-13
2 -1.35891e-13
3 -4.20997e-13
24254 3
1 -1.00808e-13
2 -1.37224e-13
3 -3.9968e-13
24256 3
1 -1.08802e-13
2 -1.45217e-13
3 -4.05009e-13
24258 3
1 -1.18572e-13
2 -1.23457e-13
3 -3.83693e-13
24260 3
1 -1.06581e-13
2 -1.39444e-13
3 -4.10338e-13
24262 3
1 -1.18128e-13
2 -1.35447e-13
3 -4.01457e-13
24264 3
1 -1.24789e-13
2 -1.37224e-13
3 -4.03233e-13
24266 3
1 -1.01252e-13
2 -1.25233e-13
3 -4.08562e-13
24268 3
1 -1.23901e-13
2 -1.57652e-13
3 -4.01457e-13
24270 3
1 -1.1191e-13
2 -1.58984e-13
3 -3.9968e-13
24272 3
1 -1.15463e-13
2 -1.41664e-13
3 -4.22773e-13
24274 3
1 -9.76996e-14
2 -1.49658e-13
3 -4.1922e-13
24276 3
1 -1.01252e-13
2 -1.54099e-13
3 -4.08562e-13
24278 3
1 -1.22125e-13
2 -1.43885e-13
3 -4.20997e-13
24280 3
1 -1.02141e-13
2 -1.54987e-13
3 -3.96128e-13
24282 3
1 -1.0747e-13
2 -1.29674e-13
3 -4.22773e-13
24284 3
1 -1.09246e-13
2 -1.51879e-13
3 -4.08562e-13
24286 3
1 -1.20348e-13
2 -1.41664e-13
3 -4.08562e-13
24288 3
1 -9.32587e-14
2 -1.52767e-13
3 -4.08562e-13
24290 3
1 -1.12799e-13
2 -1.54099e-13
3 -4.20997e-13
24292 3
1 -1.01696e-13
2 -1.77192e-13
3 -4.08562e-13
24294 3
1 -1.29674e-13
2 -1.6831e-13
3 -4.22773e-13
24296 3
1 -1.19016e-13
2 -1.72307e-13
3 -4.17444e-13
24298 3
1 -1.13687e-13
2 -1.80744e-13
3 -3.90799e-13
24300 3
1 -9.72555e-14
2 -1.75415e-13
3 -4.12115e-13
24302 3
1 -9.63674e-14
2 -1.77636e-13
3 -3.94351e-13
24304 3
1 -1.07914e-13
2 -1.75415e-13
3 -3.85469e-13
24306 3
1 -1.15907e-13
2 -1.79856e-13
3 -3.85469e-13
24308 3
1 -1.18128e-13
2 -1.81188e-13
3 -3.94351e-13
24310 3
1 -1.18128e-13
2 -1.6831e-13
3 -3.94351e-13
24312 3
1 -1.04361e-13
2 -1.73639e-13
3 -4.13003e-13
24314 3
1 -1.1191e-13
2 -1.88294e-13
3 -3.8991e-13
24316 3
1 -1.15907e-13
2 -1.77192e-13
3 -3.88134e-13
24318 3
1 -1.06581e-13
2 -1.92735e-13
3 -3.73035e-13
24320 3
1 -1.15907e-13
2 -1.85629e-13
3 -4.14779e-13
24322 3
1 -1.26121e-13
2 -1.86517e-13
3 -3.606e-13
24324 3
1 -1.01696e-13
2 -1.48326e-13
3 -3.73035e-13
24326 3
1 -1.20792e-13
2 -1.76303e-13
3 -3.89022e-13
24328 3
1 -1.28342e-13
2 -2.01617e-13
3 -3.81029e-13
24330 3
1 -1.11022e-13
2 -1.93179e-13
3 -4.01457e-13
24332 3
1 -9.59233e-14
2 -1.93179e-13
3 -3.81029e-13
24334 3
1 -1.04361e-13
2 -1.91402e-13
3 -3.82805e-13
24336 3
1 -1.25233e-13
2 -1.78968e-13
3 -3.97016e-13
24338 3
1 -1.02141e-13
2 -1.70974e-13
3 -3.74811e-13
24340 3
1 -1.25233e-13
2 -1.803e-13
3 -3.83693e-13
24342 3
1 -1.10578e-13
2 -1.94511e-13
3 -3.90799e-13
24344 3
1 -1.20792e-13
2 -1.94067e-13
3 -3.97904e-13
24346 3
1 -1.14131e-13
2 -1.90514e-13
3 -3.94351e-13
24348 3
1 -1.13243e-13
2 -1.91847e-13
3 -3.94351e-13
24350 3
1 -1.04361e-13
2 -1.67422e-13
3 -3.90799e-13
24352 3
1 -9.50351e-14
2 -1.9984e-13
3 -3.87246e-13
24354 3
1 -1.00364e-13
2 -1.74971e-13
3 -3.83693e-13
24356 3
1 -1.05693e-13
2 -1.7808e-13
3 -4.03233e-13
24358 3
1 -1.25677e-13
2 -1.68754e-13
3 -3.87246e-13
24360 3
1 -1.14131e-13
2 -1.79856e-13
3 -3.96128e-13
24362 3
1 -1.1191e-13
2 -2.02949e-13
3 -3.83693e-13
24364 3
1 -1.00808e-13
2 -1.86962e-13
3 -3.83693e-13
24366 3
1 -1.09246e-13
2 -1.69642e-13
3 -3.97904e-13
24368 3
1 -1.1191e-13
2 -1.74083e-13
3 -3.67706e-13
24370 3
1 -1.09246e-13
2 -1.67866e-13
3 -3.85469e-13
24372 3
1 -1.12355e-13
2 -1.74527e-13
3 -3.64153e-13
24374 3
1 -1.25233e-13
2 -1.70974e-13
3 -4.15668e-13
24376 3
1 -1.05249e-13
2 -2.06501e-13
3 -4.08562e-13
24378 3
1 -1.10134e-13
2 -1.46549e-13
3 -3.6593e-13
24380 3
1 -1.05249e-13
2 -1.65201e-13
3 -3.92575e-13
24382 3
1 -7.9492e-14
2 -1.7808e-13
3 -3.81917e-13
24384 3
1 -9.41469e-14
2 -1.82965e-13
3 -3.71259e-13
24386 3
1 -8.57092e-14
2 -1.75415e-13
3 -3.58824e-13
24388 3
1 -8.61533e-14
2 -1.58984e-13
3 -3.58824e-13
24390 3
1 -1.03029e-13
2 -1.75859e-13
3 -3.6593e-13
24392 3
1 -9.23706e-14
2 -1.92291e-13
3 -3.8014e-13
24394 3
1 -1.00364e-13
2 -1.58096e-13
3 -3.71259e-13
24396 3
1 -9.68114e-14
2 -1.63425e-13
3 -3.87246e-13
24398 3
1 -9.72555e-14
2 -1.7053e-13
3 -3.69482e-13
24400 3
1 -9.05942e-14
2 -1.81188e-13
3 -3.90799e-13
24402 3
1 -7.72715e-14
2 -1.96287e-13
3 -3.94351e-13
24404 3
1 -9.9476e-14
2 -1.65201e-13
3 -3.81917e-13
24406 3
1 -8.03801e-14
2 -1.80744e-13
3 -4.01457e-13
24408 3
1 -7.90479e-14
2 -1.73195e-13
3 -3.8014e-13
24410 3
1 -7.28306e-14
2 -1.92291e-13
3 -3.8991e-13
24412 3
1 -7.63833e-14
2 -1.75859e-13
3 -3.92575e-13
24414 3
1 -8.30447e-14
2 -2.00728e-13
3 -3.67706e-13
24416 3
1 -8.65974e-14
2 -1.99396e-13
3 -3.92575e-13
24418 3
1 -1.03029e-13
2 -1.80744e-13
3 -3.606e-13
24420 3
1 -8.4821e-14
2 -1.7808e-13
3 -3.49942e-13
24422 3
1 -7.72715e-14
2 -1.71418e-13
3 -3.51719e-13
24424 3
1 -8.52651e-14
2 -2.0739e-13
3 -3.83693e-13
24426 3
1 -7.59393e-14
2 -1.95843e-13
3 -3.73035e-13
24428 3
1 -7.90479e-14
2 -1.76303e-13
3 -3.83693e-13
24430 3
1 -6.21725e-14
2 -1.83853e-13
3 -3.8014e-13
24432 3
1 -6.39488e-14
2 -1.91402e-13
3 -3.4639e-13
24434 3
1 -4.61853e-14
2 -1.73639e-13
3 -3.92575e-13
24436 3
1 -6.03961e-14
2 -1.7808e-13
3 -3.58824e-13
24438 3
1 -3.73035e-14
2 -1.84297e-13
3 -3.76588e-13
24440 3
1 -6.21725e-14
2 -1.7808e-13
3 -3.606e-13
24442 3
1 -2.35367e-14
2 -1.83409e-13
3 -3.73035e-13
24444 3
1 -4.52971e-14
2 -1.79856e-13
3 -3.81917e-13
24446 3
1 -3.10862e-14
2 -1.82965e-13
3 -3.64153e-13
24448 3
1 -4.17444e-14
2 -1.54543e-13
3 -3.606e-13
24450 3
1 -4.70735e-14
2 -1.91402e-13
3 -3.76588e-13
24452 3
1 -3.37508e-14
2 -1.67422e-13
3 -3.85469e-13
24454 3
1 -3.90799e-14
2 -1.68754e-13
3 -3.6593e-13
24456 3
1 -4.66294e-14
2 -1.65201e-13
3 -3.90799e-13
24458 3
1 -4.26326e-14
2 -1.6076e-13
3 -3.87246e-13
24460 3
1 -3.73035e-14
2 -1.90958e-13
3 -3.71259e-13
24462 3
1 -4.08562e-14
2 -1.88294e-13
3 -4.1922e-13
24464 3
1 -4.35207e-14
2 -1.93179e-13
3 -3.8014e-13
24466 3
1 -4.88498e-14
2 -1.94067e-13
3 -3.8014e-13
24468 3
1 -4.52971e-14
2 -1.82077e-13
3 -3.73035e-13
24470 3
1 -3.19744e-14
2 -1.82077e-13
3 -3.92575e-13
24472 3
1 -2.79776e-14
2 -1.93179e-13
3 -3.69482e-13
24474 3
1 -4.04121e-14
2 -1.86517e-13
3 -3.73035e-13
24476 3
1 -3.90799e-14
2 -1.69642e-13
3 -3.76588e-13
24478 3
1 -3.81917e-14
2 -1.96732e-13
3 -4.10338e-13
24480 3
1 -5.50671e-14
2 -1.94955e-13
3 -3.83693e-13
24482 3
1 -4.61853e-14
2 -1.81632e-13
3 -3.6593e-13
24484 3
1 -5.06262e-14
2 -1.75859e-13
3 -3.69482e-13
24486 3
1 -5.32907e-14
2 -1.75859e-13
3 -3.83693e-13
24488 3
1 -2.84217e-14
2 -1.60316e-13
3 -3.81917e-13
24490 3
1 -4.26326e-14
2 -1.67422e-13
3 -3.89022e-13
24492 3
1 -4.88498e-14
2 -1.72307e-13
3 -3.89022e-13
24494 3
1 -3.28626e-14
2 -1.70974e-13
3 -3.606e-13
24496 3
1 -2.84217e-14
2 -1.91847e-13
3 -3.97904e-13
24498 3
1 -2.84217e-14
2 -1.9984e-13
3 -3.90799e-13
24500 3
1 -3.90799e-14
2 -1.94955e-13
3 -4.12115e-13
24502 3
1 -4.52971e-14
2 -1.72751e-13
3 -3.53495e-13
24504 3
1 -3.55271e-14
2 -1.89626e-13
3 -3.85469e-13
24506 3
1 -3.81917e-14
2 -1.803e-13
3 -3.97904e-13
24508 3
1 -3.37508e-14
2 -1.90958e-13
3 -4.05009e-13
24510 3
1 -2.30926e-14
2 -1.9007e-13
3 -3.8014e-13
24512 3
1 -4.61853e-14
2 -1.73639e-13
3 -3.90799e-13
24514 3
1 -6.30607e-14
2 -2.01617e-13
3 -3.89022e-13
24516 3
1 -4.17444e-14
2 -1.69642e-13
3 -3.74811e-13
24518 3
1 -4.44089e-14
2 -1.86517e-13
3 -3.94351e-13
24520 3
1 -4.75175e-14
2 -1.6831e-13
3 -3.81917e-13
24522 3
1 -3.37508e-14
2 -1.803e-13
3 -3.85469e-13
24524 3
1 -7.01661e-14
2 -1.71418e-13
3 -4.13891e-13
24526 3
1 -6.79456e-14
2 -1.64757e-13
3 -3.90799e-13
24528 3
1 -4.52971e-14
2 -1.74083e-13
3 -3.83693e-13
24530 3
1 -4.70735e-14
2 -1.93179e-13
3 -3.87246e-13
24532 3
1 -6.12843e-14
2 -1.77192e-13
3 -3.85469e-13
24534 3
1 -3.41949e-14
2 -1.84297e-13
3 -3.87246e-13
24536 3
1 -5.01821e-14
2 -1.78524e-13
3 -3.67706e-13
24538 3
1 -4.17444e-14
2 -1.76748e-13
3 -3.81917e-13
24540 3
1 -3.41949e-14
2 -1.91847e-13
3 -3.83693e-13
24542 3
1 -4.92939e-14
2 -1.84297e-13
3 -3.87246e-13
24544 3
1 -3.64153e-14
2 -2.01172e-13
3 -3.94351e-13
24546 3
1 -3.68594e-14
2 -1.72751e-13
3 -3.97904e-13
24548 3
1 -5.06262e-14
2 -1.79412e-13
3 -4.13891e-13
24550 3
1 -1.90958e-14
2 -1.65645e-13
3 -3.83693e-13
24552 3
1 -1.33227e-14
2 -1.7053e-13
3 -3.94351e-13
24554 3
1 -4.17444e-14
2 -1.69642e-13
3 -3.97904e-13
24556 3
1 -1.77636e-14
2 -1.87406e-13
3 -3.94351e-13
24558 3
1 -5.41789e-14
2 -1.70974e-13
3 -3.83693e-13
24560 3
1 -4.9738e-14
2 -1.61648e-13
3 -3.9968e-13
24562 3
1 -3.19744e-14
2 -1.76303e-13
3 -3.73035e-13
24564 3
1 -5.06262e-14
2 -1.63425e-13
3 -3.78364e-13
24566 3
1 -4.44089e-14
2 -1.94955e-13
3 -3.76588e-13
24568 3
1 -4.44089e-14
2 -1.94955e-13
3 -4.03233e-13
24570 3
1 -3.90799e-14
2 -1.92735e-13
3 -3.76588e-13
24572 3
1 -3.37508e-14
2 -1.7808e-13
3 -3.67706e-13
24574 3
1 -3.81917e-14
2 -1.94067e-13
3 -3.8014e-13
24576 3
1 -3.90799e-14
2 -1.89182e-13
3 -3.606e-13
24578 3
1 -3.73035e-14
2 -1.92291e-13
3 -3.85469e-13
24580 3
1 -5.32907e-14
2 -1.94955e-13
3 -3.90799e-13
24582 3
1 -4.35207e-14
2 -1.69198e-13
3 -3.8014e-13
24584 3
1 -1.59872e-14
2 -1.62093e-13
3 -3.81917e-13
24586 3
1 -3.90799e-14
2 -1.65645e-13
3 -3.87246e-13
24588 3
1 -4.79616e-14
2 -1.93179e-13
3 -3.8014e-13
24590 3
1 -2.70894e-14
2 -2.16271e-13
3 -3.73035e-13
24592 3
1 -4.61853e-14
2 -1.81632e-13
3 -3.64153e-13
24594 3
1 -3.37508e-14
2 -1.98508e-13
3 -3.73035e-13
24596 3
1 -3.10862e-14
2 -1.56763e-13
3 -4.01457e-13
24598 3
1 -5.68434e-14
2 -1.8785e-13
3 -4.03233e-13
24600 3
1 -2.22045e-14
2 -1.86073e-13
3 -3.92575e-13
24602 3
1 -2.22045e-14
2 -1.7053e-13
3 -3.76588e-13
24604 3
1 -3.4639e-14
2 -1.75859e-13
3 -3.76588e-13
24606 3
1 -2.4869e-14
2 -1.81188e-13
3 -3.9968e-13
24608 3
1 -3.37508e-14
2 -2.03393e-13
3 -3.87246e-13
24610 3
1 -2.30926e-14
2 -1.89626e-13
3 -3.90799e-13
24612 3
1 -3.28626e-14
2 -1.93623e-13
3 -3.92575e-13
24614 3
1 -3.81917e-14
2 -1.9762e-13
3 -3.92575e-13
24616 3
1 -1.95399e-14
2 -1.67422e-13
3 -3.87246e-13
24618 3
1 -2.53131e-14
2 -1.73639e-13
3 -3.92575e-13
24620 3
1 -3.10862e-14
2 -1.98952e-13
3 -3.96128e-13
24622 3
1 -1.46549e-14
2 -1.67866e-13
3 -3.87246e-13
24624 3
1 -2.66454e-14
2 -1.76303e-13
3 -3.87246e-13
24626 3
1 -4.21885e-14
2 -1.70974e-13
3 -3.90799e-13
24628 3
1 -2.04281e-14
2 -1.803e-13
3 -3.94351e-13
24630 3
1 1.77636e-15
2 -1.64313e-13
3 -3.94351e-13
24632 3
1 -5.32907e-15
2 -1.75415e-13
3 -4.17444e-13
24634 3
1 -2.66454e-15
2 -1.86517e-13
3 -4.03233e-13
24636 3
1 -2.4869e-14
2 -1.77192e-13
3 -4.13891e-13
24638 3
1 -1.24345e-14
2 -1.61204e-13
3 -3.9968e-13
24640 3
1 -3.4639e-14
2 -1.5854e-13
3 -3.96128e-13
24642 3
1 -3.37508e-14
2 -1.59428e-13
3 -3.96128e-13
24644 3
1 -6.39488e-14
2 -1.64313e-13
3 -3.8014e-13
24646 3
1 -1.68754e-14
2 -1.65645e-13
3 -3.87246e-13
24648 3
1 -1.86517e-14
2 -1.71418e-13
3 -3.97904e-13
24650 3
1 -1.95399e-14
2 -1.77636e-13
3 -3.87246e-13
24652 3
1 -4.08562e-14
2 -1.81188e-13
3 -3.81917e-13
24654 3
1 -1.59872e-14
2 -1.69642e-13
3 -3.83693e-13
24656 3
1 -4.52971e-14
2 -1.93623e-13
3 -3.8014e-13
24658 3
1 -4.44089e-15
2 -1.79412e-13
3 -4.01457e-13
24660 3
1 -2.66454e-14
2 -1.45661e-13
3 -3.78364e-13
24662 3
1 -2.13163e-14
2 -1.7053e-13
3 -3.83693e-13
24664 3
1 -8.88178e-15
2 -1.66533e-13
3 -3.9968e-13
24666 3
1 -4.08562e-14
2 -1.92291e-13
3 -3.92575e-13
24668 3
1 -3.28626e-14
2 -1.54543e-13
3 -3.81917e-13
24670 3
1 -4.52971e-14
2 -1.56319e-13
3 -3.96128e-13
24672 3
1 -2.75335e-14
2 -1.77192e-13
3 -3.92575e-13
24674 3
1 -2.4869e-14
2 -1.6076e-13
3 -3.94351e-13
24676 3
1 -2.39808e-14
2 -1.66089e-13
3 -3.92575e-13
24678 3
1 1.77636e-15
2 -1.70974e-13
3 -3.8014e-13
24680 3
1 -3.01981e-14
2 -1.46105e-13
3 -4.06786e-13
24682 3
1 -2.13163e-14
2 -1.83409e-13
3 -3.96128e-13
24684 3
1 -3.19744e-14
2 -1.84741e-13
3 -4.12115e-13
24686 3
1 -3.19744e-14
2 -2.01617e-13
3 -3.94351e-13
24688 3
1 -3.4639e-14
2 -1.66089e-13
3 -4.33431e-13
24690 3
1 -4.26326e-14
2 -1.82077e-13
3 -3.87246e-13
24692 3
1 -1.77636e-14
2 -1.96732e-13
3 -4.01457e-13
24694 3
1 -3.28626e-14
2 -1.83853e-13
3 -4.08562e-13
24696 3
1 -1.77636e-14
2 -1.82077e-13
3 -4.05009e-13
24698 3
1 -2.30926e-14
2 -1.73195e-13
3 -4.17444e-13
24700 3
1 -3.01981e-14
2 -2.03393e-13
3 -3.97904e-13
24702 3
1 -1.06581e-14
2 -1.98508e-13
3 -4.08562e-13
24704 3
1 -2.75335e-14
2 -1.82965e-13
3 -4.10338e-13
24706 3
1 -3.10862e-14
2 -1.70086e-13
3 -3.94351e-13
24708 3
1 -1.5099e-14
2 -1.89182e-13
3 -3.76588e-13
24710 3
1 -3.4639e-14
2 -1.75415e-13
3 -3.85469e-13
24712 3
1 -2.22045e-14
2 -1.97176e-13
3 -3.94351e-13
24714 3
1 -2.4869e-14
2 -1.73639e-13
3 -3.89022e-13
24716 3
1 -1.95399e-14
2 -1.7808e-13
3 -3.78364e-13
24718 3
1 -3.9968e-14
2 -1.94067e-13
3 -3.81917e-13
24720 3
1 -1.77636e-14
2 -1.78968e-13
3 -4.17444e-13
24722 3
1 -1.59872e-14
2 -1.91402e-13
3 -3.94351e-13
24724 3
1 -3.64153e-14
2 -2.06057e-13
3 -3.92575e-13
24726 3
1 -5.41789e-14
2 -2.04725e-13
3 -4.15668e-13
24728 3
1 -1.77636e-14
2 -1.65201e-13
3 -3.94351e-13
24730 3
1 -2.57572e-14
2 -1.803e-13
3 -3.90799e-13
24732 3
1 -1.24345e-14
2 -1.82077e-13
3 -4.08562e-13
24734 3
1 -3.37508e-14
2 -1.70974e-13
3 -3.78364e-13
24736 3
1 -5.24025e-14
2 -1.88738e-13
3 -4.03233e-13
24738 3
1 -3.73035e-14
2 -2.06057e-13
3 -3.90799e-13
24740 3
1 -2.57572e-14
2 -1.9007e-13
3 -3.62377e-13
24742 3
1 -3.4639e-14
2 -1.93623e-13
3 -4.10338e-13
24744 3
1 -1.77636e-14
2 -2.06501e-13
3 -3.89022e-13
24746 3
1 -3.10862e-14
2 -1.79412e-13
3 -3.97904e-13
24748 3
1 -5.24025e-14
2 -2.00284e-13
3 -3.87246e-13
24750 3
1 -5.15143e-14
2 -1.83409e-13
3 -3.85469e-13
24752 3
1 -3.90799e-14
2 -1.73639e-13
3 -3.81917e-13
24754 3
1 -3.55271e-14
2 -1.86073e-13
3 -3.96128e-13
24756 3
1 -3.64153e-14
2 -1.91402e-13
3 -3.67706e-13
24758 3
1 -4.88498e-14
2 -1.73639e-13
3 -3.73035e-13
24760 3
1 -5.41789e-14
2 -2.03393e-13
3 -3.78364e-13
24762 3
1 -4.35207e-14
2 -1.88294e-13
3 -3.606e-13
24764 3
1 -3.01981e-14
2 -1.63869e-13
3 -3.8014e-13
24766 3
1 -4.44089e-14
2 -1.77192e-13
3 -3.92575e-13
24768 3
1 -5.32907e-14
2 -1.94955e-13
3 -4.08562e-13
24770 3
1 -3.55271e-14
2 -1.84741e-13
3 -3.62377e-13
24772 3
1 -3.10862e-14
2 -1.98952e-13
3 -3.73035e-13
24774 3
1 -4.44089e-14
2 -1.74527e-13
3 -3.87246e-13
24776 3
1 -3.37508e-14
2 -1.87406e-13
3 -3.92575e-13
24778 3
1 -4.79616e-14
2 -1.79412e-13
3 -3.92575e-13
24780 3
1 -3.4639e-14
2 -1.98064e-13
3 -4.12115e-13
24782 3
1 -7.10543e-14
2 -1.9762e-13
3 -3.92575e-13
24784 3
1 -2.84217e-14
2 -1.94067e-13
3 -3.83693e-13
24786 3
1 -3.64153e-14
2 -1.72307e-13
3 -3.92575e-13
24788 3
1 -2.93099e-14
2 -1.78524e-13
3 -3.94351e-13
24790 3
1 -3.28626e-14
2 -1.79856e-13
3 -4.03233e-13
24792 3
1 -1.77636e-14
2 -1.81632e-13
3 -3.85469e-13
24794 3
1 -2.39808e-14
2 -1.80744e-13
3 -3.85469e-13
24796 3
1 -3.01981e-14
2 -1.87406e-13
3 -4.01457e-13
24798 3
1 -9.76996e-15
2 -1.83853e-13
3 -4.03233e-13
24800 3
1 -3.10862e-14
2 -1.75415e-13
3 -3.82805e-13
24802 3
1 -1.5099e-14
2 -1.76303e-13
3 -3.96128e-13
24804 3
1 -2.93099e-14
2 -1.92735e-13
3 -3.64153e-13
24806 3
1 -1.15463e-14
2 -1.74527e-13
3 -3.68594e-13
24808 3
1 -2.75335e-14
2 -2.26041e-13
3 -3.8014e-13
24810 3
1 -2.75335e-14
2 -1.89626e-13
3 -3.86358e-13
24812 3
1 -6.21725e-15
2 -1.88294e-13
3 -3.81917e-13
24814 3
1 -2.22045e-14
2 -1.95399e-13
3 -4.05009e-13
24816 3
1 -3.19744e-14
2 -1.99396e-13
3 -3.96128e-13
24818 3
1 -2.84217e-14
2 -1.82077e-13
3 -3.89022e-13
24820 3
1 -3.4639e-14
2 -1.85629e-13
3 -3.77476e-13
24822 3
1 -1.68754e-14
2 -1.71418e-13
3 -3.91687e-13
24824 3
1 -2.75335e-14
2 -1.65201e-13
3 -4.03233e-13
24826 3
1 -2.66454e-14
2 -1.77192e-13
3 -4.05009e-13
24828 3
1 -2.30926e-14
2 -1.96732e-13
3 -3.93463e-13
24830 3
1 -7.99361e-15
2 -2.04725e-13
3 -3.9968e-13
24832 3
1 -2.57572e-14
2 -1.95843e-13
3 -3.90799e-13
24834 3
1 -3.19744e-14
2 -1.92735e-13
3 -3.89022e-13
24836 3
1 -3.90799e-14
2 -1.94067e-13
3 -4.05898e-13
24838 3
1 -3.10862e-14
2 -1.86962e-13
3 -3.90799e-13
24840 3
1 -2.75335e-14
2 -1.92735e-13
3 -3.98792e-13
24842 3
1 -2.4869e-14
2 -1.91402e-13
3 -3.98792e-13
24844 3
1 -2.66454e-14
2 -1.82521e-13
3 -4.07674e-13
24846 3
1 -2.57572e-14
2 -1.76303e-13
3 -3.97904e-13
24848 3
1 -8.88178e-15
2 -2.08278e-13
3 -3.89022e-13
24850 3
1 -1.24345e-14
2 -1.60316e-13
3 -3.89022e-13
24852 3
1 -1.15463e-14
2 -1.74971e-13
3 -3.62377e-13
24854 3
1 -2.30926e-14
2 -1.57652e-13
3 -4.05009e-13
24856 3
1 -3.55271e-14
2 -1.63425e-13
3 -3.94351e-13
24858 3
1 -2.39808e-14
2 -1.81188e-13
3 -4.05009e-13
24860 3
1 -9.76996e-15
2 -1.94955e-13
3 -3.77476e-13
24862 3
1 -2.57572e-14
2 -1.94511e-13
3 -3.94351e-13
24864 3
1 -1.77636e-15
2 -2.01172e-13
3 -4.17444e-13
24866 3
1 -4.44089e-15
2 -1.95399e-13
3 -4.12115e-13
24868 3
1 -8.88178e-15
2 -1.86962e-13
3 -4.10338e-13
24870 3
1 1.77636e-15
2 -1.803e-13
3 -4.08562e-13
24872 3
1 -9.76996e-15
2 -1.77636e-13
3 -3.81917e-13
24874 3
1 3.55271e-15
2 -1.62537e-13
3 -3.81917e-13
24876 3
1 -1.59872e-14
2 -1.78968e-13
3 -4.02345e-13
24878 3
1 -1.59872e-14
2 -1.61648e-13
3 -3.89022e-13
24880 3
1 -2.22045e-14
2 -1.70974e-13
3 -3.81917e-13
24882 3
1 -7.10543e-15
2 -1.71418e-13
3 -3.76588e-13
24884 3
1 -2.30926e-14
2 -1.86962e-13
3 -4.14779e-13
24886 3
1 -4.08562e-14
2 -1.88738e-13
3 -4.21885e-13
24888 3
1 -2.66454e-14
2 -1.69642e-13
3 -4.05009e-13
24890 3
1 -2.57572e-14
2 -1.91402e-13
3 -3.94351e-13
24892 3
1 6.21725e-15
2 -1.76303e-13
3 -4.05009e-13
24894 3
1 -1.06581e-14
2 -2.03837e-13
3 -4.11227e-13
24896 3
1 -2.4869e-14
2 -1.88294e-13
3 -4.01457e-13
24898 3
1 8.88178e-16
2 -1.8785e-13
3 -4.01457e-13
24900 3
1 2.66454e-15
2 -2.01172e-13
3 -3.97016e-13
24902 3
1 -1.06581e-14
2 -1.98508e-13
3 -4.06786e-13
24904 3
1 -1.77636e-15
2 -1.96732e-13
3 -3.8991e-13
24906 3
1 -1.42109e-14
2 -1.71863e-13
3 -3.72147e-13
24908 3
1 -1.68754e-14
2 -1.86962e-13
3 -3.73923e-13
24910 3
1 -1.5099e-14
2 -1.6831e-13
3 -4.11227e-13
24912 3
1 -2.57572e-14
2 -1.81188e-13
3 -3.76588e-13
24914 3
1 -3.01981e-14
2 -1.7808e-13
3 -3.77476e-13
24916 3
1 -2.66454e-14
2 -1.9007e-13
3 -3.88134e-13
24918 3
1 -2.93099e-14
2 -1.83409e-13
3 -4.07674e-13
24920 3
1 -2.30926e-14
2 -1.83409e-13
3 -3.8991e-13
24922 3
1 -4.17444e-14
2 -1.8785e-13
3 -3.64153e-13
24924 3
1 -1.77636e-14
2 -1.803e-13
3 -3.49942e-13
24926 3
1 -2.84217e-14
2 -2.00728e-13
3 -3.69482e-13
24928 3
1 -1.68754e-14
2 -1.93179e-13
3 -4.02345e-13
24930 3
1 -8.88178e-15
2 -1.62537e-13
3 -3.79252e-13
24932 3
1 -9.76996e-15
2 -2.07834e-13
3 -3.78364e-13
24934 3
1 -3.37508e-14
2 -1.66089e-13
3 -3.89022e-13
24936 3
1 -2.22045e-14
2 -1.7808e-13
3 -3.90799e-13
24938 3
1 -1.15463e-14
2 -1.88738e-13
3 -3.87246e-13
24940 3
1 -6.21725e-15
2 -1.66089e-13
3 -3.606e-13
24942 3
1 -1.77636e-14
2 -1.93623e-13
3 -3.57936e-13
24944 3
1 -1.86517e-14
2 -1.7808e-13
3 -3.8014e-13
24946 3
1 -2.4869e-14
2 -1.62093e-13
3 -3.89022e-13
24948 3
1 -2.75335e-14
2 -1.89182e-13
3 -3.74811e-13
24950 3
1 -2.84217e-14
2 -1.80744e-13
3 -3.93463e-13
24952 3
1 -2.75335e-14
2 -1.66533e-13
3 -3.59712e-13
24954 3
1 -5.41789e-14
2 -1.85629e-13
3 -3.81029e-13
24956 3
1 -3.01981e-14
2 -1.75415e-13
3 -3.64153e-13
24958 3
1 -3.19744e-14
2 -1.61648e-13
3 -3.8991e-13
24960 3
1 -3.37508e-14
2 -2.00284e-13
3 -3.73923e-13
24962 3
1 -4.79616e-14
2 -1.84297e-13
3 -3.8014e-13
24964 3
1 -4.26326e-14
2 -1.63425e-13
3 -3.76588e-13
24966 3
1 -1.95399e-14
2 -1.55875e-13
3 -3.93463e-13
24968 3
1 -1.95399e-14
2 -1.65645e-13
3 -3.73923e-13
24970 3
1 -4.88498e-14
2 -1.71863e-13
3 -3.92575e-13
24972 3
1 -3.01981e-14
2 -1.76748e-13
3 -3.77476e-13
24974 3
1 -3.73035e-14
2 -1.7053e-13
3 -3.97016e-13
24976 3
1 -3.19744e-14
2 -1.7808e-13
3 -3.78364e-13
24978 3
1 -3.90799e-14
2 -1.67422e-13
3 -3.73923e-13
24980 3
1 -3.10862e-14
2 -1.74527e-13
3 -3.75699e-13
24982 3
1 -4.26326e-14
2 -1.90514e-13
3 -3.71259e-13
24984 3
1 -2.84217e-14
2 -1.63869e-13
3 -3.51719e-13
24986 3
1 -1.77636e-14
2 -1.84741e-13
3 -3.64153e-13
24988 3
1 -3.37508e-14
2 -1.89182e-13
3 -3.83693e-13
24990 3
1 -4.08562e-14
2 -1.72751e-13
3 -3.83693e-13
24992 3
1 -3.37508e-14
2 -1.81188e-13
3 -3.77476e-13
24994 3
1 -4.79616e-14
2 -1.63425e-13
3 -3.76588e-13
24996 3
1 -3.19744e-14
2 -1.58096e-13
3 -3.59712e-13
24998 3
1 -3.64153e-14
2 -1.9762e-13
3 -3.5083e-13
25000 3
1 -3.19744e-14
2 -1.84741e-13
3 -3.90799e-13
25002 3
1 -4.35207e-14
2 -1.63425e-13
3 -3.49054e-13
25004 3
1 -2.30926e-14
2 -1.77636e-13
3 -3.54383e-13
25006 3
1 -1.15463e-14
2 -1.69642e-13
3 -4.02345e-13
25008 3
1 -2.04281e-14
2 -1.77636e-13
3 -3.88134e-13
25010 3
1 -5.32907e-14
2 -1.89848e-13
3 -3.8014e-13
25012 3
1 -3.01981e-14
2 -1.70974e-13
3 -3.82805e-13
25014 3
1 -1.15463e-14
2 -1.64535e-13
3 -3.64153e-13
25016 3
1 -2.22045e-14
2 -1.84963e-13
3 -3.86358e-13
25018 3
1 -3.28626e-14
2 -1.74527e-13
3 -3.81917e-13
25020 3
1 -3.01981e-14
2 -1.87406e-13
3 -3.74811e-13
25022 3
1 -1.95399e-14
2 -1.68088e-13
3 -3.67706e-13
25024 3
1 -1.68754e-14
2 -1.69198e-13
3 -3.67706e-13
25026 3
1 -3.28626e-14
2 -1.64757e-13
3 -3.88134e-13
25028 3
1 -1.68754e-14
2 -1.72751e-13
3 -3.82805e-13
25030 3
1 -5.32907e-15
2 -1.94067e-13
3 -3.73035e-13
25032 3
1 -2.4869e-14
2 -1.83853e-13
3 -4.06786e-13
25034 3
1 9.76996e-15
2 -1.80744e-13
3 -3.74811e-13
25036 3
1 -1.42109e-14
2 -1.79856e-13
3 -4.08562e-13
25038 3
1 -1.06581e-14
2 -1.90292e-13
3 -3.6593e-13
25040 3
1 1.77636e-15
2 -1.6831e-13
3 -3.82805e-13
25042 3
1 -3.55271e-15
2 -1.88072e-13
3 -3.77476e-13
25044 3
1 -5.32907e-15
2 -1.9118e-13
3 -4.13003e-13
25046 3
1 -2.57572e-14
2 -1.6831e-13
3 -3.92575e-13
25048 3
1 -1.77636e-14
2 -1.71418e-13
3 -3.606e-13
25050 3
1 -2.22045e-14
2 -1.6831e-13
3 -3.86358e-13
25052 3
1 9.76996e-15
2 -1.78524e-13
3 -3.81029e-13
25054 3
1 -1.15463e-14
2 -1.73195e-13
3 -3.63265e-13
25056 3
1 -2.04281e-14
2 -1.91847e-13
3 -3.86358e-13
25058 3
1 1.06581e-14
2 -1.4766e-13
3 -3.69482e-13
25060 3
1 -1.15463e-14
2 -1.93179e-13
3 -3.71259e-13
25062 3
1 -1.06581e-14
2 -1.83631e-13
3 -3.6593e-13
25064 3
1 9.76996e-15
2 -2.04503e-13
3 -3.93463e-13
25066 3
1 -2.39808e-14
2 -2.13607e-13
3 -3.76588e-13
25068 3
1 -1.15463e-14
2 -2.00062e-13
3 -3.97016e-13
25070 3
1 3.55271e-15
2 -1.75859e-13
3 -4.00568e-13
25072 3
1 -1.5099e-14
2 -1.88294e-13
3 -3.92575e-13
25074 3
1 -9.76996e-15
2 -1.84297e-13
3 -3.76588e-13
25076 3
1 -1.15463e-14
2 -1.74527e-13
3 -3.85469e-13
25078 3
1 -3.01981e-14
2 -1.84519e-13
3 -3.81917e-13
25080 3
1 -1.86517e-14
2 -1.70974e-13
3 -3.67706e-13
25082 3
1 -4.44089e-15
2 -1.87406e-13
3 -3.97904e-13
25084 3
1 2.66454e-15
2 -1.92291e-13
3 -3.5616e-13
25086 3
1 7.10543e-15
2 -1.92291e-13
3 -3.54383e-13
25088 3
1 3.55271e-15
2 -2.0095e-13
3 -3.73035e-13
25090 3
1 -1.15463e-14
2 -1.80078e-13
3 -3.73923e-13
25092 3
1 3.55271e-15
2 -1.91402e-13
3 -3.85469e-13
25094 3
1 -4.44089e-15
2 -2.11386e-13
3 -3.8014e-13
25096 3
1 1.15463e-14
2 -1.92069e-13
3 -3.81917e-13
25098 3
1 2.30926e-14
2 -2.01617e-13
3 -3.8014e-13
25100 3
1 8.88178e-16
2 -2.07168e-13
3 -3.97904e-13
25102 3
1 1.42109e-14
2 -2.04947e-13
3 -3.67706e-13
25104 3
1 3.55271e-15
2 -2.06946e-13
3 -4.1922e-13
25106 3
1 2.66454e-15
2 -2.00284e-13
3 -3.88134e-13
25108 3
1 -2.13163e-14
2 -1.9007e-13
3 -3.8991e-13
25110 3
1 1.77636e-15
2 -1.86073e-13
3 -3.84581e-13
25112 3
1 -1.42109e-14
2 -2.06279e-13
3 -3.89022e-13
25114 3
1 -8.88178e-16
2 -2.00506e-13
3 -3.6593e-13
25116 3
1 -1.95399e-14
2 -2.14717e-13
3 -3.81029e-13
25118 3
1 0
2 -2.04947e-13
3 -3.98792e-13
25120 3
1 5.32907e-15
2 -1.8896e-13
3 -4.0945e-13
25122 3
1 -2.13163e-14
2 -1.88738e-13
3 -3.97904e-13
25124 3
1 -4.44089e-15
2 -2.04725e-13
3 -3.96128e-13
25126 3
1 -1.06581e-14
2 -1.80078e-13
3 -3.98792e-13
25128 3
1 -1.68754e-14
2 -2.3026e-13
3 -3.84581e-13
25130 3
1 -7.99361e-15
2 -2.06057e-13
3 -3.62377e-13
25132 3
1 -1.42109e-14
2 -1.77192e-13
3 -3.91687e-13
25134 3
1 -7.99361e-15
2 -1.91402e-13
3 -4.35207e-13
25136 3
1 -4.44089e-15
2 -2.0095e-13
3 -4.10338e-13
25138 3
1 -3.19744e-14
2 -1.82521e-13
3 -4.20997e-13
25140 3
1 -2.66454e-15
2 -1.85851e-13
3 -4.11227e-13
25142 3
1 -1.59872e-14
2 -1.91847e-13
3 -3.9968e-13
25144 3
1 3.55271e-15
2 -1.9762e-13
3 -3.71259e-13
25146 3
1 -2.57572e-14
2 -2.04503e-13
3 -3.9968e-13
25148 3
1 3.55271e-15
2 -1.82077e-13
3 -3.90799e-13
25150 3
1 -1.5099e-14
2 -1.88294e-13
3 -4.06786e-13
25152 3
1 -1.24345e-14
2 -1.68088e-13
3 -4.15668e-13
25154 3
1 -8.88178e-15
2 -1.92513e-13
3 -4.15668e-13
25156 3
1 -2.22045e-14
2 -2.08056e-13
3 -4.10338e-13
25158 3
1 -8.88178e-15
2 -2.05169e-13
3 -3.97904e-13
25160 3
1 -1.24345e-14
2 -2.01172e-13
3 -3.88134e-13
25162 3
1 1.77636e-15
2 -2.03171e-13
3 -3.91687e-13
25164 3
1 -2.57572e-14
2 -2.04059e-13
3 -3.93463e-13
25166 3
1 -3.55271e-15
2 -1.91402e-13
3 -3.97016e-13
25168 3
1 -8.88178e-16
2 -1.96287e-13
3 -3.82805e-13
25170 3
1 -8.88178e-16
2 -2.13385e-13
3 -3.94351e-13
25172 3
1 -2.04281e-14
2 -1.92735e-13
3 -3.92575e-13
25174 3
1 -1.33227e-14
2 -1.74083e-13
3 -3.94351e-13
25176 3
1 7.99361e-15
2 -2.08278e-13
3 -4.15668e-13
25178 3
1 2.66454e-15
2 -1.95621e-13
3 -4.05009e-13
25180 3
1 -7.10543e-15
2 -1.92957e-13
3 -3.73035e-13
25182 3
1 -2.04281e-14
2 -1.91402e-13
3 -3.66818e-13
25184 3
1 -1.68754e-14
2 -2.09832e-13
3 -3.91687e-13
25186 3
1 -1.68754e-14
2 -2.12053e-13
3 -4.01457e-13
25188 3
1 -4.44089e-15
2 -2.00728e-13
3 -3.7037e-13
25190 3
1 -9.76996e-15
2 -2.06946e-13
3 -3.63265e-13
25192 3
1 -9.76996e-15
2 -2.16938e-13
3 -3.84581e-13
25194 3
1 -1.15463e-14
2 -1.87184e-13
3 -3.64153e-13
25196 3
1 5.32907e-15
2 -2.02505e-13
3 -3.61489e-13
25198 3
1 -2.66454e-14
2 -1.91402e-13
3 -3.75699e-13
25200 3
1 -5.32907e-15
2 -1.96287e-13
3 -3.88134e-13
25202 3
1 -9.76996e-15
2 -2.07612e-13
3 -3.94351e-13
25204 3
1 -2.84217e-14
2 -1.85629e-13
3 -3.82805e-13
25206 3
1 -7.10543e-15
2 -1.9873e-13
3 -3.8991e-13
25208 3
1 -3.4639e-14
2 -1.91624e-13
3 -3.93463e-13
25210 3
1 -1.24345e-14
2 -1.99396e-13
3 -3.76588e-13
25212 3
1 -1.59872e-14
2 -1.97176e-13
3 -3.94351e-13
25214 3
1 -3.4639e-14
2 -2.18714e-13
3 -3.69482e-13
25216 3
1 -1.06581e-14
2 -2.01394e-13
3 -3.86358e-13
25218 3
1 -2.57572e-14
2 -2.17826e-13
3 -3.95239e-13
25220 3
1 -1.95399e-14
2 -2.24709e-13
3 -3.94351e-13
25222 3
1 -2.04281e-14
2 -2.23599e-13
3 -3.90799e-13
25224 3
1 4.44089e-15
2 -2.07834e-13
3 -3.66818e-13
25226 3
1 -4.44089e-15
2 -2.26708e-13
3 -3.84581e-13
25228 3
1 -1.77636e-15
2 -2.00728e-13
3 -3.8014e-13
25230 3
1 -2.30926e-14
2 -1.94511e-13
3 -3.71259e-13
25232 3
1 -3.55271e-15
2 -2.10054e-13
3 -4.02345e-13
25234 3
1 -2.39808e-14
2 -2.0961e-13
3 -3.96128e-13
25236 3
1 -3.01981e-14
2 -2.23377e-13
3 -3.97904e-13
25238 3
1 -1.77636e-14
2 -2.20712e-13
3 -3.95239e-13
25240 3
1 -2.75335e-14
2 -2.02283e-13
3 -3.81917e-13
25242 3
1 -1.24345e-14
2 -2.1716e-13
3 -3.79252e-13
25244 3
1 -1.77636e-14
2 -2.04503e-13
3 -3.79252e-13
25246 3
1 -1.77636e-15
2 -2.02727e-13
3 -3.83693e-13
25248 3
1 -1.42109e-14
2 -1.9762e-13
3 -3.71259e-13
25250 3
1 -1.95399e-14
2 -1.88072e-13
3 -4.0945e-13
25252 3
1 -7.10543e-15
2 -1.82521e-13
3 -3.79252e-13
25254 3
1 -1.59872e-14
2 -1.75193e-13
3 -4.00568e-13
25256 3
1 -1.15463e-14
2 -1.90958e-13
3 -3.91687e-13
25258 3
1 -7.99361e-15
2 -2.07612e-13
3 -4.20997e-13
25260 3
1 -1.24345e-14
2 -2.09166e-13
3 -3.84581e-13
25262 3
1 -2.13163e-14
2 -1.98064e-13
3 -3.79252e-13
25264 3
1 -1.59872e-14
2 -1.89848e-13
3 -3.94351e-13
25266 3
1 -1.86517e-14
2 -1.99174e-13
3 -3.73923e-13
25268 3
1 -3.28626e-14
2 -2.01172e-13
3 -4.0945e-13
25270 3
1 -2.93099e-14
2 -1.86073e-13
3 -3.81029e-13
25272 3
1 -1.59872e-14
2 -1.95621e-13
3 -3.9968e-13
25274 3
1 1.77636e-15
2 -1.92291e-13
3 -3.92575e-13
25276 3
1 -3.28626e-14
2 -2.07168e-13
3 -4.13003e-13
25278 3
1 -9.76996e-15
2 -1.85851e-13
3 -3.97016e-13
25280 3
1 -4.44089e-15
2 -1.99396e-13
3 -4.0945e-13
25282 3
1 -1.24345e-14
2 -1.9118e-13
3 -3.82805e-13
25284 3
1 -1.59872e-14
2 -1.91402e-13
3 -4.05898e-13
25286 3
1 5.32907e-15
2 -2.01839e-13
3 -3.77476e-13
25288 3
1 8.88178e-16
2 -1.92735e-13
3 -4.02345e-13
25290 3
1 2.66454e-15
2 -1.93845e-13
3 -4.16556e-13
25292 3
1 -2.30926e-14
2 -2.16493e-13
3 -4.06786e-13
25294 3
1 1.77636e-15
2 -1.98286e-13
3 -4.15668e-13
25296 3
1 8.88178e-15
2 -1.92513e-13
3 -4.05009e-13
25298 3
1 -4.44089e-15
2 -1.98508e-13
3 -4.33431e-13
25300 3
1 -1.5099e-14
2 -2.18492e-13
3 -4.10338e-13
25302 3
1 -4.44089e-15
2 -2.10054e-13
3 -4.12115e-13
25304 3
1 -6.21725e-15
2 -2.1716e-13
3 -3.93463e-13
25306 3
1 -1.86517e-14
2 -2.24487e-13
3 -3.97904e-13
25308 3
1 -2.66454e-14
2 -2.33591e-13
3 -3.97016e-13
25310 3
1 -1.86517e-14
2 -2.05169e-13
3 -4.11227e-13
25312 3
1 -1.86517e-14
2 -2.00284e-13
3 -3.91687e-13
25314 3
1 -3.10862e-14
2 -1.98952e-13
3 -4.05898e-13
25316 3
1 -2.39808e-14
2 -1.90514e-13
3 -3.97904e-13
25318 3
1 -1.68754e-14
2 -2.13385e-13
3 -4.04121e-13
25320 3
1 -2.13163e-14
2 -2.01839e-13
3 -4.18332e-13
25322 3
1 -3.4639e-14
2 -2.0095e-13
3 -3.83693e-13
25324 3
1 -1.77636e-14
2 -2.16049e-13
3 -4.02345e-13
25326 3
1 -1.95399e-14
2 -2.14051e-13
3 -4.07674e-13
25328 3
1 9.76996e-15
2 -1.9762e-13
3 -3.94351e-13
25330 3
1 0
2 -1.85629e-13
3 -4.24549e-13
25332 3
1 1.06581e-14
2 -1.75637e-13
3 -4.01457e-13
25334 3
1 -9.76996e-15
2 -1.77858e-13
3 -4.08562e-13
25336 3
1 -4.08562e-14
2 -1.61426e-13
3 -3.91687e-13
25338 3
1 -1.24345e-14
2 -1.9007e-13
3 -3.81917e-13
25340 3
1 -2.13163e-14
2 -1.93623e-13
3 -4.20108e-13
25342 3
1 0
2 -1.8785e-13
3 -4.06786e-13
25344 3
1 -2.04281e-14
2 -2.02505e-13
3 -3.93463e-13
25346 3
1 -6.21725e-15
2 -2.0961e-13
3 -4.13891e-13
25348 3
1 -2.66454e-14
2 -1.89182e-13
3 -4.13003e-13
25350 3
1 1.77636e-15
2 -1.84297e-13
3 -4.23661e-13
25352 3
1 -2.84217e-14
2 -1.89182e-13
3 -4.15668e-13
25354 3
1 -2.57572e-14
2 -1.82521e-13
3 -4.16556e-13
25356 3
1 -1.06581e-14
2 -1.92291e-13
3 -4.13003e-13
25358 3
1 -3.10862e-14
2 -1.86962e-13
3 -4.20108e-13
25360 3
1 -3.01981e-14
2 -1.9762e-13
3 -4.2899e-13
25362 3
1 -1.42109e-14
2 -1.95399e-13
3 -4.3876e-13
25364 3
1 -1.33227e-14
2 -1.80744e-13
3 -4.28102e-13
25366 3
1 -2.66454e-14
2 -2.07834e-13
3 -4.49418e-13
25368 3
1 -4.17444e-14
2 -1.8785e-13
3 -4.12115e-13
25370 3
1 -5.06262e-14
2 -1.97176e-13
3 -4.29878e-13
25372 3
1 -2.30926e-14
2 -1.91402e-13
3 -4.17444e-13
25374 3
1 -3.4639e-14
2 -2.08722e-13
3 -4.33431e-13
25376 3
1 -2.4869e-14
2 -1.84297e-13
3 -4.3876e-13
25378 3
1 -2.22045e-14
2 -1.89182e-13
3 -4.14779e-13
25380 3
1 -2.13163e-14
2 -1.94955e-13
3 -4.05009e-13
25382 3
1 -2.22045e-14
2 -1.69198e-13
3 -4.36096e-13
25384 3
1 -2.30926e-14
2 -1.91847e-13
3 -4.31655e-13
25386 3
1 -3.10862e-14
2 -1.86073e-13
3 -3.97904e-13
25388 3
1 -4.61853e-14
2 -1.94067e-13
3 -4.31655e-13
25390 3
1 -2.93099e-14
2 -1.69642e-13
3 -4.15668e-13
25392 3
1 -1.77636e-14
2 -1.82521e-13
3 -3.92575e-13
25394 3
1 -2.57572e-14
2 -1.79412e-13
3 -4.14779e-13
25396 3
1 -4.26326e-14
2 -1.82521e-13
3 -3.92575e-13
25398 3
1 -2.57572e-14
2 -1.89626e-13
3 -3.96128e-13
25400 3
1 -3.90799e-14
2 -1.90958e-13
3 -4.28102e-13
25402 3
1 -2.39808e-14
2 -1.86962e-13
3 -4.22773e-13
25404 3
1 -3.19744e-14
2 -1.64757e-13
3 -4.06786e-13
25406 3
1 -3.73035e-14
2 -1.70974e-13
3 -4.05009e-13
25408 3
1 -2.84217e-14
2 -1.88294e-13
3 -4.05009e-13
25410 3
1 -2.57572e-14
2 -1.7808e-13
3 -4.11227e-13
25412 3
1 -3.01981e-14
2 -1.71863e-13
3 -4.04121e-13
25414 3
1 -3.10862e-14
2 -1.54099e-13
3 -4.11227e-13
25416 3
1 -2.84217e-14
2 -1.7808e-13
3 -4.41425e-13
25418 3
1 -3.19744e-14
2 -1.69198e-13
3 -4.01457e-13
25420 3
1 -2.13163e-14
2 -1.64757e-13
3 -4.12115e-13
25422 3
1 -3.81917e-14
2 -1.66533e-13
3 -4.32543e-13
25424 3
1 -1.77636e-14
2 -1.5854e-13
3 -4.0945e-13
25426 3
1 -1.77636e-14
2 -1.58984e-13
3 -4.26326e-13
25428 3
1 -3.9968e-14
2 -1.77192e-13
3 -4.11227e-13
25430 3
1 -2.66454e-14
2 -1.69642e-13
3 -3.98792e-13
25432 3
1 -2.70894e-14
2 -1.78524e-13
3 -4.17444e-13
25434 3
1 -2.79776e-14
2 -1.96287e-13
3 -4.20108e-13
25436 3
1 -3.10862e-14
2 -1.4877e-13
3 -4.06786e-13
25438 3
1 -3.64153e-14
2 -1.94955e-13
3 -4.17444e-13
25440 3
1 -3.73035e-14
2 -1.74749e-13
3 -4.08562e-13
25442 3
1 -2.30926e-14
2 -1.83187e-13
3 -4.07674e-13
25444 3
1 -7.10543e-15
2 -2.04059e-13
3 -3.83693e-13
25446 3
1 -2.22045e-14
2 -1.94067e-13
3 -4.05009e-13
25448 3
1 -3.55271e-14
2 -1.75637e-13
3 -4.05009e-13
25450 3
1 -4.9738e-14
2 -2.03837e-13
3 -4.1922e-13
25452 3
1 -3.68594e-14
2 -1.85407e-13
3 -4.14779e-13
25454 3
1 -2.88658e-14
2 -1.86073e-13
3 -4.35207e-13
25456 3
1 -4.61853e-14
2 -1.84963e-13
3 -4.22773e-13
25458 3
1 -2.4869e-14
2 -1.73861e-13
3 -4.13891e-13
25460 3
1 -4.70735e-14
2 -1.71418e-13
3 -4.36984e-13
25462 3
1 -1.86517e-14
2 -1.7053e-13
3 -4.23661e-13
25464 3
1 -3.4639e-14
2 -1.69198e-13
3 -4.20108e-13
25466 3
1 -4.88498e-14
2 -1.55875e-13
3 -4.27214e-13
25468 3
1 -3.81917e-14
2 -1.76303e-13
3 -4.18332e-13
25470 3
1 -2.84217e-14
2 -1.9007e-13
3 -4.15668e-13
25472 3
1 -2.66454e-15
2 -1.59872e-13
3 -3.91687e-13
25474 3
1 -1.15463e-14
2 -1.49436e-13
3 -4.04121e-13
25476 3
1 -3.10862e-14
2 -1.72307e-13
3 -4.27214e-13
25478 3
1 3.55271e-15
2 -1.56319e-13
3 -3.97904e-13
25480 3
1 -2.57572e-14
2 -1.70974e-13
3 -4.02345e-13
25482 3
1 -3.01981e-14
2 -1.76303e-13
3 -3.97016e-13
25484 3
1 -2.22045e-14
2 -1.79856e-13
3 -3.67706e-13
25486 3
1 -3.64153e-14
2 -1.75859e-13
3 -3.95239e-13
25488 3
1 -3.55271e-14
2 -1.75859e-13
3 -4.03233e-13
25490 3
1 -5.32907e-14
2 -1.78746e-13
3 -3.83693e-13
25492 3
1 -1.06581e-14
2 -1.39444e-13
3 -3.72147e-13
25494 3
1 -2.84217e-14
2 -1.6831e-13
3 -3.93463e-13
25496 3
1 -2.22045e-14
2 -1.77636e-13
3 -3.84581e-13
25498 3
1 -1.86517e-14
2 -1.76303e-13
3 -3.97904e-13
25500 3
1 -1.68754e-14
2 -1.66311e-13
3 -4.36984e-13
25502 3
1 -4.26326e-14
2 -1.63203e-13
3 -4.12115e-13
25504 3
1 -4.61853e-14
2 -1.67422e-13
3 -3.85469e-13
25506 3
1 -4.79616e-14
2 -1.68976e-13
3 -4.0945e-13
25508 3
1 -2.84217e-14
2 -1.6831e-13
3 -3.87246e-13
25510 3
1 -2.9754e-14
2 -1.5965e-13
3 -3.90799e-13
25512 3
1 -3.28626e-14
2 -1.71418e-13
3 -3.95239e-13
25514 3
1 -3.64153e-14
2 -1.53877e-13
3 -3.75699e-13
25516 3
1 -2.88658e-14
2 -1.45439e-13
3 -3.96128e-13
25518 3
1 -3.77476e-14
2 -1.57874e-13
3 -3.79252e-13
25520 3
1 -3.15303e-14
2 -1.51656e-13
3 -3.75699e-13
25522 3
1 -4.79616e-14
2 -1.39e-13
3 -3.74811e-13
25524 3
1 -5.77316e-14
2 -1.52767e-13
3 -3.85469e-13
25526 3
1 -3.4639e-14
2 -1.54321e-13
3 -3.98792e-13
25528 3
1 -4.17444e-14
2 -1.32117e-13
3 -3.90799e-13
25530 3
1 -5.77316e-14
2 -1.53211e-13
3 -3.81917e-13
25532 3
1 -4.79616e-14
2 -1.46105e-13
3 -3.90799e-13
25534 3
1 -3.55271e-14
2 -1.47216e-13
3 -3.81917e-13
25536 3
1 -3.73035e-14
2 -1.55653e-13
3 -3.69482e-13
25538 3
1 -7.4607e-14
2 -1.20126e-13
3 -3.87246e-13
25540 3
1 -6.12843e-14
2 -1.5099e-13
3 -3.74811e-13
25542 3
1 -3.64153e-14
2 -1.52101e-13
3 -3.87246e-13
25544 3
1 -4.79616e-14
2 -1.41664e-13
3 -3.606e-13
25546 3
1 -4.61853e-14
2 -1.31228e-13
3 -3.90799e-13
25548 3
1 -4.9738e-14
2 -1.58096e-13
3 -4.10338e-13
25550 3
1 -3.37508e-14
2 -1.43663e-13
3 -3.83693e-13
25552 3
1 -4.26326e-14
2 -1.64535e-13
3 -4.03233e-13
25554 3
1 -8.17124e-14
2 -1.43441e-13
3 -3.606e-13
25556 3
1 -6.83897e-14
2 -1.4011e-13
3 -3.85469e-13
25558 3
1 -6.92779e-14
2 -1.38778e-13
3 -3.83693e-13
25560 3
1 -6.92779e-14
2 -1.44107e-13
3 -3.96128e-13
25562 3
1 -7.19425e-14
2 -1.50768e-13
3 -3.9968e-13
25564 3
1 -5.9508e-14
2 -1.25677e-13
3 -3.92575e-13
25566 3
1 -4.9738e-14
2 -1.46994e-13
3 -4.06786e-13
25568 3
1 -6.39488e-14
2 -1.29896e-13
3 -3.74811e-13
25570 3
1 -4.17444e-14
2 -1.26565e-13
3 -3.97904e-13
25572 3
1 -6.75016e-14
2 -1.46105e-13
3 -3.87246e-13
25574 3
1 -4.44089e-14
2 -1.45439e-13
3 -3.97904e-13
25576 3
1 -5.86198e-14
2 -1.36113e-13
3 -3.94351e-13
25578 3
1 -7.10543e-14
2 -1.52545e-13
3 -3.96128e-13
25580 3
1 -4.9738e-14
2 -1.55431e-13
3 -3.78364e-13
25582 3
1 -5.68434e-14
2 -1.39666e-13
3 -3.92575e-13
25584 3
1 -6.57252e-14
2 -1.49658e-13
3 -3.97904e-13
25586 3
1 -5.68434e-14
2 -1.58096e-13
3 -3.69482e-13
25588 3
1 -4.08562e-14
2 -1.80744e-13
3 -3.89022e-13
25590 3
1 -4.26326e-14
2 -1.44995e-13
3 -3.89022e-13
25592 3
1 -4.08562e-14
2 -1.33671e-13
3 -3.97904e-13
25594 3
1 -4.44089e-14
2 -1.72307e-13
3 -3.81917e-13
25596 3
1 -1.5099e-14
2 -1.49214e-13
3 -3.87246e-13
25598 3
1 -4.17444e-14
2 -1.34337e-13
3 -3.81917e-13
25600 3
1 -5.41789e-14
2 -1.71418e-13
3 -3.97904e-13
25602 3
1 -5.50671e-14
2 -1.64757e-13
3 -3.90799e-13
25604 3
1 -2.93099e-14
2 -1.64535e-13
3 -3.90799e-13
25606 3
1 -5.77316e-14
2 -1.76525e-13
3 -3.6593e-13
25608 3
1 -4.61853e-14
2 -1.75193e-13
3 -3.87246e-13
25610 3
1 -4.08562e-14
2 -1.73639e-13
3 -3.83693e-13
25612 3
1 -3.81917e-14
2 -1.73861e-13
3 -3.81917e-13
25614 3
1 -2.22045e-14
2 -1.56097e-13
3 -3.74811e-13
25616 3
1 -2.30926e-14
2 -1.72529e-13
3 -3.6593e-13
25618 3
1 -3.28626e-14
2 -1.57652e-13
3 -3.87246e-13
25620 3
1 -2.13163e-14
2 -1.64535e-13
3 -3.9968e-13
25622 3
1 -3.01981e-14
2 -1.78302e-13
3 -3.78364e-13
25624 3
1 -3.19744e-14
2 -1.56097e-13
3 -3.6593e-13
25626 3
1 -2.13163e-14
2 -1.66978e-13
3 -3.6593e-13
25628 3
1 -5.32907e-15
2 -1.72973e-13
3 -3.73035e-13
25630 3
1 -4.26326e-14
2 -1.64535e-13
3 -3.606e-13
25632 3
1 -4.35207e-14
2 -1.66978e-13
3 -3.55271e-13
25634 3
1 -5.06262e-14
2 -1.7808e-13
3 -3.67706e-13
25636 3
1 -3.73035e-14
2 -1.69864e-13
3 -3.64153e-13
25638 3
1 -4.70735e-14
2 -1.69198e-13
3 -3.90799e-13
25640 3
1 -3.90799e-14
2 -1.75637e-13
3 -3.76588e-13
25642 3
1 -5.06262e-14
2 -1.72085e-13
3 -3.78364e-13
25644 3
1 -5.59552e-14
2 -1.67866e-13
3 -3.96128e-13
25646 3
1 -6.83897e-14
2 -1.81188e-13
3 -3.96128e-13
25648 3
1 -5.41789e-14
2 -1.77192e-13
3 -3.78364e-13
25650 3
1 -3.90799e-14
2 -1.5099e-13
3 -3.96128e-13
25652 3
1 -6.03961e-14
2 -1.71863e-13
3 -4.01457e-13
25654 3
1 -6.03961e-14
2 -1.69198e-13
3 -3.97904e-13
25656 3
1 -5.9508e-14
2 -1.67866e-13
3 -3.90799e-13
25658 3
1 -3.28626e-14
2 -1.88072e-13
3 -3.90799e-13
25660 3
1 -3.19744e-14
2 -1.51656e-13
3 -3.69482e-13
25662 3
1 -5.32907e-14
2 -2.01839e-13
3 -3.90799e-13
25664 3
1 -3.55271e-14
2 -1.78524e-13
3 -3.76588e-13
25666 3
1 -5.41789e-14
2 -1.62759e-13
3 -3.97904e-13
25668 3
1 -5.15143e-14
2 -1.92069e-13
3 -3.85469e-13
25670 3
1 -4.79616e-14
2 -1.7053e-13
3 -3.78364e-13
25672 3
1 -7.01661e-14
2 -1.52101e-13
3 -3.89022e-13
25674 3
1 -7.72715e-14
2 -1.60094e-13
3 -3.9968e-13
25676 3
1 -7.4607e-14
2 -1.66089e-13
3 -4.01457e-13
25678 3
1 -6.39488e-14
2 -1.48992e-13
3 -3.97904e-13
25680 3
1 -5.68434e-14
2 -1.82299e-13
3 -4.01457e-13
25682 3
1 -7.4607e-14
2 -1.71196e-13
3 -4.01457e-13
25684 3
1 -5.50671e-14
2 -1.51434e-13
3 -3.92575e-13
25686 3
1 -6.92779e-14
2 -1.66311e-13
3 -4.06786e-13
25688 3
1 -5.59552e-14
2 -1.41442e-13
3 -4.03233e-13
25690 3
1 -7.10543e-14
2 -1.70086e-13
3 -4.08562e-13
25692 3
1 -5.24025e-14
2 -1.58096e-13
3 -3.83693e-13
25694 3
1 -5.9508e-14
2 -1.52323e-13
3 -3.73035e-13
25696 3
1 -5.50671e-14
2 -1.57208e-13
3 -3.87246e-13
25698 3
1 -5.77316e-14
2 -1.57208e-13
3 -3.8014e-13
25700 3
1 -6.92779e-14
2 -1.62537e-13
3 -3.62377e-13
25702 3
1 -6.92779e-14
2 -1.60982e-13
3 -3.90799e-13
25704 3
1 -5.9508e-14
2 -1.64979e-13
3 -3.9968e-13
25706 3
1 -7.72715e-14
2 -1.41887e-13
3 -3.67706e-13
25708 3
1 -6.75016e-14
2 -1.77192e-13
3 -3.8014e-13
25710 3
1 -4.79616e-14
2 -1.45883e-13
3 -3.64153e-13
25712 3
1 -7.10543e-14
2 -1.58984e-13
3 -3.67706e-13
25714 3
1 -4.9738e-14
2 -1.50768e-13
3 -3.87246e-13
25716 3
1 -6.21725e-14
2 -1.73195e-13
3 -3.92575e-13
25718 3
1 -5.9508e-14
2 -1.72529e-13
3 -3.83693e-13
25720 3
1 -5.86198e-14
2 -1.85185e-13
3 -3.71259e-13
25722 3
1 -7.72715e-14
2 -1.62093e-13
3 -3.94351e-13
25724 3
1 -6.30607e-14
2 -1.60538e-13
3 -3.74811e-13
25726 3
1 -6.66134e-14
2 -1.62759e-13
3 -3.55271e-13
25728 3
1 -7.28306e-14
2 -1.51434e-13
3 -3.64153e-13
25730 3
1 -7.63833e-14
2 -1.66978e-13
3 -3.90799e-13
25732 3
1 -5.77316e-14
2 -1.54987e-13
3 -3.53495e-13
25734 3
1 -5.50671e-14
2 -1.75415e-13
3 -3.69482e-13
25736 3
1 -7.28306e-14
2 -1.67422e-13
3 -3.83693e-13
25738 3
1 -6.66134e-14
2 -1.60094e-13
3 -3.53495e-13
25740 3
1 -7.99361e-14
2 -1.46549e-13
3 -3.58824e-13
25742 3
1 -6.92779e-14
2 -1.70974e-13
3 -3.74811e-13
25744 3
1 -6.75016e-14
2 -1.61648e-13
3 -3.62377e-13
25746 3
1 -6.57252e-14
2 -1.77192e-13
3 -3.85469e-13
25748 3
1 -6.83897e-14
2 -1.58984e-13
3 -3.58824e-13
25750 3
1 -8.08242e-14
2 -1.59872e-13
3 -3.64153e-13
25752 3
1 -9.50351e-14
2 -1.76303e-13
3 -3.39284e-13
25754 3
1 -8.34888e-14
2 -1.86962e-13
3 -3.69482e-13
25756 3
1 -8.26006e-14
2 -1.68754e-13
3 -3.606e-13
25758 3
1 -7.28306e-14
2 -1.74971e-13
3 -3.85469e-13
25760 3
1 -6.57252e-14
2 -1.74971e-13
3 -3.76588e-13
25762 3
1 -6.21725e-14
2 -1.82965e-13
3 -3.73035e-13
25764 3
1 -8.88178e-14
2 -1.81855e-13
3 -3.89022e-13
25766 3
1 -7.19425e-14
2 -1.70308e-13
3 -3.51719e-13
25768 3
1 -7.4607e-14
2 -1.92069e-13
3 -3.94351e-13
25770 3
1 -7.10543e-14
2 -2.01172e-13
3 -3.78364e-13
25772 3
1 -6.39488e-14
2 -1.75637e-13
3 -3.73035e-13
25774 3
1 -8.88178e-14
2 -1.78524e-13
3 -3.58824e-13
25776 3
1 -7.81597e-14
2 -1.83853e-13
3 -3.6593e-13
25778 3
1 -6.92779e-14
2 -1.70086e-13
3 -3.76588e-13
25780 3
1 -5.15143e-14
2 -1.61648e-13
3 -3.71259e-13
25782 3
1 -6.39488e-14
2 -1.64979e-13
3 -3.606e-13
25784 3
1 -5.86198e-14
2 -1.82299e-13
3 -3.71259e-13
25786 3
1 -6.21725e-14
2 -1.94511e-13
3 -3.76588e-13
25788 3
1 -5.15143e-14
2 -1.70308e-13
3 -3.85469e-13
25790 3
1 -6.92779e-14
2 -1.80744e-13
3 -3.67706e-13
25792 3
1 -8.34888e-14
2 -1.94955e-13
3 -3.8014e-13
25794 3
1 -6.75016e-14
2 -1.74971e-13
3 -3.76588e-13
25796 3
1 -7.63833e-14
2 -1.63647e-13
3 -3.87246e-13
25798 3
1 -7.4607e-14
2 -1.59872e-13
3 -3.48166e-13
25800 3
1 -7.10543e-14
2 -1.7919e-13
3 -3.55271e-13
25802 3
1 -7.99361e-14
2 -1.83853e-13
3 -3.78364e-13
25804 3
1 -6.57252e-14
2 -1.76748e-13
3 -3.58824e-13
25806 3
1 -9.41469e-14
2 -1.5743e-13
3 -3.74811e-13
25808 3
1 -7.28306e-14
2 -1.77414e-13
3 -3.8014e-13
25810 3
1 -7.10543e-14
2 -1.74527e-13
3 -3.67706e-13
25812 3
1 -8.88178e-14
2 -1.92291e-13
3 -3.85469e-13
25814 3
1 -6.39488e-14
2 -1.80522e-13
3 -3.87246e-13
25816 3
1 -8.52651e-14
2 -1.83631e-13
3 -3.51719e-13
25818 3
1 -8.52651e-14
2 -1.90292e-13
3 -3.73035e-13
25820 3
1 -6.57252e-14
2 -1.82299e-13
3 -3.83693e-13
25822 3
1 -6.75016e-14
2 -1.672e-13
3 -3.71259e-13
25824 3
1 -9.41469e-14
2 -1.74083e-13
3 -3.69482e-13
25826 3
1 -8.70415e-14
2 -1.53433e-13
3 -3.41061e-13
25828 3
1 -5.86198e-14
2 -1.81188e-13
3 -3.6593e-13
25830 3
1 -7.28306e-14
2 -1.64313e-13
3 -3.71259e-13
25832 3
1 -6.75016e-14
2 -1.77636e-13
3 -3.62377e-13
25834 3
1 -8.88178e-14
2 -1.6831e-13
3 -3.64153e-13
25836 3
1 -6.75016e-14
2 -1.79856e-13
3 -3.44613e-13
25838 3
1 -7.99361e-14
2 -1.74749e-13
3 -3.71259e-13
25840 3
1 -7.4607e-14
2 -1.75193e-13
3 -3.48166e-13
25842 3
1 -5.86198e-14
2 -1.66089e-13
3 -3.74811e-13
25844 3
1 -9.59233e-14
2 -1.66755e-13
3 -3.49942e-13
25846 3
1 -8.34888e-14
2 -1.80966e-13
3 -3.48166e-13
25848 3
1 -7.4607e-14
2 -1.71196e-13
3 -3.49942e-13
25850 3
1 -9.9476e-14
2 -1.92513e-13
3 -3.48166e-13
25852 3
1 -7.81597e-14
2 -1.78302e-13
3 -3.67706e-13
25854 3
1 -7.28306e-14
2 -1.68088e-13
3 -3.58824e-13
25856 3
1 -1.08358e-13
2 -1.44995e-13
3 -4.01457e-13
25858 3
1 -9.05942e-14
2 -1.84741e-13
3 -3.67706e-13
25860 3
1 -1.13687e-13
2 -1.8785e-13
3 -3.6593e-13
25862 3
1 -8.52651e-14
2 -1.82965e-13
3 -3.48166e-13
25864 3
1 -8.88178e-14
2 -1.71863e-13
3 -3.74811e-13
25866 3
1 -8.88178e-14
2 -1.65867e-13
3 -3.42837e-13
25868 3
1 -1.04805e-13
2 -1.65201e-13
3 -3.6593e-13
25870 3
1 -8.70415e-14
2 -1.84075e-13
3 -3.58824e-13
25872 3
1 -9.23706e-14
2 -1.66533e-13
3 -3.62377e-13
25874 3
1 -6.75016e-14
2 -1.73417e-13
3 -3.55271e-13
25876 3
1 -8.52651e-14
2 -1.50768e-13
3 -3.44613e-13
25878 3
1 -9.9476e-14
2 -1.78302e-13
3 -3.58824e-13
25880 3
1 -7.28306e-14
2 -1.75859e-13
3 -3.35731e-13
25882 3
1 -8.70415e-14
2 -1.82299e-13
3 -3.55271e-13
25884 3
1 -6.92779e-14
2 -1.61648e-13
3 -3.58824e-13
25886 3
1 -9.05942e-14
2 -1.87406e-13
3 -3.33955e-13
25888 3
1 -7.81597e-14
2 -1.69198e-13
3 -3.55271e-13
25890 3
1 -7.4607e-14
2 -1.58984e-13
3 -3.51719e-13
25892 3
1 -4.9738e-14
2 -1.66533e-13
3 -3.23297e-13
25894 3
1 -7.28306e-14
2 -1.68754e-13
3 -3.58824e-13
25896 3
1 -6.21725e-14
2 -1.85629e-13
3 -3.606e-13
25898 3
1 -5.86198e-14
2 -1.54987e-13
3 -3.49942e-13
25900 3
1 -7.81597e-14
2 -1.72751e-13
3 -3.48166e-13
25902 3
1 -8.34888e-14
2 -1.52989e-13
3 -3.64153e-13
25904 3
1 -6.92779e-14
2 -1.84075e-13
3 -3.62377e-13
25906 3
1 -6.75016e-14
2 -1.75637e-13
3 -3.49942e-13
25908 3
1 -6.03961e-14
2 -1.56541e-13
3 -3.23297e-13
25910 3
1 -6.39488e-14
2 -1.64757e-13
3 -3.44613e-13
25912 3
1 -8.52651e-14
2 -1.70086e-13
3 -3.57048e-13
25914 3
1 -6.57252e-14
2 -1.6076e-13
3 -3.33955e-13
25916 3
1 -7.10543e-14
2 -1.43441e-13
3 -3.39284e-13
25918 3
1 -5.86198e-14
2 -1.73195e-13
3 -3.37508e-13
25920 3
1 -7.10543e-14
2 -1.82077e-13
3 -3.69482e-13
25922 3
1 -6.39488e-14
2 -1.65645e-13
3 -3.69482e-13
25924 3
1 -7.63833e-14
2 -1.74083e-13
3 -3.48166e-13
25926 3
1 -6.75016e-14
2 -1.91402e-13
3 -3.57048e-13
25928 3
1 -7.81597e-14
2 -1.89182e-13
3 -3.41061e-13
25930 3
1 -6.03961e-14
2 -1.63425e-13
3 -3.67706e-13
25932 3
1 -4.9738e-14
2 -1.74971e-13
3 -3.41061e-13
25934 3
1 -5.68434e-14
2 -1.79856e-13
3 -3.71259e-13
25936 3
1 -4.08562e-14
2 -1.84297e-13
3 -3.74811e-13
25938 3
1 -6.39488e-14
2 -1.70086e-13
3 -3.64153e-13
25940 3
1 -5.86198e-14
2 -1.65201e-13
3 -3.57048e-13
25942 3
1 -8.52651e-14
2 -1.79856e-13
3 -3.41061e-13
25944 3
1 -7.10543e-14
2 -1.64757e-13
3 -3.58824e-13
25946 3
1 -3.73035e-14
2 -1.80744e-13
3 -3.4639e-13
25948 3
1 -6.75016e-14
2 -1.75415e-13
3 -3.33955e-13
25950 3
1 -8.34888e-14
2 -1.77636e-13
3 -3.30402e-13
25952 3
1 -8.34888e-14
2 -1.88294e-13
3 -3.37508e-13
25954 3
1 -5.15143e-14
2 -1.75415e-13
3 -3.14415e-13
25956 3
1 -7.63833e-14
2 -1.78968e-13
3 -3.76588e-13
25958 3
1 -7.81597e-14
2 -1.54543e-13
3 -3.49942e-13
25960 3
1 -4.61853e-14
2 -1.66533e-13
3 -3.57048e-13
25962 3
1 -3.73035e-14
2 -1.803e-13
3 -3.42837e-13
25964 3
1 -5.15143e-14
2 -1.69642e-13
3 -3.28626e-13
25966 3
1 -5.50671e-14
2 -1.81632e-13
3 -3.21521e-13
25968 3
1 -5.32907e-14
2 -2.06946e-13
3 -3.4639e-13
25970 3
1 -6.03961e-14
2 -1.86517e-13
3 -3.37508e-13
25972 3
1 -6.57252e-14
2 -1.65645e-13
3 -3.41061e-13
25974 3
1 -6.39488e-14
2 -1.91847e-13
3 -3.2685e-13
25976 3
1 -4.9738e-14
2 -1.84741e-13
3 -3.49942e-13
25978 3
1 -4.9738e-14
2 -2.14051e-13
3 -3.41061e-13
25980 3
1 -6.75016e-14
2 -1.93179e-13
3 -3.71259e-13
25982 3
1 -5.32907e-14
2 -2.02505e-13
3 -3.42837e-13
25984 3
1 -7.4607e-14
2 -1.95399e-13
3 -3.12639e-13
25986 3
1 -6.39488e-14
2 -1.69642e-13
3 -3.4639e-13
25988 3
1 -4.61853e-14
2 -1.64757e-13
3 -3.33955e-13
25990 3
1 -4.61853e-14
2 -1.84741e-13
3 -3.30402e-13
25992 3
1 -6.57252e-14
2 -1.63425e-13
3 -3.32179e-13
25994 3
1 -6.03961e-14
2 -1.66089e-13
3 -3.17968e-13
25996 3
1 -3.55271e-14
2 -1.89182e-13
3 -3.42837e-13
25998 3
1 -3.01981e-14
2 -1.74083e-13
3 -3.21521e-13
26000 3
1 -5.68434e-14
2 -1.82077e-13
3 -3.28626e-13
26002 3
1 -4.79616e-14
2 -1.69642e-13
3 -3.28626e-13
26004 3
1 -4.79616e-14
2 -1.93179e-13
3 -3.49942e-13
26006 3
1 -4.26326e-14
2 -1.96732e-13
3 -3.41061e-13
26008 3
1 -5.15143e-14
2 -1.65201e-13
3 -3.12639e-13
26010 3
1 -5.68434e-14
2 -2.10498e-13
3 -3.48166e-13
26012 3
1 -4.61853e-14
2 -2.01172e-13
3 -3.23297e-13
26014 3
1 -6.92779e-14
2 -1.89626e-13
3 -3.6593e-13
26016 3
1 -6.03961e-14
2 -1.82965e-13
3 -3.21521e-13
26018 3
1 -6.92779e-14
2 -1.71863e-13
3 -3.30402e-13
26020 3
1 -6.39488e-14
2 -1.9762e-13
3 -3.33955e-13
26022 3
1 -7.81597e-14
2 -1.91847e-13
3 -3.30402e-13
26024 3
1 -6.92779e-14
2 -1.89182e-13
3 -3.48166e-13
26026 3
1 -5.86198e-14
2 -1.9984e-13
3 -3.25073e-13
26028 3
1 -5.68434e-14
2 -1.77192e-13
3 -3.30402e-13
26030 3
1 -6.75016e-14
2 -1.85185e-13
3 -3.64153e-13
26032 3
1 -5.15143e-14
2 -1.8785e-13
3 -3.32179e-13
26034 3
1 -6.03961e-14
2 -1.71863e-13
3 -3.2685e-13
26036 3
1 -5.50671e-14
2 -1.88294e-13
3 -3.2685e-13
26038 3
1 -4.61853e-14
2 -2.10054e-13
3 -3.49942e-13
26040 3
1 -4.26326e-14
2 -1.89848e-13
3 -3.4639e-13
26042 3
1 -6.03961e-14
2 -2.00506e-13
3 -3.32179e-13
26044 3
1 -6.75016e-14
2 -2.07612e-13
3 -3.17968e-13
26046 3
1 -6.75016e-14
2 -1.94289e-13
3 -3.42837e-13
26048 3
1 -5.68434e-14
2 -1.94955e-13
3 -3.0731e-13
26050 3
1 -6.75016e-14
2 -1.78746e-13
3 -3.14415e-13
26052 3
1 -5.32907e-14
2 -2.13385e-13
3 -3.39284e-13
26054 3
1 -3.90799e-14
2 -1.91847e-13
3 -3.49942e-13
26056 3
1 -3.90799e-14
2 -1.92957e-13
3 -3.33955e-13
26058 3
1 -5.32907e-14
2 -1.77414e-13
3 -3.48166e-13
26060 3
1 -5.86198e-14
2 -1.84075e-13
3 -3.62377e-13
26062 3
1 -5.68434e-14
2 -2.14273e-13
3 -3.23297e-13
26064 3
1 -5.15143e-14
2 -1.97398e-13
3 -3.51719e-13
26066 3
1 -3.55271e-14
2 -1.80522e-13
3 -3.2685e-13
26068 3
1 -7.28306e-14
2 -1.88738e-13
3 -3.48166e-13
26070 3
1 -8.34888e-14
2 -1.75637e-13
3 -3.53495e-13
26072 3
1 -5.32907e-14
2 -2.00062e-13
3 -3.57048e-13
26074 3
1 -4.44089e-14
2 -2.12497e-13
3 -3.30402e-13
26076 3
1 -5.15143e-14
2 -2.10942e-13
3 -3.41061e-13
26078 3
1 -7.10543e-14
2 -1.95621e-13
3 -3.48166e-13
26080 3
1 -4.9738e-14
2 -2.00506e-13
3 -3.53495e-13
26082 3
1 -3.55271e-14
2 -1.86073e-13
3 -3.49942e-13
26084 3
1 -3.19744e-14
2 -1.99618e-13
3 -3.32179e-13
26086 3
1 -5.50671e-14
2 -2.30926e-13
3 -3.53495e-13
26088 3
1 -5.50671e-14
2 -1.82299e-13
3 -3.39284e-13
26090 3
1 -5.50671e-14
2 -2.18048e-13
3 -3.35731e-13
26092 3
1 -5.68434e-14
2 -1.76525e-13
3 -3.21521e-13
26094 3
1 -3.73035e-14
2 -1.83631e-13
3 -3.44613e-13
26096 3
1 -5.68434e-14
2 -1.93623e-13
3 -3.44613e-13
26098 3
1 -4.9738e-14
2 -2.11164e-13
3 -3.44613e-13
26100 3
1 -3.37508e-14
2 -2.21378e-13
3 -3.37508e-13
26102 3
1 -5.15143e-14
2 -1.90514e-13
3 -3.48166e-13
26104 3
1 -4.08562e-14
2 -2.12941e-13
3 -3.30402e-13
26106 3
1 -5.15143e-14
2 -1.93845e-13
3 -3.33955e-13
26108 3
1 -5.68434e-14
2 -2.02727e-13
3 -3.51719e-13
26110 3
1 -5.32907e-14
2 -2.16716e-13
3 -3.19744e-13
26112 3
1 -4.44089e-14
2 -1.97842e-13
3 -3.606e-13
26114 3
1 -6.39488e-14
2 -1.92069e-13
3 -3.606e-13
26116 3
1 -4.44089e-14
2 -1.92957e-13
3 -3.58824e-13
26118 3
1 -4.9738e-14
2 -2.0095e-13
3 -3.57048e-13
26120 3
1 -6.57252e-14
2 -1.93623e-13
3 -3.53495e-13
26122 3
1 -4.79616e-14
2 -1.78746e-13
3 -3.67706e-13
26124 3
1 -5.68434e-14
2 -2.03393e-13
3 -3.49942e-13
26126 3
1 -6.03961e-14
2 -1.76303e-13
3 -3.606e-13
26128 3
1 -4.9738e-14
2 -1.8141e-13
3 -3.73035e-13
26130 3
1 -6.92779e-14
2 -2.07168e-13
3 -3.64153e-13
26132 3
1 -5.50671e-14
2 -1.88072e-13
3 -3.67706e-13
26134 3
1 -5.50671e-14
2 -2.10276e-13
3 -3.57048e-13
26136 3
1 -5.32907e-14
2 -2.06501e-13
3 -3.69482e-13
26138 3
1 -5.50671e-14
2 -1.97176e-13
3 -3.4639e-13
26140 3
1 -6.03961e-14
2 -1.86295e-13
3 -3.76588e-13
26142 3
1 -3.90799e-14
2 -1.76303e-13
3 -3.51719e-13
26144 3
1 -6.21725e-14
2 -1.77636e-13
3 -3.39284e-13
26146 3
1 -4.44089e-14
2 -1.81632e-13
3 -3.55271e-13
26148 3
1 -5.86198e-14
2 -1.82299e-13
3 -3.51719e-13
26150 3
1 -3.73035e-14
2 -1.70974e-13
3 -3.90799e-13
26152 3
1 -3.90799e-14
2 -1.9007e-13
3 -3.53495e-13
26154 3
1 -5.32907e-14
2 -2.10942e-13
3 -3.73035e-13
26156 3
1 -4.26326e-14
2 -1.94511e-13
3 -3.62377e-13
26158 3
1 -3.90799e-14
2 -1.60316e-13
3 -3.74811e-13
26160 3
1 -4.44089e-14
2 -1.94511e-13
3 -3.55271e-13
26162 3
1 -4.08562e-14
2 -1.86295e-13
3 -3.8014e-13
26164 3
1 -4.08562e-14
2 -1.82743e-13
3 -3.76588e-13
26166 3
1 -3.73035e-14
2 -2.05391e-13
3 -3.67706e-13
26168 3
1 -5.32907e-14
2 -1.9118e-13
3 -3.76588e-13
26170 3
1 -4.26326e-14
2 -1.84963e-13
3 -3.606e-13
26172 3
1 -4.9738e-14
2 -1.8141e-13
3 -3.73035e-13
26174 3
1 -4.08562e-14
2 -1.84297e-13
3 -3.78364e-13
26176 3
1 -4.9738e-14
2 -1.74305e-13
3 -3.8014e-13
26178 3
1 -4.9738e-14
2 -1.90736e-13
3 -3.74811e-13
26180 3
1 -4.26326e-14
2 -1.82299e-13
3 -3.83693e-13
26182 3
1 -2.66454e-14
2 -1.88516e-13
3 -3.97904e-13
26184 3
1 -2.13163e-14
2 -2.11164e-13
3 -3.73035e-13
26186 3
1 -1.59872e-14
2 -1.80078e-13
3 -3.69482e-13
26188 3
1 -3.90799e-14
2 -1.85185e-13
3 -3.73035e-13
26190 3
1 -2.84217e-14
2 -1.90736e-13
3 -3.57048e-13
26192 3
1 -3.19744e-14
2 -1.96732e-13
3 -3.6593e-13
26194 3
1 -3.73035e-14
2 -1.93623e-13
3 -3.71259e-13
26196 3
1 -4.9738e-14
2 -1.94511e-13
3 -3.62377e-13
26198 3
1 -4.44089e-14
2 -1.75415e-13
3 -3.76588e-13
26200 3
1 -4.9738e-14
2 -1.8674e-13
3 -3.97904e-13
26202 3
1 -4.44089e-14
2 -1.8674e-13
3 -3.71259e-13
26204 3
1 -4.79616e-14
2 -2.4114e-13
3 -3.55271e-13
26206 3
1 -4.9738e-14
2 -2.09166e-13
3 -3.76588e-13
26208 3
1 -4.9738e-14
2 -2.04281e-13
3 -3.74811e-13
26210 3
1 -4.44089e-14
2 -2.06501e-13
3 -3.87246e-13
26212 3
1 -3.01981e-14
2 -1.99618e-13
3 -3.78364e-13
26214 3
1 -4.08562e-14
2 -1.92735e-13
3 -3.90799e-13
26216 3
1 -4.08562e-14
2 -2.03615e-13
3 -3.74811e-13
26218 3
1 -3.19744e-14
2 -2.01394e-13
3 -3.97904e-13
26220 3
1 -4.79616e-14
2 -1.89848e-13
3 -3.81917e-13
26222 3
1 -3.01981e-14
2 -1.92291e-13
3 -3.90799e-13
26224 3
1 -4.61853e-14
2 -1.8674e-13
3 -3.73035e-13
26226 3
1 -5.32907e-14
2 -1.74305e-13
3 -3.85469e-13
26228 3
1 -4.79616e-14
2 -1.83631e-13
3 -3.8014e-13
26230 3
1 -3.37508e-14
2 -1.94289e-13
3 -3.76588e-13
26232 3
1 -5.86198e-14
2 -2.16716e-13
3 -3.90799e-13
26234 3
1 -5.15143e-14
2 -2.17382e-13
3 -3.8014e-13
26236 3
1 -5.32907e-14
2 -2.02505e-13
3 -3.85469e-13
26238 3
1 -3.90799e-14
2 -2.22267e-13
3 -3.8014e-13
26240 3
1 -3.19744e-14
2 -1.98064e-13
3 -4.01457e-13
26242 3
1 -3.73035e-14
2 -2.06946e-13
3 -3.8014e-13
26244 3
1 -3.90799e-14
2 -1.81188e-13
3 -3.87246e-13
26246 3
1 -2.66454e-14
2 -1.84963e-13
3 -3.89022e-13
26248 3
1 -3.90799e-14
2 -1.97842e-13
3 -3.71259e-13
26250 3
1 -3.90799e-14
2 -2.03393e-13
3 -3.87246e-13
26252 3
1 -3.90799e-14
2 -2.10942e-13
3 -3.78364e-13
26254 3
1 -3.01981e-14
2 -2.19602e-13
3 -3.83693e-13
26256 3
1 -5.50671e-14
2 -2.10054e-13
3 -3.83693e-13
26258 3
1 -5.15143e-14
2 -2.28706e-13
3 -3.8014e-13
26260 3
1 -3.19744e-14
2 -2.085e-13
3 -3.74811e-13
26262 3
1 -4.9738e-14
2 -1.92735e-13
3 -3.78364e-13
26264 3
1 -6.39488e-14
2 -2.11831e-13
3 -3.85469e-13
26266 3
1 -3.90799e-14
2 -1.94511e-13
3 -3.76588e-13
26268 3
1 -4.79616e-14
2 -2.14939e-13
3 -3.89022e-13
26270 3
1 -5.32907e-14
2 -1.94289e-13
3 -4.05009e-13
26272 3
1 -2.4869e-14
2 -1.94955e-13
3 -3.81917e-13
26274 3
1 -5.15143e-14
2 -1.96287e-13
3 -4.06786e-13
26276 3
1 -5.15143e-14
2 -1.90514e-13
3 -3.76588e-13
26278 3
1 -4.9738e-14
2 -1.78968e-13
3 -3.73035e-13
26280 3
1 -5.68434e-14
2 -1.92291e-13
3 -3.71259e-13
26282 3
1 -5.15143e-14
2 -2.01394e-13
3 -3.87246e-13
26284 3
1 -4.44089e-14
2 -1.83409e-13
3 -3.78364e-13
26286 3
1 -5.86198e-14
2 -1.92069e-13
3 -3.97904e-13
26288 3
1 -6.75016e-14
2 -1.87184e-13
3 -3.85469e-13
26290 3
1 -5.32907e-14
2 -1.81188e-13
3 -3.76588e-13
26292 3
1 -7.10543e-14
2 -1.65201e-13
3 -3.83693e-13
26294 3
1 -7.63833e-14
2 -1.98064e-13
3 -3.9968e-13
26296 3
1 -5.86198e-14
2 -1.99396e-13
3 -3.85469e-13
26298 3
1 -6.03961e-14
2 -1.66978e-13
3 -3.97904e-13
26300 3
1 -6.92779e-14
2 -1.68532e-13
3 -4.01457e-13
26302 3
1 -6.75016e-14
2 -1.8896e-13
3 -3.94351e-13
26304 3
1 -5.68434e-14
2 -1.79634e-13
3 -3.87246e-13
26306 3
1 -3.90799e-14
2 -1.73417e-13
3 -3.8014e-13
26308 3
1 -5.86198e-14
2 -2.03171e-13
3 -3.58824e-13
26310 3
1 -6.39488e-14
2 -1.60982e-13
3 -3.97904e-13
26312 3
1 -6.75016e-14
2 -1.74971e-13
3 -3.6593e-13
26314 3
1 -7.81597e-14
2 -1.71863e-13
3 -3.6593e-13
26316 3
1 -5.32907e-14
2 -1.78302e-13
3 -3.87246e-13
26318 3
1 -6.39488e-14
2 -1.8674e-13
3 -3.57048e-13
26320 3
1 -6.03961e-14
2 -1.64313e-13
3 -3.58824e-13
26322 3
1 -6.03961e-14
2 -1.70974e-13
3 -3.94351e-13
26324 3
1 -6.39488e-14
2 -1.66089e-13
3 -3.94351e-13
26326 3
1 -8.17124e-14
2 -1.8785e-13
3 -3.6593e-13
26328 3
1 -6.92779e-14
2 -1.63869e-13
3 -3.92575e-13
26330 3
1 -5.50671e-14
2 -1.95399e-13
3 -3.74811e-13
26332 3
1 -7.10543e-14
2 -1.68088e-13
3 -3.81917e-13
26334 3
1 -7.28306e-14
2 -1.66089e-13
3 -3.55271e-13
26336 3
1 -7.4607e-14
2 -1.64091e-13
3 -3.55271e-13
26338 3
1 -6.57252e-14
2 -1.73195e-13
3 -3.69482e-13
26340 3
1 -5.86198e-14
2 -1.42553e-13
3 -3.69482e-13
26342 3
1 -8.17124e-14
2 -1.59872e-13
3 -3.89022e-13
26344 3
1 -7.4607e-14
2 -1.88516e-13
3 -3.85469e-13
26346 3
1 -6.75016e-14
2 -1.66533e-13
3 -3.83693e-13
26348 3
1 -6.39488e-14
2 -1.58984e-13
3 -3.64153e-13
26350 3
1 -7.81597e-14
2 -1.63647e-13
3 -3.8014e-13
26352 3
1 -5.68434e-14
2 -1.75859e-13
3 -3.89022e-13
26354 3
1 -7.28306e-14
2 -1.4877e-13
3 -3.6593e-13
26356 3
1 -7.4607e-14
2 -1.52545e-13
3 -3.78364e-13
26358 3
1 -7.4607e-14
2 -1.51212e-13
3 -3.74811e-13
26360 3
1 -7.4607e-14
2 -1.63869e-13
3 -3.97904e-13
26362 3
1 -8.17124e-14
2 -1.9007e-13
3 -3.81917e-13
26364 3
1 -9.9476e-14
2 -1.43885e-13
3 -3.606e-13
26366 3
1 -7.81597e-14
2 -1.51879e-13
3 -3.96128e-13
26368 3
1 -6.92779e-14
2 -1.6831e-13
3 -3.74811e-13
26370 3
1 -7.4607e-14
2 -1.63425e-13
3 -3.94351e-13
26372 3
1 -7.4607e-14
2 -1.40332e-13
3 -4.01457e-13
26374 3
1 -9.76996e-14
2 -1.40776e-13
3 -3.76588e-13
26376 3
1 -7.28306e-14
2 -1.48326e-13
3 -3.8014e-13
26378 3
1 -8.34888e-14
2 -1.51434e-13
3 -3.81917e-13
26380 3
1 -8.88178e-14
2 -1.51434e-13
3 -3.8014e-13
26382 3
1 -8.70415e-14
2 -1.54543e-13
3 -4.05009e-13
26384 3
1 -8.88178e-14
2 -1.76748e-13
3 -3.78364e-13
26386 3
1 -8.52651e-14
2 -1.61648e-13
3 -3.69482e-13
26388 3
1 -8.17124e-14
2 -1.49214e-13
3 -3.606e-13
26390 3
1 -7.63833e-14
2 -1.31006e-13
3 -4.06786e-13
26392 3
1 -9.23706e-14
2 -1.40332e-13
3 -3.6593e-13
26394 3
1 -9.76996e-14
2 -1.61204e-13
3 -3.8014e-13
26396 3
1 -8.34888e-14
2 -1.58984e-13
3 -3.606e-13
26398 3
1 -8.17124e-14
2 -1.38556e-13
3 -3.87246e-13
26400 3
1 -7.81597e-14
2 -1.62981e-13
3 -3.87246e-13
26402 3
1 -7.99361e-14
2 -1.68976e-13
3 -3.73035e-13
26404 3
1 -7.10543e-14
2 -1.52767e-13
3 -3.53495e-13
26406 3
1 -8.34888e-14
2 -1.66978e-13
3 -3.81917e-13
26408 3
1 -6.75016e-14
2 -1.54543e-13
3 -3.90799e-13
26410 3
1 -8.52651e-14
2 -1.60538e-13
3 -3.89022e-13
26412 3
1 -6.75016e-14
2 -1.41887e-13
3 -3.87246e-13
26414 3
1 -8.34888e-14
2 -1.54099e-13
3 -3.67706e-13
26416 3
1 -6.92779e-14
2 -1.45661e-13
3 -3.90799e-13
26418 3
1 -8.34888e-14
2 -1.35447e-13
3 -3.73035e-13
26420 3
1 -9.23706e-14
2 -1.71418e-13
3 -4.01457e-13
26422 3
1 -9.05942e-14
2 -1.42109e-13
3 -3.87246e-13
26424 3
1 -6.57252e-14
2 -1.65645e-13
3 -3.74811e-13
26426 3
1 -7.99361e-14
2 -1.40332e-13
3 -3.87246e-13
26428 3
1 -7.99361e-14
2 -1.74971e-13
3 -3.76588e-13
26430 3
1 -8.52651e-14
2 -1.64313e-13
3 -3.96128e-13
26432 3
1 -9.59233e-14
2 -1.42997e-13
3 -4.05009e-13
26434 3
1 -9.41469e-14
2 -1.1946e-13
3 -3.87246e-13
26436 3
1 -1.01252e-13
2 -1.52323e-13
3 -3.71259e-13
26438 3
1 -9.23706e-14
2 -1.54987e-13
3 -3.90799e-13
26440 3
1 -7.99361e-14
2 -1.45217e-13
3 -3.78364e-13
26442 3
1 -8.52651e-14
2 -1.55875e-13
3 -3.73035e-13
26444 3
1 -9.76996e-14
2 -1.34337e-13
3 -3.51719e-13
26446 3
1 -8.34888e-14
2 -1.803e-13
3 -3.62377e-13
26448 3
1 -9.41469e-14
2 -1.37002e-13
3 -3.62377e-13
26450 3
1 -9.59233e-14
2 -1.25899e-13
3 -3.94351e-13
26452 3
1 -9.41469e-14
2 -1.39888e-13
3 -3.85469e-13
26454 3
1 -9.23706e-14
2 -1.32117e-13
3 -4.03233e-13
26456 3
1 -7.81597e-14
2 -1.672e-13
3 -3.92575e-13
26458 3
1 -9.41469e-14
2 -1.39222e-13
3 -3.87246e-13
26460 3
1 -6.75016e-14
2 -1.4122e-13
3 -3.96128e-13
26462 3
1 -8.52651e-14
2 -1.27898e-13
3 -3.90799e-13
26464 3
1 -9.76996e-14
2 -1.02585e-13
3 -3.87246e-13
26466 3
1 -1.04805e-13
2 -1.44773e-13
3 -3.94351e-13
26468 3
1 -1.08358e-13
2 -1.23901e-13
3 -3.94351e-13
26470 3
1 -1.08358e-13
2 -1.34781e-13
3 -3.71259e-13
26472 3
1 -9.41469e-14
2 -1.40332e-13
3 -3.6593e-13
26474 3
1 -9.23706e-14
2 -1.52767e-13
3 -3.71259e-13
26476 3
1 -1.06581e-13
2 -1.26787e-13
3 -3.90799e-13
26478 3
1 -9.76996e-14
2 -1.61426e-13
3 -3.58824e-13
26480 3
1 -1.13687e-13
2 -1.4877e-13
3 -3.67706e-13
26482 3
1 -9.41469e-14
2 -1.46549e-13
3 -3.85469e-13
26484 3
1 -9.41469e-14
2 -1.35003e-13
3 -3.6593e-13
26486 3
1 -9.23706e-14
2 -1.40776e-13
3 -3.96128e-13
26488 3
1 -9.76996e-14
2 -1.51879e-13
3 -3.69482e-13
26490 3
1 -9.59233e-14
2 -1.18794e-13
3 -3.90799e-13
26492 3
1 -9.05942e-14
2 -1.44329e-13
3 -3.92575e-13
26494 3
1 -8.88178e-14
2 -1.43663e-13
3 -4.05009e-13
26496 3
1 -8.52651e-14
2 -1.50102e-13
3 -3.94351e-13
26498 3
1 -9.05942e-14
2 -1.43441e-13
3 -3.69482e-13
26500 3
1 -9.41469e-14
2 -1.51879e-13
3 -3.90799e-13
26502 3
1 -7.99361e-14
2 -1.2701e-13
3 -3.6593e-13
26504 3
1 -9.76996e-14
2 -1.56319e-13
3 -3.87246e-13
26506 3
1 -8.88178e-14
2 -1.34559e-13
3 -3.90799e-13
26508 3
1 -1.03029e-13
2 -1.49658e-13
3 -3.8014e-13
26510 3
1 -9.23706e-14
2 -1.25677e-13
3 -4.08562e-13
26512 3
1 -8.52651e-14
2 -1.34559e-13
3 -3.8014e-13
26514 3
1 -9.05942e-14
2 -1.49658e-13
3 -3.69482e-13
26516 3
1 -8.70415e-14
2 -1.39888e-13
3 -3.90799e-13
26518 3
1 -9.59233e-14
2 -1.45661e-13
3 -3.69482e-13
26520 3
1 -8.52651e-14
2 -1.53211e-13
3 -3.55271e-13
26522 3
1 -1.01252e-13
2 -1.52767e-13
3 -3.97904e-13
26524 3
1 -1.01252e-13
2 -1.46994e-13
3 -3.90799e-13
26526 3
1 -9.59233e-14
2 -1.32783e-13
3 -3.44613e-13
26528 3
1 -8.52651e-14
2 -1.42109e-13
3 -3.94351e-13
26530 3
1 -7.63833e-14
2 -1.14575e-13
3 -3.76588e-13
26532 3
1 -8.34888e-14
2 -1.38556e-13
3 -3.94351e-13
26534 3
1 -8.52651e-14
2 -1.3145e-13
3 -3.74811e-13
26536 3
1 -8.52651e-14
2 -1.46549e-13
3 -4.01457e-13
26538 3
1 -8.34888e-14
2 -1.51879e-13
3 -3.90799e-13
26540 3
1 -8.34888e-14
2 -1.27454e-13
3 -3.90799e-13
26542 3
1 -9.9476e-14
2 -1.45217e-13
3 -3.9968e-13
26544 3
1 -9.05942e-14
2 -1.39e-13
3 -4.12115e-13
26546 3
1 -7.4607e-14
2 -1.39888e-13
3 -4.01457e-13
26548 3
1 -8.70415e-14
2 -1.22125e-13
3 -3.94351e-13
26550 3
1 -7.4607e-14
2 -1.2701e-13
3 -3.87246e-13
26552 3
1 -1.01252e-13
2 -1.35447e-13
3 -4.01457e-13
26554 3
1 -7.99361e-14
2 -1.38556e-13
3 -3.83693e-13
26556 3
1 -9.76996e-14
2 -1.5854e-13
3 -3.96128e-13
26558 3
1 -9.76996e-14
2 -1.21236e-13
3 -4.01457e-13
26560 3
1 -1.15463e-13
2 -1.0969e-13
3 -4.08562e-13
26562 3
1 -1.06581e-13
2 -1.54987e-13
3 -3.9968e-13
26564 3
1 -1.04805e-13
2 -1.30118e-13
3 -4.10338e-13
26566 3
1 -1.1191e-13
2 -1.44773e-13
3 -3.76588e-13
26568 3
1 -1.01252e-13
2 -1.47438e-13
3 -3.90799e-13
26570 3
1 -1.08358e-13
2 -1.27454e-13
3 -3.90799e-13
26572 3
1 -9.9476e-14
2 -1.40332e-13
3 -4.13891e-13
26574 3
1 -1.1724e-13
2 -1.11022e-13
3 -4.05009e-13
26576 3
1 -1.01252e-13
2 -1.42997e-13
3 -3.97904e-13
26578 3
1 -9.59233e-14
2 -1.45661e-13
3 -4.01457e-13
26580 3
1 -9.76996e-14
2 -1.30118e-13
3 -3.94351e-13
26582 3
1 -1.01252e-13
2 -1.37224e-13
3 -4.12115e-13
26584 3
1 -9.76996e-14
2 -1.23457e-13
3 -3.73035e-13
26586 3
1 -1.08358e-13
2 -1.32783e-13
3 -4.03233e-13
26588 3
1 -1.24345e-13
2 -1.49658e-13
3 -4.22773e-13
26590 3
1 -1.20792e-13
2 -1.32783e-13
3 -4.10338e-13
26592 3
1 -9.9476e-14
2 -1.42553e-13
3 -3.83693e-13
26594 3
1 -1.13687e-13
2 -1.55875e-13
3 -3.85469e-13
26596 3
1 -1.1724e-13
2 -1.69198e-13
3 -4.05009e-13
26598 3
1 -9.9476e-14
2 -1.4877e-13
3 -3.92575e-13
26600 3
1 -1.06581e-13
2 -1.6076e-13
3 -4.05009e-13
26602 3
1 -8.88178e-14
2 -1.39e-13
3 -3.97904e-13
26604 3
1 -7.81597e-14
2 -1.56319e-13
3 -3.8014e-13
26606 3
1 -7.4607e-14
2 -1.66089e-13
3 -3.87246e-13
26608 3
1 -9.05942e-14
2 -1.72751e-13
3 -4.20997e-13
26610 3
1 -8.70415e-14
2 -1.4877e-13
3 -3.78364e-13
26612 3
1 -9.59233e-14
2 -1.52767e-13
3 -3.85469e-13
26614 3
1 -7.4607e-14
2 -1.59428e-13
3 -4.01457e-13
26616 3
1 -8.34888e-14
2 -1.84741e-13
3 -3.87246e-13
26618 3
1 -7.63833e-14
2 -1.90514e-13
3 -3.97904e-13
26620 3
1 -9.05942e-14
2 -1.63425e-13
3 -3.97904e-13
26622 3
1 -7.99361e-14
2 -1.80744e-13
3 -3.71259e-13
26624 3
1 -9.05942e-14
2 -1.82965e-13
3 -3.76588e-13
26626 3
1 -1.04805e-13
2 -1.55431e-13
3 -3.606e-13
26628 3
1 -9.76996e-14
2 -1.59428e-13
3 -3.6593e-13
26630 3
1 -9.76996e-14
2 -1.69642e-13
3 -3.6593e-13
26632 3
1 -7.63833e-14
2 -1.61204e-13
3 -3.74811e-13
26634 3
1 -1.03029e-13
2 -1.54099e-13
3 -3.74811e-13
26636 3
1 -1.08358e-13
2 -1.86962e-13
3 -3.8014e-13
26638 3
1 -8.34888e-14
2 -1.9762e-13
3 -3.92575e-13
26640 3
1 -9.41469e-14
2 -1.70974e-13
3 -3.6593e-13
26642 3
1 -9.41469e-14
2 -1.79412e-13
3 -3.4639e-13
26644 3
1 -9.41469e-14
2 -1.53655e-13
3 -3.71259e-13
26646 3
1 -1.03029e-13
2 -1.84297e-13
3 -3.83693e-13
26648 3
1 -9.59233e-14
2 -1.83853e-13
3 -3.81917e-13
26650 3
1 -7.63833e-14
2 -1.69642e-13
3 -3.41061e-13
26652 3
1 -1.08358e-13
2 -1.75859e-13
3 -3.67706e-13
26654 3
1 -1.10134e-13
2 -1.7808e-13
3 -3.64153e-13
26656 3
1 -1.06581e-13
2 -1.72751e-13
3 -3.74811e-13
26658 3
1 -9.23706e-14
2 -1.78968e-13
3 -3.55271e-13
26660 3
1 -1.08358e-13
2 -1.73639e-13
3 -3.6593e-13
26662 3
1 -9.23706e-14
2 -1.65645e-13
3 -3.67706e-13
26664 3
1 -1.08358e-13
2 -1.74527e-13
3 -3.81917e-13
26666 3
1 -1.08358e-13
2 -1.6831e-13
3 -3.62377e-13
26668 3
1 -1.01252e-13
2 -1.64313e-13
3 -3.64153e-13
26670 3
1 -1.01252e-13
2 -1.48326e-13
3 -3.90799e-13
26672 3
1 -8.17124e-14
2 -1.70086e-13
3 -3.67706e-13
26674 3
1 -7.99361e-14
2 -1.7053e-13
3 -3.94351e-13
26676 3
1 -9.23706e-14
2 -1.76748e-13
3 -3.58824e-13
26678 3
1 -8.52651e-14
2 -1.35003e-13
3 -3.62377e-13
26680 3
1 -1.10134e-13
2 -1.63869e-13
3 -3.67706e-13
26682 3
1 -9.76996e-14
2 -1.53655e-13
3 -3.64153e-13
26684 3
1 -9.59233e-14
2 -1.46549e-13
3 -3.58824e-13
26686 3
1 -9.76996e-14
2 -1.70974e-13
3 -4.05009e-13
26688 3
1 -9.59233e-14
2 -1.6076e-13
3 -3.67706e-13
26690 3
1 -9.41469e-14
2 -1.82521e-13
3 -3.73035e-13
26692 3
1 -8.70415e-14
2 -1.67866e-13
3 -3.76588e-13
26694 3
1 -9.05942e-14
2 -1.83853e-13
3 -3.6593e-13
26696 3
1 -9.59233e-14
2 -1.77636e-13
3 -3.67706e-13
26698 3
1 -1.03029e-13
2 -1.5854e-13
3 -3.74811e-13
26700 3
1 -9.76996e-14
2 -1.78524e-13
3 -3.58824e-13
26702 3
1 -8.52651e-14
2 -1.99396e-13
3 -3.76588e-13
26704 3
1 -1.08358e-13
2 -1.73639e-13
3 -3.55271e-13
26706 3
1 -8.88178e-14
2 -1.84297e-13
3 -3.83693e-13
26708 3
1 -7.63833e-14
2 -1.7808e-13
3 -3.83693e-13
26710 3
1 -8.88178e-14
2 -1.82077e-13
3 -3.69482e-13
26712 3
1 -8.34888e-14
2 -1.66533e-13
3 -3.73035e-13
26714 3
1 -8.52651e-14
2 -1.63869e-13
3 -3.78364e-13
26716 3
1 -9.05942e-14
2 -1.5099e-13
3 -3.76588e-13
26718 3
1 -9.41469e-14
2 -1.99396e-13
3 -3.76588e-13
26720 3
1 -9.23706e-14
2 -1.71863e-13
3 -3.83693e-13
26722 3
1 -8.34888e-14
2 -1.69642e-13
3 -3.97904e-13
26724 3
1 -1.06581e-13
2 -1.7808e-13
3 -3.9968e-13
26726 3
1 -1.03029e-13
2 -1.79412e-13
3 -3.87246e-13
26728 3
1 -8.70415e-14
2 -1.64313e-13
3 -3.87246e-13
26730 3
1 -9.41469e-14
2 -1.56319e-13
3 -3.81917e-13
26732 3
1 -8.34888e-14
2 -1.69642e-13
3 -3.74811e-13
26734 3
1 -7.81597e-14
2 -1.96287e-13
3 -3.96128e-13
26736 3
1 -7.99361e-14
2 -1.79856e-13
3 -3.81917e-13
26738 3
1 -8.70415e-14
2 -1.73639e-13
3 -3.67706e-13
26740 3
1 -7.81597e-14
2 -1.78524e-13
3 -3.83693e-13
26742 3
1 -9.9476e-14
2 -1.84297e-13
3 -3.94351e-13
26744 3
1 -9.41469e-14
2 -1.86517e-13
3 -3.62377e-13
26746 3
1 -6.75016e-14
2 -1.55875e-13
3 -3.64153e-13
26748 3
1 -9.59233e-14
2 -1.74083e-13
3 -3.92575e-13
26750 3
1 -8.52651e-14
2 -1.6831e-13
3 -3.85469e-13
26752 3
1 -8.34888e-14
2 -1.79412e-13
3 -3.6593e-13
26754 3
1 -7.99361e-14
2 -1.86962e-13
3 -3.51719e-13
26756 3
1 -7.81597e-14
2 -2.04725e-13
3 -3.73035e-13
26758 3
1 -9.23706e-14
2 -1.79412e-13
3 -3.90799e-13
26760 3
1 -7.63833e-14
2 -1.88294e-13
3 -3.92575e-13
26762 3
1 -7.28306e-14
2 -1.89182e-13
3 -3.87246e-13
26764 3
1 -7.99361e-14
2 -1.79856e-13
3 -3.97904e-13
26766 3
1 -6.57252e-14
2 -1.75859e-13
3 -3.83693e-13
26768 3
1 -7.10543e-14
2 -1.803e-13
3 -4.15668e-13
26770 3
1 -6.57252e-14
2 -1.90514e-13
3 -4.05009e-13
26772 3
1 -8.70415e-14
2 -1.72307e-13
3 -3.94351e-13
26774 3
1 -6.39488e-14
2 -2.02505e-13
3 -4.10338e-13
26776 3
1 -7.99361e-14
2 -1.83853e-13
3 -3.81917e-13
26778 3
1 -6.39488e-14
2 -1.88294e-13
3 -3.97904e-13
26780 3
1 -5.86198e-14
2 -1.6831e-13
3 -4.05009e-13
26782 3
1 -7.99361e-14
2 -1.8785e-13
3 -3.74811e-13
26784 3
1 -6.75016e-14
2 -2.02505e-13
3 -3.78364e-13
26786 3
1 -8.17124e-14
2 -1.81188e-13
3 -3.8014e-13
26788 3
1 -6.75016e-14
2 -1.93623e-13
3 -3.97904e-13
26790 3
1 -6.21725e-14
2 -1.94067e-13
3 -3.94351e-13
26792 3
1 -7.81597e-14
2 -1.79412e-13
3 -3.58824e-13
26794 3
1 -6.75016e-14
2 -1.94955e-13
3 -3.73035e-13
26796 3
1 -6.21725e-14
2 -1.7808e-13
3 -3.76588e-13
26798 3
1 -8.17124e-14
2 -1.98064e-13
3 -3.85469e-13
26800 3
1 -7.81597e-14
2 -1.77636e-13
3 -4.03233e-13
26802 3
1 -7.10543e-14
2 -1.88294e-13
3 -3.78364e-13
26804 3
1 -7.81597e-14
2 -2.08278e-13
3 -3.64153e-13
26806 3
1 -8.52651e-14
2 -1.68754e-13
3 -3.9968e-13
26808 3
1 -8.17124e-14
2 -1.90514e-13
3 -3.85469e-13
26810 3
1 -6.21725e-14
2 -1.83853e-13
3 -3.85469e-13
26812 3
1 -8.34888e-14
2 -1.93179e-13
3 -3.89022e-13
26814 3
1 -6.57252e-14
2 -1.95399e-13
3 -3.96128e-13
26816 3
1 -6.21725e-14
2 -2.05613e-13
3 -3.85469e-13
26818 3
1 -8.70415e-14
2 -1.84297e-13
3 -3.85469e-13
26820 3
1 -7.4607e-14
2 -1.79856e-13
3 -3.94351e-13
26822 3
1 -7.63833e-14
2 -1.69642e-13
3 -3.8014e-13
26824 3
1 -8.52651e-14
2 -1.96732e-13
3 -3.85469e-13
26826 3
1 -5.68434e-14
2 -1.92735e-13
3 -3.89022e-13
26828 3
1 -6.92779e-14
2 -1.7808e-13
3 -3.92575e-13
26830 3
1 -6.03961e-14
2 -1.93179e-13
3 -3.8014e-13
26832 3
1 -6.39488e-14
2 -1.76748e-13
3 -3.87246e-13
26834 3
1 -5.86198e-14
2 -1.74971e-13
3 -4.08562e-13
26836 3
1 -5.68434e-14
2 -1.71863e-13
3 -3.83693e-13
26838 3
1 -7.10543e-14
2 -1.66978e-13
3 -3.96128e-13
26840 3
1 -4.61853e-14
2 -1.75859e-13
3 -3.97904e-13
26842 3
1 -7.4607e-14
2 -1.7053e-13
3 -3.8014e-13
26844 3
1 -6.21725e-14
2 -1.94511e-13
3 -4.03233e-13
26846 3
1 -5.68434e-14
2 -1.86073e-13
3 -4.05009e-13
26848 3
1 -6.03961e-14
2 -1.89626e-13
3 -3.87246e-13
26850 3
1 -6.03961e-14
2 -1.62093e-13
3 -3.69482e-13
26852 3
1 -7.28306e-14
2 -1.49214e-13
3 -4.05009e-13
26854 3
1 -6.92779e-14
2 -1.52323e-13
3 -4.01457e-13
26856 3
1 -6.03961e-14
2 -1.82965e-13
3 -3.87246e-13
26858 3
1 -4.79616e-14
2 -1.93179e-13
3 -3.74811e-13
26860 3
1 -5.50671e-14
2 -1.66089e-13
3 -3.85469e-13
26862 3
1 -4.9738e-14
2 -1.79856e-13
3 -3.62377e-13
26864 3
1 -5.15143e-14
2 -1.71863e-13
3 -4.12115e-13
26866 3
1 -5.86198e-14
2 -1.5854e-13
3 -3.89022e-13
26868 3
1 -6.21725e-14
2 -1.74971e-13
3 -3.90799e-13
26870 3
1 -6.21725e-14
2 -1.9984e-13
3 -4.13891e-13
26872 3
1 -7.4607e-14
2 -1.70974e-13
3 -3.85469e-13
26874 3
1 -6.03961e-14
2 -1.78524e-13
3 -3.8014e-13
26876 3
1 -4.61853e-14
2 -1.82521e-13
3 -3.78364e-13
26878 3
1 -7.81597e-14
2 -1.73639e-13
3 -3.8014e-13
26880 3
1 -5.15143e-14
2 -1.70974e-13
3 -3.8014e-13
26882 3
1 -5.50671e-14
2 -1.74527e-13
3 -3.81917e-13
26884 3
1 -6.92779e-14
2 -1.69198e-13
3 -4.01457e-13
26886 3
1 -5.68434e-14
2 -1.58096e-13
3 -3.85469e-13
26888 3
1 -4.9738e-14
2 -1.7053e-13
3 -3.92575e-13
26890 3
1 -7.4607e-14
2 -1.71418e-13
3 -3.8014e-13
26892 3
1 -6.57252e-14
2 -1.62981e-13
3 -3.76588e-13
26894 3
1 -5.32907e-14
2 -1.54099e-13
3 -3.9968e-13
26896 3
1 -6.57252e-14
2 -1.7053e-13
3 -3.97904e-13
26898 3
1 -6.92779e-14
2 -1.75415e-13
3 -3.96128e-13
26900 3
1 -5.50671e-14
2 -1.61204e-13
3 -4.13891e-13
26902 3
1 -7.99361e-14
2 -1.5854e-13
3 -3.92575e-13
26904 3
1 -5.15143e-14
2 -1.71418e-13
3 -3.73035e-13
26906 3
1 -5.50671e-14
2 -1.54543e-13
3 -4.01457e-13
26908 3
1 -4.61853e-14
2 -1.55209e-13
3 -3.83693e-13
26910 3
1 -4.61853e-14
2 -1.62981e-13
3 -3.69482e-13
26912 3
1 -7.28306e-14
2 -1.4122e-13
3 -3.76588e-13
26914 3
1 -6.39488e-14
2 -1.61871e-13
3 -3.55271e-13
26916 3
1 -4.61853e-14
2 -1.69642e-13
3 -4.08562e-13
26918 3
1 -2.66454e-14
2 -1.62981e-13
3 -3.74811e-13
26920 3
1 -3.90799e-14
2 -1.71863e-13
3 -3.85469e-13
26922 3
1 -6.21725e-14
2 -1.60316e-13
3 -3.83693e-13
26924 3
1 -4.44089e-14
2 -1.5099e-13
3 -3.87246e-13
26926 3
1 -4.44089e-14
2 -1.45217e-13
3 -3.64153e-13
26928 3
1 -4.61853e-14
2 -1.6076e-13
3 -3.85469e-13
26930 3
1 -5.15143e-14
2 -1.32339e-13
3 -3.69482e-13
26932 3
1 -4.79616e-14
2 -1.53655e-13
3 -3.89022e-13
26934 3
1 -2.84217e-14
2 -1.6076e-13
3 -3.9968e-13
26936 3
1 -3.01981e-14
2 -1.56763e-13
3 -3.85469e-13
26938 3
1 -4.79616e-14
2 -1.39444e-13
3 -3.89022e-13
26940 3
1 -4.79616e-14
2 -1.30118e-13
3 -3.73035e-13
26942 3
1 -4.9738e-14
2 -1.31894e-13
3 -3.90799e-13
26944 3
1 -4.9738e-14
2 -1.36335e-13
3 -3.76588e-13
26946 3
1 -3.01981e-14
2 -1.35003e-13
3 -4.05009e-13
26948 3
1 -5.86198e-14
2 -1.12355e-13
3 -3.92575e-13
26950 3
1 -4.26326e-14
2 -1.15907e-13
3 -3.85469e-13
26952 3
1 -4.79616e-14
2 -1.24789e-13
3 -3.90799e-13
26954 3
1 -5.32907e-14
2 -1.39888e-13
3 -3.83693e-13
26956 3
1 -5.15143e-14
2 -1.08358e-13
3 -3.89022e-13
26958 3
1 -4.26326e-14
2 -1.0747e-13
3 -3.81917e-13
26960 3
1 -6.21725e-14
2 -1.35447e-13
3 -3.87246e-13
26962 3
1 -4.79616e-14
2 -1.37224e-13
3 -3.6593e-13
26964 3
1 -4.61853e-14
2 -1.2168e-13
3 -4.03233e-13
26966 3
1 -6.21725e-14
2 -1.23013e-13
3 -3.83693e-13
26968 3
1 -4.26326e-14
2 -1.33671e-13
3 -4.06786e-13
26970 3
1 -4.44089e-14
2 -1.43885e-13
3 -4.08562e-13
26972 3
1 -4.61853e-14
2 -1.42997e-13
3 -3.78364e-13
26974 3
1 -3.73035e-14
2 -1.15907e-13
3 -4.05009e-13
26976 3
1 -4.26326e-14
2 -1.46105e-13
3 -3.76588e-13
26978 3
1 -4.26326e-14
2 -1.32339e-13
3 -3.8014e-13
26980 3
1 -3.19744e-14
2 -1.44773e-13
3 -3.89022e-13
26982 3
1 -4.9738e-14
2 -1.46994e-13
3 -3.83693e-13
26984 3
1 -3.90799e-14
2 -1.74527e-13
3 -3.83693e-13
26986 3
1 -3.01981e-14
2 -1.16795e-13
3 -4.03233e-13
26988 3
1 -3.55271e-14
2 -9.41469e-14
3 -3.92575e-13
26990 3
1 -3.73035e-14
2 -1.30118e-13
3 -3.85469e-13
26992 3
1 -2.4869e-14
2 -1.28786e-13
3 -3.87246e-13
26994 3
1 -2.66454e-14
2 -1.43885e-13
3 -3.92575e-13
26996 3
1 -4.44089e-14
2 -1.28786e-13
3 -3.90799e-13
26998 3
1 -3.55271e-14
2 -1.44329e-13
3 -3.85469e-13
27000 3
1 -4.44089e-14
2 -1.44773e-13
3 -3.96128e-13
27002 3
1 -6.75016e-14
2 -1.52323e-13
3 -4.03233e-13
27004 3
1 -4.61853e-14
2 -1.35003e-13
3 -3.87246e-13
27006 3
1 -1.77636e-14
2 -1.26565e-13
3 -3.83693e-13
27008 3
1 -4.44089e-14
2 -1.34559e-13
3 -4.01457e-13
27010 3
1 -4.79616e-14
2 -1.50546e-13
3 -4.05009e-13
27012 3
1 -4.44089e-14
2 -1.4122e-13
3 -4.05009e-13
27014 3
1 -4.08562e-14
2 -1.33227e-13
3 -3.83693e-13
27016 3
1 -3.73035e-14
2 -1.38556e-13
3 -3.90799e-13
27018 3
1 -4.79616e-14
2 -1.58984e-13
3 -4.05009e-13
27020 3
1 -4.79616e-14
2 -1.35003e-13
3 -4.01457e-13
27022 3
1 -4.9738e-14
2 -1.30562e-13
3 -3.85469e-13
27024 3
1 -6.03961e-14
2 -1.40332e-13
3 -3.89022e-13
27026 3
1 -6.03961e-14
2 -1.20792e-13
3 -4.26326e-13
27028 3
1 -3.90799e-14
2 -1.47882e-13
3 -4.03233e-13
27030 3
1 -6.75016e-14
2 -1.14131e-13
3 -3.8014e-13
27032 3
1 -3.37508e-14
2 -1.26121e-13
3 -4.05009e-13
27034 3
1 -6.75016e-14
2 -1.28786e-13
3 -4.01457e-13
27036 3
1 -6.39488e-14
2 -1.35891e-13
3 -3.9968e-13
27038 3
1 -4.9738e-14
2 -1.43441e-13
3 -4.05009e-13
27040 3
1 -3.01981e-14
2 -1.4122e-13
3 -4.01457e-13
27042 3
1 -4.61853e-14
2 -1.25677e-13
3 -3.85469e-13
27044 3
1 -3.90799e-14
2 -1.32339e-13
3 -3.92575e-13
27046 3
1 -3.19744e-14
2 -1.50546e-13
3 -4.10338e-13
27048 3
1 -3.90799e-14
2 -1.55431e-13
3 -3.83693e-13
27050 3
1 -4.08562e-14
2 -1.17684e-13
3 -3.89022e-13
27052 3
1 -2.30926e-14
2 -1.22569e-13
3 -3.9968e-13
27054 3
1 -3.73035e-14
2 -1.42553e-13
3 -3.9968e-13
27056 3
1 -4.26326e-14
2 -1.27454e-13
3 -3.83693e-13
27058 3
1 -3.37508e-14
2 -1.26121e-13
3 -4.1922e-13
27060 3
1 -3.19744e-14
2 -1.3145e-13
3 -3.92575e-13
27062 3
1 -3.19744e-14
2 -1.1946e-13
3 -4.01457e-13
27064 3
1 -4.26326e-14
2 -1.50546e-13
3 -4.17444e-13
27066 3
1 -2.66454e-14
2 -1.66533e-13
3 -4.12115e-13
27068 3
1 -2.30926e-14
2 -1.35891e-13
3 -4.03233e-13
27070 3
1 -3.19744e-14
2 -1.35891e-13
3 -4.10338e-13
27072 3
1 -2.30926e-14
2 -1.22569e-13
3 -4.01457e-13
27074 3
1 -4.08562e-14
2 -1.37224e-13
3 -4.12115e-13
27076 3
1 -1.77636e-14
2 -1.15463e-13
3 -3.97904e-13
27078 3
1 -3.90799e-14
2 -1.16795e-13
3 -3.94351e-13
27080 3
1 -1.24345e-14
2 -1.28342e-13
3 -4.06786e-13
27082 3
1 -3.37508e-14
2 -1.2701e-13
3 -4.03233e-13
27084 3
1 -4.08562e-14
2 -1.2923e-13
3 -3.94351e-13
27086 3
1 -4.9738e-14
2 -1.18128e-13
3 -4.20997e-13
27088 3
1 -3.90799e-14
2 -1.56319e-13
3 -3.87246e-13
27090 3
1 -3.73035e-14
2 -1.18128e-13
3 -4.33431e-13
27092 3
1 -6.75016e-14
2 -1.3145e-13
3 -4.08562e-13
27094 3
1 -4.61853e-14
2 -1.04361e-13
3 -4.06786e-13
27096 3
1 -4.26326e-14
2 -1.45217e-13
3 -3.9968e-13
27098 3
1 -4.9738e-14
2 -1.12799e-13
3 -3.97904e-13
27100 3
1 -4.79616e-14
2 -1.0747e-13
3 -3.92575e-13
27102 3
1 -4.44089e-14
2 -9.72555e-14
3 -3.69482e-13
27104 3
1 -3.73035e-14
2 -1.16351e-13
3 -3.9968e-13
27106 3
1 -4.79616e-14
2 -1.0969e-13
3 -4.24549e-13
27108 3
1 -4.26326e-14
2 -1.13687e-13
3 -3.87246e-13
27110 3
1 -3.01981e-14
2 -1.16351e-13
3 -4.12115e-13
27112 3
1 -5.86198e-14
2 -9.14824e-14
3 -3.81917e-13
27114 3
1 -4.08562e-14
2 -1.00808e-13
3 -4.08562e-13
27116 3
1 -4.9738e-14
2 -7.9492e-14
3 -4.01457e-13
27118 3
1 -3.90799e-14
2 -1.17684e-13
3 -4.10338e-13
27120 3
1 -3.19744e-14
2 -1.06581e-13
3 -4.20997e-13
27122 3
1 -4.9738e-14
2 -1.1191e-13
3 -4.1922e-13
27124 3
1 -4.61853e-14
2 -1.07914e-13
3 -4.29878e-13
27126 3
1 -3.73035e-14
2 -1.1835e-13
3 -4.03233e-13
27128 3
1 -6.39488e-14
2 -1.19904e-13
3 -4.42313e-13
27130 3
1 -4.44089e-14
2 -1.17906e-13
3 -4.33431e-13
27132 3
1 -4.79616e-14
2 -1.01252e-13
3 -4.26326e-13
27134 3
1 -3.73035e-14
2 -1.26121e-13
3 -4.05009e-13
27136 3
1 -5.50671e-14
2 -1.2923e-13
3 -4.12115e-13
27138 3
1 -6.03961e-14
2 -1.03473e-13
3 -4.31655e-13
27140 3
1 -4.26326e-14
2 -1.10356e-13
3 -4.26326e-13
27142 3
1 -4.08562e-14
2 -9.41469e-14
3 -4.44089e-13
27144 3
1 -6.03961e-14
2 -1.13465e-13
3 -4.20997e-13
27146 3
1 -7.81597e-14
2 -1.16351e-13
3 -4.29878e-13
27148 3
1 -5.68434e-14
2 -1.50102e-13
3 -4.49418e-13
27150 3
1 -5.15143e-14
2 -1.10134e-13
3 -4.52971e-13
27152 3
1 -6.21725e-14
2 -1.51656e-13
3 -4.44089e-13
27154 3
1 -5.32907e-14
2 -1.4877e-13
3 -4.3876e-13
27156 3
1 -5.15143e-14
2 -1.37446e-13
3 -4.47642e-13
27158 3
1 -4.9738e-14
2 -1.26121e-13
3 -4.583e-13
27160 3
1 -6.57252e-14
2 -1.44329e-13
3 -4.583e-13
27162 3
1 -6.57252e-14
2 -1.33893e-13
3 -4.17444e-13
27164 3
1 -4.44089e-14
2 -1.51879e-13
3 -4.35207e-13
27166 3
1 -4.9738e-14
2 -1.14131e-13
3 -4.31655e-13
27168 3
1 -7.63833e-14
2 -1.28786e-13
3 -4.54747e-13
27170 3
1 -6.39488e-14
2 -1.16351e-13
3 -4.54747e-13
27172 3
1 -7.81597e-14
2 -1.24123e-13
3 -4.01457e-13
27174 3
1 -7.10543e-14
2 -1.27454e-13
3 -4.54747e-13
27176 3
1 -6.75016e-14
2 -1.29452e-13
3 -4.54747e-13
27178 3
1 -5.32907e-14
2 -1.45883e-13
3 -4.1922e-13
27180 3
1 -7.63833e-14
2 -1.26121e-13
3 -4.68958e-13
27182 3
1 -5.32907e-14
2 -1.41664e-13
3 -4.31655e-13
27184 3
1 -7.4607e-14
2 -1.1835e-13
3 -4.26326e-13
27186 3
1 -4.9738e-14
2 -1.48992e-13
3 -4.44089e-13
27188 3
1 -5.86198e-14
2 -1.05027e-13
3 -4.40536e-13
27190 3
1 -5.32907e-14
2 -1.26787e-13
3 -4.33431e-13
27192 3
1 -5.32907e-14
2 -1.58318e-13
3 -4.40536e-13
27194 3
1 -4.79616e-14
2 -1.46105e-13
3 -4.52971e-13
27196 3
1 -4.9738e-14
2 -1.13021e-13
3 -4.06786e-13
27198 3
1 -4.9738e-14
2 -1.35447e-13
3 -4.1922e-13
27200 3
1 -3.73035e-14
2 -1.44329e-13
3 -4.31655e-13
27202 3
1 -3.90799e-14
2 -1.33449e-13
3 -4.35207e-13
27204 3
1 -4.44089e-14
2 -1.44107e-13
3 -4.15668e-13
27206 3
1 -4.44089e-14
2 -1.39e-13
3 -3.97904e-13
27208 3
1 -5.32907e-14
2 -1.38556e-13
3 -4.29878e-13
27210 3
1 -4.26326e-14
2 -1.30118e-13
3 -4.26326e-13
27212 3
1 -3.55271e-14
2 -1.37224e-13
3 -4.05009e-13
27214 3
1 -5.50671e-14
2 -1.23013e-13
3 -4.13891e-13
27216 3
1 -4.44089e-14
2 -9.9698e-14
3 -4.26326e-13
27218 3
1 -4.9738e-14
2 -1.1946e-13
3 -4.35207e-13
27220 3
1 -4.26326e-14
2 -1.2168e-13
3 -4.05009e-13
27222 3
1 -5.32907e-14
2 -1.12355e-13
3 -4.24549e-13
27224 3
1 -4.08562e-14
2 -1.15907e-13
3 -4.03233e-13
27226 3
1 -1.77636e-14
2 -1.00142e-13
3 -3.9968e-13
27228 3
1 -4.61853e-14
2 -1.10578e-13
3 -4.13891e-13
27230 3
1 -4.61853e-14
2 -1.01252e-13
3 -4.22773e-13
27232 3
1 -3.01981e-14
2 -1.00808e-13
3 -4.05009e-13
27234 3
1 -5.50671e-14
2 -1.16351e-13
3 -4.1922e-13
27236 3
1 -5.32907e-14
2 -1.11466e-13
3 -4.35207e-13
27238 3
1 -4.79616e-14
2 -1.32339e-13
3 -4.13891e-13
27240 3
1 -7.10543e-14
2 -1.26121e-13
3 -3.94351e-13
27242 3
1 -5.32907e-14
2 -1.19016e-13
3 -4.24549e-13
27244 3
1 -5.32907e-14
2 -1.15463e-13
3 -4.28102e-13
27246 3
1 -7.4607e-14
2 -1.10578e-13
3 -4.20997e-13
27248 3
1 -4.79616e-14
2 -1.10134e-13
3 -4.3876e-13
27250 3
1 -5.15143e-14
2 -1.24345e-13
3 -3.97904e-13
27252 3
1 -4.26326e-14
2 -1.1191e-13
3 -4.13891e-13
27254 3
1 -1.59872e-14
2 -1.04805e-13
3 -3.90799e-13
27256 3
1 -3.90799e-14
2 -1.24789e-13
3 -4.22773e-13
27258 3
1 -3.19744e-14
2 -1.31894e-13
3 -4.06786e-13
27260 3
1 -5.68434e-14
2 -9.10383e-14
3 -4.01457e-13
27262 3
1 -4.08562e-14
2 -1.15463e-13
3 -3.76588e-13
27264 3
1 -5.50671e-14
2 -1.05249e-13
3 -3.8014e-13
27266 3
1 -3.73035e-14
2 -1.38556e-13
3 -4.12115e-13
27268 3
1 -3.55271e-14
2 -1.10134e-13
3 -4.20997e-13
27270 3
1 -4.61853e-14
2 -1.21236e-13
3 -4.08562e-13
27272 3
1 -4.9738e-14
2 -1.39e-13
3 -3.87246e-13
27274 3
1 -5.15143e-14
2 -1.31672e-13
3 -4.12115e-13
27276 3
1 -4.61853e-14
2 -1.23013e-13
3 -3.90799e-13
27278 3
1 -4.61853e-14
2 -1.38778e-13
3 -3.96128e-13
27280 3
1 -5.15143e-14
2 -1.2168e-13
3 -4.29878e-13
27282 3
1 -3.90799e-14
2 -1.3145e-13
3 -4.08562e-13
27284 3
1 -2.13163e-14
2 -1.37224e-13
3 -4.17444e-13
27286 3
1 -5.32907e-14
2 -1.66978e-13
3 -4.15668e-13
27288 3
1 -3.37508e-14
2 -1.46771e-13
3 -4.10338e-13
27290 3
1 -2.4869e-14
2 -1.46327e-13
3 -3.89022e-13
27292 3
1 -4.08562e-14
2 -1.40332e-13
3 -4.06786e-13
27294 3
1 -4.61853e-14
2 -1.43219e-13
3 -3.89022e-13
27296 3
1 -1.77636e-14
2 -1.35003e-13
3 -4.06786e-13
27298 3
1 -3.90799e-14
2 -9.23706e-14
3 -4.26326e-13
27300 3
1 -1.42109e-14
2 -1.32117e-13
3 -3.94351e-13
27302 3
1 -3.73035e-14
2 -1.15463e-13
3 -3.89022e-13
27304 3
1 -2.84217e-14
2 -1.20126e-13
3 -4.36984e-13
27306 3
1 -4.08562e-14
2 -1.46549e-13
3 -4.20997e-13
27308 3
1 -1.24345e-14
2 -1.36779e-13
3 -4.35207e-13
27310 3
1 -5.50671e-14
2 -1.44995e-13
3 -4.06786e-13
27312 3
1 -2.13163e-14
2 -1.36779e-13
3 -4.40536e-13
27314 3
1 -4.26326e-14
2 -1.48326e-13
3 -4.13891e-13
27316 3
1 -1.42109e-14
2 -1.30118e-13
3 -4.12115e-13
27318 3
1 -1.77636e-14
2 -1.25233e-13
3 -4.28102e-13
27320 3
1 -2.13163e-14
2 -1.19904e-13
3 -4.3876e-13
27322 3
1 -3.01981e-14
2 -1.28786e-13
3 -4.24549e-13
27324 3
1 -7.10543e-15
2 -1.30562e-13
3 -4.22773e-13
27326 3
1 -4.08562e-14
2 -1.55875e-13
3 -4.22773e-13
27328 3
1 -2.13163e-14
2 -1.10134e-13
3 -4.40536e-13
27330 3
1 -3.37508e-14
2 -1.15907e-13
3 -4.36984e-13
27332 3
1 -3.19744e-14
2 -1.32783e-13
3 -4.3876e-13
27334 3
1 -2.66454e-14
2 -1.4122e-13
3 -4.49418e-13
27336 3
1 -3.73035e-14
2 -1.31006e-13
3 -4.51195e-13
27338 3
1 -2.13163e-14
2 -1.6076e-13
3 -4.28102e-13
27340 3
1 1.77636e-15
2 -1.51879e-13
3 -4.35207e-13
27342 3
1 -2.4869e-14
2 -1.40776e-13
3 -4.29878e-13
27344 3
1 -8.88178e-15
2 -1.26121e-13
3 -4.29878e-13
27346 3
1 -2.4869e-14
2 -1.26565e-13
3 -4.49418e-13
27348 3
1 -2.66454e-14
2 -1.46105e-13
3 -4.36984e-13
27350 3
1 -3.19744e-14
2 -1.42109e-13
3 -4.41425e-13
27352 3
1 -2.13163e-14
2 -1.13687e-13
3 -4.42313e-13
27354 3
1 -3.01981e-14
2 -1.42109e-13
3 -4.44089e-13
27356 3
1 -1.42109e-14
2 -1.35891e-13
3 -4.44089e-13
27358 3
1 -2.4869e-14
2 -1.47882e-13
3 -4.44089e-13
27360 3
1 -5.32907e-15
2 -1.19904e-13
3 -4.55636e-13
27362 3
1 -4.26326e-14
2 -1.26121e-13
3 -4.2899e-13
27364 3
1 -7.10543e-15
2 -1.28786e-13
3 -4.35207e-13
27366 3
1 -7.10543e-15
2 -1.38112e-13
3 -4.36096e-13
27368 3
1 -4.26326e-14
2 -1.16351e-13
3 -4.56524e-13
27370 3
1 -2.66454e-14
2 -1.27898e-13
3 -4.41425e-13
27372 3
1 -8.88178e-15
2 -1.18128e-13
3 -4.39648e-13
27374 3
1 -3.55271e-15
2 -1.31006e-13
3 -4.54747e-13
27376 3
1 -7.10543e-15
2 -1.2701e-13
3 -4.33431e-13
27378 3
1 -3.55271e-15
2 -1.11466e-13
3 -4.35207e-13
27380 3
1 -3.19744e-14
2 -1.51879e-13
3 -4.49418e-13
27382 3
1 -1.59872e-14
2 -1.33227e-13
3 -4.44977e-13
27384 3
1 -1.42109e-14
2 -1.31006e-13
3 -4.35207e-13
27386 3
1 -1.95399e-14
2 -1.28342e-13
3 -4.68958e-13
27388 3
1 -4.26326e-14
2 -1.11022e-13
3 -4.49418e-13
27390 3
1 -2.4869e-14
2 -1.28342e-13
3 -4.4853e-13
27392 3
1 -3.19744e-14
2 -1.35003e-13
3 -4.50306e-13
27394 3
1 -2.4869e-14
2 -1.10134e-13
3 -4.29878e-13
27396 3
1 -2.84217e-14
2 -1.35003e-13
3 -4.65405e-13
27398 3
1 -1.95399e-14
2 -1.1946e-13
3 -4.45866e-13
27400 3
1 -2.13163e-14
2 -1.19904e-13
3 -4.54747e-13
27402 3
1 -2.66454e-14
2 -1.12355e-13
3 -4.32543e-13
27404 3
1 -3.73035e-14
2 -1.10134e-13
3 -4.583e-13
27406 3
1 -3.01981e-14
2 -1.25677e-13
3 -4.49418e-13
27408 3
1 -4.44089e-14
2 -1.40332e-13
3 -4.46754e-13
27410 3
1 -4.44089e-14
2 -1.25677e-13
3 -4.52083e-13
27412 3
1 -5.50671e-14
2 -1.28342e-13
3 -4.28102e-13
27414 3
1 -4.79616e-14
2 -1.3145e-13
3 -4.41425e-13
27416 3
1 -3.73035e-14
2 -1.35891e-13
3 -4.20108e-13
27418 3
1 -4.61853e-14
2 -1.11022e-13
3 -4.46754e-13
27420 3
1 -4.61853e-14
2 -1.04805e-13
3 -4.41425e-13
27422 3
1 -3.90799e-14
2 -1.03473e-13
3 -4.52083e-13
27424 3
1 -3.55271e-14
2 -1.16351e-13
3 -4.36096e-13
27426 3
1 -3.90799e-14
2 -1.26121e-13
3 -4.02345e-13
27428 3
1 -3.90799e-14
2 -1.2168e-13
3 -4.39648e-13
27430 3
1 -4.26326e-14
2 -9.9476e-14
3 -4.13891e-13
27432 3
1 -4.79616e-14
2 -1.12799e-13
3 -4.29878e-13
27434 3
1 -4.44089e-14
2 -1.1191e-13
3 -4.40536e-13
27436 3
1 -4.26326e-14
2 -9.32587e-14
3 -4.49418e-13
27438 3
1 -3.01981e-14
2 -1.16351e-13
3 -4.22773e-13
27440 3
1 -3.37508e-14
2 -1.10134e-13
3 -4.35207e-13
27442 3
1 -2.84217e-14
2 -1.06137e-13
3 -4.16556e-13
27444 3
1 -4.61853e-14
2 -1.1724e-13
3 -4.11227e-13
27446 3
1 -3.90799e-14
2 -1.06137e-13
3 -4.25437e-13
27448 3
1 -2.66454e-14
2 -1.08358e-13
3 -4.26326e-13
27450 3
1 -4.44089e-14
2 -9.76996e-14
3 -4.10338e-13
27452 3
1 -3.73035e-14
2 -1.06581e-13
3 -4.11227e-13
27454 3
1 -6.03961e-14
2 -1.06581e-13
3 -4.44089e-13
27456 3
1 -4.61853e-14
2 -1.24789e-13
3 -4.28102e-13
27458 3
1 -4.79616e-14
2 -1.29674e-13
3 -4.44089e-13
27460 3
1 -4.61853e-14
2 -1.20348e-13
3 -4.39648e-13
27462 3
1 -4.79616e-14
2 -1.49214e-13
3 -4.21885e-13
27464 3
1 -5.50671e-14
2 -1.26565e-13
3 -4.25437e-13
27466 3
1 -4.61853e-14
2 -1.2168e-13
3 -4.25437e-13
27468 3
1 -4.44089e-14
2 -1.20348e-13
3 -4.25437e-13
27470 3
1 -6.03961e-14
2 -1.26565e-13
3 -4.62741e-13
27472 3
1 -5.86198e-14
2 -9.72555e-14
3 -4.11227e-13
27474 3
1 -4.79616e-14
2 -1.15463e-13
3 -4.25437e-13
27476 3
1 -5.15143e-14
2 -1.13687e-13
3 -4.52971e-13
27478 3
1 -3.37508e-14
2 -1.19016e-13
3 -4.26326e-13
27480 3
1 -4.61853e-14
2 -1.09246e-13
3 -4.08562e-13
27482 3
1 -4.26326e-14
2 -1.08358e-13
3 -4.40536e-13
27484 3
1 -2.66454e-14
2 -1.24789e-13
3 -4.43201e-13
27486 3
1 -5.68434e-14
2 -9.10383e-14
3 -4.45866e-13
27488 3
1 -4.61853e-14
2 -1.10578e-13
3 -4.18332e-13
27490 3
1 -5.32907e-14
2 -8.79297e-14
3 -4.2899e-13
27492 3
1 -3.37508e-14
2 -1.04805e-13
3 -4.22773e-13
27494 3
1 -4.44089e-14
2 -1.2701e-13
3 -4.34319e-13
27496 3
1 -4.26326e-14
2 -8.39329e-14
3 -4.26326e-13
27498 3
1 -3.90799e-14
2 -1.14575e-13
3 -4.4853e-13
27500 3
1 -4.9738e-14
2 -1.13243e-13
3 -4.29878e-13
27502 3
1 -2.13163e-14
2 -1.23457e-13
3 -4.25437e-13
27504 3
1 -1.95399e-14
2 -9.59233e-14
3 -4.51195e-13
27506 3
1 -3.19744e-14
2 -1.13687e-13
3 -4.60965e-13
27508 3
1 -4.61853e-14
2 -1.02141e-13
3 -4.43201e-13
27510 3
1 -1.77636e-14
2 -1.14575e-13
3 -4.44977e-13
27512 3
1 -2.13163e-14
2 -1.2701e-13
3 -4.17444e-13
27514 3
1 -3.73035e-14
2 -1.03917e-13
3 -4.37872e-13
27516 3
1 -1.59872e-14
2 -1.29674e-13
3 -4.22773e-13
27518 3
1 -3.19744e-14
2 -1.05249e-13
3 -4.27214e-13
27520 3
1 -2.13163e-14
2 -1.27898e-13
3 -4.20997e-13
27522 3
1 -3.73035e-14
2 -1.32783e-13
3 -4.26326e-13
27524 3
1 -1.59872e-14
2 -1.15463e-13
3 -4.1922e-13
27526 3
1 -4.26326e-14
2 -1.10134e-13
3 -4.17444e-13
27528 3
1 -3.55271e-14
2 -1.30562e-13
3 -4.01457e-13
27530 3
1 -3.55271e-14
2 -1.38556e-13
3 -4.03233e-13
27532 3
1 -1.42109e-14
2 -1.25677e-13
3 -4.18332e-13
27534 3
1 -3.19744e-14
2 -1.2923e-13
3 -3.96128e-13
27536 3
1 -4.26326e-14
2 -1.11022e-13
3 -4.18332e-13
27538 3
1 -3.19744e-14
2 -1.1724e-13
3 -4.10338e-13
27540 3
1 -1.59872e-14
2 -8.70415e-14
3 -4.08562e-13
27542 3
1 -3.01981e-14
2 -8.43769e-14
3 -4.15668e-13
27544 3
1 -3.73035e-14
2 -9.68114e-14
3 -4.3876e-13
27546 3
1 -3.73035e-14
2 -1.12799e-13
3 -4.43201e-13
27548 3
1 -2.84217e-14
2 -1.23457e-13
3 -4.22773e-13
27550 3
1 -1.24345e-14
2 -1.10134e-13
3 -4.01457e-13
27552 3
1 -2.66454e-14
2 -1.16351e-13
3 -4.29878e-13
27554 3
1 -2.13163e-14
2 -1.19016e-13
3 -4.13891e-13
27556 3
1 -4.26326e-14
2 -1.2701e-13
3 -4.26326e-13
27558 3
1 -3.01981e-14
2 -7.77156e-14
3 -4.13891e-13
27560 3
1 -2.84217e-14
2 -8.79297e-14
3 -4.08562e-13
27562 3
1 -5.68434e-14
2 -8.92619e-14
3 -4.3876e-13
27564 3
1 -3.37508e-14
2 -9.4591e-14
3 -4.20108e-13
27566 3
1 -3.01981e-14
2 -9.28146e-14
3 -4.24549e-13
27568 3
1 -2.66454e-14
2 -1.05693e-13
3 -4.22773e-13
27570 3
1 -3.90799e-14
2 -1.07914e-13
3 -4.03233e-13
27572 3
1 -3.55271e-14
2 -9.85878e-14
3 -4.1922e-13
27574 3
1 -2.84217e-14
2 -9.76996e-14
3 -4.17444e-13
27576 3
1 -3.01981e-14
2 -1.20792e-13
3 -4.05009e-13
27578 3
1 -2.4869e-14
2 -1.12799e-13
3 -4.22773e-13
27580 3
1 -2.4869e-14
2 -9.50351e-14
3 -4.10338e-13
27582 3
1 -3.19744e-14
2 -1.11022e-13
3 -4.26326e-13
27584 3
1 -3.37508e-14
2 -1.11022e-13
3 -4.26326e-13
27586 3
1 -5.32907e-15
2 -1.13687e-13
3 -4.10338e-13
27588 3
1 -2.13163e-14
2 -1.0747e-13
3 -4.15668e-13
27590 3
1 -2.84217e-14
2 -1.22125e-13
3 -4.06786e-13
27592 3
1 -4.61853e-14
2 -1.05249e-13
3 -4.03233e-13
27594 3
1 -2.66454e-14
2 -1.22569e-13
3 -4.10338e-13
27596 3
1 -2.84217e-14
2 -1.43885e-13
3 -4.08562e-13
27598 3
1 -1.42109e-14
2 -1.34559e-13
3 -3.94351e-13
27600 3
1 -1.06581e-14
2 -1.16795e-13
3 -4.06786e-13
27602 3
1 -4.26326e-14
2 -1.32339e-13
3 -4.15668e-13
27604 3
1 -3.55271e-14
2 -1.16351e-13
3 -3.92575e-13
27606 3
1 -2.30926e-14
2 -1.10578e-13
3 -4.24549e-13
27608 3
1 -1.24345e-14
2 -1.35447e-13
3 -3.9968e-13
27610 3
1 -2.84217e-14
2 -1.23901e-13
3 -4.05009e-13
27612 3
1 -2.13163e-14
2 -1.23457e-13
3 -4.15668e-13
27614 3
1 -5.32907e-15
2 -1.15019e-13
3 -4.22773e-13
27616 3
1 -4.79616e-14
2 -1.25233e-13
3 -4.03233e-13
27618 3
1 -3.19744e-14
2 -1.14575e-13
3 -3.96128e-13
27620 3
1 -2.84217e-14
2 -1.34115e-13
3 -4.0945e-13
27622 3
1 -2.4869e-14
2 -1.19904e-13
3 -3.83693e-13
27624 3
1 -2.4869e-14
2 -1.14575e-13
3 -4.0945e-13
27626 3
1 -2.13163e-14
2 -1.02141e-13
3 -4.10338e-13
27628 3
1 -2.84217e-14
2 -1.1946e-13
3 -3.90799e-13
27630 3
1 -2.84217e-14
2 -9.28146e-14
3 -3.89022e-13
27632 3
1 -1.59872e-14
2 -1.1724e-13
3 -3.74811e-13
27634 3
1 -1.24345e-14
2 -1.25677e-13
3 -4.03233e-13
27636 3
1 -2.13163e-14
2 -1.10134e-13
3 -4.12115e-13
27638 3
1 -3.55271e-14
2 -1.03029e-13
3 -4.01457e-13
27640 3
1 -7.10543e-15
2 -1.1724e-13
3 -3.97904e-13
27642 3
1 -2.30926e-14
2 -1.10134e-13
3 -4.22773e-13
27644 3
1 -1.06581e-14
2 -1.32783e-13
3 -4.08562e-13
27646 3
1 -2.84217e-14
2 -1.35003e-13
3 -3.96128e-13
27648 3
1 -1.06581e-14
2 -1.12799e-13
3 -4.05009e-13
27650 3
1 -2.84217e-14
2 -1.19016e-13
3 -4.20997e-13
27652 3
1 -2.66454e-14
2 -1.16351e-13
3 -4.01457e-13
27654 3
1 -4.44089e-14
2 -9.59233e-14
3 -4.03233e-13
27656 3
1 -3.90799e-14
2 -1.26565e-13
3 -4.33431e-13
27658 3
1 -3.73035e-14
2 -1.11022e-13
3 -4.24549e-13
27660 3
1 -3.55271e-14
2 -1.22125e-13
3 -4.12115e-13
27662 3
1 -2.4869e-14
2 -1.23457e-13
3 -4.20997e-13
27664 3
1 -2.13163e-14
2 -1.08358e-13
3 -4.13003e-13
27666 3
1 -2.84217e-14
2 -1.1191e-13
3 -4.22773e-13
27668 3
1 -1.06581e-14
2 -1.26565e-13
3 -4.10338e-13
27670 3
1 -3.55271e-14
2 -1.36779e-13
3 -4.13003e-13
27672 3
1 -2.84217e-14
2 -1.1946e-13
3 -4.08562e-13
27674 3
1 -3.19744e-14
2 -1.05693e-13
3 -4.29878e-13
27676 3
1 -3.19744e-14
2 -9.68114e-14
3 -3.96128e-13
27678 3
1 -6.39488e-14
2 -1.3145e-13
3 -4.04121e-13
27680 3
1 -3.55271e-14
2 -1.14575e-13
3 -3.9968e-13
27682 3
1 -2.4869e-14
2 -1.15463e-13
3 -4.0945e-13
27684 3
1 -4.08562e-14
2 -1.57208e-13
3 -4.05898e-13
27686 3
1 -3.19744e-14
2 -1.14575e-13
3 -4.33431e-13
27688 3
1 -4.08562e-14
2 -1.24345e-13
3 -4.15668e-13
27690 3
1 -4.26326e-14
2 -9.9476e-14
3 -4.15668e-13
27692 3
1 -2.13163e-14
2 -1.22125e-13
3 -4.28102e-13
27694 3
1 -3.19744e-14
2 -1.1191e-13
3 -4.36984e-13
27696 3
1 -3.37508e-14
2 -1.52767e-13
3 -4.14779e-13
27698 3
1 -1.42109e-14
2 -1.33227e-13
3 -4.06786e-13
27700 3
1 -2.84217e-14
2 -1.17684e-13
3 -4.08562e-13
27702 3
1 -3.01981e-14
2 -1.39444e-13
3 -4.23661e-13
27704 3
1 -3.37508e-14
2 -1.42109e-13
3 -4.21885e-13
27706 3
1 -4.61853e-14
2 -1.42997e-13
3 -4.20108e-13
27708 3
1 -2.66454e-14
2 -1.40332e-13
3 -4.18332e-13
27710 3
1 -3.90799e-14
2 -1.13687e-13
3 -4.18332e-13
27712 3
1 -3.90799e-14
2 -1.25233e-13
3 -4.01457e-13
27714 3
1 -3.37508e-14
2 -1.10134e-13
3 -4.05898e-13
27716 3
1 -3.73035e-14
2 -1.27898e-13
3 -3.97016e-13
27718 3
1 -3.90799e-14
2 -1.29674e-13
3 -4.12115e-13
27720 3
1 -4.9738e-14
2 -1.33227e-13
3 -4.00568e-13
27722 3
1 -4.44089e-14
2 -1.14131e-13
3 -4.28102e-13
27724 3
1 -4.61853e-14
2 -1.05693e-13
3 -4.18332e-13
27726 3
1 -4.9738e-14
2 -1.50102e-13
3 -4.16556e-13
27728 3
1 -4.79616e-14
2 -1.05249e-13
3 -4.25437e-13
27730 3
1 -4.79616e-14
2 -1.56319e-13
3 -4.13003e-13
27732 3
1 -5.15143e-14
2 -1.37224e-13
3 -4.15668e-13
27734 3
1 -5.32907e-14
2 -1.42553e-13
3 -4.31655e-13
27736 3
1 -3.37508e-14
2 -1.15907e-13
3 -4.13891e-13
27738 3
1 -5.68434e-14
2 -1.27898e-13
3 -4.29878e-13
27740 3
1 -3.90799e-14
2 -1.42109e-13
3 -4.1922e-13
27742 3
1 -4.44089e-14
2 -1.22569e-13
3 -4.36096e-13
27744 3
1 -3.19744e-14
2 -1.34115e-13
3 -4.17444e-13
27746 3
1 -5.15143e-14
2 -1.46549e-13
3 -4.10338e-13
27748 3
1 -4.26326e-14
2 -1.1724e-13
3 -4.31655e-13
27750 3
1 -5.15143e-14
2 -1.22569e-13
3 -4.23661e-13
27752 3
1 -4.08562e-14
2 -1.26121e-13
3 -4.35207e-13
27754 3
1 -4.9738e-14
2 -1.36779e-13
3 -4.18332e-13
27756 3
1 -7.10543e-14
2 -1.19016e-13
3 -4.17444e-13
27758 3
1 -4.26326e-14
2 -1.18128e-13
3 -4.22773e-13
27760 3
1 -2.84217e-14
2 -1.37668e-13
3 -4.26326e-13
27762 3
1 -3.73035e-14
2 -1.17684e-13
3 -4.04121e-13
27764 3
1 -3.90799e-14
2 -1.10134e-13
3 -4.30767e-13
27766 3
1 -4.79616e-14
2 -1.03473e-13
3 -4.22773e-13
27768 3
1 -3.90799e-14
2 -1.35447e-13
3 -4.00568e-13
27770 3
1 -1.77636e-14
2 -1.28342e-13
3 -4.14779e-13
27772 3
1 -4.9738e-14
2 -1.30562e-13
3 -4.00568e-13
27774 3
1 -3.90799e-14
2 -1.34559e-13
3 -4.27214e-13
27776 3
1 -3.19744e-14
2 -1.0969e-13
3 -4.15668e-13
27778 3
1 -1.95399e-14
2 -1.0747e-13
3 -4.28102e-13
27780 3
1 -3.19744e-14
2 -1.35891e-13
3 -4.12115e-13
27782 3
1 -3.55271e-14
2 -9.9476e-14
3 -4.45866e-13
27784 3
1 -2.66454e-14
2 -1.18572e-13
3 -4.26326e-13
27786 3
1 -3.01981e-14
2 -7.63833e-14
3 -4.07674e-13
27788 3
1 -3.01981e-14
2 -1.15463e-13
3 -3.95239e-13
27790 3
1 -3.19744e-14
2 -1.12355e-13
3 -4.32543e-13
27792 3
1 -4.61853e-14
2 -1.16795e-13
3 -4.26326e-13
27794 3
1 -4.61853e-14
2 -1.24789e-13
3 -3.8991e-13
27796 3
1 -4.44089e-14
2 -1.23457e-13
3 -4.25437e-13
27798 3
1 -3.90799e-14
2 -1.38112e-13
3 -4.15668e-13
27800 3
1 -3.37508e-14
2 -1.36779e-13
3 -4.20108e-13
27802 3
1 -5.86198e-14
2 -1.48326e-13
3 -4.26326e-13
27804 3
1 -3.37508e-14
2 -1.2923e-13
3 -4.07674e-13
27806 3
1 -3.55271e-14
2 -1.14575e-13
3 -4.20108e-13
27808 3
1 -4.08562e-14
2 -1.23013e-13
3 -4.18332e-13
27810 3
1 -5.15143e-14
2 -1.16351e-13
3 -4.34319e-13
27812 3
1 -2.84217e-14
2 -1.21236e-13
3 -4.05009e-13
27814 3
1 -4.9738e-14
2 -1.35447e-13
3 -4.13891e-13
27816 3
1 -3.90799e-14
2 -1.39e-13
3 -4.36096e-13
27818 3
1 -2.84217e-14
2 -1.23901e-13
3 -4.21885e-13
27820 3
1 -4.08562e-14
2 -1.11022e-13
3 -4.05009e-13
27822 3
1 -3.90799e-14
2 -1.27898e-13
3 -4.03233e-13
27824 3
1 -1.24345e-14
2 -1.15463e-13
3 -4.05009e-13
27826 3
1 -3.90799e-14
2 -1.16351e-13
3 -4.10338e-13
27828 3
1 -4.61853e-14
2 -1.27898e-13
3 -4.11227e-13
27830 3
1 -3.90799e-14
2 -1.13687e-13
3 -4.15668e-13
27832 3
1 -2.13163e-14
2 -8.61533e-14
3 -4.20108e-13
27834 3
1 -1.95399e-14
2 -9.76996e-14
3 -4.1922e-13
27836 3
1 -3.55271e-14
2 -1.16351e-13
3 -4.10338e-13
27838 3
1 -2.66454e-14
2 -1.31894e-13
3 -3.92575e-13
27840 3
1 -4.61853e-14
2 -1.05693e-13
3 -3.91687e-13
27842 3
1 -3.19744e-14
2 -1.08358e-13
3 -4.11227e-13
27844 3
1 -3.73035e-14
2 -1.28342e-13
3 -4.34319e-13
27846 3
1 -4.79616e-14
2 -1.2701e-13
3 -4.05009e-13
27848 3
1 -3.01981e-14
2 -1.1724e-13
3 -4.00568e-13
27850 3
1 -7.10543e-15
2 -1.14575e-13
3 -3.9968e-13
27852 3
1 -2.4869e-14
2 -1.03029e-13
3 -4.18332e-13
27854 3
1 -1.06581e-14
2 -1.22569e-13
3 -4.20997e-13
27856 3
1 -2.4869e-14
2 -1.12355e-13
3 -4.37872e-13
27858 3
1 0
2 -1.09246e-13
3 -4.2899e-13
27860 3
1 -1.95399e-14
2 -1.12799e-13
3 -3.98792e-13
27862 3
1 -3.55271e-14
2 -1.13687e-13
3 -4.45866e-13
27864 3
1 -1.77636e-15
2 -1.14575e-13
3 -4.30767e-13
27866 3
1 -1.59872e-14
2 -8.17124e-14
3 -4.10338e-13
27868 3
1 -5.32907e-15
2 -1.00364e-13
3 -4.28102e-13
27870 3
1 1.42109e-14
2 -9.85878e-14
3 -4.22773e-13
27872 3
1 -7.10543e-15
2 -1.2168e-13
3 -4.21885e-13
27874 3
1 1.59872e-14
2 -1.19904e-13
3 -4.15668e-13
27876 3
1 -1.59872e-14
2 -9.85878e-14
3 -4.25437e-13
27878 3
1 -8.88178e-15
2 -1.21236e-13
3 -4.36096e-13
27880 3
1 -1.77636e-14
2 -1.0747e-13
3 -4.29878e-13
27882 3
1 -7.10543e-15
2 -9.54792e-14
3 -3.98792e-13
27884 3
1 7.10543e-15
2 -1.0969e-13
3 -4.33431e-13
27886 3
1 1.77636e-15
2 -1.27898e-13
3 -4.36984e-13
27888 3
1 -1.06581e-14
2 -1.09246e-13
3 -4.23661e-13
27890 3
1 -1.42109e-14
2 -1.00364e-13
3 -4.2899e-13
27892 3
1 1.77636e-15
2 -1.15463e-13
3 -4.07674e-13
27894 3
1 1.77636e-15
2 -9.19265e-14
3 -4.23661e-13
27896 3
1 -5.32907e-15
2 -1.06137e-13
3 -4.27214e-13
27898 3
1 1.06581e-14
2 -1.03917e-13
3 -4.32543e-13
27900 3
1 1.06581e-14
2 -1.18128e-13
3 -4.49418e-13
27902 3
1 -2.30926e-14
2 -1.20792e-13
3 -4.17444e-13
27904 3
1 -7.10543e-15
2 -1.15463e-13
3 -4.10338e-13
27906 3
1 -1.77636e-14
2 -1.14131e-13
3 -4.24549e-13
27908 3
1 -1.06581e-14
2 -1.08358e-13
3 -4.10338e-13
27910 3
1 -1.77636e-15
2 -1.07025e-13
3 -4.17444e-13
27912 3
1 -5.32907e-15
2 -1.19016e-13
3 -4.03233e-13
27914 3
1 3.55271e-15
2 -1.24345e-13
3 -4.29878e-13
27916 3
1 0
2 -1.22569e-13
3 -4.22773e-13
27918 3
1 -1.77636e-14
2 -9.85878e-14
3 -4.33431e-13
27920 3
1 -1.42109e-14
2 -1.20348e-13
3 -4.03233e-13
27922 3
1 -1.77636e-14
2 -1.14575e-13
3 -4.14779e-13
27924 3
1 -3.73035e-14
2 -1.05693e-13
3 -4.0945e-13
27926 3
1 -1.77636e-14
2 -1.0747e-13
3 -4.21885e-13
27928 3
1 -2.84217e-14
2 -1.23457e-13
3 -4.26326e-13
27930 3
1 -2.30926e-14
2 -1.19904e-13
3 -4.10338e-13
27932 3
1 -1.77636e-14
2 -8.39329e-14
3 -4.17444e-13
27934 3
1 -2.66454e-14
2 -1.00808e-13
3 -4.24549e-13
27936 3
1 -3.37508e-14
2 -1.13687e-13
3 -4.16556e-13
27938 3
1 -3.01981e-14
2 -1.1191e-13
3 -4.28102e-13
27940 3
1 -2.30926e-14
2 -1.03917e-13
3 -4.04121e-13
27942 3
1 -4.26326e-14
2 -1.08358e-13
3 -4.22773e-13
27944 3
1 -1.59872e-14
2 -1.28786e-13
3 -4.35207e-13
27946 3
1 -2.4869e-14
2 -1.20348e-13
3 -4.30767e-13
27948 3
1 -3.73035e-14
2 -1.21236e-13
3 -4.15668e-13
27950 3
1 -2.84217e-14
2 -1.14131e-13
3 -4.2899e-13
27952 3
1 -2.4869e-14
2 -1.23901e-13
3 -4.1922e-13
27954 3
1 -2.13163e-14
2 -1.27898e-13
3 -4.16556e-13
27956 3
1 -2.66454e-14
2 -1.11022e-13
3 -4.05009e-13
27958 3
1 -3.55271e-14
2 -1.13687e-13
3 -4.28102e-13
27960 3
1 -3.55271e-14
2 -1.05693e-13
3 -3.95239e-13
27962 3
1 -2.30926e-14
2 -1.23013e-13
3 -4.25437e-13
27964 3
1 -2.4869e-14
2 -1.20792e-13
3 -4.17444e-13
27966 3
1 -4.08562e-14
2 -1.1724e-13
3 -3.90799e-13
27968 3
1 -1.42109e-14
2 -8.9706e-14
3 -4.06786e-13
27970 3
1 -2.66454e-14
2 -1.2923e-13
3 -4.00568e-13
27972 3
1 0
2 -1.38556e-13
3 -3.91687e-13
27974 3
1 -2.84217e-14
2 -1.1724e-13
3 -3.86358e-13
27976 3
1 -1.59872e-14
2 -1.31894e-13
3 -3.8991e-13
27978 3
1 -2.13163e-14
2 -1.20792e-13
3 -3.91687e-13
27980 3
1 -3.55271e-15
2 -9.90319e-14
3 -4.12115e-13
27982 3
1 -8.88178e-15
2 -1.47438e-13
3 -4.01457e-13
27984 3
1 -2.30926e-14
2 -1.0747e-13
3 -3.96128e-13
27986 3
1 -2.13163e-14
2 -1.43885e-13
3 -3.73035e-13
27988 3
1 -1.77636e-14
2 -1.55431e-13
3 -3.95239e-13
27990 3
1 -2.66454e-14
2 -1.42997e-13
3 -4.10338e-13
27992 3
1 -1.42109e-14
2 -1.16351e-13
3 -3.9968e-13
27994 3
1 -2.66454e-14
2 -1.25233e-13
3 -4.24549e-13
27996 3
1 -1.06581e-14
2 -1.1946e-13
3 -4.33431e-13
27998 3
1 -3.55271e-15
2 -1.20792e-13
3 -4.01457e-13
28000 3
1 -1.06581e-14
2 -9.59233e-14
3 -4.04121e-13
28002 3
1 3.55271e-15
2 -1.24789e-13
3 -4.25437e-13
28004 3
1 -1.42109e-14
2 -1.10134e-13
3 -4.11227e-13
28006 3
1 -8.88178e-15
2 -1.22125e-13
3 -4.04121e-13
28008 3
1 -1.06581e-14
2 -1.14575e-13
3 -4.0945e-13
28010 3
1 -1.06581e-14
2 -9.99201e-14
3 -4.25437e-13
28012 3
1 -3.19744e-14
2 -1.25233e-13
3 -4.12115e-13
28014 3
1 -1.06581e-14
2 -1.17684e-13
3 -4.02345e-13
28016 3
1 -1.95399e-14
2 -1.02141e-13
3 -4.26326e-13
28018 3
1 -2.4869e-14
2 -1.13687e-13
3 -4.00568e-13
28020 3
1 -1.59872e-14
2 -1.03029e-13
3 -4.05009e-13
28022 3
1 -3.19744e-14
2 -1.15907e-13
3 -4.20997e-13
28024 3
1 -3.01981e-14
2 -1.14575e-13
3 -4.03233e-13
28026 3
1 -1.95399e-14
2 -1.1724e-13
3 -4.01457e-13
28028 3
1 -1.24345e-14
2 -1.31006e-13
3 -4.26326e-13
28030 3
1 -3.90799e-14
2 -1.2168e-13
3 -4.21885e-13
28032 3
1 -2.30926e-14
2 -1.25233e-13
3 -4.1922e-13
28034 3
1 -2.4869e-14
2 -1.16351e-13
3 -4.16556e-13
28036 3
1 -1.42109e-14
2 -1.05249e-13
3 -4.29878e-13
28038 3
1 -1.77636e-14
2 -1.18572e-13
3 -4.23661e-13
28040 3
1 -2.4869e-14
2 -7.99361e-14
3 -4.33431e-13
28042 3
1 7.10543e-15
2 -1.0747e-13
3 -4.12115e-13
28044 3
1 -4.44089e-14
2 -1.01252e-13
3 -4.15668e-13
28046 3
1 -8.88178e-15
2 -9.85878e-14
3 -4.17444e-13
28048 3
1 5.32907e-15
2 -9.50351e-14
3 -4.12115e-13
28050 3
1 1.77636e-15
2 -1.0969e-13
3 -4.20997e-13
28052 3
1 -2.30926e-14
2 -1.08358e-13
3 -4.1922e-13
28054 3
1 0
2 -1.15907e-13
3 -4.13891e-13
28056 3
1 -8.88178e-15
2 -1.09246e-13
3 -4.28102e-13
28058 3
1 -8.88178e-15
2 -8.61533e-14
3 -4.3876e-13
28060 3
1 -1.42109e-14
2 -1.36335e-13
3 -4.36984e-13
28062 3
1 0
2 -1.04361e-13
3 -4.47642e-13
28064 3
1 1.06581e-14
2 -1.29674e-13
3 -4.51195e-13
28066 3
1 1.06581e-14
2 -1.35891e-13
3 -4.37872e-13
28068 3
1 0
2 -1.1724e-13
3 -4.15668e-13
28070 3
1 5.32907e-15
2 -1.29674e-13
3 -4.29878e-13
28072 3
1 1.77636e-15
2 -1.13243e-13
3 -4.42313e-13
28074 3
1 -1.24345e-14
2 -1.08358e-13
3 -4.13891e-13
28076 3
1 -2.4869e-14
2 -1.40332e-13
3 -4.12115e-13
28078 3
1 -2.30926e-14
2 -1.23457e-13
3 -4.30767e-13
28080 3
1 -2.84217e-14
2 -1.03917e-13
3 -4.43201e-13
28082 3
1 -1.77636e-14
2 -1.0969e-13
3 -4.05898e-13
28084 3
1 -1.06581e-14
2 -9.81437e-14
3 -4.40536e-13
28086 3
1 7.10543e-15
2 -1.08802e-13
3 -4.27214e-13
28088 3
1 -1.77636e-15
2 -1.16351e-13
3 -4.10338e-13
28090 3
1 3.55271e-15
2 -1.11022e-13
3 -4.37872e-13
28092 3
1 -8.88178e-15
2 -1.24345e-13
3 -4.13891e-13
28094 3
1 -1.77636e-15
2 -1.1724e-13
3 -4.20108e-13
28096 3
1 -1.77636e-15
2 -9.59233e-14
3 -4.17444e-13
28098 3
1 1.95399e-14
2 -9.50351e-14
3 -4.22773e-13
28100 3
1 1.77636e-14
2 -1.08802e-13
3 -4.42313e-13
28102 3
1 -1.77636e-15
2 -1.13687e-13
3 -4.1922e-13
28104 3
1 2.13163e-14
2 -1.03473e-13
3 -4.35207e-13
28106 3
1 -1.77636e-15
2 -1.35003e-13
3 -4.44089e-13
28108 3
1 -1.77636e-15
2 -1.14575e-13
3 -4.30767e-13
28110 3
1 1.42109e-14
2 -1.24345e-13
3 -4.42313e-13
28112 3
1 5.32907e-15
2 -1.33227e-13
3 -4.20997e-13
28114 3
1 -5.32907e-15
2 -8.70415e-14
3 -4.0945e-13
28116 3
1 -1.95399e-14
2 -1.34559e-13
3 -4.14779e-13
28118 3
1 1.42109e-14
2 -1.35447e-13
3 -4.00568e-13
28120 3
1 -8.88178e-15
2 -1.23901e-13
3 -4.15668e-13
28122 3
1 -2.30926e-14
2 -1.19904e-13
3 -3.96128e-13
28124 3
1 8.88178e-15
2 -1.18128e-13
3 -4.17444e-13
28126 3
1 1.77636e-14
2 -1.2168e-13
3 -4.12115e-13
28128 3
1 2.13163e-14
2 -1.1724e-13
3 -4.0945e-13
28130 3
1 -8.88178e-15
2 -1.08358e-13
3 -4.28102e-13
28132 3
1 8.88178e-15
2 -1.3145e-13
3 -4.39648e-13
28134 3
1 1.59872e-14
2 -8.61533e-14
3 -4.18332e-13
28136 3
1 3.55271e-15
2 -1.15907e-13
3 -4.22773e-13
28138 3
1 7.10543e-15
2 -1.01252e-13
3 -4.22773e-13
28140 3
1 -1.77636e-15
2 -1.18128e-13
3 -4.36984e-13
28142 3
1 1.77636e-14
2 -1.26121e-13
3 -4.39648e-13
28144 3
1 5.32907e-15
2 -1.28786e-13
3 -4.28102e-13
28146 3
1 0
2 -1.1191e-13
3 -4.2899e-13
28148 3
1 -1.77636e-14
2 -1.24789e-13
3 -4.56524e-13
28150 3
1 -2.4869e-14
2 -1.21236e-13
3 -4.30767e-13
28152 3
1 5.32907e-15
2 -1.35891e-13
3 -4.40536e-13
28154 3
1 -3.55271e-15
2 -1.15463e-13
3 -4.34319e-13
28156 3
1 -3.55271e-15
2 -1.10134e-13
3 -4.13891e-13
28158 3
1 -3.55271e-15
2 -1.19904e-13
3 -4.10338e-13
28160 3
1 -7.10543e-15
2 -1.08358e-13
3 -4.26326e-13
28162 3
1 -7.99361e-15
2 -1.27898e-13
3 -4.3876e-13
28164 3
1 7.99361e-15
2 -1.29674e-13
3 -4.01457e-13
28166 3
1 -7.10543e-15
2 -1.60316e-13
3 -4.15668e-13
28168 3
1 1.59872e-14
2 -1.04805e-13
3 -4.17444e-13
28170 3
1 -7.10543e-15
2 -1.22569e-13
3 -4.1922e-13
28172 3
1 5.32907e-15
2 -1.4122e-13
3 -3.89022e-13
28174 3
1 2.30926e-14
2 -1.26121e-13
3 -4.03233e-13
28176 3
1 1.24345e-14
2 -1.2168e-13
3 -4.15668e-13
28178 3
1 1.06581e-14
2 -1.24345e-13
3 -4.08562e-13
28180 3
1 1.06581e-14
2 -1.28786e-13
3 -3.97904e-13
28182 3
1 1.59872e-14
2 -1.14575e-13
3 -3.90799e-13
28184 3
1 -7.10543e-15
2 -1.29674e-13
3 -3.85469e-13
28186 3
1 1.06581e-14
2 -1.38556e-13
3 -4.06786e-13
28188 3
1 -8.88178e-15
2 -1.33227e-13
3 -4.20997e-13
28190 3
1 0
2 -1.2701e-13
3 -4.26326e-13
28192 3
1 -1.06581e-14
2 -1.37668e-13
3 -3.76588e-13
28194 3
1 -3.55271e-15
2 -1.62537e-13
3 -4.01457e-13
28196 3
1 -1.24345e-14
2 -1.48326e-13
3 -4.20997e-13
28198 3
1 -2.4869e-14
2 -1.26121e-13
3 -4.20997e-13
28200 3
1 -7.10543e-15
2 -1.22569e-13
3 -3.95239e-13
28202 3
1 -1.06581e-14
2 -1.49214e-13
3 -3.95239e-13
28204 3
1 -1.24345e-14
2 -1.09246e-13
3 -4.11227e-13
28206 3
1 -7.10543e-15
2 -1.48326e-13
3 -4.20997e-13
28208 3
1 -1.77636e-15
2 -1.6076e-13
3 -4.0945e-13
28210 3
1 -1.59872e-14
2 -1.42997e-13
3 -4.03233e-13
28212 3
1 5.32907e-15
2 -1.58984e-13
3 -4.12115e-13
28214 3
1 -3.19744e-14
2 -1.29674e-13
3 -4.13891e-13
28216 3
1 -5.32907e-15
2 -1.5099e-13
3 -4.08562e-13
28218 3
1 -2.30926e-14
2 -1.44773e-13
3 -4.22773e-13
28220 3
1 0
2 -1.50102e-13
3 -4.10338e-13
28222 3
1 0
2 -1.50102e-13
3 -4.05009e-13
28224 3
1 -1.59872e-14
2 -1.57208e-13
3 -3.97904e-13
28226 3
1 -7.10543e-15
2 -1.1724e-13
3 -3.6593e-13
28228 3
1 1.24345e-14
2 -1.22569e-13
3 -4.08562e-13
28230 3
1 -3.55271e-15
2 -1.14575e-13
3 -4.12115e-13
28232 3
1 5.32907e-15
2 -1.2701e-13
3 -4.08562e-13
28234 3
1 1.77636e-15
2 -1.33227e-13
3 -4.06786e-13
28236 3
1 0
2 -1.58096e-13
3 -4.29878e-13
28238 3
1 1.06581e-14
2 -1.5099e-13
3 -3.92575e-13
28240 3
1 1.24345e-14
2 -1.38556e-13
3 -4.01457e-13
28242 3
1 3.55271e-15
2 -1.67866e-13
3 -4.05009e-13
28244 3
1 -1.59872e-14
2 -1.09246e-13
3 -3.97904e-13
28246 3
1 3.19744e-14
2 -1.71418e-13
3 -4.01457e-13
28248 3
1 1.77636e-14
2 -1.57208e-13
3 -3.78364e-13
28250 3
1 2.13163e-14
2 -1.35891e-13
3 -3.81917e-13
28252 3
1 2.13163e-14
2 -1.2701e-13
3 -4.12115e-13
28254 3
1 7.10543e-15
2 -1.35891e-13
3 -4.06786e-13
28256 3
1 2.84217e-14
2 -1.3145e-13
3 -3.97904e-13
28258 3
1 3.55271e-14
2 -1.47438e-13
3 -3.96128e-13
28260 3
1 1.77636e-14
2 -1.63425e-13
3 -3.90799e-13
28262 3
1 1.42109e-14
2 -1.47438e-13
3 -3.97904e-13
28264 3
1 2.4869e-14
2 -1.71418e-13
3 -3.87246e-13
28266 3
1 3.90799e-14
2 -1.65201e-13
3 -3.9968e-13
28268 3
1 3.37508e-14
2 -1.50102e-13
3 -3.94351e-13
28270 3
1 3.01981e-14
2 -1.62537e-13
3 -3.95239e-13
28272 3
1 3.73035e-14
2 -1.4122e-13
3 -3.90799e-13
28274 3
1 3.55271e-14
2 -1.51879e-13
3 -3.74811e-13
28276 3
1 3.37508e-14
2 -1.34115e-13
3 -3.77476e-13
28278 3
1 1.59872e-14
2 -1.36779e-13
3 -3.90799e-13
28280 3
1 3.01981e-14
2 -1.51879e-13
3 -3.81917e-13
28282 3
1 1.95399e-14
2 -1.2168e-13
3 -3.76588e-13
28284 3
1 1.77636e-14
2 -1.61648e-13
3 -3.73923e-13
28286 3
1 2.66454e-14
2 -1.64313e-13
3 -3.96128e-13
28288 3
1 2.4869e-14
2 -1.46549e-13
3 -3.90799e-13
28290 3
1 3.19744e-14
2 -1.34115e-13
3 -3.87246e-13
28292 3
1 1.06581e-14
2 -1.56319e-13
3 -4.01457e-13
28294 3
1 2.84217e-14
2 -1.51879e-13
3 -3.85469e-13
28296 3
1 3.37508e-14
2 -1.35891e-13
3 -3.85469e-13
28298 3
1 2.84217e-14
2 -1.19904e-13
3 -3.85469e-13
28300 3
1 2.30926e-14
2 -1.46549e-13
3 -3.83693e-13
28302 3
1 2.13163e-14
2 -1.49214e-13
3 -3.87246e-13
28304 3
1 1.95399e-14
2 -1.55431e-13
3 -3.69482e-13
28306 3
1 1.77636e-14
2 -1.53655e-13
3 -3.92575e-13
28308 3
1 1.95399e-14
2 -1.64313e-13
3 -4.06786e-13
28310 3
1 1.42109e-14
2 -1.803e-13
3 -3.93463e-13
28312 3
1 8.88178e-15
2 -1.5099e-13
3 -4.04121e-13
28314 3
1 1.42109e-14
2 -1.42997e-13
3 -3.9968e-13
28316 3
1 1.77636e-15
2 -1.6076e-13
3 -3.69482e-13
28318 3
1 -3.55271e-15
2 -1.40332e-13
3 -3.85469e-13
28320 3
1 1.77636e-14
2 -1.55431e-13
3 -3.77476e-13
28322 3
1 -3.55271e-15
2 -1.26121e-13
3 -3.97904e-13
28324 3
1 1.95399e-14
2 -1.54543e-13
3 -3.9968e-13
28326 3
1 1.95399e-14
2 -1.38556e-13
3 -4.15668e-13
28328 3
1 5.32907e-15
2 -1.51879e-13
3 -3.75699e-13
28330 3
1 5.32907e-15
2 -1.30562e-13
3 -4.04121e-13
28332 3
1 1.24345e-14
2 -1.37668e-13
3 -3.84581e-13
28334 3
1 7.10543e-15
2 -1.1724e-13
3 -4.01457e-13
28336 3
1 1.06581e-14
2 -1.49214e-13
3 -4.02345e-13
28338 3
1 2.66454e-14
2 -1.33227e-13
3 -3.97016e-13
28340 3
1 -1.77636e-15
2 -1.44773e-13
3 -3.91687e-13
28342 3
1 1.77636e-14
2 -1.30562e-13
3 -3.89022e-13
28344 3
1 2.30926e-14
2 -1.42997e-13
3 -4.13891e-13
28346 3
1 1.06581e-14
2 -1.27898e-13
3 -4.20997e-13
28348 3
1 2.13163e-14
2 -1.29674e-13
3 -4.03233e-13
28350 3
1 1.77636e-14
2 -1.57208e-13
3 -3.98792e-13
28352 3
1 3.01981e-14
2 -1.38556e-13
3 -3.81029e-13
28354 3
1 7.10543e-15
2 -1.26121e-13
3 -4.04121e-13
28356 3
1 8.88178e-15
2 -1.36779e-13
3 -4.10338e-13
28358 3
1 -5.32907e-15
2 -1.58984e-13
3 -4.20997e-13
28360 3
1 1.42109e-14
2 -1.63425e-13
3 -4.16556e-13
28362 3
1 1.59872e-14
2 -1.58984e-13
3 -4.01457e-13
28364 3
1 1.24345e-14
2 -1.78524e-13
3 -4.05898e-13
28366 3
1 2.84217e-14
2 -1.4122e-13
3 -3.97904e-13
28368 3
1 1.95399e-14
2 -1.74971e-13
3 -3.98792e-13
28370 3
1 2.13163e-14
2 -1.61648e-13
3 -3.94351e-13
28372 3
1 1.06581e-14
2 -1.4122e-13
3 -4.05898e-13
28374 3
1 2.13163e-14
2 -1.18128e-13
3 -3.90799e-13
28376 3
1 2.30926e-14
2 -1.4122e-13
3 -3.88134e-13
28378 3
1 1.95399e-14
2 -1.18128e-13
3 -4.24549e-13
28380 3
1 2.30926e-14
2 -1.42997e-13
3 -4.15668e-13
28382 3
1 1.42109e-14
2 -1.58096e-13
3 -4.12115e-13
28384 3
1 0
2 -1.45661e-13
3 -4.22773e-13
28386 3
1 1.42109e-14
2 -1.35891e-13
3 -4.05009e-13
28388 3
1 1.24345e-14
2 -1.58984e-13
3 -4.15668e-13
28390 3
1 8.88178e-15
2 -1.51879e-13
3 -4.44089e-13
28392 3
1 1.42109e-14
2 -1.48326e-13
3 -4.07674e-13
28394 3
1 8.88178e-15
2 -1.4122e-13
3 -4.35207e-13
28396 3
1 7.10543e-15
2 -1.6076e-13
3 -4.13003e-13
28398 3
1 -8.88178e-15
2 -1.35003e-13
3 -4.29878e-13
28400 3
1 -5.32907e-15
2 -1.28786e-13
3 -4.08562e-13
28402 3
1 0
2 -1.30562e-13
3 -4.25437e-13
28404 3
1 -8.88178e-15
2 -1.27898e-13
3 -4.08562e-13
28406 3
1 1.24345e-14
2 -1.34115e-13
3 -4.14779e-13
28408 3
1 -1.77636e-15
2 -1.11022e-13
3 -4.21885e-13
28410 3
1 -3.55271e-15
2 -1.35891e-13
3 -4.27214e-13
28412 3
1 -7.10543e-15
2 -1.39444e-13
3 -3.9968e-13
28414 3
1 -7.10543e-15
2 -1.62537e-13
3 -4.20997e-13
28416 3
1 -1.42109e-14
2 -1.12799e-13
3 -4.37872e-13
28418 3
1 -1.42109e-14
2 -1.06581e-13
3 -4.12115e-13
28420 3
1 -2.13163e-14
2 -1.14575e-13
3 -4.2899e-13
28422 3
1 -1.06581e-14
2 -1.13687e-13
3 -4.10338e-13
28424 3
1 -1.42109e-14
2 -1.0747e-13
3 -4.10338e-13
28426 3
1 -3.19744e-14
2 -1.1191e-13
3 -3.91687e-13
28428 3
1 -1.59872e-14
2 -1.32339e-13
3 -4.26326e-13
28430 3
1 -2.66454e-14
2 -1.26121e-13
3 -4.26326e-13
28432 3
1 -5.32907e-15
2 -1.27898e-13
3 -3.91687e-13
28434 3
1 -1.95399e-14
2 -1.28786e-13
3 -4.16556e-13
28436 3
1 0
2 -1.4122e-13
3 -4.13891e-13
28438 3
1 -3.37508e-14
2 -1.57208e-13
3 -3.97904e-13
28440 3
1 0
2 -1.54543e-13
3 -4.10338e-13
28442 3
1 -1.42109e-14
2 -1.04805e-13
3 -4.14779e-13
28444 3
1 -8.88178e-15
2 -1.08358e-13
3 -4.22773e-13
28446 3
1 -1.59872e-14
2 -1.24345e-13
3 -4.06786e-13
28448 3
1 7.10543e-15
2 -1.3145e-13
3 -4.17444e-13
28450 3
1 0
2 -1.38556e-13
3 -4.20108e-13
28452 3
1 -1.42109e-14
2 -1.06581e-13
3 -4.13003e-13
28454 3
1 -5.32907e-15
2 -1.40332e-13
3 -4.26326e-13
28456 3
1 3.55271e-15
2 -1.57208e-13
3 -4.06786e-13
28458 3
1 2.66454e-14
2 -1.42997e-13
3 -4.11227e-13
28460 3
1 -8.88178e-15
2 -1.28786e-13
3 -4.05009e-13
28462 3
1 8.88178e-15
2 -1.4122e-13
3 -4.1922e-13
28464 3
1 -1.24345e-14
2 -1.1191e-13
3 -4.42313e-13
28466 3
1 -1.06581e-14
2 -1.24345e-13
3 -4.3876e-13
28468 3
1 8.88178e-15
2 -1.37668e-13
3 -4.22773e-13
28470 3
1 -5.32907e-15
2 -1.4122e-13
3 -4.13003e-13
28472 3
1 0
2 -1.37668e-13
3 -4.07674e-13
28474 3
1 8.88178e-15
2 -1.43885e-13
3 -4.15668e-13
28476 3
1 7.10543e-15
2 -1.20792e-13
3 -4.40536e-13
28478 3
1 8.88178e-15
2 -1.34115e-13
3 -4.16556e-13
28480 3
1 1.24345e-14
2 -1.23457e-13
3 -4.08562e-13
28482 3
1 -1.24345e-14
2 -1.25233e-13
3 -4.28102e-13
28484 3
1 -1.77636e-15
2 -1.3145e-13
3 -4.24549e-13
28486 3
1 1.77636e-15
2 -1.32339e-13
3 -4.17444e-13
28488 3
1 1.24345e-14
2 -1.39444e-13
3 -4.13891e-13
28490 3
1 1.06581e-14
2 -1.32339e-13
3 -4.13891e-13
28492 3
1 2.13163e-14
2 -1.39444e-13
3 -4.15668e-13
28494 3
1 7.10543e-15
2 -1.19016e-13
3 -4.2899e-13
28496 3
1 1.06581e-14
2 -1.43885e-13
3 -4.15668e-13
28498 3
1 1.59872e-14
2 -1.19016e-13
3 -4.26326e-13
28500 3
1 1.42109e-14
2 -1.47438e-13
3 -4.25437e-13
28502 3
1 -1.77636e-15
2 -1.29674e-13
3 -4.03233e-13
28504 3
1 2.13163e-14
2 -1.24345e-13
3 -4.05009e-13
28506 3
1 7.10543e-15
2 -1.26121e-13
3 -4.10338e-13
28508 3
1 2.84217e-14
2 -1.24345e-13
3 -4.23661e-13
28510 3
1 3.55271e-15
2 -1.1724e-13
3 -4.07674e-13
28512 3
1 5.32907e-15
2 -1.23457e-13
3 -4.10338e-13
28514 3
1 -1.77636e-15
2 -1.2701e-13
3 -4.04121e-13
28516 3
1 7.10543e-15
2 -1.29674e-13
3 -4.28102e-13
28518 3
1 7.10543e-15
2 -1.15463e-13
3 -4.28102e-13
28520 3
1 1.59872e-14
2 -1.14575e-13
3 -4.14779e-13
28522 3
1 1.06581e-14
2 -1.16351e-13
3 -3.97016e-13
28524 3
1 1.77636e-14
2 -8.88178e-14
3 -4.28102e-13
28526 3
1 3.55271e-15
2 -1.22569e-13
3 -4.12115e-13
28528 3
1 8.88178e-15
2 -1.49214e-13
3 -4.0945e-13
28530 3
1 5.32907e-15
2 -1.04805e-13
3 -4.21885e-13
28532 3
1 7.10543e-15
2 -1.35003e-13
3 -4.08562e-13
28534 3
1 7.10543e-15
2 -1.24345e-13
3 -4.14779e-13
28536 3
1 0
2 -1.23457e-13
3 -4.02345e-13
28538 3
1 8.88178e-15
2 -1.14575e-13
3 -4.04121e-13
28540 3
1 0
2 -1.12799e-13
3 -4.2899e-13
28542 3
1 1.24345e-14
2 -1.13687e-13
3 -4.28102e-13
28544 3
1 2.13163e-14
2 -1.26121e-13
3 -4.20108e-13
28546 3
1 -1.77636e-15
2 -1.29674e-13
3 -4.03233e-13
28548 3
1 -3.55271e-15
2 -1.08358e-13
3 -4.11227e-13
28550 3
1 1.77636e-15
2 -1.20792e-13
3 -4.03233e-13
28552 3
1 0
2 -1.36779e-13
3 -4.14779e-13
28554 3
1 3.55271e-15
2 -1.11022e-13
3 -4.00568e-13
28556 3
1 -1.06581e-14
2 -8.34888e-14
3 -3.90799e-13
28558 3
1 1.06581e-14
2 -1.19904e-13
3 -3.96128e-13
28560 3
1 2.30926e-14
2 -1.28786e-13
3 -4.15668e-13
28562 3
1 1.77636e-14
2 -9.50351e-14
3 -3.98792e-13
28564 3
1 8.88178e-15
2 -1.14575e-13
3 -3.97904e-13
28566 3
1 7.10543e-15
2 -8.08242e-14
3 -4.18332e-13
28568 3
1 8.88178e-15
2 -1.06581e-13
3 -4.20997e-13
28570 3
1 7.10543e-15
2 -1.33227e-13
3 -3.81029e-13
28572 3
1 1.59872e-14
2 -1.04805e-13
3 -3.9968e-13
28574 3
1 1.77636e-14
2 -1.12799e-13
3 -4.12115e-13
28576 3
1 1.77636e-14
2 -1.14575e-13
3 -3.79252e-13
28578 3
1 -5.32907e-15
2 -1.11022e-13
3 -3.96128e-13
28580 3
1 -1.24345e-14
2 -1.14575e-13
3 -4.18332e-13
28582 3
1 7.10543e-15
2 -1.23457e-13
3 -4.10338e-13
28584 3
1 8.88178e-15
2 -1.1724e-13
3 -4.03233e-13
28586 3
1 -5.32907e-15
2 -1.16351e-13
3 -3.84581e-13
28588 3
1 1.42109e-14
2 -1.2701e-13
3 -3.81917e-13
28590 3
1 0
2 -1.10134e-13
3 -3.81029e-13
28592 3
1 8.88178e-15
2 -1.19016e-13
3 -3.89022e-13
28594 3
1 2.66454e-14
2 -1.29674e-13
3 -3.83693e-13
28596 3
1 8.88178e-15
2 -1.05693e-13
3 -3.9968e-13
28598 3
1 1.77636e-14
2 -1.18128e-13
3 -3.88134e-13
28600 3
1 -3.55271e-15
2 -1.10134e-13
3 -3.83693e-13
28602 3
1 7.10543e-15
2 -1.06581e-13
3 -4.14779e-13
28604 3
1 -1.77636e-15
2 -1.43885e-13
3 -4.20108e-13
28606 3
1 -1.77636e-15
2 -1.29674e-13
3 -4.28102e-13
28608 3
1 0
2 -1.12799e-13
3 -3.98792e-13
28610 3
1 1.77636e-14
2 -1.32339e-13
3 -4.02345e-13
28612 3
1 -7.10543e-15
2 -1.08358e-13
3 -3.9968e-13
28614 3
1 0
2 -1.08358e-13
3 -4.34319e-13
28616 3
1 1.95399e-14
2 -1.38556e-13
3 -3.92575e-13
28618 3
1 1.77636e-15
2 -1.19016e-13
3 -3.88134e-13
28620 3
1 -1.77636e-14
2 -1.15463e-13
3 -4.15668e-13
28622 3
1 -1.06581e-14
2 -1.14575e-13
3 -4.12115e-13
28624 3
1 -2.13163e-14
2 -1.53655e-13
3 -4.26326e-13
28626 3
1 -1.24345e-14
2 -1.24345e-13
3 -4.2899e-13
28628 3
1 -1.06581e-14
2 -1.23457e-13
3 -4.02345e-13
28630 3
1 -1.77636e-14
2 -1.33227e-13
3 -4.12115e-13
28632 3
1 -1.24345e-14
2 -1.34115e-13
3 -4.24549e-13
28634 3
1 -8.88178e-15
2 -1.1724e-13
3 -4.05009e-13
28636 3
1 -1.59872e-14
2 -1.04805e-13
3 -4.35207e-13
28638 3
1 -1.06581e-14
2 -1.15463e-13
3 -4.10338e-13
28640 3
1 -2.84217e-14
2 -1.14575e-13
3 -4.39648e-13
28642 3
1 -1.95399e-14
2 -1.26121e-13
3 -4.07674e-13
28644 3
1 -7.10543e-15
2 -1.42109e-13
3 -4.0945e-13
28646 3
1 -2.30926e-14
2 -1.56319e-13
3 -4.23661e-13
28648 3
1 -1.42109e-14
2 -1.26121e-13
3 -4.28102e-13
28650 3
1 -3.90799e-14
2 -1.4122e-13
3 -4.2899e-13
28652 3
1 -3.55271e-14
2 -9.23706e-14
3 -4.12115e-13
28654 3
1 -3.01981e-14
2 -1.12799e-13
3 -4.07674e-13
28656 3
1 -2.4869e-14
2 -1.1191e-13
3 -4.18332e-13
28658 3
1 -2.30926e-14
2 -1.10134e-13
3 -4.31655e-13
28660 3
1 -4.26326e-14
2 -1.22569e-13
3 -3.93463e-13
28662 3
1 -3.19744e-14
2 -1.23457e-13
3 -4.17444e-13
28664 3
1 -4.26326e-14
2 -1.15463e-13
3 -4.1922e-13
28666 3
1 -1.24345e-14
2 -1.16351e-13
3 -4.25437e-13
28668 3
1 -3.19744e-14
2 -1.2168e-13
3 -4.08562e-13
28670 3
1 -2.4869e-14
2 -1.26121e-13
3 -4.1922e-13
28672 3
1 -3.55271e-14
2 -1.14575e-13
3 -4.04121e-13
28674 3
1 -2.13163e-14
2 -1.25233e-13
3 -3.96128e-13
28676 3
1 -3.37508e-14
2 -1.35891e-13
3 -4.03233e-13
28678 3
1 -2.66454e-14
2 -1.3145e-13
3 -4.35207e-13
28680 3
1 -2.66454e-14
2 -1.26121e-13
3 -4.12115e-13
28682 3
1 -2.30926e-14
2 -1.16351e-13
3 -4.06786e-13
28684 3
1 -2.4869e-14
2 -1.1724e-13
3 -4.1922e-13
28686 3
1 -2.84217e-14
2 -1.35891e-13
3 -4.01457e-13
28688 3
1 -3.19744e-14
2 -1.35003e-13
3 -4.06786e-13
28690 3
1 -3.37508e-14
2 -1.15463e-13
3 -4.31655e-13
28692 3
1 -4.08562e-14
2 -1.19904e-13
3 -4.29878e-13
28694 3
1 -3.37508e-14
2 -1.0747e-13
3 -4.05009e-13
28696 3
1 -5.15143e-14
2 -1.42109e-13
3 -4.15668e-13
28698 3
1 -2.13163e-14
2 -1.29674e-13
3 -4.20997e-13
28700 3
1 -4.9738e-14
2 -1.19904e-13
3 -3.94351e-13
28702 3
1 -4.26326e-14
2 -1.2701e-13
3 -4.13891e-13
28704 3
1 -3.55271e-14
2 -1.04805e-13
3 -4.12115e-13
28706 3
1 -3.73035e-14
2 -1.2701e-13
3 -4.01457e-13
28708 3
1 -3.55271e-14
2 -1.04805e-13
3 -3.94351e-13
28710 3
1 -2.66454e-14
2 -1.39444e-13
3 -3.94351e-13
28712 3
1 -1.59872e-14
2 -1.2701e-13
3 -3.9968e-13
28714 3
1 -3.73035e-14
2 -9.9476e-14
3 -4.05009e-13
28716 3
1 -2.4869e-14
2 -1.27898e-13
3 -3.96128e-13
28718 3
1 -3.01981e-14
2 -1.04805e-13
3 -3.83693e-13
28720 3
1 -3.73035e-14
2 -1.19016e-13
3 -4.10338e-13
28722 3
1 -3.55271e-14
2 -1.12799e-13
3 -3.83693e-13
28724 3
1 -4.44089e-14
2 -1.18128e-13
3 -4.10338e-13
28726 3
1 -2.13163e-14
2 -1.02141e-13
3 -4.1922e-13
28728 3
1 -1.24345e-14
2 -1.11022e-13
3 -4.20997e-13
28730 3
1 -1.59872e-14
2 -1.03917e-13
3 -4.08562e-13
28732 3
1 -3.19744e-14
2 -1.13687e-13
3 -4.1922e-13
28734 3
1 -3.55271e-14
2 -1.10134e-13
3 -4.01457e-13
28736 3
1 -3.73035e-14
2 -1.02141e-13
3 -4.03233e-13
28738 3
1 -4.08562e-14
2 -1.20792e-13
3 -4.10338e-13
28740 3
1 -4.26326e-14
2 -9.32587e-14
3 -4.17444e-13
28742 3
1 -8.88178e-15
2 -9.76996e-14
3 -4.24549e-13
28744 3
1 -3.55271e-14
2 -8.70415e-14
3 -4.33431e-13
28746 3
1 -1.59872e-14
2 -1.03917e-13
3 -4.15668e-13
28748 3
1 -2.66454e-14
2 -1.1191e-13
3 -4.24549e-13
28750 3
1 -3.37508e-14
2 -1.18128e-13
3 -4.33431e-13
28752 3
1 -2.13163e-14
2 -1.12799e-13
3 -4.31655e-13
28754 3
1 -2.4869e-14
2 -1.01252e-13
3 -4.42313e-13
28756 3
1 -1.95399e-14
2 -1.02141e-13
3 -4.03233e-13
28758 3
1 -1.42109e-14
2 -8.70415e-14
3 -4.26326e-13
28760 3
1 -1.68754e-14
2 -1.06581e-13
3 -4.12115e-13
28762 3
1 -9.76996e-15
2 -8.43769e-14
3 -4.08562e-13
28764 3
1 -1.77636e-14
2 -1.1724e-13
3 -4.29878e-13
28766 3
1 -2.39808e-14
2 -8.43769e-14
3 -4.01457e-13
28768 3
1 -1.5099e-14
2 -1.1724e-13
3 -4.45866e-13
28770 3
1 -1.06581e-14
2 -1.03029e-13
3 -3.96128e-13
28772 3
1 -2.66454e-14
2 -9.41469e-14
3 -4.05009e-13
28774 3
1 -1.42109e-14
2 -8.70415e-14
3 -4.3876e-13
28776 3
1 -2.84217e-14
2 -7.54952e-14
3 -4.06786e-13
28778 3
1 -2.30926e-14
2 -1.01252e-13
3 -4.12115e-13
28780 3
1 -2.30926e-14
2 -1.06581e-13
3 -4.20997e-13
28782 3
1 -8.88178e-15
2 -1.11022e-13
3 -4.28102e-13
28784 3
1 -1.77636e-14
2 -9.41469e-14
3 -4.40536e-13
28786 3
1 -1.95399e-14
2 -1.09246e-13
3 -4.01457e-13
28788 3
1 -2.84217e-14
2 -1.1191e-13
3 -4.35207e-13
28790 3
1 -5.32907e-15
2 -9.85878e-14
3 -4.35207e-13
28792 3
1 -1.42109e-14
2 -1.09246e-13
3 -4.22773e-13
28794 3
1 -3.37508e-14
2 -1.16351e-13
3 -4.36984e-13
28796 3
1 5.32907e-15
2 -9.76996e-14
3 -4.42313e-13
28798 3
1 5.32907e-15
2 -9.9476e-14
3 -4.22773e-13
28800 3
1 -1.59872e-14
2 -1.04805e-13
3 -4.20997e-13
28802 3
1 -5.32907e-15
2 -7.72715e-14
3 -4.42313e-13
28804 3
1 -5.32907e-15
2 -1.00364e-13
3 -4.54747e-13
28806 3
1 -1.42109e-14
2 -1.30562e-13
3 -4.72511e-13
28808 3
1 -3.01981e-14
2 -1.2168e-13
3 -4.3876e-13
28810 3
1 -1.24345e-14
2 -1.04805e-13
3 -4.67182e-13
28812 3
1 -8.88178e-15
2 -9.41469e-14
3 -4.47642e-13
28814 3
1 -1.24345e-14
2 -1.24345e-13
3 -4.31655e-13
28816 3
1 -1.06581e-14
2 -1.0747e-13
3 -4.47642e-13
28818 3
1 -1.77636e-14
2 -1.06581e-13
3 -4.31655e-13
28820 3
1 -1.06581e-14
2 -1.23457e-13
3 -4.40536e-13
28822 3
1 -1.77636e-15
2 -1.34115e-13
3 -4.36984e-13
28824 3
1 -1.06581e-14
2 -1.30562e-13
3 -4.56524e-13
28826 3
1 -1.77636e-14
2 -1.08358e-13
3 -4.33431e-13
28828 3
1 -3.37508e-14
2 -1.20792e-13
3 -4.40536e-13
28830 3
1 -1.77636e-14
2 -1.16351e-13
3 -4.60076e-13
28832 3
1 -8.88178e-15
2 -1.08358e-13
3 -4.52971e-13
28834 3
1 -2.30926e-14
2 -9.9476e-14
3 -4.35207e-13
28836 3
1 -3.19744e-14
2 -1.16351e-13
3 -4.45866e-13
28838 3
1 -1.77636e-14
2 -1.23457e-13
3 -4.63629e-13
28840 3
1 -2.13163e-14
2 -1.00364e-13
3 -4.63629e-13
28842 3
1 -3.73035e-14
2 -1.00364e-13
3 -4.44089e-13
28844 3
1 -3.73035e-14
2 -1.28786e-13
3 -4.56524e-13
28846 3
1 -2.66454e-14
2 -1.11022e-13
3 -4.67182e-13
28848 3
1 -2.30926e-14
2 -9.59233e-14
3 -4.49418e-13
28850 3
1 -8.88178e-15
2 -1.06581e-13
3 -4.31655e-13
28852 3
1 -2.4869e-14
2 -1.11022e-13
3 -4.42313e-13
28854 3
1 -2.30926e-14
2 -1.09246e-13
3 -4.68958e-13
28856 3
1 -1.42109e-14
2 -1.25233e-13
3 -4.42313e-13
28858 3
1 -2.13163e-14
2 -1.19904e-13
3 -4.36984e-13
28860 3
1 -3.37508e-14
2 -1.13687e-13
3 -4.49418e-13
28862 3
1 -1.59872e-14
2 -9.41469e-14
3 -4.49418e-13
28864 3
1 -2.4869e-14
2 -1.25233e-13
3 -4.54747e-13
28866 3
1 -2.4869e-14
2 -1.11022e-13
3 -4.33431e-13
28868 3
1 -2.13163e-14
2 -9.50351e-14
3 -4.51195e-13
28870 3
1 -3.37508e-14
2 -1.16351e-13
3 -4.63629e-13
28872 3
1 -2.13163e-14
2 -1.00364e-13
3 -4.49418e-13
28874 3
1 -2.13163e-14
2 -9.50351e-14
3 -4.54747e-13
28876 3
1 -2.13163e-14
2 -9.9476e-14
3 -4.47642e-13
28878 3
1 -3.73035e-14
2 -1.03917e-13
3 -4.68958e-13
28880 3
1 -2.84217e-14
2 -1.08358e-13
3 -4.67182e-13
28882 3
1 -1.77636e-14
2 -1.19016e-13
3 -4.40536e-13
28884 3
1 -1.42109e-14
2 -1.05693e-13
3 -4.56524e-13
28886 3
1 3.55271e-15
2 -1.08358e-13
3 -4.79616e-13
28888 3
1 -2.13163e-14
2 -5.59552e-14
3 -4.583e-13
28890 3
1 -1.42109e-14
2 -6.57252e-14
3 -4.7784e-13
28892 3
1 -3.01981e-14
2 -8.43769e-14
3 -4.86722e-13
28894 3
1 -1.24345e-14
2 -9.05942e-14
3 -4.70735e-13
28896 3
1 1.77636e-15
2 -9.14824e-14
3 -4.92051e-13
28898 3
1 -1.24345e-14
2 -8.61533e-14
3 -4.86722e-13
28900 3
1 -5.32907e-15
2 -8.88178e-14
3 -4.88498e-13
28902 3
1 8.88178e-15
2 -9.68114e-14
3 -4.90274e-13
28904 3
1 -7.10543e-15
2 -8.34888e-14
3 -4.99156e-13
28906 3
1 -8.88178e-15
2 -9.14824e-14
3 -4.88498e-13
28908 3
1 -1.77636e-15
2 -9.05942e-14
3 -4.65405e-13
28910 3
1 -8.88178e-15
2 -1.0747e-13
3 -5.04485e-13
28912 3
1 -1.95399e-14
2 -1.11022e-13
3 -4.84945e-13
28914 3
1 5.32907e-15
2 -8.43769e-14
3 -4.90274e-13
28916 3
1 -1.95399e-14
2 -8.43769e-14
3 -4.83169e-13
28918 3
1 -1.77636e-15
2 -8.17124e-14
3 -4.92051e-13
28920 3
1 8.88178e-15
2 -7.72715e-14
3 -4.83169e-13
28922 3
1 -1.77636e-15
2 -8.43769e-14
3 -4.67182e-13
28924 3
1 5.32907e-15
2 -8.79297e-14
3 -4.84945e-13
28926 3
1 1.06581e-14
2 -6.39488e-14
3 -4.93827e-13
28928 3
1 -3.55271e-15
2 -1.06581e-13
3 -4.93827e-13
28930 3
1 1.59872e-14
2 -6.92779e-14
3 -4.88498e-13
28932 3
1 8.88178e-15
2 -8.26006e-14
3 -5.11591e-13
28934 3
1 7.10543e-15
2 -8.79297e-14
3 -4.95604e-13
28936 3
1 2.13163e-14
2 -9.68114e-14
3 -4.74287e-13
28938 3
1 5.32907e-15
2 -8.26006e-14
3 -4.72511e-13
28940 3
1 1.95399e-14
2 -1.03917e-13
3 -4.54747e-13
28942 3
1 2.84217e-14
2 -1.00364e-13
3 -4.68958e-13
28944 3
1 2.13163e-14
2 -1.05693e-13
3 -4.70735e-13
28946 3
1 1.95399e-14
2 -1.23457e-13
3 -4.68958e-13
28948 3
1 1.06581e-14
2 -1.03029e-13
3 -4.7784e-13
28950 3
1 1.77636e-14
2 -7.81597e-14
3 -4.79616e-13
28952 3
1 2.4869e-14
2 -9.59233e-14
3 -4.86722e-13
28954 3
1 1.59872e-14
2 -9.85878e-14
3 -4.70735e-13
28956 3
1 -3.55271e-15
2 -9.23706e-14
3 -4.61853e-13
28958 3
1 3.55271e-15
2 -1.03029e-13
3 -4.7784e-13
28960 3
1 2.13163e-14
2 -9.32587e-14
3 -4.92051e-13
28962 3
1 2.84217e-14
2 -1.09246e-13
3 -4.54747e-13
28964 3
1 7.10543e-15
2 -9.76996e-14
3 -4.54747e-13
28966 3
1 1.77636e-14
2 -9.68114e-14
3 -4.68958e-13
28968 3
1 1.42109e-14
2 -1.01252e-13
3 -4.83169e-13
28970 3
1 1.06581e-14
2 -1.00364e-13
3 -4.86722e-13
28972 3
1 2.30926e-14
2 -9.41469e-14
3 -4.68958e-13
28974 3
1 1.59872e-14
2 -9.05942e-14
3 -4.60076e-13
28976 3
1 1.95399e-14
2 -8.70415e-14
3 -4.76064e-13
28978 3
1 7.10543e-15
2 -7.63833e-14
3 -4.76064e-13
28980 3
1 1.77636e-14
2 -8.34888e-14
3 -4.72511e-13
28982 3
1 1.42109e-14
2 -1.00364e-13
3 -4.61853e-13
28984 3
1 1.77636e-15
2 -6.92779e-14
3 -4.72511e-13
28986 3
1 1.24345e-14
2 -8.43769e-14
3 -4.70735e-13
28988 3
1 -5.32907e-15
2 -8.17124e-14
3 -4.49418e-13
28990 3
1 1.24345e-14
2 -1.08358e-13
3 -4.86722e-13
28992 3
1 3.55271e-15
2 -9.05942e-14
3 -4.72511e-13
28994 3
1 -8.88178e-15
2 -7.81597e-14
3 -4.68958e-13
28996 3
1 -5.32907e-15
2 -8.26006e-14
3 -4.47642e-13
28998 3
1 -3.55271e-15
2 -8.52651e-14
3 -4.67182e-13
29000 3
1 1.95399e-14
2 -9.41469e-14
3 -4.81393e-13
29002 3
1 0
2 -7.81597e-14
3 -4.84945e-13
29004 3
1 3.55271e-15
2 -8.79297e-14
3 -4.52971e-13
29006 3
1 1.77636e-14
2 -8.08242e-14
3 -4.44089e-13
29008 3
1 8.88178e-15
2 -8.88178e-14
3 -4.68958e-13
29010 3
1 8.88178e-15
2 -9.32587e-14
3 -4.83169e-13
29012 3
1 -1.77636e-15
2 -6.03961e-14
3 -4.70735e-13
29014 3
1 1.95399e-14
2 -8.52651e-14
3 -4.93827e-13
29016 3
1 -3.55271e-15
2 -8.61533e-14
3 -4.79616e-13
29018 3
1 -1.77636e-15
2 -1.49214e-13
3 -4.70735e-13
29020 3
1 1.42109e-14
2 -7.63833e-14
3 -4.65405e-13
29022 3
1 -1.06581e-14
2 -7.4607e-14
3 -4.583e-13
29024 3
1 -1.77636e-15
2 -9.76996e-14
3 -4.93827e-13
29026 3
1 -1.77636e-15
2 -1.07025e-13
3 -4.81393e-13
29028 3
1 7.10543e-15
2 -1.00808e-13
3 -4.95604e-13
29030 3
1 -3.55271e-15
2 -1.00364e-13
3 -4.79616e-13
29032 3
1 -8.88178e-15
2 -9.85878e-14
3 -4.9738e-13
29034 3
1 7.10543e-15
2 -1.05693e-13
3 -4.44089e-13
29036 3
1 -1.77636e-14
2 -9.32587e-14
3 -4.88498e-13
29038 3
1 -1.95399e-14
2 -7.28306e-14
3 -4.61853e-13
29040 3
1 -3.55271e-15
2 -1.14575e-13
3 -4.70735e-13
29042 3
1 0
2 -9.68114e-14
3 -4.81393e-13
29044 3
1 -2.4869e-14
2 -8.43769e-14
3 -4.76064e-13
29046 3
1 -3.55271e-15
2 -8.61533e-14
3 -4.9738e-13
29048 3
1 -1.59872e-14
2 -9.14824e-14
3 -4.79616e-13
29050 3
1 2.4869e-14
2 -9.14824e-14
3 -4.583e-13
29052 3
1 -7.10543e-15
2 -9.85878e-14
3 -4.51195e-13
29054 3
1 7.10543e-15
2 -9.50351e-14
3 -5.04485e-13
29056 3
1 -1.77636e-14
2 -9.59233e-14
3 -4.63629e-13
29058 3
1 7.10543e-15
2 -9.41469e-14
3 -4.63629e-13
29060 3
1 -1.59872e-14
2 -9.9476e-14
3 -4.56524e-13
29062 3
1 0
2 -9.05942e-14
3 -4.65405e-13
29064 3
1 -1.06581e-14
2 -8.70415e-14
3 -4.79616e-13
29066 3
1 -1.24345e-14
2 -1.07914e-13
3 -4.76064e-13
29068 3
1 -7.10543e-15
2 -1.13243e-13
3 -4.81393e-13
29070 3
1 -1.77636e-15
2 -7.4607e-14
3 -4.81393e-13
29072 3
1 -2.13163e-14
2 -9.76996e-14
3 -4.86722e-13
29074 3
1 -1.24345e-14
2 -1.16795e-13
3 -4.88498e-13
29076 3
1 3.55271e-15
2 -8.4821e-14
3 -4.79616e-13
29078 3
1 -3.55271e-15
2 -6.12843e-14
3 -4.67182e-13
29080 3
1 -1.06581e-14
2 -9.23706e-14
3 -4.70735e-13
29082 3
1 1.77636e-15
2 -9.50351e-14
3 -4.99156e-13
29084 3
1 1.77636e-15
2 -8.88178e-14
3 -4.72511e-13
29086 3
1 -1.77636e-15
2 -9.32587e-14
3 -4.74287e-13
29088 3
1 5.32907e-15
2 -9.59233e-14
3 -4.83169e-13
29090 3
1 3.55271e-15
2 -9.05942e-14
3 -4.81393e-13
29092 3
1 -1.77636e-15
2 -9.50351e-14
3 -4.9738e-13
29094 3
1 -1.06581e-14
2 -9.23706e-14
3 -4.76064e-13
29096 3
1 7.10543e-15
2 -9.59233e-14
3 -5.09814e-13
29098 3
1 -8.88178e-15
2 -8.52651e-14
3 -4.99156e-13
29100 3
1 8.88178e-15
2 -1.04805e-13
3 -4.86722e-13
29102 3
1 -1.24345e-14
2 -7.99361e-14
3 -4.67182e-13
29104 3
1 -1.06581e-14
2 -8.9706e-14
3 -4.74287e-13
29106 3
1 3.55271e-15
2 -9.41469e-14
3 -4.95604e-13
29108 3
1 7.10543e-15
2 -1.04805e-13
3 -4.70735e-13
29110 3
1 -1.24345e-14
2 -9.68114e-14
3 -4.60076e-13
29112 3
1 -1.59872e-14
2 -6.57252e-14
3 -4.52971e-13
29114 3
1 -5.32907e-15
2 -1.00364e-13
3 -4.76064e-13
29116 3
1 -5.32907e-15
2 -7.90479e-14
3 -4.84945e-13
29118 3
1 -2.13163e-14
2 -8.08242e-14
3 -5.00933e-13
29120 3
1 8.88178e-15
2 -8.17124e-14
3 -4.92051e-13
29122 3
1 -3.55271e-15
2 -8.17124e-14
3 -4.86722e-13
29124 3
1 -1.42109e-14
2 -8.79297e-14
3 -4.95604e-13
29126 3
1 -1.77636e-14
2 -7.10543e-14
3 -4.74287e-13
29128 3
1 -2.66454e-14
2 -9.23706e-14
3 -4.56524e-13
29130 3
1 5.32907e-15
2 -8.70415e-14
3 -4.72511e-13
29132 3
1 -1.77636e-14
2 -1.3145e-13
3 -4.88498e-13
29134 3
1 -3.01981e-14
2 -9.85878e-14
3 -5.00933e-13
29136 3
1 -3.90799e-14
2 -1.03917e-13
3 -5.08038e-13
29138 3
1 -1.42109e-14
2 -1.27454e-13
3 -4.70735e-13
29140 3
1 -4.79616e-14
2 -9.14824e-14
3 -4.83169e-13
29142 3
1 -3.55271e-15
2 -9.85878e-14
3 -4.44089e-13
29144 3
1 -3.37508e-14
2 -9.41469e-14
3 -4.81393e-13
29146 3
1 -3.55271e-15
2 -7.90479e-14
3 -4.95604e-13
29148 3
1 -1.59872e-14
2 -9.14824e-14
3 -4.63629e-13
29150 3
1 -1.24345e-14
2 -7.90479e-14
3 -4.60076e-13
29152 3
1 -1.77636e-14
2 -9.50351e-14
3 -4.67182e-13
29154 3
1 -1.77636e-14
2 -1.11022e-13
3 -4.7784e-13
29156 3
1 -2.13163e-14
2 -1.03917e-13
3 -4.61853e-13
29158 3
1 -8.88178e-15
2 -8.79297e-14
3 -4.86722e-13
29160 3
1 -1.77636e-14
2 -1.09246e-13
3 -5.18696e-13
29162 3
1 -7.10543e-15
2 -9.54792e-14
3 -4.60076e-13
29164 3
1 -2.13163e-14
2 -7.86038e-14
3 -4.583e-13
29166 3
1 -2.13163e-14
2 -1.10578e-13
3 -4.79616e-13
29168 3
1 -1.77636e-14
2 -6.57252e-14
3 -4.67182e-13
29170 3
1 -2.4869e-14
2 -1.01252e-13
3 -4.70735e-13
29172 3
1 -2.13163e-14
2 -9.41469e-14
3 -4.65405e-13
29174 3
1 -1.77636e-14
2 -9.59233e-14
3 -4.583e-13
29176 3
1 -2.66454e-14
2 -1.09246e-13
3 -4.47642e-13
29178 3
1 -2.13163e-14
2 -9.54792e-14
3 -4.54747e-13
29180 3
1 -3.19744e-14
2 -6.92779e-14
3 -4.3876e-13
29182 3
1 -2.30926e-14
2 -8.30447e-14
3 -4.68958e-13
29184 3
1 -1.06581e-14
2 -9.59233e-14
3 -4.81393e-13
29186 3
1 1.24345e-14
2 -7.37188e-14
3 -4.76064e-13
29188 3
1 -8.88178e-15
2 -9.68114e-14
3 -4.67182e-13
29190 3
1 -1.77636e-14
2 -6.92779e-14
3 -4.65405e-13
29192 3
1 -3.55271e-15
2 -9.05942e-14
3 -4.63629e-13
29194 3
1 -3.55271e-15
2 -1.09246e-13
3 -4.51195e-13
29196 3
1 -8.88178e-15
2 -9.10383e-14
3 -4.76064e-13
29198 3
1 -1.77636e-14
2 -1.12799e-13
3 -4.86722e-13
29200 3
1 -3.55271e-15
2 -1.08358e-13
3 -4.68958e-13
29202 3
1 3.55271e-15
2 -9.14824e-14
3 -4.583e-13
29204 3
1 -1.77636e-15
2 -1.01252e-13
3 -4.31655e-13
29206 3
1 -7.10543e-15
2 -1.03917e-13
3 -4.70735e-13
29208 3
1 3.55271e-15
2 -1.14575e-13
3 -4.68958e-13
29210 3
1 -1.06581e-14
2 -9.81437e-14
3 -4.40536e-13
29212 3
1 7.10543e-15
2 -8.4821e-14
3 -4.51195e-13
29214 3
1 -1.24345e-14
2 -1.12355e-13
3 -4.52971e-13
29216 3
1 0
2 -9.99201e-14
3 -4.26326e-13
29218 3
1 -8.88178e-15
2 -1.15019e-13
3 -4.61853e-13
29220 3
1 0
2 -9.68114e-14
3 -4.29878e-13
29222 3
1 -1.77636e-15
2 -1.16351e-13
3 -4.44089e-13
29224 3
1 -8.88178e-15
2 -8.83738e-14
3 -4.83169e-13
29226 3
1 7.10543e-15
2 -7.86038e-14
3 -4.40536e-13
29228 3
1 -3.55271e-15
2 -9.4591e-14
3 -4.63629e-13
29230 3
1 -1.77636e-14
2 -9.37028e-14
3 -4.84945e-13
29232 3
1 -3.55271e-15
2 -9.50351e-14
3 -4.92051e-13
29234 3
1 -8.88178e-15
2 -9.01501e-14
3 -4.68958e-13
29236 3
1 -1.06581e-14
2 -1.07025e-13
3 -4.52971e-13
29238 3
1 -7.10543e-15
2 -1.00364e-13
3 -4.86722e-13
29240 3
1 5.32907e-15
2 -7.37188e-14
3 -4.7784e-13
29242 3
1 5.32907e-15
2 -8.39329e-14
3 -4.63629e-13
29244 3
1 -5.32907e-15
2 -9.59233e-14
3 -4.70735e-13
29246 3
1 1.42109e-14
2 -1.01252e-13
3 -4.79616e-13
29248 3
1 2.13163e-14
2 -9.37028e-14
3 -4.54747e-13
29250 3
1 3.01981e-14
2 -8.57092e-14
3 -4.45866e-13
29252 3
1 8.88178e-15
2 -6.52811e-14
3 -4.79616e-13
29254 3
1 1.95399e-14
2 -8.26006e-14
3 -4.49418e-13
29256 3
1 1.77636e-14
2 -8.52651e-14
3 -4.83169e-13
29258 3
1 2.84217e-14
2 -9.37028e-14
3 -4.86722e-13
29260 3
1 1.06581e-14
2 -8.52651e-14
3 -4.56524e-13
29262 3
1 1.24345e-14
2 -7.90479e-14
3 -4.76064e-13
29264 3
1 7.10543e-15
2 -1.19904e-13
3 -4.90274e-13
29266 3
1 1.24345e-14
2 -9.76996e-14
3 -4.79616e-13
29268 3
1 1.06581e-14
2 -9.05942e-14
3 -4.79616e-13
29270 3
1 1.77636e-14
2 -1.04805e-13
3 -4.79616e-13
29272 3
1 1.95399e-14
2 -8.17124e-14
3 -4.88498e-13
29274 3
1 3.55271e-15
2 -7.72715e-14
3 -4.88498e-13
29276 3
1 -3.55271e-15
2 -1.11022e-13
3 -4.83169e-13
29278 3
1 2.84217e-14
2 -1.25233e-13
3 -4.7784e-13
29280 3
1 1.77636e-14
2 -7.81597e-14
3 -4.63629e-13
29282 3
1 -3.55271e-15
2 -1.19016e-13
3 -4.9738e-13
29284 3
1 1.24345e-14
2 -1.1191e-13
3 -4.7784e-13
29286 3
1 7.10543e-15
2 -1.00364e-13
3 -4.88498e-13
29288 3
1 1.77636e-14
2 -1.14575e-13
3 -4.65405e-13
29290 3
1 1.24345e-14
2 -1.00364e-13
3 -4.54747e-13
29292 3
1 7.10543e-15
2 -1.09246e-13
3 -4.68958e-13
29294 3
1 1.77636e-15
2 -8.9706e-14
3 -4.61853e-13
29296 3
1 -3.55271e-15
2 -9.05942e-14
3 -4.70735e-13
29298 3
1 -3.55271e-15
2 -9.9476e-14
3 -4.83169e-13
29300 3
1 -5.32907e-15
2 -9.23706e-14
3 -4.88498e-13
29302 3
1 1.42109e-14
2 -9.9476e-14
3 -4.81393e-13
29304 3
1 -1.06581e-14
2 -1.19016e-13
3 -4.70735e-13
29306 3
1 -2.4869e-14
2 -1.03917e-13
3 -4.7784e-13
29308 3
1 -1.24345e-14
2 -1.1191e-13
3 -4.95604e-13
29310 3
1 3.37508e-14
2 -9.76996e-14
3 -4.76064e-13
29312 3
1 1.24345e-14
2 -9.59233e-14
3 -4.76064e-13
29314 3
1 3.55271e-15
2 -1.10134e-13
3 -4.67182e-13
29316 3
1 2.84217e-14
2 -1.35003e-13
3 -4.79616e-13
29318 3
1 5.32907e-15
2 -9.05942e-14
3 -4.54747e-13
29320 3
1 -5.32907e-15
2 -1.11022e-13
3 -4.76064e-13
29322 3
1 7.10543e-15
2 -1.18128e-13
3 -4.72511e-13
29324 3
1 1.06581e-14
2 -8.61533e-14
3 -4.65405e-13
29326 3
1 2.84217e-14
2 -8.9706e-14
3 -4.90274e-13
29328 3
1 2.84217e-14
2 -9.14824e-14
3 -4.81393e-13
29330 3
1 1.06581e-14
2 -8.52651e-14
3 -4.61853e-13
29332 3
1 1.06581e-14
2 -9.41469e-14
3 -4.86722e-13
29334 3
1 2.66454e-14
2 -1.04805e-13
3 -4.84945e-13
29336 3
1 3.37508e-14
2 -1.09246e-13
3 -4.86722e-13
29338 3
1 1.77636e-14
2 -9.14824e-14
3 -4.84945e-13
29340 3
1 3.55271e-15
2 -7.63833e-14
3 -4.61853e-13
29342 3
1 1.77636e-14
2 -1.12799e-13
3 -4.84945e-13
29344 3
1 0
2 -1.03917e-13
3 -4.9738e-13
29346 3
1 1.59872e-14
2 -1.15463e-13
3 -4.56524e-13
29348 3
1 1.95399e-14
2 -9.32587e-14
3 -4.583e-13
29350 3
1 1.59872e-14
2 -8.70415e-14
3 -4.68958e-13
29352 3
1 5.32907e-15
2 -8.26006e-14
3 -4.88498e-13
29354 3
1 -3.55271e-15
2 -1.13687e-13
3 -4.56524e-13
29356 3
1 7.10543e-15
2 -9.76996e-14
3 -4.72511e-13
29358 3
1 1.77636e-15
2 -1.04805e-13
3 -4.76064e-13
29360 3
1 1.95399e-14
2 -1.09246e-13
3 -4.83169e-13
29362 3
1 0
2 -1.03917e-13
3 -4.68958e-13
29364 3
1 1.42109e-14
2 -9.85878e-14
3 -4.61853e-13
29366 3
1 2.13163e-14
2 -9.59233e-14
3 -4.86722e-13
29368 3
1 3.90799e-14
2 -9.9476e-14
3 -4.83169e-13
29370 3
1 2.30926e-14
2 -1.35003e-13
3 -4.93827e-13
29372 3
1 1.06581e-14
2 -9.59233e-14
3 -5.08038e-13
29374 3
1 1.06581e-14
2 -9.41469e-14
3 -5.06262e-13
29376 3
1 1.42109e-14
2 -9.05942e-14
3 -4.9738e-13
29378 3
1 1.77636e-14
2 -8.61533e-14
3 -5.11591e-13
29380 3
1 1.06581e-14
2 -9.59233e-14
3 -4.76064e-13
29382 3
1 2.30926e-14
2 -1.12799e-13
3 -4.76064e-13
29384 3
1 3.37508e-14
2 -8.61533e-14
3 -4.60076e-13
29386 3
1 2.30926e-14
2 -9.85878e-14
3 -4.7784e-13
29388 3
1 8.88178e-15
2 -9.23706e-14
3 -4.67182e-13
29390 3
1 1.24345e-14
2 -1.11022e-13
3 -4.54747e-13
29392 3
1 7.10543e-15
2 -1.02141e-13
3 -4.79616e-13
29394 3
1 7.10543e-15
2 -8.34888e-14
3 -4.52971e-13
29396 3
1 -5.32907e-15
2 -9.50351e-14
3 -4.72511e-13
29398 3
1 5.32907e-15
2 -1.04805e-13
3 -4.95604e-13
29400 3
1 7.10543e-15
2 -1.09246e-13
3 -4.70735e-13
29402 3
1 8.88178e-15
2 -8.9706e-14
3 -5.04485e-13
29404 3
1 3.01981e-14
2 -8.61533e-14
3 -4.65405e-13
29406 3
1 1.24345e-14
2 -8.17124e-14
3 -4.9738e-13
29408 3
1 1.42109e-14
2 -8.17124e-14
3 -4.72511e-13
29410 3
1 1.59872e-14
2 -1.00364e-13
3 -4.7784e-13
29412 3
1 1.77636e-15
2 -7.99361e-14
3 -4.88498e-13
29414 3
1 5.32907e-15
2 -9.23706e-14
3 -4.72511e-13
29416 3
1 1.77636e-15
2 -1.08358e-13
3 -4.86722e-13
29418 3
1 -3.55271e-15
2 -9.59233e-14
3 -4.76064e-13
29420 3
1 2.4869e-14
2 -6.21725e-14
3 -4.86722e-13
29422 3
1 1.42109e-14
2 -8.88178e-14
3 -4.81393e-13
29424 3
1 7.10543e-15
2 -9.41469e-14
3 -4.93827e-13
29426 3
1 1.77636e-14
2 -1.01252e-13
3 -4.74287e-13
29428 3
1 1.95399e-14
2 -1.02141e-13
3 -4.70735e-13
29430 3
1 1.06581e-14
2 -9.50351e-14
3 -5.09814e-13
29432 3
1 3.55271e-15
2 -7.28306e-14
3 -5.04485e-13
29434 3
1 5.32907e-15
2 -1.0747e-13
3 -4.79616e-13
29436 3
1 5.32907e-15
2 -9.41469e-14
3 -4.95604e-13
29438 3
1 3.55271e-15
2 -9.32587e-14
3 -4.76064e-13
29440 3
1 -5.32907e-15
2 -1.05693e-13
3 -4.9738e-13
29442 3
1 1.06581e-14
2 -8.79297e-14
3 -4.72511e-13
29444 3
1 1.42109e-14
2 -1.0747e-13
3 -4.7784e-13
29446 3
1 1.24345e-14
2 -6.83897e-14
3 -5.04485e-13
29448 3
1 5.32907e-15
2 -1.08358e-13
3 -4.92051e-13
29450 3
1 7.10543e-15
2 -9.32587e-14
3 -5.22249e-13
29452 3
1 5.32907e-15
2 -9.9476e-14
3 -4.81393e-13
29454 3
1 0
2 -8.08242e-14
3 -4.99156e-13
29456 3
1 0
2 -9.32587e-14
3 -5.27578e-13
29458 3
1 -8.88178e-15
2 -6.39488e-14
3 -4.84945e-13
29460 3
1 7.10543e-15
2 -7.37188e-14
3 -5.00933e-13
29462 3
1 1.77636e-14
2 -1.15463e-13
3 -5.02709e-13
29464 3
1 1.59872e-14
2 -6.57252e-14
3 -4.72511e-13
29466 3
1 5.32907e-15
2 -8.88178e-14
3 -4.95604e-13
29468 3
1 3.55271e-15
2 -8.26006e-14
3 -5.13367e-13
29470 3
1 1.24345e-14
2 -8.43769e-14
3 -4.99156e-13
29472 3
1 0
2 -6.92779e-14
3 -5.24025e-13
29474 3
1 1.77636e-15
2 -8.88178e-14
3 -5.00933e-13
29476 3
1 3.19744e-14
2 -1.08358e-13
3 -4.99156e-13
29478 3
1 2.30926e-14
2 -9.68114e-14
3 -5.06262e-13
29480 3
1 2.4869e-14
2 -8.88178e-14
3 -4.90274e-13
29482 3
1 1.77636e-14
2 -1.03029e-13
3 -4.76064e-13
29484 3
1 2.30926e-14
2 -8.43769e-14
3 -4.83169e-13
29486 3
1 3.55271e-15
2 -1.29674e-13
3 -5.02709e-13
29488 3
1 8.88178e-15
2 -1.14575e-13
3 -4.99156e-13
29490 3
1 2.66454e-14
2 -1.10134e-13
3 -5.00933e-13
29492 3
1 2.30926e-14
2 -9.76996e-14
3 -4.99156e-13
29494 3
1 8.88178e-15
2 -1.14575e-13
3 -5.1692e-13
29496 3
1 1.95399e-14
2 -9.9476e-14
3 -5.08038e-13
29498 3
1 -1.06581e-14
2 -1.16351e-13
3 -4.92051e-13
29500 3
1 1.59872e-14
2 -1.05693e-13
3 -4.90274e-13
29502 3
1 -7.10543e-15
2 -8.9706e-14
3 -4.81393e-13
29504 3
1 1.95399e-14
2 -1.11022e-13
3 -4.7784e-13
29506 3
1 8.88178e-15
2 -1.00364e-13
3 -5.00933e-13
29508 3
1 1.42109e-14
2 -1.22569e-13
3 -4.95604e-13
29510 3
1 1.24345e-14
2 -9.23706e-14
3 -4.79616e-13
29512 3
1 1.59872e-14
2 -1.01252e-13
3 -4.90274e-13
29514 3
1 2.30926e-14
2 -1.09246e-13
3 -5.04485e-13
29516 3
1 1.24345e-14
2 -1.25233e-13
3 -5.08038e-13
29518 3
1 -1.77636e-15
2 -1.16351e-13
3 -4.99156e-13
29520 3
1 1.24345e-14
2 -1.05693e-13
3 -5.00933e-13
29522 3
1 3.19744e-14
2 -1.12799e-13
3 -4.95604e-13
29524 3
1 -1.77636e-15
2 -1.04805e-13
3 -5.04485e-13
29526 3
1 3.19744e-14
2 -1.2168e-13
3 -4.99156e-13
29528 3
1 3.55271e-15
2 -1.19016e-13
3 -5.27578e-13
29530 3
1 2.30926e-14
2 -1.20792e-13
3 -4.86722e-13
29532 3
1 -5.32907e-15
2 -1.2168e-13
3 -5.06262e-13
29534 3
1 -7.10543e-15
2 -1.26121e-13
3 -5.00933e-13
29536 3
1 5.32907e-15
2 -1.09246e-13
3 -4.93827e-13
29538 3
1 -1.42109e-14
2 -9.50351e-14
3 -4.88498e-13
29540 3
1 3.55271e-15
2 -8.70415e-14
3 -5.02709e-13
29542 3
1 1.95399e-14
2 -1.0747e-13
3 -4.9738e-13
29544 3
1 7.10543e-15
2 -1.12799e-13
3 -4.76064e-13
29546 3
1 1.42109e-14
2 -1.15463e-13
3 -4.74287e-13
29548 3
1 5.32907e-15
2 -9.85878e-14
3 -4.9738e-13
29550 3
1 1.95399e-14
2 -1.15463e-13
3 -4.65405e-13
29552 3
1 8.88178e-15
2 -9.50351e-14
3 -4.68958e-13
29554 3
1 7.10543e-15
2 -9.9476e-14
3 -4.72511e-13
29556 3
1 -3.55271e-15
2 -1.03029e-13
3 -4.86722e-13
29558 3
1 1.59872e-14
2 -1.18128e-13
3 -4.7784e-13
29560 3
1 1.77636e-15
2 -1.13687e-13
3 -4.51195e-13
29562 3
1 2.66454e-14
2 -1.1191e-13
3 -4.61853e-13
29564 3
1 2.30926e-14
2 -9.59233e-14
3 -4.76064e-13
29566 3
1 1.06581e-14
2 -1.08358e-13
3 -4.51195e-13
29568 3
1 1.77636e-15
2 -1.04805e-13
3 -4.76064e-13
29570 3
1 1.24345e-14
2 -9.50351e-14
3 -4.76064e-13
29572 3
1 1.06581e-14
2 -1.09246e-13
3 -4.61853e-13
29574 3
1 1.24345e-14
2 -9.85878e-14
3 -4.79616e-13
29576 3
1 -1.77636e-15
2 -7.28306e-14
3 -4.86722e-13
29578 3
1 7.10543e-15
2 -7.4607e-14
3 -4.60076e-13
29580 3
1 1.42109e-14
2 -1.00364e-13
3 -4.76064e-13
29582 3
1 8.88178e-15
2 -8.79297e-14
3 -4.72511e-13
29584 3
1 1.42109e-14
2 -9.05942e-14
3 -4.72511e-13
29586 3
1 5.32907e-15
2 -9.23706e-14
3 -4.84945e-13
29588 3
1 -8.88178e-15
2 -9.68114e-14
3 -4.67182e-13
29590 3
1 -1.77636e-15
2 -1.18128e-13
3 -4.70735e-13
29592 3
1 -2.4869e-14
2 -1.0747e-13
3 -4.583e-13
29594 3
1 8.88178e-15
2 -1.15463e-13
3 -4.583e-13
29596 3
1 1.24345e-14
2 -9.32587e-14
3 -4.65405e-13
29598 3
1 -1.24345e-14
2 -1.05693e-13
3 -4.61853e-13
29600 3
1 3.55271e-14
2 -9.23706e-14
3 -4.65405e-13
29602 3
1 5.32907e-15
2 -9.68114e-14
3 -4.65405e-13
29604 3
1 8.88178e-15
2 -1.00364e-13
3 -4.583e-13
29606 3
1 1.06581e-14
2 -1.10134e-13
3 -4.33431e-13
29608 3
1 7.10543e-15
2 -1.26121e-13
3 -4.65405e-13
29610 3
1 1.77636e-14
2 -1.02141e-13
3 -4.45866e-13
29612 3
1 1.06581e-14
2 -1.18128e-13
3 -4.67182e-13
29614 3
1 2.4869e-14
2 -1.03029e-13
3 -4.81393e-13
29616 3
1 2.66454e-14
2 -1.26121e-13
3 -5.08038e-13
29618 3
1 1.42109e-14
2 -1.06581e-13
3 -4.81393e-13
29620 3
1 1.06581e-14
2 -1.28786e-13
3 -4.81393e-13
29622 3
1 8.88178e-15
2 -1.01252e-13
3 -5.15143e-13
29624 3
1 1.77636e-14
2 -1.1724e-13
3 -4.84945e-13
29626 3
1 3.37508e-14
2 -9.9476e-14
3 -4.92051e-13
29628 3
1 7.10543e-15
2 -9.9476e-14
3 -4.9738e-13
29630 3
1 2.13163e-14
2 -9.68114e-14
3 -4.81393e-13
29632 3
1 2.66454e-14
2 -8.17124e-14
3 -4.81393e-13
29634 3
1 8.88178e-15
2 -9.05942e-14
3 -4.67182e-13
29636 3
1 1.06581e-14
2 -1.10134e-13
3 -4.88498e-13
29638 3
1 1.06581e-14
2 -1.12799e-13
3 -4.92051e-13
29640 3
1 2.66454e-14
2 -1.09246e-13
3 -4.90274e-13
29642 3
1 1.24345e-14
2 -1.34115e-13
3 -4.52971e-13
29644 3
1 1.95399e-14
2 -1.23457e-13
3 -4.54747e-13
29646 3
1 1.42109e-14
2 -1.2168e-13
3 -4.583e-13
29648 3
1 3.37508e-14
2 -1.22569e-13
3 -4.61853e-13
29650 3
1 3.55271e-14
2 -1.23457e-13
3 -4.76064e-13
29652 3
1 2.13163e-14
2 -1.06581e-13
3 -4.65405e-13
29654 3
1 3.73035e-14
2 -1.18128e-13
3 -4.70735e-13
29656 3
1 3.19744e-14
2 -1.1724e-13
3 -4.68958e-13
29658 3
1 4.61853e-14
2 -1.10134e-13
3 -4.83169e-13
29660 3
1 3.37508e-14
2 -1.03029e-13
3 -4.51195e-13
29662 3
1 2.30926e-14
2 -1.04805e-13
3 -4.42313e-13
29664 3
1 4.08562e-14
2 -1.28786e-13
3 -4.72511e-13
29666 3
1 3.37508e-14
2 -8.08242e-14
3 -4.35207e-13
29668 3
1 5.15143e-14
2 -1.06581e-13
3 -4.83169e-13
29670 3
1 4.79616e-14
2 -8.70415e-14
3 -4.68958e-13
29672 3
1 5.86198e-14
2 -1.1191e-13
3 -4.61853e-13
29674 3
1 3.01981e-14
2 -1.12799e-13
3 -4.51195e-13
29676 3
1 3.55271e-14
2 -9.32587e-14
3 -4.63629e-13
29678 3
1 4.26326e-14
2 -9.23706e-14
3 -4.583e-13
29680 3
1 5.50671e-14
2 -9.50351e-14
3 -4.7784e-13
29682 3
1 2.4869e-14
2 -1.02141e-13
3 -4.72511e-13
29684 3
1 2.84217e-14
2 -1.0747e-13
3 -4.86722e-13
29686 3
1 3.37508e-14
2 -1.10134e-13
3 -4.33431e-13
29688 3
1 3.90799e-14
2 -1.1191e-13
3 -4.60076e-13
29690 3
1 1.77636e-14
2 -1.03029e-13
3 -4.72511e-13
29692 3
1 2.66454e-14
2 -1.00364e-13
3 -4.83169e-13
29694 3
1 5.50671e-14
2 -8.52651e-14
3 -4.9738e-13
29696 3
1 3.37508e-14
2 -8.17124e-14
3 -4.76064e-13
29698 3
1 4.08562e-14
2 -8.88178e-14
3 -4.81393e-13
29700 3
1 3.01981e-14
2 -9.23706e-14
3 -4.76064e-13
29702 3
1 3.90799e-14
2 -9.05942e-14
3 -4.95604e-13
29704 3
1 5.32907e-14
2 -1.06581e-13
3 -4.7784e-13
29706 3
1 2.84217e-14
2 -1.23457e-13
3 -4.84945e-13
29708 3
1 3.37508e-14
2 -1.23457e-13
3 -4.92051e-13
29710 3
1 1.59872e-14
2 -8.52651e-14
3 -4.68958e-13
29712 3
1 1.59872e-14
2 -1.06581e-13
3 -4.93827e-13
29714 3
1 3.37508e-14
2 -8.79297e-14
3 -4.84945e-13
29716 3
1 4.44089e-14
2 -1.19904e-13
3 -4.7784e-13
29718 3
1 3.01981e-14
2 -1.03917e-13
3 -4.54747e-13
29720 3
1 1.95399e-14
2 -1.03029e-13
3 -4.88498e-13
29722 3
1 2.84217e-14
2 -1.18128e-13
3 -4.81393e-13
29724 3
1 3.37508e-14
2 -9.05942e-14
3 -4.99156e-13
29726 3
1 2.13163e-14
2 -9.41469e-14
3 -4.75175e-13
29728 3
1 2.13163e-14
2 -1.06581e-13
3 -4.74287e-13
29730 3
1 1.24345e-14
2 -7.4607e-14
3 -4.60076e-13
29732 3
1 3.01981e-14
2 -9.05942e-14
3 -4.70735e-13
29734 3
1 1.95399e-14
2 -1.03029e-13
3 -4.7784e-13
29736 3
1 1.42109e-14
2 -1.27898e-13
3 -4.40536e-13
29738 3
1 2.66454e-14
2 -1.13687e-13
3 -4.60965e-13
29740 3
1 1.77636e-14
2 -1.1191e-13
3 -4.81393e-13
29742 3
1 7.10543e-15
2 -8.26006e-14
3 -4.90274e-13
29744 3
1 1.06581e-14
2 -6.83897e-14
3 -5.19584e-13
29746 3
1 1.06581e-14
2 -9.32587e-14
3 -4.74287e-13
29748 3
1 2.13163e-14
2 -5.9508e-14
3 -4.71623e-13
29750 3
1 7.10543e-15
2 -9.68114e-14
3 -4.91163e-13
29752 3
1 1.59872e-14
2 -8.88178e-14
3 -4.79616e-13
29754 3
1 5.32907e-15
2 -1.11022e-13
3 -4.8761e-13
29756 3
1 2.13163e-14
2 -7.90479e-14
3 -4.98268e-13
29758 3
1 1.06581e-14
2 -8.61533e-14
3 -4.95604e-13
29760 3
1 5.32907e-15
2 -1.05693e-13
3 -4.8761e-13
29762 3
1 0
2 -9.23706e-14
3 -4.98268e-13
29764 3
1 1.77636e-15
2 -7.90479e-14
3 -4.86722e-13
29766 3
1 1.24345e-14
2 -1.14575e-13
3 -4.92051e-13
29768 3
1 1.06581e-14
2 -1.05693e-13
3 -5.34683e-13
29770 3
1 2.66454e-14
2 -9.9476e-14
3 -4.99156e-13
29772 3
1 0
2 -8.79297e-14
3 -4.92939e-13
29774 3
1 1.77636e-15
2 -1.19016e-13
3 -5.2669e-13
29776 3
1 1.95399e-14
2 -1.29674e-13
3 -5.00933e-13
29778 3
1 3.55271e-15
2 -1.06581e-13
3 -4.88498e-13
29780 3
1 3.55271e-15
2 -9.76996e-14
3 -4.89386e-13
29782 3
1 -7.10543e-15
2 -1.00364e-13
3 -5.09814e-13
29784 3
1 -2.04281e-14
2 -8.88178e-14
3 -4.93827e-13
29786 3
1 2.66454e-15
2 -1.33227e-13
3 -4.9738e-13
29788 3
1 9.76996e-15
2 -9.59233e-14
3 -5.04485e-13
29790 3
1 3.55271e-15
2 -9.85878e-14
3 -5.18696e-13
29792 3
1 3.55271e-15
2 -1.14575e-13
3 -4.93827e-13
29794 3
1 4.44089e-15
2 -1.19016e-13
3 -4.95604e-13
29796 3
1 1.77636e-15
2 -1.20792e-13
3 -5.02709e-13
29798 3
1 -2.13163e-14
2 -1.05693e-13
3 -5.11591e-13
29800 3
1 7.99361e-15
2 -1.02141e-13
3 -5.09814e-13
29802 3
1 -3.55271e-15
2 -7.54952e-14
3 -4.88498e-13
29804 3
1 -1.15463e-14
2 -1.02141e-13
3 -5.09814e-13
29806 3
1 -2.84217e-14
2 -6.92779e-14
3 -5.13367e-13
29808 3
1 -6.21725e-15
2 -9.50351e-14
3 -4.84945e-13
29810 3
1 -1.06581e-14
2 -1.18128e-13
3 -5.09814e-13
29812 3
1 2.30926e-14
2 -9.14824e-14
3 -4.92051e-13
29814 3
1 1.42109e-14
2 -9.14824e-14
3 -5.13367e-13
29816 3
1 1.86517e-14
2 -9.41469e-14
3 -5.18696e-13
29818 3
1 1.77636e-15
2 -7.99361e-14
3 -4.90274e-13
29820 3
1 7.10543e-15
2 -1.04805e-13
3 -5.08038e-13
29822 3
1 -1.24345e-14
2 -9.50351e-14
3 -5.06262e-13
29824 3
1 2.66454e-15
2 -1.0747e-13
3 -5.15143e-13
29826 3
1 -5.32907e-15
2 -1.01252e-13
3 -4.93827e-13
29828 3
1 3.55271e-15
2 -9.14824e-14
3 -5.11591e-13
29830 3
1 8.88178e-15
2 -8.70415e-14
3 -5.00933e-13
29832 3
1 -7.10543e-15
2 -8.88178e-14
3 -5.00933e-13
29834 3
1 -7.99361e-15
2 -1.08358e-13
3 -5.20473e-13
29836 3
1 -8.88178e-16
2 -1.05693e-13
3 -5.08038e-13
29838 3
1 -3.55271e-15
2 -1.00364e-13
3 -4.93827e-13
29840 3
1 -1.06581e-14
2 -1.01252e-13
3 -4.81393e-13
29842 3
1 -8.88178e-16
2 -9.50351e-14
3 -5.11591e-13
29844 3
1 -1.77636e-15
2 -8.26006e-14
3 -5.06262e-13
29846 3
1 -1.33227e-14
2 -6.66134e-14
3 -5.00933e-13
29848 3
1 -1.24345e-14
2 -7.37188e-14
3 -5.04485e-13
29850 3
1 -5.32907e-15
2 -8.34888e-14
3 -4.68958e-13
29852 3
1 8.88178e-16
2 -6.35048e-14
3 -4.86722e-13
29854 3
1 5.32907e-15
2 -7.28306e-14
3 -4.72511e-13
29856 3
1 1.5099e-14
2 -6.39488e-14
3 -5.04485e-13
29858 3
1 -3.55271e-15
2 -7.37188e-14
3 -4.83169e-13
29860 3
1 -9.76996e-15
2 -9.9476e-14
3 -4.86722e-13
29862 3
1 -1.77636e-14
2 -7.37188e-14
3 -4.79616e-13
29864 3
1 -8.88178e-15
2 -6.9722e-14
3 -4.95604e-13
29866 3
1 1.77636e-15
2 -8.17124e-14
3 -4.99156e-13
29868 3
1 8.88178e-15
2 -7.01661e-14
3 -4.99156e-13
29870 3
1 -1.59872e-14
2 -6.83897e-14
3 -4.7784e-13
29872 3
1 -1.06581e-14
2 -8.26006e-14
3 -5.15143e-13
29874 3
1 -1.06581e-14
2 -7.41629e-14
3 -5.02709e-13
29876 3
1 3.55271e-15
2 -5.9952e-14
3 -4.86722e-13
29878 3
1 1.15463e-14
2 -7.86038e-14
3 -4.9738e-13
29880 3
1 3.55271e-15
2 -7.28306e-14
3 -4.95604e-13
29882 3
1 6.21725e-15
2 -7.10543e-14
3 -4.9738e-13
29884 3
1 -2.84217e-14
2 -6.4837e-14
3 -4.68958e-13
29886 3
1 3.55271e-15
2 -8.65974e-14
3 -5.08038e-13
29888 3
1 -8.88178e-15
2 -8.74856e-14
3 -5.04485e-13
29890 3
1 -2.93099e-14
2 -9.68114e-14
3 -4.74287e-13
29892 3
1 -7.10543e-15
2 -8.30447e-14
3 -4.93827e-13
29894 3
1 -3.28626e-14
2 -8.9706e-14
3 -5.02709e-13
29896 3
1 -9.76996e-15
2 -1.04805e-13
3 -4.9738e-13
29898 3
1 -1.95399e-14
2 -7.81597e-14
3 -5.00933e-13
29900 3
1 -1.77636e-15
2 -6.43929e-14
3 -4.9738e-13
29902 3
1 -1.86517e-14
2 -7.23865e-14
3 -4.83169e-13
29904 3
1 -2.39808e-14
2 -7.41629e-14
3 -4.9738e-13
29906 3
1 -1.59872e-14
2 -7.10543e-14
3 -4.99156e-13
29908 3
1 -3.73035e-14
2 -8.26006e-14
3 -4.81393e-13
29910 3
1 -2.30926e-14
2 -7.4607e-14
3 -5.08038e-13
29912 3
1 -1.59872e-14
2 -4.08562e-14
3 -4.84945e-13
29914 3
1 -2.39808e-14
2 -7.50511e-14
3 -4.74287e-13
29916 3
1 -1.95399e-14
2 -7.72715e-14
3 -5.11591e-13
29918 3
1 -3.55271e-15
2 -8.88178e-14
3 -4.72511e-13
29920 3
1 -8.88178e-15
2 -8.61533e-14
3 -4.63629e-13
29922 3
1 -2.22045e-14
2 -1.02141e-13
3 -4.68958e-13
29924 3
1 -2.30926e-14
2 -9.14824e-14
3 -4.79616e-13
29926 3
1 -2.93099e-14
2 -5.81757e-14
3 -4.72511e-13
29928 3
1 -3.37508e-14
2 -6.03961e-14
3 -4.83169e-13
29930 3
1 -1.5099e-14
2 -7.54952e-14
3 -4.99156e-13
29932 3
1 -2.66454e-14
2 -9.54792e-14
3 -4.99156e-13
29934 3
1 -3.01981e-14
2 -6.39488e-14
3 -4.79616e-13
29936 3
1 -2.66454e-14
2 -8.39329e-14
3 -4.86722e-13
29938 3
1 1.24345e-14
2 -9.85878e-14
3 -4.74287e-13
29940 3
1 -1.24345e-14
2 -6.83897e-14
3 -5.18696e-13
29942 3
1 -2.30926e-14
2 -9.4591e-14
3 -4.65405e-13
29944 3
1 -2.4869e-14
2 -6.9722e-14
3 -4.61853e-13
29946 3
1 -2.13163e-14
2 -9.59233e-14
3 -4.72511e-13
29948 3
1 -1.59872e-14
2 -7.10543e-14
3 -4.68958e-13
29950 3
1 -8.88178e-15
2 -7.90479e-14
3 -4.61853e-13
29952 3
1 -1.59872e-14
2 -6.61693e-14
3 -4.65405e-13
29954 3
1 -2.22045e-14
2 -6.83897e-14
3 -4.79616e-13
29956 3
1 -2.93099e-14
2 -8.74856e-14
3 -4.67182e-13
29958 3
1 -1.33227e-14
2 -4.66294e-14
3 -4.52971e-13
29960 3
1 -8.88178e-15
2 -8.88178e-14
3 -4.86722e-13
29962 3
1 -1.24345e-14
2 -9.14824e-14
3 -4.68958e-13
29964 3
1 -1.77636e-14
2 -7.81597e-14
3 -4.51195e-13
29966 3
1 -1.95399e-14
2 -1.06581e-13
3 -4.79616e-13
29968 3
1 -2.13163e-14
2 -7.99361e-14
3 -4.7784e-13
29970 3
1 -2.13163e-14
2 -9.32587e-14
3 -4.7784e-13
29972 3
1 -1.95399e-14
2 -7.4607e-14
3 -4.70735e-13
29974 3
1 -4.44089e-15
2 -7.19425e-14
3 -4.54747e-13
29976 3
1 -1.33227e-14
2 -8.26006e-14
3 -4.76064e-13
29978 3
1 -2.66454e-14
2 -7.59393e-14
3 -4.74287e-13
29980 3
1 -2.75335e-14
2 -5.32907e-14
3 -4.7784e-13
29982 3
1 -4.17444e-14
2 -7.32747e-14
3 -4.88498e-13
29984 3
1 -2.13163e-14
2 -7.10543e-14
3 -5.08038e-13
29986 3
1 -3.81917e-14
2 -6.61693e-14
3 -5.11591e-13
29988 3
1 -1.24345e-14
2 -8.70415e-14
3 -4.76064e-13
29990 3
1 -2.66454e-14
2 -5.9508e-14
3 -4.99156e-13
29992 3
1 -1.59872e-14
2 -7.10543e-14
3 -5.03597e-13
29994 3
1 -2.66454e-14
2 -6.92779e-14
3 -4.8761e-13
29996 3
1 -3.01981e-14
2 -7.28306e-14
3 -4.95604e-13
29998 3
1 -5.32907e-15
2 -7.37188e-14
3 -5.01821e-13
30000 3
1 -1.77636e-15
2 -5.72875e-14
3 -4.69846e-13
30002 3
1 -8.88178e-15
2 -8.03801e-14
3 -5.15143e-13
30004 3
1 -3.37508e-14
2 -1.06137e-13
3 -4.98268e-13
30006 3
1 -7.10543e-15
2 -7.68274e-14
3 -4.93827e-13
30008 3
1 -1.59872e-14
2 -7.10543e-14
3 -5.06262e-13
30010 3
1 -3.37508e-14
2 -7.23865e-14
3 -5.08038e-13
30012 3
1 -1.68754e-14
2 -8.03801e-14
3 -5.02709e-13
30014 3
1 -1.77636e-14
2 -8.39329e-14
3 -5.09814e-13
30016 3
1 -5.32907e-15
2 -6.08402e-14
3 -5.0715e-13
30018 3
1 -2.4869e-14
2 -5.59552e-14
3 -5.27578e-13
30020 3
1 -5.32907e-15
2 -9.54792e-14
3 -5.08038e-13
30022 3
1 -3.55271e-15
2 -6.30607e-14
3 -5.03597e-13
30024 3
1 -3.55271e-15
2 -6.12843e-14
3 -4.78728e-13
30026 3
1 -8.88178e-15
2 -6.35048e-14
3 -5.01821e-13
30028 3
1 0
2 -3.15303e-14
3 -4.96492e-13
30030 3
1 -1.77636e-15
2 -5.4623e-14
3 -4.85834e-13
30032 3
1 -1.95399e-14
2 -8.43769e-14
3 -4.86722e-13
30034 3
1 -1.24345e-14
2 -7.14984e-14
3 -4.84945e-13
30036 3
1 -7.10543e-15
2 -5.15143e-14
3 -4.60076e-13
30038 3
1 2.4869e-14
2 -4.84057e-14
3 -4.83169e-13
30040 3
1 -1.42109e-14
2 -7.28306e-14
3 -4.9738e-13
30042 3
1 -2.04281e-14
2 -5.32907e-14
3 -4.76064e-13
30044 3
1 -7.99361e-15
2 -4.57412e-14
3 -5.02709e-13
30046 3
1 -1.77636e-14
2 -8.30447e-14
3 -4.8761e-13
30048 3
1 -2.39808e-14
2 -5.72875e-14
3 -5.10703e-13
30050 3
1 -4.44089e-15
2 -7.10543e-14
3 -5.0715e-13
30052 3
1 0
2 -6.83897e-14
3 -5.04485e-13
30054 3
1 5.32907e-15
2 -6.75016e-14
3 -5.15143e-13
30056 3
1 -8.88178e-15
2 -5.24025e-14
3 -5.10703e-13
30058 3
1 -1.06581e-14
2 -8.61533e-14
3 -5.11591e-13
30060 3
1 -8.88178e-15
2 -7.72715e-14
3 -4.84057e-13
30062 3
1 -1.42109e-14
2 -7.01661e-14
3 -4.92051e-13
30064 3
1 7.99361e-15
2 -7.10543e-14
3 -4.76952e-13
30066 3
1 -2.4869e-14
2 -6.83897e-14
3 -4.90274e-13
30068 3
1 -1.77636e-15
2 -4.70735e-14
3 -4.81393e-13
30070 3
1 -1.86517e-14
2 -8.61533e-14
3 -4.80505e-13
30072 3
1 3.55271e-15
2 -6.83897e-14
3 -4.63629e-13
30074 3
1 -8.88178e-15
2 -8.70415e-14
3 -4.8761e-13
30076 3
1 0
2 -4.61853e-14
3 -4.95604e-13
30078 3
1 -8.88178e-15
2 -7.37188e-14
3 -4.95604e-13
30080 3
1 -1.77636e-14
2 -7.63833e-14
3 -5.08038e-13
30082 3
1 -3.55271e-15
2 -6.39488e-14
3 -4.72511e-13
30084 3
1 -3.01981e-14
2 -5.9508e-14
3 -4.98268e-13
30086 3
1 -2.39808e-14
2 -6.39488e-14
3 -4.71623e-13
30088 3
1 -1.68754e-14
2 -8.17124e-14
3 -4.76064e-13
30090 3
1 -1.68754e-14
2 -8.79297e-14
3 -4.8761e-13
30092 3
1 -3.81917e-14
2 -7.63833e-14
3 -4.76952e-13
30094 3
1 -2.75335e-14
2 -6.92779e-14
3 -4.95604e-13
30096 3
1 -5.32907e-15
2 -1.01252e-13
3 -4.70735e-13
30098 3
1 -2.4869e-14
2 -6.66134e-14
3 -4.81393e-13
30100 3
1 -2.30926e-14
2 -7.37188e-14
3 -4.7784e-13
30102 3
1 -1.59872e-14
2 -6.83897e-14
3 -4.79616e-13
30104 3
1 -2.04281e-14
2 -7.28306e-14
3 -4.66294e-13
30106 3
1 1.77636e-15
2 -8.61533e-14
3 -4.95604e-13
30108 3
1 -1.95399e-14
2 -8.43769e-14
3 -4.84057e-13
30110 3
1 -1.24345e-14
2 -9.05942e-14
3 -4.79616e-13
30112 3
1 -1.95399e-14
2 -9.76996e-14
3 -5.04485e-13
30114 3
1 -8.88178e-15
2 -9.32587e-14
3 -5.06262e-13
30116 3
1 -7.10543e-15
2 -8.70415e-14
3 -4.75175e-13
30118 3
1 -5.32907e-15
2 -8.9706e-14
3 -4.66294e-13
30120 3
1 -1.59872e-14
2 -9.23706e-14
3 -4.82281e-13
30122 3
1 -7.10543e-15
2 -7.99361e-14
3 -4.75175e-13
30124 3
1 -2.66454e-14
2 -7.63833e-14
3 -4.90274e-13
30126 3
1 6.21725e-15
2 -8.9706e-14
3 -5.03597e-13
30128 3
1 -1.95399e-14
2 -9.14824e-14
3 -4.74287e-13
30130 3
1 -4.08562e-14
2 -8.17124e-14
3 -4.75175e-13
30132 3
1 -7.10543e-15
2 -8.61533e-14
3 -4.73399e-13
30134 3
1 -9.76996e-15
2 -6.57252e-14
3 -4.83169e-13
30136 3
1 -2.84217e-14
2 -8.52651e-14
3 -4.76952e-13
30138 3
1 -2.66454e-14
2 -9.59233e-14
3 -4.68958e-13
30140 3
1 -2.84217e-14
2 -8.08242e-14
3 -4.72511e-13
30142 3
1 -2.84217e-14
2 -1.04805e-13
3 -4.65405e-13
30144 3
1 -1.77636e-15
2 -1.02141e-13
3 -4.74287e-13
30146 3
1 -1.15463e-14
2 -1.1191e-13
3 -4.76064e-13
30148 3
1 0
2 -7.54952e-14
3 -4.69846e-13
30150 3
1 -9.76996e-15
2 -1.20792e-13
3 -5.04485e-13
30152 3
1 -1.59872e-14
2 -1.03029e-13
3 -4.8761e-13
30154 3
1 8.88178e-15
2 -1.11022e-13
3 -4.7784e-13
30156 3
1 -3.55271e-15
2 -1.00364e-13
3 -4.79616e-13
30158 3
1 5.32907e-15
2 -1.02141e-13
3 -4.81393e-13
30160 3
1 -7.10543e-15
2 -8.70415e-14
3 -4.66294e-13
30162 3
1 -1.24345e-14
2 -7.63833e-14
3 -4.78728e-13
30164 3
1 5.32907e-15
2 -1.10134e-13
3 -4.98268e-13
30166 3
1 8.88178e-15
2 -1.03029e-13
3 -4.7784e-13
30168 3
1 -1.42109e-14
2 -1.04805e-13
3 -4.91163e-13
30170 3
1 0
2 -1.00364e-13
3 -4.76064e-13
30172 3
1 -1.42109e-14
2 -8.52651e-14
3 -4.80505e-13
30174 3
1 -1.42109e-14
2 -9.85878e-14
3 -4.83169e-13
30176 3
1 -1.77636e-15
2 -1.00364e-13
3 -4.7784e-13
30178 3
1 -3.55271e-14
2 -8.34888e-14
3 -5.00933e-13
30180 3
1 0
2 -8.88178e-14
3 -4.73399e-13
30182 3
1 1.77636e-15
2 -8.61533e-14
3 -4.72511e-13
30184 3
1 -1.59872e-14
2 -9.50351e-14
3 -4.89386e-13
30186 3
1 -2.39808e-14
2 -7.90479e-14
3 -4.80505e-13
30188 3
1 -4.08562e-14
2 -8.26006e-14
3 -4.76952e-13
30190 3
1 5.32907e-15
2 -9.41469e-14
3 -4.66294e-13
30192 3
1 -4.26326e-14
2 -8.52651e-14
3 -4.57412e-13
30194 3
1 -2.66454e-15
2 -1.0747e-13
3 -4.86722e-13
30196 3
1 -3.10862e-14
2 -6.21725e-14
3 -4.7784e-13
30198 3
1 -2.75335e-14
2 -9.23706e-14
3 -5.08926e-13
30200 3
1 -1.42109e-14
2 -1.15463e-13
3 -4.82281e-13
30202 3
1 -1.77636e-14
2 -8.70415e-14
3 -5.00044e-13
30204 3
1 -1.68754e-14
2 -1.00364e-13
3 -4.71623e-13
30206 3
1 -4.61853e-14
2 -8.43769e-14
3 -4.80505e-13
30208 3
1 -3.64153e-14
2 -8.34888e-14
3 -4.75175e-13
30210 3
1 -1.95399e-14
2 -1.08358e-13
3 -4.86722e-13
30212 3
1 -2.30926e-14
2 -1.13687e-13
3 -4.62741e-13
30214 3
1 -2.84217e-14
2 -8.43769e-14
3 -4.45866e-13
30216 3
1 -1.59872e-14
2 -1.06581e-13
3 -4.6807e-13
30218 3
1 -2.84217e-14
2 -8.17124e-14
3 -4.63629e-13
30220 3
1 -2.30926e-14
2 -1.00364e-13
3 -4.55636e-13
30222 3
1 -1.95399e-14
2 -1.05693e-13
3 -4.65405e-13
30224 3
1 -2.30926e-14
2 -7.10543e-14
3 -4.73399e-13
30226 3
1 -1.95399e-14
2 -6.57252e-14
3 -4.75175e-13
30228 3
1 -3.90799e-14
2 -9.41469e-14
3 -4.51195e-13
30230 3
1 -9.76996e-15
2 -9.23706e-14
3 -4.74287e-13
30232 3
1 -2.30926e-14
2 -7.10543e-14
3 -4.583e-13
30234 3
1 -1.42109e-14
2 -7.01661e-14
3 -4.60076e-13
30236 3
1 -2.84217e-14
2 -8.79297e-14
3 -4.52971e-13
30238 3
1 -1.95399e-14
2 -6.39488e-14
3 -4.75175e-13
30240 3
1 -2.30926e-14
2 -5.68434e-14
3 -4.88498e-13
30242 3
1 -1.95399e-14
2 -7.72715e-14
3 -4.70735e-13
30244 3
1 -1.42109e-14
2 -8.88178e-14
3 -4.8761e-13
30246 3
1 -1.24345e-14
2 -7.28306e-14
3 -4.85834e-13
30248 3
1 -2.39808e-14
2 -7.37188e-14
3 -4.86722e-13
30250 3
1 -3.19744e-14
2 -6.30607e-14
3 -4.84945e-13
30252 3
1 -8.88178e-15
2 -4.70735e-14
3 -4.90274e-13
30254 3
1 -1.5099e-14
2 -6.39488e-14
3 -4.72511e-13
30256 3
1 -1.77636e-14
2 -6.03961e-14
3 -4.88498e-13
30258 3
1 -2.84217e-14
2 -6.75016e-14
3 -5.03597e-13
30260 3
1 -2.30926e-14
2 -6.83897e-14
3 -5.00044e-13
30262 3
1 -3.37508e-14
2 -5.24025e-14
3 -4.96492e-13
30264 3
1 -1.95399e-14
2 -5.77316e-14
3 -4.74287e-13
30266 3
1 -4.08562e-14
2 -7.81597e-14
3 -5.08038e-13
30268 3
1 -8.88178e-15
2 -4.79616e-14
3 -4.71623e-13
30270 3
1 -2.66454e-14
2 -4.70735e-14
3 -4.90274e-13
30272 3
1 -5.32907e-15
2 -7.99361e-14
3 -4.94715e-13
30274 3
1 -2.39808e-14
2 -4.70735e-14
3 -4.92051e-13
30276 3
1 -2.4869e-14
2 -5.24025e-14
3 -4.56524e-13
30278 3
1 -2.30926e-14
2 -5.9508e-14
3 -4.96492e-13
30280 3
1 -2.22045e-14
2 -6.75016e-14
3 -4.80505e-13
30282 3
1 -1.42109e-14
2 -6.21725e-14
3 -4.92939e-13
30284 3
1 -1.33227e-14
2 -7.19425e-14
3 -4.95604e-13
30286 3
1 -3.4639e-14
2 -7.54952e-14
3 -4.85834e-13
30288 3
1 -3.01981e-14
2 -5.86198e-14
3 -4.7784e-13
30290 3
1 -1.77636e-15
2 -7.90479e-14
3 -4.86722e-13
30292 3
1 -1.77636e-14
2 -7.28306e-14
3 -4.95604e-13
30294 3
1 -2.66454e-14
2 -5.50671e-14
3 -5.05374e-13
30296 3
1 -3.37508e-14
2 -6.30607e-14
3 -4.76064e-13
30298 3
1 -4.26326e-14
2 -6.75016e-14
3 -4.85834e-13
30300 3
1 -4.88498e-14
2 -6.39488e-14
3 -4.8761e-13
30302 3
1 -1.15463e-14
2 -7.28306e-14
3 -4.8761e-13
30304 3
1 -4.52971e-14
2 -8.61533e-14
3 -4.84945e-13
30306 3
1 -3.73035e-14
2 -7.90479e-14
3 -4.93827e-13
30308 3
1 -4.61853e-14
2 -5.41789e-14
3 -4.62741e-13
30310 3
1 -3.73035e-14
2 -8.43769e-14
3 -4.79616e-13
30312 3
1 -3.37508e-14
2 -6.21725e-14
3 -4.85834e-13
30314 3
1 -2.30926e-14
2 -4.79616e-14
3 -4.82281e-13
30316 3
1 -3.19744e-14
2 -8.26006e-14
3 -4.7784e-13
30318 3
1 -2.66454e-14
2 -4.88498e-14
3 -5.08926e-13
30320 3
1 -3.10862e-14
2 -4.52971e-14
3 -5.0715e-13
30322 3
1 -3.19744e-14
2 -5.77316e-14
3 -4.74287e-13
30324 3
1 -3.37508e-14
2 -7.4607e-14
3 -4.96492e-13
30326 3
1 -3.4639e-14
2 -4.79616e-14
3 -4.89386e-13
30328 3
1 -3.73035e-14
2 -7.63833e-14
3 -4.95604e-13
30330 3
1 -2.66454e-14
2 -5.77316e-14
3 -5.00933e-13
30332 3
1 -1.95399e-14
2 -4.35207e-14
3 -5.24025e-13
30334 3
1 -1.95399e-14
2 -5.32907e-14
3 -4.88498e-13
30336 3
1 -2.75335e-14
2 -7.19425e-14
3 -4.66294e-13
30338 3
1 -1.77636e-14
2 -6.75016e-14
3 -4.8761e-13
30340 3
1 -3.73035e-14
2 -8.08242e-14
3 -4.9738e-13
30342 3
1 -2.22045e-14
2 -6.75016e-14
3 -4.93827e-13
30344 3
1 -2.4869e-14
2 -5.41789e-14
3 -5.0715e-13
30346 3
1 -2.30926e-14
2 -5.50671e-14
3 -4.94715e-13
30348 3
1 -1.95399e-14
2 -5.50671e-14
3 -4.92051e-13
30350 3
1 -1.95399e-14
2 -4.61853e-14
3 -4.92051e-13
30352 3
1 -1.06581e-14
2 -7.90479e-14
3 -4.84057e-13
30354 3
1 8.88178e-15
2 -6.21725e-14
3 -4.98268e-13
30356 3
1 -2.4869e-14
2 -6.75016e-14
3 -4.93827e-13
30358 3
1 -2.4869e-14
2 -7.4607e-14
3 -4.74287e-13
30360 3
1 -1.95399e-14
2 -6.21725e-14
3 -4.7784e-13
30362 3
1 -2.66454e-14
2 -8.17124e-14
3 -5.02709e-13
30364 3
1 -2.75335e-14
2 -6.57252e-14
3 -4.63629e-13
30366 3
1 -3.01981e-14
2 -6.66134e-14
3 -4.60965e-13
30368 3
1 -4.44089e-14
2 -6.03961e-14
3 -4.66294e-13
30370 3
1 -5.06262e-14
2 -5.24025e-14
3 -4.70735e-13
30372 3
1 -5.15143e-14
2 -6.39488e-14
3 -4.88498e-13
30374 3
1 -4.26326e-14
2 -6.75016e-14
3 -4.84057e-13
30376 3
1 -4.08562e-14
2 -5.50671e-14
3 -4.88498e-13
30378 3
1 -2.75335e-14
2 -6.4837e-14
3 -4.94715e-13
30380 3
1 -2.13163e-14
2 -7.01661e-14
3 -5.04485e-13
30382 3
1 -3.37508e-14
2 -7.28306e-14
3 -4.90274e-13
30384 3
1 -4.61853e-14
2 -3.9968e-14
3 -4.82281e-13
30386 3
1 -5.15143e-14
2 -7.28306e-14
3 -4.52083e-13
30388 3
1 -3.55271e-14
2 -8.52651e-14
3 -4.70735e-13
30390 3
1 -2.84217e-14
2 -6.92779e-14
3 -4.66294e-13
30392 3
1 -5.15143e-14
2 -8.34888e-14
3 -4.7784e-13
30394 3
1 -3.73035e-14
2 -1.03029e-13
3 -4.56524e-13
30396 3
1 -5.06262e-14
2 -8.34888e-14
3 -4.57412e-13
30398 3
1 -3.81917e-14
2 -7.99361e-14
3 -4.52971e-13
30400 3
1 -4.9738e-14
2 -7.37188e-14
3 -4.70735e-13
30402 3
1 -3.37508e-14
2 -5.86198e-14
3 -4.75175e-13
30404 3
1 -1.95399e-14
2 -6.75016e-14
3 -4.70735e-13
30406 3
1 -5.06262e-14
2 -1.0747e-13
3 -4.71623e-13
30408 3
1 -4.26326e-14
2 -6.03961e-14
3 -4.49418e-13
30410 3
1 -4.44089e-14
2 -6.12843e-14
3 -4.76952e-13
30412 3
1 -4.79616e-14
2 -7.54952e-14
3 -4.70735e-13
30414 3
1 -3.55271e-14
2 -4.9738e-14
3 -5.08038e-13
30416 3
1 -3.81917e-14
2 -5.9508e-14
3 -4.4853e-13
30418 3
1 -3.55271e-14
2 -6.30607e-14
3 -4.33431e-13
30420 3
1 -3.55271e-14
2 -5.68434e-14
3 -4.52971e-13
30422 3
1 -2.93099e-14
2 -6.30607e-14
3 -4.72511e-13
30424 3
1 -2.66454e-14
2 -6.12843e-14
3 -4.73399e-13
30426 3
1 -4.79616e-14
2 -5.06262e-14
3 -4.52083e-13
30428 3
1 -6.03961e-14
2 -6.03961e-14
3 -4.68958e-13
30430 3
1 -4.9738e-14
2 -6.30607e-14
3 -4.57412e-13
30432 3
1 -4.08562e-14
2 -4.26326e-14
3 -4.84057e-13
30434 3
1 -5.50671e-14
2 -5.41789e-14
3 -4.78728e-13
30436 3
1 -4.26326e-14
2 -7.4607e-14
3 -4.60965e-13
30438 3
1 -3.9968e-14
2 -8.70415e-14
3 -4.74287e-13
30440 3
1 -4.79616e-14
2 -7.28306e-14
3 -4.83169e-13
30442 3
1 -6.21725e-14
2 -6.30607e-14
3 -4.80505e-13
30444 3
1 -4.26326e-14
2 -5.59552e-14
3 -4.78728e-13
30446 3
1 -5.15143e-14
2 -7.4607e-14
3 -4.66294e-13
30448 3
1 -2.84217e-14
2 -7.28306e-14
3 -4.78728e-13
30450 3
1 -4.61853e-14
2 -7.90479e-14
3 -4.60076e-13
30452 3
1 -5.86198e-14
2 -4.61853e-14
3 -4.68958e-13
30454 3
1 -3.4639e-14
2 -4.35207e-14
3 -4.71623e-13
30456 3
1 -3.37508e-14
2 -5.41789e-14
3 -4.53859e-13
30458 3
1 -2.84217e-14
2 -7.81597e-14
3 -4.86722e-13
30460 3
1 -3.4639e-14
2 -6.92779e-14
3 -4.8761e-13
30462 3
1 -3.73035e-14
2 -6.57252e-14
3 -4.76952e-13
30464 3
1 -3.90799e-14
2 -5.15143e-14
3 -4.93827e-13
30466 3
1 -4.61853e-14
2 -5.86198e-14
3 -4.7784e-13
30468 3
1 -3.55271e-14
2 -5.32907e-14
3 -4.62741e-13
30470 3
1 -2.66454e-14
2 -6.21725e-14
3 -4.69846e-13
30472 3
1 -3.9968e-14
2 -5.41789e-14
3 -4.60076e-13
30474 3
1 -2.75335e-14
2 -6.4837e-14
3 -4.73399e-13
30476 3
1 -4.70735e-14
2 -6.12843e-14
3 -4.76952e-13
30478 3
1 -1.95399e-14
2 -7.28306e-14
3 -4.67182e-13
30480 3
1 -3.55271e-14
2 -7.28306e-14
3 -5.12479e-13
30482 3
1 -2.66454e-14
2 -6.92779e-14
3 -4.70735e-13
30484 3
1 -2.30926e-14
2 -7.72715e-14
3 -4.92051e-13
30486 3
1 -2.4869e-14
2 -8.9706e-14
3 -4.80505e-13
30488 3
1 -3.28626e-14
2 -5.86198e-14
3 -4.66294e-13
30490 3
1 -3.73035e-14
2 -5.68434e-14
3 -4.65405e-13
30492 3
1 -2.75335e-14
2 -7.37188e-14
3 -4.75175e-13
30494 3
1 -4.44089e-14
2 -6.03961e-14
3 -4.86722e-13
30496 3
1 -2.57572e-14
2 -6.92779e-14
3 -4.7784e-13
30498 3
1 -3.37508e-14
2 -8.52651e-14
3 -4.67182e-13
30500 3
1 -4.26326e-14
2 -7.28306e-14
3 -4.64517e-13
30502 3
1 -5.15143e-14
2 -8.08242e-14
3 -4.8761e-13
30504 3
1 -3.01981e-14
2 -7.90479e-14
3 -4.92051e-13
30506 3
1 -5.86198e-14
2 -6.30607e-14
3 -4.78728e-13
30508 3
1 -4.9738e-14
2 -7.72715e-14
3 -4.63629e-13
30510 3
1 -2.84217e-14
2 -7.28306e-14
3 -4.92051e-13
30512 3
1 -4.88498e-14
2 -7.90479e-14
3 -4.73399e-13
30514 3
1 -2.4869e-14
2 -7.37188e-14
3 -4.95604e-13
30516 3
1 -6.03961e-14
2 -6.75016e-14
3 -4.90274e-13
30518 3
1 -5.15143e-14
2 -4.9738e-14
3 -4.92051e-13
30520 3
1 -5.06262e-14
2 -7.37188e-14
3 -5.00933e-13
30522 3
1 -2.4869e-14
2 -5.68434e-14
3 -4.86722e-13
30524 3
1 3.55271e-15
2 -5.15143e-14
3 -4.8761e-13
30526 3
1 -2.04281e-14
2 -6.75016e-14
3 -5.00933e-13
30528 3
1 -4.17444e-14
2 -6.57252e-14
3 -5.08038e-13
30530 3
1 -4.79616e-14
2 -8.52651e-14
3 -4.85834e-13
30532 3
1 -3.37508e-14
2 -7.01661e-14
3 -4.83169e-13
30534 3
1 -4.08562e-14
2 -9.32587e-14
3 -5.00933e-13
30536 3
1 -1.86517e-14
2 -7.90479e-14
3 -5.00933e-13
30538 3
1 -2.04281e-14
2 -8.34888e-14
3 -5.11591e-13
30540 3
1 -1.59872e-14
2 -1.08358e-13
3 -5.03597e-13
30542 3
1 -3.28626e-14
2 -7.81597e-14
3 -4.88498e-13
30544 3
1 -5.86198e-14
2 -7.99361e-14
3 -4.9738e-13
30546 3
1 -3.81917e-14
2 -9.05942e-14
3 -4.88498e-13
30548 3
1 -4.08562e-14
2 -8.70415e-14
3 -5.02709e-13
30550 3
1 -4.88498e-14
2 -8.61533e-14
3 -4.9738e-13
30552 3
1 -5.32907e-14
2 -8.17124e-14
3 -4.92051e-13
30554 3
1 -4.08562e-14
2 -6.57252e-14
3 -4.98268e-13
30556 3
1 -4.26326e-14
2 -1.00364e-13
3 -4.9738e-13
30558 3
1 -4.26326e-14
2 -9.85878e-14
3 -4.7784e-13
30560 3
1 -4.52971e-14
2 -7.01661e-14
3 -4.92051e-13
30562 3
1 -4.08562e-14
2 -8.43769e-14
3 -4.81393e-13
30564 3
1 -6.57252e-14
2 -1.03917e-13
3 -5.04485e-13
30566 3
1 -4.79616e-14
2 -9.59233e-14
3 -5.21361e-13
30568 3
1 -4.26326e-14
2 -1.14575e-13
3 -4.84945e-13
30570 3
1 -6.03961e-14
2 -6.83897e-14
3 -4.9738e-13
30572 3
1 -4.08562e-14
2 -8.79297e-14
3 -5.05374e-13
30574 3
1 -6.83897e-14
2 -7.90479e-14
3 -4.92051e-13
30576 3
1 -3.64153e-14
2 -7.72715e-14
3 -4.88498e-13
30578 3
1 -5.06262e-14
2 -1.05693e-13
3 -4.73399e-13
30580 3
1 -4.61853e-14
2 -8.88178e-14
3 -4.79616e-13
30582 3
1 -5.32907e-14
2 -9.76996e-14
3 -4.90274e-13
30584 3
1 -3.37508e-14
2 -9.68114e-14
3 -4.84057e-13
30586 3
1 -3.90799e-14
2 -8.08242e-14
3 -4.9738e-13
30588 3
1 -6.12843e-14
2 -9.23706e-14
3 -4.56524e-13
30590 3
1 -5.32907e-14
2 -9.23706e-14
3 -5.04485e-13
30592 3
1 -7.28306e-14
2 -8.43769e-14
3 -4.95604e-13
30594 3
1 -5.68434e-14
2 -9.85878e-14
3 -4.76064e-13
30596 3
1 -4.79616e-14
2 -8.70415e-14
3 -4.95604e-13
30598 3
1 -2.30926e-14
2 -9.05942e-14
3 -4.84057e-13
30600 3
1 -6.03961e-14
2 -7.63833e-14
3 -5.11591e-13
30602 3
1 -6.66134e-14
2 -9.76996e-14
3 -4.82281e-13
30604 3
1 -6.39488e-14
2 -8.08242e-14
3 -4.80505e-13
30606 3
1 -7.10543e-14
2 -8.61533e-14
3 -4.84945e-13
30608 3
1 -6.21725e-14
2 -8.9706e-14
3 -5.13367e-13
30610 3
1 -2.84217e-14
2 -1.19016e-13
3 -5.11591e-13
30612 3
1 -6.30607e-14
2 -6.39488e-14
3 -4.98268e-13
30614 3
1 -5.9508e-14
2 -9.14824e-14
3 -4.86722e-13
30616 3
1 -7.28306e-14
2 -6.57252e-14
3 -4.88498e-13
30618 3
1 -6.66134e-14
2 -1.00364e-13
3 -4.93827e-13
30620 3
1 -5.68434e-14
2 -8.9706e-14
3 -5.11591e-13
30622 3
1 -4.79616e-14
2 -9.68114e-14
3 -4.9738e-13
30624 3
1 -4.61853e-14
2 -1.2168e-13
3 -5.00933e-13
30626 3
1 -5.50671e-14
2 -1.0747e-13
3 -5.02709e-13
30628 3
1 -6.57252e-14
2 -7.99361e-14
3 -4.92051e-13
30630 3
1 -4.44089e-14
2 -9.85878e-14
3 -5.15143e-13
30632 3
1 -4.79616e-14
2 -1.09246e-13
3 -4.83169e-13
30634 3
1 -3.37508e-14
2 -8.17124e-14
3 -4.92051e-13
30636 3
1 -6.57252e-14
2 -9.59233e-14
3 -5.04485e-13
30638 3
1 -6.57252e-14
2 -8.70415e-14
3 -4.74287e-13
30640 3
1 -5.68434e-14
2 -7.19425e-14
3 -4.95604e-13
30642 3
1 -6.03961e-14
2 -9.14824e-14
3 -5.06262e-13
30644 3
1 -4.44089e-14
2 -1.14575e-13
3 -4.88498e-13
30646 3
1 -7.99361e-14
2 -7.81597e-14
3 -4.79616e-13
30648 3
1 -6.75016e-14
2 -1.01252e-13
3 -4.74287e-13
30650 3
1 -5.24025e-14
2 -8.34888e-14
3 -4.74287e-13
30652 3
1 -6.21725e-14
2 -1.00364e-13
3 -5.04485e-13
30654 3
1 -3.73035e-14
2 -1.10134e-13
3 -4.88498e-13
30656 3
1 -4.79616e-14
2 -9.14824e-14
3 -4.81393e-13
30658 3
1 -5.68434e-14
2 -1.09246e-13
3 -4.92051e-13
30660 3
1 -5.41789e-14
2 -7.01661e-14
3 -4.9738e-13
30662 3
1 -6.03961e-14
2 -9.68114e-14
3 -4.79616e-13
30664 3
1 -5.15143e-14
2 -1.10134e-13
3 -5.02709e-13
30666 3
1 -4.44089e-14
2 -1.00364e-13
3 -5.04485e-13
30668 3
1 -6.4837e-14
2 -1.03917e-13
3 -5.02709e-13
30670 3
1 -6.03961e-14
2 -8.34888e-14
3 -4.72511e-13
30672 3
1 -5.32907e-14
2 -9.32587e-14
3 -4.67182e-13
30674 3
1 -4.70735e-14
2 -1.02141e-13
3 -4.81393e-13
30676 3
1 -5.86198e-14
2 -9.85878e-14
3 -4.83169e-13
30678 3
1 -6.57252e-14
2 -9.9476e-14
3 -4.90274e-13
30680 3
1 -7.28306e-14
2 -1.02141e-13
3 -4.94715e-13
30682 3
1 -5.15143e-14
2 -7.28306e-14
3 -5.08038e-13
30684 3
1 -6.21725e-14
2 -1.12799e-13
3 -5.10703e-13
30686 3
1 -5.32907e-14
2 -8.52651e-14
3 -4.81393e-13
30688 3
1 -7.10543e-14
2 -1.15463e-13
3 -5.00933e-13
30690 3
1 -6.39488e-14
2 -9.41469e-14
3 -4.85834e-13
30692 3
1 -5.32907e-14
2 -8.88178e-14
3 -4.82281e-13
30694 3
1 -6.75016e-14
2 -8.08242e-14
3 -4.88498e-13
30696 3
1 -6.03961e-14
2 -1.00364e-13
3 -5.10703e-13
30698 3
1 -4.26326e-14
2 -9.23706e-14
3 -4.92939e-13
30700 3
1 -4.9738e-14
2 -9.59233e-14
3 -4.90274e-13
30702 3
1 -6.92779e-14
2 -1.02141e-13
3 -4.92051e-13
30704 3
1 -5.15143e-14
2 -8.61533e-14
3 -4.84057e-13
30706 3
1 -5.86198e-14
2 -8.61533e-14
3 -4.91163e-13
30708 3
1 -6.57252e-14
2 -1.12799e-13
3 -4.9738e-13
30710 3
1 -4.44089e-14
2 -8.61533e-14
3 -5.08038e-13
30712 3
1 -5.50671e-14
2 -1.02141e-13
3 -4.90274e-13
30714 3
1 -4.44089e-14
2 -1.10134e-13
3 -4.95604e-13
30716 3
1 -5.15143e-14
2 -9.68114e-14
3 -4.98268e-13
30718 3
1 -6.21725e-14
2 -8.61533e-14
3 -4.8761e-13
30720 3
1 -3.55271e-14
2 -1.05693e-13
3 -4.74287e-13
30722 3
1 -3.01981e-14
2 -1.1724e-13
3 -4.94715e-13
30724 3
1 -3.90799e-14
2 -1.06581e-13
3 -4.93827e-13
30726 3
1 -3.19744e-14
2 -1.10134e-13
3 -5.0715e-13
30728 3
1 -4.44089e-14
2 -8.79297e-14
3 -5.02709e-13
30730 3
1 -4.44089e-14
2 -9.23706e-14
3 -5.05374e-13
30732 3
1 -3.73035e-14
2 -8.9706e-14
3 -5.23137e-13
30734 3
1 -3.37508e-14
2 -1.02141e-13
3 -4.9738e-13
30736 3
1 -3.01981e-14
2 -1.03029e-13
3 -5.08926e-13
30738 3
1 -4.61853e-14
2 -1.10134e-13
3 -4.93827e-13
30740 3
1 -3.01981e-14
2 -9.76996e-14
3 -4.7784e-13
30742 3
1 -6.75016e-14
2 -1.03917e-13
3 -4.9738e-13
30744 3
1 -5.32907e-14
2 -1.0747e-13
3 -5.21361e-13
30746 3
1 -5.15143e-14
2 -1.03029e-13
3 -5.15143e-13
30748 3
1 -5.50671e-14
2 -9.50351e-14
3 -5.05374e-13
30750 3
1 -7.28306e-14
2 -8.9706e-14
3 -5.1692e-13
30752 3
1 -5.32907e-14
2 -1.08358e-13
3 -5.10703e-13
30754 3
1 -4.79616e-14
2 -1.00364e-13
3 -5.13367e-13
30756 3
1 -3.55271e-14
2 -1.35891e-13
3 -5.08038e-13
30758 3
1 -3.01981e-14
2 -1.20792e-13
3 -5.19584e-13
30760 3
1 -5.86198e-14
2 -9.32587e-14
3 -5.09814e-13
30762 3
1 -7.10543e-14
2 -1.01252e-13
3 -4.91163e-13
30764 3
1 -4.61853e-14
2 -9.32587e-14
3 -4.95604e-13
30766 3
1 -2.84217e-14
2 -9.68114e-14
3 -5.04485e-13
30768 3
1 -4.44089e-14
2 -9.41469e-14
3 -5.08038e-13
30770 3
1 -4.79616e-14
2 -8.70415e-14
3 -5.48006e-13
30772 3
1 -3.90799e-14
2 -9.14824e-14
3 -5.31131e-13
30774 3
1 -7.81597e-14
2 -9.68114e-14
3 -5.03597e-13
30776 3
1 -6.75016e-14
2 -8.9706e-14
3 -5.47118e-13
30778 3
1 -6.92779e-14
2 -1.02141e-13
3 -5.09814e-13
30780 3
1 -6.03961e-14
2 -1.10134e-13
3 -5.12479e-13
30782 3
1 -4.79616e-14
2 -9.76996e-14
3 -5.01821e-13
30784 3
1 -3.55271e-14
2 -1.05693e-13
3 -4.73399e-13
30786 3
1 -3.19744e-14
2 -1.16351e-13
3 -4.93827e-13
30788 3
1 -2.4869e-14
2 -1.01252e-13
3 -5.2669e-13
30790 3
1 -4.9738e-14
2 -1.0747e-13
3 -5.06262e-13
30792 3
1 -5.50671e-14
2 -7.4607e-14
3 -5.30243e-13
30794 3
1 -3.37508e-14
2 -9.76996e-14
3 -5.16032e-13
30796 3
1 -3.90799e-14
2 -7.81597e-14
3 -5.03597e-13
30798 3
1 -5.86198e-14
2 -6.83897e-14
3 -5.21361e-13
30800 3
1 -6.57252e-14
2 -9.23706e-14
3 -5.12479e-13
30802 3
1 -4.61853e-14
2 -1.01252e-13
3 -5.48894e-13
30804 3
1 -3.90799e-14
2 -9.32587e-14
3 -5.08926e-13
30806 3
1 -6.75016e-14
2 -6.83897e-14
3 -5.09814e-13
30808 3
1 -5.50671e-14
2 -9.9476e-14
3 -5.31131e-13
30810 3
1 -6.92779e-14
2 -6.4837e-14
3 -5.06262e-13
30812 3
1 -6.39488e-14
2 -1.15463e-13
3 -5.13367e-13
30814 3
1 -4.08562e-14
2 -1.01252e-13
3 -5.28466e-13
30816 3
1 -7.63833e-14
2 -7.4607e-14
3 -5.0715e-13
30818 3
1 -5.32907e-14
2 -7.81597e-14
3 -4.95604e-13
30820 3
1 -4.9738e-14
2 -7.99361e-14
3 -5.04485e-13
30822 3
1 -4.9738e-14
2 -5.24025e-14
3 -4.93827e-13
30824 3
1 -4.08562e-14
2 -9.05942e-14
3 -5.34683e-13
30826 3
1 -5.68434e-14
2 -8.70415e-14
3 -5.18696e-13
30828 3
1 -4.26326e-14
2 -1.01252e-13
3 -5.43565e-13
30830 3
1 -5.15143e-14
2 -9.85878e-14
3 -5.31131e-13
30832 3
1 -4.61853e-14
2 -5.77316e-14
3 -5.31131e-13
30834 3
1 -4.79616e-14
2 -8.61533e-14
3 -5.09814e-13
30836 3
1 -2.4869e-14
2 -1.06581e-13
3 -5.20473e-13
30838 3
1 -3.73035e-14
2 -9.68114e-14
3 -5.34683e-13
30840 3
1 -5.32907e-14
2 -1.1724e-13
3 -5.34683e-13
30842 3
1 -4.79616e-14
2 -1.03917e-13
3 -5.45342e-13
30844 3
1 -4.44089e-14
2 -1.33227e-13
3 -5.45342e-13
30846 3
1 -5.50671e-14
2 -1.04805e-13
3 -5.18696e-13
30848 3
1 -3.90799e-14
2 -1.05693e-13
3 -5.54223e-13
30850 3
1 -1.24345e-14
2 -9.68114e-14
3 -5.3646e-13
30852 3
1 -3.73035e-14
2 -1.13687e-13
3 -5.08038e-13
30854 3
1 -3.55271e-14
2 -8.88178e-14
3 -5.1692e-13
30856 3
1 -4.26326e-14
2 -8.52651e-14
3 -5.38236e-13
30858 3
1 -5.15143e-14
2 -1.06581e-13
3 -5.47118e-13
30860 3
1 -4.08562e-14
2 -1.03029e-13
3 -5.56e-13
30862 3
1 -2.66454e-14
2 -1.20792e-13
3 -5.27578e-13
30864 3
1 -5.32907e-14
2 -9.59233e-14
3 -5.3646e-13
30866 3
1 -3.90799e-14
2 -9.41469e-14
3 -5.38236e-13
30868 3
1 -4.44089e-14
2 -1.44773e-13
3 -5.38236e-13
30870 3
1 -3.19744e-14
2 -1.30562e-13
3 -5.25802e-13
30872 3
1 -1.77636e-14
2 -1.23457e-13
3 -5.04485e-13
30874 3
1 -3.55271e-14
2 -9.05942e-14
3 -5.43565e-13
30876 3
1 -4.08562e-14
2 -8.9706e-14
3 -5.59552e-13
30878 3
1 -3.37508e-14
2 -1.15463e-13
3 -5.09814e-13
30880 3
1 -4.08562e-14
2 -9.9476e-14
3 -5.3646e-13
30882 3
1 -2.66454e-14
2 -8.08242e-14
3 -5.15143e-13
30884 3
1 -3.37508e-14
2 -8.88178e-14
3 -5.11591e-13
30886 3
1 -3.73035e-14
2 -9.59233e-14
3 -5.43565e-13
30888 3
1 -1.95399e-14
2 -1.19016e-13
3 -5.13367e-13
30890 3
1 -2.84217e-14
2 -1.3145e-13
3 -5.34683e-13
30892 3
1 -3.55271e-14
2 -9.41469e-14
3 -5.32907e-13
30894 3
1 -4.08562e-14
2 -1.06581e-13
3 -5.25802e-13
30896 3
1 -2.30926e-14
2 -1.03029e-13
3 -5.29354e-13
30898 3
1 -3.55271e-14
2 -9.41469e-14
3 -5.3646e-13
30900 3
1 -5.50671e-14
2 -1.08358e-13
3 -5.25802e-13
30902 3
1 -4.79616e-14
2 -1.26121e-13
3 -5.3646e-13
30904 3
1 -3.90799e-14
2 -1.00364e-13
3 -5.25802e-13
30906 3
1 -3.19744e-14
2 -9.23706e-14
3 -5.52447e-13
30908 3
1 -3.19744e-14
2 -1.00364e-13
3 -5.64881e-13
30910 3
1 -3.19744e-14
2 -1.36779e-13
3 -5.31131e-13
30912 3
1 -1.59872e-14
2 -9.50351e-14
3 -5.31131e-13
30914 3
1 -2.13163e-14
2 -1.03917e-13
3 -5.08038e-13
30916 3
1 -4.08562e-14
2 -8.34888e-14
3 -5.02709e-13
30918 3
1 -5.50671e-14
2 -1.24345e-13
3 -5.11591e-13
30920 3
1 -2.4869e-14
2 -9.9476e-14
3 -5.3646e-13
30922 3
1 -3.73035e-14
2 -1.1724e-13
3 -5.40012e-13
30924 3
1 -4.9738e-14
2 -7.81597e-14
3 -5.45342e-13
30926 3
1 -3.01981e-14
2 -1.24345e-13
3 -5.06262e-13
30928 3
1 -5.86198e-14
2 -1.02141e-13
3 -5.31131e-13
30930 3
1 -4.44089e-14
2 -1.06581e-13
3 -5.22249e-13
30932 3
1 -6.92779e-14
2 -1.03917e-13
3 -5.22249e-13
30934 3
1 -3.37508e-14
2 -8.88178e-14
3 -5.27578e-13
30936 3
1 -5.50671e-14
2 -1.18128e-13
3 -5.45342e-13
30938 3
1 -5.32907e-14
2 -9.85878e-14
3 -5.56e-13
30940 3
1 -4.79616e-14
2 -1.06581e-13
3 -5.63105e-13
30942 3
1 -5.15143e-14
2 -1.1191e-13
3 -5.29354e-13
30944 3
1 -3.73035e-14
2 -9.68114e-14
3 -5.40012e-13
30946 3
1 -3.19744e-14
2 -1.16351e-13
3 -5.47118e-13
30948 3
1 -4.08562e-14
2 -9.23706e-14
3 -5.32907e-13
30950 3
1 -5.32907e-14
2 -1.12799e-13
3 -5.71987e-13
30952 3
1 -4.26326e-14
2 -1.09246e-13
3 -5.22249e-13
30954 3
1 -4.08562e-14
2 -1.1191e-13
3 -5.27578e-13
30956 3
1 -4.26326e-14
2 -1.1191e-13
3 -5.47118e-13
30958 3
1 -5.32907e-14
2 -9.05942e-14
3 -5.40012e-13
30960 3
1 -4.26326e-14
2 -9.41469e-14
3 -5.41789e-13
30962 3
1 -3.73035e-14
2 -1.10134e-13
3 -5.45342e-13
30964 3
1 -5.86198e-14
2 -1.15463e-13
3 -5.32907e-13
30966 3
1 -4.44089e-14
2 -1.13687e-13
3 -5.38236e-13
30968 3
1 -5.50671e-14
2 -1.44773e-13
3 -5.1692e-13
30970 3
1 -4.79616e-14
2 -1.1724e-13
3 -5.15143e-13
30972 3
1 -4.26326e-14
2 -1.15463e-13
3 -5.68434e-13
30974 3
1 -4.08562e-14
2 -1.11022e-13
3 -5.32907e-13
30976 3
1 -5.32907e-14
2 -9.85878e-14
3 -5.24025e-13
30978 3
1 -4.08562e-14
2 -1.22569e-13
3 -5.3646e-13
30980 3
1 -3.90799e-14
2 -9.23706e-14
3 -5.18696e-13
30982 3
1 -3.73035e-14
2 -8.79297e-14
3 -5.25802e-13
30984 3
1 -4.08562e-14
2 -8.26006e-14
3 -5.43565e-13
30986 3
1 -4.08562e-14
2 -1.14575e-13
3 -5.59552e-13
30988 3
1 -4.26326e-14
2 -9.9476e-14
3 -5.34683e-13
30990 3
1 -3.73035e-14
2 -8.9706e-14
3 -5.71987e-13
30992 3
1 -3.90799e-14
2 -8.79297e-14
3 -5.29354e-13
30994 3
1 -4.44089e-14
2 -8.88178e-14
3 -5.68434e-13
30996 3
1 -3.73035e-14
2 -1.0747e-13
3 -5.48894e-13
30998 3
1 -6.21725e-14
2 -7.72715e-14
3 -5.31131e-13
31000 3
1 -6.21725e-14
2 -1.13687e-13
3 -5.50671e-13
31002 3
1 -4.26326e-14
2 -1.20792e-13
3 -5.68434e-13
31004 3
1 -3.90799e-14
2 -9.9476e-14
3 -5.79092e-13
31006 3
1 -5.32907e-14
2 -7.54952e-14
3 -5.82645e-13
31008 3
1 -4.9738e-14
2 -1.16351e-13
3 -5.50671e-13
31010 3
1 -4.79616e-14
2 -1.00364e-13
3 -5.71987e-13
31012 3
1 -6.03961e-14
2 -1.00364e-13
3 -5.57776e-13
31014 3
1 -4.08562e-14
2 -9.32587e-14
3 -5.64881e-13
31016 3
1 -4.44089e-14
2 -5.15143e-14
3 -5.54223e-13
31018 3
1 -5.32907e-14
2 -7.4607e-14
3 -5.80869e-13
31020 3
1 -6.03961e-14
2 -6.30607e-14
3 -5.82645e-13
31022 3
1 -6.92779e-14
2 -6.92779e-14
3 -5.77316e-13
31024 3
1 -5.15143e-14
2 -7.4607e-14
3 -5.71987e-13
31026 3
1 -4.44089e-14
2 -6.83897e-14
3 -5.54223e-13
31028 3
1 -3.55271e-14
2 -9.68114e-14
3 -5.68434e-13
31030 3
1 -3.55271e-14
2 -8.70415e-14
3 -5.47118e-13
31032 3
1 -5.86198e-14
2 -9.14824e-14
3 -5.86198e-13
31034 3
1 -2.30926e-14
2 -7.54952e-14
3 -5.73763e-13
31036 3
1 -4.08562e-14
2 -9.23706e-14
3 -5.54223e-13
31038 3
1 -4.79616e-14
2 -7.54952e-14
3 -5.84421e-13
31040 3
1 -4.9738e-14
2 -7.72715e-14
3 -5.57776e-13
31042 3
1 -4.08562e-14
2 -1.04805e-13
3 -5.68434e-13
31044 3
1 -5.32907e-14
2 -1.02141e-13
3 -5.87974e-13
31046 3
1 -3.90799e-14
2 -1.06581e-13
3 -5.7554e-13
31048 3
1 -4.79616e-14
2 -7.4607e-14
3 -5.68434e-13
31050 3
1 -3.37508e-14
2 -1.00364e-13
3 -5.80869e-13
31052 3
1 -3.90799e-14
2 -8.88178e-14
3 -5.80869e-13
31054 3
1 -3.37508e-14
2 -7.4607e-14
3 -5.80869e-13
31056 3
1 -4.26326e-14
2 -1.43885e-13
3 -5.82645e-13
31058 3
1 -2.30926e-14
2 -6.12843e-14
3 -5.61329e-13
31060 3
1 -5.68434e-14
2 -1.0747e-13
3 -5.77316e-13
31062 3
1 -4.79616e-14
2 -9.9476e-14
3 -5.7554e-13
31064 3
1 -4.79616e-14
2 -8.61533e-14
3 -5.84421e-13
31066 3
1 -4.08562e-14
2 -9.9476e-14
3 -5.8975e-13
31068 3
1 -3.01981e-14
2 -9.50351e-14
3 -5.84421e-13
31070 3
1 -6.39488e-14
2 -8.26006e-14
3 -5.82645e-13
31072 3
1 -5.50671e-14
2 -1.03029e-13
3 -5.77316e-13
31074 3
1 -4.79616e-14
2 -1.05693e-13
3 -5.82645e-13
31076 3
1 -4.08562e-14
2 -1.0747e-13
3 -5.9508e-13
31078 3
1 -5.32907e-14
2 -9.68114e-14
3 -5.7554e-13
31080 3
1 -4.79616e-14
2 -7.90479e-14
3 -6.11067e-13
31082 3
1 -3.01981e-14
2 -1.03029e-13
3 -5.52447e-13
31084 3
1 -4.61853e-14
2 -9.9476e-14
3 -5.73763e-13
31086 3
1 -4.61853e-14
2 -9.50351e-14
3 -5.80869e-13
31088 3
1 -4.61853e-14
2 -8.79297e-14
3 -6.02185e-13
31090 3
1 -4.61853e-14
2 -6.83897e-14
3 -5.79092e-13
31092 3
1 -4.61853e-14
2 -8.9706e-14
3 -5.7554e-13
31094 3
1 -5.68434e-14
2 -1.10134e-13
3 -5.83533e-13
31096 3
1 -3.37508e-14
2 -9.23706e-14
3 -5.88862e-13
31098 3
1 -2.30926e-14
2 -8.70415e-14
3 -6.05738e-13
31100 3
1 -7.63833e-14
2 -9.50351e-14
3 -5.79981e-13
31102 3
1 -5.15143e-14
2 -8.88178e-14
3 -6.00409e-13
31104 3
1 -6.57252e-14
2 -9.50351e-14
3 -5.86198e-13
31106 3
1 -4.26326e-14
2 -9.9476e-14
3 -5.87086e-13
31108 3
1 -4.79616e-14
2 -8.70415e-14
3 -5.62217e-13
31110 3
1 -5.68434e-14
2 -1.05693e-13
3 -5.59552e-13
31112 3
1 -6.21725e-14
2 -9.41469e-14
3 -5.82645e-13
31114 3
1 -3.73035e-14
2 -8.88178e-14
3 -5.67546e-13
31116 3
1 -4.79616e-14
2 -7.72715e-14
3 -5.76428e-13
31118 3
1 -4.79616e-14
2 -7.72715e-14
3 -5.57776e-13
31120 3
1 -5.32907e-14
2 -7.37188e-14
3 -5.63105e-13
31122 3
1 -6.75016e-14
2 -8.70415e-14
3 -5.76428e-13
31124 3
1 -5.50671e-14
2 -9.41469e-14
3 -5.61329e-13
31126 3
1 -6.39488e-14
2 -8.9706e-14
3 -5.44453e-13
31128 3
1 -6.92779e-14
2 -9.32587e-14
3 -5.69322e-13
31130 3
1 -4.79616e-14
2 -6.66134e-14
3 -5.49782e-13
31132 3
1 -3.01981e-14
2 -1.02141e-13
3 -5.45342e-13
31134 3
1 -5.50671e-14
2 -9.14824e-14
3 -5.79981e-13
31136 3
1 -4.26326e-14
2 -8.88178e-14
3 -5.79092e-13
31138 3
1 -6.03961e-14
2 -1.13687e-13
3 -5.67546e-13
31140 3
1 -4.61853e-14
2 -9.14824e-14
3 -5.69322e-13
31142 3
1 -4.26326e-14
2 -7.72715e-14
3 -5.81757e-13
31144 3
1 -5.68434e-14
2 -9.14824e-14
3 -5.49782e-13
31146 3
1 -4.79616e-14
2 -7.90479e-14
3 -5.87086e-13
31148 3
1 -6.21725e-14
2 -6.92779e-14
3 -5.80869e-13
31150 3
1 -5.86198e-14
2 -1.01252e-13
3 -5.7554e-13
31152 3
1 -4.9738e-14
2 -1.13687e-13
3 -5.77316e-13
31154 3
1 -5.15143e-14
2 -8.17124e-14
3 -5.68434e-13
31156 3
1 -5.15143e-14
2 -1.1724e-13
3 -5.61329e-13
31158 3
1 -4.9738e-14
2 -9.68114e-14
3 -5.94191e-13
31160 3
1 -6.92779e-14
2 -1.18128e-13
3 -5.66658e-13
31162 3
1 -6.75016e-14
2 -1.15463e-13
3 -5.7554e-13
31164 3
1 -5.86198e-14
2 -1.01252e-13
3 -5.84421e-13
31166 3
1 -6.92779e-14
2 -1.05693e-13
3 -6.02185e-13
31168 3
1 -8.17124e-14
2 -1.11022e-13
3 -5.88862e-13
31170 3
1 -5.68434e-14
2 -1.20792e-13
3 -5.79092e-13
31172 3
1 -6.03961e-14
2 -1.02141e-13
3 -5.76428e-13
31174 3
1 -6.39488e-14
2 -8.17124e-14
3 -5.71099e-13
31176 3
1 -6.57252e-14
2 -1.03029e-13
3 -5.57776e-13
31178 3
1 -9.41469e-14
2 -1.08358e-13
3 -5.67546e-13
31180 3
1 -6.75016e-14
2 -9.85878e-14
3 -5.52447e-13
31182 3
1 -6.39488e-14
2 -8.79297e-14
3 -5.61329e-13
31184 3
1 -6.39488e-14
2 -8.52651e-14
3 -5.60441e-13
31186 3
1 -5.86198e-14
2 -9.59233e-14
3 -5.92415e-13
31188 3
1 -5.68434e-14
2 -8.79297e-14
3 -5.81757e-13
31190 3
1 -8.17124e-14
2 -1.19904e-13
3 -5.74651e-13
31192 3
1 -4.44089e-14
2 -9.85878e-14
3 -5.63993e-13
31194 3
1 -6.39488e-14
2 -1.14575e-13
3 -5.63105e-13
31196 3
1 -6.57252e-14
2 -8.70415e-14
3 -5.84421e-13
31198 3
1 -7.63833e-14
2 -6.92779e-14
3 -5.79981e-13
31200 3
1 -6.39488e-14
2 -1.29674e-13
3 -5.87974e-13
31202 3
1 -6.75016e-14
2 -8.70415e-14
3 -5.8975e-13
31204 3
1 -7.81597e-14
2 -8.26006e-14
3 -5.71987e-13
31206 3
1 -7.28306e-14
2 -1.1191e-13
3 -6.03073e-13
31208 3
1 -8.52651e-14
2 -7.4607e-14
3 -5.77316e-13
31210 3
1 -8.70415e-14
2 -5.15143e-14
3 -6.04405e-13
31212 3
1 -8.34888e-14
2 -8.26006e-14
3 -5.94635e-13
31214 3
1 -8.70415e-14
2 -7.37188e-14
3 -6.00409e-13
31216 3
1 -6.75016e-14
2 -8.08242e-14
3 -5.87086e-13
31218 3
1 -9.41469e-14
2 -7.19425e-14
3 -6.01741e-13
31220 3
1 -6.21725e-14
2 -7.81597e-14
3 -5.9952e-13
31222 3
1 -8.34888e-14
2 -7.90479e-14
3 -5.94191e-13
31224 3
1 -6.92779e-14
2 -8.17124e-14
3 -6.05738e-13
31226 3
1 -5.15143e-14
2 -8.61533e-14
3 -5.88862e-13
31228 3
1 -8.34888e-14
2 -7.72715e-14
3 -5.79536e-13
31230 3
1 -9.05942e-14
2 -8.61533e-14
3 -5.79092e-13
31232 3
1 -8.70415e-14
2 -7.81597e-14
3 -5.77316e-13
31234 3
1 -9.05942e-14
2 -5.06262e-14
3 -5.95524e-13
31236 3
1 -8.70415e-14
2 -1.03029e-13
3 -5.82645e-13
31238 3
1 -8.88178e-14
2 -6.03961e-14
3 -5.91083e-13
31240 3
1 -8.70415e-14
2 -9.05942e-14
3 -6.03073e-13
31242 3
1 -6.75016e-14
2 -7.37188e-14
3 -5.69766e-13
31244 3
1 -9.59233e-14
2 -7.63833e-14
3 -5.8531e-13
31246 3
1 -6.75016e-14
2 -8.08242e-14
3 -6.01297e-13
31248 3
1 -7.63833e-14
2 -1.03029e-13
3 -5.87974e-13
31250 3
1 -9.76996e-14
2 -8.79297e-14
3 -6.29718e-13
31252 3
1 -7.10543e-14
2 -8.52651e-14
3 -5.8975e-13
31254 3
1 -6.39488e-14
2 -7.10543e-14
3 -5.84421e-13
31256 3
1 -7.63833e-14
2 -7.19425e-14
3 -5.74207e-13
31258 3
1 -6.92779e-14
2 -7.99361e-14
3 -5.79981e-13
31260 3
1 -7.4607e-14
2 -9.50351e-14
3 -5.95524e-13
31262 3
1 -9.05942e-14
2 -8.88178e-14
3 -6.02629e-13
31264 3
1 -9.23706e-14
2 -9.85878e-14
3 -6.05738e-13
31266 3
1 -8.17124e-14
2 -8.70415e-14
3 -5.89306e-13
31268 3
1 -8.17124e-14
2 -7.99361e-14
3 -6.17284e-13
31270 3
1 -6.39488e-14
2 -8.43769e-14
3 -5.91527e-13
31272 3
1 -1.06581e-13
2 -8.08242e-14
3 -6.13287e-13
31274 3
1 -9.23706e-14
2 -7.01661e-14
3 -6.05738e-13
31276 3
1 -7.10543e-14
2 -4.88498e-14
3 -6.03517e-13
31278 3
1 -7.81597e-14
2 -6.12843e-14
3 -6.10623e-13
31280 3
1 -1.06581e-13
2 -1.01252e-13
3 -5.9508e-13
31282 3
1 -8.70415e-14
2 -6.4837e-14
3 -5.9952e-13
31284 3
1 -9.23706e-14
2 -6.03961e-14
3 -5.71987e-13
31286 3
1 -1.10134e-13
2 -6.21725e-14
3 -6.03073e-13
31288 3
1 -7.4607e-14
2 -6.21725e-14
3 -5.94191e-13
31290 3
1 -8.34888e-14
2 -5.59552e-14
3 -6.05294e-13
31292 3
1 -7.99361e-14
2 -6.57252e-14
3 -6.11955e-13
31294 3
1 -7.99361e-14
2 -6.57252e-14
3 -6.02629e-13
31296 3
1 -8.70415e-14
2 -6.03961e-14
3 -5.9508e-13
31298 3
1 -7.63833e-14
2 -7.28306e-14
3 -5.88862e-13
31300 3
1 -8.34888e-14
2 -7.99361e-14
3 -6.09734e-13
31302 3
1 -9.41469e-14
2 -3.37508e-14
3 -6.23057e-13
31304 3
1 -8.70415e-14
2 -6.39488e-14
3 -5.91527e-13
31306 3
1 -6.03961e-14
2 -4.44089e-14
3 -6.01741e-13
31308 3
1 -6.92779e-14
2 -4.26326e-14
3 -6.10623e-13
31310 3
1 -7.28306e-14
2 -6.4837e-14
3 -6.0485e-13
31312 3
1 -8.70415e-14
2 -4.79616e-14
3 -5.75984e-13
31314 3
1 -9.76996e-14
2 -4.61853e-14
3 -5.83533e-13
31316 3
1 -5.15143e-14
2 -4.44089e-14
3 -5.94635e-13
31318 3
1 -7.99361e-14
2 -4.44089e-14
3 -6.14619e-13
31320 3
1 -6.57252e-14
2 -6.03961e-14
3 -5.85754e-13
31322 3
1 -7.4607e-14
2 -5.15143e-14
3 -6.12843e-13
31324 3
1 -9.23706e-14
2 -7.90479e-14
3 -6.27054e-13
31326 3
1 -6.39488e-14
2 -3.28626e-14
3 -6.13731e-13
31328 3
1 -7.28306e-14
2 -6.75016e-14
3 -5.84421e-13
31330 3
1 -9.23706e-14
2 -6.57252e-14
3 -6.17284e-13
31332 3
1 -9.76996e-14
2 -4.79616e-14
3 -6.03073e-13
31334 3
1 -7.81597e-14
2 -6.30607e-14
3 -6.03517e-13
31336 3
1 -1.01252e-13
2 -6.12843e-14
3 -5.90639e-13
31338 3
1 -8.52651e-14
2 -4.70735e-14
3 -6.10623e-13
31340 3
1 -8.34888e-14
2 -5.9508e-14
3 -6.26166e-13
31342 3
1 -7.81597e-14
2 -5.24025e-14
3 -6.17284e-13
31344 3
1 -9.05942e-14
2 -6.03961e-14
3 -6.04405e-13
31346 3
1 -8.34888e-14
2 -6.21725e-14
3 -6.14619e-13
31348 3
1 -7.4607e-14
2 -5.24025e-14
3 -6.29274e-13
31350 3
1 -5.15143e-14
2 -6.12843e-14
3 -6.2883e-13
31352 3
1 -6.57252e-14
2 -6.75016e-14
3 -6.15952e-13
31354 3
1 -6.92779e-14
2 -5.24025e-14
3 -5.91971e-13
31356 3
1 -8.70415e-14
2 -9.14824e-14
3 -5.88418e-13
31358 3
1 -7.99361e-14
2 -7.72715e-14
3 -6.0707e-13
31360 3
1 -5.32907e-14
2 -4.9738e-14
3 -6.19949e-13
31362 3
1 -7.4607e-14
2 -9.59233e-14
3 -6.0485e-13
31364 3
1 -6.21725e-14
2 -5.86198e-14
3 -6.20837e-13
31366 3
1 -5.68434e-14
2 -4.79616e-14
3 -6.40821e-13
31368 3
1 -6.57252e-14
2 -3.01981e-14
3 -6.11955e-13
31370 3
1 -5.50671e-14
2 -3.19744e-14
3 -6.0707e-13
31372 3
1 -6.21725e-14
2 -2.84217e-14
3 -5.98188e-13
31374 3
1 -5.86198e-14
2 -7.19425e-14
3 -6.1906e-13
31376 3
1 -9.23706e-14
2 -5.68434e-14
3 -6.34159e-13
31378 3
1 -7.81597e-14
2 -5.06262e-14
3 -6.16396e-13
31380 3
1 -4.9738e-14
2 -5.50671e-14
3 -6.05738e-13
31382 3
1 -6.03961e-14
2 -6.03961e-14
3 -5.91527e-13
31384 3
1 -4.08562e-14
2 -4.88498e-14
3 -6.08402e-13
31386 3
1 -4.61853e-14
2 -6.57252e-14
3 -5.96412e-13
31388 3
1 -3.55271e-14
2 -3.73035e-14
3 -6.19504e-13
31390 3
1 -1.59872e-14
2 -6.66134e-14
3 -6.15508e-13
31392 3
1 -5.86198e-14
2 -4.35207e-14
3 -6.0707e-13
31394 3
1 -4.08562e-14
2 -4.79616e-14
3 -6.03073e-13
31396 3
1 -5.68434e-14
2 -6.12843e-14
3 -6.28386e-13
31398 3
1 -4.61853e-14
2 -3.10862e-14
3 -5.76428e-13
31400 3
1 -6.03961e-14
2 -5.68434e-14
3 -6.1684e-13
31402 3
1 -4.9738e-14
2 -8.34888e-14
3 -6.15064e-13
31404 3
1 -4.44089e-14
2 -6.4837e-14
3 -6.05294e-13
31406 3
1 -3.37508e-14
2 -5.86198e-14
3 -6.32827e-13
31408 3
1 -4.08562e-14
2 -5.9508e-14
3 -5.9952e-13
31410 3
1 -2.66454e-14
2 -6.57252e-14
3 -6.26166e-13
31412 3
1 -4.26326e-14
2 -9.32587e-14
3 -6.20837e-13
31414 3
1 -4.61853e-14
2 -6.4837e-14
3 -6.12843e-13
31416 3
1 -4.79616e-14
2 -6.21725e-14
3 -6.21725e-13
31418 3
1 -4.79616e-14
2 -8.34888e-14
3 -6.26166e-13
31420 3
1 -4.61853e-14
2 -4.08562e-14
3 -6.23501e-13
31422 3
1 -4.26326e-14
2 -6.66134e-14
3 -6.2661e-13
31424 3
1 -4.26326e-14
2 -9.23706e-14
3 -6.19504e-13
31426 3
1 -5.86198e-14
2 -7.72715e-14
3 -6.24834e-13
31428 3
1 -4.61853e-14
2 -6.75016e-14
3 -6.0929e-13
31430 3
1 -4.44089e-14
2 -4.52971e-14
3 -6.19504e-13
31432 3
1 -3.55271e-14
2 -6.21725e-14
3 -6.27942e-13
31434 3
1 -5.50671e-14
2 -5.68434e-14
3 -6.11067e-13
31436 3
1 -1.42109e-14
2 -6.4837e-14
3 -5.973e-13
31438 3
1 -3.73035e-14
2 -5.50671e-14
3 -6.03517e-13
31440 3
1 -3.01981e-14
2 -5.50671e-14
3 -6.33271e-13
31442 3
1 -5.32907e-14
2 -7.01661e-14
3 -6.22613e-13
31444 3
1 -5.50671e-14
2 -5.68434e-14
3 -6.23501e-13
31446 3
1 -6.75016e-14
2 -5.50671e-14
3 -6.34603e-13
31448 3
1 -4.61853e-14
2 -6.21725e-14
3 -6.34603e-13
31450 3
1 -5.50671e-14
2 -3.64153e-14
3 -6.21725e-13
31452 3
1 -5.68434e-14
2 -5.59552e-14
3 -6.32827e-13
31454 3
1 -6.75016e-14
2 -7.01661e-14
3 -6.24389e-13
31456 3
1 -6.21725e-14
2 -5.59552e-14
3 -6.35492e-13
31458 3
1 -6.75016e-14
2 -7.01661e-14
3 -6.43485e-13
31460 3
1 -4.9738e-14
2 -5.59552e-14
3 -6.07514e-13
31462 3
1 -7.10543e-14
2 -5.41789e-14
3 -6.31495e-13
31464 3
1 -6.03961e-14
2 -5.41789e-14
3 -6.23501e-13
31466 3
1 -5.68434e-14
2 -4.44089e-14
3 -6.39488e-13
31468 3
1 -6.57252e-14
2 -6.21725e-14
3 -6.27942e-13
31470 3
1 -6.03961e-14
2 -4.9738e-14
3 -6.35048e-13
31472 3
1 -6.21725e-14
2 -5.77316e-14
3 -6.39044e-13
31474 3
1 -5.86198e-14
2 -6.21725e-14
3 -6.26166e-13
31476 3
1 -7.28306e-14
2 -5.32907e-14
3 -6.0929e-13
31478 3
1 -7.63833e-14
2 -4.70735e-14
3 -6.29274e-13
31480 3
1 -6.21725e-14
2 -4.9738e-14
3 -6.06626e-13
31482 3
1 -4.61853e-14
2 -6.57252e-14
3 -6.11067e-13
31484 3
1 -5.68434e-14
2 -6.75016e-14
3 -6.43041e-13
31486 3
1 -5.32907e-14
2 -5.15143e-14
3 -6.21725e-13
31488 3
1 -4.79616e-14
2 -3.4639e-14
3 -6.08402e-13
31490 3
1 -5.59552e-14
2 -7.10543e-14
3 -6.24834e-13
31492 3
1 -5.9508e-14
2 -6.66134e-14
3 -6.40377e-13
31494 3
1 -5.32907e-14
2 -4.70735e-14
3 -6.33715e-13
31496 3
1 -6.75016e-14
2 -6.39488e-14
3 -6.26166e-13
31498 3
1 -7.81597e-14
2 -5.15143e-14
3 -6.40377e-13
31500 3
1 -7.81597e-14
2 -3.81917e-14
3 -6.24834e-13
31502 3
1 -7.99361e-14
2 -4.61853e-14
3 -5.973e-13
31504 3
1 -6.92779e-14
2 -4.44089e-14
3 -6.26166e-13
31506 3
1 -8.61533e-14
2 -5.59552e-14
3 -6.11955e-13
31508 3
1 -6.92779e-14
2 -4.9738e-14
3 -6.55476e-13
31510 3
1 -7.81597e-14
2 -4.9738e-14
3 -6.29274e-13
31512 3
1 -5.86198e-14
2 -5.06262e-14
3 -5.95968e-13
31514 3
1 -5.50671e-14
2 -4.61853e-14
3 -6.36824e-13
31516 3
1 -9.05942e-14
2 -4.61853e-14
3 -6.43041e-13
31518 3
1 -6.39488e-14
2 -6.03961e-14
3 -6.49258e-13
31520 3
1 -7.4607e-14
2 -4.26326e-14
3 -6.43929e-13
31522 3
1 -7.28306e-14
2 -4.79616e-14
3 -6.26166e-13
31524 3
1 -6.92779e-14
2 -2.4869e-14
3 -6.06626e-13
31526 3
1 -6.92779e-14
2 -5.68434e-14
3 -6.22613e-13
31528 3
1 -7.4607e-14
2 -4.44089e-14
3 -6.25278e-13
31530 3
1 -5.68434e-14
2 -5.24025e-14
3 -6.43929e-13
31532 3
1 -7.81597e-14
2 -4.08562e-14
3 -6.16396e-13
31534 3
1 -6.92779e-14
2 -7.63833e-14
3 -6.53255e-13
31536 3
1 -7.81597e-14
2 -3.4639e-14
3 -6.5814e-13
31538 3
1 -7.81597e-14
2 -7.19425e-14
3 -6.27498e-13
31540 3
1 -7.10543e-14
2 -8.26006e-14
3 -6.22169e-13
31542 3
1 -9.41469e-14
2 -4.44089e-14
3 -6.1906e-13
31544 3
1 -6.4837e-14
2 -3.4639e-14
3 -6.11955e-13
31546 3
1 -4.88498e-14
2 -5.77316e-14
3 -6.31495e-13
31548 3
1 -6.39488e-14
2 -6.03961e-14
3 -6.22169e-13
31550 3
1 -4.52971e-14
2 -4.61853e-14
3 -6.34603e-13
31552 3
1 -7.37188e-14
2 -5.86198e-14
3 -6.20393e-13
31554 3
1 -4.9738e-14
2 -4.44089e-14
3 -6.32827e-13
31556 3
1 -4.44089e-14
2 -5.59552e-14
3 -6.36824e-13
31558 3
1 -3.9968e-14
2 -5.41789e-14
3 -6.44818e-13
31560 3
1 -6.57252e-14
2 -5.32907e-14
3 -6.34603e-13
31562 3
1 -3.73035e-14
2 -4.26326e-14
3 -6.06626e-13
31564 3
1 -3.73035e-14
2 -6.75016e-14
3 -6.00409e-13
31566 3
1 -5.41789e-14
2 -6.75016e-14
3 -6.40821e-13
31568 3
1 -5.32907e-14
2 -6.39488e-14
3 -6.10179e-13
31570 3
1 -3.81917e-14
2 -7.28306e-14
3 -6.03961e-13
31572 3
1 -6.92779e-14
2 -6.75016e-14
3 -6.18172e-13
31574 3
1 -5.06262e-14
2 -8.08242e-14
3 -6.22613e-13
31576 3
1 -4.61853e-14
2 -7.54952e-14
3 -6.35048e-13
31578 3
1 -6.39488e-14
2 -8.43769e-14
3 -6.15064e-13
31580 3
1 -4.26326e-14
2 -8.26006e-14
3 -6.39488e-13
31582 3
1 -5.24025e-14
2 -7.10543e-14
3 -6.386e-13
31584 3
1 -4.44089e-14
2 -7.28306e-14
3 -6.13731e-13
31586 3
1 -5.77316e-14
2 -5.41789e-14
3 -6.03073e-13
31588 3
1 -5.50671e-14
2 -7.19425e-14
3 -5.973e-13
31590 3
1 -8.52651e-14
2 -7.19425e-14
3 -6.21725e-13
31592 3
1 -5.68434e-14
2 -8.43769e-14
3 -6.2883e-13
31594 3
1 -6.92779e-14
2 -8.88178e-14
3 -6.23501e-13
31596 3
1 -6.92779e-14
2 -9.14824e-14
3 -6.17284e-13
31598 3
1 -6.39488e-14
2 -8.17124e-14
3 -6.34603e-13
31600 3
1 -3.73035e-14
2 -7.19425e-14
3 -6.39044e-13
31602 3
1 -5.9508e-14
2 -5.9508e-14
3 -6.19949e-13
31604 3
1 -5.9508e-14
2 -8.70415e-14
3 -6.23501e-13
31606 3
1 -7.10543e-14
2 -9.23706e-14
3 -6.19949e-13
31608 3
1 -5.59552e-14
2 -9.23706e-14
3 -6.06626e-13
31610 3
1 -4.9738e-14
2 -9.32587e-14
3 -6.14175e-13
31612 3
1 -5.86198e-14
2 -8.88178e-14
3 -6.29718e-13
31614 3
1 -5.15143e-14
2 -9.76996e-14
3 -6.54143e-13
31616 3
1 -8.17124e-14
2 -7.63833e-14
3 -6.42153e-13
31618 3
1 -6.03961e-14
2 -8.70415e-14
3 -6.20393e-13
31620 3
1 -5.15143e-14
2 -9.41469e-14
3 -6.06626e-13
31622 3
1 -5.9508e-14
2 -8.79297e-14
3 -6.3638e-13
31624 3
1 -6.4837e-14
2 -8.79297e-14
3 -6.23057e-13
31626 3
1 -6.21725e-14
2 -9.32587e-14
3 -6.24834e-13
31628 3
1 -6.57252e-14
2 -8.88178e-14
3 -6.10623e-13
31630 3
1 -6.92779e-14
2 -5.86198e-14
3 -6.51923e-13
31632 3
1 -7.63833e-14
2 -1.03029e-13
3 -6.24389e-13
31634 3
1 -9.68114e-14
2 -7.37188e-14
3 -6.29718e-13
31636 3
1 -4.9738e-14
2 -5.32907e-14
3 -6.32383e-13
31638 3
1 -7.99361e-14
2 -6.21725e-14
3 -6.24834e-13
31640 3
1 -6.39488e-14
2 -9.41469e-14
3 -6.54587e-13
31642 3
1 -9.50351e-14
2 -5.86198e-14
3 -6.16396e-13
31644 3
1 -5.32907e-14
2 -8.70415e-14
3 -6.13287e-13
31646 3
1 -4.9738e-14
2 -8.43769e-14
3 -6.33271e-13
31648 3
1 -7.63833e-14
2 -7.99361e-14
3 -6.30607e-13
31650 3
1 -6.4837e-14
2 -8.26006e-14
3 -6.21725e-13
31652 3
1 -5.50671e-14
2 -7.99361e-14
3 -6.27054e-13
31654 3
1 -5.15143e-14
2 -8.88178e-14
3 -6.03961e-13
31656 3
1 -5.68434e-14
2 -7.99361e-14
3 -6.20393e-13
31658 3
1 -6.30607e-14
2 -8.26006e-14
3 -6.15508e-13
31660 3
1 -4.88498e-14
2 -5.77316e-14
3 -6.43929e-13
31662 3
1 -5.15143e-14
2 -9.32587e-14
3 -6.32383e-13
31664 3
1 -7.10543e-14
2 -8.61533e-14
3 -6.10623e-13
31666 3
1 -4.17444e-14
2 -8.79297e-14
3 -6.1684e-13
31668 3
1 -6.39488e-14
2 -7.28306e-14
3 -6.37712e-13
31670 3
1 -4.70735e-14
2 -9.32587e-14
3 -6.30607e-13
31672 3
1 -5.32907e-14
2 -6.57252e-14
3 -6.11955e-13
31674 3
1 -7.19425e-14
2 -8.43769e-14
3 -6.21725e-13
31676 3
1 -6.75016e-14
2 -1.03917e-13
3 -6.18172e-13
31678 3
1 -6.83897e-14
2 -6.21725e-14
3 -6.35936e-13
31680 3
1 -5.50671e-14
2 -1.01252e-13
3 -6.28386e-13
31682 3
1 -6.57252e-14
2 -6.66134e-14
3 -6.27942e-13
31684 3
1 -5.32907e-14
2 -1.02141e-13
3 -6.51035e-13
31686 3
1 -6.39488e-14
2 -6.75016e-14
3 -6.25278e-13
31688 3
1 -5.86198e-14
2 -6.21725e-14
3 -6.43929e-13
31690 3
1 -6.75016e-14
2 -9.23706e-14
3 -6.27498e-13
31692 3
1 -7.4607e-14
2 -7.63833e-14
3 -6.08846e-13
31694 3
1 -5.77316e-14
2 -1.03029e-13
3 -6.2661e-13
31696 3
1 -3.73035e-14
2 -8.17124e-14
3 -6.07514e-13
31698 3
1 -7.37188e-14
2 -8.52651e-14
3 -6.4837e-13
31700 3
1 -4.35207e-14
2 -9.59233e-14
3 -6.11511e-13
31702 3
1 -6.03961e-14
2 -9.05942e-14
3 -6.15508e-13
31704 3
1 -7.63833e-14
2 -9.9476e-14
3 -5.81757e-13
31706 3
1 -6.21725e-14
2 -9.41469e-14
3 -5.94191e-13
31708 3
1 -6.57252e-14
2 -9.14824e-14
3 -6.15508e-13
31710 3
1 -4.9738e-14
2 -8.79297e-14
3 -5.88862e-13
31712 3
1 -4.35207e-14
2 -9.05942e-14
3 -6.05294e-13
31714 3
1 -5.86198e-14
2 -1.15463e-13
3 -6.01741e-13
31716 3
1 -4.52971e-14
2 -9.9476e-14
3 -6.06626e-13
31718 3
1 -4.70735e-14
2 -7.63833e-14
3 -6.05294e-13
31720 3
1 -2.66454e-14
2 -9.59233e-14
3 -5.87974e-13
31722 3
1 -2.4869e-14
2 -1.01252e-13
3 -5.79981e-13
31724 3
1 -6.03961e-14
2 -1.05693e-13
3 -5.9508e-13
31726 3
1 -6.03961e-14
2 -1.09246e-13
3 -6.16396e-13
31728 3
1 -6.03961e-14
2 -6.4837e-14
3 -6.03961e-13
31730 3
1 -6.03961e-14
2 -1.1191e-13
3 -6.51923e-13
31732 3
1 -3.73035e-14
2 -1.01252e-13
3 -6.25278e-13
31734 3
1 -6.21725e-14
2 -9.41469e-14
3 -6.11067e-13
31736 3
1 -5.32907e-14
2 -9.85878e-14
3 -6.12843e-13
31738 3
1 -5.86198e-14
2 -9.32587e-14
3 -6.27054e-13
31740 3
1 -5.86198e-14
2 -1.35003e-13
3 -6.07514e-13
31742 3
1 -5.68434e-14
2 -7.10543e-14
3 -6.10179e-13
31744 3
1 -6.21725e-14
2 -7.28306e-14
3 -6.23501e-13
31746 3
1 -5.86198e-14
2 -6.83897e-14
3 -6.03961e-13
31748 3
1 -5.32907e-14
2 -9.14824e-14
3 -6.46594e-13
31750 3
1 -4.79616e-14
2 -9.41469e-14
3 -6.27054e-13
31752 3
1 -5.68434e-14
2 -1.14575e-13
3 -6.25278e-13
31754 3
1 -4.9738e-14
2 -9.50351e-14
3 -6.23501e-13
31756 3
1 -6.92779e-14
2 -9.23706e-14
3 -6.27942e-13
31758 3
1 -6.92779e-14
2 -7.63833e-14
3 -6.06626e-13
31760 3
1 -6.75016e-14
2 -9.68114e-14
3 -6.07514e-13
31762 3
1 -5.15143e-14
2 -9.23706e-14
3 -6.07514e-13
31764 3
1 -5.32907e-14
2 -1.13687e-13
3 -6.33271e-13
31766 3
1 -6.39488e-14
2 -1.03917e-13
3 -6.0929e-13
31768 3
1 -6.92779e-14
2 -1.08358e-13
3 -6.32383e-13
31770 3
1 -6.21725e-14
2 -1.06581e-13
3 -6.01297e-13
31772 3
1 -4.79616e-14
2 -9.14824e-14
3 -5.98632e-13
31774 3
1 -7.4607e-14
2 -9.59233e-14
3 -6.11067e-13
31776 3
1 -6.75016e-14
2 -1.28786e-13
3 -5.93303e-13
31778 3
1 -4.61853e-14
2 -1.13687e-13
3 -6.05738e-13
31780 3
1 -4.61853e-14
2 -1.03029e-13
3 -6.06626e-13
31782 3
1 -4.26326e-14
2 -1.24345e-13
3 -5.51559e-13
31784 3
1 -5.68434e-14
2 -1.03917e-13
3 -6.11955e-13
31786 3
1 -3.73035e-14
2 -1.22569e-13
3 -5.95968e-13
31788 3
1 -5.68434e-14
2 -1.19016e-13
3 -6.25278e-13
31790 3
1 -5.15143e-14
2 -1.10134e-13
3 -6.16396e-13
31792 3
1 -5.86198e-14
2 -9.59233e-14
3 -6.12843e-13
31794 3
1 -5.32907e-14
2 -1.14575e-13
3 -5.94191e-13
31796 3
1 -7.4607e-14
2 -1.19016e-13
3 -6.27054e-13
31798 3
1 -5.15143e-14
2 -1.10134e-13
3 -6.27054e-13
31800 3
1 -5.86198e-14
2 -1.02141e-13
3 -6.0929e-13
31802 3
1 -5.68434e-14
2 -1.19016e-13
3 -6.20837e-13
31804 3
1 -5.68434e-14
2 -1.11022e-13
3 -6.16396e-13
31806 3
1 -5.32907e-14
2 -1.22569e-13
3 -5.87974e-13
31808 3
1 -6.57252e-14
2 -1.14575e-13
3 -6.05738e-13
31810 3
1 -5.15143e-14
2 -1.32339e-13
3 -6.22613e-13
31812 3
1 -4.44089e-14
2 -1.12799e-13
3 -5.91527e-13
31814 3
1 -3.01981e-14
2 -1.01252e-13
3 -6.0485e-13
31816 3
1 -5.32907e-14
2 -1.27898e-13
3 -6.14619e-13
31818 3
1 -7.63833e-14
2 -1.01252e-13
3 -6.11955e-13
31820 3
1 -3.55271e-14
2 -1.26121e-13
3 -5.96856e-13
31822 3
1 -4.26326e-14
2 -1.01252e-13
3 -6.15508e-13
31824 3
1 -4.61853e-14
2 -1.10134e-13
3 -6.30607e-13
31826 3
1 -3.01981e-14
2 -1.20792e-13
3 -6.2883e-13
31828 3
1 -3.90799e-14
2 -9.85878e-14
3 -6.20837e-13
31830 3
1 -4.9738e-14
2 -1.23457e-13
3 -6.29718e-13
31832 3
1 -7.37188e-14
2 -1.0747e-13
3 -6.03961e-13
31834 3
1 -6.57252e-14
2 -1.04805e-13
3 -5.87086e-13
31836 3
1 -6.4837e-14
2 -1.16351e-13
3 -6.27054e-13
31838 3
1 -6.75016e-14
2 -1.10134e-13
3 -6.45706e-13
31840 3
1 -5.68434e-14
2 -1.02141e-13
3 -6.11067e-13
31842 3
1 -4.79616e-14
2 -7.28306e-14
3 -6.01297e-13
31844 3
1 -5.86198e-14
2 -7.90479e-14
3 -6.11955e-13
31846 3
1 -5.24025e-14
2 -1.03029e-13
3 -5.90639e-13
31848 3
1 -5.06262e-14
2 -1.50102e-13
3 -6.1906e-13
31850 3
1 -4.79616e-14
2 -1.03917e-13
3 -6.23501e-13
31852 3
1 -4.44089e-14
2 -1.11022e-13
3 -5.9952e-13
31854 3
1 -4.17444e-14
2 -1.23457e-13
3 -6.23501e-13
31856 3
1 -4.88498e-14
2 -9.32587e-14
3 -6.07514e-13
31858 3
1 -7.37188e-14
2 -1.15463e-13
3 -6.29718e-13
31860 3
1 -6.66134e-14
2 -1.2168e-13
3 -6.22613e-13
31862 3
1 -5.15143e-14
2 -1.05693e-13
3 -6.03961e-13
31864 3
1 -3.73035e-14
2 -1.24345e-13
3 -6.23501e-13
31866 3
1 -5.41789e-14
2 -9.85878e-14
3 -6.30607e-13
31868 3
1 -4.61853e-14
2 -1.05693e-13
3 -6.56364e-13
31870 3
1 -6.75016e-14
2 -9.32587e-14
3 -6.03961e-13
31872 3
1 -2.66454e-14
2 -8.17124e-14
3 -6.12843e-13
31874 3
1 -3.90799e-14
2 -8.17124e-14
3 -5.91527e-13
31876 3
1 -4.70735e-14
2 -1.02141e-13
3 -5.8975e-13
31878 3
1 -3.4639e-14
2 -7.01661e-14
3 -6.14619e-13
31880 3
1 -4.35207e-14
2 -1.08358e-13
3 -6.27942e-13
31882 3
1 -4.44089e-14
2 -7.99361e-14
3 -6.12843e-13
31884 3
1 -1.59872e-14
2 -1.10134e-13
3 -6.05738e-13
31886 3
1 -3.73035e-14
2 -1.03917e-13
3 -6.20837e-13
31888 3
1 -3.4639e-14
2 -1.35891e-13
3 -6.12843e-13
31890 3
1 -3.73035e-14
2 -1.46549e-13
3 -6.12843e-13
31892 3
1 -2.66454e-14
2 -1.02141e-13
3 -6.0929e-13
31894 3
1 -3.19744e-14
2 -1.12799e-13
3 -6.17284e-13
31896 3
1 -3.10862e-14
2 -1.19016e-13
3 -6.2883e-13
31898 3
1 -4.70735e-14
2 -1.05693e-13
3 -6.14619e-13
31900 3
1 -9.76996e-15
2 -1.13687e-13
3 -6.0485e-13
31902 3
1 -3.01981e-14
2 -1.33227e-13
3 -6.0929e-13
31904 3
1 -3.73035e-14
2 -1.39444e-13
3 -6.16396e-13
31906 3
1 -1.77636e-14
2 -1.05693e-13
3 -6.27942e-13
31908 3
1 2.66454e-15
2 -1.0747e-13
3 -6.17284e-13
31910 3
1 -1.15463e-14
2 -1.03917e-13
3 -6.24389e-13
31912 3
1 -3.01981e-14
2 -1.12799e-13
3 -6.22613e-13
31914 3
1 -2.84217e-14
2 -1.13687e-13
3 -6.2883e-13
31916 3
1 -2.4869e-14
2 -1.1191e-13
3 -6.03961e-13
31918 3
1 -2.13163e-14
2 -1.15463e-13
3 -6.19949e-13
31920 3
1 -1.86517e-14
2 -1.16351e-13
3 -6.12843e-13
31922 3
1 -3.01981e-14
2 -8.79297e-14
3 -5.90639e-13
31924 3
1 -6.21725e-15
2 -1.14575e-13
3 -6.06626e-13
31926 3
1 -1.59872e-14
2 -1.34115e-13
3 -6.11067e-13
31928 3
1 -1.95399e-14
2 -1.27898e-13
3 -6.12843e-13
31930 3
1 6.21725e-15
2 -1.0747e-13
3 -6.08402e-13
31932 3
1 -2.22045e-14
2 -5.9508e-14
3 -5.96856e-13
31934 3
1 -2.66454e-14
2 -1.20792e-13
3 -6.11067e-13
31936 3
1 -1.95399e-14
2 -9.68114e-14
3 -6.07514e-13
31938 3
1 -1.68754e-14
2 -1.01252e-13
3 -6.19949e-13
31940 3
1 -6.21725e-15
2 -7.37188e-14
3 -6.02185e-13
31942 3
1 -2.13163e-14
2 -8.26006e-14
3 -6.25278e-13
31944 3
1 -3.10862e-14
2 -1.09246e-13
3 -5.91527e-13
31946 3
1 -2.30926e-14
2 -8.9706e-14
3 -6.03961e-13
31948 3
1 -2.4869e-14
2 -8.88178e-14
3 -6.16396e-13
31950 3
1 -2.13163e-14
2 -7.37188e-14
3 -6.12843e-13
31952 3
1 -2.66454e-14
2 -9.14824e-14
3 -6.10179e-13
31954 3
1 -1.77636e-14
2 -6.66134e-14
3 -6.13731e-13
31956 3
1 -1.15463e-14
2 -9.14824e-14
3 -6.26166e-13
31958 3
1 -2.84217e-14
2 -7.99361e-14
3 -6.00409e-13
31960 3
1 -4.79616e-14
2 -7.54952e-14
3 -5.92415e-13
31962 3
1 -3.28626e-14
2 -1.12799e-13
3 -5.73763e-13
31964 3
1 -1.42109e-14
2 -6.4837e-14
3 -5.79981e-13
31966 3
1 -4.44089e-15
2 -9.32587e-14
3 -5.56e-13
31968 3
1 -2.66454e-15
2 -6.4837e-14
3 -5.64881e-13
31970 3
1 -1.86517e-14
2 -6.75016e-14
3 -6.15508e-13
31972 3
1 1.24345e-14
2 -7.10543e-14
3 -5.7554e-13
31974 3
1 -1.77636e-14
2 -7.54952e-14
3 -5.8975e-13
31976 3
1 -2.13163e-14
2 -6.21725e-14
3 -5.60441e-13
31978 3
1 -7.10543e-15
2 -7.37188e-14
3 -6.00409e-13
31980 3
1 -2.30926e-14
2 -6.30607e-14
3 -6.14619e-13
31982 3
1 -3.28626e-14
2 -7.54952e-14
3 -6.0929e-13
31984 3
1 -3.19744e-14
2 -8.34888e-14
3 -5.90639e-13
31986 3
1 -3.4639e-14
2 -8.43769e-14
3 -5.82645e-13
31988 3
1 -2.84217e-14
2 -9.41469e-14
3 -5.76428e-13
31990 3
1 -3.64153e-14
2 -9.05942e-14
3 -5.94191e-13
31992 3
1 -4.70735e-14
2 -9.41469e-14
3 -6.00409e-13
31994 3
1 -7.10543e-15
2 -7.63833e-14
3 -6.17284e-13
31996 3
1 -1.42109e-14
2 -7.90479e-14
3 -6.00409e-13
31998 3
1 -1.86517e-14
2 -6.4837e-14
3 -6.0929e-13
32000 3
1 -1.06581e-14
2 -9.59233e-14
3 -6.08402e-13
32002 3
1 -4.44089e-14
2 -7.63833e-14
3 -6.01297e-13
32004 3
1 -8.88178e-15
2 -9.32587e-14
3 -6.21725e-13
32006 3
1 -3.28626e-14
2 -9.76996e-14
3 -5.86198e-13
32008 3
1 -3.55271e-14
2 -1.01252e-13
3 -6.03073e-13
32010 3
1 -2.75335e-14
2 -7.37188e-14
3 -6.20837e-13
32012 3
1 -4.61853e-14
2 -9.32587e-14
3 -6.16396e-13
32014 3
1 -1.95399e-14
2 -8.79297e-14
3 -6.29718e-13
32016 3
1 -2.57572e-14
2 -5.59552e-14
3 -6.18172e-13
32018 3
1 -3.37508e-14
2 -7.72715e-14
3 -6.29718e-13
32020 3
1 -3.28626e-14
2 -8.70415e-14
3 -6.03073e-13
32022 3
1 -3.73035e-14
2 -8.70415e-14
3 -5.9952e-13
32024 3
1 -2.4869e-14
2 -7.90479e-14
3 -6.14619e-13
32026 3
1 -4.17444e-14
2 -8.08242e-14
3 -6.19949e-13
32028 3
1 -4.26326e-14
2 -7.81597e-14
3 -6.22613e-13
32030 3
1 -3.37508e-14
2 -9.05942e-14
3 -6.10179e-13
32032 3
1 -4.08562e-14
2 -8.17124e-14
3 -6.40377e-13
32034 3
1 -9.76996e-15
2 -7.37188e-14
3 -6.32383e-13
32036 3
1 -2.13163e-14
2 -7.4607e-14
3 -5.96856e-13
32038 3
1 -1.77636e-14
2 -5.50671e-14
3 -6.10179e-13
32040 3
1 -2.22045e-14
2 -7.37188e-14
3 -6.35048e-13
32042 3
1 -4.17444e-14
2 -5.50671e-14
3 -6.27942e-13
32044 3
1 -1.77636e-15
2 -7.28306e-14
3 -6.33271e-13
32046 3
1 -5.32907e-14
2 -7.99361e-14
3 -6.22613e-13
32048 3
1 -4.70735e-14
2 -6.4837e-14
3 -6.02185e-13
32050 3
1 -3.01981e-14
2 -7.37188e-14
3 -6.15508e-13
32052 3
1 -4.70735e-14
2 -5.41789e-14
3 -6.11067e-13
32054 3
1 -4.44089e-14
2 -4.70735e-14
3 -6.18172e-13
32056 3
1 -7.10543e-15
2 -5.9508e-14
3 -6.18172e-13
32058 3
1 -3.81917e-14
2 -7.10543e-14
3 -6.11955e-13
32060 3
1 -4.52971e-14
2 -4.52971e-14
3 -6.0485e-13
32062 3
1 -2.75335e-14
2 -5.59552e-14
3 -6.14619e-13
32064 3
1 -2.57572e-14
2 -4.52971e-14
3 -6.12843e-13
32066 3
1 -1.15463e-14
2 -7.37188e-14
3 -6.21725e-13
32068 3
1 -4.35207e-14
2 -6.03961e-14
3 -5.96856e-13
32070 3
1 -2.57572e-14
2 -6.12843e-14
3 -6.386e-13
32072 3
1 -1.42109e-14
2 -5.59552e-14
3 -5.98632e-13
32074 3
1 -7.10543e-15
2 -7.01661e-14
3 -6.25278e-13
32076 3
1 -3.55271e-14
2 -7.10543e-14
3 -6.14619e-13
32078 3
1 -6.21725e-15
2 -8.26006e-14
3 -5.95968e-13
32080 3
1 -2.66454e-15
2 -6.83897e-14
3 -6.36824e-13
32082 3
1 -3.64153e-14
2 -6.75016e-14
3 -6.1906e-13
32084 3
1 -2.30926e-14
2 -6.39488e-14
3 -5.97744e-13
32086 3
1 -2.75335e-14
2 -7.90479e-14
3 -6.07514e-13
32088 3
1 -2.4869e-14
2 -7.4607e-14
3 -6.13731e-13
32090 3
1 -2.75335e-14
2 -7.19425e-14
3 -6.13731e-13
32092 3
1 -5.32907e-15
2 -7.10543e-14
3 -6.05738e-13
32094 3
1 -6.57252e-14
2 -7.72715e-14
3 -6.11955e-13
32096 3
1 -3.64153e-14
2 -4.9738e-14
3 -6.11067e-13
32098 3
1 -3.55271e-14
2 -9.23706e-14
3 -6.23501e-13
32100 3
1 -3.64153e-14
2 -3.55271e-14
3 -6.08402e-13
32102 3
1 -3.90799e-14
2 -7.99361e-14
3 -6.02185e-13
32104 3
1 -5.59552e-14
2 -7.81597e-14
3 -6.16396e-13
32106 3
1 -2.57572e-14
2 -6.92779e-14
3 -5.9952e-13
32108 3
1 -3.37508e-14
2 -5.24025e-14
3 -6.11067e-13
32110 3
1 -2.57572e-14
2 -5.15143e-14
3 -5.86198e-13
32112 3
1 -3.4639e-14
2 -2.66454e-14
3 -6.16396e-13
32114 3
1 -5.06262e-14
2 -7.37188e-14
3 -6.13731e-13
32116 3
1 -3.4639e-14
2 -7.4607e-14
3 -6.386e-13
32118 3
1 -2.13163e-14
2 -6.75016e-14
3 -6.21725e-13
32120 3
1 -3.01981e-14
2 -6.92779e-14
3 -6.11067e-13
32122 3
1 -3.37508e-14
2 -4.61853e-14
3 -6.17284e-13
32124 3
1 -3.10862e-14
2 -7.90479e-14
3 -6.11955e-13
32126 3
1 -3.19744e-14
2 -5.32907e-14
3 -6.23501e-13
32128 3
1 -3.10862e-14
2 -6.4837e-14
3 -6.35048e-13
32130 3
1 -3.28626e-14
2 -5.06262e-14
3 -6.22613e-13
32132 3
1 -5.32907e-14
2 -6.21725e-14
3 -5.9952e-13
32134 3
1 -4.79616e-14
2 -5.59552e-14
3 -6.11067e-13
32136 3
1 -3.01981e-14
2 -7.54952e-14
3 -6.19949e-13
32138 3
1 -6.92779e-14
2 -6.12843e-14
3 -6.19949e-13
32140 3
1 -2.57572e-14
2 -6.75016e-14
3 -6.47482e-13
32142 3
1 -4.52971e-14
2 -7.19425e-14
3 -6.22613e-13
32144 3
1 -3.81917e-14
2 -9.14824e-14
3 -6.16396e-13
32146 3
1 -4.17444e-14
2 -8.08242e-14
3 -6.26166e-13
32148 3
1 -2.84217e-14
2 -8.17124e-14
3 -6.11067e-13
32150 3
1 -2.84217e-14
2 -8.61533e-14
3 -6.1906e-13
32152 3
1 -3.55271e-14
2 -9.68114e-14
3 -6.19949e-13
32154 3
1 -5.24025e-14
2 -7.4607e-14
3 -6.17284e-13
32156 3
1 -3.4639e-14
2 -7.4607e-14
3 -6.40377e-13
32158 3
1 -4.52971e-14
2 -7.63833e-14
3 -6.44818e-13
32160 3
1 -2.4869e-14
2 -7.99361e-14
3 -6.08402e-13
32162 3
1 -4.61853e-14
2 -9.23706e-14
3 -6.22613e-13
32164 3
1 -2.30926e-14
2 -8.9706e-14
3 -5.91527e-13
32166 3
1 -3.90799e-14
2 -9.23706e-14
3 -6.0929e-13
32168 3
1 -3.90799e-14
2 -5.59552e-14
3 -6.31495e-13
32170 3
1 -2.66454e-14
2 -8.43769e-14
3 -6.36824e-13
32172 3
1 -3.19744e-14
2 -7.19425e-14
3 -6.20837e-13
32174 3
1 -1.5099e-14
2 -9.50351e-14
3 -6.17284e-13
32176 3
1 -1.42109e-14
2 -8.08242e-14
3 -6.34159e-13
32178 3
1 -2.66454e-14
2 -6.75016e-14
3 -6.02185e-13
32180 3
1 -4.35207e-14
2 -7.99361e-14
3 -6.23501e-13
32182 3
1 -3.81917e-14
2 -1.01252e-13
3 -6.43041e-13
32184 3
1 -3.4639e-14
2 -8.9706e-14
3 -6.29718e-13
32186 3
1 -5.32907e-14
2 -1.00364e-13
3 -6.30607e-13
32188 3
1 -6.30607e-14
2 -9.41469e-14
3 -6.17284e-13
32190 3
1 -4.17444e-14
2 -7.4607e-14
3 -6.1906e-13
32192 3
1 -3.81917e-14
2 -1.00364e-13
3 -6.17284e-13
32194 3
1 -3.55271e-14
2 -1.08358e-13
3 -6.2883e-13
32196 3
1 -1.59872e-14
2 -1.0747e-13
3 -6.21725e-13
32198 3
1 -5.15143e-14
2 -7.99361e-14
3 -6.39488e-13
32200 3
1 -2.75335e-14
2 -1.03917e-13
3 -6.22613e-13
32202 3
1 -5.68434e-14
2 -9.76996e-14
3 -6.31495e-13
32204 3
1 -4.35207e-14
2 -1.02141e-13
3 -6.11067e-13
32206 3
1 -1.42109e-14
2 -1.09246e-13
3 -6.35048e-13
32208 3
1 -3.01981e-14
2 -1.05693e-13
3 -6.34159e-13
32210 3
1 -3.73035e-14
2 -9.76996e-14
3 -6.46594e-13
32212 3
1 -3.19744e-14
2 -1.05693e-13
3 -6.56364e-13
32214 3
1 -3.9968e-14
2 -1.08358e-13
3 -6.25278e-13
32216 3
1 -1.59872e-14
2 -9.23706e-14
3 -6.4837e-13
32218 3
1 -2.13163e-14
2 -9.32587e-14
3 -6.25278e-13
32220 3
1 -3.55271e-15
2 -8.52651e-14
3 -6.35048e-13
32222 3
1 -3.10862e-14
2 -9.59233e-14
3 -6.41265e-13
32224 3
1 -3.01981e-14
2 -9.68114e-14
3 -6.43041e-13
32226 3
1 -1.77636e-14
2 -1.06581e-13
3 -6.22613e-13
32228 3
1 -1.42109e-14
2 -1.08358e-13
3 -6.35936e-13
32230 3
1 -2.04281e-14
2 -1.04805e-13
3 -6.05738e-13
32232 3
1 -3.55271e-14
2 -1.09246e-13
3 -6.1906e-13
32234 3
1 -4.26326e-14
2 -8.61533e-14
3 -6.16396e-13
32236 3
1 -3.90799e-14
2 -9.41469e-14
3 -6.17284e-13
32238 3
1 -4.08562e-14
2 -9.9476e-14
3 -6.26166e-13
32240 3
1 -2.4869e-14
2 -9.59233e-14
3 -6.12843e-13
32242 3
1 -3.73035e-14
2 -1.1724e-13
3 -6.27054e-13
32244 3
1 -3.55271e-14
2 -1.12799e-13
3 -6.27942e-13
32246 3
1 -2.66454e-14
2 -9.59233e-14
3 -6.36824e-13
32248 3
1 -4.26326e-14
2 -9.23706e-14
3 -6.27054e-13
32250 3
1 -2.4869e-14
2 -1.05693e-13
3 -6.44818e-13
32252 3
1 -2.93099e-14
2 -9.68114e-14
3 -6.46594e-13
32254 3
1 -3.55271e-14
2 -9.68114e-14
3 -6.31495e-13
32256 3
1 -2.13163e-14
2 -8.9706e-14
3 -6.14619e-13
32258 3
1 -1.95399e-14
2 -8.79297e-14
3 -6.24389e-13
32260 3
1 -3.37508e-14
2 -9.05942e-14
3 -6.21725e-13
32262 3
1 -4.17444e-14
2 -1.00364e-13
3 -6.1906e-13
32264 3
1 -1.33227e-14
2 -9.9476e-14
3 -6.01297e-13
32266 3
1 -3.4639e-14
2 -1.10134e-13
3 -6.14619e-13
32268 3
1 -3.81917e-14
2 -1.06581e-13
3 -6.30607e-13
32270 3
1 -3.55271e-14
2 -1.04805e-13
3 -6.31495e-13
32272 3
1 -2.57572e-14
2 -7.19425e-14
3 -6.22613e-13
32274 3
1 -4.44089e-14
2 -9.50351e-14
3 -6.23501e-13
32276 3
1 -5.68434e-14
2 -1.13687e-13
3 -6.02185e-13
32278 3
1 -4.61853e-14
2 -1.08358e-13
3 -6.18172e-13
32280 3
1 -2.66454e-14
2 -9.59233e-14
3 -6.21725e-13
32282 3
1 -1.5099e-14
2 -9.14824e-14
3 -5.9508e-13
32284 3
1 -2.66454e-14
2 -8.9706e-14
3 -6.27942e-13
32286 3
1 -3.73035e-14
2 -5.77316e-14
3 -6.18172e-13
32288 3
1 -3.73035e-14
2 -9.41469e-14
3 -6.386e-13
32290 3
1 -2.93099e-14
2 -8.26006e-14
3 -6.19949e-13
32292 3
1 -2.66454e-14
2 -7.81597e-14
3 -6.36824e-13
32294 3
1 -2.22045e-14
2 -8.88178e-14
3 -6.30607e-13
32296 3
1 -5.15143e-14
2 -1.06581e-13
3 -6.22613e-13
32298 3
1 -4.61853e-14
2 -9.68114e-14
3 -6.43041e-13
32300 3
1 -3.28626e-14
2 -7.4607e-14
3 -6.36824e-13
32302 3
1 -1.86517e-14
2 -8.79297e-14
3 -6.20837e-13
32304 3
1 -6.03961e-14
2 -9.59233e-14
3 -6.50147e-13
32306 3
1 -2.39808e-14
2 -8.79297e-14
3 -6.11067e-13
32308 3
1 -4.08562e-14
2 -7.01661e-14
3 -6.44818e-13
32310 3
1 -3.73035e-14
2 -9.85878e-14
3 -6.35048e-13
32312 3
1 -5.15143e-14
2 -1.10134e-13
3 -5.96856e-13
32314 3
1 -4.9738e-14
2 -7.81597e-14
3 -6.27942e-13
32316 3
1 -2.66454e-14
2 -1.06581e-13
3 -6.23501e-13
32318 3
1 -2.93099e-14
2 -9.23706e-14
3 -6.43929e-13
32320 3
1 -2.84217e-14
2 -8.52651e-14
3 -6.11955e-13
32322 3
1 -4.52971e-14
2 -8.34888e-14
3 -6.17284e-13
32324 3
1 -3.19744e-14
2 -9.23706e-14
3 -6.14619e-13
32326 3
1 -3.55271e-14
2 -6.83897e-14
3 -6.44818e-13
32328 3
1 -3.01981e-14
2 -9.68114e-14
3 -6.27942e-13
32330 3
1 -4.26326e-14
2 -8.88178e-14
3 -6.42153e-13
32332 3
1 -2.93099e-14
2 -6.83897e-14
3 -6.1906e-13
32334 3
1 -4.79616e-14
2 -6.12843e-14
3 -6.51923e-13
32336 3
1 -1.68754e-14
2 -1.04805e-13
3 -6.26166e-13
32338 3
1 -3.37508e-14
2 -6.83897e-14
3 -6.0929e-13
32340 3
1 -8.88178e-15
2 -9.05942e-14
3 -6.21725e-13
32342 3
1 -3.64153e-14
2 -6.30607e-14
3 -6.42153e-13
32344 3
1 -2.66454e-14
2 -7.81597e-14
3 -6.29718e-13
32346 3
1 -4.61853e-14
2 -8.34888e-14
3 -6.42153e-13
32348 3
1 -6.66134e-14
2 -9.68114e-14
3 -6.40377e-13
32350 3
1 -3.19744e-14
2 -9.59233e-14
3 -6.42153e-13
32352 3
1 -4.08562e-14
2 -8.88178e-14
3 -6.25278e-13
32354 3
1 -4.26326e-14
2 -5.77316e-14
3 -6.35936e-13
32356 3
1 -4.79616e-14
2 -7.72715e-14
3 -6.23501e-13
32358 3
1 -3.73035e-14
2 -9.14824e-14
3 -6.42153e-13
32360 3
1 -2.22045e-14
2 -6.83897e-14
3 -6.21725e-13
32362 3
1 -2.93099e-14
2 -9.59233e-14
3 -6.00409e-13
32364 3
1 -1.95399e-14
2 -7.01661e-14
3 -6.43929e-13
32366 3
1 -2.84217e-14
2 -6.75016e-14
3 -6.32383e-13
32368 3
1 -2.84217e-14
2 -8.61533e-14
3 -6.13731e-13
32370 3
1 -4.9738e-14
2 -9.23706e-14
3 -6.17284e-13
32372 3
1 -3.73035e-14
2 -6.03961e-14
3 -6.11955e-13
32374 3
1 -2.75335e-14
2 -7.99361e-14
3 -6.39488e-13
32376 3
1 -3.19744e-14
2 -8.88178e-14
3 -6.30607e-13
32378 3
1 -8.88178e-16
2 -6.83897e-14
3 -6.386e-13
32380 3
1 -2.4869e-14
2 -9.41469e-14
3 -6.36824e-13
32382 3
1 -2.22045e-14
2 -7.63833e-14
3 -6.12843e-13
32384 3
1 -4.26326e-14
2 -6.03961e-14
3 -6.16396e-13
32386 3
1 -2.66454e-14
2 -9.59233e-14
3 -6.0485e-13
32388 3
1 -1.59872e-14
2 -6.4837e-14
3 -6.01297e-13
32390 3
1 -2.4869e-14
2 -6.83897e-14
3 -6.39488e-13
32392 3
1 -1.5099e-14
2 -7.54952e-14
3 -6.27942e-13
32394 3
1 -2.13163e-14
2 -4.26326e-14
3 -6.2883e-13
32396 3
1 -2.13163e-14
2 -7.72715e-14
3 -6.15508e-13
32398 3
1 -1.42109e-14
2 -7.37188e-14
3 -6.16396e-13
32400 3
1 -4.17444e-14
2 -5.86198e-14
3 -6.11067e-13
32402 3
1 -4.70735e-14
2 -8.26006e-14
3 -6.19949e-13
32404 3
1 -3.28626e-14
2 -6.92779e-14
3 -6.18172e-13
32406 3
1 -1.95399e-14
2 -3.90799e-14
3 -5.9508e-13
32408 3
1 -3.55271e-14
2 -4.70735e-14
3 -6.14619e-13
32410 3
1 -4.08562e-14
2 -6.39488e-14
3 -6.23501e-13
32412 3
1 -3.4639e-14
2 -5.86198e-14
3 -6.14619e-13
32414 3
1 -2.39808e-14
2 -3.55271e-14
3 -6.18172e-13
32416 3
1 -4.52971e-14
2 -7.54952e-14
3 -6.11067e-13
32418 3
1 -1.77636e-14
2 -7.81597e-14
3 -6.16396e-13
32420 3
1 -4.70735e-14
2 -6.21725e-14
3 -6.22613e-13
32422 3
1 -4.08562e-14
2 -6.4837e-14
3 -6.35936e-13
32424 3
1 -3.28626e-14
2 -5.50671e-14
3 -6.37712e-13
32426 3
1 -2.66454e-14
2 -9.50351e-14
3 -6.07514e-13
32428 3
1 -2.04281e-14
2 -9.59233e-14
3 -6.33271e-13
32430 3
1 -2.84217e-14
2 -5.9508e-14
3 -6.30607e-13
32432 3
1 -1.86517e-14
2 -6.12843e-14
3 -6.53699e-13
32434 3
1 -3.10862e-14
2 -6.92779e-14
3 -6.43041e-13
32436 3
1 -3.55271e-14
2 -7.54952e-14
3 -6.61693e-13
32438 3
1 -2.4869e-14
2 -7.28306e-14
3 -6.40377e-13
32440 3
1 -7.99361e-15
2 -7.99361e-14
3 -6.60805e-13
32442 3
1 -2.13163e-14
2 -8.08242e-14
3 -6.39488e-13
32444 3
1 -2.75335e-14
2 -9.14824e-14
3 -6.33271e-13
32446 3
1 -2.4869e-14
2 -8.34888e-14
3 -6.41265e-13
32448 3
1 -5.15143e-14
2 -9.85878e-14
3 -6.37712e-13
32450 3
1 -2.84217e-14
2 -9.41469e-14
3 -6.2883e-13
32452 3
1 -2.39808e-14
2 -7.01661e-14
3 -6.41265e-13
32454 3
1 -3.4639e-14
2 -7.99361e-14
3 -6.53699e-13
32456 3
1 -3.10862e-14
2 -8.88178e-14
3 -6.00409e-13
32458 3
1 -3.55271e-15
2 -9.59233e-14
3 -6.386e-13
32460 3
1 -3.81917e-14
2 -8.34888e-14
3 -6.30607e-13
32462 3
1 -4.26326e-14
2 -8.9706e-14
3 -6.34159e-13
32464 3
1 -4.35207e-14
2 -7.10543e-14
3 -6.40377e-13
32466 3
1 -4.79616e-14
2 -7.90479e-14
3 -6.27054e-13
32468 3
1 -3.9968e-14
2 -6.92779e-14
3 -6.30607e-13
32470 3
1 -4.08562e-14
2 -9.05942e-14
3 -6.17284e-13
32472 3
1 -3.64153e-14
2 -9.23706e-14
3 -6.46594e-13
32474 3
1 -2.84217e-14
2 -8.26006e-14
3 -6.25278e-13
32476 3
1 -3.90799e-14
2 -6.66134e-14
3 -6.44818e-13
32478 3
1 -3.55271e-14
2 -9.59233e-14
3 -6.42153e-13
32480 3
1 -5.32907e-14
2 -6.92779e-14
3 -6.60805e-13
32482 3
1 -3.64153e-14
2 -7.81597e-14
3 -6.41265e-13
32484 3
1 -4.79616e-14
2 -3.28626e-14
3 -6.23501e-13
32486 3
1 -3.81917e-14
2 -6.12843e-14
3 -6.39488e-13
32488 3
1 -3.37508e-14
2 -9.41469e-14
3 -6.31495e-13
32490 3
1 -1.77636e-14
2 -6.57252e-14
3 -6.32383e-13
32492 3
1 -2.22045e-14
2 -9.41469e-14
3 -6.45706e-13
32494 3
1 -2.04281e-14
2 -1.04805e-13
3 -6.05738e-13
32496 3
1 -3.01981e-14
2 -8.70415e-14
3 -6.29718e-13
32498 3
1 -4.79616e-14
2 -9.50351e-14
3 -6.55476e-13
32500 3
1 -1.68754e-14
2 -9.41469e-14
3 -6.34159e-13
32502 3
1 -4.08562e-14
2 -9.05942e-14
3 -6.35048e-13
32504 3
1 -1.5099e-14
2 -9.14824e-14
3 -6.13731e-13
32506 3
1 -1.95399e-14
2 -1.13687e-13
3 -6.24389e-13
32508 3
1 -2.22045e-14
2 -1.02141e-13
3 -6.16396e-13
32510 3
1 -2.66454e-14
2 -8.70415e-14
3 -5.98632e-13
32512 3
1 -1.33227e-14
2 -8.34888e-14
3 -6.25278e-13
32514 3
1 -1.77636e-14
2 -8.08242e-14
3 -6.14619e-13
32516 3
1 -2.4869e-14
2 -8.61533e-14
3 -5.96856e-13
32518 3
1 -4.17444e-14
2 -1.0747e-13
3 -5.94191e-13
32520 3
1 -1.68754e-14
2 -7.4607e-14
3 -5.87974e-13
32522 3
1 -3.19744e-14
2 -8.88178e-14
3 -6.25278e-13
32524 3
1 -2.22045e-14
2 -1.06581e-13
3 -6.18172e-13
32526 3
1 -1.33227e-14
2 -7.4607e-14
3 -6.03073e-13
32528 3
1 1.42109e-14
2 -8.08242e-14
3 -6.21725e-13
32530 3
1 -1.33227e-14
2 -6.75016e-14
3 -6.45706e-13
32532 3
1 -1.06581e-14
2 -9.23706e-14
3 -6.40377e-13
32534 3
1 -2.30926e-14
2 -7.4607e-14
3 -6.32383e-13
32536 3
1 -2.39808e-14
2 -7.81597e-14
3 -6.11955e-13
32538 3
1 -1.42109e-14
2 -9.05942e-14
3 -6.70575e-13
32540 3
1 -2.30926e-14
2 -7.54952e-14
3 -6.27054e-13
32542 3
1 5.32907e-15
2 -8.17124e-14
3 -6.66134e-13
32544 3
1 -5.32907e-15
2 -8.9706e-14
3 -6.71463e-13
32546 3
1 -6.21725e-15
2 -7.90479e-14
3 -6.43041e-13
32548 3
1 -3.01981e-14
2 -1.01252e-13
3 -6.78568e-13
32550 3
1 -1.77636e-15
2 -7.99361e-14
3 -6.72351e-13
32552 3
1 -2.93099e-14
2 -9.68114e-14
3 -6.65246e-13
32554 3
1 -3.19744e-14
2 -8.17124e-14
3 -6.46594e-13
32556 3
1 -2.84217e-14
2 -6.03961e-14
3 -6.39488e-13
32558 3
1 -2.84217e-14
2 -7.81597e-14
3 -6.46594e-13
32560 3
1 -4.17444e-14
2 -6.92779e-14
3 -6.47482e-13
32562 3
1 -3.19744e-14
2 -8.26006e-14
3 -6.43041e-13
32564 3
1 -1.95399e-14
2 -7.72715e-14
3 -6.75904e-13
32566 3
1 -2.39808e-14
2 -6.39488e-14
3 -6.69687e-13
32568 3
1 -1.59872e-14
2 -6.21725e-14
3 -6.67022e-13
32570 3
1 -7.10543e-15
2 -5.68434e-14
3 -6.64357e-13
32572 3
1 -3.37508e-14
2 -7.63833e-14
3 -6.64357e-13
32574 3
1 -3.64153e-14
2 -7.81597e-14
3 -6.66134e-13
32576 3
1 -8.88178e-15
2 -4.52971e-14
3 -6.4837e-13
32578 3
1 -2.13163e-14
2 -7.99361e-14
3 -6.59028e-13
32580 3
1 -5.32907e-15
2 -6.75016e-14
3 -6.59028e-13
32582 3
1 -7.10543e-15
2 -8.61533e-14
3 -6.59028e-13
32584 3
1 -2.84217e-14
2 -5.86198e-14
3 -6.61693e-13
32586 3
1 -8.88178e-16
2 -8.17124e-14
3 -6.62581e-13
32588 3
1 2.30926e-14
2 -5.15143e-14
3 -6.55476e-13
32590 3
1 -1.5099e-14
2 -7.72715e-14
3 -6.51035e-13
32592 3
1 -2.30926e-14
2 -7.54952e-14
3 -6.49258e-13
32594 3
1 -1.77636e-14
2 -5.50671e-14
3 -6.51923e-13
32596 3
1 5.32907e-15
2 -6.30607e-14
3 -6.56364e-13
32598 3
1 1.06581e-14
2 -5.77316e-14
3 -6.42153e-13
32600 3
1 -4.44089e-15
2 -5.15143e-14
3 -6.54587e-13
32602 3
1 3.55271e-15
2 -6.39488e-14
3 -6.5814e-13
32604 3
1 -1.06581e-14
2 -8.88178e-14
3 -6.59028e-13
32606 3
1 -6.21725e-15
2 -6.92779e-14
3 -6.73239e-13
32608 3
1 -7.99361e-15
2 -6.21725e-14
3 -6.63469e-13
32610 3
1 7.10543e-15
2 -4.88498e-14
3 -6.54587e-13
32612 3
1 -5.32907e-15
2 -5.86198e-14
3 -6.63469e-13
32614 3
1 0
2 -5.24025e-14
3 -6.74127e-13
32616 3
1 1.15463e-14
2 -5.50671e-14
3 -6.78568e-13
32618 3
1 -2.13163e-14
2 -5.59552e-14
3 -6.69687e-13
32620 3
1 1.24345e-14
2 -5.41789e-14
3 -6.59917e-13
32622 3
1 1.24345e-14
2 -4.44089e-14
3 -6.60805e-13
32624 3
1 -1.77636e-15
2 -3.73035e-14
3 -6.41265e-13
32626 3
1 -1.77636e-14
2 -4.26326e-14
3 -6.91891e-13
32628 3
1 -8.88178e-16
2 -4.79616e-14
3 -6.47482e-13
32630 3
1 5.32907e-15
2 -7.01661e-14
3 -6.91003e-13
32632 3
1 1.95399e-14
2 -4.79616e-14
3 -6.54587e-13
32634 3
1 -1.42109e-14
2 -3.9968e-14
3 -6.64357e-13
32636 3
1 1.33227e-14
2 -6.83897e-14
3 -6.45706e-13
32638 3
1 -9.76996e-15
2 -5.32907e-14
3 -6.91891e-13
32640 3
1 -1.68754e-14
2 -4.52971e-14
3 -6.60805e-13
32642 3
1 -3.55271e-15
2 -4.44089e-14
3 -6.83009e-13
32644 3
1 -4.26326e-14
2 -5.9508e-14
3 -6.72351e-13
32646 3
1 0
2 -1.5099e-14
3 -6.8745e-13
32648 3
1 -4.79616e-14
2 -4.17444e-14
3 -7.08766e-13
32650 3
1 -1.06581e-14
2 -3.9968e-14
3 -6.83897e-13
32652 3
1 -2.84217e-14
2 -3.55271e-14
3 -6.7768e-13
32654 3
1 -1.59872e-14
2 -5.06262e-14
3 -6.74127e-13
32656 3
1 -1.24345e-14
2 -1.59872e-14
3 -6.89226e-13
32658 3
1 1.24345e-14
2 -4.88498e-14
3 -6.98108e-13
32660 3
1 -8.88178e-15
2 -4.9738e-14
3 -6.85674e-13
32662 3
1 -1.77636e-15
2 -5.86198e-14
3 -6.98108e-13
32664 3
1 -2.4869e-14
2 -6.03961e-14
3 -7.05214e-13
32666 3
1 1.95399e-14
2 -4.35207e-14
3 -6.9722e-13
32668 3
1 -3.55271e-15
2 -4.52971e-14
3 -6.96332e-13
32670 3
1 -1.86517e-14
2 -6.92779e-14
3 -6.98108e-13
32672 3
1 1.59872e-14
2 -6.57252e-14
3 -6.88338e-13
32674 3
1 -1.68754e-14
2 -6.21725e-14
3 -6.83897e-13
32676 3
1 -7.99361e-15
2 -4.70735e-14
3 -7.00773e-13
32678 3
1 8.88178e-16
2 -3.9968e-14
3 -6.93667e-13
32680 3
1 3.55271e-15
2 -6.57252e-14
3 -6.93667e-13
32682 3
1 -1.42109e-14
2 -6.21725e-14
3 -6.74127e-13
32684 3
1 7.10543e-15
2 -2.4869e-14
3 -6.9722e-13
32686 3
1 1.24345e-14
2 -4.26326e-14
3 -6.59028e-13
32688 3
1 -2.22045e-14
2 -7.4607e-14
3 -6.75016e-13
32690 3
1 -8.88178e-16
2 -4.26326e-14
3 -6.66134e-13
32692 3
1 -2.66454e-15
2 -6.21725e-14
3 -6.93667e-13
32694 3
1 1.24345e-14
2 -5.9508e-14
3 -6.85674e-13
32696 3
1 1.59872e-14
2 -5.9508e-14
3 -6.63469e-13
32698 3
1 9.76996e-15
2 -3.90799e-14
3 -6.6791e-13
32700 3
1 -2.13163e-14
2 -5.86198e-14
3 -6.75016e-13
32702 3
1 1.33227e-14
2 -4.9738e-14
3 -6.63469e-13
32704 3
1 1.68754e-14
2 -3.37508e-14
3 -6.72351e-13
32706 3
1 -6.21725e-15
2 -4.44089e-14
3 -6.66134e-13
32708 3
1 -2.93099e-14
2 -5.32907e-14
3 -6.96332e-13
32710 3
1 -2.84217e-14
2 -6.12843e-14
3 -6.74127e-13
32712 3
1 1.06581e-14
2 -6.57252e-14
3 -6.84786e-13
32714 3
1 -1.24345e-14
2 -6.4837e-14
3 -6.68798e-13
32716 3
1 -2.4869e-14
2 -5.9508e-14
3 -6.88338e-13
32718 3
1 1.77636e-15
2 -5.06262e-14
3 -6.83009e-13
32720 3
1 1.59872e-14
2 -8.17124e-14
3 -6.69687e-13
32722 3
1 -2.4869e-14
2 -4.88498e-14
3 -6.44818e-13
32724 3
1 5.32907e-15
2 -5.32907e-14
3 -6.94556e-13
32726 3
1 -1.77636e-14
2 -5.15143e-14
3 -6.99885e-13
32728 3
1 -8.88178e-15
2 -7.10543e-14
3 -6.4837e-13
32730 3
1 2.66454e-15
2 -8.34888e-14
3 -6.44818e-13
32732 3
1 -6.21725e-15
2 -6.4837e-14
3 -6.46594e-13
32734 3
1 -1.77636e-14
2 -6.4837e-14
3 -6.5814e-13
32736 3
1 -1.33227e-14
2 -7.19425e-14
3 -6.67022e-13
32738 3
1 5.32907e-15
2 -6.30607e-14
3 -6.51923e-13
32740 3
1 1.06581e-14
2 -5.15143e-14
3 -6.65246e-13
32742 3
1 9.76996e-15
2 -7.01661e-14
3 -6.386e-13
32744 3
1 -3.01981e-14
2 -6.39488e-14
3 -6.63469e-13
32746 3
1 5.32907e-15
2 -6.21725e-14
3 -6.56364e-13
32748 3
1 -4.44089e-15
2 -7.37188e-14
3 -6.54587e-13
32750 3
1 -1.59872e-14
2 -6.75016e-14
3 -6.83009e-13
32752 3
1 -1.95399e-14
2 -7.99361e-14
3 -6.76792e-13
32754 3
1 -2.66454e-15
2 -8.52651e-14
3 -6.56364e-13
32756 3
1 -1.06581e-14
2 -6.57252e-14
3 -6.54587e-13
32758 3
1 -2.4869e-14
2 -8.17124e-14
3 -6.49258e-13
32760 3
1 -4.44089e-15
2 -7.90479e-14
3 -6.63469e-13
32762 3
1 -1.77636e-14
2 -5.86198e-14
3 -6.83009e-13
32764 3
1 -5.32907e-15
2 -6.21725e-14
3 -6.68798e-13
32766 3
1 -1.68754e-14
2 -6.39488e-14
3 -6.46594e-13
32768 3
1 -1.06581e-14
2 -7.10543e-14
3 -6.44818e-13
32770 3
1 -1.15463e-14
2 -6.75016e-14
3 -6.56364e-13
32772 3
1 0
2 -7.81597e-14
3 -6.53699e-13
32774 3
1 -3.9968e-14
2 -9.05942e-14
3 -6.42153e-13
32776 3
1 -1.95399e-14
2 -8.43769e-14
3 -6.62581e-13
32778 3
1 -3.73035e-14
2 -9.32587e-14
3 -6.59917e-13
32780 3
1 -3.28626e-14
2 -7.28306e-14
3 -6.36824e-13
32782 3
1 -1.42109e-14
2 -6.03961e-14
3 -6.70575e-13
32784 3
1 -1.59872e-14
2 -6.66134e-14
3 -6.49258e-13
32786 3
1 -3.55271e-14
2 -6.21725e-14
3 -6.34159e-13
32788 3
1 -1.77636e-14
2 -8.17124e-14
3 -6.66134e-13
32790 3
1 -1.59872e-14
2 -9.9476e-14
3 -6.37712e-13
32792 3
1 -2.4869e-14
2 -5.06262e-14
3 -6.33271e-13
32794 3
1 -1.5099e-14
2 -8.08242e-14
3 -6.41265e-13
32796 3
1 -1.59872e-14
2 -8.79297e-14
3 -6.49258e-13
32798 3
1 -1.77636e-15
2 -7.19425e-14
3 -6.55476e-13
32800 3
1 -2.84217e-14
2 -7.28306e-14
3 -6.43929e-13
32802 3
1 -2.30926e-14
2 -1.0747e-13
3 -6.64357e-13
32804 3
1 -5.32907e-15
2 -9.23706e-14
3 -6.47482e-13
32806 3
1 -1.5099e-14
2 -9.50351e-14
3 -6.70575e-13
32808 3
1 -3.37508e-14
2 -1.00364e-13
3 -6.66134e-13
32810 3
1 -7.99361e-15
2 -8.70415e-14
3 -6.42153e-13
32812 3
1 -1.42109e-14
2 -1.1191e-13
3 -6.57252e-13
32814 3
1 -1.77636e-14
2 -9.23706e-14
3 -6.50147e-13
32816 3
1 -1.42109e-14
2 -1.12799e-13
3 -6.53699e-13
32818 3
1 -1.59872e-14
2 -8.17124e-14
3 -6.52811e-13
32820 3
1 -1.42109e-14
2 -9.23706e-14
3 -6.51035e-13
32822 3
1 -8.88178e-15
2 -9.32587e-14
3 -6.30607e-13
32824 3
1 -8.88178e-15
2 -1.04805e-13
3 -6.40377e-13
32826 3
1 -9.76996e-15
2 -8.61533e-14
3 -6.51035e-13
32828 3
1 -7.10543e-15
2 -7.99361e-14
3 -6.50147e-13
32830 3
1 -3.19744e-14
2 -7.99361e-14
3 -6.41265e-13
32832 3
1 7.10543e-15
2 -1.02141e-13
3 -6.29718e-13
32834 3
1 1.15463e-14
2 -1.01252e-13
3 -6.63469e-13
32836 3
1 -3.4639e-14
2 -1.19016e-13
3 -6.56364e-13
32838 3
1 -1.86517e-14
2 -9.50351e-14
3 -6.35048e-13
32840 3
1 -3.55271e-15
2 -8.9706e-14
3 -6.5814e-13
32842 3
1 -2.13163e-14
2 -9.14824e-14
3 -6.50147e-13
32844 3
1 7.99361e-15
2 -8.61533e-14
3 -6.57252e-13
32846 3
1 -3.55271e-15
2 -9.68114e-14
3 -6.71463e-13
32848 3
1 -1.59872e-14
2 -9.05942e-14
3 -6.35048e-13
32850 3
1 -5.32907e-15
2 -8.9706e-14
3 -6.4837e-13
32852 3
1 -1.15463e-14
2 -9.32587e-14
3 -6.35048e-13
32854 3
1 -1.24345e-14
2 -8.79297e-14
3 -6.54587e-13
32856 3
1 -1.77636e-14
2 -1.05693e-13
3 -6.47482e-13
32858 3
1 -6.21725e-15
2 -9.05942e-14
3 -6.74127e-13
32860 3
1 -3.55271e-14
2 -9.41469e-14
3 -6.40377e-13
32862 3
1 -8.88178e-15
2 -1.09246e-13
3 -6.45706e-13
32864 3
1 -2.66454e-15
2 -1.04805e-13
3 -6.5814e-13
32866 3
1 5.32907e-15
2 -8.61533e-14
3 -6.44818e-13
32868 3
1 -2.66454e-15
2 -7.4607e-14
3 -6.56364e-13
32870 3
1 1.77636e-14
2 -6.92779e-14
3 -6.35936e-13
32872 3
1 -8.88178e-16
2 -8.34888e-14
3 -6.43041e-13
32874 3
1 2.4869e-14
2 -7.99361e-14
3 -6.54587e-13
32876 3
1 -1.77636e-14
2 -7.37188e-14
3 -6.46594e-13
32878 3
1 -2.4869e-14
2 -8.88178e-14
3 -6.50147e-13
32880 3
1 -1.42109e-14
2 -9.23706e-14
3 -6.57252e-13
32882 3
1 -1.59872e-14
2 -1.09246e-13
3 -6.56364e-13
32884 3
1 -1.33227e-14
2 -8.26006e-14
3 -6.42153e-13
32886 3
1 -2.13163e-14
2 -1.13687e-13
3 -6.12843e-13
32888 3
1 -1.68754e-14
2 -9.76996e-14
3 -6.46594e-13
32890 3
1 -1.95399e-14
2 -9.50351e-14
3 -6.62581e-13
32892 3
1 -1.06581e-14
2 -8.88178e-14
3 -6.51035e-13
32894 3
1 -1.95399e-14
2 -7.81597e-14
3 -6.39488e-13
32896 3
1 -1.95399e-14
2 -8.43769e-14
3 -6.41265e-13
32898 3
1 -4.44089e-15
2 -8.61533e-14
3 -6.65246e-13
32900 3
1 -6.21725e-15
2 -7.63833e-14
3 -6.68798e-13
32902 3
1 -5.32907e-15
2 -9.05942e-14
3 -6.6791e-13
32904 3
1 -2.84217e-14
2 -9.9476e-14
3 -6.65246e-13
32906 3
1 -1.15463e-14
2 -8.52651e-14
3 -6.50147e-13
32908 3
1 -2.22045e-14
2 -1.00364e-13
3 -6.386e-13
32910 3
1 -2.66454e-15
2 -8.79297e-14
3 -6.6791e-13
32912 3
1 8.88178e-16
2 -9.05942e-14
3 -6.59028e-13
32914 3
1 -1.42109e-14
2 -9.68114e-14
3 -6.41265e-13
32916 3
1 -2.22045e-14
2 -1.00364e-13
3 -6.83897e-13
32918 3
1 -2.04281e-14
2 -7.54952e-14
3 -6.75016e-13
32920 3
1 -5.32907e-15
2 -1.02141e-13
3 -6.65246e-13
32922 3
1 -2.57572e-14
2 -9.41469e-14
3 -6.51035e-13
32924 3
1 -2.13163e-14
2 -9.32587e-14
3 -6.5814e-13
32926 3
1 -2.39808e-14
2 -1.24345e-13
3 -6.75904e-13
32928 3
1 -3.55271e-15
2 -9.85878e-14
3 -6.69687e-13
32930 3
1 -2.93099e-14
2 -1.01252e-13
3 -6.80345e-13
32932 3
1 -7.10543e-15
2 -8.70415e-14
3 -6.73239e-13
32934 3
1 -1.06581e-14
2 -9.76996e-14
3 -6.46594e-13
32936 3
1 -2.93099e-14
2 -7.90479e-14
3 -6.71463e-13
32938 3
1 -3.73035e-14
2 -8.79297e-14
3 -6.61693e-13
32940 3
1 -2.30926e-14
2 -9.23706e-14
3 -6.84786e-13
32942 3
1 -2.93099e-14
2 -1.13687e-13
3 -6.54587e-13
32944 3
1 -3.19744e-14
2 -7.81597e-14
3 -6.82121e-13
32946 3
1 -3.4639e-14
2 -8.34888e-14
3 -6.52811e-13
32948 3
1 -9.76996e-15
2 -8.70415e-14
3 -6.55476e-13
32950 3
1 -8.88178e-15
2 -8.52651e-14
3 -6.57252e-13
32952 3
1 -2.39808e-14
2 -6.75016e-14
3 -6.59917e-13
32954 3
1 -2.66454e-14
2 -8.79297e-14
3 -6.69687e-13
32956 3
1 -3.10862e-14
2 -7.63833e-14
3 -6.64357e-13
32958 3
1 -3.64153e-14
2 -9.68114e-14
3 -6.82121e-13
32960 3
1 -1.68754e-14
2 -8.17124e-14
3 -6.72351e-13
32962 3
1 -3.55271e-14
2 -9.05942e-14
3 -6.81233e-13
32964 3
1 -9.76996e-15
2 -1.00364e-13
3 -6.83009e-13
32966 3
1 -2.04281e-14
2 -9.85878e-14
3 -6.49258e-13
32968 3
1 -5.24025e-14
2 -8.70415e-14
3 -6.86562e-13
32970 3
1 -4.26326e-14
2 -8.34888e-14
3 -6.59028e-13
32972 3
1 -3.55271e-14
2 -8.79297e-14
3 -6.60805e-13
32974 3
1 -3.55271e-14
2 -7.81597e-14
3 -6.68798e-13
32976 3
1 -2.84217e-14
2 -7.72715e-14
3 -6.57252e-13
32978 3
1 -2.84217e-14
2 -8.43769e-14
3 -6.59917e-13
32980 3
1 -1.15463e-14
2 -8.26006e-14
3 -6.66134e-13
32982 3
1 -4.17444e-14
2 -9.76996e-14
3 -6.51035e-13
32984 3
1 -3.64153e-14
2 -1.03029e-13
3 -6.72351e-13
32986 3
1 -1.95399e-14
2 -9.50351e-14
3 -6.72351e-13
32988 3
1 -2.39808e-14
2 -1.08358e-13
3 -6.84786e-13
32990 3
1 -1.59872e-14
2 -8.34888e-14
3 -6.64357e-13
32992 3
1 -2.4869e-14
2 -1.06581e-13
3 -6.66134e-13
32994 3
1 -2.30926e-14
2 -1.10134e-13
3 -6.69687e-13
32996 3
1 -3.01981e-14
2 -1.00364e-13
3 -6.36824e-13
32998 3
1 -5.68434e-14
2 -1.11022e-13
3 -6.76792e-13
33000 3
1 -3.01981e-14
2 -7.99361e-14
3 -6.55476e-13
33002 3
1 -4.70735e-14
2 -1.01252e-13
3 -6.52811e-13
33004 3
1 -3.55271e-14
2 -9.59233e-14
3 -6.78568e-13
33006 3
1 -4.88498e-14
2 -9.68114e-14
3 -6.68798e-13
33008 3
1 -4.08562e-14
2 -1.03917e-13
3 -6.72351e-13
33010 3
1 -4.44089e-14
2 -1.10134e-13
3 -6.66134e-13
33012 3
1 -3.9968e-14
2 -7.99361e-14
3 -6.84786e-13
33014 3
1 -3.90799e-14
2 -1.05693e-13
3 -6.76792e-13
33016 3
1 -4.44089e-14
2 -8.52651e-14
3 -6.74127e-13
33018 3
1 -7.19425e-14
2 -1.01252e-13
3 -6.60805e-13
33020 3
1 -4.88498e-14
2 -7.37188e-14
3 -6.89226e-13
33022 3
1 -5.06262e-14
2 -8.08242e-14
3 -6.83009e-13
33024 3
1 -5.32907e-14
2 -9.76996e-14
3 -6.55476e-13
33026 3
1 -4.08562e-14
2 -9.23706e-14
3 -6.69687e-13
33028 3
1 -3.73035e-14
2 -1.03917e-13
3 -6.67022e-13
33030 3
1 -2.39808e-14
2 -8.17124e-14
3 -6.76792e-13
33032 3
1 -3.81917e-14
2 -9.68114e-14
3 -6.80345e-13
33034 3
1 -5.86198e-14
2 -9.50351e-14
3 -6.76792e-13
33036 3
1 -3.90799e-14
2 -7.63833e-14
3 -6.44818e-13
33038 3
1 -3.90799e-14
2 -7.90479e-14
3 -6.70575e-13
33040 3
1 -2.22045e-14
2 -9.76996e-14
3 -6.82121e-13
33042 3
1 -4.26326e-14
2 -7.63833e-14
3 -6.72351e-13
33044 3
1 -4.61853e-14
2 -7.99361e-14
3 -6.82121e-13
33046 3
1 -3.19744e-14
2 -6.30607e-14
3 -6.52811e-13
33048 3
1 -3.81917e-14
2 -7.4607e-14
3 -6.94556e-13
33050 3
1 -4.26326e-14
2 -7.72715e-14
3 -6.73239e-13
33052 3
1 -1.68754e-14
2 -7.63833e-14
3 -6.91003e-13
33054 3
1 -3.28626e-14
2 -5.86198e-14
3 -6.67022e-13
33056 3
1 -4.9738e-14
2 -7.28306e-14
3 -6.83009e-13
33058 3
1 -4.79616e-14
2 -8.26006e-14
3 -6.8745e-13
33060 3
1 -4.08562e-14
2 -6.21725e-14
3 -6.47482e-13
33062 3
1 -1.95399e-14
2 -7.28306e-14
3 -6.68798e-13
33064 3
1 -3.10862e-14
2 -6.75016e-14
3 -6.35048e-13
33066 3
1 -2.57572e-14
2 -7.54952e-14
3 -6.67022e-13
33068 3
1 -3.73035e-14
2 -8.34888e-14
3 -6.62581e-13
33070 3
1 -4.35207e-14
2 -9.9476e-14
3 -6.25278e-13
33072 3
1 -4.44089e-14
2 -9.50351e-14
3 -6.44818e-13
33074 3
1 -4.44089e-14
2 -8.70415e-14
3 -6.36824e-13
33076 3
1 -4.26326e-14
2 -9.23706e-14
3 -6.73239e-13
33078 3
1 -6.03961e-14
2 -8.70415e-14
3 -6.52811e-13
33080 3
1 -6.39488e-14
2 -9.32587e-14
3 -6.56364e-13
33082 3
1 -5.9508e-14
2 -6.66134e-14
3 -6.47482e-13
33084 3
1 -6.75016e-14
2 -7.28306e-14
3 -6.45706e-13
33086 3
1 -6.03961e-14
2 -7.01661e-14
3 -6.55476e-13
33088 3
1 -6.03961e-14
2 -9.23706e-14
3 -6.73239e-13
33090 3
1 -6.30607e-14
2 -9.14824e-14
3 -6.63469e-13
33092 3
1 -8.08242e-14
2 -8.17124e-14
3 -6.56364e-13
33094 3
1 -3.81917e-14
2 -7.90479e-14
3 -6.66134e-13
33096 3
1 -5.86198e-14
2 -7.10543e-14
3 -6.37712e-13
33098 3
1 -5.06262e-14
2 -1.15463e-13
3 -6.56364e-13
33100 3
1 -4.61853e-14
2 -1.09246e-13
3 -6.71463e-13
33102 3
1 -5.86198e-14
2 -5.24025e-14
3 -6.60805e-13
33104 3
1 -4.70735e-14
2 -9.50351e-14
3 -6.60805e-13
33106 3
1 -6.03961e-14
2 -1.01252e-13
3 -6.59917e-13
33108 3
1 -7.19425e-14
2 -8.26006e-14
3 -6.63469e-13
33110 3
1 -5.32907e-14
2 -1.1191e-13
3 -6.45706e-13
33112 3
1 -7.01661e-14
2 -9.59233e-14
3 -6.62581e-13
33114 3
1 -5.50671e-14
2 -8.70415e-14
3 -6.65246e-13
33116 3
1 -6.92779e-14
2 -1.08358e-13
3 -6.50147e-13
33118 3
1 -5.68434e-14
2 -7.4607e-14
3 -6.53699e-13
33120 3
1 -6.92779e-14
2 -8.17124e-14
3 -6.42153e-13
33122 3
1 -5.32907e-14
2 -8.70415e-14
3 -6.45706e-13
33124 3
1 -7.37188e-14
2 -9.9476e-14
3 -6.53699e-13
33126 3
1 -7.63833e-14
2 -7.4607e-14
3 -6.27942e-13
33128 3
1 -6.83897e-14
2 -1.03029e-13
3 -6.57252e-13
33130 3
1 -6.57252e-14
2 -9.05942e-14
3 -6.39488e-13
33132 3
1 -6.12843e-14
2 -7.28306e-14
3 -6.41265e-13
33134 3
1 -4.88498e-14
2 -8.52651e-14
3 -6.34159e-13
33136 3
1 -3.81917e-14
2 -8.88178e-14
3 -6.30607e-13
33138 3
1 -4.70735e-14
2 -1.03917e-13
3 -6.54587e-13
33140 3
1 -3.28626e-14
2 -9.05942e-14
3 -6.61693e-13
33142 3
1 -5.86198e-14
2 -8.17124e-14
3 -6.36824e-13
33144 3
1 -6.66134e-14
2 -8.52651e-14
3 -6.40377e-13
33146 3
1 -7.54952e-14
2 -7.10543e-14
3 -6.37712e-13
33148 3
1 -5.32907e-14
2 -8.88178e-14
3 -6.39488e-13
33150 3
1 -6.03961e-14
2 -9.14824e-14
3 -6.4837e-13
33152 3
1 -7.90479e-14
2 -7.99361e-14
3 -6.25278e-13
33154 3
1 -5.32907e-14
2 -6.75016e-14
3 -6.36824e-13
33156 3
1 -4.17444e-14
2 -1.06581e-13
3 -6.59917e-13
33158 3
1 -7.10543e-14
2 -7.4607e-14
3 -6.29718e-13
33160 3
1 -7.81597e-14
2 -7.63833e-14
3 -6.4837e-13
33162 3
1 -4.88498e-14
2 -7.63833e-14
3 -6.44818e-13
33164 3
1 -5.9508e-14
2 -9.59233e-14
3 -6.43041e-13
33166 3
1 -7.90479e-14
2 -1.0747e-13
3 -6.30607e-13
33168 3
1 -6.75016e-14
2 -1.0747e-13
3 -6.50147e-13
33170 3
1 -5.50671e-14
2 -1.01252e-13
3 -6.29718e-13
33172 3
1 -3.64153e-14
2 -1.10134e-13
3 -6.26166e-13
33174 3
1 -4.88498e-14
2 -9.76996e-14
3 -6.43929e-13
33176 3
1 -4.35207e-14
2 -9.05942e-14
3 -6.27054e-13
33178 3
1 -5.68434e-14
2 -1.1191e-13
3 -6.43929e-13
33180 3
1 -2.66454e-14
2 -9.59233e-14
3 -6.4837e-13
33182 3
1 -6.66134e-14
2 -9.23706e-14
3 -6.33271e-13
33184 3
1 -8.9706e-14
2 -1.03917e-13
3 -6.35048e-13
33186 3
1 -6.30607e-14
2 -1.04805e-13
3 -6.20837e-13
33188 3
1 -4.44089e-14
2 -1.2168e-13
3 -6.42153e-13
33190 3
1 -5.32907e-14
2 -1.01252e-13
3 -6.59028e-13
33192 3
1 -9.14824e-14
2 -1.1724e-13
3 -6.42153e-13
33194 3
1 -9.50351e-14
2 -1.00364e-13
3 -6.53699e-13
33196 3
1 -6.92779e-14
2 -9.23706e-14
3 -6.35936e-13
33198 3
1 -4.35207e-14
2 -1.01252e-13
3 -6.62581e-13
33200 3
1 -6.30607e-14
2 -7.63833e-14
3 -6.62581e-13
33202 3
1 -3.73035e-14
2 -1.08358e-13
3 -6.25278e-13
33204 3
1 -4.17444e-14
2 -9.59233e-14
3 -6.19949e-13
33206 3
1 -3.4639e-14
2 -8.08242e-14
3 -6.35048e-13
33208 3
1 -4.79616e-14
2 -1.1191e-13
3 -6.26166e-13
33210 3
1 -4.52971e-14
2 -8.34888e-14
3 -6.1906e-13
33212 3
1 -6.12843e-14
2 -1.18128e-13
3 -6.47482e-13
33214 3
1 -5.59552e-14
2 -1.03917e-13
3 -6.42153e-13
33216 3
1 -5.15143e-14
2 -9.23706e-14
3 -6.27054e-13
33218 3
1 -5.68434e-14
2 -1.03029e-13
3 -6.14619e-13
33220 3
1 -5.41789e-14
2 -1.06581e-13
3 -6.44818e-13
33222 3
1 -5.41789e-14
2 -1.09246e-13
3 -6.45706e-13
33224 3
1 -5.15143e-14
2 -1.00364e-13
3 -6.34159e-13
33226 3
1 -4.08562e-14
2 -9.9476e-14
3 -6.34159e-13
33228 3
1 -3.01981e-14
2 -9.32587e-14
3 -6.03961e-13
33230 3
1 -2.57572e-14
2 -9.41469e-14
3 -6.10179e-13
33232 3
1 -4.9738e-14
2 -9.05942e-14
3 -6.13731e-13
33234 3
1 -3.01981e-14
2 -7.72715e-14
3 -6.25278e-13
33236 3
1 -5.15143e-14
2 -8.43769e-14
3 -5.86198e-13
33238 3
1 -4.70735e-14
2 -1.16351e-13
3 -5.95968e-13
33240 3
1 -5.86198e-14
2 -9.59233e-14
3 -6.11067e-13
33242 3
1 -6.39488e-14
2 -1.06581e-13
3 -6.10179e-13
33244 3
1 -4.35207e-14
2 -1.13687e-13
3 -6.14619e-13
33246 3
1 -4.79616e-14
2 -1.18128e-13
3 -6.11067e-13
33248 3
1 -3.9968e-14
2 -1.14575e-13
3 -5.83533e-13
33250 3
1 -4.52971e-14
2 -8.70415e-14
3 -6.26166e-13
33252 3
1 -4.26326e-14
2 -1.03029e-13
3 -6.41265e-13
33254 3
1 -7.01661e-14
2 -9.76996e-14
3 -6.00409e-13
33256 3
1 -4.44089e-14
2 -9.59233e-14
3 -6.17284e-13
33258 3
1 -5.06262e-14
2 -1.19904e-13
3 -6.06626e-13
33260 3
1 -3.81917e-14
2 -9.85878e-14
3 -5.9508e-13
33262 3
1 -4.88498e-14
2 -1.2168e-13
3 -6.05738e-13
33264 3
1 -3.73035e-14
2 -8.43769e-14
3 -6.26166e-13
33266 3
1 -2.4869e-14
2 -1.10134e-13
3 -6.19949e-13
33268 3
1 -5.41789e-14
2 -1.10134e-13
3 -6.10179e-13
33270 3
1 -5.24025e-14
2 -7.99361e-14
3 -6.29718e-13
33272 3
1 -3.81917e-14
2 -1.13687e-13
3 -6.42153e-13
33274 3
1 -3.4639e-14
2 -1.19016e-13
3 -6.20837e-13
33276 3
1 -3.81917e-14
2 -1.00364e-13
3 -6.52811e-13
33278 3
1 -3.10862e-14
2 -1.03029e-13
3 -6.03961e-13
33280 3
1 -3.01981e-14
2 -9.68114e-14
3 -6.21725e-13
33282 3
1 -2.93099e-14
2 -1.29674e-13
3 -6.18172e-13
33284 3
1 -2.30926e-14
2 -1.04805e-13
3 -6.34159e-13
33286 3
1 -3.4639e-14
2 -1.34115e-13
3 -6.21725e-13
33288 3
1 -3.73035e-14
2 -1.23457e-13
3 -6.29718e-13
33290 3
1 -5.32907e-14
2 -9.85878e-14
3 -6.23501e-13
33292 3
1 -1.77636e-14
2 -1.24345e-13
3 -6.14619e-13
33294 3
1 -4.35207e-14
2 -1.19904e-13
3 -6.10179e-13
33296 3
1 -3.81917e-14
2 -1.40332e-13
3 -6.23501e-13
33298 3
1 -2.30926e-14
2 -1.3145e-13
3 -6.06626e-13
33300 3
1 -4.26326e-14
2 -1.01252e-13
3 -6.386e-13
33302 3
1 -4.08562e-14
2 -1.22569e-13
3 -6.35048e-13
33304 3
1 -3.81917e-14
2 -1.08358e-13
3 -5.98632e-13
33306 3
1 -5.68434e-14
2 -1.0747e-13
3 -5.90639e-13
33308 3
1 -5.77316e-14
2 -1.19016e-13
3 -6.05738e-13
33310 3
1 -3.55271e-14
2 -1.11022e-13
3 -6.02185e-13
33312 3
1 -4.88498e-14
2 -1.35003e-13
3 -6.13731e-13
33314 3
1 -4.66294e-14
2 -1.1191e-13
3 -6.16396e-13
33316 3
1 -4.4853e-14
2 -1.38556e-13
3 -6.27054e-13
33318 3
1 -3.33067e-14
2 -9.23706e-14
3 -6.30607e-13
33320 3
1 -4.88498e-14
2 -1.16351e-13
3 -6.15508e-13
33322 3
1 -4.84057e-14
2 -9.14824e-14
3 -6.20837e-13
33324 3
1 -2.9754e-14
2 -1.05693e-13
3 -6.43929e-13
33326 3
1 -2.53131e-14
2 -1.14575e-13
3 -6.31495e-13
33328 3
1 -4.44089e-14
2 -1.15463e-13
3 -6.0485e-13
33330 3
1 -3.01981e-14
2 -1.03029e-13
3 -6.18172e-13
33332 3
1 -4.75175e-14
2 -1.05693e-13
3 -6.02185e-13
33334 3
1 -1.90958e-14
2 -1.2168e-13
3 -6.0929e-13
33336 3
1 -3.95239e-14
2 -1.22569e-13
3 -6.03961e-13
33338 3
1 -2.17604e-14
2 -1.42997e-13
3 -6.02185e-13
33340 3
1 -4.35207e-14
2 -1.3145e-13
3 -5.96856e-13
33342 3
1 -5.10703e-14
2 -1.20792e-13
3 -6.0485e-13
33344 3
1 -3.95239e-14
2 -1.24345e-13
3 -6.11067e-13
33346 3
1 -3.5083e-14
2 -1.36779e-13
3 -5.92415e-13
33348 3
1 -4.17444e-14
2 -1.16351e-13
3 -6.13731e-13
33350 3
1 -5.01821e-14
2 -1.38556e-13
3 -6.25278e-13
33352 3
1 -4.13003e-14
2 -1.00364e-13
3 -6.08402e-13
33354 3
1 -3.68594e-14
2 -1.29674e-13
3 -6.20837e-13
33356 3
1 -4.88498e-14
2 -1.35891e-13
3 -5.91527e-13
33358 3
1 -7.99361e-15
2 -1.18128e-13
3 -6.31495e-13
33360 3
1 -4.30767e-14
2 -1.45661e-13
3 -6.45706e-13
33362 3
1 -2.79776e-14
2 -1.10134e-13
3 -6.11067e-13
33364 3
1 -3.15303e-14
2 -1.20792e-13
3 -6.18172e-13
33366 3
1 -3.01981e-14
2 -1.38556e-13
3 -6.0929e-13
33368 3
1 -2.39808e-14
2 -1.32339e-13
3 -6.31495e-13
33370 3
1 -5.81757e-14
2 -1.65201e-13
3 -6.1906e-13
33372 3
1 -3.33067e-14
2 -1.40332e-13
3 -6.41265e-13
33374 3
1 -4.4853e-14
2 -1.24345e-13
3 -6.19949e-13
33376 3
1 -4.35207e-14
2 -1.29674e-13
3 -6.13731e-13
33378 3
1 -3.64153e-14
2 -1.49214e-13
3 -6.15508e-13
33380 3
1 -5.37348e-14
2 -1.40332e-13
3 -6.26166e-13
33382 3
1 -6.57252e-14
2 -1.22569e-13
3 -6.25278e-13
33384 3
1 -3.55271e-14
2 -1.59872e-13
3 -6.1906e-13
33386 3
1 -4.9738e-14
2 -1.39444e-13
3 -6.19949e-13
33388 3
1 -4.9738e-14
2 -1.14575e-13
3 -6.20837e-13
33390 3
1 -1.9984e-14
2 -1.36779e-13
3 -6.19949e-13
33392 3
1 -2.9754e-14
2 -1.63425e-13
3 -6.40377e-13
33394 3
1 -2.26485e-14
2 -1.42997e-13
3 -6.0485e-13
33396 3
1 -4.26326e-14
2 -1.43885e-13
3 -6.12843e-13
33398 3
1 -3.5083e-14
2 -1.25233e-13
3 -6.27942e-13
33400 3
1 -3.64153e-14
2 -1.47438e-13
3 -5.93303e-13
33402 3
1 -4.84057e-14
2 -1.40332e-13
3 -6.2883e-13
33404 3
1 -6.52811e-14
2 -1.66089e-13
3 -6.21725e-13
33406 3
1 -5.19584e-14
2 -1.34115e-13
3 -5.8975e-13
33408 3
1 -5.68434e-14
2 -1.42997e-13
3 -6.39488e-13
33410 3
1 -3.5083e-14
2 -1.44773e-13
3 -6.0929e-13
33412 3
1 -4.79616e-14
2 -1.48326e-13
3 -6.03961e-13
33414 3
1 -6.21725e-14
2 -1.54543e-13
3 -6.03961e-13
33416 3
1 -3.95239e-14
2 -1.68754e-13
3 -5.96856e-13
33418 3
1 -4.30767e-14
2 -1.35891e-13
3 -6.11955e-13
33420 3
1 -2.9754e-14
2 -1.54543e-13
3 -6.11067e-13
33422 3
1 -5.10703e-14
2 -1.36779e-13
3 -6.08402e-13
33424 3
1 -5.15143e-14
2 -1.45661e-13
3 -5.94191e-13
33426 3
1 -4.88498e-14
2 -1.69642e-13
3 -5.93303e-13
33428 3
1 -2.84217e-14
2 -1.71418e-13
3 -6.17284e-13
33430 3
1 -3.5083e-14
2 -1.55431e-13
3 -6.20837e-13
33432 3
1 -4.39648e-14
2 -1.65201e-13
3 -6.0929e-13
33434 3
1 -4.04121e-14
2 -1.54543e-13
3 -5.8531e-13
33436 3
1 -1.68754e-14
2 -1.42109e-13
3 -6.11955e-13
33438 3
1 -3.90799e-14
2 -1.65201e-13
3 -5.78204e-13
33440 3
1 -4.13003e-14
2 -1.69642e-13
3 -5.92415e-13
33442 3
1 -6.4837e-14
2 -1.63425e-13
3 -5.96856e-13
33444 3
1 -3.15303e-14
2 -1.46549e-13
3 -5.8975e-13
33446 3
1 -1.59872e-14
2 -1.59872e-13
3 -6.10179e-13
33448 3
1 -2.62013e-14
2 -1.63425e-13
3 -6.11067e-13
33450 3
1 -4.61853e-14
2 -1.82965e-13
3 -5.95968e-13
33452 3
1 -3.55271e-14
2 -1.42997e-13
3 -5.88862e-13
33454 3
1 -3.73035e-14
2 -1.42109e-13
3 -6.06626e-13
33456 3
1 -5.37348e-14
2 -1.61648e-13
3 -5.9508e-13
33458 3
1 -4.04121e-14
2 -1.33227e-13
3 -5.96856e-13
33460 3
1 -2.44249e-14
2 -1.46549e-13
3 -6.11955e-13
33462 3
1 -4.66294e-14
2 -1.51879e-13
3 -6.0929e-13
33464 3
1 -3.64153e-14
2 -1.59872e-13
3 -5.92415e-13
33466 3
1 -4.30767e-14
2 -1.42997e-13
3 -6.17284e-13
33468 3
1 -4.13003e-14
2 -1.59872e-13
3 -6.2883e-13
33470 3
1 -6.35048e-14
2 -1.43885e-13
3 -5.9952e-13
33472 3
1 -3.9968e-14
2 -1.54543e-13
3 -6.27054e-13
33474 3
1 -5.32907e-14
2 -1.65201e-13
3 -5.98632e-13
33476 3
1 -5.68434e-14
2 -1.82965e-13
3 -6.26166e-13
33478 3
1 -4.75175e-14
2 -1.47438e-13
3 -6.11067e-13
33480 3
1 -5.4623e-14
2 -1.68754e-13
3 -6.30607e-13
33482 3
1 -6.21725e-14
2 -1.75859e-13
3 -6.34159e-13
33484 3
1 -3.95239e-14
2 -1.54543e-13
3 -6.21725e-13
33486 3
1 -2.75335e-14
2 -1.65201e-13
3 -6.16396e-13
33488 3
1 -5.10703e-14
2 -1.51879e-13
3 -6.25278e-13
33490 3
1 -7.01661e-14
2 -1.78524e-13
3 -6.16396e-13
33492 3
1 -4.17444e-14
2 -1.66089e-13
3 -6.15508e-13
33494 3
1 -5.9508e-14
2 -1.49214e-13
3 -6.16396e-13
33496 3
1 -4.79616e-14
2 -1.35003e-13
3 -6.32383e-13
33498 3
1 -3.9968e-14
2 -1.44773e-13
3 -6.37712e-13
33500 3
1 -2.88658e-14
2 -1.54543e-13
3 -6.02185e-13
33502 3
1 -5.15143e-14
2 -1.52767e-13
3 -6.20837e-13
33504 3
1 -1.24345e-14
2 -1.5099e-13
3 -6.0929e-13
33506 3
1 -4.30767e-14
2 -1.45661e-13
3 -6.26166e-13
33508 3
1 -4.08562e-14
2 -1.50102e-13
3 -6.25278e-13
33510 3
1 -4.35207e-14
2 -1.72307e-13
3 -6.0929e-13
33512 3
1 -2.22045e-14
2 -1.52767e-13
3 -6.26166e-13
33514 3
1 -3.33067e-14
2 -1.66978e-13
3 -6.2883e-13
33516 3
1 -2.39808e-14
2 -1.5099e-13
3 -6.27942e-13
33518 3
1 -2.17604e-14
2 -1.66978e-13
3 -6.18172e-13
33520 3
1 -4.13003e-14
2 -1.47438e-13
3 -6.37712e-13
33522 3
1 -6.30607e-14
2 -1.65201e-13
3 -6.10179e-13
33524 3
1 -3.68594e-14
2 -1.72307e-13
3 -6.33271e-13
33526 3
1 -1.95399e-14
2 -1.61648e-13
3 -6.32383e-13
33528 3
1 -3.73035e-14
2 -1.49214e-13
3 -6.31495e-13
33530 3
1 -3.81917e-14
2 -1.82077e-13
3 -6.43041e-13
33532 3
1 -3.10862e-14
2 -1.56319e-13
3 -6.00409e-13
33534 3
1 -6.21725e-14
2 -1.68754e-13
3 -6.2883e-13
33536 3
1 -2.35367e-14
2 -1.66089e-13
3 -6.18172e-13
33538 3
1 -5.41789e-14
2 -1.55431e-13
3 -6.23501e-13
33540 3
1 -3.81917e-14
2 -1.5099e-13
3 -6.26166e-13
33542 3
1 -3.81917e-14
2 -1.66978e-13
3 -6.43929e-13
33544 3
1 -4.17444e-14
2 -1.52767e-13
3 -6.30607e-13
33546 3
1 -3.28626e-14
2 -1.51879e-13
3 -6.26166e-13
33548 3
1 -2.93099e-14
2 -1.59872e-13
3 -6.386e-13
33550 3
1 -5.72875e-14
2 -1.67866e-13
3 -6.16396e-13
33552 3
1 -1.28786e-14
2 -1.58096e-13
3 -6.43929e-13
33554 3
1 -4.35207e-14
2 -1.65201e-13
3 -6.37712e-13
33556 3
1 -2.04281e-14
2 -1.3145e-13
3 -6.51923e-13
33558 3
1 -5.19584e-14
2 -1.78524e-13
3 -6.36824e-13
33560 3
1 -2.88658e-14
2 -1.42109e-13
3 -6.11955e-13
33562 3
1 -4.66294e-14
2 -1.74083e-13
3 -6.43929e-13
33564 3
1 -4.39648e-14
2 -1.61648e-13
3 -6.27054e-13
33566 3
1 -3.81917e-14
2 -1.43885e-13
3 -6.20837e-13
33568 3
1 -4.9738e-14
2 -1.37668e-13
3 -6.12843e-13
33570 3
1 -8.03801e-14
2 -1.47438e-13
3 -6.33271e-13
33572 3
1 -5.19584e-14
2 -1.67866e-13
3 -6.34159e-13
33574 3
1 -5.06262e-14
2 -1.59872e-13
3 -6.30607e-13
33576 3
1 -4.66294e-14
2 -1.65201e-13
3 -6.49258e-13
33578 3
1 -8.39329e-14
2 -1.9007e-13
3 -6.34159e-13
33580 3
1 -5.9508e-14
2 -1.73195e-13
3 -6.65246e-13
33582 3
1 -8.34888e-14
2 -1.91847e-13
3 -6.43929e-13
33584 3
1 -4.13003e-14
2 -1.71418e-13
3 -6.30607e-13
33586 3
1 -7.4607e-14
2 -1.61648e-13
3 -6.27054e-13
33588 3
1 -6.17284e-14
2 -1.76748e-13
3 -6.31495e-13
33590 3
1 -6.57252e-14
2 -1.63425e-13
3 -6.35048e-13
33592 3
1 -7.19425e-14
2 -1.84741e-13
3 -6.35936e-13
33594 3
1 -6.30607e-14
2 -1.44773e-13
3 -6.25278e-13
33596 3
1 -6.30607e-14
2 -1.84741e-13
3 -6.39488e-13
33598 3
1 -7.77156e-14
2 -1.79412e-13
3 -6.27942e-13
33600 3
1 -6.92779e-14
2 -1.6076e-13
3 -6.26166e-13
33602 3
1 -5.50671e-14
2 -1.44773e-13
3 -6.45706e-13
33604 3
1 -7.81597e-14
2 -1.47438e-13
3 -6.21725e-13
33606 3
1 -6.26166e-14
2 -1.78524e-13
3 -6.44818e-13
33608 3
1 -6.83897e-14
2 -1.56319e-13
3 -6.59028e-13
33610 3
1 -5.32907e-14
2 -1.78524e-13
3 -6.50147e-13
33612 3
1 -4.44089e-14
2 -1.82077e-13
3 -6.6791e-13
33614 3
1 -6.83897e-14
2 -1.81188e-13
3 -6.40377e-13
33616 3
1 -5.32907e-14
2 -1.62537e-13
3 -6.46594e-13
33618 3
1 -3.5083e-14
2 -1.82965e-13
3 -6.66134e-13
33620 3
1 -4.52971e-14
2 -1.98064e-13
3 -6.67022e-13
33622 3
1 -7.06102e-14
2 -1.54543e-13
3 -6.54587e-13
33624 3
1 -5.15143e-14
2 -1.93623e-13
3 -6.52811e-13
33626 3
1 -5.06262e-14
2 -1.89182e-13
3 -6.51923e-13
33628 3
1 -4.08562e-14
2 -1.56319e-13
3 -6.51035e-13
33630 3
1 -6.08402e-14
2 -1.85629e-13
3 -6.386e-13
33632 3
1 -4.79616e-14
2 -1.64313e-13
3 -6.53699e-13
33634 3
1 -4.04121e-14
2 -1.72307e-13
3 -6.43041e-13
33636 3
1 -4.92939e-14
2 -1.81188e-13
3 -6.46594e-13
33638 3
1 -4.17444e-14
2 -1.66089e-13
3 -6.53699e-13
33640 3
1 -7.41629e-14
2 -1.72307e-13
3 -6.50147e-13
33642 3
1 -5.68434e-14
2 -1.9007e-13
3 -6.37712e-13
33644 3
1 -5.50671e-14
2 -1.65201e-13
3 -6.6791e-13
33646 3
1 -7.4607e-14
2 -1.89182e-13
3 -6.53699e-13
33648 3
1 -4.61853e-14
2 -1.65201e-13
3 -6.36824e-13
33650 3
1 -6.92779e-14
2 -1.82077e-13
3 -6.70575e-13
33652 3
1 -4.70735e-14
2 -1.90958e-13
3 -6.5814e-13
33654 3
1 -5.68434e-14
2 -1.81188e-13
3 -6.52811e-13
33656 3
1 -8.88178e-14
2 -1.7053e-13
3 -6.57252e-13
33658 3
1 -3.10862e-14
2 -1.81188e-13
3 -6.55476e-13
33660 3
1 -4.08562e-14
2 -1.73195e-13
3 -6.46594e-13
33662 3
1 -4.44089e-14
2 -1.75859e-13
3 -6.73239e-13
33664 3
1 -6.66134e-14
2 -1.98064e-13
3 -6.61693e-13
33666 3
1 -4.66294e-14
2 -2.02505e-13
3 -6.62581e-13
33668 3
1 -4.84057e-14
2 -1.82077e-13
3 -6.55476e-13
33670 3
1 -5.9952e-14
2 -1.91847e-13
3 -6.57252e-13
33672 3
1 -5.9508e-14
2 -1.91847e-13
3 -6.67022e-13
33674 3
1 -4.44089e-14
2 -1.83853e-13
3 -6.61693e-13
33676 3
1 -5.68434e-14
2 -1.72307e-13
3 -6.76792e-13
33678 3
1 -6.21725e-14
2 -1.98952e-13
3 -6.67022e-13
33680 3
1 -2.66454e-14
2 -1.75859e-13
3 -6.56364e-13
33682 3
1 -7.19425e-14
2 -1.97176e-13
3 -6.85674e-13
33684 3
1 -5.9508e-14
2 -1.93623e-13
3 -6.51035e-13
33686 3
1 -6.03961e-14
2 -1.58096e-13
3 -6.61693e-13
33688 3
1 -7.77156e-14
2 -1.78524e-13
3 -6.67022e-13
33690 3
1 -6.4837e-14
2 -1.97176e-13
3 -6.32383e-13
33692 3
1 -4.88498e-14
2 -1.98952e-13
3 -6.66134e-13
33694 3
1 -3.95239e-14
2 -1.77636e-13
3 -6.53699e-13
33696 3
1 -7.23865e-14
2 -1.85629e-13
3 -6.63469e-13
33698 3
1 -6.75016e-14
2 -1.69642e-13
3 -6.34159e-13
33700 3
1 -4.21885e-14
2 -1.74083e-13
3 -6.7768e-13
33702 3
1 -6.79456e-14
2 -1.86517e-13
3 -6.43041e-13
33704 3
1 -7.4607e-14
2 -1.79412e-13
3 -6.57252e-13
33706 3
1 -6.57252e-14
2 -1.82965e-13
3 -6.65246e-13
33708 3
1 -6.88338e-14
2 -1.91847e-13
3 -6.41265e-13
33710 3
1 -4.04121e-14
2 -2.06057e-13
3 -6.46594e-13
33712 3
1 -6.83897e-14
2 -1.75859e-13
3 -6.69687e-13
33714 3
1 -7.86038e-14
2 -1.74971e-13
3 -6.94556e-13
33716 3
1 -5.63993e-14
2 -1.94511e-13
3 -6.74127e-13
33718 3
1 -6.92779e-14
2 -2.01617e-13
3 -6.59917e-13
33720 3
1 -4.4853e-14
2 -1.9007e-13
3 -6.42153e-13
33722 3
1 -5.72875e-14
2 -2.27374e-13
3 -6.71463e-13
33724 3
1 -5.32907e-14
2 -1.91847e-13
3 -6.50147e-13
33726 3
1 -6.92779e-14
2 -2.00728e-13
3 -6.59917e-13
33728 3
1 -5.81757e-14
2 -1.77636e-13
3 -6.63469e-13
33730 3
1 -6.83897e-14
2 -1.84741e-13
3 -6.386e-13
33732 3
1 -5.9508e-14
2 -1.90958e-13
3 -6.60805e-13
33734 3
1 -3.68594e-14
2 -2.06057e-13
3 -6.54587e-13
33736 3
1 -5.41789e-14
2 -2.01617e-13
3 -6.44818e-13
33738 3
1 -5.28466e-14
2 -1.803e-13
3 -6.53699e-13
33740 3
1 -7.77156e-14
2 -1.76748e-13
3 -6.20837e-13
33742 3
1 -2.08722e-14
2 -1.79412e-13
3 -6.66134e-13
33744 3
1 -4.75175e-14
2 -1.84741e-13
3 -6.51035e-13
33746 3
1 -6.83897e-14
2 -1.79412e-13
3 -6.53699e-13
33748 3
1 -4.21885e-14
2 -1.98952e-13
3 -6.14619e-13
33750 3
1 -7.54952e-14
2 -2.02505e-13
3 -6.53699e-13
33752 3
1 -6.30607e-14
2 -2.07834e-13
3 -6.4837e-13
33754 3
1 -5.59552e-14
2 -1.86517e-13
3 -6.43041e-13
33756 3
1 -5.59552e-14
2 -1.98064e-13
3 -6.59028e-13
33758 3
1 -5.24025e-14
2 -1.96287e-13
3 -6.51923e-13
33760 3
1 -6.61693e-14
2 -1.803e-13
3 -6.30607e-13
33762 3
1 -5.9508e-14
2 -2.11386e-13
3 -6.70575e-13
33764 3
1 -6.39488e-14
2 -2.02505e-13
3 -6.47482e-13
33766 3
1 -4.08562e-14
2 -1.88294e-13
3 -6.62581e-13
33768 3
1 -4.44089e-14
2 -1.98952e-13
3 -6.69687e-13
33770 3
1 -5.41789e-14
2 -2.16716e-13
3 -6.67022e-13
33772 3
1 -4.61853e-14
2 -2.14939e-13
3 -6.35936e-13
33774 3
1 -2.57572e-14
2 -2.16716e-13
3 -6.75904e-13
33776 3
1 -4.39648e-14
2 -2.03393e-13
3 -6.50147e-13
33778 3
1 -4.04121e-14
2 -2.00728e-13
3 -6.55476e-13
33780 3
1 -5.77316e-14
2 -2.20268e-13
3 -6.65246e-13
33782 3
1 -6.12843e-14
2 -2.13163e-13
3 -6.47482e-13
33784 3
1 -7.01661e-14
2 -2.38032e-13
3 -6.73239e-13
33786 3
1 -6.88338e-14
2 -2.21156e-13
3 -6.5814e-13
33788 3
1 -3.68594e-14
2 -2.25597e-13
3 -6.83897e-13
33790 3
1 -4.66294e-14
2 -2.0961e-13
3 -6.51035e-13
33792 3
1 -3.64153e-14
2 -2.04281e-13
3 -6.62581e-13
33794 3
1 -3.01981e-14
2 -2.16716e-13
3 -6.74127e-13
33796 3
1 -1.77636e-14
2 -2.0961e-13
3 -6.82121e-13
33798 3
1 -4.26326e-14
2 -2.18492e-13
3 -6.90115e-13
33800 3
1 -3.24185e-14
2 -2.11386e-13
3 -6.5814e-13
33802 3
1 -4.35207e-14
2 -2.08722e-13
3 -6.51035e-13
33804 3
1 -3.10862e-14
2 -1.95399e-13
3 -6.49258e-13
33806 3
1 -3.9968e-14
2 -1.95399e-13
3 -6.57252e-13
33808 3
1 -4.61853e-14
2 -2.32703e-13
3 -6.74127e-13
33810 3
1 -4.44089e-14
2 -2.23821e-13
3 -6.35936e-13
33812 3
1 -5.4623e-14
2 -2.1938e-13
3 -6.34159e-13
33814 3
1 -3.9968e-14
2 -2.06057e-13
3 -6.64357e-13
33816 3
1 -5.28466e-14
2 -2.30926e-13
3 -6.65246e-13
33818 3
1 -3.19744e-14
2 -2.0961e-13
3 -6.55476e-13
33820 3
1 -5.4623e-14
2 -2.21156e-13
3 -6.53699e-13
33822 3
1 -4.04121e-14
2 -2.20268e-13
3 -6.59917e-13
33824 3
1 -5.81757e-14
2 -2.46025e-13
3 -6.47482e-13
33826 3
1 -2.84217e-14
2 -1.92735e-13
3 -6.45706e-13
33828 3
1 -7.50511e-14
2 -2.07834e-13
3 -6.4837e-13
33830 3
1 -2.26485e-14
2 -1.88294e-13
3 -6.43041e-13
33832 3
1 -5.06262e-14
2 -2.06057e-13
3 -6.68798e-13
33834 3
1 -2.57572e-14
2 -2.25597e-13
3 -6.2883e-13
33836 3
1 -5.32907e-14
2 -2.03393e-13
3 -6.71463e-13
33838 3
1 -4.92939e-14
2 -2.0961e-13
3 -6.51035e-13
33840 3
1 -2.26485e-14
2 -1.97176e-13
3 -6.53699e-13
33842 3
1 -2.22045e-14
2 -2.14939e-13
3 -6.64357e-13
33844 3
1 -3.4639e-14
2 -2.23821e-13
3 -6.43929e-13
33846 3
1 -5.15143e-14
2 -2.11386e-13
3 -6.64357e-13
33848 3
1 -3.19744e-14
2 -2.11386e-13
3 -6.43041e-13
33850 3
1 -5.72875e-14
2 -2.02505e-13
3 -6.5814e-13
33852 3
1 -1.02141e-14
2 -2.12275e-13
3 -6.90115e-13
33854 3
1 -2.44249e-14
2 -2.24709e-13
3 -6.74127e-13
33856 3
1 -2.30926e-14
2 -2.14051e-13
3 -6.78568e-13
33858 3
1 -5.15143e-14
2 -2.25597e-13
3 -6.5814e-13
33860 3
1 -4.17444e-14
2 -2.2915e-13
3 -6.68798e-13
33862 3
1 -4.35207e-14
2 -2.21156e-13
3 -6.68798e-13
33864 3
1 -2.75335e-14
2 -2.07834e-13
3 -6.65246e-13
33866 3
1 -4.26326e-14
2 -2.01617e-13
3 -6.60805e-13
33868 3
1 -3.95239e-14
2 -1.86517e-13
3 -6.76792e-13
33870 3
1 -2.93099e-14
2 -2.11386e-13
3 -6.54587e-13
33872 3
1 -3.28626e-14
2 -2.12275e-13
3 -6.93667e-13
33874 3
1 -3.5083e-14
2 -1.84741e-13
3 -6.94556e-13
33876 3
1 -3.4639e-14
2 -2.11386e-13
3 -6.84786e-13
33878 3
1 -2.93099e-14
2 -2.03393e-13
3 -6.75016e-13
33880 3
1 -5.86198e-14
2 -1.69642e-13
3 -6.79456e-13
33882 3
1 -5.63993e-14
2 -2.13163e-13
3 -6.6791e-13
33884 3
1 -4.88498e-14
2 -1.91847e-13
3 -6.74127e-13
33886 3
1 -3.90799e-14
2 -2.25597e-13
3 -6.85674e-13
33888 3
1 -4.04121e-14
2 -2.11386e-13
3 -6.7768e-13
33890 3
1 -4.52971e-14
2 -2.14939e-13
3 -6.78568e-13
33892 3
1 -5.50671e-14
2 -2.08722e-13
3 -6.83897e-13
33894 3
1 -4.70735e-14
2 -2.00728e-13
3 -6.83897e-13
33896 3
1 -4.75175e-14
2 -2.27374e-13
3 -6.51923e-13
33898 3
1 -3.33067e-14
2 -2.07834e-13
3 -6.63469e-13
33900 3
1 -2.79776e-14
2 -2.01617e-13
3 -6.71463e-13
33902 3
1 -3.64153e-14
2 -2.06057e-13
3 -6.71463e-13
33904 3
1 -3.4639e-14
2 -2.17604e-13
3 -6.75016e-13
33906 3
1 -4.17444e-14
2 -2.14939e-13
3 -6.70575e-13
33908 3
1 -2.39808e-14
2 -2.0961e-13
3 -6.91003e-13
33910 3
1 -1.68754e-14
2 -2.21156e-13
3 -6.59917e-13
33912 3
1 -4.57412e-14
2 -2.34479e-13
3 -6.63469e-13
33914 3
1 -5.19584e-14
2 -1.72307e-13
3 -6.63469e-13
33916 3
1 -3.37508e-14
2 -1.88294e-13
3 -6.60805e-13
33918 3
1 -3.15303e-14
2 -1.97176e-13
3 -6.89226e-13
33920 3
1 -2.84217e-14
2 -2.02505e-13
3 -6.91891e-13
33922 3
1 -3.5083e-14
2 -1.88294e-13
3 -6.91003e-13
33924 3
1 -2.08722e-14
2 -1.95399e-13
3 -6.75016e-13
33926 3
1 -2.93099e-14
2 -2.13163e-13
3 -6.79456e-13
33928 3
1 -2.9754e-14
2 -1.97176e-13
3 -6.59028e-13
33930 3
1 -2.75335e-14
2 -2.39808e-13
3 -6.83009e-13
33932 3
1 -2.17604e-14
2 -2.21156e-13
3 -6.74127e-13
33934 3
1 -1.19904e-14
2 -2.34479e-13
3 -6.55476e-13
33936 3
1 -8.43769e-15
2 -2.22045e-13
3 -6.67022e-13
33938 3
1 -2.17604e-14
2 -1.84741e-13
3 -6.53699e-13
33940 3
1 -1.55431e-14
2 -2.40696e-13
3 -6.75016e-13
33942 3
1 -1.73195e-14
2 -2.18492e-13
3 -6.60805e-13
33944 3
1 -4.21885e-14
2 -2.03393e-13
3 -6.43041e-13
33946 3
1 7.10543e-15
2 -2.14939e-13
3 -6.66134e-13
33948 3
1 -8.88178e-15
2 -2.18492e-13
3 -6.54587e-13
33950 3
1 1.11022e-14
2 -2.11386e-13
3 -6.5814e-13
33952 3
1 -1.46549e-14
2 -2.14939e-13
3 -6.68798e-13
33954 3
1 5.77316e-15
2 -2.04281e-13
3 -6.56364e-13
33956 3
1 -2.62013e-14
2 -2.13163e-13
3 -6.47482e-13
33958 3
1 -1.55431e-14
2 -2.08722e-13
3 -6.83009e-13
33960 3
1 -3.19744e-14
2 -2.34479e-13
3 -6.60805e-13
33962 3
1 -2.4869e-14
2 -2.08722e-13
3 -6.59917e-13
33964 3
1 -5.32907e-15
2 -2.0961e-13
3 -6.91891e-13
33966 3
1 -4.44089e-16
2 -2.16716e-13
3 -6.72351e-13
33968 3
1 -2.66454e-15
2 -2.14939e-13
3 -6.75904e-13
33970 3
1 2.22045e-15
2 -2.14051e-13
3 -6.70575e-13
33972 3
1 -3.10862e-15
2 -2.11386e-13
3 -6.73239e-13
33974 3
1 1.02141e-14
2 -2.25597e-13
3 -6.64357e-13
33976 3
1 -2.13163e-14
2 -2.06057e-13
3 -6.6791e-13
33978 3
1 -7.54952e-15
2 -2.41585e-13
3 -6.69687e-13
33980 3
1 -1.24345e-14
2 -2.01617e-13
3 -6.8745e-13
33982 3
1 -6.21725e-15
2 -2.11386e-13
3 -6.88338e-13
33984 3
1 -9.32587e-15
2 -1.92735e-13
3 -6.79456e-13
33986 3
1 -1.02141e-14
2 -1.94511e-13
3 -6.62581e-13
33988 3
1 8.88178e-15
2 -1.87406e-13
3 -6.63469e-13
33990 3
1 7.99361e-15
2 -2.20268e-13
3 -6.80345e-13
33992 3
1 1.82077e-14
2 -2.08722e-13
3 -6.8745e-13
33994 3
1 -3.10862e-15
2 -2.28262e-13
3 -6.68798e-13
33996 3
1 -4.44089e-16
2 -2.14939e-13
3 -6.85674e-13
33998 3
1 1.11022e-14
2 -2.23821e-13
3 -6.71463e-13
34000 3
1 1.37668e-14
2 -1.95399e-13
3 -6.6791e-13
34002 3
1 2.66454e-15
2 -1.98952e-13
3 -6.54587e-13
34004 3
1 1.06581e-14
2 -2.18492e-13
3 -6.83897e-13
34006 3
1 2.30926e-14
2 -2.14939e-13
3 -6.42153e-13
34008 3
1 3.9968e-15
2 -2.07834e-13
3 -6.66134e-13
34010 3
1 2.35367e-14
2 -2.20268e-13
3 -6.67022e-13
34012 3
1 5.77316e-15
2 -2.20268e-13
3 -6.55476e-13
34014 3
1 1.73195e-14
2 -2.32703e-13
3 -6.59917e-13
34016 3
1 2.88658e-14
2 -2.43361e-13
3 -6.64357e-13
34018 3
1 1.9984e-14
2 -2.00728e-13
3 -6.56364e-13
34020 3
1 4.88498e-15
2 -2.04281e-13
3 -6.68798e-13
34022 3
1 2.44249e-14
2 -2.16716e-13
3 -6.51035e-13
34024 3
1 1.33227e-14
2 -2.12275e-13
3 -6.75016e-13
34026 3
1 2.4869e-14
2 -2.11386e-13
3 -6.64357e-13
34028 3
1 1.11022e-14
2 -2.22933e-13
3 -6.78568e-13
34030 3
1 1.15463e-14
2 -2.27374e-13
3 -6.57252e-13
34032 3
1 3.64153e-14
2 -1.84741e-13
3 -6.55476e-13
34034 3
1 9.32587e-15
2 -2.0961e-13
3 -6.75904e-13
34036 3
1 2.62013e-14
2 -2.04281e-13
3 -6.83009e-13
34038 3
1 1.59872e-14
2 -2.36255e-13
3 -6.5814e-13
34040 3
1 3.55271e-14
2 -2.18492e-13
3 -6.4837e-13
34042 3
1 2.57572e-14
2 -2.1938e-13
3 -6.73239e-13
34044 3
1 2.22045e-14
2 -2.3892e-13
3 -6.68798e-13
34046 3
1 3.55271e-14
2 -2.11386e-13
3 -6.62581e-13
34048 3
1 4.88498e-15
2 -1.93623e-13
3 -6.83897e-13
34050 3
1 3.90799e-14
2 -2.13163e-13
3 -6.73239e-13
34052 3
1 1.9984e-14
2 -2.32703e-13
3 -6.70575e-13
34054 3
1 3.55271e-14
2 -1.97176e-13
3 -6.74127e-13
34056 3
1 2.08722e-14
2 -2.1938e-13
3 -6.84786e-13
34058 3
1 4.08562e-14
2 -2.21156e-13
3 -6.62581e-13
34060 3
1 3.28626e-14
2 -2.14051e-13
3 -6.63469e-13
34062 3
1 2.75335e-14
2 -2.2915e-13
3 -6.93667e-13
34064 3
1 -1.77636e-15
2 -2.04281e-13
3 -6.85674e-13
34066 3
1 -1.33227e-15
2 -1.98064e-13
3 -6.57252e-13
34068 3
1 1.73195e-14
2 -1.97176e-13
3 -6.67022e-13
34070 3
1 5.32907e-15
2 -1.9007e-13
3 -6.55476e-13
34072 3
1 1.86517e-14
2 -2.04281e-13
3 -6.68798e-13
34074 3
1 3.37508e-14
2 -2.10498e-13
3 -6.69687e-13
34076 3
1 1.77636e-14
2 -1.84741e-13
3 -6.4837e-13
34078 3
1 -1.33227e-15
2 -2.0961e-13
3 -6.51923e-13
34080 3
1 2.04281e-14
2 -1.83853e-13
3 -6.50147e-13
34082 3
1 1.33227e-15
2 -1.91847e-13
3 -6.63469e-13
34084 3
1 5.10703e-14
2 -2.02505e-13
3 -6.76792e-13
34086 3
1 1.9984e-14
2 -1.89182e-13
3 -6.52811e-13
34088 3
1 3.01981e-14
2 -2.2915e-13
3 -6.44818e-13
34090 3
1 2.84217e-14
2 -2.05169e-13
3 -6.53699e-13
34092 3
1 2.30926e-14
2 -1.98952e-13
3 -6.50147e-13
34094 3
1 1.37668e-14
2 -2.13163e-13
3 -6.46594e-13
34096 3
1 3.33067e-14
2 -2.06057e-13
3 -6.75904e-13
34098 3
1 3.77476e-14
2 -1.93623e-13
3 -6.61693e-13
34100 3
1 2.93099e-14
2 -1.98064e-13
3 -6.42153e-13
34102 3
1 3.68594e-14
2 -2.04281e-13
3 -6.67022e-13
34104 3
1 6.21725e-15
2 -1.89182e-13
3 -6.33271e-13
34106 3
1 8.88178e-15
2 -2.03393e-13
3 -6.27054e-13
34108 3
1 1.82077e-14
2 -1.79412e-13
3 -6.43041e-13
34110 3
1 8.43769e-15
2 -1.74971e-13
3 -6.46594e-13
34112 3
1 7.54952e-15
2 -2.14051e-13
3 -6.44818e-13
34114 3
1 1.59872e-14
2 -1.69642e-13
3 -6.46594e-13
34116 3
1 7.10543e-15
2 -1.89182e-13
3 -6.64357e-13
34118 3
1 2.93099e-14
2 -2.06057e-13
3 -6.62581e-13
34120 3
1 1.9984e-14
2 -1.82965e-13
3 -6.56364e-13
34122 3
1 2.75335e-14
2 -1.98952e-13
3 -6.43929e-13
34124 3
1 1.82077e-14
2 -1.81188e-13
3 -6.5814e-13
34126 3
1 1.73195e-14
2 -1.85629e-13
3 -6.4837e-13
34128 3
1 1.06581e-14
2 -1.88294e-13
3 -6.57252e-13
34130 3
1 1.68754e-14
2 -1.97176e-13
3 -6.51035e-13
34132 3
1 1.59872e-14
2 -1.97176e-13
3 -6.46594e-13
34134 3
1 9.76996e-15
2 -1.81188e-13
3 -6.27942e-13
34136 3
1 1.06581e-14
2 -1.61648e-13
3 -6.57252e-13
34138 3
1 -8.88178e-16
2 -2.01617e-13
3 -6.56364e-13
34140 3
1 1.33227e-14
2 -1.48326e-13
3 -6.52811e-13
34142 3
1 6.21725e-15
2 -1.96287e-13
3 -6.55476e-13
34144 3
1 1.68754e-14
2 -1.75859e-13
3 -6.6791e-13
34146 3
1 -3.55271e-15
2 -1.68754e-13
3 -6.61693e-13
34148 3
1 3.28626e-14
2 -1.77636e-13
3 -6.51035e-13
34150 3
1 8.88178e-15
2 -1.78524e-13
3 -6.66134e-13
34152 3
1 3.55271e-15
2 -1.89182e-13
3 -6.25278e-13
34154 3
1 2.30926e-14
2 -1.76748e-13
3 -6.46594e-13
34156 3
1 1.95399e-14
2 -1.82077e-13
3 -6.56364e-13
34158 3
1 1.06581e-14
2 -1.72307e-13
3 -6.27942e-13
34160 3
1 0
2 -1.85629e-13
3 -6.50147e-13
34162 3
1 4.44089e-15
2 -1.88294e-13
3 -6.34159e-13
34164 3
1 2.66454e-15
2 -1.62537e-13
3 -6.44818e-13
34166 3
1 4.44089e-15
2 -1.71418e-13
3 -6.56364e-13
34168 3
1 1.5099e-14
2 -1.84741e-13
3 -6.43041e-13
34170 3
1 -1.77636e-15
2 -1.74971e-13
3 -6.52811e-13
34172 3
1 -4.44089e-15
2 -1.83853e-13
3 -6.29718e-13
34174 3
1 7.10543e-15
2 -1.803e-13
3 -6.21725e-13
34176 3
1 7.99361e-15
2 -1.82077e-13
3 -6.36824e-13
34178 3
1 2.13163e-14
2 -1.90958e-13
3 -6.47482e-13
34180 3
1 7.10543e-15
2 -1.87406e-13
3 -6.4837e-13
34182 3
1 8.88178e-15
2 -1.85629e-13
3 -6.22613e-13
34184 3
1 -3.55271e-15
2 -2.01617e-13
3 -6.24389e-13
34186 3
1 -7.10543e-15
2 -1.90958e-13
3 -6.51923e-13
34188 3
1 -1.15463e-14
2 -2.06946e-13
3 -6.22613e-13
34190 3
1 -1.77636e-15
2 -2.08722e-13
3 -6.35936e-13
34192 3
1 1.15463e-14
2 -1.7053e-13
3 -6.51035e-13
34194 3
1 -1.24345e-14
2 -1.89182e-13
3 -6.06626e-13
34196 3
1 4.44089e-15
2 -2.16716e-13
3 -6.4837e-13
34198 3
1 4.44089e-15
2 -1.94511e-13
3 -6.34159e-13
34200 3
1 7.99361e-15
2 -1.84741e-13
3 -6.41265e-13
34202 3
1 -5.32907e-15
2 -1.94511e-13
3 -6.19949e-13
34204 3
1 -1.42109e-14
2 -1.74083e-13
3 -6.31495e-13
34206 3
1 1.59872e-14
2 -1.76748e-13
3 -6.23501e-13
34208 3
1 -8.88178e-15
2 -1.9007e-13
3 -6.2883e-13
34210 3
1 1.77636e-15
2 -1.51879e-13
3 -6.20837e-13
34212 3
1 4.44089e-15
2 -1.98064e-13
3 -6.27054e-13
34214 3
1 -1.77636e-15
2 -1.75859e-13
3 -6.19949e-13
34216 3
1 1.95399e-14
2 -1.96287e-13
3 -6.0929e-13
34218 3
1 -6.21725e-15
2 -1.74083e-13
3 -6.12843e-13
34220 3
1 -5.32907e-15
2 -1.91847e-13
3 -6.03961e-13
34222 3
1 -1.77636e-15
2 -1.71418e-13
3 -6.25278e-13
34224 3
1 1.77636e-15
2 -1.81188e-13
3 -6.2883e-13
34226 3
1 -2.30926e-14
2 -1.71418e-13
3 -6.40377e-13
34228 3
1 1.77636e-15
2 -1.63425e-13
3 -6.34159e-13
34230 3
1 8.88178e-15
2 -1.77636e-13
3 -6.386e-13
34232 3
1 1.59872e-14
2 -1.68754e-13
3 -6.23501e-13
34234 3
1 7.10543e-15
2 -1.803e-13
3 -6.22613e-13
34236 3
1 1.59872e-14
2 -1.7053e-13
3 -6.35048e-13
34238 3
1 2.57572e-14
2 -1.96287e-13
3 -6.18172e-13
34240 3
1 -1.68754e-14
2 -1.7053e-13
3 -6.51035e-13
34242 3
1 2.75335e-14
2 -1.89182e-13
3 -6.35936e-13
34244 3
1 3.10862e-14
2 -1.61648e-13
3 -6.43929e-13
34246 3
1 1.42109e-14
2 -1.85629e-13
3 -6.49258e-13
34248 3
1 1.68754e-14
2 -2.03393e-13
3 -6.31495e-13
34250 3
1 0
2 -1.96287e-13
3 -6.51923e-13
34252 3
1 1.15463e-14
2 -2.11386e-13
3 -6.37712e-13
34254 3
1 5.32907e-15
2 -1.87406e-13
3 -6.51923e-13
34256 3
1 8.88178e-15
2 -1.98064e-13
3 -6.22613e-13
34258 3
1 8.88178e-16
2 -1.81188e-13
3 -6.17284e-13
34260 3
1 1.86517e-14
2 -1.98952e-13
3 -6.49258e-13
34262 3
1 1.77636e-15
2 -1.87406e-13
3 -6.36824e-13
34264 3
1 -9.76996e-15
2 -1.82965e-13
3 -6.21725e-13
34266 3
1 1.77636e-15
2 -2.12275e-13
3 -6.1906e-13
34268 3
1 -1.24345e-14
2 -1.89182e-13
3 -6.27054e-13
34270 3
1 3.55271e-15
2 -2.03393e-13
3 -6.2883e-13
34272 3
1 -7.10543e-15
2 -1.69642e-13
3 -6.31495e-13
34274 3
1 5.32907e-15
2 -1.98952e-13
3 -6.35936e-13
34276 3
1 2.66454e-15
2 -1.72307e-13
3 -6.19949e-13
34278 3
1 8.88178e-16
2 -1.72307e-13
3 -6.43929e-13
34280 3
1 -8.88178e-15
2 -2.02505e-13
3 -6.11067e-13
34282 3
1 0
2 -1.91847e-13
3 -6.15508e-13
34284 3
1 6.21725e-15
2 -1.91847e-13
3 -6.12843e-13
34286 3
1 -5.32907e-15
2 -1.91847e-13
3 -6.0929e-13
34288 3
1 1.77636e-15
2 -1.44773e-13
3 -6.11067e-13
34290 3
1 6.21725e-15
2 -1.79412e-13
3 -6.54587e-13
34292 3
1 8.88178e-15
2 -2.02505e-13
3 -6.34159e-13
34294 3
1 1.5099e-14
2 -1.75859e-13
3 -6.27054e-13
34296 3
1 0
2 -1.90958e-13
3 -6.18172e-13
34298 3
1 2.66454e-15
2 -1.88294e-13
3 -6.11067e-13
34300 3
1 3.55271e-15
2 -1.7053e-13
3 -6.26166e-13
34302 3
1 2.30926e-14
2 -2.02505e-13
3 -6.22613e-13
34304 3
1 6.21725e-15
2 -1.64313e-13
3 -6.20837e-13
34306 3
1 -1.68754e-14
2 -1.71418e-13
3 -6.0485e-13
34308 3
1 -1.42109e-14
2 -1.83853e-13
3 -5.97744e-13
34310 3
1 1.15463e-14
2 -1.61648e-13
3 -6.25278e-13
34312 3
1 4.44089e-15
2 -1.72307e-13
3 -5.86198e-13
34314 3
1 1.5099e-14
2 -1.97176e-13
3 -5.94191e-13
34316 3
1 -7.99361e-15
2 -1.91847e-13
3 -5.79092e-13
34318 3
1 8.88178e-16
2 -1.81188e-13
3 -6.11955e-13
34320 3
1 7.10543e-15
2 -1.77636e-13
3 -5.91527e-13
34322 3
1 8.88178e-16
2 -1.92735e-13
3 -5.93303e-13
34324 3
1 1.77636e-15
2 -1.91847e-13
3 -5.88862e-13
34326 3
1 2.84217e-14
2 -1.97176e-13
3 -5.87086e-13
34328 3
1 1.77636e-15
2 -1.79412e-13
3 -5.96856e-13
34330 3
1 8.88178e-15
2 -1.63425e-13
3 -5.9952e-13
34332 3
1 -1.77636e-15
2 -1.84741e-13
3 -5.82645e-13
34334 3
1 4.44089e-15
2 -1.82965e-13
3 -6.1906e-13
34336 3
1 2.30926e-14
2 -1.76748e-13
3 -5.9952e-13
34338 3
1 1.95399e-14
2 -1.79412e-13
3 -5.8975e-13
34340 3
1 1.59872e-14
2 -1.52767e-13
3 -5.79092e-13
34342 3
1 1.59872e-14
2 -1.62537e-13
3 -5.79981e-13
34344 3
1 1.59872e-14
2 -1.82965e-13
3 -6.00409e-13
34346 3
1 1.95399e-14
2 -2.04281e-13
3 -5.73763e-13
34348 3
1 2.13163e-14
2 -1.72307e-13
3 -6.03961e-13
34350 3
1 1.86517e-14
2 -1.75859e-13
3 -5.77316e-13
34352 3
1 1.42109e-14
2 -1.93623e-13
3 -5.84421e-13
34354 3
1 2.04281e-14
2 -1.77636e-13
3 -6.0485e-13
34356 3
1 1.86517e-14
2 -1.9007e-13
3 -5.9508e-13
34358 3
1 1.5099e-14
2 -1.93623e-13
3 -5.8531e-13
34360 3
1 6.21725e-15
2 -1.5099e-13
3 -5.86198e-13
34362 3
1 9.76996e-15
2 -1.68754e-13
3 -5.91527e-13
34364 3
1 7.10543e-15
2 -1.95399e-13
3 -5.96856e-13
34366 3
1 4.44089e-14
2 -1.68754e-13
3 -5.80869e-13
34368 3
1 2.93099e-14
2 -1.95399e-13
3 -5.77316e-13
34370 3
1 2.93099e-14
2 -1.90958e-13
3 -5.98632e-13
34372 3
1 4.44089e-14
2 -1.98064e-13
3 -5.93303e-13
34374 3
1 3.10862e-14
2 -1.86517e-13
3 -6.02185e-13
34376 3
1 3.19744e-14
2 -1.94511e-13
3 -5.80869e-13
34378 3
1 3.55271e-15
2 -1.83853e-13
3 -5.92415e-13
34380 3
1 3.73035e-14
2 -1.69642e-13
3 -5.78204e-13
34382 3
1 2.66454e-14
2 -1.59872e-13
3 -5.86198e-13
34384 3
1 3.01981e-14
2 -2.06057e-13
3 -6.02185e-13
34386 3
1 1.5099e-14
2 -1.68754e-13
3 -5.60441e-13
34388 3
1 4.35207e-14
2 -1.93623e-13
3 -5.9952e-13
34390 3
1 1.95399e-14
2 -1.83853e-13
3 -5.79981e-13
34392 3
1 3.28626e-14
2 -2.04281e-13
3 -5.71987e-13
34394 3
1 4.26326e-14
2 -1.9007e-13
3 -5.98632e-13
34396 3
1 1.86517e-14
2 -1.77636e-13
3 -5.80869e-13
34398 3
1 3.64153e-14
2 -1.84741e-13
3 -5.81757e-13
34400 3
1 3.28626e-14
2 -1.82965e-13
3 -5.69322e-13
34402 3
1 3.19744e-14
2 -1.77636e-13
3 -5.86198e-13
34404 3
1 2.84217e-14
2 -1.83853e-13
3 -5.72875e-13
34406 3
1 4.26326e-14
2 -1.94511e-13
3 -5.61329e-13
34408 3
1 1.33227e-14
2 -1.77636e-13
3 -5.66658e-13
34410 3
1 3.90799e-14
2 -1.95399e-13
3 -5.77316e-13
34412 3
1 1.77636e-14
2 -1.81188e-13
3 -5.61329e-13
34414 3
1 2.30926e-14
2 -1.98952e-13
3 -5.80869e-13
34416 3
1 3.19744e-14
2 -1.91847e-13
3 -5.9508e-13
34418 3
1 4.08562e-14
2 -1.84741e-13
3 -5.7554e-13
34420 3
1 1.06581e-14
2 -1.7053e-13
3 -5.84421e-13
34422 3
1 9.76996e-15
2 -1.65201e-13
3 -5.73763e-13
34424 3
1 4.44089e-14
2 -1.59872e-13
3 -5.76428e-13
34426 3
1 3.73035e-14
2 -1.68754e-13
3 -5.95968e-13
34428 3
1 3.4639e-14
2 -1.82965e-13
3 -5.73763e-13
34430 3
1 2.84217e-14
2 -1.54543e-13
3 -6.0485e-13
34432 3
1 2.30926e-14
2 -1.72307e-13
3 -5.78204e-13
34434 3
1 2.75335e-14
2 -1.63425e-13
3 -5.81757e-13
34436 3
1 3.73035e-14
2 -1.6076e-13
3 -5.84421e-13
34438 3
1 3.4639e-14
2 -1.47438e-13
3 -5.95968e-13
34440 3
1 2.84217e-14
2 -1.66978e-13
3 -5.82645e-13
34442 3
1 4.26326e-14
2 -1.63425e-13
3 -5.82645e-13
34444 3
1 1.33227e-14
2 -1.74083e-13
3 -5.69322e-13
34446 3
1 3.4639e-14
2 -1.61648e-13
3 -5.78204e-13
34448 3
1 3.37508e-14
2 -1.63425e-13
3 -5.79092e-13
34450 3
1 3.81917e-14
2 -1.79412e-13
3 -5.81757e-13
34452 3
1 1.59872e-14
2 -1.7053e-13
3 -5.81757e-13
34454 3
1 1.86517e-14
2 -1.7053e-13
3 -5.76428e-13
34456 3
1 8.88178e-16
2 -1.6076e-13
3 -5.86198e-13
34458 3
1 1.15463e-14
2 -1.5099e-13
3 -5.95968e-13
34460 3
1 3.55271e-15
2 -1.54543e-13
3 -5.67546e-13
34462 3
1 3.10862e-14
2 -1.74083e-13
3 -5.84421e-13
34464 3
1 3.28626e-14
2 -1.84741e-13
3 -5.73763e-13
34466 3
1 0
2 -1.40332e-13
3 -5.87974e-13
34468 3
1 2.4869e-14
2 -1.69642e-13
3 -5.80869e-13
34470 3
1 6.21725e-15
2 -1.58096e-13
3 -5.73763e-13
34472 3
1 3.4639e-14
2 -1.7053e-13
3 -5.87974e-13
34474 3
1 1.86517e-14
2 -1.59872e-13
3 -5.74651e-13
34476 3
1 2.22045e-14
2 -1.65201e-13
3 -5.81757e-13
34478 3
1 6.21725e-15
2 -1.63425e-13
3 -5.87974e-13
34480 3
1 1.68754e-14
2 -1.72307e-13
3 -5.90639e-13
34482 3
1 3.90799e-14
2 -1.75859e-13
3 -5.66658e-13
34484 3
1 3.10862e-14
2 -1.7053e-13
3 -6.03073e-13
34486 3
1 1.86517e-14
2 -1.74083e-13
3 -5.68434e-13
34488 3
1 3.19744e-14
2 -1.5099e-13
3 -6.11067e-13
34490 3
1 2.93099e-14
2 -1.74083e-13
3 -5.7554e-13
34492 3
1 2.66454e-14
2 -1.7053e-13
3 -5.93303e-13
34494 3
1 2.4869e-14
2 -1.3145e-13
3 -6.02185e-13
34496 3
1 2.93099e-14
2 -1.58096e-13
3 -6.01297e-13
34498 3
1 4.08562e-14
2 -1.58096e-13
3 -6.12843e-13
34500 3
1 2.22045e-14
2 -1.26121e-13
3 -5.93303e-13
34502 3
1 2.30926e-14
2 -1.58984e-13
3 -5.9952e-13
34504 3
1 1.68754e-14
2 -1.75859e-13
3 -6.06626e-13
34506 3
1 3.10862e-14
2 -1.52767e-13
3 -6.01297e-13
34508 3
1 3.73035e-14
2 -1.74083e-13
3 -5.8975e-13
34510 3
1 6.21725e-15
2 -1.72307e-13
3 -6.12843e-13
34512 3
1 3.4639e-14
2 -1.71418e-13
3 -5.98632e-13
34514 3
1 2.39808e-14
2 -1.77636e-13
3 -6.0485e-13
34516 3
1 3.37508e-14
2 -1.79412e-13
3 -6.05738e-13
34518 3
1 3.73035e-14
2 -1.52767e-13
3 -5.8975e-13
34520 3
1 1.77636e-14
2 -1.52767e-13
3 -6.11067e-13
34522 3
1 4.44089e-14
2 -1.73195e-13
3 -6.15508e-13
34524 3
1 3.55271e-14
2 -1.81188e-13
3 -6.14619e-13
34526 3
1 3.28626e-14
2 -1.75859e-13
3 -6.12843e-13
34528 3
1 3.81917e-14
2 -1.66089e-13
3 -6.14619e-13
34530 3
1 4.52971e-14
2 -1.68754e-13
3 -5.98632e-13
34532 3
1 2.13163e-14
2 -1.75859e-13
3 -6.12843e-13
34534 3
1 3.73035e-14
2 -1.67866e-13
3 -6.03073e-13
34536 3
1 2.30926e-14
2 -1.72307e-13
3 -6.06626e-13
34538 3
1 3.19744e-14
2 -2.02505e-13
3 -5.96856e-13
34540 3
1 3.73035e-14
2 -1.82965e-13
3 -6.22613e-13
34542 3
1 2.13163e-14
2 -2.06057e-13
3 -6.0929e-13
34544 3
1 6.21725e-15
2 -1.81188e-13
3 -6.25278e-13
34546 3
1 2.66454e-14
2 -1.84741e-13
3 -6.06626e-13
34548 3
1 2.66454e-14
2 -1.98952e-13
3 -6.16396e-13
34550 3
1 2.39808e-14
2 -2.00728e-13
3 -6.0929e-13
34552 3
1 2.22045e-14
2 -1.84741e-13
3 -5.9508e-13
34554 3
1 2.30926e-14
2 -2.0961e-13
3 -6.26166e-13
34556 3
1 2.13163e-14
2 -1.98064e-13
3 -6.15508e-13
34558 3
1 2.30926e-14
2 -1.92735e-13
3 -6.0929e-13
34560 3
1 2.39808e-14
2 -2.08722e-13
3 -6.17284e-13
34562 3
1 2.66454e-14
2 -1.93623e-13
3 -6.07514e-13
34564 3
1 1.77636e-14
2 -1.79412e-13
3 -6.16396e-13
34566 3
1 2.13163e-14
2 -1.89182e-13
3 -6.25278e-13
34568 3
1 1.59872e-14
2 -1.84741e-13
3 -6.11955e-13
34570 3
1 1.42109e-14
2 -1.9007e-13
3 -6.16396e-13
34572 3
1 5.32907e-15
2 -1.98952e-13
3 -6.11955e-13
34574 3
1 2.75335e-14
2 -1.86517e-13
3 -6.23501e-13
34576 3
1 3.28626e-14
2 -2.18492e-13
3 -6.03073e-13
34578 3
1 2.30926e-14
2 -1.90958e-13
3 -6.02185e-13
34580 3
1 1.95399e-14
2 -2.07834e-13
3 -6.18172e-13
34582 3
1 3.01981e-14
2 -1.77636e-13
3 -6.11067e-13
34584 3
1 2.66454e-15
2 -1.77636e-13
3 -6.13731e-13
34586 3
1 8.88178e-15
2 -1.9007e-13
3 -6.30607e-13
34588 3
1 3.19744e-14
2 -1.72307e-13
3 -6.24389e-13
34590 3
1 3.73035e-14
2 -1.9007e-13
3 -6.10179e-13
34592 3
1 4.08562e-14
2 -1.55431e-13
3 -6.35936e-13
34594 3
1 5.06262e-14
2 -1.72307e-13
3 -6.11067e-13
34596 3
1 3.37508e-14
2 -1.79412e-13
3 -6.29718e-13
34598 3
1 1.77636e-14
2 -1.84741e-13
3 -6.16396e-13
34600 3
1 2.93099e-14
2 -1.77636e-13
3 -6.22613e-13
34602 3
1 2.75335e-14
2 -1.79412e-13
3 -6.26166e-13
34604 3
1 2.57572e-14
2 -1.92735e-13
3 -6.11955e-13
34606 3
1 2.66454e-14
2 -2.11386e-13
3 -6.23501e-13
34608 3
1 3.01981e-14
2 -1.72307e-13
3 -6.24389e-13
34610 3
1 5.50671e-14
2 -1.65201e-13
3 -5.91527e-13
34612 3
1 2.4869e-14
2 -1.66089e-13
3 -6.12843e-13
34614 3
1 2.30926e-14
2 -1.83853e-13
3 -6.02185e-13
34616 3
1 8.88178e-15
2 -1.9007e-13
3 -6.06626e-13
34618 3
1 3.9968e-14
2 -1.7053e-13
3 -6.18172e-13
34620 3
1 2.4869e-14
2 -1.75859e-13
3 -5.94191e-13
34622 3
1 7.10543e-15
2 -1.82965e-13
3 -5.91527e-13
34624 3
1 2.4869e-14
2 -1.86517e-13
3 -6.08402e-13
34626 3
1 2.75335e-14
2 -1.67866e-13
3 -6.11067e-13
34628 3
1 2.22045e-14
2 -1.84741e-13
3 -6.07514e-13
34630 3
1 2.93099e-14
2 -1.77636e-13
3 -6.24389e-13
34632 3
1 2.57572e-14
2 -1.79412e-13
3 -6.31495e-13
34634 3
1 1.5099e-14
2 -1.56319e-13
3 -6.11955e-13
34636 3
1 2.04281e-14
2 -1.66978e-13
3 -6.10179e-13
34638 3
1 4.44089e-15
2 -1.55431e-13
3 -6.30607e-13
34640 3
1 1.24345e-14
2 -1.75859e-13
3 -5.95968e-13
34642 3
1 5.32907e-15
2 -1.7053e-13
3 -6.13731e-13
34644 3
1 -1.77636e-15
2 -1.98952e-13
3 -6.43041e-13
34646 3
1 1.33227e-14
2 -1.62537e-13
3 -6.18172e-13
34648 3
1 1.59872e-14
2 -1.68754e-13
3 -6.01297e-13
34650 3
1 1.95399e-14
2 -1.66978e-13
3 -6.19949e-13
34652 3
1 5.32907e-15
2 -1.68754e-13
3 -6.26166e-13
34654 3
1 1.95399e-14
2 -1.74083e-13
3 -6.2883e-13
34656 3
1 2.13163e-14
2 -1.86517e-13
3 -6.21725e-13
34658 3
1 1.77636e-14
2 -1.67866e-13
3 -5.82645e-13
34660 3
1 3.37508e-14
2 -1.68754e-13
3 -6.18172e-13
34662 3
1 1.15463e-14
2 -1.803e-13
3 -5.87974e-13
34664 3
1 3.55271e-14
2 -1.88294e-13
3 -6.12843e-13
34666 3
1 3.37508e-14
2 -1.59872e-13
3 -6.35048e-13
34668 3
1 8.88178e-15
2 -1.77636e-13
3 -6.1906e-13
34670 3
1 1.95399e-14
2 -1.52767e-13
3 -6.13731e-13
34672 3
1 4.35207e-14
2 -1.43885e-13
3 -6.14619e-13
34674 3
1 4.61853e-14
2 -1.97176e-13
3 -6.0929e-13
34676 3
1 2.75335e-14
2 -1.9007e-13
3 -6.16396e-13
34678 3
1 3.37508e-14
2 -1.66978e-13
3 -6.34159e-13
34680 3
1 1.42109e-14
2 -1.66089e-13
3 -6.23501e-13
34682 3
1 2.4869e-14
2 -1.95399e-13
3 -6.07514e-13
34684 3
1 3.9968e-14
2 -1.91847e-13
3 -6.07514e-13
34686 3
1 4.61853e-14
2 -1.81188e-13
3 -6.27054e-13
34688 3
1 5.41789e-14
2 -1.62537e-13
3 -6.13731e-13
34690 3
1 1.42109e-14
2 -1.91847e-13
3 -5.87086e-13
34692 3
1 3.9968e-14
2 -1.54543e-13
3 -6.03073e-13
34694 3
1 1.95399e-14
2 -1.63425e-13
3 -6.22613e-13
34696 3
1 3.90799e-14
2 -1.77636e-13
3 -5.98632e-13
34698 3
1 4.88498e-14
2 -1.56319e-13
3 -6.18172e-13
34700 3
1 2.66454e-14
2 -1.81188e-13
3 -6.23501e-13
34702 3
1 3.37508e-14
2 -1.58096e-13
3 -5.92415e-13
34704 3
1 4.44089e-14
2 -1.77636e-13
3 -6.30607e-13
34706 3
1 4.17444e-14
2 -1.82965e-13
3 -6.12843e-13
34708 3
1 4.26326e-14
2 -1.56319e-13
3 -6.0929e-13
34710 3
1 3.90799e-14
2 -1.66978e-13
3 -6.07514e-13
34712 3
1 4.26326e-14
2 -1.53655e-13
3 -6.39488e-13
34714 3
1 2.66454e-14
2 -1.79412e-13
3 -5.92415e-13
34716 3
1 1.77636e-14
2 -1.65201e-13
3 -5.9952e-13
34718 3
1 3.01981e-14
2 -1.79412e-13
3 -6.11067e-13
34720 3
1 3.73035e-14
2 -1.53655e-13
3 -6.13731e-13
34722 3
1 2.84217e-14
2 -1.61648e-13
3 -6.02185e-13
34724 3
1 5.15143e-14
2 -1.64313e-13
3 -6.30607e-13
34726 3
1 1.95399e-14
2 -1.61648e-13
3 -6.08402e-13
34728 3
1 3.37508e-14
2 -1.6076e-13
3 -6.16396e-13
34730 3
1 3.73035e-14
2 -1.5099e-13
3 -6.27942e-13
34732 3
1 2.30926e-14
2 -1.35891e-13
3 -6.37712e-13
34734 3
1 2.13163e-14
2 -1.58984e-13
3 -6.43041e-13
34736 3
1 2.84217e-14
2 -1.51879e-13
3 -6.14619e-13
34738 3
1 3.37508e-14
2 -1.5099e-13
3 -6.12843e-13
34740 3
1 1.95399e-14
2 -1.46549e-13
3 -6.01297e-13
34742 3
1 2.30926e-14
2 -1.43885e-13
3 -6.39488e-13
34744 3
1 3.90799e-14
2 -1.58096e-13
3 -6.31495e-13
34746 3
1 1.95399e-14
2 -1.61648e-13
3 -6.44818e-13
34748 3
1 2.84217e-14
2 -1.36779e-13
3 -6.34159e-13
34750 3
1 4.08562e-14
2 -1.6076e-13
3 -6.45706e-13
34752 3
1 2.30926e-14
2 -1.59872e-13
3 -6.29718e-13
34754 3
1 3.01981e-14
2 -1.57208e-13
3 -6.50147e-13
34756 3
1 4.44089e-14
2 -1.58984e-13
3 -6.51923e-13
34758 3
1 4.08562e-14
2 -1.38556e-13
3 -6.386e-13
34760 3
1 7.10543e-15
2 -1.61648e-13
3 -6.39488e-13
34762 3
1 5.32907e-15
2 -1.57208e-13
3 -6.51923e-13
34764 3
1 1.95399e-14
2 -1.50102e-13
3 -6.44818e-13
34766 3
1 3.73035e-14
2 -1.57208e-13
3 -6.55476e-13
34768 3
1 2.84217e-14
2 -1.35891e-13
3 -6.59028e-13
34770 3
1 2.13163e-14
2 -1.28786e-13
3 -6.43929e-13
34772 3
1 1.59872e-14
2 -1.35003e-13
3 -6.90115e-13
34774 3
1 2.66454e-14
2 -1.36779e-13
3 -6.35936e-13
34776 3
1 2.84217e-14
2 -1.66089e-13
3 -6.74127e-13
34778 3
1 1.77636e-14
2 -1.39444e-13
3 -6.65246e-13
34780 3
1 2.4869e-14
2 -1.42997e-13
3 -6.45706e-13
34782 3
1 4.26326e-14
2 -1.40332e-13
3 -6.36824e-13
34784 3
1 2.13163e-14
2 -1.57208e-13
3 -6.5814e-13
34786 3
1 1.42109e-14
2 -1.47438e-13
3 -6.67022e-13
34788 3
1 3.55271e-14
2 -1.67866e-13
3 -6.55476e-13
34790 3
1 2.84217e-14
2 -1.51879e-13
3 -6.51923e-13
34792 3
1 3.73035e-14
2 -1.62537e-13
3 -6.52811e-13
34794 3
1 1.42109e-14
2 -1.30562e-13
3 -6.44818e-13
34796 3
1 1.59872e-14
2 -1.42109e-13
3 -6.22613e-13
34798 3
1 3.37508e-14
2 -1.32339e-13
3 -6.46594e-13
34800 3
1 1.77636e-14
2 -1.40332e-13
3 -6.37712e-13
34802 3
1 2.84217e-14
2 -1.5099e-13
3 -6.59028e-13
34804 3
1 2.84217e-14
2 -1.33227e-13
3 -6.71463e-13
34806 3
1 1.95399e-14
2 -1.42109e-13
3 -6.23501e-13
34808 3
1 2.84217e-14
2 -1.49214e-13
3 -6.41265e-13
34810 3
1 1.42109e-14
2 -1.42997e-13
3 -6.42153e-13
34812 3
1 3.73035e-14
2 -1.65201e-13
3 -6.57252e-13
34814 3
1 8.88178e-15
2 -1.51879e-13
3 -6.37712e-13
34816 3
1 1.06581e-14
2 -1.62537e-13
3 -6.19949e-13
34818 3
1 2.13163e-14
2 -1.58096e-13
3 -6.50147e-13
34820 3
1 7.10543e-15
2 -1.25233e-13
3 -6.21725e-13
34822 3
1 2.4869e-14
2 -1.52767e-13
3 -6.44818e-13
34824 3
1 1.77636e-14
2 -1.42109e-13
3 -6.55476e-13
34826 3
1 1.42109e-14
2 -1.38556e-13
3 -6.35936e-13
34828 3
1 3.01981e-14
2 -1.44773e-13
3 -6.57252e-13
34830 3
1 1.42109e-14
2 -1.2168e-13
3 -6.386e-13
34832 3
1 1.77636e-14
2 -1.38556e-13
3 -6.61693e-13
34834 3
1 2.30926e-14
2 -1.38556e-13
3 -6.27054e-13
34836 3
1 2.4869e-14
2 -1.42997e-13
3 -6.32383e-13
34838 3
1 5.32907e-15
2 -1.52767e-13
3 -6.53699e-13
34840 3
1 2.66454e-14
2 -1.46549e-13
3 -6.41265e-13
34842 3
1 2.66454e-14
2 -1.45661e-13
3 -6.52811e-13
34844 3
1 1.77636e-14
2 -1.39444e-13
3 -6.39488e-13
34846 3
1 1.06581e-14
2 -1.43885e-13
3 -6.27054e-13
34848 3
1 1.95399e-14
2 -1.30562e-13
3 -6.59028e-13
34850 3
1 8.88178e-15
2 -1.54543e-13
3 -6.53699e-13
34852 3
1 8.88178e-15
2 -1.40332e-13
3 -6.17284e-13
34854 3
1 1.42109e-14
2 -1.22569e-13
3 -6.32383e-13
34856 3
1 3.55271e-14
2 -1.52767e-13
3 -6.386e-13
34858 3
1 2.4869e-14
2 -1.32339e-13
3 -6.59028e-13
34860 3
1 1.42109e-14
2 -1.42997e-13
3 -6.25278e-13
34862 3
1 2.13163e-14
2 -1.32339e-13
3 -6.41265e-13
34864 3
1 7.10543e-15
2 -1.47438e-13
3 -6.37712e-13
34866 3
1 1.77636e-14
2 -1.24345e-13
3 -6.59917e-13
34868 3
1 1.77636e-14
2 -1.35003e-13
3 -6.25278e-13
34870 3
1 3.55271e-14
2 -1.45661e-13
3 -6.54587e-13
34872 3
1 5.32907e-15
2 -1.50102e-13
3 -6.25278e-13
34874 3
1 7.10543e-15
2 -1.61648e-13
3 -6.51035e-13
34876 3
1 7.10543e-15
2 -1.55431e-13
3 -6.50147e-13
34878 3
1 5.32907e-15
2 -1.37668e-13
3 -6.36824e-13
34880 3
1 3.55271e-15
2 -1.3145e-13
3 -6.22613e-13
34882 3
1 2.30926e-14
2 -1.72307e-13
3 -6.61693e-13
34884 3
1 3.01981e-14
2 -1.52767e-13
3 -6.44818e-13
34886 3
1 8.88178e-15
2 -1.64313e-13
3 -6.30607e-13
34888 3
1 3.73035e-14
2 -1.35003e-13
3 -6.37712e-13
34890 3
1 7.10543e-15
2 -1.02141e-13
3 -6.39488e-13
34892 3
1 1.95399e-14
2 -1.25233e-13
3 -6.35048e-13
34894 3
1 2.84217e-14
2 -1.15463e-13
3 -6.386e-13
34896 3
1 1.59872e-14
2 -1.33227e-13
3 -6.43929e-13
34898 3
1 3.19744e-14
2 -1.16351e-13
3 -6.31495e-13
34900 3
1 2.13163e-14
2 -1.14575e-13
3 -6.32383e-13
34902 3
1 1.06581e-14
2 -1.30562e-13
3 -6.33271e-13
34904 3
1 2.4869e-14
2 -1.24345e-13
3 -6.40377e-13
34906 3
1 2.66454e-14
2 -1.14575e-13
3 -6.36824e-13
34908 3
1 2.30926e-14
2 -1.09246e-13
3 -6.35936e-13
34910 3
1 1.59872e-14
2 -1.1191e-13
3 -6.29718e-13
34912 3
1 1.59872e-14
2 -9.68114e-14
3 -6.27054e-13
34914 3
1 2.4869e-14
2 -1.16351e-13
3 -6.54587e-13
34916 3
1 1.95399e-14
2 -1.22569e-13
3 -6.42153e-13
34918 3
1 1.06581e-14
2 -1.05693e-13
3 -6.4837e-13
34920 3
1 7.10543e-15
2 -1.09246e-13
3 -6.35936e-13
34922 3
1 3.19744e-14
2 -1.08358e-13
3 -6.16396e-13
34924 3
1 1.24345e-14
2 -9.85878e-14
3 -6.26166e-13
34926 3
1 8.88178e-15
2 -1.2701e-13
3 -6.50147e-13
34928 3
1 1.06581e-14
2 -1.1191e-13
3 -6.53699e-13
34930 3
1 2.66454e-14
2 -1.06581e-13
3 -6.66134e-13
34932 3
1 0
2 -1.1724e-13
3 -6.32383e-13
34934 3
1 1.77636e-15
2 -1.23457e-13
3 -6.59917e-13
34936 3
1 8.88178e-15
2 -8.34888e-14
3 -6.27054e-13
34938 3
1 7.10543e-15
2 -7.63833e-14
3 -6.35048e-13
34940 3
1 8.88178e-15
2 -1.02141e-13
3 -6.43041e-13
34942 3
1 0
2 -9.76996e-14
3 -6.57252e-13
34944 3
1 1.95399e-14
2 -9.50351e-14
3 -6.37712e-13
34946 3
1 7.10543e-15
2 -1.22569e-13
3 -6.35048e-13
34948 3
1 -7.10543e-15
2 -1.18128e-13
3 -6.14619e-13
34950 3
1 1.24345e-14
2 -9.41469e-14
3 -6.49258e-13
34952 3
1 1.24345e-14
2 -8.70415e-14
3 -6.11955e-13
34954 3
1 1.77636e-14
2 -1.10134e-13
3 -6.39488e-13
34956 3
1 2.4869e-14
2 -1.08358e-13
3 -6.2883e-13
34958 3
1 5.32907e-15
2 -1.4122e-13
3 -6.35936e-13
34960 3
1 2.84217e-14
2 -9.9476e-14
3 -6.44818e-13
34962 3
1 1.24345e-14
2 -1.03917e-13
3 -6.44818e-13
34964 3
1 1.59872e-14
2 -9.05942e-14
3 -6.30607e-13
34966 3
1 2.84217e-14
2 -9.68114e-14
3 -6.37712e-13
34968 3
1 8.88178e-15
2 -9.41469e-14
3 -6.24389e-13
34970 3
1 -3.55271e-15
2 -1.05693e-13
3 -6.21725e-13
34972 3
1 2.30926e-14
2 -1.04805e-13
3 -6.2883e-13
34974 3
1 1.24345e-14
2 -9.76996e-14
3 -6.34159e-13
34976 3
1 1.59872e-14
2 -9.23706e-14
3 -6.16396e-13
34978 3
1 1.06581e-14
2 -1.13687e-13
3 -6.25278e-13
34980 3
1 5.32907e-15
2 -9.32587e-14
3 -6.25278e-13
34982 3
1 3.55271e-15
2 -9.50351e-14
3 -6.37712e-13
34984 3
1 2.4869e-14
2 -5.9508e-14
3 -6.25278e-13
34986 3
1 2.30926e-14
2 -9.32587e-14
3 -6.21725e-13
34988 3
1 3.19744e-14
2 -1.06581e-13
3 -6.32383e-13
34990 3
1 3.19744e-14
2 -7.54952e-14
3 -6.35936e-13
34992 3
1 1.06581e-14
2 -6.92779e-14
3 -6.45706e-13
34994 3
1 7.10543e-15
2 -9.05942e-14
3 -6.21725e-13
34996 3
1 2.66454e-14
2 -1.15463e-13
3 -6.1906e-13
34998 3
1 0
2 -8.9706e-14
3 -6.35048e-13
35000 3
1 7.10543e-15
2 -7.63833e-14
3 -6.53699e-13
35002 3
1 0
2 -6.39488e-14
3 -6.27054e-13
35004 3
1 -5.32907e-15
2 -7.99361e-14
3 -6.2883e-13
35006 3
1 5.32907e-15
2 -8.88178e-14
3 -6.23501e-13
35008 3
1 1.24345e-14
2 -7.72715e-14
3 -6.32383e-13
35010 3
1 7.10543e-15
2 -7.63833e-14
3 -6.11955e-13
35012 3
1 -3.55271e-15
2 -6.75016e-14
3 -6.15508e-13
35014 3
1 1.59872e-14
2 -5.41789e-14
3 -6.0929e-13
35016 3
1 3.55271e-15
2 -7.54952e-14
3 -6.05738e-13
35018 3
1 2.13163e-14
2 -5.68434e-14
3 -6.07514e-13
35020 3
1 5.32907e-15
2 -7.72715e-14
3 -6.20837e-13
35022 3
1 2.13163e-14
2 -8.17124e-14
3 -6.21725e-13
35024 3
1 7.10543e-15
2 -6.30607e-14
3 -6.16396e-13
35026 3
1 1.06581e-14
2 -7.54952e-14
3 -6.25278e-13
35028 3
1 -1.06581e-14
2 -7.63833e-14
3 -6.33271e-13
35030 3
1 2.13163e-14
2 -5.59552e-14
3 -6.35936e-13
35032 3
1 1.42109e-14
2 -7.28306e-14
3 -6.24389e-13
35034 3
1 1.42109e-14
2 -7.54952e-14
3 -6.33271e-13
35036 3
1 -1.06581e-14
2 -8.26006e-14
3 -6.47482e-13
35038 3
1 8.88178e-15
2 -7.01661e-14
3 -6.11955e-13
35040 3
1 3.55271e-15
2 -8.61533e-14
3 -6.0929e-13
35042 3
1 7.10543e-15
2 -6.75016e-14
3 -6.40377e-13
35044 3
1 1.42109e-14
2 -5.41789e-14
3 -6.36824e-13
35046 3
1 -5.32907e-15
2 -9.23706e-14
3 -6.40377e-13
35048 3
1 1.42109e-14
2 -5.59552e-14
3 -6.41265e-13
35050 3
1 -8.88178e-15
2 -5.50671e-14
3 -6.30607e-13
35052 3
1 0
2 -4.9738e-14
3 -6.20837e-13
35054 3
1 -8.88178e-15
2 -8.9706e-14
3 -6.24389e-13
35056 3
1 1.24345e-14
2 -5.15143e-14
3 -6.27054e-13
35058 3
1 -2.13163e-14
2 -6.21725e-14
3 -6.26166e-13
35060 3
1 -1.77636e-14
2 -7.01661e-14
3 -6.35936e-13
35062 3
1 -1.24345e-14
2 -6.12843e-14
3 -6.26166e-13
35064 3
1 -3.19744e-14
2 -5.9508e-14
3 -6.25278e-13
35066 3
1 -7.10543e-15
2 -6.92779e-14
3 -6.34159e-13
35068 3
1 -2.13163e-14
2 -8.17124e-14
3 -6.05738e-13
35070 3
1 -1.77636e-14
2 -5.86198e-14
3 -6.34159e-13
35072 3
1 -7.10543e-15
2 -6.83897e-14
3 -6.43929e-13
35074 3
1 -2.30926e-14
2 -6.30607e-14
3 -6.37712e-13
35076 3
1 -1.06581e-14
2 -5.15143e-14
3 -6.40377e-13
35078 3
1 -1.24345e-14
2 -7.01661e-14
3 -6.25278e-13
35080 3
1 -1.06581e-14
2 -5.86198e-14
3 -6.22613e-13
35082 3
1 1.24345e-14
2 -7.10543e-14
3 -6.16396e-13
35084 3
1 -2.30926e-14
2 -7.54952e-14
3 -6.44818e-13
35086 3
1 1.42109e-14
2 -4.26326e-14
3 -6.34159e-13
35088 3
1 1.77636e-15
2 -4.52971e-14
3 -6.39488e-13
35090 3
1 3.55271e-15
2 -4.52971e-14
3 -6.25278e-13
35092 3
1 3.55271e-15
2 -5.77316e-14
3 -6.40377e-13
35094 3
1 -3.55271e-15
2 -5.68434e-14
3 -6.2883e-13
35096 3
1 -1.42109e-14
2 -4.52971e-14
3 -6.29718e-13
35098 3
1 -7.10543e-15
2 -7.37188e-14
3 -6.33271e-13
35100 3
1 -1.06581e-14
2 -3.37508e-14
3 -6.22613e-13
35102 3
1 3.55271e-15
2 -5.24025e-14
3 -6.51035e-13
35104 3
1 -3.55271e-15
2 -8.88178e-14
3 -6.34159e-13
35106 3
1 -1.77636e-14
2 -6.21725e-14
3 -6.43929e-13
35108 3
1 3.55271e-15
2 -6.4837e-14
3 -6.43929e-13
35110 3
1 7.10543e-15
2 -7.01661e-14
3 -6.34159e-13
35112 3
1 1.24345e-14
2 -3.9968e-14
3 -6.24389e-13
35114 3
1 1.06581e-14
2 -3.4639e-14
3 -6.2883e-13
35116 3
1 -3.55271e-15
2 -3.90799e-14
3 -6.37712e-13
35118 3
1 -7.10543e-15
2 -3.64153e-14
3 -6.17284e-13
35120 3
1 -8.88178e-15
2 -3.19744e-14
3 -6.46594e-13
35122 3
1 -2.4869e-14
2 -6.57252e-14
3 -6.20837e-13
35124 3
1 3.55271e-15
2 -6.92779e-14
3 -6.53699e-13
35126 3
1 -8.88178e-15
2 -3.4639e-14
3 -6.2883e-13
35128 3
1 -2.84217e-14
2 -6.83897e-14
3 -6.39488e-13
35130 3
1 -3.37508e-14
2 -6.92779e-14
3 -6.14619e-13
35132 3
1 -2.13163e-14
2 -6.21725e-14
3 -6.25278e-13
35134 3
1 -3.55271e-14
2 -6.30607e-14
3 -6.23501e-13
35136 3
1 -5.32907e-15
2 -6.83897e-14
3 -6.37712e-13
35138 3
1 -2.84217e-14
2 -6.92779e-14
3 -6.36824e-13
35140 3
1 -1.42109e-14
2 -5.77316e-14
3 -6.40377e-13
35142 3
1 -4.44089e-14
2 -6.39488e-14
3 -6.39488e-13
35144 3
1 -2.13163e-14
2 -7.63833e-14
3 -6.4837e-13
35146 3
1 -3.19744e-14
2 -6.03961e-14
3 -6.51923e-13
35148 3
1 -1.42109e-14
2 -6.03961e-14
3 -6.21725e-13
35150 3
1 -1.42109e-14
2 -3.55271e-14
3 -6.37712e-13
35152 3
1 -4.44089e-14
2 -5.68434e-14
3 -6.13731e-13
35154 3
1 -3.55271e-14
2 -6.66134e-14
3 -6.16396e-13
35156 3
1 -5.15143e-14
2 -5.9508e-14
3 -6.386e-13
35158 3
1 -3.37508e-14
2 -7.81597e-14
3 -6.6791e-13
35160 3
1 -2.84217e-14
2 -5.24025e-14
3 -6.27054e-13
35162 3
1 -3.37508e-14
2 -5.50671e-14
3 -6.25278e-13
35164 3
1 0
2 -8.08242e-14
3 -6.23501e-13
35166 3
1 -3.37508e-14
2 -3.9968e-14
3 -6.46594e-13
35168 3
1 -3.55271e-14
2 -4.9738e-14
3 -6.20837e-13
35170 3
1 -4.26326e-14
2 -3.4639e-14
3 -6.50147e-13
35172 3
1 -3.01981e-14
2 -4.9738e-14
3 -6.27942e-13
35174 3
1 -3.55271e-14
2 -6.39488e-14
3 -6.37712e-13
35176 3
1 -2.4869e-14
2 -6.39488e-14
3 -6.35936e-13
35178 3
1 -2.30926e-14
2 -6.39488e-14
3 -6.4837e-13
35180 3
1 -1.95399e-14
2 -7.90479e-14
3 -6.40377e-13
35182 3
1 -1.24345e-14
2 -9.59233e-14
3 -6.39488e-13
35184 3
1 -2.4869e-14
2 -4.9738e-14
3 -6.26166e-13
35186 3
1 -2.30926e-14
2 -7.63833e-14
3 -6.33271e-13
35188 3
1 -1.42109e-14
2 -6.12843e-14
3 -6.25278e-13
35190 3
1 -1.24345e-14
2 -9.14824e-14
3 -6.51923e-13
35192 3
1 -2.30926e-14
2 -5.77316e-14
3 -6.1906e-13
35194 3
1 -4.08562e-14
2 -5.15143e-14
3 -6.37712e-13
35196 3
1 -5.32907e-15
2 -6.66134e-14
3 -6.44818e-13
35198 3
1 0
2 -5.77316e-14
3 -6.27942e-13
35200 3
1 -1.77636e-14
2 -7.01661e-14
3 -6.39488e-13
35202 3
1 5.32907e-15
2 -6.75016e-14
3 -6.18172e-13
35204 3
1 -1.77636e-14
2 -6.21725e-14
3 -6.33271e-13
35206 3
1 -2.30926e-14
2 -4.79616e-14
3 -6.52811e-13
35208 3
1 -2.84217e-14
2 -6.57252e-14
3 -6.50147e-13
35210 3
1 -2.30926e-14
2 -5.32907e-14
3 -6.41265e-13
35212 3
1 -5.15143e-14
2 -5.06262e-14
3 -6.35936e-13
35214 3
1 -2.84217e-14
2 -5.41789e-14
3 -6.36824e-13
35216 3
1 -4.9738e-14
2 -6.30607e-14
3 -6.21725e-13
35218 3
1 -4.61853e-14
2 -5.59552e-14
3 -6.40377e-13
35220 3
1 -3.37508e-14
2 -6.21725e-14
3 -6.4837e-13
35222 3
1 -5.32907e-15
2 -5.32907e-14
3 -6.39488e-13
35224 3
1 -1.95399e-14
2 -4.70735e-14
3 -6.49258e-13
35226 3
1 -2.4869e-14
2 -7.4607e-14
3 -6.54587e-13
35228 3
1 -3.01981e-14
2 -4.88498e-14
3 -6.51035e-13
35230 3
1 -2.4869e-14
2 -5.59552e-14
3 -6.13731e-13
35232 3
1 -2.4869e-14
2 -6.75016e-14
3 -6.46594e-13
35234 3
1 -2.13163e-14
2 -7.81597e-14
3 -6.31495e-13
35236 3
1 -3.01981e-14
2 -7.63833e-14
3 -6.30607e-13
35238 3
1 -2.4869e-14
2 -5.50671e-14
3 -6.34159e-13
35240 3
1 -3.55271e-14
2 -7.63833e-14
3 -6.36824e-13
35242 3
1 -3.73035e-14
2 -6.39488e-14
3 -6.39488e-13
35244 3
1 -1.77636e-14
2 -4.61853e-14
3 -6.39488e-13
35246 3
1 -4.61853e-14
2 -6.57252e-14
3 -6.35936e-13
35248 3
1 -3.37508e-14
2 -5.86198e-14
3 -6.17284e-13
35250 3
1 -3.55271e-14
2 -1.03029e-13
3 -6.35936e-13
35252 3
1 -2.84217e-14
2 -6.30607e-14
3 -6.386e-13
35254 3
1 -2.66454e-14
2 -7.28306e-14
3 -6.37712e-13
35256 3
1 -4.08562e-14
2 -1.02141e-13
3 -6.52811e-13
35258 3
1 -3.19744e-14
2 -8.9706e-14
3 -6.39488e-13
35260 3
1 -4.61853e-14
2 -9.9476e-14
3 -6.57252e-13
35262 3
1 -4.61853e-14
2 -7.28306e-14
3 -6.41265e-13
35264 3
1 -4.61853e-14
2 -8.17124e-14
3 -6.34159e-13
35266 3
1 -4.08562e-14
2 -8.26006e-14
3 -6.50147e-13
35268 3
1 -4.08562e-14
2 -4.44089e-14
3 -6.43041e-13
35270 3
1 -3.90799e-14
2 -7.01661e-14
3 -6.40377e-13
35272 3
1 -4.9738e-14
2 -5.32907e-14
3 -6.43929e-13
35274 3
1 -5.86198e-14
2 -6.30607e-14
3 -6.24389e-13
35276 3
1 -7.10543e-15
2 -7.63833e-14
3 -6.19949e-13
35278 3
1 -3.73035e-14
2 -9.85878e-14
3 -6.19949e-13
35280 3
1 -1.77636e-14
2 -5.9508e-14
3 -6.0929e-13
35282 3
1 -1.77636e-14
2 -6.4837e-14
3 -6.26166e-13
35284 3
1 -3.19744e-14
2 -5.06262e-14
3 -6.24389e-13
35286 3
1 -3.01981e-14
2 -5.41789e-14
3 -6.24389e-13
35288 3
1 -2.84217e-14
2 -7.54952e-14
3 -6.45706e-13
35290 3
1 -3.37508e-14
2 -6.30607e-14
3 -6.16396e-13
35292 3
1 -3.90799e-14
2 -7.37188e-14
3 -6.46594e-13
35294 3
1 -4.9738e-14
2 -1.01252e-13
3 -6.2883e-13
35296 3
1 -5.15143e-14
2 -1.12799e-13
3 -6.46594e-13
35298 3
1 -2.84217e-14
2 -9.32587e-14
3 -6.37712e-13
35300 3
1 -4.26326e-14
2 -5.24025e-14
3 -6.34159e-13
35302 3
1 -5.68434e-14
2 -6.4837e-14
3 -6.53699e-13
35304 3
1 -2.30926e-14
2 -7.37188e-14
3 -6.4837e-13
35306 3
1 -2.66454e-14
2 -5.06262e-14
3 -6.35936e-13
35308 3
1 -2.66454e-14
2 -5.9508e-14
3 -6.27054e-13
35310 3
1 -3.19744e-14
2 -6.4837e-14
3 -6.66134e-13
35312 3
1 -2.30926e-14
2 -7.90479e-14
3 -6.53699e-13
35314 3
1 -5.15143e-14
2 -5.59552e-14
3 -6.4837e-13
35316 3
1 -3.55271e-14
2 -6.12843e-14
3 -6.15508e-13
35318 3
1 -3.73035e-14
2 -6.75016e-14
3 -6.39488e-13
35320 3
1 -3.55271e-14
2 -3.28626e-14
3 -6.4837e-13
35322 3
1 -3.55271e-14
2 -6.57252e-14
3 -6.25278e-13
35324 3
1 -2.13163e-14
2 -5.9508e-14
3 -6.35048e-13
35326 3
1 -2.66454e-14
2 -7.19425e-14
3 -6.70575e-13
35328 3
1 -1.95399e-14
2 -6.75016e-14
3 -6.32383e-13
35330 3
1 -4.26326e-14
2 -4.70735e-14
3 -6.41265e-13
35332 3
1 -3.19744e-14
2 -3.81917e-14
3 -6.79456e-13
35334 3
1 -2.66454e-14
2 -6.92779e-14
3 -6.31495e-13
35336 3
1 -3.37508e-14
2 -5.9508e-14
3 -6.16396e-13
35338 3
1 -1.59872e-14
2 -4.61853e-14
3 -6.27054e-13
35340 3
1 -2.30926e-14
2 -6.92779e-14
3 -6.53699e-13
35342 3
1 -2.30926e-14
2 -4.9738e-14
3 -6.35936e-13
35344 3
1 -2.84217e-14
2 -7.72715e-14
3 -6.37712e-13
35346 3
1 -3.37508e-14
2 -8.08242e-14
3 -6.26166e-13
35348 3
1 -4.26326e-14
2 -5.15143e-14
3 -6.42153e-13
35350 3
1 -2.84217e-14
2 -8.08242e-14
3 -6.45706e-13
35352 3
1 -2.4869e-14
2 -7.28306e-14
3 -6.34159e-13
35354 3
1 -2.30926e-14
2 -5.86198e-14
3 -6.27054e-13
35356 3
1 -2.30926e-14
2 -4.88498e-14
3 -6.25278e-13
35358 3
1 -5.68434e-14
2 -7.19425e-14
3 -6.05738e-13
35360 3
1 -2.4869e-14
2 -4.9738e-14
3 -6.32383e-13
35362 3
1 -3.55271e-14
2 -8.79297e-14
3 -6.18172e-13
35364 3
1 -3.73035e-14
2 -7.4607e-14
3 -6.52811e-13
35366 3
1 -4.44089e-14
2 -8.43769e-14
3 -6.26166e-13
35368 3
1 -4.9738e-14
2 -5.86198e-14
3 -6.21725e-13
35370 3
1 -2.84217e-14
2 -4.52971e-14
3 -6.57252e-13
35372 3
1 -4.44089e-14
2 -8.43769e-14
3 -6.20837e-13
35374 3
1 -4.08562e-14
2 -7.4607e-14
3 -6.43041e-13
35376 3
1 -2.84217e-14
2 -6.83897e-14
3 -6.49258e-13
35378 3
1 -2.4869e-14
2 -6.4837e-14
3 -6.17284e-13
35380 3
1 -2.4869e-14
2 -5.77316e-14
3 -6.35936e-13
35382 3
1 -2.84217e-14
2 -6.39488e-14
3 -5.93303e-13
35384 3
1 -1.77636e-14
2 -6.83897e-14
3 -6.22613e-13
35386 3
1 -2.84217e-14
2 -6.03961e-14
3 -6.21725e-13
35388 3
1 -3.01981e-14
2 -6.66134e-14
3 -6.2883e-13
35390 3
1 -3.55271e-15
2 -8.43769e-14
3 -6.35048e-13
35392 3
1 -3.19744e-14
2 -4.88498e-14
3 -6.44818e-13
35394 3
1 -6.03961e-14
2 -7.4607e-14
3 -6.30607e-13
35396 3
1 -4.08562e-14
2 -7.10543e-14
3 -6.14619e-13
35398 3
1 -2.13163e-14
2 -6.75016e-14
3 -6.47482e-13
35400 3
1 -3.55271e-14
2 -6.57252e-14
3 -6.13731e-13
35402 3
1 -4.26326e-14
2 -5.9508e-14
3 -6.39488e-13
35404 3
1 -1.42109e-14
2 -6.12843e-14
3 -6.18172e-13
35406 3
1 -4.26326e-14
2 -7.37188e-14
3 -6.59028e-13
35408 3
1 -3.55271e-14
2 -8.34888e-14
3 -6.15508e-13
35410 3
1 -4.9738e-14
2 -6.12843e-14
3 -6.30607e-13
35412 3
1 -3.01981e-14
2 -7.37188e-14
3 -6.51035e-13
35414 3
1 -1.77636e-14
2 -6.21725e-14
3 -6.35048e-13
35416 3
1 -4.26326e-14
2 -7.01661e-14
3 -6.51923e-13
35418 3
1 -2.30926e-14
2 -3.10862e-14
3 -6.51923e-13
35420 3
1 -4.9738e-14
2 -3.37508e-14
3 -6.56364e-13
35422 3
1 -3.19744e-14
2 -3.73035e-14
3 -6.47482e-13
35424 3
1 -4.26326e-14
2 -8.08242e-14
3 -6.42153e-13
35426 3
1 -4.79616e-14
2 -4.70735e-14
3 -6.83897e-13
35428 3
1 -3.73035e-14
2 -3.73035e-14
3 -6.36824e-13
35430 3
1 -4.26326e-14
2 -5.24025e-14
3 -6.50147e-13
35432 3
1 -4.08562e-14
2 -5.32907e-14
3 -6.2883e-13
35434 3
1 -1.77636e-14
2 -4.61853e-14
3 -6.33271e-13
35436 3
1 -2.4869e-14
2 -4.44089e-14
3 -6.46594e-13
35438 3
1 -5.32907e-14
2 -6.57252e-14
3 -6.23501e-13
35440 3
1 -2.84217e-14
2 -4.9738e-14
3 -6.43041e-13
35442 3
1 -4.61853e-14
2 -4.88498e-14
3 -6.57252e-13
35444 3
1 -2.13163e-14
2 -3.90799e-14
3 -6.35048e-13
35446 3
1 -2.84217e-14
2 -6.12843e-14
3 -6.53699e-13
35448 3
1 -3.55271e-14
2 -5.24025e-14
3 -6.16396e-13
35450 3
1 -2.84217e-14
2 -4.88498e-14
3 -6.35936e-13
35452 3
1 -4.26326e-14
2 -4.61853e-14
3 -6.51923e-13
35454 3
1 -5.15143e-14
2 -3.81917e-14
3 -6.59028e-13
35456 3
1 -5.15143e-14
2 -6.57252e-14
3 -6.59028e-13
35458 3
1 -2.66454e-14
2 -4.44089e-14
3 -6.32383e-13
35460 3
1 -4.9738e-14
2 -6.30607e-14
3 -6.50147e-13
35462 3
1 -4.61853e-14
2 -6.12843e-14
3 -6.75016e-13
35464 3
1 -6.03961e-14
2 -6.03961e-14
3 -6.59917e-13
35466 3
1 -2.30926e-14
2 -6.03961e-14
3 -6.57252e-13
35468 3
1 -1.95399e-14
2 -6.39488e-14
3 -6.52811e-13
35470 3
1 -3.37508e-14
2 -4.70735e-14
3 -6.83009e-13
35472 3
1 -3.19744e-14
2 -4.79616e-14
3 -6.59028e-13
35474 3
1 -2.13163e-14
2 -5.9508e-14
3 -6.70575e-13
35476 3
1 -3.37508e-14
2 -4.44089e-14
3 -6.72351e-13
35478 3
1 -3.37508e-14
2 -4.08562e-14
3 -6.50147e-13
35480 3
1 -3.19744e-14
2 -7.19425e-14
3 -6.57252e-13
35482 3
1 -1.77636e-14
2 -4.9738e-14
3 -6.67022e-13
35484 3
1 -3.01981e-14
2 -2.84217e-14
3 -6.73239e-13
35486 3
1 -2.84217e-14
2 -4.9738e-14
3 -6.56364e-13
35488 3
1 -8.88178e-15
2 -4.61853e-14
3 -6.43041e-13
35490 3
1 -2.84217e-14
2 -4.17444e-14
3 -6.63469e-13
35492 3
1 -3.01981e-14
2 -3.19744e-14
3 -6.57252e-13
35494 3
1 -3.55271e-14
2 -5.77316e-14
3 -6.66134e-13
35496 3
1 3.55271e-15
2 -7.63833e-14
3 -6.70575e-13
35498 3
1 -1.06581e-14
2 -5.41789e-14
3 -6.75016e-13
35500 3
1 -1.06581e-14
2 -4.08562e-14
3 -6.63469e-13
35502 3
1 -1.59872e-14
2 -7.72715e-14
3 -6.66134e-13
35504 3
1 2.13163e-14
2 -5.41789e-14
3 -6.56364e-13
35506 3
1 -1.06581e-14
2 -6.21725e-14
3 -6.54587e-13
35508 3
1 -5.32907e-15
2 -6.4837e-14
3 -6.51035e-13
35510 3
1 -1.77636e-15
2 -5.86198e-14
3 -6.57252e-13
35512 3
1 0
2 -6.83897e-14
3 -6.61693e-13
35514 3
1 1.59872e-14
2 -5.15143e-14
3 -6.60805e-13
35516 3
1 -1.77636e-14
2 -8.34888e-14
3 -6.22613e-13
35518 3
1 -8.88178e-15
2 -3.9968e-14
3 -6.43041e-13
35520 3
1 7.10543e-15
2 -5.15143e-14
3 -6.45706e-13
35522 3
1 -5.32907e-15
2 -6.03961e-14
3 -6.37712e-13
35524 3
1 -7.10543e-15
2 -6.75016e-14
3 -6.51923e-13
35526 3
1 -1.77636e-14
2 -6.4837e-14
3 -6.69687e-13
35528 3
1 -5.32907e-15
2 -7.63833e-14
3 -6.41265e-13
35530 3
1 -2.30926e-14
2 -5.9508e-14
3 -6.56364e-13
35532 3
1 -1.95399e-14
2 -7.01661e-14
3 -6.74127e-13
35534 3
1 -5.32907e-15
2 -5.15143e-14
3 -6.50147e-13
35536 3
1 1.42109e-14
2 -6.03961e-14
3 -6.45706e-13
35538 3
1 -8.88178e-15
2 -5.41789e-14
3 -6.51035e-13
35540 3
1 0
2 -4.26326e-14
3 -6.57252e-13
35542 3
1 -5.32907e-15
2 -5.77316e-14
3 -6.55476e-13
35544 3
1 -3.55271e-15
2 -7.37188e-14
3 -6.45706e-13
35546 3
1 5.32907e-15
2 -6.30607e-14
3 -6.51035e-13
35548 3
1 7.10543e-15
2 -7.4607e-14
3 -6.67022e-13
35550 3
1 1.06581e-14
2 -6.30607e-14
3 -6.44818e-13
35552 3
1 1.24345e-14
2 -6.4837e-14
3 -6.5814e-13
35554 3
1 8.88178e-15
2 -3.01981e-14
3 -6.39488e-13
35556 3
1 7.10543e-15
2 -5.24025e-14
3 -6.39488e-13
35558 3
1 1.95399e-14
2 -6.21725e-14
3 -6.4837e-13
35560 3
1 1.77636e-14
2 -6.12843e-14
3 -6.63469e-13
35562 3
1 0
2 -7.28306e-14
3 -6.4837e-13
35564 3
1 1.77636e-14
2 -5.50671e-14
3 -6.43041e-13
35566 3
1 2.30926e-14
2 -6.66134e-14
3 -6.64357e-13
35568 3
1 1.95399e-14
2 -7.63833e-14
3 -6.63469e-13
35570 3
1 1.95399e-14
2 -7.28306e-14
3 -6.59028e-13
35572 3
1 1.59872e-14
2 -5.9508e-14
3 -6.39488e-13
35574 3
1 1.95399e-14
2 -4.61853e-14
3 -6.51923e-13
35576 3
1 2.13163e-14
2 -6.66134e-14
3 -6.47482e-13
35578 3
1 1.42109e-14
2 -5.9508e-14
3 -6.45706e-13
35580 3
1 -5.32907e-15
2 -4.08562e-14
3 -6.61693e-13
35582 3
1 8.88178e-15
2 -5.32907e-14
3 -6.34159e-13
35584 3
1 2.66454e-14
2 -5.06262e-14
3 -6.55476e-13
35586 3
1 7.10543e-15
2 -4.35207e-14
3 -6.54587e-13
35588 3
1 2.66454e-14
2 -8.61533e-14
3 -6.62581e-13
35590 3
1 2.30926e-14
2 -7.90479e-14
3 -6.63469e-13
35592 3
1 1.77636e-14
2 -7.90479e-14
3 -6.51923e-13
35594 3
1 2.84217e-14
2 -5.06262e-14
3 -6.67022e-13
35596 3
1 5.32907e-15
2 -7.01661e-14
3 -6.36824e-13
35598 3
1 4.79616e-14
2 -5.06262e-14
3 -6.59028e-13
35600 3
1 3.73035e-14
2 -6.57252e-14
3 -6.37712e-13
35602 3
1 2.30926e-14
2 -5.77316e-14
3 -6.53699e-13
35604 3
1 1.95399e-14
2 -6.57252e-14
3 -6.31495e-13
35606 3
1 3.19744e-14
2 -3.9968e-14
3 -6.66134e-13
35608 3
1 1.77636e-14
2 -6.21725e-14
3 -6.49258e-13
35610 3
1 3.55271e-14
2 -6.39488e-14
3 -6.5814e-13
35612 3
1 1.95399e-14
2 -5.32907e-14
3 -6.55476e-13
35614 3
1 3.01981e-14
2 -4.44089e-14
3 -6.44818e-13
35616 3
1 2.4869e-14
2 -6.4837e-14
3 -6.61693e-13
35618 3
1 1.06581e-14
2 -5.06262e-14
3 -6.54587e-13
35620 3
1 5.32907e-15
2 -6.83897e-14
3 -6.80345e-13
35622 3
1 2.30926e-14
2 -7.19425e-14
3 -6.75016e-13
35624 3
1 3.73035e-14
2 -5.68434e-14
3 -6.75016e-13
35626 3
1 3.01981e-14
2 -5.9508e-14
3 -6.85674e-13
35628 3
1 5.32907e-15
2 -6.66134e-14
3 -6.62581e-13
35630 3
1 3.37508e-14
2 -6.30607e-14
3 -6.60805e-13
35632 3
1 2.66454e-14
2 -4.70735e-14
3 -6.59028e-13
35634 3
1 3.55271e-14
2 -6.92779e-14
3 -6.59028e-13
35636 3
1 3.19744e-14
2 -6.03961e-14
3 -6.57252e-13
35638 3
1 4.61853e-14
2 -3.4639e-14
3 -6.57252e-13
35640 3
1 6.03961e-14
2 -3.9968e-14
3 -6.6791e-13
35642 3
1 6.03961e-14
2 -5.77316e-14
3 -6.49258e-13
35644 3
1 6.92779e-14
2 -6.57252e-14
3 -6.46594e-13
35646 3
1 5.15143e-14
2 -7.72715e-14
3 -6.64357e-13
35648 3
1 3.55271e-14
2 -5.41789e-14
3 -6.64357e-13
35650 3
1 3.90799e-14
2 -8.17124e-14
3 -6.52811e-13
35652 3
1 2.4869e-14
2 -5.50671e-14
3 -6.50147e-13
35654 3
1 3.55271e-14
2 -6.39488e-14
3 -6.43041e-13
35656 3
1 4.44089e-14
2 -6.30607e-14
3 -6.41265e-13
35658 3
1 3.01981e-14
2 -7.01661e-14
3 -6.59917e-13
35660 3
1 3.90799e-14
2 -6.66134e-14
3 -6.54587e-13
35662 3
1 4.08562e-14
2 -7.19425e-14
3 -6.57252e-13
35664 3
1 3.90799e-14
2 -9.41469e-14
3 -6.53699e-13
35666 3
1 3.19744e-14
2 -7.10543e-14
3 -6.55476e-13
35668 3
1 5.15143e-14
2 -7.72715e-14
3 -6.36824e-13
35670 3
1 3.37508e-14
2 -7.19425e-14
3 -6.51035e-13
35672 3
1 3.90799e-14
2 -9.59233e-14
3 -6.45706e-13
35674 3
1 2.84217e-14
2 -5.41789e-14
3 -6.22613e-13
35676 3
1 4.79616e-14
2 -8.26006e-14
3 -6.63469e-13
35678 3
1 2.66454e-14
2 -9.05942e-14
3 -6.42153e-13
35680 3
1 5.15143e-14
2 -7.01661e-14
3 -6.43929e-13
35682 3
1 4.44089e-14
2 -7.54952e-14
3 -6.64357e-13
35684 3
1 3.55271e-14
2 -5.68434e-14
3 -6.54587e-13
35686 3
1 4.79616e-14
2 -7.4607e-14
3 -6.36824e-13
35688 3
1 2.84217e-14
2 -6.4837e-14
3 -6.39488e-13
35690 3
1 2.13163e-14
2 -6.39488e-14
3 -6.34159e-13
35692 3
1 3.37508e-14
2 -7.4607e-14
3 -6.64357e-13
35694 3
1 1.59872e-14
2 -7.19425e-14
3 -6.44818e-13
35696 3
1 3.90799e-14
2 -5.9508e-14
3 -6.60805e-13
35698 3
1 3.37508e-14
2 -7.81597e-14
3 -6.82121e-13
35700 3
1 4.61853e-14
2 -5.06262e-14
3 -6.45706e-13
35702 3
1 8.88178e-15
2 -5.9508e-14
3 -6.43041e-13
35704 3
1 3.90799e-14
2 -5.41789e-14
3 -6.25278e-13
35706 3
1 4.9738e-14
2 -6.4837e-14
3 -6.51035e-13
35708 3
1 3.37508e-14
2 -9.50351e-14
3 -6.50147e-13
35710 3
1 4.9738e-14
2 -5.86198e-14
3 -6.59917e-13
35712 3
1 1.59872e-14
2 -5.50671e-14
3 -6.51035e-13
35714 3
1 2.84217e-14
2 -5.41789e-14
3 -6.53699e-13
35716 3
1 2.66454e-14
2 -7.19425e-14
3 -6.386e-13
35718 3
1 4.26326e-14
2 -8.70415e-14
3 -6.41265e-13
35720 3
1 4.26326e-14
2 -9.23706e-14
3 -6.57252e-13
35722 3
1 5.15143e-14
2 -7.99361e-14
3 -6.30607e-13
35724 3
1 3.37508e-14
2 -7.72715e-14
3 -6.40377e-13
35726 3
1 3.19744e-14
2 -8.70415e-14
3 -6.386e-13
35728 3
1 5.86198e-14
2 -8.26006e-14
3 -6.39488e-13
35730 3
1 2.66454e-14
2 -6.92779e-14
3 -6.32383e-13
35732 3
1 2.13163e-14
2 -7.4607e-14
3 -6.13731e-13
35734 3
1 4.9738e-14
2 -8.34888e-14
3 -6.33271e-13
35736 3
1 2.66454e-14
2 -1.02141e-13
3 -6.30607e-13
35738 3
1 2.84217e-14
2 -7.4607e-14
3 -6.37712e-13
35740 3
1 1.77636e-14
2 -8.61533e-14
3 -6.2883e-13
35742 3
1 2.84217e-14
2 -7.90479e-14
3 -6.42153e-13
35744 3
1 1.59872e-14
2 -1.03029e-13
3 -6.10179e-13
35746 3
1 5.86198e-14
2 -9.85878e-14
3 -6.24389e-13
35748 3
1 4.61853e-14
2 -1.01252e-13
3 -6.16396e-13
35750 3
1 4.44089e-14
2 -1.00364e-13
3 -6.14619e-13
35752 3
1 2.13163e-14
2 -6.83897e-14
3 -6.386e-13
35754 3
1 3.55271e-14
2 -9.59233e-14
3 -6.39488e-13
35756 3
1 3.90799e-14
2 -1.16351e-13
3 -6.35936e-13
35758 3
1 4.61853e-14
2 -9.05942e-14
3 -6.56364e-13
35760 3
1 4.79616e-14
2 -8.88178e-14
3 -6.39488e-13
35762 3
1 3.19744e-14
2 -9.9476e-14
3 -6.03073e-13
35764 3
1 3.90799e-14
2 -9.05942e-14
3 -6.2883e-13
35766 3
1 4.44089e-14
2 -7.01661e-14
3 -6.32383e-13
35768 3
1 4.08562e-14
2 -7.54952e-14
3 -6.11067e-13
35770 3
1 5.68434e-14
2 -7.99361e-14
3 -6.32383e-13
35772 3
1 3.55271e-14
2 -8.43769e-14
3 -6.35936e-13
35774 3
1 3.73035e-14
2 -7.4607e-14
3 -6.40377e-13
35776 3
1 5.15143e-14
2 -7.99361e-14
3 -6.11955e-13
35778 3
1 6.39488e-14
2 -9.32587e-14
3 -6.23501e-13
35780 3
1 3.90799e-14
2 -8.08242e-14
3 -6.24389e-13
35782 3
1 6.03961e-14
2 -7.10543e-14
3 -6.24389e-13
35784 3
1 4.61853e-14
2 -6.92779e-14
3 -6.31495e-13
35786 3
1 5.15143e-14
2 -7.90479e-14
3 -6.35936e-13
35788 3
1 4.79616e-14
2 -5.50671e-14
3 -6.24389e-13
35790 3
1 4.79616e-14
2 -6.30607e-14
3 -6.02185e-13
35792 3
1 3.19744e-14
2 -6.21725e-14
3 -6.23501e-13
35794 3
1 2.84217e-14
2 -7.37188e-14
3 -6.23501e-13
35796 3
1 4.26326e-14
2 -7.28306e-14
3 -6.06626e-13
35798 3
1 3.90799e-14
2 -6.66134e-14
3 -6.11955e-13
35800 3
1 4.44089e-14
2 -8.08242e-14
3 -6.18172e-13
35802 3
1 4.79616e-14
2 -8.43769e-14
3 -6.31495e-13
35804 3
1 3.55271e-14
2 -8.43769e-14
3 -6.07514e-13
35806 3
1 3.37508e-14
2 -6.30607e-14
3 -6.33271e-13
35808 3
1 4.9738e-14
2 -7.54952e-14
3 -6.18172e-13
35810 3
1 2.84217e-14
2 -7.99361e-14
3 -6.02185e-13
35812 3
1 4.9738e-14
2 -8.34888e-14
3 -6.33271e-13
35814 3
1 2.84217e-14
2 -7.54952e-14
3 -6.21725e-13
35816 3
1 5.86198e-14
2 -7.01661e-14
3 -6.12843e-13
35818 3
1 1.95399e-14
2 -6.21725e-14
3 -5.93303e-13
35820 3
1 4.26326e-14
2 -8.17124e-14
3 -6.16396e-13
35822 3
1 3.73035e-14
2 -7.72715e-14
3 -6.10179e-13
35824 3
1 1.95399e-14
2 -8.43769e-14
3 -6.14619e-13
35826 3
1 3.01981e-14
2 -7.72715e-14
3 -6.23501e-13
35828 3
1 4.44089e-14
2 -6.21725e-14
3 -6.12843e-13
35830 3
1 4.9738e-14
2 -8.70415e-14
3 -6.0929e-13
35832 3
1 5.15143e-14
2 -7.10543e-14
3 -6.20837e-13
35834 3
1 4.9738e-14
2 -8.70415e-14
3 -5.98632e-13
35836 3
1 2.13163e-14
2 -8.88178e-14
3 -6.27054e-13
35838 3
1 4.08562e-14
2 -9.23706e-14
3 -6.12843e-13
35840 3
1 4.26326e-14
2 -8.70415e-14
3 -6.01297e-13
35842 3
1 4.26326e-14
2 -1.18128e-13
3 -6.16396e-13
35844 3
1 2.84217e-14
2 -8.34888e-14
3 -5.96856e-13
35846 3
1 4.08562e-14
2 -8.17124e-14
3 -6.05738e-13
35848 3
1 4.26326e-14
2 -1.06581e-13
3 -6.03961e-13
35850 3
1 3.01981e-14
2 -9.59233e-14
3 -6.16396e-13
35852 3
1 7.10543e-15
2 -7.19425e-14
3 -6.07514e-13
35854 3
1 4.9738e-14
2 -8.9706e-14
3 -6.02185e-13
35856 3
1 4.44089e-14
2 -6.30607e-14
3 -6.20837e-13
35858 3
1 2.4869e-14
2 -4.9738e-14
3 -5.93303e-13
35860 3
1 3.73035e-14
2 -7.54952e-14
3 -6.02185e-13
35862 3
1 5.86198e-14
2 -7.63833e-14
3 -6.00409e-13
35864 3
1 1.42109e-14
2 -6.66134e-14
3 -6.27054e-13
35866 3
1 2.13163e-14
2 -7.19425e-14
3 -6.29718e-13
35868 3
1 3.55271e-15
2 -8.52651e-14
3 -6.10179e-13
35870 3
1 2.66454e-14
2 -6.12843e-14
3 -6.23501e-13
35872 3
1 1.95399e-14
2 -7.90479e-14
3 -6.06626e-13
35874 3
1 4.61853e-14
2 -9.05942e-14
3 -6.03961e-13
35876 3
1 5.15143e-14
2 -5.24025e-14
3 -5.80869e-13
35878 3
1 3.73035e-14
2 -7.37188e-14
3 -6.14619e-13
35880 3
1 1.77636e-14
2 -8.88178e-14
3 -5.96856e-13
35882 3
1 4.08562e-14
2 -7.01661e-14
3 -6.0929e-13
35884 3
1 4.44089e-14
2 -6.66134e-14
3 -6.0929e-13
35886 3
1 3.19744e-14
2 -7.37188e-14
3 -5.87974e-13
35888 3
1 1.42109e-14
2 -7.37188e-14
3 -5.82645e-13
35890 3
1 2.30926e-14
2 -7.37188e-14
3 -5.98632e-13
35892 3
1 3.01981e-14
2 -7.81597e-14
3 -6.07514e-13
35894 3
1 2.84217e-14
2 -7.90479e-14
3 -5.9952e-13
35896 3
1 5.32907e-15
2 -9.85878e-14
3 -5.82645e-13
35898 3
1 3.19744e-14
2 -8.34888e-14
3 -5.98632e-13
35900 3
1 3.01981e-14
2 -5.77316e-14
3 -6.11067e-13
35902 3
1 2.30926e-14
2 -6.75016e-14
3 -6.27054e-13
35904 3
1 2.13163e-14
2 -7.10543e-14
3 -5.93303e-13
35906 3
1 1.59872e-14
2 -6.66134e-14
3 -5.92415e-13
35908 3
1 3.90799e-14
2 -7.01661e-14
3 -6.10179e-13
35910 3
1 1.59872e-14
2 -5.77316e-14
3 -5.8975e-13
35912 3
1 7.10543e-15
2 -6.66134e-14
3 -6.1906e-13
35914 3
1 7.10543e-15
2 -7.4607e-14
3 -5.94191e-13
35916 3
1 8.88178e-15
2 -5.68434e-14
3 -6.27942e-13
35918 3
1 1.59872e-14
2 -7.90479e-14
3 -6.00409e-13
35920 3
1 3.37508e-14
2 -7.54952e-14
3 -5.98632e-13
35922 3
1 1.77636e-14
2 -8.26006e-14
3 -5.84421e-13
35924 3
1 2.66454e-14
2 -6.30607e-14
3 -5.95968e-13
35926 3
1 1.42109e-14
2 -8.79297e-14
3 -6.0929e-13
35928 3
1 1.06581e-14
2 -5.68434e-14
3 -6.16396e-13
35930 3
1 1.24345e-14
2 -9.85878e-14
3 -6.0485e-13
35932 3
1 1.24345e-14
2 -8.52651e-14
3 -6.03073e-13
35934 3
1 7.10543e-15
2 -8.34888e-14
3 -6.46594e-13
35936 3
1 3.01981e-14
2 -8.26006e-14
3 -6.13731e-13
35938 3
1 1.59872e-14
2 -7.28306e-14
3 -6.36824e-13
35940 3
1 2.66454e-14
2 -9.05942e-14
3 -6.31495e-13
35942 3
1 1.77636e-15
2 -8.61533e-14
3 -6.50147e-13
35944 3
1 5.32907e-15
2 -8.88178e-14
3 -6.43041e-13
35946 3
1 1.06581e-14
2 -7.81597e-14
3 -6.43929e-13
35948 3
1 2.13163e-14
2 -6.03961e-14
3 -6.41265e-13
35950 3
1 1.59872e-14
2 -9.14824e-14
3 -6.19949e-13
35952 3
1 1.42109e-14
2 -8.9706e-14
3 -6.43041e-13
35954 3
1 7.10543e-15
2 -8.17124e-14
3 -6.05738e-13
35956 3
1 -1.77636e-15
2 -6.75016e-14
3 -6.51035e-13
35958 3
1 7.10543e-15
2 -8.79297e-14
3 -6.32383e-13
35960 3
1 -7.10543e-15
2 -7.4607e-14
3 -6.21725e-13
35962 3
1 1.77636e-14
2 -1.19016e-13
3 -6.49258e-13
35964 3
1 3.55271e-15
2 -8.52651e-14
3 -6.39488e-13
35966 3
1 -8.88178e-15
2 -9.14824e-14
3 -6.59028e-13
35968 3
1 8.88178e-15
2 -1.03917e-13
3 -6.37712e-13
35970 3
1 1.77636e-15
2 -8.17124e-14
3 -6.27054e-13
35972 3
1 -1.77636e-15
2 -9.68114e-14
3 -6.50147e-13
35974 3
1 -2.13163e-14
2 -9.05942e-14
3 -6.43929e-13
35976 3
1 1.24345e-14
2 -8.61533e-14
3 -6.43041e-13
35978 3
1 -1.24345e-14
2 -7.10543e-14
3 -6.25278e-13
35980 3
1 -8.88178e-15
2 -8.17124e-14
3 -6.2883e-13
35982 3
1 -7.10543e-15
2 -9.50351e-14
3 -6.30607e-13
35984 3
1 3.55271e-15
2 -1.00364e-13
3 -6.22613e-13
35986 3
1 -5.32907e-15
2 -9.14824e-14
3 -6.55476e-13
35988 3
1 1.42109e-14
2 -9.23706e-14
3 -6.4837e-13
35990 3
1 -5.32907e-15
2 -9.68114e-14
3 -6.53699e-13
35992 3
1 -7.10543e-15
2 -8.26006e-14
3 -6.27942e-13
35994 3
1 -7.10543e-15
2 -1.04805e-13
3 -6.18172e-13
35996 3
1 -2.4869e-14
2 -8.9706e-14
3 -6.41265e-13
35998 3
1 0
2 -1.01252e-13
3 -6.26166e-13
36000 3
1 7.10543e-15
2 -9.85878e-14
3 -6.40377e-13
36002 3
1 3.55271e-15
2 -8.34888e-14
3 -6.386e-13
36004 3
1 -8.88178e-15
2 -9.68114e-14
3 -6.61693e-13
36006 3
1 3.55271e-15
2 -9.32587e-14
3 -6.21725e-13
36008 3
1 1.77636e-15
2 -9.05942e-14
3 -6.35048e-13
36010 3
1 1.59872e-14
2 -9.59233e-14
3 -6.29718e-13
36012 3
1 1.77636e-14
2 -5.9508e-14
3 -6.19949e-13
36014 3
1 5.32907e-15
2 -7.72715e-14
3 -6.43929e-13
36016 3
1 -3.55271e-15
2 -8.70415e-14
3 -6.47482e-13
36018 3
1 1.06581e-14
2 -9.85878e-14
3 -6.41265e-13
36020 3
1 -1.77636e-14
2 -8.34888e-14
3 -6.25278e-13
36022 3
1 1.24345e-14
2 -8.08242e-14
3 -6.33271e-13
36024 3
1 3.37508e-14
2 -9.59233e-14
3 -6.46594e-13
36026 3
1 -1.59872e-14
2 -8.17124e-14
3 -6.40377e-13
36028 3
1 1.06581e-14
2 -9.23706e-14
3 -6.26166e-13
36030 3
1 -7.10543e-15
2 -8.34888e-14
3 -6.40377e-13
36032 3
1 1.77636e-14
2 -8.52651e-14
3 -6.27942e-13
36034 3
1 2.4869e-14
2 -5.32907e-14
3 -6.30607e-13
36036 3
1 1.77636e-14
2 -8.79297e-14
3 -6.35936e-13
36038 3
1 5.32907e-15
2 -1.00364e-13
3 -6.27942e-13
36040 3
1 3.19744e-14
2 -8.70415e-14
3 -6.35936e-13
36042 3
1 1.42109e-14
2 -8.70415e-14
3 -6.34159e-13
36044 3
1 -3.55271e-15
2 -1.03917e-13
3 -6.41265e-13
36046 3
1 1.59872e-14
2 -7.19425e-14
3 -6.45706e-13
36048 3
1 2.4869e-14
2 -1.0747e-13
3 -6.43041e-13
36050 3
1 0
2 -7.19425e-14
3 -6.26166e-13
36052 3
1 1.59872e-14
2 -1.06581e-13
3 -6.53699e-13
36054 3
1 0
2 -7.81597e-14
3 -6.43041e-13
36056 3
1 1.24345e-14
2 -9.50351e-14
3 -6.41265e-13
36058 3
1 1.59872e-14
2 -9.9476e-14
3 -6.42153e-13
36060 3
1 1.42109e-14
2 -9.14824e-14
3 -6.32383e-13
36062 3
1 5.32907e-15
2 -1.1191e-13
3 -6.51923e-13
36064 3
1 -1.77636e-15
2 -9.23706e-14
3 -6.29718e-13
36066 3
1 3.01981e-14
2 -1.08358e-13
3 -6.60805e-13
36068 3
1 8.88178e-15
2 -1.10134e-13
3 -6.31495e-13
36070 3
1 2.30926e-14
2 -1.19904e-13
3 -6.43041e-13
36072 3
1 5.15143e-14
2 -9.23706e-14
3 -6.37712e-13
36074 3
1 2.13163e-14
2 -1.02141e-13
3 -6.37712e-13
36076 3
1 3.01981e-14
2 -1.15463e-13
3 -6.59028e-13
36078 3
1 3.19744e-14
2 -9.76996e-14
3 -6.62581e-13
36080 3
1 4.08562e-14
2 -1.04805e-13
3 -6.31495e-13
36082 3
1 4.08562e-14
2 -1.37668e-13
3 -6.57252e-13
36084 3
1 4.61853e-14
2 -1.11022e-13
3 -6.43929e-13
36086 3
1 5.50671e-14
2 -8.61533e-14
3 -6.30607e-13
36088 3
1 5.50671e-14
2 -1.01252e-13
3 -6.30607e-13
36090 3
1 6.39488e-14
2 -1.23457e-13
3 -6.2883e-13
36092 3
1 4.26326e-14
2 -1.23457e-13
3 -6.34159e-13
36094 3
1 5.86198e-14
2 -9.32587e-14
3 -6.27054e-13
36096 3
1 4.26326e-14
2 -1.26121e-13
3 -6.12843e-13
36098 3
1 6.03961e-14
2 -1.09246e-13
3 -6.43041e-13
36100 3
1 6.21725e-14
2 -1.03917e-13
3 -6.11955e-13
36102 3
1 4.61853e-14
2 -1.1724e-13
3 -6.0485e-13
36104 3
1 6.39488e-14
2 -1.15463e-13
3 -6.35048e-13
36106 3
1 3.01981e-14
2 -1.09246e-13
3 -6.14619e-13
36108 3
1 6.21725e-14
2 -1.40332e-13
3 -6.37712e-13
36110 3
1 5.32907e-14
2 -1.02141e-13
3 -6.27054e-13
36112 3
1 4.9738e-14
2 -1.00364e-13
3 -6.00409e-13
36114 3
1 3.90799e-14
2 -1.13687e-13
3 -6.27054e-13
36116 3
1 3.90799e-14
2 -1.35891e-13
3 -6.16396e-13
36118 3
1 3.90799e-14
2 -1.20792e-13
3 -6.18172e-13
36120 3
1 3.19744e-14
2 -1.14575e-13
3 -6.39488e-13
36122 3
1 3.90799e-14
2 -1.35003e-13
3 -6.53699e-13
36124 3
1 3.01981e-14
2 -1.06581e-13
3 -6.35048e-13
36126 3
1 3.55271e-14
2 -1.2701e-13
3 -6.27054e-13
36128 3
1 3.19744e-14
2 -1.2168e-13
3 -6.35936e-13
36130 3
1 3.55271e-14
2 -8.70415e-14
3 -6.10179e-13
36132 3
1 4.26326e-14
2 -1.14575e-13
3 -6.23501e-13
36134 3
1 2.30926e-14
2 -1.01252e-13
3 -6.11067e-13
36136 3
1 3.90799e-14
2 -1.29674e-13
3 -6.11955e-13
36138 3
1 3.90799e-14
2 -1.00364e-13
3 -6.30607e-13
36140 3
1 3.37508e-14
2 -8.08242e-14
3 -6.0485e-13
36142 3
1 2.66454e-14
2 -9.85878e-14
3 -6.31495e-13
36144 3
1 1.77636e-14
2 -8.61533e-14
3 -6.11067e-13
36146 3
1 4.44089e-14
2 -1.03029e-13
3 -6.30607e-13
36148 3
1 2.66454e-14
2 -8.26006e-14
3 -5.84421e-13
36150 3
1 1.42109e-14
2 -7.37188e-14
3 -6.18172e-13
36152 3
1 5.15143e-14
2 -1.1191e-13
3 -6.07514e-13
36154 3
1 4.26326e-14
2 -9.68114e-14
3 -6.20837e-13
36156 3
1 4.9738e-14
2 -7.72715e-14
3 -6.21725e-13
36158 3
1 6.75016e-14
2 -8.08242e-14
3 -6.16396e-13
36160 3
1 4.44089e-14
2 -8.52651e-14
3 -5.88862e-13
36162 3
1 3.55271e-14
2 -9.68114e-14
3 -6.00409e-13
36164 3
1 3.73035e-14
2 -9.41469e-14
3 -6.10179e-13
36166 3
1 3.19744e-14
2 -8.26006e-14
3 -6.14619e-13
36168 3
1 3.55271e-14
2 -1.00364e-13
3 -6.34159e-13
36170 3
1 5.50671e-14
2 -1.03917e-13
3 -6.07514e-13
36172 3
1 3.55271e-14
2 -8.43769e-14
3 -6.0929e-13
36174 3
1 3.55271e-15
2 -8.79297e-14
3 -6.0929e-13
36176 3
1 4.08562e-14
2 -8.08242e-14
3 -6.03073e-13
36178 3
1 2.13163e-14
2 -9.85878e-14
3 -6.12843e-13
36180 3
1 2.66454e-14
2 -1.03917e-13
3 -6.30607e-13
36182 3
1 4.08562e-14
2 -1.18128e-13
3 -5.95968e-13
36184 3
1 2.66454e-14
2 -1.2168e-13
3 -6.27054e-13
36186 3
1 3.37508e-14
2 -9.23706e-14
3 -6.18172e-13
36188 3
1 4.44089e-14
2 -9.9476e-14
3 -6.19949e-13
36190 3
1 3.01981e-14
2 -1.18128e-13
3 -5.9508e-13
36192 3
1 3.90799e-14
2 -1.2701e-13
3 -6.13731e-13
36194 3
1 5.32907e-14
2 -1.16351e-13
3 -6.10179e-13
36196 3
1 5.32907e-14
2 -1.03029e-13
3 -6.20837e-13
36198 3
1 5.15143e-14
2 -1.14575e-13
3 -6.35936e-13
36200 3
1 7.28306e-14
2 -1.09246e-13
3 -6.36824e-13
36202 3
1 5.15143e-14
2 -1.10134e-13
3 -6.25278e-13
36204 3
1 6.03961e-14
2 -1.06581e-13
3 -6.23501e-13
36206 3
1 6.03961e-14
2 -1.10134e-13
3 -6.12843e-13
36208 3
1 5.86198e-14
2 -1.04805e-13
3 -6.29718e-13
36210 3
1 5.15143e-14
2 -1.06581e-13
3 -6.46594e-13
36212 3
1 6.39488e-14
2 -1.04805e-13
3 -6.34159e-13
36214 3
1 4.44089e-14
2 -1.06581e-13
3 -6.49258e-13
36216 3
1 5.68434e-14
2 -9.05942e-14
3 -6.27054e-13
36218 3
1 5.32907e-14
2 -1.19904e-13
3 -6.49258e-13
36220 3
1 5.68434e-14
2 -8.43769e-14
3 -6.34159e-13
36222 3
1 5.32907e-14
2 -1.01252e-13
3 -6.60805e-13
36224 3
1 4.61853e-14
2 -8.70415e-14
3 -6.29718e-13
36226 3
1 4.26326e-14
2 -1.05693e-13
3 -6.59028e-13
36228 3
1 3.73035e-14
2 -9.76996e-14
3 -6.25278e-13
36230 3
1 3.37508e-14
2 -9.14824e-14
3 -6.24389e-13
36232 3
1 3.73035e-14
2 -9.9476e-14
3 -6.37712e-13
36234 3
1 4.9738e-14
2 -9.41469e-14
3 -6.16396e-13
36236 3
1 5.32907e-14
2 -1.10134e-13
3 -6.37712e-13
36238 3
1 3.55271e-14
2 -1.09246e-13
3 -6.34159e-13
36240 3
1 4.61853e-14
2 -7.4607e-14
3 -6.57252e-13
36242 3
1 4.44089e-14
2 -1.05693e-13
3 -6.43041e-13
36244 3
1 4.26326e-14
2 -8.79297e-14
3 -6.66134e-13
36246 3
1 5.50671e-14
2 -8.70415e-14
3 -6.41265e-13
36248 3
1 5.50671e-14
2 -9.32587e-14
3 -6.44818e-13
36250 3
1 6.57252e-14
2 -9.68114e-14
3 -6.39488e-13
36252 3
1 6.39488e-14
2 -8.08242e-14
3 -6.53699e-13
36254 3
1 4.61853e-14
2 -8.34888e-14
3 -6.32383e-13
36256 3
1 2.4869e-14
2 -9.41469e-14
3 -6.37712e-13
36258 3
1 5.86198e-14
2 -8.79297e-14
3 -6.35936e-13
36260 3
1 6.39488e-14
2 -7.90479e-14
3 -6.55476e-13
36262 3
1 3.90799e-14
2 -1.02141e-13
3 -6.19949e-13
36264 3
1 3.55271e-14
2 -9.41469e-14
3 -6.43041e-13
36266 3
1 4.9738e-14
2 -9.59233e-14
3 -6.386e-13
36268 3
1 3.19744e-14
2 -1.10134e-13
3 -6.32383e-13
36270 3
1 4.26326e-14
2 -8.70415e-14
3 -6.36824e-13
36272 3
1 6.21725e-14
2 -1.03029e-13
3 -6.30607e-13
36274 3
1 5.50671e-14
2 -9.32587e-14
3 -6.19949e-13
36276 3
1 3.90799e-14
2 -1.04805e-13
3 -6.19949e-13
36278 3
1 6.21725e-14
2 -7.4607e-14
3 -5.8975e-13
36280 3
1 6.57252e-14
2 -1.00364e-13
3 -6.43041e-13
36282 3
1 3.01981e-14
2 -1.12799e-13
3 -6.05738e-13
36284 3
1 6.39488e-14
2 -1.2168e-13
3 -6.12843e-13
36286 3
1 5.68434e-14
2 -1.22569e-13
3 -6.0929e-13
36288 3
1 6.21725e-14
2 -1.19016e-13
3 -6.41265e-13
36290 3
1 4.61853e-14
2 -1.27898e-13
3 -6.19949e-13
36292 3
1 5.68434e-14
2 -9.23706e-14
3 -6.27054e-13
36294 3
1 4.08562e-14
2 -9.23706e-14
3 -6.0929e-13
36296 3
1 6.92779e-14
2 -1.00364e-13
3 -6.1906e-13
36298 3
1 6.92779e-14
2 -1.03029e-13
3 -6.07514e-13
36300 3
1 6.21725e-14
2 -1.06581e-13
3 -6.23501e-13
36302 3
1 6.21725e-14
2 -1.19904e-13
3 -6.0485e-13
36304 3
1 3.01981e-14
2 -1.1191e-13
3 -6.2883e-13
36306 3
1 6.21725e-14
2 -1.02141e-13
3 -6.21725e-13
36308 3
1 6.21725e-14
2 -9.59233e-14
3 -6.41265e-13
36310 3
1 5.86198e-14
2 -1.38556e-13
3 -6.34159e-13
36312 3
1 5.68434e-14
2 -1.08358e-13
3 -6.17284e-13
36314 3
1 5.32907e-14
2 -1.13687e-13
3 -6.27054e-13
36316 3
1 4.44089e-14
2 -1.14575e-13
3 -6.24389e-13
36318 3
1 3.55271e-14
2 -8.70415e-14
3 -6.31495e-13
36320 3
1 3.19744e-14
2 -1.10134e-13
3 -6.40377e-13
36322 3
1 3.90799e-14
2 -1.11022e-13
3 -6.35936e-13
36324 3
1 6.21725e-14
2 -1.1191e-13
3 -6.42153e-13
36326 3
1 6.57252e-14
2 -9.05942e-14
3 -6.2883e-13
36328 3
1 3.01981e-14
2 -8.34888e-14
3 -6.39488e-13
36330 3
1 2.66454e-14
2 -9.68114e-14
3 -6.55476e-13
36332 3
1 6.75016e-14
2 -1.14575e-13
3 -6.25278e-13
36334 3
1 4.08562e-14
2 -9.50351e-14
3 -6.56364e-13
36336 3
1 7.10543e-14
2 -9.32587e-14
3 -6.59917e-13
36338 3
1 6.03961e-14
2 -9.41469e-14
3 -6.30607e-13
36340 3
1 3.73035e-14
2 -1.01252e-13
3 -6.4837e-13
36342 3
1 6.83897e-14
2 -1.03917e-13
3 -6.43041e-13
36344 3
1 6.75016e-14
2 -1.23457e-13
3 -6.12843e-13
36346 3
1 7.28306e-14
2 -9.32587e-14
3 -6.64357e-13
36348 3
1 6.21725e-14
2 -1.02141e-13
3 -6.49258e-13
36350 3
1 7.28306e-14
2 -1.13687e-13
3 -6.41265e-13
36352 3
1 6.66134e-14
2 -8.9706e-14
3 -6.71463e-13
36354 3
1 6.30607e-14
2 -1.15463e-13
3 -6.5814e-13
36356 3
1 6.21725e-14
2 -1.24345e-13
3 -6.59028e-13
36358 3
1 8.34888e-14
2 -1.08358e-13
3 -6.66134e-13
36360 3
1 7.81597e-14
2 -1.09246e-13
3 -6.62581e-13
36362 3
1 8.34888e-14
2 -1.1191e-13
3 -6.63469e-13
36364 3
1 7.4607e-14
2 -1.34115e-13
3 -6.75904e-13
36366 3
1 8.17124e-14
2 -9.85878e-14
3 -6.74127e-13
36368 3
1 6.39488e-14
2 -1.28786e-13
3 -6.75904e-13
36370 3
1 7.63833e-14
2 -1.35891e-13
3 -6.59028e-13
36372 3
1 8.34888e-14
2 -1.04805e-13
3 -6.6791e-13
36374 3
1 6.92779e-14
2 -1.12799e-13
3 -6.71463e-13
36376 3
1 7.99361e-14
2 -1.03917e-13
3 -6.69687e-13
36378 3
1 8.70415e-14
2 -9.32587e-14
3 -6.64357e-13
36380 3
1 7.28306e-14
2 -1.1191e-13
3 -6.76792e-13
36382 3
1 9.05942e-14
2 -1.18128e-13
3 -6.84786e-13
36384 3
1 9.41469e-14
2 -1.25233e-13
3 -6.51923e-13
36386 3
1 9.59233e-14
2 -1.14575e-13
3 -6.8745e-13
36388 3
1 7.63833e-14
2 -1.14575e-13
3 -6.54587e-13
36390 3
1 9.23706e-14
2 -1.00364e-13
3 -6.95444e-13
36392 3
1 9.05942e-14
2 -1.14575e-13
3 -7.15872e-13
36394 3
1 8.34888e-14
2 -1.14575e-13
3 -6.91891e-13
36396 3
1 7.63833e-14
2 -1.3145e-13
3 -6.80345e-13
36398 3
1 8.17124e-14
2 -1.20792e-13
3 -6.91003e-13
36400 3
1 6.21725e-14
2 -1.10134e-13
3 -6.76792e-13
36402 3
1 8.52651e-14
2 -1.12799e-13
3 -6.93667e-13
36404 3
1 6.92779e-14
2 -1.02141e-13
3 -6.65246e-13
36406 3
1 7.10543e-14
2 -8.70415e-14
3 -6.85674e-13
36408 3
1 6.57252e-14
2 -1.11022e-13
3 -6.80345e-13
36410 3
1 7.10543e-14
2 -1.02141e-13
3 -6.60805e-13
36412 3
1 5.68434e-14
2 -1.19904e-13
3 -6.83009e-13
36414 3
1 7.10543e-14
2 -1.25233e-13
3 -6.69687e-13
36416 3
1 5.86198e-14
2 -1.14575e-13
3 -6.74127e-13
36418 3
1 7.4607e-14
2 -1.19904e-13
3 -6.62581e-13
36420 3
1 6.21725e-14
2 -1.13687e-13
3 -6.76792e-13
36422 3
1 4.44089e-14
2 -1.0747e-13
3 -6.59028e-13
36424 3
1 6.21725e-14
2 -1.1724e-13
3 -6.89226e-13
36426 3
1 6.57252e-14
2 -1.16351e-13
3 -6.99885e-13
36428 3
1 5.32907e-14
2 -1.0747e-13
3 -6.57252e-13
36430 3
1 5.50671e-14
2 -1.37668e-13
3 -6.75904e-13
36432 3
1 8.17124e-14
2 -1.25233e-13
3 -6.68798e-13
36434 3
1 7.63833e-14
2 -1.22569e-13
3 -6.76792e-13
36436 3
1 7.10543e-14
2 -1.18128e-13
3 -6.5814e-13
36438 3
1 5.32907e-14
2 -1.16351e-13
3 -6.51035e-13
36440 3
1 3.73035e-14
2 -1.09246e-13
3 -6.85674e-13
36442 3
1 4.79616e-14
2 -1.25233e-13
3 -6.70575e-13
36444 3
1 5.50671e-14
2 -1.23457e-13
3 -6.82121e-13
36446 3
1 5.50671e-14
2 -1.34115e-13
3 -6.68798e-13
36448 3
1 5.15143e-14
2 -1.2168e-13
3 -6.60805e-13
36450 3
1 5.68434e-14
2 -1.33227e-13
3 -6.59028e-13
36452 3
1 5.68434e-14
2 -1.56319e-13
3 -6.63469e-13
36454 3
1 6.21725e-14
2 -1.26121e-13
3 -6.74127e-13
36456 3
1 8.70415e-14
2 -1.34115e-13
3 -6.65246e-13
36458 3
1 8.88178e-14
2 -1.42109e-13
3 -6.51035e-13
36460 3
1 7.10543e-14
2 -1.3145e-13
3 -6.64357e-13
36462 3
1 5.68434e-14
2 -1.55431e-13
3 -6.63469e-13
36464 3
1 7.28306e-14
2 -1.27898e-13
3 -6.91003e-13
36466 3
1 5.32907e-14
2 -1.20792e-13
3 -6.4837e-13
36468 3
1 7.10543e-14
2 -1.34115e-13
3 -6.71463e-13
36470 3
1 7.99361e-14
2 -1.62537e-13
3 -6.80345e-13
36472 3
1 6.03961e-14
2 -1.42109e-13
3 -6.71463e-13
36474 3
1 7.99361e-14
2 -1.34115e-13
3 -6.59917e-13
36476 3
1 9.23706e-14
2 -1.35003e-13
3 -6.73239e-13
36478 3
1 7.28306e-14
2 -1.04805e-13
3 -6.82121e-13
36480 3
1 7.81597e-14
2 -1.34115e-13
3 -6.51035e-13
36482 3
1 8.17124e-14
2 -1.42997e-13
3 -6.80345e-13
36484 3
1 6.39488e-14
2 -1.5099e-13
3 -6.65246e-13
36486 3
1 6.57252e-14
2 -1.44773e-13
3 -6.60805e-13
36488 3
1 9.41469e-14
2 -1.4122e-13
3 -6.69687e-13
36490 3
1 4.61853e-14
2 -1.27898e-13
3 -6.78568e-13
36492 3
1 6.03961e-14
2 -1.25233e-13
3 -6.8745e-13
36494 3
1 7.10543e-14
2 -1.13687e-13
3 -6.79456e-13
36496 3
1 7.4607e-14
2 -1.39444e-13
3 -6.68798e-13
36498 3
1 9.05942e-14
2 -1.26121e-13
3 -6.78568e-13
36500 3
1 6.75016e-14
2 -1.11022e-13
3 -6.91891e-13
36502 3
1 9.05942e-14
2 -1.20792e-13
3 -6.79456e-13
36504 3
1 9.23706e-14
2 -1.2701e-13
3 -6.62581e-13
36506 3
1 7.10543e-14
2 -1.1724e-13
3 -6.96332e-13
36508 3
1 7.63833e-14
2 -1.08358e-13
3 -6.91003e-13
36510 3
1 6.57252e-14
2 -1.15463e-13
3 -6.74127e-13
36512 3
1 7.10543e-14
2 -8.88178e-14
3 -6.75904e-13
36514 3
1 1.10134e-13
2 -9.32587e-14
3 -6.73239e-13
36516 3
1 8.52651e-14
2 -1.1191e-13
3 -6.4837e-13
36518 3
1 8.88178e-14
2 -1.22569e-13
3 -6.4837e-13
36520 3
1 8.88178e-14
2 -1.08358e-13
3 -6.54587e-13
36522 3
1 9.23706e-14
2 -1.03917e-13
3 -6.55476e-13
36524 3
1 9.23706e-14
2 -1.12799e-13
3 -6.62581e-13
36526 3
1 7.63833e-14
2 -1.10134e-13
3 -6.63469e-13
36528 3
1 1.03029e-13
2 -1.34115e-13
3 -6.59028e-13
36530 3
1 9.05942e-14
2 -1.18128e-13
3 -6.6791e-13
36532 3
1 9.41469e-14
2 -9.9476e-14
3 -6.46594e-13
36534 3
1 8.88178e-14
2 -1.1191e-13
3 -6.51923e-13
36536 3
1 8.34888e-14
2 -1.08358e-13
3 -6.83897e-13
36538 3
1 9.59233e-14
2 -1.35891e-13
3 -6.78568e-13
36540 3
1 9.9476e-14
2 -1.04805e-13
3 -6.75904e-13
36542 3
1 1.04805e-13
2 -1.26121e-13
3 -6.68798e-13
36544 3
1 7.10543e-14
2 -1.3145e-13
3 -6.63469e-13
36546 3
1 7.99361e-14
2 -1.39444e-13
3 -6.83009e-13
36548 3
1 1.19016e-13
2 -1.2701e-13
3 -6.74127e-13
36550 3
1 1.03029e-13
2 -1.2701e-13
3 -6.43929e-13
36552 3
1 8.34888e-14
2 -1.2168e-13
3 -6.53699e-13
36554 3
1 1.04805e-13
2 -1.06581e-13
3 -6.82121e-13
36556 3
1 9.59233e-14
2 -1.38556e-13
3 -6.73239e-13
36558 3
1 1.15463e-13
2 -1.04805e-13
3 -6.78568e-13
36560 3
1 8.34888e-14
2 -1.35891e-13
3 -6.63469e-13
36562 3
1 1.10134e-13
2 -1.09246e-13
3 -6.71463e-13
36564 3
1 9.23706e-14
2 -1.29674e-13
3 -6.62581e-13
36566 3
1 1.03029e-13
2 -1.09246e-13
3 -6.39488e-13
36568 3
1 9.23706e-14
2 -1.15463e-13
3 -6.61693e-13
36570 3
1 8.52651e-14
2 -1.24345e-13
3 -6.54587e-13
36572 3
1 7.63833e-14
2 -1.33227e-13
3 -6.52811e-13
36574 3
1 8.52651e-14
2 -1.37668e-13
3 -6.62581e-13
36576 3
1 8.17124e-14
2 -1.29674e-13
3 -6.56364e-13
36578 3
1 7.4607e-14
2 -1.27898e-13
3 -6.62581e-13
36580 3
1 8.52651e-14
2 -1.1724e-13
3 -6.83897e-13
36582 3
1 7.63833e-14
2 -9.76996e-14
3 -6.59028e-13
36584 3
1 9.23706e-14
2 -1.22569e-13
3 -6.59028e-13
36586 3
1 8.70415e-14
2 -1.25233e-13
3 -6.45706e-13
36588 3
1 8.52651e-14
2 -1.40332e-13
3 -6.62581e-13
36590 3
1 8.88178e-14
2 -1.08358e-13
3 -6.44818e-13
36592 3
1 9.76996e-14
2 -1.27898e-13
3 -6.60805e-13
36594 3
1 1.03029e-13
2 -1.1724e-13
3 -6.51035e-13
36596 3
1 8.70415e-14
2 -1.26121e-13
3 -6.60805e-13
36598 3
1 1.04805e-13
2 -1.0747e-13
3 -6.50147e-13
36600 3
1 1.01252e-13
2 -1.32339e-13
3 -6.59028e-13
36602 3
1 8.88178e-14
2 -1.20792e-13
3 -6.56364e-13
36604 3
1 9.9476e-14
2 -1.26121e-13
3 -6.82121e-13
36606 3
1 8.34888e-14
2 -1.1724e-13
3 -6.4837e-13
36608 3
1 5.32907e-14
2 -8.88178e-14
3 -6.78568e-13
36610 3
1 9.59233e-14
2 -9.76996e-14
3 -6.4837e-13
36612 3
1 9.41469e-14
2 -1.09246e-13
3 -6.70575e-13
36614 3
1 1.01252e-13
2 -1.13687e-13
3 -6.70575e-13
36616 3
1 9.59233e-14
2 -9.59233e-14
3 -6.7768e-13
36618 3
1 9.41469e-14
2 -1.42109e-13
3 -6.73239e-13
36620 3
1 7.63833e-14
2 -1.13687e-13
3 -6.43041e-13
36622 3
1 8.88178e-14
2 -1.04805e-13
3 -6.59028e-13
36624 3
1 1.08358e-13
2 -1.1191e-13
3 -6.75016e-13
36626 3
1 9.23706e-14
2 -9.41469e-14
3 -6.61693e-13
36628 3
1 1.1191e-13
2 -1.08358e-13
3 -6.59028e-13
36630 3
1 1.03029e-13
2 -1.42997e-13
3 -6.64357e-13
36632 3
1 1.08358e-13
2 -1.13687e-13
3 -6.6791e-13
36634 3
1 9.23706e-14
2 -1.28786e-13
3 -6.9722e-13
36636 3
1 8.88178e-14
2 -1.2168e-13
3 -6.43929e-13
36638 3
1 8.52651e-14
2 -1.0747e-13
3 -6.55476e-13
36640 3
1 8.17124e-14
2 -1.25233e-13
3 -6.79456e-13
36642 3
1 1.03029e-13
2 -1.35003e-13
3 -6.78568e-13
36644 3
1 8.88178e-14
2 -1.4122e-13
3 -6.96332e-13
36646 3
1 8.70415e-14
2 -1.43885e-13
3 -6.73239e-13
36648 3
1 9.05942e-14
2 -1.12799e-13
3 -6.74127e-13
36650 3
1 9.05942e-14
2 -1.24345e-13
3 -6.76792e-13
36652 3
1 9.05942e-14
2 -1.20792e-13
3 -6.94556e-13
36654 3
1 9.9476e-14
2 -1.19016e-13
3 -6.72351e-13
36656 3
1 8.88178e-14
2 -1.2701e-13
3 -6.66134e-13
36658 3
1 8.17124e-14
2 -1.27898e-13
3 -6.76792e-13
36660 3
1 7.99361e-14
2 -1.26121e-13
3 -6.78568e-13
36662 3
1 1.06581e-13
2 -1.29674e-13
3 -6.55476e-13
36664 3
1 8.17124e-14
2 -1.03029e-13
3 -6.51923e-13
36666 3
1 7.81597e-14
2 -1.43885e-13
3 -6.53699e-13
36668 3
1 7.28306e-14
2 -1.29674e-13
3 -6.73239e-13
36670 3
1 9.05942e-14
2 -1.29674e-13
3 -6.5814e-13
36672 3
1 6.39488e-14
2 -1.1724e-13
3 -6.6791e-13
36674 3
1 7.99361e-14
2 -1.23457e-13
3 -6.73239e-13
36676 3
1 9.76996e-14
2 -1.34115e-13
3 -6.80345e-13
36678 3
1 9.23706e-14
2 -1.32339e-13
3 -6.76792e-13
36680 3
1 8.52651e-14
2 -9.9476e-14
3 -6.71463e-13
36682 3
1 8.70415e-14
2 -1.42997e-13
3 -6.40377e-13
36684 3
1 7.81597e-14
2 -1.34115e-13
3 -6.33271e-13
36686 3
1 7.4607e-14
2 -1.12799e-13
3 -6.56364e-13
36688 3
1 9.9476e-14
2 -1.28786e-13
3 -6.4837e-13
36690 3
1 9.23706e-14
2 -1.03917e-13
3 -6.43929e-13
36692 3
1 9.41469e-14
2 -9.23706e-14
3 -6.44818e-13
36694 3
1 8.70415e-14
2 -1.32339e-13
3 -6.64357e-13
36696 3
1 7.99361e-14
2 -1.16351e-13
3 -6.55476e-13
36698 3
1 8.88178e-14
2 -1.1724e-13
3 -6.47482e-13
36700 3
1 8.70415e-14
2 -1.33227e-13
3 -6.73239e-13
36702 3
1 7.4607e-14
2 -1.34115e-13
3 -6.59917e-13
36704 3
1 9.59233e-14
2 -1.12799e-13
3 -6.51923e-13
36706 3
1 8.70415e-14
2 -1.02141e-13
3 -6.76792e-13
36708 3
1 9.76996e-14
2 -9.85878e-14
3 -6.61693e-13
36710 3
1 7.10543e-14
2 -1.19904e-13
3 -6.37712e-13
36712 3
1 1.04805e-13
2 -1.30562e-13
3 -6.52811e-13
36714 3
1 1.04805e-13
2 -1.2168e-13
3 -6.64357e-13
36716 3
1 9.05942e-14
2 -1.2701e-13
3 -6.65246e-13
36718 3
1 9.59233e-14
2 -1.12799e-13
3 -6.52811e-13
36720 3
1 7.10543e-14
2 -1.19904e-13
3 -6.59917e-13
36722 3
1 9.59233e-14
2 -1.20792e-13
3 -6.67022e-13
36724 3
1 6.92779e-14
2 -1.44773e-13
3 -6.5814e-13
36726 3
1 9.59233e-14
2 -1.02141e-13
3 -6.42153e-13
36728 3
1 1.13687e-13
2 -1.05693e-13
3 -6.76792e-13
36730 3
1 1.06581e-13
2 -1.22569e-13
3 -6.82121e-13
36732 3
1 1.08358e-13
2 -1.09246e-13
3 -6.66134e-13
36734 3
1 9.9476e-14
2 -9.14824e-14
3 -6.55476e-13
36736 3
1 1.08358e-13
2 -1.16351e-13
3 -6.68798e-13
36738 3
1 1.03029e-13
2 -1.12799e-13
3 -6.69687e-13
36740 3
1 1.24345e-13
2 -1.1191e-13
3 -6.43041e-13
36742 3
1 1.04805e-13
2 -1.24345e-13
3 -6.69687e-13
36744 3
1 9.9476e-14
2 -9.85878e-14
3 -6.62581e-13
36746 3
1 1.06581e-13
2 -1.32339e-13
3 -6.45706e-13
36748 3
1 9.41469e-14
2 -1.13687e-13
3 -6.5814e-13
36750 3
1 1.10134e-13
2 -9.9476e-14
3 -6.82121e-13
36752 3
1 9.23706e-14
2 -1.02141e-13
3 -6.68798e-13
36754 3
1 1.01252e-13
2 -1.13687e-13
3 -6.65246e-13
36756 3
1 7.4607e-14
2 -1.26121e-13
3 -6.59028e-13
36758 3
1 8.70415e-14
2 -1.15463e-13
3 -6.41265e-13
36760 3
1 8.52651e-14
2 -1.38556e-13
3 -6.66134e-13
36762 3
1 1.1191e-13
2 -1.26121e-13
3 -6.35936e-13
36764 3
1 9.76996e-14
2 -1.35891e-13
3 -6.73239e-13
36766 3
1 6.75016e-14
2 -1.3145e-13
3 -6.66134e-13
36768 3
1 9.05942e-14
2 -1.33227e-13
3 -6.49258e-13
36770 3
1 1.10134e-13
2 -1.28786e-13
3 -6.66134e-13
36772 3
1 8.61533e-14
2 -9.32587e-14
3 -6.76792e-13
36774 3
1 1.04805e-13
2 -1.3145e-13
3 -6.4837e-13
36776 3
1 9.23706e-14
2 -1.35891e-13
3 -6.59028e-13
36778 3
1 1.05693e-13
2 -1.4122e-13
3 -6.66134e-13
36780 3
1 1.0747e-13
2 -1.34115e-13
3 -6.78568e-13
36782 3
1 8.88178e-14
2 -1.33227e-13
3 -6.4837e-13
36784 3
1 1.03029e-13
2 -1.35891e-13
3 -6.82121e-13
36786 3
1 9.9476e-14
2 -1.46549e-13
3 -6.53699e-13
36788 3
1 1.10134e-13
2 -1.5099e-13
3 -6.60805e-13
36790 3
1 9.76996e-14
2 -1.46549e-13
3 -6.68798e-13
36792 3
1 1.15463e-13
2 -1.19016e-13
3 -6.6791e-13
36794 3
1 1.03029e-13
2 -1.20792e-13
3 -6.62581e-13
36796 3
1 8.88178e-14
2 -1.3145e-13
3 -6.85674e-13
36798 3
1 1.11022e-13
2 -1.44773e-13
3 -6.75904e-13
36800 3
1 1.00364e-13
2 -1.2168e-13
3 -6.71463e-13
36802 3
1 1.32339e-13
2 -1.49214e-13
3 -6.78568e-13
36804 3
1 1.13687e-13
2 -1.43885e-13
3 -6.59028e-13
36806 3
1 1.1191e-13
2 -1.27898e-13
3 -6.98996e-13
36808 3
1 1.03029e-13
2 -1.16351e-13
3 -6.83897e-13
36810 3
1 9.9476e-14
2 -1.15463e-13
3 -6.69687e-13
36812 3
1 8.70415e-14
2 -1.48326e-13
3 -6.7768e-13
36814 3
1 1.33227e-13
2 -1.39444e-13
3 -6.70575e-13
36816 3
1 1.1191e-13
2 -1.35891e-13
3 -6.82121e-13
36818 3
1 1.05693e-13
2 -1.30562e-13
3 -6.89226e-13
36820 3
1 8.9706e-14
2 -1.28786e-13
3 -6.83897e-13
36822 3
1 1.0747e-13
2 -1.40332e-13
3 -6.69687e-13
36824 3
1 1.03029e-13
2 -1.4122e-13
3 -6.63469e-13
36826 3
1 1.19016e-13
2 -1.45661e-13
3 -6.71463e-13
36828 3
1 1.47438e-13
2 -1.40332e-13
3 -6.88338e-13
36830 3
1 1.13687e-13
2 -9.05942e-14
3 -6.66134e-13
36832 3
1 9.59233e-14
2 -1.42109e-13
3 -6.80345e-13
36834 3
1 1.09246e-13
2 -1.18128e-13
3 -6.78568e-13
36836 3
1 1.2168e-13
2 -1.18128e-13
3 -6.79456e-13
36838 3
1 1.19016e-13
2 -1.09246e-13
3 -6.66134e-13
36840 3
1 1.14575e-13
2 -1.26121e-13
3 -7.09655e-13
36842 3
1 1.20792e-13
2 -1.2168e-13
3 -6.83897e-13
36844 3
1 9.05942e-14
2 -7.90479e-14
3 -6.82121e-13
36846 3
1 8.61533e-14
2 -1.19904e-13
3 -6.90115e-13
36848 3
1 8.88178e-14
2 -1.01252e-13
3 -6.79456e-13
36850 3
1 1.20792e-13
2 -1.09246e-13
3 -6.53699e-13
36852 3
1 1.11022e-13
2 -1.11022e-13
3 -6.67022e-13
36854 3
1 9.9476e-14
2 -9.68114e-14
3 -6.53699e-13
36856 3
1 1.02141e-13
2 -9.50351e-14
3 -6.4837e-13
36858 3
1 1.19016e-13
2 -1.3145e-13
3 -6.62581e-13
36860 3
1 1.09246e-13
2 -1.26121e-13
3 -6.67022e-13
36862 3
1 1.19016e-13
2 -1.29674e-13
3 -6.41265e-13
36864 3
1 1.12799e-13
2 -1.2168e-13
3 -6.50147e-13
36866 3
1 1.02141e-13
2 -1.13687e-13
3 -6.44818e-13
36868 3
1 1.03917e-13
2 -1.1191e-13
3 -6.50147e-13
36870 3
1 1.19904e-13
2 -1.23457e-13
3 -6.70575e-13
36872 3
1 1.13687e-13
2 -1.2168e-13
3 -6.43041e-13
36874 3
1 1.05693e-13
2 -1.10134e-13
3 -6.4837e-13
36876 3
1 1.19016e-13
2 -1.35003e-13
3 -6.66134e-13
36878 3
1 1.32339e-13
2 -1.06581e-13
3 -6.35936e-13
36880 3
1 1.2168e-13
2 -1.30562e-13
3 -6.73239e-13
36882 3
1 1.15463e-13
2 -1.04805e-13
3 -6.59028e-13
36884 3
1 1.15463e-13
2 -1.23457e-13
3 -6.73239e-13
36886 3
1 1.06581e-13
2 -9.41469e-14
3 -6.63469e-13
36888 3
1 1.33227e-13
2 -1.18128e-13
3 -6.75904e-13
36890 3
1 1.42109e-13
2 -1.29674e-13
3 -6.8745e-13
36892 3
1 1.30562e-13
2 -1.1191e-13
3 -6.84786e-13
36894 3
1 1.34115e-13
2 -1.2701e-13
3 -6.47482e-13
36896 3
1 1.2168e-13
2 -1.27898e-13
3 -6.49258e-13
36898 3
1 1.46549e-13
2 -1.11022e-13
3 -6.59028e-13
36900 3
1 1.37668e-13
2 -1.11022e-13
3 -6.55476e-13
36902 3
1 1.36779e-13
2 -1.22569e-13
3 -6.66134e-13
36904 3
1 1.37668e-13
2 -1.0747e-13
3 -6.59917e-13
36906 3
1 1.50102e-13
2 -1.14575e-13
3 -6.62581e-13
36908 3
1 1.3145e-13
2 -9.85878e-14
3 -6.69687e-13
36910 3
1 1.22569e-13
2 -1.14575e-13
3 -6.53699e-13
36912 3
1 1.57208e-13
2 -1.1191e-13
3 -6.92779e-13
36914 3
1 1.34115e-13
2 -9.05942e-14
3 -6.54587e-13
36916 3
1 1.39444e-13
2 -1.1724e-13
3 -6.6791e-13
36918 3
1 1.48326e-13
2 -1.00364e-13
3 -6.93667e-13
36920 3
1 1.35003e-13
2 -1.30562e-13
3 -6.61693e-13
36922 3
1 1.56319e-13
2 -1.14575e-13
3 -6.6791e-13
36924 3
1 1.40332e-13
2 -1.16351e-13
3 -6.56364e-13
36926 3
1 1.45661e-13
2 -1.09246e-13
3 -6.83897e-13
36928 3
1 1.35003e-13
2 -1.11022e-13
3 -6.62581e-13
36930 3
1 1.44773e-13
2 -1.18128e-13
3 -6.69687e-13
36932 3
1 1.34115e-13
2 -1.20792e-13
3 -6.64357e-13
36934 3
1 1.3145e-13
2 -1.1724e-13
3 -6.62581e-13
36936 3
1 1.33227e-13
2 -1.10134e-13
3 -6.51923e-13
36938 3
1 1.33227e-13
2 -1.20792e-13
3 -6.6791e-13
36940 3
1 1.29674e-13
2 -1.32339e-13
3 -6.73239e-13
36942 3
1 1.1191e-13
2 -1.19904e-13
3 -6.67022e-13
36944 3
1 1.54543e-13
2 -1.32339e-13
3 -6.73239e-13
36946 3
1 1.39444e-13
2 -1.10134e-13
3 -6.71463e-13
36948 3
1 1.37668e-13
2 -1.1191e-13
3 -6.6791e-13
36950 3
1 1.45661e-13
2 -1.1191e-13
3 -6.72351e-13
36952 3
1 1.51879e-13
2 -1.05693e-13
3 -6.57252e-13
36954 3
1 1.33227e-13
2 -1.25233e-13
3 -6.43041e-13
36956 3
1 1.54543e-13
2 -1.1724e-13
3 -6.73239e-13
36958 3
1 1.36779e-13
2 -1.03029e-13
3 -6.57252e-13
36960 3
1 1.54543e-13
2 -9.9476e-14
3 -6.66134e-13
36962 3
1 1.42997e-13
2 -1.34115e-13
3 -6.66134e-13
36964 3
1 1.53655e-13
2 -1.06581e-13
3 -6.98108e-13
36966 3
1 1.45661e-13
2 -1.1724e-13
3 -6.69687e-13
36968 3
1 1.53655e-13
2 -1.05693e-13
3 -6.76792e-13
36970 3
1 1.34115e-13
2 -1.08358e-13
3 -6.6791e-13
36972 3
1 1.29674e-13
2 -1.01252e-13
3 -6.6791e-13
36974 3
1 1.37668e-13
2 -9.14824e-14
3 -6.60805e-13
36976 3
1 1.27898e-13
2 -9.76996e-14
3 -6.50147e-13
36978 3
1 1.37668e-13
2 -1.16351e-13
3 -6.68798e-13
36980 3
1 1.59872e-13
2 -1.29674e-13
3 -6.51923e-13
36982 3
1 1.5099e-13
2 -9.85878e-14
3 -6.44818e-13
36984 3
1 1.42997e-13
2 -1.03029e-13
3 -6.41265e-13
36986 3
1 1.32339e-13
2 -9.23706e-14
3 -6.59028e-13
36988 3
1 1.37668e-13
2 -9.76996e-14
3 -6.62581e-13
36990 3
1 1.44773e-13
2 -1.34115e-13
3 -6.47482e-13
36992 3
1 1.64313e-13
2 -1.23457e-13
3 -6.37712e-13
36994 3
1 1.56319e-13
2 -1.03917e-13
3 -6.30607e-13
36996 3
1 1.46549e-13
2 -1.15463e-13
3 -6.43041e-13
36998 3
1 1.43885e-13
2 -1.01252e-13
3 -6.46594e-13
37000 3
1 1.7053e-13
2 -8.52651e-14
3 -6.63469e-13
37002 3
1 1.49214e-13
2 -9.59233e-14
3 -6.12843e-13
37004 3
1 1.26121e-13
2 -1.06581e-13
3 -6.35936e-13
37006 3
1 1.62537e-13
2 -9.50351e-14
3 -6.51035e-13
37008 3
1 1.47438e-13
2 -8.88178e-14
3 -6.2883e-13
37010 3
1 1.52767e-13
2 -8.9706e-14
3 -6.1906e-13
37012 3
1 1.48326e-13
2 -1.01252e-13
3 -6.4837e-13
37014 3
1 1.49214e-13
2 -1.04805e-13
3 -6.50147e-13
37016 3
1 1.56319e-13
2 -1.01252e-13
3 -6.50147e-13
37018 3
1 1.42109e-13
2 -1.03917e-13
3 -6.52811e-13
37020 3
1 1.42109e-13
2 -9.85878e-14
3 -6.67022e-13
37022 3
1 1.29674e-13
2 -9.32587e-14
3 -6.4837e-13
37024 3
1 1.34115e-13
2 -1.05693e-13
3 -6.31495e-13
37026 3
1 1.52767e-13
2 -8.70415e-14
3 -6.39488e-13
37028 3
1 1.49214e-13
2 -9.85878e-14
3 -6.43041e-13
37030 3
1 1.06581e-13
2 -1.04805e-13
3 -6.59917e-13
37032 3
1 1.20792e-13
2 -1.06581e-13
3 -6.55476e-13
37034 3
1 1.45661e-13
2 -1.10134e-13
3 -6.29718e-13
37036 3
1 1.42109e-13
2 -8.79297e-14
3 -6.13731e-13
37038 3
1 1.36779e-13
2 -1.13687e-13
3 -6.386e-13
37040 3
1 1.19016e-13
2 -1.10134e-13
3 -6.50147e-13
37042 3
1 1.50102e-13
2 -1.28786e-13
3 -6.26166e-13
37044 3
1 1.30562e-13
2 -1.28786e-13
3 -6.01297e-13
37046 3
1 1.42109e-13
2 -8.52651e-14
3 -6.37712e-13
37048 3
1 1.34115e-13
2 -1.18128e-13
3 -6.29718e-13
37050 3
1 1.43885e-13
2 -1.36779e-13
3 -6.2883e-13
37052 3
1 1.58096e-13
2 -1.16351e-13
3 -6.56364e-13
37054 3
1 1.40332e-13
2 -1.08358e-13
3 -6.41265e-13
37056 3
1 1.33227e-13
2 -1.40332e-13
3 -6.21725e-13
37058 3
1 1.35891e-13
2 -9.05942e-14
3 -6.15508e-13
37060 3
1 1.3145e-13
2 -1.03029e-13
3 -6.14619e-13
37062 3
1 1.43885e-13
2 -1.02141e-13
3 -6.29718e-13
37064 3
1 1.35891e-13
2 -1.04805e-13
3 -6.20837e-13
37066 3
1 1.62537e-13
2 -1.24345e-13
3 -6.41265e-13
37068 3
1 1.52767e-13
2 -8.43769e-14
3 -6.1906e-13
37070 3
1 1.15463e-13
2 -1.11022e-13
3 -6.14619e-13
37072 3
1 1.35003e-13
2 -8.17124e-14
3 -6.52811e-13
37074 3
1 1.7053e-13
2 -9.59233e-14
3 -6.1906e-13
37076 3
1 1.58096e-13
2 -1.02141e-13
3 -6.18172e-13
37078 3
1 1.65201e-13
2 -1.0747e-13
3 -6.05738e-13
37080 3
1 1.26121e-13
2 -1.22569e-13
3 -6.06626e-13
37082 3
1 1.45661e-13
2 -1.03917e-13
3 -6.31495e-13
37084 3
1 1.38556e-13
2 -1.03029e-13
3 -6.30607e-13
37086 3
1 1.22569e-13
2 -1.13687e-13
3 -6.35936e-13
37088 3
1 1.38556e-13
2 -9.85878e-14
3 -6.23501e-13
37090 3
1 1.49214e-13
2 -9.32587e-14
3 -6.16396e-13
37092 3
1 1.43885e-13
2 -1.01252e-13
3 -6.41265e-13
37094 3
1 1.5099e-13
2 -1.02141e-13
3 -6.23501e-13
37096 3
1 1.3145e-13
2 -1.2701e-13
3 -6.03961e-13
37098 3
1 1.5099e-13
2 -1.09246e-13
3 -6.41265e-13
37100 3
1 1.38556e-13
2 -9.23706e-14
3 -6.39488e-13
37102 3
1 1.20792e-13
2 -1.11022e-13
3 -6.07514e-13
37104 3
1 1.36779e-13
2 -8.34888e-14
3 -6.34159e-13
37106 3
1 1.38556e-13
2 -1.02141e-13
3 -6.06626e-13
37108 3
1 1.47438e-13
2 -9.41469e-14
3 -6.39488e-13
37110 3
1 1.38556e-13
2 -9.59233e-14
3 -6.2883e-13
37112 3
1 1.35003e-13
2 -9.41469e-14
3 -6.18172e-13
37114 3
1 1.29674e-13
2 -6.4837e-14
3 -6.01297e-13
37116 3
1 1.19904e-13
2 -8.61533e-14
3 -6.1906e-13
37118 3
1 1.46549e-13
2 -7.28306e-14
3 -6.42153e-13
37120 3
1 1.2701e-13
2 -1.00364e-13
3 -6.07514e-13
37122 3
1 1.44773e-13
2 -8.70415e-14
3 -6.2883e-13
37124 3
1 1.14575e-13
2 -9.32587e-14
3 -6.1906e-13
37126 3
1 1.01252e-13
2 -7.37188e-14
3 -6.16396e-13
37128 3
1 1.04805e-13
2 -6.92779e-14
3 -6.05738e-13
37130 3
1 1.19016e-13
2 -5.68434e-14
3 -5.98632e-13
37132 3
1 1.04805e-13
2 -8.61533e-14
3 -5.95968e-13
37134 3
1 8.34888e-14
2 -7.72715e-14
3 -6.33271e-13
37136 3
1 1.12799e-13
2 -1.00364e-13
3 -6.30607e-13
37138 3
1 1.03029e-13
2 -7.81597e-14
3 -5.96856e-13
37140 3
1 1.14575e-13
2 -9.9476e-14
3 -6.19949e-13
37142 3
1 1.13687e-13
2 -7.54952e-14
3 -6.11067e-13
37144 3
1 1.14575e-13
2 -7.99361e-14
3 -5.73763e-13
37146 3
1 1.08358e-13
2 -8.70415e-14
3 -6.05738e-13
37148 3
1 1.14575e-13
2 -8.43769e-14
3 -6.14619e-13
37150 3
1 9.14824e-14
2 -8.34888e-14
3 -6.10179e-13
37152 3
1 1.10134e-13
2 -9.85878e-14
3 -6.18172e-13
37154 3
1 1.20792e-13
2 -8.26006e-14
3 -5.90639e-13
37156 3
1 1.13687e-13
2 -7.54952e-14
3 -5.91527e-13
37158 3
1 7.90479e-14
2 -8.43769e-14
3 -6.06626e-13
37160 3
1 1.25233e-13
2 -8.34888e-14
3 -6.16396e-13
37162 3
1 9.9476e-14
2 -6.75016e-14
3 -6.41265e-13
37164 3
1 1.19016e-13
2 -9.14824e-14
3 -6.08402e-13
37166 3
1 1.05693e-13
2 -6.66134e-14
3 -6.16396e-13
37168 3
1 1.03029e-13
2 -5.77316e-14
3 -6.18172e-13
37170 3
1 1.08358e-13
2 -3.9968e-14
3 -6.05738e-13
37172 3
1 1.15463e-13
2 -5.06262e-14
3 -6.2883e-13
37174 3
1 9.9476e-14
2 -7.4607e-14
3 -6.32383e-13
37176 3
1 9.68114e-14
2 -3.28626e-14
3 -6.21725e-13
37178 3
1 9.14824e-14
2 -3.01981e-14
3 -6.35936e-13
37180 3
1 1.11022e-13
2 -5.32907e-14
3 -6.55476e-13
37182 3
1 1.04805e-13
2 -5.06262e-14
3 -6.43041e-13
37184 3
1 1.06581e-13
2 -4.9738e-14
3 -6.18172e-13
37186 3
1 1.01252e-13
2 -2.4869e-14
3 -6.06626e-13
37188 3
1 9.59233e-14
2 -4.61853e-14
3 -6.2883e-13
37190 3
1 1.09246e-13
2 -5.06262e-14
3 -6.32383e-13
37192 3
1 1.10134e-13
2 -4.44089e-14
3 -6.23501e-13
37194 3
1 1.27898e-13
2 -3.55271e-14
3 -6.35048e-13
37196 3
1 1.10134e-13
2 -4.70735e-14
3 -6.46594e-13
37198 3
1 7.81597e-14
2 -3.73035e-14
3 -6.36824e-13
37200 3
1 1.00364e-13
2 -5.15143e-14
3 -6.33271e-13
37202 3
1 9.76996e-14
2 -5.06262e-14
3 -6.34159e-13
37204 3
1 1.02141e-13
2 -2.22045e-14
3 -6.32383e-13
37206 3
1 8.17124e-14
2 -4.52971e-14
3 -6.50147e-13
37208 3
1 9.32587e-14
2 -3.4639e-14
3 -6.5814e-13
37210 3
1 7.81597e-14
2 -1.42109e-14
3 -6.1906e-13
37212 3
1 8.70415e-14
2 -4.61853e-14
3 -6.39488e-13
37214 3
1 9.85878e-14
2 -2.84217e-14
3 -6.44818e-13
37216 3
1 1.03029e-13
2 -5.86198e-14
3 -6.16396e-13
37218 3
1 9.9476e-14
2 -4.08562e-14
3 -6.51923e-13
37220 3
1 8.17124e-14
2 -3.90799e-14
3 -6.35936e-13
37222 3
1 9.85878e-14
2 -4.70735e-14
3 -6.4837e-13
37224 3
1 7.81597e-14
2 -4.35207e-14
3 -6.32383e-13
37226 3
1 9.41469e-14
2 -3.28626e-14
3 -6.44818e-13
37228 3
1 9.68114e-14
2 -4.9738e-14
3 -6.35936e-13
37230 3
1 8.08242e-14
2 -5.86198e-14
3 -6.386e-13
37232 3
1 9.23706e-14
2 -3.73035e-14
3 -6.35048e-13
37234 3
1 9.9476e-14
2 -3.90799e-14
3 -6.66134e-13
37236 3
1 8.34888e-14
2 -5.15143e-14
3 -6.30607e-13
37238 3
1 8.26006e-14
2 -6.21725e-14
3 -6.25278e-13
37240 3
1 8.88178e-14
2 -5.59552e-14
3 -6.35936e-13
37242 3
1 9.23706e-14
2 -3.55271e-14
3 -6.36824e-13
37244 3
1 8.34888e-14
2 -4.35207e-14
3 -6.54587e-13
37246 3
1 9.05942e-14
2 -4.9738e-14
3 -6.4837e-13
37248 3
1 6.21725e-14
2 -5.59552e-14
3 -6.44818e-13
37250 3
1 8.88178e-14
2 -4.17444e-14
3 -6.60805e-13
37252 3
1 9.41469e-14
2 -6.92779e-14
3 -6.35048e-13
37254 3
1 8.70415e-14
2 -4.17444e-14
3 -6.35936e-13
37256 3
1 6.57252e-14
2 -3.9968e-14
3 -6.32383e-13
37258 3
1 1.02141e-13
2 -4.44089e-14
3 -6.57252e-13
37260 3
1 9.32587e-14
2 -6.75016e-14
3 -6.75016e-13
37262 3
1 8.52651e-14
2 -5.32907e-14
3 -6.30607e-13
37264 3
1 9.76996e-14
2 -3.10862e-14
3 -6.18172e-13
37266 3
1 1.08358e-13
2 -3.73035e-14
3 -6.30607e-13
37268 3
1 1.06581e-13
2 -5.59552e-14
3 -6.29718e-13
37270 3
1 8.34888e-14
2 -4.79616e-14
3 -6.41265e-13
37272 3
1 9.76996e-14
2 -3.28626e-14
3 -6.44818e-13
37274 3
1 8.52651e-14
2 -5.59552e-14
3 -6.27054e-13
37276 3
1 9.59233e-14
2 -3.73035e-14
3 -6.46594e-13
37278 3
1 1.11022e-13
2 -3.90799e-14
3 -6.25278e-13
37280 3
1 1.14575e-13
2 -3.73035e-14
3 -6.05738e-13
37282 3
1 9.14824e-14
2 -4.44089e-14
3 -6.4837e-13
37284 3
1 8.17124e-14
2 -4.79616e-14
3 -6.39488e-13
37286 3
1 1.08358e-13
2 -5.15143e-14
3 -6.18172e-13
37288 3
1 1.14575e-13
2 -7.10543e-14
3 -6.11067e-13
37290 3
1 8.88178e-14
2 -6.66134e-14
3 -6.35048e-13
37292 3
1 7.19425e-14
2 -3.64153e-14
3 -6.35048e-13
37294 3
1 1.01252e-13
2 -5.24025e-14
3 -6.34159e-13
37296 3
1 9.76996e-14
2 -6.03961e-14
3 -6.11067e-13
37298 3
1 8.9706e-14
2 -6.12843e-14
3 -6.35048e-13
37300 3
1 8.26006e-14
2 -7.01661e-14
3 -6.43929e-13
37302 3
1 9.59233e-14
2 -5.15143e-14
3 -6.44818e-13
37304 3
1 8.52651e-14
2 -5.77316e-14
3 -6.32383e-13
37306 3
1 9.23706e-14
2 -5.68434e-14
3 -6.25278e-13
37308 3
1 1.03029e-13
2 -7.81597e-14
3 -6.32383e-13
37310 3
1 8.9706e-14
2 -5.68434e-14
3 -6.39488e-13
37312 3
1 8.08242e-14
2 -7.37188e-14
3 -6.18172e-13
37314 3
1 9.41469e-14
2 -5.50671e-14
3 -6.10179e-13
37316 3
1 5.77316e-14
2 -5.06262e-14
3 -6.43041e-13
37318 3
1 7.63833e-14
2 -5.24025e-14
3 -6.33271e-13
37320 3
1 7.28306e-14
2 -3.9968e-14
3 -6.40377e-13
37322 3
1 8.26006e-14
2 -5.15143e-14
3 -6.12843e-13
37324 3
1 8.17124e-14
2 -4.70735e-14
3 -6.18172e-13
37326 3
1 8.9706e-14
2 -3.90799e-14
3 -6.25278e-13
37328 3
1 7.37188e-14
2 -6.57252e-14
3 -6.05738e-13
37330 3
1 8.52651e-14
2 -2.93099e-14
3 -6.14619e-13
37332 3
1 7.10543e-14
2 -3.37508e-14
3 -6.27054e-13
37334 3
1 7.4607e-14
2 -5.24025e-14
3 -6.11067e-13
37336 3
1 1.05693e-13
2 -4.35207e-14
3 -6.33271e-13
37338 3
1 6.30607e-14
2 -6.21725e-14
3 -5.96856e-13
37340 3
1 8.17124e-14
2 -4.52971e-14
3 -6.25278e-13
37342 3
1 8.9706e-14
2 -6.39488e-14
3 -6.35936e-13
37344 3
1 8.43769e-14
2 -4.79616e-14
3 -6.50147e-13
37346 3
1 8.9706e-14
2 -3.4639e-14
3 -6.30607e-13
37348 3
1 1.03917e-13
2 -5.24025e-14
3 -6.20837e-13
37350 3
1 1.04805e-13
2 -4.26326e-14
3 -6.33271e-13
37352 3
1 9.41469e-14
2 -3.90799e-14
3 -6.47482e-13
37354 3
1 9.76996e-14
2 -4.44089e-14
3 -6.23501e-13
37356 3
1 8.88178e-14
2 -3.55271e-14
3 -6.17284e-13
37358 3
1 1.03029e-13
2 -2.84217e-14
3 -6.39488e-13
37360 3
1 1.00364e-13
2 -4.08562e-14
3 -6.50147e-13
37362 3
1 8.79297e-14
2 -4.79616e-14
3 -6.11067e-13
37364 3
1 9.76996e-14
2 -4.08562e-14
3 -6.55476e-13
37366 3
1 1.03029e-13
2 -4.26326e-14
3 -6.11067e-13
37368 3
1 9.76996e-14
2 -8.88178e-15
3 -6.37712e-13
37370 3
1 9.41469e-14
2 -2.93099e-14
3 -6.18172e-13
37372 3
1 1.06581e-13
2 -3.9968e-14
3 -6.13731e-13
37374 3
1 8.9706e-14
2 -4.26326e-14
3 -6.41265e-13
37376 3
1 9.59233e-14
2 -3.4639e-14
3 -6.4837e-13
37378 3
1 7.19425e-14
2 -1.77636e-14
3 -6.20837e-13
37380 3
1 9.05942e-14
2 -5.59552e-14
3 -6.00409e-13
37382 3
1 6.39488e-14
2 -3.19744e-14
3 -6.11067e-13
37384 3
1 8.34888e-14
2 -3.90799e-14
3 -6.12843e-13
37386 3
1 1.08358e-13
2 -4.08562e-14
3 -6.14619e-13
37388 3
1 1.01252e-13
2 -4.08562e-14
3 -6.40377e-13
37390 3
1 9.41469e-14
2 -4.79616e-14
3 -6.32383e-13
37392 3
1 8.17124e-14
2 -4.26326e-14
3 -6.43041e-13
37394 3
1 7.99361e-14
2 -4.9738e-14
3 -6.10179e-13
37396 3
1 1.10134e-13
2 -3.55271e-14
3 -6.43929e-13
37398 3
1 8.17124e-14
2 -4.9738e-14
3 -6.0929e-13
37400 3
1 7.63833e-14
2 -2.75335e-14
3 -6.23501e-13
37402 3
1 6.75016e-14
2 -4.70735e-14
3 -6.21725e-13
37404 3
1 9.59233e-14
2 -4.26326e-14
3 -6.19949e-13
37406 3
1 7.99361e-14
2 -3.90799e-14
3 -6.01297e-13
37408 3
1 8.17124e-14
2 -3.28626e-14
3 -6.40377e-13
37410 3
1 7.63833e-14
2 -3.28626e-14
3 -6.53699e-13
37412 3
1 7.63833e-14
2 -3.81917e-14
3 -6.50147e-13
37414 3
1 7.4607e-14
2 -1.24345e-14
3 -6.32383e-13
37416 3
1 7.10543e-14
2 -3.37508e-14
3 -6.4837e-13
37418 3
1 8.88178e-14
2 -5.50671e-14
3 -6.23501e-13
37420 3
1 8.34888e-14
2 -2.4869e-14
3 -6.34159e-13
37422 3
1 8.70415e-14
2 -3.55271e-14
3 -6.20837e-13
37424 3
1 9.41469e-14
2 -1.24345e-14
3 -6.21725e-13
37426 3
1 8.08242e-14
2 -1.95399e-14
3 -6.20837e-13
37428 3
1 1.11022e-13
2 -1.95399e-14
3 -6.02185e-13
37430 3
1 7.99361e-14
2 -3.55271e-14
3 -5.97744e-13
37432 3
1 9.14824e-14
2 -7.10543e-15
3 -6.31495e-13
37434 3
1 9.68114e-14
2 -1.06581e-14
3 -6.2883e-13
37436 3
1 1.11022e-13
2 -2.30926e-14
3 -5.8975e-13
37438 3
1 9.05942e-14
2 -2.84217e-14
3 -5.98632e-13
37440 3
1 8.52651e-14
2 -3.55271e-15
3 -6.06626e-13
37442 3
1 7.63833e-14
2 -2.13163e-14
3 -6.11067e-13
37444 3
1 8.70415e-14
2 -2.4869e-14
3 -5.98632e-13
37446 3
1 9.76996e-14
2 -2.66454e-14
3 -5.91527e-13
37448 3
1 8.88178e-14
2 -3.01981e-14
3 -6.23501e-13
37450 3
1 8.88178e-14
2 -2.93099e-14
3 -6.02185e-13
37452 3
1 9.23706e-14
2 -2.4869e-14
3 -5.96856e-13
37454 3
1 9.76996e-14
2 -2.57572e-14
3 -6.0929e-13
37456 3
1 8.88178e-14
2 -2.04281e-14
3 -6.15508e-13
37458 3
1 9.41469e-14
2 -2.66454e-14
3 -6.01297e-13
37460 3
1 1.01252e-13
2 -2.22045e-14
3 -6.30607e-13
37462 3
1 9.76996e-14
2 -4.9738e-14
3 -5.91527e-13
37464 3
1 1.13687e-13
2 -3.81917e-14
3 -6.02185e-13
37466 3
1 8.88178e-14
2 -9.76996e-15
3 -6.18172e-13
37468 3
1 9.59233e-14
2 -1.77636e-14
3 -5.94191e-13
37470 3
1 9.05942e-14
2 -3.9968e-14
3 -5.8975e-13
37472 3
1 9.76996e-14
2 -3.55271e-14
3 -5.98632e-13
37474 3
1 8.70415e-14
2 1.77636e-15
3 -6.16396e-13
37476 3
1 9.9476e-14
2 -5.59552e-14
3 -5.87974e-13
37478 3
1 8.17124e-14
2 -3.4639e-14
3 -6.40377e-13
37480 3
1 9.05942e-14
2 -3.19744e-14
3 -6.11955e-13
37482 3
1 1.04805e-13
2 -3.10862e-14
3 -5.96856e-13
37484 3
1 8.70415e-14
2 -3.19744e-14
3 -6.18172e-13
37486 3
1 8.52651e-14
2 -2.04281e-14
3 -6.25278e-13
37488 3
1 9.76996e-14
2 -2.30926e-14
3 -6.31495e-13
37490 3
1 1.03029e-13
2 -2.13163e-14
3 -6.10179e-13
37492 3
1 8.88178e-14
2 -7.10543e-15
3 -6.27054e-13
37494 3
1 9.23706e-14
2 -2.66454e-14
3 -6.13731e-13
37496 3
1 8.70415e-14
2 -3.37508e-14
3 -6.07514e-13
37498 3
1 8.52651e-14
2 -3.19744e-14
3 -6.17284e-13
37500 3
1 1.06581e-13
2 -1.77636e-15
3 -5.72875e-13
37502 3
1 8.52651e-14
2 -1.42109e-14
3 -6.25278e-13
37504 3
1 9.76996e-14
2 -2.84217e-14
3 -6.07514e-13
37506 3
1 9.76996e-14
2 -3.64153e-14
3 -5.86198e-13
37508 3
1 9.9476e-14
2 -4.52971e-14
3 -5.88862e-13
37510 3
1 1.04805e-13
2 -4.26326e-14
3 -6.16396e-13
37512 3
1 1.10134e-13
2 -1.42109e-14
3 -5.95968e-13
37514 3
1 8.34888e-14
2 -2.66454e-14
3 -6.03961e-13
37516 3
1 8.17124e-14
2 -1.15463e-14
3 -6.1906e-13
37518 3
1 7.63833e-14
2 -2.30926e-14
3 -6.08402e-13
37520 3
1 9.59233e-14
2 -2.04281e-14
3 -5.9508e-13
37522 3
1 1.01252e-13
2 -8.88178e-15
3 -6.27942e-13
37524 3
1 8.17124e-14
2 -2.66454e-14
3 -6.21725e-13
37526 3
1 9.59233e-14
2 -3.64153e-14
3 -6.06626e-13
37528 3
1 1.03029e-13
2 -4.35207e-14
3 -6.30607e-13
37530 3
1 6.75016e-14
2 -3.10862e-14
3 -5.97744e-13
37532 3
1 7.81597e-14
2 -4.44089e-15
3 -6.22613e-13
37534 3
1 9.23706e-14
2 -2.22045e-14
3 -6.05738e-13
37536 3
1 7.81597e-14
2 -3.37508e-14
3 -6.21725e-13
37538 3
1 7.63833e-14
2 -3.73035e-14
3 -5.9508e-13
37540 3
1 7.28306e-14
2 -1.5099e-14
3 -6.11067e-13
37542 3
1 9.59233e-14
2 -1.86517e-14
3 -5.79092e-13
37544 3
1 6.92779e-14
2 -3.10862e-14
3 -6.0929e-13
37546 3
1 8.70415e-14
2 -9.76996e-15
3 -5.83533e-13
37548 3
1 8.70415e-14
2 -2.39808e-14
3 -6.05738e-13
37550 3
1 7.99361e-14
2 -3.90799e-14
3 -6.07514e-13
37552 3
1 8.52651e-14
2 -9.76996e-15
3 -6.25278e-13
37554 3
1 7.81597e-14
2 -7.99361e-15
3 -6.07514e-13
37556 3
1 9.9476e-14
2 -1.42109e-14
3 -6.19949e-13
37558 3
1 7.4607e-14
2 -3.10862e-14
3 -6.26166e-13
37560 3
1 9.59233e-14
2 -3.01981e-14
3 -5.8531e-13
37562 3
1 6.92779e-14
2 -3.37508e-14
3 -5.87974e-13
37564 3
1 7.28306e-14
2 -4.17444e-14
3 -5.80869e-13
37566 3
1 1.01252e-13
2 -1.5099e-14
3 -5.98632e-13
37568 3
1 9.41469e-14
2 -2.22045e-14
3 -5.96856e-13
37570 3
1 6.75016e-14
2 -2.75335e-14
3 -5.84421e-13
37572 3
1 1.08358e-13
2 -1.5099e-14
3 -5.96856e-13
37574 3
1 7.4607e-14
2 -3.28626e-14
3 -6.03961e-13
37576 3
1 7.81597e-14
2 -1.95399e-14
3 -6.25278e-13
37578 3
1 8.52651e-14
2 -3.9968e-14
3 -6.12843e-13
37580 3
1 7.28306e-14
2 -5.06262e-14
3 -6.41265e-13
37582 3
1 7.28306e-14
2 -3.19744e-14
3 -6.12843e-13
37584 3
1 4.79616e-14
2 0
3 -6.16396e-13
37586 3
1 6.39488e-14
2 -1.95399e-14
3 -5.93303e-13
37588 3
1 8.17124e-14
2 -3.10862e-14
3 -6.0485e-13
37590 3
1 8.70415e-14
2 -2.93099e-14
3 -6.10179e-13
37592 3
1 8.34888e-14
2 -2.13163e-14
3 -6.12843e-13
