# Time-averaged data for fix write_all_momentum
# TimeStep Number-of-rows
# Row c_all_momentum[*]
0 3
1 -1.46549e-14
2 -7.10543e-15
3 -6.39488e-14
2 3
1 -3.10862e-15
2 -2.22045e-14
3 8.88178e-15
4 3
1 -8.88178e-16
2 -2.66454e-14
3 -2.13163e-14
6 3
1 -2.39808e-14
2 7.10543e-15
3 -3.55271e-14
8 3
1 2.04281e-14
2 -3.73035e-14
3 -3.37508e-14
10 3
1 8.88178e-16
2 2.13163e-14
3 3.55271e-15
12 3
1 1.86517e-14
2 -2.84217e-14
3 -2.13163e-14
14 3
1 4.44089e-16
2 -1.15463e-14
3 -3.55271e-14
16 3
1 -4.88498e-15
2 -1.06581e-14
3 -3.73035e-14
18 3
1 -2.04281e-14
2 -2.84217e-14
3 -8.34888e-14
20 3
1 -1.42109e-14
2 -4.08562e-14
3 3.01981e-14
22 3
1 -3.10862e-15
2 -4.9738e-14
3 -1.77636e-14
24 3
1 -9.32587e-15
2 -3.01981e-14
3 -2.30926e-14
26 3
1 2.08722e-14
2 7.10543e-15
3 -1.24345e-14
28 3
1 2.66454e-14
2 -3.73035e-14
3 -2.4869e-14
30 3
1 1.06581e-14
2 -2.84217e-14
3 -3.01981e-14
32 3
1 -1.77636e-15
2 -2.93099e-14
3 -1.77636e-14
34 3
1 -1.95399e-14
2 -3.4639e-14
3 -2.4869e-14
36 3
1 -3.68594e-14
2 -2.4869e-14
3 -5.68434e-14
38 3
1 3.55271e-15
2 1.77636e-15
3 -5.32907e-14
40 3
1 -2.79776e-14
2 -3.01981e-14
3 -3.37508e-14
42 3
1 -4.52971e-14
2 -4.35207e-14
3 3.55271e-15
44 3
1 -1.15463e-14
2 -3.10862e-14
3 -3.55271e-14
46 3
1 -2.39808e-14
2 -6.30607e-14
3 -2.84217e-14
48 3
1 -1.02141e-14
2 -5.15143e-14
3 -1.77636e-14
50 3
1 6.66134e-15
2 -2.4869e-14
3 3.19744e-14
52 3
1 -1.33227e-14
2 -2.13163e-14
3 -2.84217e-14
54 3
1 -1.68754e-14
2 -6.75016e-14
3 -3.55271e-14
56 3
1 1.28786e-14
2 -7.10543e-14
3 -4.44089e-14
58 3
1 -3.55271e-15
2 -6.75016e-14
3 -4.26326e-14
60 3
1 -5.77316e-15
2 -3.28626e-14
3 -8.88178e-15
62 3
1 4.44089e-15
2 -3.19744e-14
3 -5.68434e-14
64 3
1 1.02141e-14
2 -3.81917e-14
3 -6.39488e-14
66 3
1 4.30767e-14
2 -5.32907e-14
3 -5.32907e-14
68 3
1 -2.26485e-14
2 -6.12843e-14
3 -3.90799e-14
70 3
1 -5.32907e-15
2 -6.03961e-14
3 -4.61853e-14
72 3
1 -2.66454e-14
2 -7.4607e-14
3 -5.86198e-14
74 3
1 -1.82077e-14
2 -2.84217e-14
3 -4.79616e-14
76 3
1 -8.43769e-15
2 -2.13163e-14
3 -5.32907e-14
78 3
1 -2.79776e-14
2 8.88178e-16
3 -2.84217e-14
80 3
1 -1.42109e-14
2 -4.9738e-14
3 -1.06581e-14
82 3
1 1.28786e-14
2 -5.9508e-14
3 -3.01981e-14
84 3
1 -1.24345e-14
2 -4.44089e-15
3 -1.77636e-15
86 3
1 -1.73195e-14
2 -4.08562e-14
3 -5.15143e-14
88 3
1 -1.37668e-14
2 -3.01981e-14
3 -4.61853e-14
90 3
1 -4.75175e-14
2 -1.77636e-14
3 -6.03961e-14
92 3
1 8.88178e-16
2 -2.13163e-14
3 -6.21725e-14
94 3
1 -1.33227e-14
2 -3.19744e-14
3 -4.61853e-14
96 3
1 -3.5083e-14
2 -4.52971e-14
3 -4.61853e-14
98 3
1 -1.68754e-14
2 -4.9738e-14
3 -8.34888e-14
100 3
1 -2.39808e-14
2 -1.42109e-14
3 -5.50671e-14
102 3
1 -2.88658e-14
2 -6.21725e-15
3 -4.79616e-14
104 3
1 -4.88498e-15
2 -5.50671e-14
3 -2.66454e-14
106 3
1 -3.28626e-14
2 -5.68434e-14
3 -6.21725e-14
108 3
1 -3.59712e-14
2 -3.90799e-14
3 -3.90799e-14
110 3
1 -5.41789e-14
2 -5.86198e-14
3 -5.68434e-14
112 3
1 3.55271e-15
2 -5.32907e-14
3 -6.21725e-14
114 3
1 -4.44089e-15
2 -7.4607e-14
3 -1.77636e-14
116 3
1 -2.22045e-14
2 6.21725e-15
3 -8.88178e-15
118 3
1 -2.04281e-14
2 -4.70735e-14
3 -6.92779e-14
120 3
1 -4.35207e-14
2 -3.73035e-14
3 -6.39488e-14
122 3
1 -1.59872e-14
2 -5.06262e-14
3 -5.32907e-14
124 3
1 -3.55271e-15
2 -6.30607e-14
3 -4.9738e-14
126 3
1 -3.68594e-14
2 -2.13163e-14
3 -6.03961e-14
128 3
1 5.32907e-15
2 -3.81917e-14
3 -4.44089e-14
130 3
1 -1.73195e-14
2 7.10543e-15
3 -9.05942e-14
132 3
1 -2.66454e-14
2 -3.73035e-14
3 -3.55271e-14
134 3
1 -3.59712e-14
2 -5.50671e-14
3 -3.19744e-14
136 3
1 -3.68594e-14
2 -3.9968e-14
3 -8.70415e-14
138 3
1 1.15463e-14
2 -3.90799e-14
3 -3.37508e-14
140 3
1 -4.70735e-14
2 -8.34888e-14
3 -6.39488e-14
142 3
1 -4.88498e-15
2 -5.32907e-14
3 -1.10134e-13
144 3
1 -2.39808e-14
2 -4.44089e-14
3 -3.19744e-14
146 3
1 1.19904e-14
2 -8.88178e-15
3 -6.03961e-14
148 3
1 2.4869e-14
2 -6.03961e-14
3 -6.21725e-14
150 3
1 -2.30926e-14
2 -3.55271e-14
3 -7.4607e-14
152 3
1 -2.66454e-15
2 -5.24025e-14
3 -1.59872e-14
154 3
1 -3.86358e-14
2 -7.81597e-14
3 -1.95399e-14
156 3
1 -2.35367e-14
2 -5.15143e-14
3 -7.81597e-14
158 3
1 -1.46549e-14
2 -2.66454e-14
3 3.55271e-15
160 3
1 -2.66454e-14
2 -3.37508e-14
3 -1.42109e-14
162 3
1 -1.90958e-14
2 1.59872e-14
3 -7.10543e-15
164 3
1 -8.88178e-15
2 -4.61853e-14
3 -1.59872e-14
166 3
1 -4.88498e-15
2 -5.32907e-15
3 -3.90799e-14
168 3
1 -3.9968e-15
2 -3.73035e-14
3 -4.26326e-14
170 3
1 3.10862e-15
2 -4.44089e-14
3 -6.21725e-14
172 3
1 -3.4639e-14
2 7.10543e-15
3 -5.86198e-14
174 3
1 -2.4869e-14
2 -4.08562e-14
3 -3.19744e-14
176 3
1 -8.88178e-15
2 -3.10862e-14
3 -2.30926e-14
178 3
1 5.32907e-15
2 -6.92779e-14
3 -2.13163e-14
180 3
1 -3.77476e-14
2 -3.01981e-14
3 -5.32907e-14
182 3
1 -2.88658e-14
2 -3.55271e-14
3 -4.79616e-14
184 3
1 1.42109e-14
2 -1.95399e-14
3 -6.75016e-14
186 3
1 -3.86358e-14
2 -1.59872e-14
3 -5.68434e-14
188 3
1 -1.15463e-14
2 -1.86517e-14
3 -2.84217e-14
190 3
1 -1.68754e-14
2 -3.90799e-14
3 -2.84217e-14
192 3
1 -2.66454e-14
2 -6.03961e-14
3 -5.15143e-14
194 3
1 -3.37508e-14
2 -5.15143e-14
3 -1.42109e-14
196 3
1 -2.22045e-14
2 -2.4869e-14
3 -3.73035e-14
198 3
1 -8.88178e-15
2 -2.4869e-14
3 -1.06581e-14
200 3
1 -1.82077e-14
2 -3.55271e-15
3 -4.61853e-14
202 3
1 -1.06581e-14
2 -4.26326e-14
3 1.06581e-14
204 3
1 -1.59872e-14
2 -3.55271e-14
3 -3.73035e-14
206 3
1 -2.57572e-14
2 -4.61853e-14
3 -3.55271e-15
208 3
1 -3.73035e-14
2 -8.34888e-14
3 -5.50671e-14
210 3
1 -2.39808e-14
2 -4.79616e-14
3 -6.39488e-14
212 3
1 -1.06581e-14
2 -1.24345e-14
3 -2.13163e-14
214 3
1 -5.32907e-15
2 -2.84217e-14
3 -2.30926e-14
216 3
1 -3.28626e-14
2 -6.92779e-14
3 7.10543e-15
218 3
1 -5.32907e-14
2 -6.21725e-14
3 -4.08562e-14
220 3
1 -4.44089e-14
2 -8.88178e-15
3 -7.10543e-14
222 3
1 -6.4837e-14
2 -8.17124e-14
3 -8.88178e-15
224 3
1 6.21725e-15
2 -5.06262e-14
3 -7.10543e-14
226 3
1 -3.28626e-14
2 -2.04281e-14
3 -2.4869e-14
228 3
1 -5.15143e-14
2 -7.37188e-14
3 -7.99361e-14
230 3
1 -5.06262e-14
2 -3.01981e-14
3 -1.06581e-14
232 3
1 -5.50671e-14
2 -5.68434e-14
3 -4.26326e-14
234 3
1 -3.19744e-14
2 -1.42109e-14
3 -3.37508e-14
236 3
1 -3.55271e-15
2 -6.92779e-14
3 0
238 3
1 -5.15143e-14
2 -3.19744e-14
3 -1.59872e-14
240 3
1 -3.01981e-14
2 -5.32907e-14
3 -1.24345e-14
242 3
1 -2.75335e-14
2 -3.37508e-14
3 -2.30926e-14
244 3
1 -1.15463e-14
2 -2.84217e-14
3 -2.84217e-14
246 3
1 -3.9968e-14
2 -6.66134e-14
3 1.77636e-15
248 3
1 -5.24025e-14
2 -4.35207e-14
3 -3.55271e-15
250 3
1 -3.90799e-14
2 -1.15463e-14
3 -1.77636e-14
252 3
1 -2.75335e-14
2 -4.79616e-14
3 0
254 3
1 -3.90799e-14
2 -6.21725e-14
3 -7.63833e-14
256 3
1 -1.42109e-14
2 -5.9508e-14
3 -1.95399e-14
258 3
1 4.44089e-15
2 -3.37508e-14
3 -5.15143e-14
260 3
1 -1.5099e-14
2 -2.13163e-14
3 -4.9738e-14
262 3
1 -1.59872e-14
2 -7.28306e-14
3 -2.13163e-14
264 3
1 -4.61853e-14
2 -4.26326e-14
3 -1.42109e-14
266 3
1 -2.04281e-14
2 -6.21725e-14
3 -2.66454e-14
268 3
1 -4.08562e-14
2 -6.03961e-14
3 3.19744e-14
270 3
1 -7.10543e-15
2 -6.03961e-14
3 -1.77636e-14
272 3
1 -1.5099e-14
2 -8.52651e-14
3 -2.4869e-14
274 3
1 5.32907e-15
2 -3.73035e-14
3 -2.66454e-14
276 3
1 -2.66454e-14
2 -8.70415e-14
3 -3.73035e-14
278 3
1 -4.70735e-14
2 -3.01981e-14
3 -8.88178e-15
280 3
1 -1.77636e-14
2 -5.32907e-15
3 -5.32907e-15
282 3
1 -2.4869e-14
2 -7.63833e-14
3 -1.06581e-14
284 3
1 1.5099e-14
2 -6.57252e-14
3 -6.21725e-14
286 3
1 -2.30926e-14
2 -4.61853e-14
3 -1.59872e-14
288 3
1 -2.13163e-14
2 -2.39808e-14
3 -8.52651e-14
290 3
1 -3.9968e-14
2 -2.4869e-14
3 -2.4869e-14
292 3
1 -3.37508e-14
2 -2.66454e-14
3 0
294 3
1 -2.57572e-14
2 -7.4607e-14
3 -2.30926e-14
296 3
1 -2.84217e-14
2 -1.04805e-13
3 -1.42109e-14
298 3
1 -5.77316e-14
2 -4.79616e-14
3 -6.21725e-14
300 3
1 -3.9968e-14
2 -5.50671e-14
3 -4.44089e-14
302 3
1 -3.19744e-14
2 -4.52971e-14
3 -5.50671e-14
304 3
1 -1.42109e-14
2 -2.57572e-14
3 -3.19744e-14
306 3
1 1.42109e-14
2 -1.3145e-13
3 -5.32907e-15
308 3
1 -3.73035e-14
2 -6.21725e-14
3 -3.19744e-14
310 3
1 -3.68594e-14
2 -8.52651e-14
3 4.61853e-14
312 3
1 2.08722e-14
2 -4.9738e-14
3 3.73035e-14
314 3
1 -2.93099e-14
2 -6.92779e-14
3 -6.21725e-14
316 3
1 9.76996e-15
2 -9.59233e-14
3 -1.95399e-14
318 3
1 -4.79616e-14
2 -4.17444e-14
3 -1.95399e-14
320 3
1 -5.24025e-14
2 -7.63833e-14
3 1.42109e-14
322 3
1 -2.66454e-15
2 -9.14824e-14
3 -3.19744e-14
324 3
1 5.32907e-15
2 -4.9738e-14
3 -4.79616e-14
326 3
1 -2.93099e-14
2 -9.9476e-14
3 -1.77636e-15
328 3
1 -1.42109e-14
2 -8.52651e-14
3 -3.55271e-14
330 3
1 -2.22045e-15
2 -8.70415e-14
3 -2.84217e-14
332 3
1 7.10543e-15
2 -1.19904e-13
3 -1.77636e-14
334 3
1 1.95399e-14
2 -8.34888e-14
3 -3.19744e-14
336 3
1 -4.44089e-15
2 -9.76996e-14
3 -5.86198e-14
338 3
1 1.06581e-14
2 -7.28306e-14
3 -5.32907e-15
340 3
1 -1.59872e-14
2 -6.57252e-14
3 -5.32907e-15
342 3
1 -4.30767e-14
2 -1.1191e-13
3 -1.77636e-14
344 3
1 -1.86517e-14
2 1.06581e-14
3 -3.55271e-15
346 3
1 -1.77636e-14
2 -1.1191e-13
3 -4.26326e-14
348 3
1 -5.24025e-14
2 -7.81597e-14
3 -7.63833e-14
350 3
1 -2.75335e-14
2 -8.9706e-14
3 1.42109e-14
352 3
1 -2.4869e-14
2 -5.41789e-14
3 -4.61853e-14
354 3
1 -3.55271e-14
2 -1.06581e-13
3 -1.42109e-14
356 3
1 -3.01981e-14
2 -7.4607e-14
3 -3.90799e-14
358 3
1 -2.13163e-14
2 -1.04805e-13
3 -5.32907e-14
360 3
1 -4.70735e-14
2 -1.01252e-13
3 -4.61853e-14
362 3
1 -1.24345e-14
2 -9.41469e-14
3 -4.9738e-14
364 3
1 -4.61853e-14
2 -8.70415e-14
3 -2.4869e-14
366 3
1 -1.42109e-14
2 -8.88178e-14
3 -5.15143e-14
368 3
1 -4.17444e-14
2 -6.4837e-14
3 -1.59872e-14
370 3
1 -3.55271e-14
2 -1.04805e-13
3 -4.9738e-14
372 3
1 2.66454e-15
2 -7.90479e-14
3 -7.10543e-14
374 3
1 -2.39808e-14
2 -8.52651e-14
3 -4.61853e-14
376 3
1 -6.75016e-14
2 -7.99361e-14
3 -3.90799e-14
378 3
1 -3.01981e-14
2 -6.83897e-14
3 -3.37508e-14
380 3
1 -4.08562e-14
2 -5.06262e-14
3 -2.4869e-14
382 3
1 -4.35207e-14
2 -8.17124e-14
3 -1.06581e-14
384 3
1 -2.66454e-14
2 -8.88178e-14
3 -4.08562e-14
386 3
1 -5.06262e-14
2 -5.86198e-14
3 -3.37508e-14
388 3
1 -3.73035e-14
2 -6.57252e-14
3 -4.44089e-14
390 3
1 -8.88178e-15
2 -9.05942e-14
3 -3.55271e-15
392 3
1 -2.75335e-14
2 -1.24345e-13
3 -2.13163e-14
394 3
1 -1.86517e-14
2 -7.10543e-14
3 -2.4869e-14
396 3
1 -2.57572e-14
2 -8.70415e-14
3 -4.44089e-14
398 3
1 -1.95399e-14
2 -6.57252e-14
3 1.77636e-14
400 3
1 -1.77636e-15
2 -8.08242e-14
3 -6.75016e-14
402 3
1 -3.10862e-14
2 -8.70415e-14
3 -3.19744e-14
404 3
1 -1.95399e-14
2 -7.28306e-14
3 -3.55271e-15
406 3
1 -3.4639e-14
2 -4.08562e-14
3 -6.03961e-14
408 3
1 -5.41789e-14
2 -6.92779e-14
3 -3.19744e-14
410 3
1 -2.22045e-14
2 -4.70735e-14
3 -1.77636e-14
412 3
1 -1.86517e-14
2 -7.19425e-14
3 -5.32907e-15
414 3
1 -6.83897e-14
2 -9.05942e-14
3 1.77636e-15
416 3
1 -4.84057e-14
2 -1.0747e-13
3 -7.10543e-15
418 3
1 -2.22045e-15
2 -8.88178e-14
3 -2.66454e-14
420 3
1 -4.88498e-15
2 -7.81597e-14
3 -3.55271e-15
422 3
1 -4.30767e-14
2 -9.23706e-14
3 1.77636e-14
424 3
1 -4.75175e-14
2 -7.54952e-14
3 -2.84217e-14
426 3
1 -2.93099e-14
2 -9.23706e-14
3 -1.24345e-14
428 3
1 -4.30767e-14
2 -6.4837e-14
3 2.84217e-14
430 3
1 -4.79616e-14
2 -2.4869e-14
3 -2.84217e-14
432 3
1 -3.15303e-14
2 -8.88178e-14
3 -7.10543e-15
434 3
1 -7.81597e-14
2 -6.66134e-14
3 -4.08562e-14
436 3
1 -3.64153e-14
2 -4.79616e-14
3 -2.13163e-14
438 3
1 -4.08562e-14
2 -4.61853e-14
3 2.4869e-14
440 3
1 -2.75335e-14
2 -5.68434e-14
3 1.77636e-14
442 3
1 -3.73035e-14
2 -6.39488e-14
3 4.26326e-14
444 3
1 -6.4837e-14
2 -7.10543e-14
3 -1.77636e-15
446 3
1 -7.99361e-15
2 -7.99361e-14
3 -3.19744e-14
448 3
1 -6.66134e-15
2 -6.4837e-14
3 3.19744e-14
450 3
1 -7.54952e-15
2 -7.63833e-14
3 -7.10543e-15
452 3
1 -5.32907e-15
2 -6.83897e-14
3 1.59872e-14
454 3
1 1.15463e-14
2 -7.63833e-14
3 2.4869e-14
456 3
1 -1.42109e-14
2 -3.4639e-14
3 -3.19744e-14
458 3
1 1.06581e-14
2 -8.26006e-14
3 -1.77636e-14
460 3
1 -3.41949e-14
2 -8.70415e-14
3 1.95399e-14
462 3
1 -2.9754e-14
2 -8.61533e-14
3 6.03961e-14
464 3
1 -3.10862e-15
2 -6.39488e-14
3 -2.13163e-14
466 3
1 -1.42109e-14
2 -7.10543e-14
3 3.01981e-14
468 3
1 -1.11022e-14
2 -9.32587e-14
3 -1.77636e-14
470 3
1 -3.01981e-14
2 -4.79616e-14
3 -4.26326e-14
472 3
1 9.76996e-15
2 -5.59552e-14
3 -1.42109e-14
474 3
1 -3.64153e-14
2 -1.15463e-13
3 0
476 3
1 -7.54952e-15
2 -7.10543e-14
3 -3.55271e-15
478 3
1 -2.57572e-14
2 -1.19016e-13
3 -8.88178e-15
480 3
1 -5.72875e-14
2 -6.83897e-14
3 -5.32907e-15
482 3
1 -3.41949e-14
2 -1.06581e-13
3 -3.19744e-14
484 3
1 -2.93099e-14
2 -8.34888e-14
3 2.4869e-14
486 3
1 -6.12843e-14
2 -8.34888e-14
3 1.06581e-14
488 3
1 -3.33067e-14
2 -7.10543e-14
3 2.4869e-14
490 3
1 -4.75175e-14
2 -4.26326e-14
3 3.37508e-14
492 3
1 -1.77636e-14
2 -4.52971e-14
3 3.19744e-14
494 3
1 -6.03961e-14
2 -3.64153e-14
3 3.19744e-14
496 3
1 -1.95399e-14
2 -6.75016e-14
3 2.84217e-14
498 3
1 -3.9968e-14
2 -3.73035e-14
3 -1.77636e-14
500 3
1 -3.68594e-14
2 -7.19425e-14
3 -8.88178e-15
502 3
1 -4.39648e-14
2 -3.90799e-14
3 1.77636e-14
504 3
1 4.88498e-15
2 -1.2701e-13
3 3.90799e-14
506 3
1 -3.10862e-14
2 -1.06581e-13
3 -3.90799e-14
508 3
1 -1.02141e-14
2 -7.63833e-14
3 -7.10543e-15
510 3
1 -5.24025e-14
2 -5.9508e-14
3 2.84217e-14
512 3
1 -2.84217e-14
2 -2.84217e-14
3 -3.37508e-14
514 3
1 -5.15143e-14
2 -4.79616e-14
3 -2.13163e-14
516 3
1 1.42109e-14
2 -5.15143e-14
3 -1.24345e-14
518 3
1 -4.44089e-15
2 -5.86198e-14
3 1.77636e-14
520 3
1 -1.11022e-14
2 -3.4639e-14
3 1.24345e-14
522 3
1 -5.63993e-14
2 -5.50671e-14
3 -4.26326e-14
524 3
1 -2.35367e-14
2 -3.73035e-14
3 1.95399e-14
526 3
1 -3.10862e-14
2 -4.79616e-14
3 1.59872e-14
528 3
1 -6.12843e-14
2 -4.26326e-14
3 -7.10543e-15
530 3
1 -2.17604e-14
2 -8.88178e-15
3 -6.39488e-14
532 3
1 -3.73035e-14
2 -6.39488e-14
3 -4.26326e-14
534 3
1 -4.13003e-14
2 -5.86198e-14
3 -4.44089e-14
536 3
1 -7.72715e-14
2 -5.41789e-14
3 -4.61853e-14
538 3
1 -1.28786e-14
2 -7.10543e-15
3 -1.06581e-14
540 3
1 -2.66454e-14
2 -7.99361e-15
3 2.84217e-14
542 3
1 -3.24185e-14
2 -8.34888e-14
3 -2.66454e-14
544 3
1 -4.44089e-15
2 -7.37188e-14
3 -4.9738e-14
546 3
1 -3.28626e-14
2 -8.17124e-14
3 -7.10543e-15
548 3
1 -7.10543e-15
2 -9.59233e-14
3 -1.59872e-14
550 3
1 -2.57572e-14
2 -2.84217e-14
3 -3.73035e-14
552 3
1 2.66454e-15
2 -7.72715e-14
3 -6.39488e-14
554 3
1 8.88178e-16
2 -8.88178e-15
3 -1.24345e-14
556 3
1 1.11022e-14
2 -4.88498e-14
3 2.13163e-14
558 3
1 -2.62013e-14
2 -7.10543e-14
3 -3.19744e-14
560 3
1 -1.15463e-14
2 -5.06262e-14
3 -4.9738e-14
562 3
1 -1.55431e-14
2 -8.34888e-14
3 1.06581e-14
564 3
1 -2.66454e-14
2 -6.92779e-14
3 7.10543e-15
566 3
1 -8.88178e-15
2 -1.77636e-14
3 -7.10543e-15
568 3
1 -3.73035e-14
2 -4.79616e-14
3 -1.06581e-14
570 3
1 -2.9754e-14
2 -2.57572e-14
3 -4.9738e-14
572 3
1 -3.77476e-14
2 -6.75016e-14
3 -5.50671e-14
574 3
1 -4.13003e-14
2 -1.95399e-14
3 -2.30926e-14
576 3
1 -3.59712e-14
2 -1.77636e-15
3 3.37508e-14
578 3
1 -4.9738e-14
2 -2.4869e-14
3 -1.24345e-14
580 3
1 -5.81757e-14
2 -2.13163e-14
3 -3.55271e-14
582 3
1 -3.24185e-14
2 0
3 -1.95399e-14
584 3
1 -8.34888e-14
2 1.86517e-14
3 -1.95399e-14
586 3
1 -2.9754e-14
2 -8.88178e-15
3 -3.37508e-14
588 3
1 -6.66134e-14
2 -4.44089e-14
3 -2.66454e-14
590 3
1 -7.10543e-15
2 -3.01981e-14
3 -1.77636e-15
592 3
1 -6.66134e-14
2 -8.88178e-15
3 -3.55271e-14
594 3
1 -5.50671e-14
2 -1.06581e-14
3 -8.88178e-15
596 3
1 -7.37188e-14
2 -4.26326e-14
3 1.59872e-14
598 3
1 -3.19744e-14
2 1.77636e-15
3 -7.10543e-15
600 3
1 -1.9984e-14
2 -4.52971e-14
3 -5.50671e-14
602 3
1 -1.82077e-14
2 -7.99361e-15
3 -1.42109e-14
604 3
1 -4.79616e-14
2 -5.59552e-14
3 -4.26326e-14
606 3
1 -4.35207e-14
2 -1.06581e-14
3 -3.55271e-14
608 3
1 3.9968e-15
2 -1.95399e-14
3 -3.73035e-14
610 3
1 -4.79616e-14
2 -5.41789e-14
3 1.77636e-15
612 3
1 -1.86517e-14
2 -3.73035e-14
3 -2.84217e-14
614 3
1 -2.22045e-14
2 -5.59552e-14
3 -1.24345e-14
616 3
1 -4.44089e-14
2 -1.59872e-14
3 -3.01981e-14
618 3
1 -5.9508e-14
2 -1.77636e-14
3 -1.77636e-14
620 3
1 -3.15303e-14
2 -4.44089e-14
3 -2.4869e-14
622 3
1 -2.04281e-14
2 -1.59872e-14
3 -3.37508e-14
624 3
1 -7.99361e-14
2 -7.10543e-14
3 -3.90799e-14
626 3
1 -3.86358e-14
2 -3.19744e-14
3 -5.50671e-14
628 3
1 -3.86358e-14
2 -3.10862e-14
3 -4.08562e-14
630 3
1 -4.44089e-14
2 -5.86198e-14
3 -1.06581e-14
632 3
1 -2.66454e-15
2 -4.35207e-14
3 -6.21725e-14
634 3
1 -4.04121e-14
2 -4.61853e-14
3 -5.32907e-14
636 3
1 -1.28786e-14
2 -4.08562e-14
3 -6.57252e-14
638 3
1 -2.84217e-14
2 -3.90799e-14
3 -2.13163e-14
640 3
1 -3.9968e-15
2 -2.39808e-14
3 -4.44089e-14
642 3
1 -5.81757e-14
2 -4.70735e-14
3 -4.79616e-14
644 3
1 1.28786e-14
2 -7.10543e-15
3 -1.77636e-14
646 3
1 -3.01981e-14
2 -5.06262e-14
3 -8.17124e-14
648 3
1 -3.01981e-14
2 -7.90479e-14
3 -1.95399e-14
650 3
1 -2.62013e-14
2 -5.15143e-14
3 -4.61853e-14
652 3
1 -4.39648e-14
2 -5.24025e-14
3 -1.06581e-14
654 3
1 -9.19265e-14
2 -1.68754e-14
3 -5.32907e-14
656 3
1 -4.79616e-14
2 -3.37508e-14
3 -8.52651e-14
658 3
1 -5.4623e-14
2 -3.55271e-14
3 -3.01981e-14
660 3
1 -1.33227e-14
2 -2.04281e-14
3 -4.08562e-14
662 3
1 -3.24185e-14
2 -1.86517e-14
3 1.77636e-14
664 3
1 -3.59712e-14
2 -3.73035e-14
3 -5.50671e-14
666 3
1 -6.39488e-14
2 -3.9968e-14
3 -5.68434e-14
668 3
1 -2.35367e-14
2 -4.79616e-14
3 -2.13163e-14
670 3
1 -4.57412e-14
2 -6.21725e-14
3 -1.06581e-14
672 3
1 -1.02141e-14
2 -5.32907e-15
3 -1.42109e-14
674 3
1 -2.13163e-14
2 1.77636e-15
3 -2.66454e-14
676 3
1 -1.9984e-14
2 -8.88178e-16
3 -6.75016e-14
678 3
1 -3.81917e-14
2 -8.88178e-16
3 -8.17124e-14
680 3
1 -2.53131e-14
2 1.5099e-14
3 -2.30926e-14
682 3
1 -6.12843e-14
2 -5.32907e-15
3 -4.9738e-14
684 3
1 -1.15463e-14
2 -1.86517e-14
3 7.10543e-15
686 3
1 -3.37508e-14
2 -5.9508e-14
3 -2.4869e-14
688 3
1 -3.55271e-14
2 -1.86517e-14
3 -6.75016e-14
690 3
1 -2.88658e-14
2 -3.55271e-14
3 0
692 3
1 -2.30926e-14
2 -1.77636e-14
3 -1.77636e-14
694 3
1 -2.9754e-14
2 -3.37508e-14
3 -4.79616e-14
696 3
1 -3.95239e-14
2 -4.79616e-14
3 -6.39488e-14
698 3
1 -4.08562e-14
2 -2.4869e-14
3 -5.15143e-14
700 3
1 -4.13003e-14
2 -5.77316e-14
3 -3.19744e-14
702 3
1 -1.02141e-14
2 -3.01981e-14
3 -5.32907e-15
704 3
1 -4.08562e-14
2 -3.81917e-14
3 -3.19744e-14
706 3
1 -3.37508e-14
2 1.33227e-14
3 -3.37508e-14
708 3
1 -4.79616e-14
2 -1.42109e-14
3 -1.1191e-13
710 3
1 -4.61853e-14
2 -3.10862e-14
3 2.4869e-14
712 3
1 -3.81917e-14
2 -4.9738e-14
3 -1.06581e-14
714 3
1 -6.26166e-14
2 -2.30926e-14
3 -1.59872e-14
716 3
1 -4.88498e-15
2 -3.55271e-14
3 -2.66454e-14
718 3
1 -2.79776e-14
2 -3.73035e-14
3 -3.19744e-14
720 3
1 -2.75335e-14
2 -3.01981e-14
3 -3.01981e-14
722 3
1 1.11022e-14
2 -1.95399e-14
3 -2.13163e-14
724 3
1 -7.99361e-15
2 -2.57572e-14
3 1.77636e-15
726 3
1 -1.46549e-14
2 -4.9738e-14
3 -4.26326e-14
728 3
1 1.5099e-14
2 -3.10862e-14
3 -4.44089e-14
730 3
1 -1.86517e-14
2 -2.30926e-14
3 -6.75016e-14
732 3
1 -2.84217e-14
2 -2.57572e-14
3 -6.39488e-14
734 3
1 6.21725e-15
2 -3.19744e-14
3 -2.4869e-14
736 3
1 -4.30767e-14
2 -3.01981e-14
3 -1.06581e-14
738 3
1 -2.22045e-14
2 -6.39488e-14
3 -7.10543e-14
740 3
1 -3.55271e-15
2 -1.95399e-14
3 -1.24345e-14
742 3
1 -1.90958e-14
2 -3.01981e-14
3 -8.88178e-14
744 3
1 -3.81917e-14
2 5.32907e-15
3 1.77636e-15
746 3
1 -2.84217e-14
2 -8.88178e-15
3 -8.88178e-14
748 3
1 -4.88498e-14
2 -2.66454e-14
3 -6.21725e-14
750 3
1 -2.57572e-14
2 5.32907e-15
3 -3.90799e-14
752 3
1 1.33227e-15
2 1.77636e-15
3 -3.55271e-14
754 3
1 2.22045e-15
2 1.06581e-14
3 -4.61853e-14
756 3
1 -2.17604e-14
2 -4.08562e-14
3 -7.81597e-14
758 3
1 -4.13003e-14
2 -2.66454e-14
3 -6.75016e-14
760 3
1 2.79776e-14
2 -1.42109e-14
3 -7.99361e-14
762 3
1 -2.44249e-14
2 2.66454e-15
3 -5.50671e-14
764 3
1 -2.79776e-14
2 -8.88178e-16
3 -6.75016e-14
766 3
1 -1.95399e-14
2 7.10543e-15
3 -2.84217e-14
768 3
1 -1.33227e-15
2 -3.55271e-15
3 -7.4607e-14
770 3
1 -3.37508e-14
2 3.19744e-14
3 -5.50671e-14
772 3
1 -3.73035e-14
2 -2.66454e-15
3 -7.10543e-14
774 3
1 -2.4869e-14
2 -2.66454e-15
3 -5.50671e-14
776 3
1 0
2 -1.42109e-14
3 -7.81597e-14
778 3
1 -6.30607e-14
2 -4.17444e-14
3 -2.84217e-14
780 3
1 -3.73035e-14
2 -1.5099e-14
3 -5.86198e-14
782 3
1 -7.99361e-15
2 -2.84217e-14
3 -4.9738e-14
784 3
1 -6.4837e-14
2 -5.86198e-14
3 -7.10543e-15
786 3
1 -3.01981e-14
2 -1.33227e-14
3 -3.90799e-14
788 3
1 -3.81917e-14
2 -7.01661e-14
3 -5.32907e-14
790 3
1 -5.15143e-14
2 -2.75335e-14
3 -5.15143e-14
792 3
1 -2.66454e-14
2 -3.64153e-14
3 -1.24345e-14
794 3
1 -2.04281e-14
2 3.28626e-14
3 -3.37508e-14
796 3
1 -4.9738e-14
2 -3.90799e-14
3 -8.17124e-14
798 3
1 -3.73035e-14
2 -7.10543e-15
3 -3.90799e-14
800 3
1 -3.19744e-14
2 -1.06581e-14
3 -4.79616e-14
802 3
1 -1.55431e-14
2 -4.08562e-14
3 -7.4607e-14
804 3
1 -4.61853e-14
2 -3.01981e-14
3 -1.77636e-14
806 3
1 -4.04121e-14
2 -3.28626e-14
3 -7.28306e-14
808 3
1 -2.13163e-14
2 -5.15143e-14
3 -7.99361e-14
810 3
1 -3.90799e-14
2 -7.99361e-15
3 -5.50671e-14
812 3
1 -1.86517e-14
2 -8.88178e-15
3 -3.01981e-14
814 3
1 -2.22045e-14
2 -1.77636e-14
3 -1.24345e-14
816 3
1 -5.41789e-14
2 -3.19744e-14
3 -6.57252e-14
818 3
1 -5.50671e-14
2 -1.77636e-15
3 -3.37508e-14
820 3
1 -4.79616e-14
2 -4.88498e-14
3 -6.75016e-14
822 3
1 -3.37508e-14
2 -3.19744e-14
3 0
824 3
1 -5.59552e-14
2 9.76996e-15
3 -6.39488e-14
826 3
1 -5.32907e-14
2 6.21725e-15
3 -1.95399e-14
828 3
1 -4.17444e-14
2 2.13163e-14
3 -8.52651e-14
830 3
1 -3.4639e-14
2 -1.42109e-14
3 -7.81597e-14
832 3
1 -9.76996e-15
2 -1.33227e-14
3 -7.4607e-14
834 3
1 -2.84217e-14
2 2.66454e-15
3 -3.55271e-14
836 3
1 -1.33227e-14
2 1.06581e-14
3 -6.57252e-14
838 3
1 -3.55271e-15
2 7.99361e-15
3 -8.88178e-14
840 3
1 -1.9984e-14
2 -1.77636e-15
3 -8.34888e-14
842 3
1 -4.30767e-14
2 -8.88178e-16
3 -9.05942e-14
844 3
1 -2.53131e-14
2 -1.33227e-14
3 -7.63833e-14
846 3
1 -1.24345e-14
2 -6.21725e-15
3 -6.03961e-14
848 3
1 -7.54952e-14
2 -3.10862e-14
3 -6.21725e-14
850 3
1 -4.17444e-14
2 -1.15463e-14
3 -7.81597e-14
852 3
1 -3.55271e-14
2 0
3 -4.61853e-14
854 3
1 -5.06262e-14
2 -1.95399e-14
3 -1.06581e-13
856 3
1 -2.04281e-14
2 -3.37508e-14
3 -7.99361e-14
858 3
1 -3.90799e-14
2 -1.77636e-14
3 -9.23706e-14
860 3
1 -3.55271e-14
2 -2.66454e-15
3 -7.99361e-14
862 3
1 -3.64153e-14
2 -4.88498e-15
3 -4.26326e-14
864 3
1 -5.10703e-14
2 -1.59872e-14
3 -2.4869e-14
866 3
1 -4.61853e-14
2 -3.5083e-14
3 -6.39488e-14
868 3
1 -5.06262e-14
2 -3.9968e-15
3 -7.4607e-14
870 3
1 -1.68754e-14
2 -2.4869e-14
3 -9.05942e-14
872 3
1 -2.57572e-14
2 -2.22045e-14
3 -9.76996e-14
874 3
1 -3.9968e-14
2 -1.77636e-15
3 -8.17124e-14
876 3
1 -5.77316e-14
2 -3.77476e-14
3 -5.68434e-14
878 3
1 -2.39808e-14
2 -4.88498e-15
3 -6.75016e-14
880 3
1 -5.06262e-14
2 -4.21885e-14
3 -9.59233e-14
882 3
1 -2.39808e-14
2 -3.64153e-14
3 -7.63833e-14
884 3
1 -1.68754e-14
2 -9.76996e-15
3 -9.41469e-14
886 3
1 -1.06581e-14
2 3.9968e-15
3 -7.4607e-14
888 3
1 -4.9738e-14
2 -3.15303e-14
3 -1.10134e-13
890 3
1 -2.66454e-15
2 -4.44089e-16
3 -1.10134e-13
892 3
1 -3.10862e-14
2 -2.53131e-14
3 -7.99361e-14
894 3
1 -3.37508e-14
2 -5.77316e-14
3 -7.4607e-14
896 3
1 -1.59872e-14
2 -2.22045e-14
3 -9.41469e-14
898 3
1 -5.50671e-14
2 -9.76996e-15
3 -6.39488e-14
900 3
1 -7.99361e-15
2 -1.95399e-14
3 -8.88178e-14
902 3
1 -1.86517e-14
2 1.42109e-14
3 -1.01252e-13
904 3
1 -4.70735e-14
2 -1.33227e-15
3 -5.86198e-14
906 3
1 -5.32907e-15
2 -5.19584e-14
3 -6.75016e-14
908 3
1 -7.01661e-14
2 2.22045e-15
3 -4.61853e-14
910 3
1 -4.9738e-14
2 -4.44089e-15
3 -4.08562e-14
912 3
1 -5.77316e-14
2 7.10543e-15
3 -1.35003e-13
914 3
1 -2.93099e-14
2 -2.62013e-14
3 -7.99361e-14
916 3
1 -9.76996e-15
2 2.79776e-14
3 -7.81597e-14
918 3
1 -2.57572e-14
2 -2.53131e-14
3 -9.9476e-14
920 3
1 -6.21725e-14
2 1.33227e-14
3 -5.86198e-14
922 3
1 -3.10862e-14
2 2.08722e-14
3 -5.50671e-14
924 3
1 -2.84217e-14
2 -5.37348e-14
3 -9.41469e-14
926 3
1 -1.33227e-14
2 -4.08562e-14
3 -8.52651e-14
928 3
1 -3.73035e-14
2 -3.55271e-15
3 -5.15143e-14
930 3
1 -1.33227e-14
2 7.10543e-15
3 -8.34888e-14
932 3
1 -1.77636e-14
2 7.10543e-15
3 -7.4607e-14
934 3
1 -2.57572e-14
2 -6.66134e-15
3 -8.70415e-14
936 3
1 -7.99361e-15
2 -5.9952e-14
3 -8.52651e-14
938 3
1 -1.95399e-14
2 -3.55271e-14
3 -5.32907e-14
940 3
1 -7.99361e-15
2 8.88178e-16
3 -6.03961e-14
942 3
1 -4.26326e-14
2 -4.88498e-15
3 -6.39488e-14
944 3
1 1.42109e-14
2 1.42109e-14
3 -7.4607e-14
946 3
1 -3.73035e-14
2 -3.10862e-14
3 -5.32907e-14
948 3
1 1.06581e-14
2 -1.64313e-14
3 -7.99361e-14
950 3
1 8.88178e-16
2 -4.04121e-14
3 -8.17124e-14
952 3
1 -3.55271e-15
2 -1.77636e-14
3 -4.44089e-14
954 3
1 2.30926e-14
2 -4.70735e-14
3 -8.70415e-14
956 3
1 -2.66454e-15
2 1.64313e-14
3 -7.28306e-14
958 3
1 -2.84217e-14
2 -4.52971e-14
3 -7.28306e-14
960 3
1 -5.06262e-14
2 -1.77636e-14
3 -7.28306e-14
962 3
1 6.21725e-15
2 -2.04281e-14
3 -9.23706e-14
964 3
1 -3.01981e-14
2 1.9984e-14
3 -4.44089e-14
966 3
1 -1.06581e-14
2 -1.73195e-14
3 -8.34888e-14
968 3
1 5.32907e-15
2 1.55431e-14
3 -9.59233e-14
970 3
1 -2.57572e-14
2 -6.66134e-15
3 -6.03961e-14
972 3
1 6.21725e-15
2 -2.35367e-14
3 -5.15143e-14
974 3
1 -1.5099e-14
2 -1.46549e-14
3 -9.59233e-14
976 3
1 -3.01981e-14
2 -1.15463e-14
3 -1.45661e-13
978 3
1 0
2 -2.4869e-14
3 -4.44089e-14
980 3
1 -7.10543e-15
2 8.43769e-15
3 -7.81597e-14
982 3
1 1.42109e-14
2 -2.57572e-14
3 -6.03961e-14
984 3
1 1.68754e-14
2 -9.32587e-15
3 -8.70415e-14
986 3
1 -4.61853e-14
2 1.64313e-14
3 -3.55271e-14
988 3
1 -1.59872e-14
2 3.10862e-15
3 -6.57252e-14
990 3
1 5.32907e-15
2 -9.76996e-15
3 -6.57252e-14
992 3
1 -3.55271e-15
2 -6.30607e-14
3 -7.81597e-14
994 3
1 4.44089e-15
2 4.44089e-15
3 -4.9738e-14
996 3
1 -1.42109e-14
2 -1.64313e-14
3 -9.9476e-14
998 3
1 -5.32907e-15
2 -3.19744e-14
3 -5.32907e-14
1000 3
1 1.5099e-14
2 -4.52971e-14
3 -1.77636e-14
1002 3
1 7.10543e-15
2 -6.66134e-15
3 -2.13163e-14
1004 3
1 -1.59872e-14
2 -7.10543e-15
3 -8.52651e-14
1006 3
1 -2.04281e-14
2 -2.9754e-14
3 -8.70415e-14
1008 3
1 -5.32907e-15
2 -3.90799e-14
3 -5.68434e-14
1010 3
1 -1.59872e-14
2 -2.22045e-14
3 -7.81597e-14
1012 3
1 -2.66454e-14
2 -2.22045e-15
3 -4.08562e-14
1014 3
1 -4.17444e-14
2 5.77316e-15
3 -3.73035e-14
1016 3
1 -2.66454e-14
2 -2.30926e-14
3 -1.01252e-13
1018 3
1 -1.59872e-14
2 -4.44089e-16
3 -6.39488e-14
1020 3
1 -8.88178e-16
2 -1.02141e-14
3 -7.28306e-14
1022 3
1 -6.75016e-14
2 1.06581e-14
3 -9.59233e-14
1024 3
1 -3.64153e-14
2 2.79776e-14
3 -5.86198e-14
1026 3
1 -4.04121e-14
2 9.32587e-15
3 -7.4607e-14
1028 3
1 -3.19744e-14
2 -2.53131e-14
3 -1.33227e-13
1030 3
1 -5.06262e-14
2 -4.88498e-15
3 -1.08358e-13
1032 3
1 -5.06262e-14
2 -2.9754e-14
3 -6.39488e-14
1034 3
1 -2.79776e-14
2 7.99361e-15
3 -9.59233e-14
1036 3
1 4.44089e-15
2 -1.77636e-15
3 -8.17124e-14
1038 3
1 -3.41949e-14
2 1.42109e-14
3 -1.10134e-13
1040 3
1 -3.9968e-14
2 -2.62013e-14
3 -9.05942e-14
1042 3
1 -4.79616e-14
2 -1.95399e-14
3 -9.76996e-14
1044 3
1 -2.39808e-14
2 -1.33227e-15
3 -8.88178e-14
1046 3
1 7.99361e-15
2 -2.79776e-14
3 -6.92779e-14
1048 3
1 -1.59872e-14
2 -3.24185e-14
3 -6.57252e-14
1050 3
1 -4.44089e-14
2 -3.10862e-14
3 -9.76996e-14
1052 3
1 -1.77636e-14
2 -2.13163e-14
3 -1.52767e-13
1054 3
1 -2.84217e-14
2 -1.37668e-14
3 -1.19016e-13
1056 3
1 -3.73035e-14
2 1.86517e-14
3 -9.05942e-14
1058 3
1 -2.39808e-14
2 7.54952e-15
3 -6.03961e-14
1060 3
1 -3.73035e-14
2 -1.19904e-14
3 -1.03029e-13
1062 3
1 9.76996e-15
2 -4.13003e-14
3 -9.05942e-14
1064 3
1 -3.9968e-14
2 4.44089e-16
3 -9.9476e-14
1066 3
1 -2.30926e-14
2 -2.57572e-14
3 -8.88178e-14
1068 3
1 -2.39808e-14
2 -2.39808e-14
3 -5.68434e-14
1070 3
1 -3.64153e-14
2 -3.33067e-14
3 -9.41469e-14
1072 3
1 -3.73035e-14
2 8.88178e-16
3 -1.03029e-13
1074 3
1 -4.9738e-14
2 -5.59552e-14
3 -9.9476e-14
1076 3
1 -4.61853e-14
2 -2.22045e-14
3 -1.19016e-13
1078 3
1 -2.13163e-14
2 -6.21725e-14
3 -9.59233e-14
1080 3
1 -5.50671e-14
2 -6.92779e-14
3 -5.32907e-14
1082 3
1 -2.22045e-14
2 -3.55271e-14
3 -1.27898e-13
1084 3
1 -7.01661e-14
2 -6.08402e-14
3 -7.28306e-14
1086 3
1 -4.88498e-14
2 -2.08722e-14
3 -6.03961e-14
1088 3
1 -5.06262e-14
2 -7.10543e-14
3 -2.84217e-14
1090 3
1 -5.68434e-14
2 -5.9508e-14
3 -1.04805e-13
1092 3
1 -3.64153e-14
2 -5.9952e-14
3 -9.76996e-14
1094 3
1 -5.9508e-14
2 -2.66454e-14
3 -8.34888e-14
1096 3
1 -6.39488e-14
2 -9.76996e-15
3 -7.63833e-14
1098 3
1 -3.81917e-14
2 -4.61853e-14
3 -7.63833e-14
1100 3
1 5.32907e-15
2 -3.10862e-14
3 -1.01252e-13
1102 3
1 -2.84217e-14
2 -4.75175e-14
3 -6.21725e-14
1104 3
1 -1.33227e-14
2 -1.9984e-14
3 -6.21725e-14
1106 3
1 -4.44089e-14
2 -7.99361e-15
3 -1.08358e-13
1108 3
1 -4.52971e-14
2 -4.17444e-14
3 -1.03029e-13
1110 3
1 -2.66454e-14
2 -2.02061e-14
3 -1.42109e-13
1112 3
1 -3.10862e-14
2 -1.13243e-14
3 -6.39488e-14
1114 3
1 -2.13163e-14
2 -2.04281e-14
3 -1.04805e-13
1116 3
1 -2.22045e-14
2 -8.88178e-15
3 -8.52651e-14
1118 3
1 -2.57572e-14
2 -1.9984e-14
3 -4.08562e-14
1120 3
1 -7.63833e-14
2 -1.75415e-14
3 -8.34888e-14
1122 3
1 -5.9508e-14
2 -4.44089e-16
3 -1.77636e-14
1124 3
1 -6.21725e-14
2 -4.30767e-14
3 -5.50671e-14
1126 3
1 -5.32907e-14
2 -8.88178e-15
3 -1.01252e-13
1128 3
1 -3.90799e-14
2 4.30767e-14
3 -1.33227e-13
1130 3
1 -1.95399e-14
2 -4.79616e-14
3 -1.10134e-13
1132 3
1 -7.10543e-14
2 -4.15223e-14
3 -8.88178e-14
1134 3
1 -3.10862e-14
2 4.88498e-15
3 -1.08358e-13
1136 3
1 -7.63833e-14
2 -1.9984e-14
3 -3.01981e-14
1138 3
1 -5.9508e-14
2 -1.55431e-14
3 -6.57252e-14
1140 3
1 -4.70735e-14
2 1.37668e-14
3 -7.81597e-14
1142 3
1 -3.90799e-14
2 -2.84217e-14
3 -6.03961e-14
1144 3
1 -6.30607e-14
2 -4.79616e-14
3 -9.9476e-14
1146 3
1 -4.26326e-14
2 -5.32907e-14
3 -9.41469e-14
1148 3
1 -4.70735e-14
2 -4.44089e-16
3 -8.52651e-14
1150 3
1 -3.90799e-14
2 -8.21565e-15
3 -1.04805e-13
1152 3
1 -2.93099e-14
2 -4.9738e-14
3 -1.42109e-14
1154 3
1 -5.06262e-14
2 9.76996e-15
3 -9.9476e-14
1156 3
1 -3.55271e-15
2 0
3 -6.21725e-14
1158 3
1 -6.21725e-14
2 5.10703e-15
3 -9.05942e-14
1160 3
1 -2.66454e-14
2 -8.88178e-15
3 -8.17124e-14
1162 3
1 -4.70735e-14
2 4.88498e-15
3 -1.20792e-13
1164 3
1 -8.34888e-14
2 -3.01981e-14
3 -1.06581e-13
1166 3
1 -3.10862e-14
2 -1.19904e-14
3 -2.84217e-14
1168 3
1 -3.55271e-14
2 -4.61853e-14
3 -8.17124e-14
1170 3
1 -5.9508e-14
2 6.21725e-15
3 -7.10543e-14
1172 3
1 -3.01981e-14
2 -7.77156e-15
3 -3.01981e-14
1174 3
1 -3.9968e-14
2 -3.68594e-14
3 -4.79616e-14
1176 3
1 -4.52971e-14
2 8.88178e-16
3 -6.03961e-14
1178 3
1 -4.61853e-14
2 -2.66454e-14
3 -9.23706e-14
1180 3
1 -5.86198e-14
2 -1.55431e-14
3 -9.9476e-14
1182 3
1 -6.4837e-14
2 -5.24025e-14
3 -9.41469e-14
1184 3
1 -3.9968e-14
2 -1.33227e-14
3 -6.39488e-14
1186 3
1 -5.59552e-14
2 -2.30926e-14
3 -9.05942e-14
1188 3
1 -7.4607e-14
2 -4.19664e-14
3 -1.03029e-13
1190 3
1 -6.57252e-14
2 6.21725e-15
3 -7.28306e-14
1192 3
1 -7.72715e-14
2 -1.33227e-15
3 -5.68434e-14
1194 3
1 -5.15143e-14
2 -2.93099e-14
3 -1.35003e-13
1196 3
1 -4.08562e-14
2 2.88658e-14
3 -9.05942e-14
1198 3
1 -5.77316e-14
2 -3.53051e-14
3 -1.15463e-13
1200 3
1 -3.01981e-14
2 6.43929e-15
3 -9.41469e-14
1202 3
1 -5.50671e-14
2 2.75335e-14
3 -8.70415e-14
1204 3
1 -4.70735e-14
2 -2.75335e-14
3 -4.44089e-14
1206 3
1 -3.55271e-14
2 8.88178e-16
3 -6.57252e-14
1208 3
1 -6.30607e-14
2 1.28786e-14
3 -8.70415e-14
1210 3
1 -3.37508e-14
2 8.88178e-15
3 -9.05942e-14
1212 3
1 -3.9968e-14
2 3.01981e-14
3 -8.34888e-14
1214 3
1 -4.17444e-14
2 -6.66134e-15
3 -3.37508e-14
1216 3
1 -3.37508e-14
2 -3.9968e-15
3 -6.21725e-14
1218 3
1 -1.01252e-13
2 -1.64313e-14
3 -3.73035e-14
1220 3
1 -6.92779e-14
2 -2.26485e-14
3 -5.32907e-14
1222 3
1 -8.52651e-14
2 -1.95399e-14
3 -3.37508e-14
1224 3
1 -5.86198e-14
2 -2.44249e-15
3 -4.61853e-14
1226 3
1 -7.99361e-14
2 1.33227e-15
3 -6.75016e-14
1228 3
1 -7.63833e-14
2 -1.64313e-14
3 -9.9476e-14
1230 3
1 -7.19425e-14
2 -4.04121e-14
3 -5.50671e-14
1232 3
1 -7.99361e-14
2 -1.95399e-14
3 -7.10543e-14
1234 3
1 -4.61853e-14
2 2.30926e-14
3 -1.03029e-13
1236 3
1 -9.41469e-14
2 1.19904e-14
3 -4.26326e-14
1238 3
1 -5.50671e-14
2 1.15463e-14
3 -3.90799e-14
1240 3
1 -5.15143e-14
2 -1.90958e-14
3 -5.68434e-14
1242 3
1 -6.21725e-14
2 2.30926e-14
3 -4.9738e-14
1244 3
1 -6.66134e-14
2 -2.08722e-14
3 -4.9738e-14
1246 3
1 -4.9738e-14
2 -7.77156e-15
3 -9.05942e-14
1248 3
1 -8.79297e-14
2 3.86358e-14
3 -3.19744e-14
1250 3
1 -8.26006e-14
2 1.90958e-14
3 -6.92779e-14
1252 3
1 -7.4607e-14
2 2.81997e-14
3 -8.52651e-14
1254 3
1 -5.32907e-14
2 3.39728e-14
3 -6.39488e-14
1256 3
1 -4.26326e-14
2 -1.37668e-14
3 -4.26326e-14
1258 3
1 -5.86198e-14
2 -2.04281e-14
3 -6.39488e-14
1260 3
1 -6.92779e-14
2 -9.32587e-15
3 -4.9738e-14
1262 3
1 -8.26006e-14
2 8.88178e-16
3 -4.79616e-14
1264 3
1 -5.77316e-14
2 2.04281e-14
3 -6.39488e-14
1266 3
1 -5.9508e-14
2 1.55431e-15
3 -3.90799e-14
1268 3
1 -7.4607e-14
2 -2.62013e-14
3 -3.73035e-14
1270 3
1 -8.61533e-14
2 1.82077e-14
3 -6.39488e-14
1272 3
1 -9.76996e-14
2 -6.66134e-15
3 -8.34888e-14
1274 3
1 -4.61853e-14
2 1.68754e-14
3 -2.30926e-14
1276 3
1 -7.81597e-14
2 4.17444e-14
3 -4.44089e-14
1278 3
1 -8.70415e-14
2 1.4877e-14
3 -5.50671e-14
1280 3
1 -6.30607e-14
2 2.62013e-14
3 1.77636e-15
1282 3
1 -1.1724e-13
2 4.04121e-14
3 -9.05942e-14
1284 3
1 -7.4607e-14
2 6.21725e-15
3 -8.34888e-14
1286 3
1 -3.77476e-14
2 -9.76996e-15
3 -7.28306e-14
1288 3
1 -1.77636e-14
2 2.37588e-14
3 -7.63833e-14
1290 3
1 -1.06581e-13
2 1.59872e-14
3 -6.03961e-14
1292 3
1 -7.4607e-14
2 2.08722e-14
3 -6.39488e-14
1294 3
1 -6.79456e-14
2 2.35367e-14
3 -5.86198e-14
1296 3
1 -8.65974e-14
2 2.57572e-14
3 -3.19744e-14
1298 3
1 -4.04121e-14
2 3.73035e-14
3 -6.57252e-14
1300 3
1 -6.57252e-14
2 6.35048e-14
3 -7.63833e-14
1302 3
1 -6.83897e-14
2 2.44249e-14
3 0
1304 3
1 -6.57252e-14
2 4.55191e-14
3 -1.15463e-13
1306 3
1 -7.4607e-14
2 1.77636e-14
3 -8.88178e-15
1308 3
1 -6.26166e-14
2 7.90479e-14
3 -1.1191e-13
1310 3
1 -7.19425e-14
2 1.86517e-14
3 -5.50671e-14
1312 3
1 -5.68434e-14
2 2.55351e-14
3 -1.03029e-13
1314 3
1 -8.61533e-14
2 -4.88498e-15
3 -1.13687e-13
1316 3
1 -5.86198e-14
2 5.15143e-14
3 -2.66454e-14
1318 3
1 -6.17284e-14
2 3.95239e-14
3 -1.10134e-13
1320 3
1 -6.08402e-14
2 6.03961e-14
3 -7.10543e-14
1322 3
1 -7.63833e-14
2 6.66134e-15
3 -6.75016e-14
1324 3
1 -2.75335e-14
2 1.39888e-14
3 -1.08358e-13
1326 3
1 -3.55271e-14
2 4.13003e-14
3 -3.37508e-14
1328 3
1 -5.24025e-14
2 3.90799e-14
3 -6.57252e-14
1330 3
1 -1.17684e-13
2 3.21965e-14
3 -9.76996e-14
1332 3
1 -5.9508e-14
2 3.33067e-14
3 -8.88178e-14
1334 3
1 -7.59393e-14
2 5.50671e-14
3 -7.28306e-14
1336 3
1 -7.90479e-14
2 2.53131e-14
3 -9.59233e-14
1338 3
1 -4.52971e-14
2 5.59552e-14
3 -6.92779e-14
1340 3
1 -7.50511e-14
2 2.84217e-14
3 -6.75016e-14
1342 3
1 -7.54952e-14
2 3.33067e-14
3 -1.01252e-13
1344 3
1 -7.19425e-14
2 1.90958e-14
3 -7.63833e-14
1346 3
1 -5.55112e-14
2 5.90639e-14
3 -6.57252e-14
1348 3
1 -7.4607e-14
2 5.973e-14
3 -3.90799e-14
1350 3
1 -5.37348e-14
2 3.90799e-14
3 -7.4607e-14
1352 3
1 -6.83897e-14
2 5.19584e-14
3 -3.37508e-14
1354 3
1 -7.77156e-14
2 2.22045e-14
3 -1.13687e-13
1356 3
1 -9.05942e-14
2 3.37508e-14
3 -6.03961e-14
1358 3
1 -7.37188e-14
2 5.37348e-14
3 -3.37508e-14
1360 3
1 -7.19425e-14
2 5.01821e-14
3 -8.70415e-14
1362 3
1 -5.59552e-14
2 4.44089e-14
3 -9.23706e-14
1364 3
1 -1.07025e-13
2 5.06262e-14
3 -2.66454e-14
1366 3
1 -8.52651e-14
2 1.55431e-14
3 -6.92779e-14
1368 3
1 -7.41629e-14
2 1.33227e-15
3 -4.9738e-14
1370 3
1 -5.77316e-14
2 2.9754e-14
3 -4.79616e-14
1372 3
1 -9.90319e-14
2 1.02141e-14
3 -4.61853e-14
1374 3
1 -4.9738e-14
2 3.95239e-14
3 -4.44089e-14
1376 3
1 -8.39329e-14
2 3.68594e-14
3 -5.86198e-14
1378 3
1 -4.04121e-14
2 2.62013e-14
3 -8.52651e-14
1380 3
1 -7.99361e-14
2 3.73035e-14
3 -1.03029e-13
1382 3
1 -6.57252e-14
2 4.30767e-14
3 -8.17124e-14
1384 3
1 -3.90799e-14
2 6.12843e-14
3 -2.4869e-14
1386 3
1 -7.19425e-14
2 6.4837e-14
3 -2.30926e-14
1388 3
1 -6.75016e-14
2 2.53131e-14
3 -1.24345e-14
1390 3
1 -3.81917e-14
2 4.61853e-14
3 -4.9738e-14
1392 3
1 -4.72955e-14
2 6.9722e-14
3 -5.50671e-14
1394 3
1 -3.19744e-14
2 8.70415e-14
3 -1.04805e-13
1396 3
1 -6.4837e-14
2 2.84217e-14
3 -9.9476e-14
1398 3
1 -4.17444e-14
2 2.88658e-14
3 -8.34888e-14
1400 3
1 -5.4623e-14
2 3.90799e-14
3 -7.10543e-14
1402 3
1 -3.64153e-14
2 1.90958e-14
3 -6.57252e-14
1404 3
1 -6.52811e-14
2 5.01821e-14
3 -4.9738e-14
1406 3
1 -2.44249e-14
2 4.44089e-14
3 -5.15143e-14
1408 3
1 -8.61533e-14
2 3.5083e-14
3 -6.21725e-14
1410 3
1 -2.26485e-14
2 3.5083e-14
3 -7.81597e-14
1412 3
1 -2.57572e-14
2 8.9706e-14
3 -5.86198e-14
1414 3
1 -1.82077e-14
2 3.68594e-14
3 -9.23706e-14
1416 3
1 -1.90958e-14
2 3.06422e-14
3 -3.90799e-14
1418 3
1 -1.02141e-14
2 7.01661e-14
3 -4.08562e-14
1420 3
1 -4.4631e-14
2 1.02141e-14
3 -1.03029e-13
1422 3
1 -2.84217e-14
2 7.28306e-14
3 -3.19744e-14
1424 3
1 -2.13163e-14
2 8.88178e-14
3 -2.84217e-14
1426 3
1 1.59872e-14
2 6.21725e-15
3 -7.99361e-14
1428 3
1 -2.53131e-14
2 1.73195e-14
3 -6.75016e-14
1430 3
1 -2.75335e-14
2 -9.32587e-15
3 -5.68434e-14
1432 3
1 -5.50671e-14
2 4.70735e-14
3 -8.17124e-14
1434 3
1 4.44089e-15
2 2.08722e-14
3 -9.41469e-14
1436 3
1 -2.13163e-14
2 2.30926e-14
3 -4.79616e-14
1438 3
1 -3.19744e-14
2 2.26485e-14
3 -7.4607e-14
1440 3
1 -6.21725e-15
2 4.61853e-14
3 -7.81597e-14
1442 3
1 -2.35367e-14
2 1.73195e-14
3 -6.92779e-14
1444 3
1 -3.68594e-14
2 7.37188e-14
3 -5.15143e-14
1446 3
1 -3.95239e-14
2 3.68594e-14
3 -4.44089e-14
1448 3
1 -2.4869e-14
2 6.35048e-14
3 -9.59233e-14
1450 3
1 2.08722e-14
2 2.75335e-14
3 -6.57252e-14
1452 3
1 3.01981e-14
2 4.75175e-14
3 -7.63833e-14
1454 3
1 -7.10543e-15
2 3.90799e-14
3 -6.75016e-14
1456 3
1 -2.08722e-14
2 2.93099e-14
3 -9.76996e-14
1458 3
1 -2.70894e-14
2 4.92939e-14
3 -5.50671e-14
1460 3
1 -1.86517e-14
2 4.13003e-14
3 -7.28306e-14
1462 3
1 -4.57412e-14
2 5.90639e-14
3 -7.99361e-14
1464 3
1 1.06581e-14
2 3.90799e-14
3 -7.4607e-14
1466 3
1 -2.04281e-14
2 5.10703e-14
3 -3.90799e-14
1468 3
1 1.77636e-15
2 4.84057e-14
3 -6.39488e-14
1470 3
1 -3.55271e-14
2 5.10703e-14
3 -5.86198e-14
1472 3
1 -1.5099e-14
2 5.55112e-14
3 -1.10134e-13
1474 3
1 -2.93099e-14
2 4.30767e-14
3 -3.73035e-14
1476 3
1 -2.22045e-14
2 6.26166e-14
3 -6.21725e-14
1478 3
1 -4.44089e-14
2 2.70894e-14
3 -7.99361e-14
1480 3
1 -2.44249e-14
2 5.68434e-14
3 -5.50671e-14
1482 3
1 -5.4623e-14
2 5.4623e-14
3 -9.9476e-14
1484 3
1 -4.52971e-14
2 2.30926e-14
3 -8.17124e-14
1486 3
1 -2.4869e-14
2 3.86358e-14
3 -1.06581e-13
1488 3
1 -3.73035e-14
2 5.81757e-14
3 -1.03029e-13
1490 3
1 -3.4639e-14
2 2.70894e-14
3 -8.88178e-14
1492 3
1 -4.08562e-14
2 5.68434e-14
3 -1.06581e-13
1494 3
1 -2.17604e-14
2 4.21885e-14
3 -9.23706e-14
1496 3
1 1.11022e-14
2 2.62013e-14
3 -8.17124e-14
1498 3
1 -2.66454e-14
2 8.12683e-14
3 -9.76996e-14
1500 3
1 -4.13003e-14
2 4.79616e-14
3 -1.1724e-13
1502 3
1 -1.42109e-14
2 9.10383e-14
3 -6.39488e-14
1504 3
1 -4.44089e-15
2 3.10862e-14
3 -1.06581e-13
1506 3
1 -4.79616e-14
2 4.79616e-14
3 -9.05942e-14
1508 3
1 -1.77636e-15
2 5.9508e-14
3 -1.47438e-13
1510 3
1 -4.26326e-14
2 2.39808e-14
3 -9.76996e-14
1512 3
1 -6.35048e-14
2 5.06262e-14
3 -1.27898e-13
1514 3
1 -2.22045e-14
2 5.90639e-14
3 -1.33227e-13
1516 3
1 -1.77636e-15
2 7.14984e-14
3 -6.21725e-14
1518 3
1 -2.39808e-14
2 3.9968e-14
3 -9.59233e-14
1520 3
1 -1.59872e-14
2 -7.10543e-15
3 -1.26121e-13
1522 3
1 1.55431e-14
2 3.90799e-14
3 -1.19016e-13
1524 3
1 -4.35207e-14
2 6.17284e-14
3 -1.3145e-13
1526 3
1 -3.5083e-14
2 4.44089e-16
3 -1.24345e-13
1528 3
1 -4.08562e-14
2 4.44089e-14
3 -9.59233e-14
1530 3
1 -4.08562e-14
2 2.88658e-14
3 -1.36779e-13
1532 3
1 -3.90799e-14
2 6.21725e-14
3 -1.29674e-13
1534 3
1 -2.62013e-14
2 4.04121e-14
3 -1.10134e-13
1536 3
1 -4.66294e-14
2 5.15143e-14
3 -1.29674e-13
1538 3
1 -5.77316e-15
2 3.06422e-14
3 -4.9738e-14
1540 3
1 -4.44089e-14
2 1.11022e-14
3 -8.70415e-14
1542 3
1 -9.76996e-15
2 3.19744e-14
3 -8.70415e-14
1544 3
1 -3.73035e-14
2 2.44249e-14
3 -8.17124e-14
1546 3
1 -5.59552e-14
2 2.39808e-14
3 -1.42109e-13
1548 3
1 -4.08562e-14
2 1.82077e-14
3 -7.10543e-14
1550 3
1 -1.77636e-14
2 4.17444e-14
3 -1.20792e-13
1552 3
1 -5.41789e-14
2 4.21885e-14
3 -1.29674e-13
1554 3
1 -8.88178e-16
2 3.5083e-14
3 -7.10543e-14
1556 3
1 -1.77636e-14
2 3.77476e-14
3 -1.40332e-13
1558 3
1 -4.44089e-14
2 6.9722e-14
3 -1.1724e-13
1560 3
1 -4.66294e-14
2 5.01821e-14
3 -1.22569e-13
1562 3
1 -3.33067e-14
2 5.68434e-14
3 -9.59233e-14
1564 3
1 -6.35048e-14
2 2.57572e-14
3 -1.63425e-13
1566 3
1 -2.26485e-14
2 4.39648e-14
3 -1.36779e-13
1568 3
1 -3.55271e-14
2 1.37668e-14
3 -1.08358e-13
1570 3
1 -1.55431e-14
2 5.77316e-14
3 -1.01252e-13
1572 3
1 -6.43929e-14
2 3.01981e-14
3 -1.35003e-13
1574 3
1 -3.95239e-14
2 5.15143e-14
3 -1.10134e-13
1576 3
1 -5.55112e-14
2 4.13003e-14
3 -9.59233e-14
1578 3
1 -3.90799e-14
2 3.77476e-14
3 -7.99361e-14
1580 3
1 -1.86517e-14
2 4.57412e-14
3 -1.35003e-13
1582 3
1 -4.75175e-14
2 5.72875e-14
3 -8.17124e-14
1584 3
1 -4.70735e-14
2 3.24185e-14
3 -7.4607e-14
1586 3
1 -5.86198e-14
2 7.68274e-14
3 -1.1191e-13
1588 3
1 -4.88498e-15
2 5.4623e-14
3 -8.88178e-14
1590 3
1 -8.57092e-14
2 4.4853e-14
3 -8.70415e-14
1592 3
1 -5.86198e-14
2 3.68594e-14
3 -1.24345e-13
1594 3
1 -5.81757e-14
2 3.33067e-14
3 -4.61853e-14
1596 3
1 -5.41789e-14
2 3.73035e-14
3 -1.35003e-13
1598 3
1 -4.26326e-14
2 2.9754e-14
3 -9.41469e-14
1600 3
1 -5.32907e-14
2 4.35207e-14
3 -1.04805e-13
1602 3
1 -3.77476e-14
2 1.9984e-14
3 -6.92779e-14
1604 3
1 -6.43929e-14
2 4.26326e-14
3 -1.01252e-13
1606 3
1 -8.21565e-14
2 2.9754e-14
3 -1.49214e-13
1608 3
1 -2.70894e-14
2 4.21885e-14
3 -5.15143e-14
1610 3
1 -3.19744e-14
2 5.24025e-14
3 -1.04805e-13
1612 3
1 -3.9968e-14
2 2.93099e-14
3 -1.10134e-13
1614 3
1 -1.25677e-13
2 3.4639e-14
3 -1.04805e-13
1616 3
1 -7.19425e-14
2 6.83897e-14
3 -1.45661e-13
1618 3
1 -5.86198e-14
2 4.52971e-14
3 -1.1724e-13
1620 3
1 -3.01981e-14
2 4.61853e-14
3 -7.10543e-14
1622 3
1 -4.84057e-14
2 2.57572e-14
3 -1.43885e-13
1624 3
1 -5.9508e-14
2 2.17604e-14
3 -8.34888e-14
1626 3
1 -5.86198e-14
2 7.50511e-14
3 -1.03029e-13
1628 3
1 -6.03961e-14
2 3.9968e-14
3 -9.59233e-14
1630 3
1 -2.79776e-14
2 6.35048e-14
3 -1.20792e-13
1632 3
1 -8.52651e-14
2 6.21725e-14
3 -1.01252e-13
1634 3
1 -6.43929e-14
2 9.76996e-15
3 -1.35003e-13
1636 3
1 -9.76996e-15
2 5.63993e-14
3 -1.35003e-13
1638 3
1 -6.26166e-14
2 5.37348e-14
3 -8.88178e-14
1640 3
1 -5.50671e-14
2 4.75175e-14
3 -1.24345e-13
1642 3
1 -5.90639e-14
2 3.15303e-14
3 -1.35003e-13
1644 3
1 -5.32907e-14
2 5.01821e-14
3 -1.38556e-13
1646 3
1 -1.77636e-14
2 4.70735e-14
3 -7.63833e-14
1648 3
1 -6.79456e-14
2 6.03961e-14
3 -1.45661e-13
1650 3
1 -7.4607e-14
2 2.79776e-14
3 -1.40332e-13
1652 3
1 -8.65974e-14
2 6.88338e-14
3 -1.24345e-13
1654 3
1 -6.9722e-14
2 2.75335e-14
3 -1.10134e-13
1656 3
1 -5.63993e-14
2 -1.59872e-14
3 -1.72307e-13
1658 3
1 -6.03961e-14
2 5.77316e-14
3 -9.59233e-14
1660 3
1 -9.76996e-14
2 4.44089e-14
3 -1.27898e-13
1662 3
1 -7.01661e-14
2 4.57412e-14
3 -1.45661e-13
1664 3
1 -2.9754e-14
2 5.37348e-14
3 -1.7053e-13
1666 3
1 -7.28306e-14
2 6.61693e-14
3 -1.56319e-13
1668 3
1 -8.74856e-14
2 6.52811e-14
3 -9.41469e-14
1670 3
1 -3.10862e-14
2 5.19584e-14
3 -1.5099e-13
1672 3
1 -5.81757e-14
2 8.88178e-15
3 -1.5099e-13
1674 3
1 -7.43849e-14
2 5.37348e-14
3 -1.52767e-13
1676 3
1 -7.9492e-14
2 5.15143e-14
3 -8.88178e-14
1678 3
1 -1.06581e-13
2 4.88498e-14
3 -1.26121e-13
1680 3
1 -6.75016e-14
2 6.92779e-14
3 -9.23706e-14
1682 3
1 -6.79456e-14
2 4.9738e-14
3 -1.47438e-13
1684 3
1 -9.14824e-14
2 8.52651e-14
3 -9.05942e-14
1686 3
1 -7.59393e-14
2 2.30926e-14
3 -1.22569e-13
1688 3
1 -7.72715e-14
2 2.79776e-14
3 -1.1724e-13
1690 3
1 -9.28146e-14
2 6.92779e-14
3 -2.06057e-13
1692 3
1 -1.03029e-13
2 7.14984e-14
3 -1.49214e-13
1694 3
1 -1.01252e-13
2 4.39648e-14
3 -1.3145e-13
1696 3
1 -8.39329e-14
2 4.88498e-14
3 -9.9476e-14
1698 3
1 -7.06102e-14
2 5.50671e-14
3 -1.01252e-13
1700 3
1 -7.4607e-14
2 9.01501e-14
3 -9.59233e-14
1702 3
1 -5.4623e-14
2 8.88178e-14
3 -1.42109e-13
1704 3
1 -1.3145e-13
2 5.50671e-14
3 -1.06581e-13
1706 3
1 -9.57012e-14
2 5.10703e-14
3 -1.03029e-13
1708 3
1 -8.37108e-14
2 6.70575e-14
3 -1.3145e-13
1710 3
1 -9.28146e-14
2 7.19425e-14
3 -1.27898e-13
1712 3
1 -7.86038e-14
2 8.4821e-14
3 -7.63833e-14
1714 3
1 -9.50351e-14
2 6.61693e-14
3 -1.1191e-13
1716 3
1 -1.0747e-13
2 5.19584e-14
3 -1.49214e-13
1718 3
1 -1.09246e-13
2 1.04805e-13
3 -1.13687e-13
1720 3
1 -7.14984e-14
2 8.17124e-14
3 -1.22569e-13
1722 3
1 -8.70415e-14
2 7.19425e-14
3 -1.08358e-13
1724 3
1 -1.34115e-13
2 6.4837e-14
3 -1.04805e-13
1726 3
1 -7.99361e-14
2 4.79616e-14
3 -1.22569e-13
1728 3
1 -9.41469e-14
2 4.70735e-14
3 -1.42109e-13
1730 3
1 -1.00364e-13
2 8.03801e-14
3 -1.56319e-13
1732 3
1 -7.06102e-14
2 5.81757e-14
3 -1.10134e-13
1734 3
1 -1.13243e-13
2 1.86517e-14
3 -1.56319e-13
1736 3
1 -9.9698e-14
2 6.61693e-14
3 -1.27898e-13
1738 3
1 -1.11466e-13
2 7.54952e-14
3 -9.41469e-14
1740 3
1 -7.72715e-14
2 6.9722e-14
3 -1.27898e-13
1742 3
1 -9.79217e-14
2 1.00808e-13
3 -1.3145e-13
1744 3
1 -1.04361e-13
2 5.68434e-14
3 -2.00728e-13
1746 3
1 -8.14904e-14
2 5.37348e-14
3 -1.36779e-13
1748 3
1 -1.11244e-13
2 4.30767e-14
3 -1.61648e-13
1750 3
1 -9.10383e-14
2 8.61533e-14
3 -1.33227e-13
1752 3
1 -7.54952e-14
2 8.88178e-14
3 -9.76996e-14
1754 3
1 -8.43769e-14
2 8.34888e-14
3 -1.20792e-13
1756 3
1 -1.06137e-13
2 5.9952e-14
3 -1.61648e-13
1758 3
1 -7.74936e-14
2 7.06102e-14
3 -1.15463e-13
1760 3
1 -8.52651e-14
2 6.03961e-14
3 -8.34888e-14
1762 3
1 -8.21565e-14
2 5.4623e-14
3 -1.77636e-13
1764 3
1 -9.4591e-14
2 8.83738e-14
3 -1.35003e-13
1766 3
1 -1.20792e-13
2 8.4821e-14
3 -9.05942e-14
1768 3
1 -8.52651e-14
2 9.76996e-14
3 -1.24345e-13
1770 3
1 -6.39488e-14
2 7.19425e-14
3 -1.03029e-13
1772 3
1 -8.9706e-14
2 6.57252e-14
3 -1.49214e-13
1774 3
1 -1.13687e-13
2 7.50511e-14
3 -1.98952e-13
1776 3
1 -1.0969e-13
2 1.03473e-13
3 -2.38032e-13
1778 3
1 -1.08358e-13
2 9.28146e-14
3 -2.02505e-13
1780 3
1 -1.0747e-13
2 5.9508e-14
3 -1.20792e-13
1782 3
1 -7.99361e-14
2 9.81437e-14
3 -1.5099e-13
1784 3
1 -1.24123e-13
2 7.32747e-14
3 -1.72307e-13
1786 3
1 -1.22347e-13
2 9.05942e-14
3 -1.49214e-13
1788 3
1 -7.86038e-14
2 9.28146e-14
3 -1.49214e-13
1790 3
1 -7.99361e-14
2 5.59552e-14
3 -1.20792e-13
1792 3
1 -1.16795e-13
2 8.12683e-14
3 -1.27898e-13
1794 3
1 -1.03473e-13
2 8.12683e-14
3 -1.59872e-13
1796 3
1 -7.9492e-14
2 6.70575e-14
3 -1.36779e-13
1798 3
1 -1.42109e-13
2 9.41469e-14
3 -1.29674e-13
1800 3
1 -1.33227e-13
2 7.99361e-14
3 -1.38556e-13
1802 3
1 -1.23013e-13
2 8.26006e-14
3 -1.3145e-13
1804 3
1 -6.95e-14
2 1.22569e-13
3 -1.7053e-13
1806 3
1 -9.37028e-14
2 3.55271e-14
3 -1.40332e-13
1808 3
1 -8.72635e-14
2 5.37348e-14
3 -1.93623e-13
1810 3
1 -1.11022e-13
2 9.14824e-14
3 -1.20792e-13
1812 3
1 -8.57092e-14
2 5.01821e-14
3 -1.38556e-13
1814 3
1 -9.83658e-14
2 6.12843e-14
3 -1.45661e-13
1816 3
1 -7.83817e-14
2 8.4821e-14
3 -1.43885e-13
1818 3
1 -1.34781e-13
2 9.99201e-14
3 -1.33227e-13
1820 3
1 -9.39249e-14
2 7.4607e-14
3 -1.7053e-13
1822 3
1 -1.01696e-13
2 4.13003e-14
3 -1.66978e-13
1824 3
1 -8.32667e-14
2 6.57252e-14
3 -1.19016e-13
1826 3
1 -1.23235e-13
2 8.08242e-14
3 -1.49214e-13
1828 3
1 -8.9484e-14
2 6.70575e-14
3 -1.40332e-13
1830 3
1 -8.03801e-14
2 4.88498e-14
3 -1.72307e-13
1832 3
1 -1.27898e-13
2 6.03961e-14
3 -1.22569e-13
1834 3
1 -8.61533e-14
2 7.77156e-14
3 -1.88294e-13
1836 3
1 -1.13909e-13
2 1.59872e-14
3 -1.56319e-13
1838 3
1 -5.21805e-14
2 5.37348e-14
3 -1.56319e-13
1840 3
1 -1.06581e-13
2 7.4607e-14
3 -1.3145e-13
1842 3
1 -8.74856e-14
2 6.39488e-14
3 -1.66978e-13
1844 3
1 -6.30607e-14
2 7.28306e-14
3 -1.79412e-13
1846 3
1 -1.03695e-13
2 5.90639e-14
3 -1.33227e-13
1848 3
1 -6.06182e-14
2 4.17444e-14
3 -1.43885e-13
1850 3
1 -9.05942e-14
2 8.61533e-14
3 -1.5099e-13
1852 3
1 -6.26166e-14
2 4.92939e-14
3 -1.42109e-13
1854 3
1 -9.19265e-14
2 8.9706e-14
3 -1.3145e-13
1856 3
1 -8.39329e-14
2 2.35367e-14
3 -1.35003e-13
1858 3
1 -8.30447e-14
2 7.99361e-14
3 -1.13687e-13
1860 3
1 -1.06359e-13
2 7.86038e-14
3 -1.40332e-13
1862 3
1 -1.03473e-13
2 6.66134e-14
3 -1.74083e-13
1864 3
1 -8.61533e-14
2 7.9492e-14
3 -1.66978e-13
1866 3
1 -8.65974e-14
2 4.17444e-14
3 -1.5099e-13
1868 3
1 -8.88178e-14
2 7.28306e-14
3 -1.5099e-13
1870 3
1 -9.17044e-14
2 5.63993e-14
3 -1.45661e-13
1872 3
1 -5.61773e-14
2 7.23865e-14
3 -1.43885e-13
1874 3
1 -7.19425e-14
2 4.17444e-14
3 -1.38556e-13
1876 3
1 -7.19425e-14
2 5.90639e-14
3 -1.26121e-13
1878 3
1 -1.28786e-13
2 6.30607e-14
3 -1.43885e-13
1880 3
1 -1.0969e-13
2 3.41949e-14
3 -6.92779e-14
1882 3
1 -1.01252e-13
2 3.06422e-14
3 -1.49214e-13
1884 3
1 -1.06581e-13
2 7.41629e-14
3 -1.26121e-13
1886 3
1 -1.15463e-13
2 4.70735e-14
3 -1.59872e-13
1888 3
1 -8.03801e-14
2 5.19584e-14
3 -1.66978e-13
1890 3
1 -6.39488e-14
2 7.10543e-14
3 -1.20792e-13
1892 3
1 -1.44773e-13
2 2.79776e-14
3 -1.42109e-13
1894 3
1 -1.03029e-13
2 1.55431e-14
3 -1.13687e-13
1896 3
1 -1.15907e-13
2 6.35048e-14
3 -1.49214e-13
1898 3
1 -9.54792e-14
2 5.41789e-14
3 -1.01252e-13
1900 3
1 -8.77076e-14
2 5.4623e-14
3 -1.22569e-13
1902 3
1 -1.15907e-13
2 4.79616e-14
3 -1.29674e-13
1904 3
1 -9.9476e-14
2 8.61533e-14
3 -1.56319e-13
1906 3
1 -8.12683e-14
2 5.19584e-14
3 -1.45661e-13
1908 3
1 -9.4591e-14
2 7.4607e-14
3 -1.26121e-13
1910 3
1 -1.35891e-13
2 5.15143e-14
3 -1.08358e-13
1912 3
1 -8.83738e-14
2 1.22569e-13
3 -1.56319e-13
1914 3
1 -8.74856e-14
2 7.4607e-14
3 -1.20792e-13
1916 3
1 -1.13687e-13
2 7.37188e-14
3 -1.35003e-13
1918 3
1 -7.68274e-14
2 3.01981e-14
3 -1.35003e-13
1920 3
1 -8.68194e-14
2 6.12843e-14
3 -1.68754e-13
1922 3
1 -8.43769e-14
2 2.44249e-14
3 -8.88178e-14
1924 3
1 -3.88578e-14
2 2.13163e-14
3 -1.84741e-13
1926 3
1 -9.99201e-14
2 6.39488e-14
3 -1.08358e-13
1928 3
1 -8.19345e-14
2 4.92939e-14
3 -8.88178e-14
1930 3
1 -1.08802e-13
2 6.4837e-14
3 -1.56319e-13
1932 3
1 -5.86198e-14
2 4.08562e-14
3 -2.0961e-13
1934 3
1 -9.41469e-14
2 4.52971e-14
3 -1.10134e-13
1936 3
1 -8.88178e-14
2 5.06262e-14
3 -1.36779e-13
1938 3
1 -7.06102e-14
2 7.37188e-14
3 -1.24345e-13
1940 3
1 -5.4623e-14
2 4.44089e-14
3 -2.14939e-13
1942 3
1 -6.43929e-14
2 7.28306e-14
3 -1.13687e-13
1944 3
1 -6.39488e-14
2 4.44089e-14
3 -1.75859e-13
1946 3
1 -1.12799e-13
2 5.59552e-14
3 -1.5099e-13
1948 3
1 -6.83897e-14
2 5.59552e-14
3 -2.06057e-13
1950 3
1 -6.26166e-14
2 3.9968e-14
3 -1.9007e-13
1952 3
1 -8.03801e-14
2 5.15143e-14
3 -1.68754e-13
1954 3
1 -7.10543e-14
2 4.35207e-14
3 -1.49214e-13
1956 3
1 -9.08162e-14
2 6.57252e-14
3 -1.27898e-13
1958 3
1 -6.57252e-14
2 5.77316e-14
3 -1.24345e-13
1960 3
1 -8.57092e-14
2 6.66134e-14
3 -1.40332e-13
1962 3
1 -6.30607e-14
2 4.26326e-14
3 -1.84741e-13
1964 3
1 -4.70735e-14
2 3.28626e-14
3 -1.59872e-13
1966 3
1 -8.50431e-14
2 6.21725e-14
3 -1.36779e-13
1968 3
1 -5.66214e-14
2 7.72715e-14
3 -1.27898e-13
1970 3
1 -6.52811e-14
2 3.73035e-14
3 -1.1724e-13
1972 3
1 -6.77236e-14
2 5.41789e-14
3 -1.75859e-13
1974 3
1 -5.4845e-14
2 5.24025e-14
3 -1.13687e-13
1976 3
1 -8.03801e-14
2 5.59552e-14
3 -1.13687e-13
1978 3
1 -7.41629e-14
2 4.08562e-14
3 -1.49214e-13
1980 3
1 -6.10623e-14
2 5.86198e-14
3 -1.06581e-13
1982 3
1 -7.77156e-14
2 3.73035e-14
3 -1.38556e-13
1984 3
1 -5.973e-14
2 4.35207e-14
3 -1.10134e-13
1986 3
1 -7.03881e-14
2 2.93099e-14
3 -1.79412e-13
1988 3
1 -6.57252e-14
2 4.17444e-14
3 -1.82965e-13
1990 3
1 -6.01741e-14
2 1.95399e-14
3 -8.34888e-14
1992 3
1 -7.23865e-14
2 3.28626e-14
3 -1.40332e-13
1994 3
1 -9.37028e-14
2 2.66454e-15
3 -1.58096e-13
1996 3
1 -3.77476e-14
2 2.13163e-14
3 -1.49214e-13
1998 3
1 -5.35127e-14
2 4.08562e-14
3 -1.93623e-13
2000 3
1 -5.70655e-14
2 2.84217e-14
3 -1.42109e-13
2002 3
1 -5.72875e-14
2 3.64153e-14
3 -1.10134e-13
2004 3
1 -8.28226e-14
2 3.28626e-14
3 -1.26121e-13
2006 3
1 -1.06581e-13
2 5.41789e-14
3 -1.45661e-13
2008 3
1 -6.79456e-14
2 5.15143e-14
3 -1.72307e-13
2010 3
1 -3.53051e-14
2 2.4869e-14
3 -1.59872e-13
2012 3
1 -5.70655e-14
2 8.88178e-15
3 -1.49214e-13
2014 3
1 -6.19504e-14
2 3.73035e-14
3 -1.20792e-13
2016 3
1 -7.57172e-14
2 4.75175e-14
3 -1.38556e-13
2018 3
1 -3.26406e-14
2 4.04121e-14
3 -3.55271e-14
2020 3
1 -4.26326e-14
2 4.44089e-15
3 -1.68754e-13
2022 3
1 -6.19504e-14
2 -1.77636e-15
3 -1.5099e-13
2024 3
1 -8.23785e-14
2 5.68434e-14
3 -1.08358e-13
2026 3
1 -7.77156e-14
2 3.81917e-14
3 -1.56319e-13
2028 3
1 -7.70495e-14
2 1.77636e-14
3 -1.72307e-13
2030 3
1 -6.9722e-14
2 2.39808e-14
3 -1.27898e-13
2032 3
1 -7.9714e-14
2 4.44089e-15
3 -1.19016e-13
2034 3
1 -4.4631e-14
2 2.4869e-14
3 -1.45661e-13
2036 3
1 -3.41949e-14
2 2.22045e-14
3 -1.47438e-13
2038 3
1 -4.19664e-14
2 -6.21725e-15
3 -1.27898e-13
2040 3
1 -7.63833e-14
2 1.86517e-14
3 -1.65201e-13
2042 3
1 -9.10383e-15
2 3.4639e-14
3 -1.79412e-13
2044 3
1 -7.37188e-14
2 5.32907e-14
3 -1.19016e-13
2046 3
1 -4.66294e-14
2 5.32907e-14
3 -1.52767e-13
2048 3
1 -7.81597e-14
2 2.22045e-14
3 -1.35003e-13
2050 3
1 -7.41629e-14
2 4.44089e-16
3 -1.45661e-13
2052 3
1 -3.59712e-14
2 4.88498e-15
3 -1.61648e-13
2054 3
1 -1.53211e-14
2 3.24185e-14
3 -1.59872e-13
2056 3
1 -3.81917e-14
2 1.95399e-14
3 -1.13687e-13
2058 3
1 -4.08562e-14
2 7.99361e-15
3 -1.40332e-13
2060 3
1 -4.21885e-14
2 3.06422e-14
3 -1.26121e-13
2062 3
1 -4.55191e-14
2 1.90958e-14
3 -1.45661e-13
2064 3
1 -4.35207e-14
2 -1.15463e-14
3 -1.24345e-13
2066 3
1 -5.59552e-14
2 -6.21725e-15
3 -1.68754e-13
2068 3
1 -6.17284e-14
2 -1.82077e-14
3 -9.76996e-14
2070 3
1 -2.53131e-14
2 2.35367e-14
3 -1.1191e-13
2072 3
1 -6.19504e-14
2 9.76996e-15
3 -1.45661e-13
2074 3
1 -3.10862e-15
2 3.33067e-14
3 -1.13687e-13
2076 3
1 -3.81917e-14
2 2.88658e-14
3 -1.56319e-13
2078 3
1 -4.84057e-14
2 -5.77316e-15
3 -6.57252e-14
2080 3
1 -7.06102e-14
2 -8.88178e-15
3 -8.70415e-14
2082 3
1 -3.5083e-14
2 9.32587e-15
3 -1.27898e-13
2084 3
1 -5.92859e-14
2 -1.73195e-14
3 -1.26121e-13
2086 3
1 -1.4877e-14
2 1.37668e-14
3 -1.03029e-13
2088 3
1 -3.57492e-14
2 5.9508e-14
3 -9.41469e-14
2090 3
1 -2.4869e-14
2 5.77316e-15
3 -7.4607e-14
2092 3
1 -3.90799e-14
2 5.59552e-14
3 -1.24345e-13
2094 3
1 -3.33067e-14
2 -1.15463e-14
3 -8.88178e-14
2096 3
1 -3.06422e-14
2 1.9984e-14
3 -1.15463e-13
2098 3
1 -4.30767e-14
2 1.28786e-14
3 -1.1191e-13
2100 3
1 -2.93099e-14
2 -8.88178e-16
3 -1.52767e-13
2102 3
1 -4.44089e-14
2 5.32907e-14
3 -1.15463e-13
2104 3
1 -4.84057e-14
2 1.33227e-14
3 -1.66978e-13
2106 3
1 -3.41949e-14
2 4.66294e-14
3 -1.24345e-13
2108 3
1 -2.17604e-14
2 2.22045e-14
3 -1.1191e-13
2110 3
1 -3.01981e-14
2 -2.9754e-14
3 -1.65201e-13
2112 3
1 -4.44089e-15
2 1.82077e-14
3 -1.10134e-13
2114 3
1 -1.77636e-14
2 1.02141e-14
3 -1.15463e-13
2116 3
1 -1.86517e-14
2 2.26485e-14
3 -1.1191e-13
2118 3
1 -2.08722e-14
2 1.68754e-14
3 -1.19016e-13
2120 3
1 -2.88658e-14
2 2.84217e-14
3 -1.26121e-13
2122 3
1 -5.90639e-14
2 1.5099e-14
3 -1.19016e-13
2124 3
1 -1.82077e-14
2 -3.9968e-15
3 -1.03029e-13
2126 3
1 1.06581e-14
2 0
3 -1.56319e-13
2128 3
1 -2.88658e-14
2 2.66454e-15
3 -1.35003e-13
2130 3
1 -4.30767e-14
2 2.66454e-14
3 -1.3145e-13
2132 3
1 -2.84217e-14
2 4.66294e-14
3 -1.42109e-13
2134 3
1 -3.15303e-14
2 -9.76996e-15
3 -1.27898e-13
2136 3
1 -3.77476e-14
2 5.06262e-14
3 -1.27898e-13
2138 3
1 -2.88658e-14
2 4.75175e-14
3 -1.19016e-13
2140 3
1 -5.50671e-14
2 3.59712e-14
3 -1.15463e-13
2142 3
1 -7.32747e-14
2 6.08402e-14
3 -1.63425e-13
2144 3
1 -5.59552e-14
2 4.61853e-14
3 -1.66978e-13
2146 3
1 -3.37508e-14
2 4.44089e-16
3 -1.24345e-13
2148 3
1 -3.95239e-14
2 1.33227e-14
3 -9.9476e-14
2150 3
1 -3.33067e-14
2 3.73035e-14
3 -9.41469e-14
2152 3
1 -3.77476e-14
2 2.13163e-14
3 -1.52767e-13
2154 3
1 4.44089e-16
2 1.95399e-14
3 -9.59233e-14
2156 3
1 -1.95399e-14
2 2.08722e-14
3 -1.45661e-13
2158 3
1 -2.66454e-14
2 1.33227e-14
3 -6.21725e-14
2160 3
1 -6.9722e-14
2 4.44089e-14
3 -1.79412e-13
2162 3
1 -2.79776e-14
2 3.41949e-14
3 -6.03961e-14
2164 3
1 -4.61853e-14
2 3.68594e-14
3 -1.1191e-13
2166 3
1 -2.17604e-14
2 3.81917e-14
3 -6.75016e-14
2168 3
1 -2.84217e-14
2 1.11022e-14
3 -1.20792e-13
2170 3
1 -3.37508e-14
2 4.30767e-14
3 -1.13687e-13
2172 3
1 -4.21885e-14
2 -1.73195e-14
3 -1.49214e-13
2174 3
1 -2.26485e-14
2 6.08402e-14
3 -1.26121e-13
2176 3
1 -3.9968e-14
2 -4.44089e-15
3 -1.19016e-13
2178 3
1 -3.55271e-15
2 1.95399e-14
3 -1.20792e-13
2180 3
1 -5.59552e-14
2 6.39488e-14
3 -1.43885e-13
2182 3
1 -4.70735e-14
2 4.79616e-14
3 -1.08358e-13
2184 3
1 -3.15303e-14
2 1.46549e-14
3 -1.40332e-13
2186 3
1 -3.9968e-14
2 1.68754e-14
3 -1.22569e-13
2188 3
1 -4.35207e-14
2 3.15303e-14
3 -8.70415e-14
2190 3
1 -1.86517e-14
2 4.35207e-14
3 -1.27898e-13
2192 3
1 -2.39808e-14
2 0
3 -1.63425e-13
2194 3
1 -4.08562e-14
2 1.90958e-14
3 -1.13687e-13
2196 3
1 -1.42109e-14
2 1.68754e-14
3 -1.33227e-13
2198 3
1 -2.57572e-14
2 6.92779e-14
3 -1.58096e-13
2200 3
1 -1.90958e-14
2 1.77636e-14
3 -1.38556e-13
2202 3
1 -1.28786e-14
2 1.00808e-13
3 -1.35003e-13
2204 3
1 -3.33067e-14
2 2.22045e-14
3 -1.38556e-13
2206 3
1 -3.24185e-14
2 2.88658e-14
3 -7.81597e-14
2208 3
1 -2.17604e-14
2 4.04121e-14
3 -1.22569e-13
2210 3
1 -3.55271e-14
2 1.46549e-14
3 -1.58096e-13
2212 3
1 -5.24025e-14
2 3.10862e-15
3 -1.1191e-13
2214 3
1 -2.17604e-14
2 4.44089e-14
3 -1.27898e-13
2216 3
1 -1.5099e-14
2 2.13163e-14
3 -1.61648e-13
2218 3
1 -4.21885e-14
2 7.06102e-14
3 -1.47438e-13
2220 3
1 -1.73195e-14
2 1.90958e-14
3 -1.45661e-13
2222 3
1 -5.63993e-14
2 4.52971e-14
3 -8.52651e-14
2224 3
1 -3.4639e-14
2 2.4869e-14
3 -7.28306e-14
2226 3
1 -3.81917e-14
2 3.28626e-14
3 -1.63425e-13
2228 3
1 -7.19425e-14
2 3.77476e-14
3 -7.63833e-14
2230 3
1 -7.9492e-14
2 2.93099e-14
3 -1.01252e-13
2232 3
1 -6.03961e-14
2 5.72875e-14
3 -1.58096e-13
2234 3
1 -7.32747e-14
2 5.41789e-14
3 -1.38556e-13
2236 3
1 -5.06262e-14
2 2.88658e-14
3 -1.13687e-13
2238 3
1 -3.4639e-14
2 8.57092e-14
3 -1.04805e-13
2240 3
1 -3.41949e-14
2 7.14984e-14
3 -9.05942e-14
2242 3
1 1.86517e-14
2 3.4639e-14
3 -1.43885e-13
2244 3
1 -3.86358e-14
2 2.88658e-14
3 -1.58096e-13
2246 3
1 -2.70894e-14
2 5.15143e-14
3 -1.54543e-13
2248 3
1 -3.81917e-14
2 6.17284e-14
3 -1.43885e-13
2250 3
1 -5.90639e-14
2 1.15463e-14
3 -8.70415e-14
2252 3
1 -2.9754e-14
2 6.4837e-14
3 -1.04805e-13
2254 3
1 -7.68274e-14
2 1.19904e-14
3 -1.1724e-13
2256 3
1 -1.42109e-14
2 7.37188e-14
3 -1.74083e-13
2258 3
1 -4.88498e-14
2 3.28626e-14
3 -9.05942e-14
2260 3
1 -6.92779e-14
2 7.50511e-14
3 -1.33227e-13
2262 3
1 -4.17444e-14
2 2.84217e-14
3 -8.17124e-14
2264 3
1 -7.37188e-14
2 8.52651e-14
3 -1.3145e-13
2266 3
1 -7.01661e-14
2 4.57412e-14
3 -7.81597e-14
2268 3
1 -5.86198e-14
2 8.61533e-14
3 -9.59233e-14
2270 3
1 -4.92939e-14
2 5.86198e-14
3 -7.81597e-14
2272 3
1 -3.41949e-14
2 4.21885e-14
3 -6.03961e-14
2274 3
1 -5.59552e-14
2 9.85878e-14
3 -5.86198e-14
2276 3
1 -6.21725e-14
2 2.70894e-14
3 -8.70415e-14
2278 3
1 -7.99361e-15
2 7.72715e-14
3 -9.59233e-14
2280 3
1 -6.43929e-14
2 5.77316e-15
3 -9.05942e-14
2282 3
1 -5.06262e-14
2 5.86198e-14
3 -1.27898e-13
2284 3
1 -4.88498e-14
2 5.72875e-14
3 -1.20792e-13
2286 3
1 -3.33067e-14
2 6.03961e-14
3 -6.21725e-14
2288 3
1 1.46549e-14
2 7.81597e-14
3 -2.23821e-13
2290 3
1 -3.73035e-14
2 8.43769e-14
3 -1.35003e-13
2292 3
1 -4.88498e-14
2 5.9952e-14
3 -1.58096e-13
2294 3
1 -5.86198e-14
2 6.66134e-14
3 -4.08562e-14
2296 3
1 7.99361e-15
2 5.06262e-14
3 -1.08358e-13
2298 3
1 -2.88658e-14
2 6.57252e-14
3 -6.57252e-14
2300 3
1 -3.73035e-14
2 5.15143e-14
3 -1.47438e-13
2302 3
1 -2.17604e-14
2 7.10543e-15
3 -1.1724e-13
2304 3
1 -2.26485e-14
2 6.17284e-14
3 -1.36779e-13
2306 3
1 -5.15143e-14
2 4.61853e-14
3 -2.06057e-13
2308 3
1 -6.43929e-14
2 7.41629e-14
3 -1.15463e-13
2310 3
1 -2.62013e-14
2 3.10862e-14
3 -5.68434e-14
2312 3
1 -2.93099e-14
2 4.17444e-14
3 -7.63833e-14
2314 3
1 -3.33067e-14
2 5.06262e-14
3 -1.04805e-13
2316 3
1 -4.39648e-14
2 2.93099e-14
3 -1.10134e-13
2318 3
1 -6.39488e-14
2 1.06581e-14
3 -1.38556e-13
2320 3
1 -6.03961e-14
2 8.30447e-14
3 -1.22569e-13
2322 3
1 -9.14824e-14
2 4.04121e-14
3 -1.15463e-13
2324 3
1 -3.64153e-14
2 1.5099e-14
3 -1.19016e-13
2326 3
1 -7.81597e-14
2 6.52811e-14
3 -1.68754e-13
2328 3
1 -5.50671e-14
2 4.4853e-14
3 -1.03029e-13
2330 3
1 -5.81757e-14
2 1.55431e-14
3 -1.24345e-13
2332 3
1 -8.12683e-14
2 3.95239e-14
3 -1.24345e-13
2334 3
1 -4.66294e-14
2 3.06422e-14
3 -9.76996e-14
2336 3
1 -3.41949e-14
2 1.24345e-14
3 -8.17124e-14
2338 3
1 -3.59712e-14
2 1.68754e-14
3 -1.27898e-13
2340 3
1 -3.81917e-14
2 3.10862e-14
3 -1.1724e-13
2342 3
1 -8.17124e-14
2 1.5099e-14
3 -1.1191e-13
2344 3
1 -3.86358e-14
2 6.03961e-14
3 -8.70415e-14
2346 3
1 -2.44249e-14
2 3.59712e-14
3 -1.27898e-13
2348 3
1 -5.9952e-14
2 3.5083e-14
3 -1.03029e-13
2350 3
1 -7.72715e-14
2 1.86517e-14
3 -1.20792e-13
2352 3
1 -5.06262e-14
2 3.41949e-14
3 -1.08358e-13
2354 3
1 -3.90799e-14
2 4.84057e-14
3 -9.23706e-14
2356 3
1 -4.08562e-14
2 4.08562e-14
3 -1.1724e-13
2358 3
1 -1.73195e-14
2 6.57252e-14
3 -1.65201e-13
2360 3
1 -3.24185e-14
2 1.33227e-14
3 -1.1191e-13
2362 3
1 -1.42109e-14
2 4.39648e-14
3 -1.56319e-13
2364 3
1 -8.30447e-14
2 5.77316e-14
3 -1.1191e-13
2366 3
1 -5.68434e-14
2 3.73035e-14
3 -8.88178e-14
2368 3
1 -5.37348e-14
2 4.08562e-14
3 -6.39488e-14
2370 3
1 -7.59393e-14
2 5.24025e-14
3 -1.06581e-13
2372 3
1 -8.74856e-14
2 5.4623e-14
3 -1.1191e-13
2374 3
1 -5.41789e-14
2 5.15143e-14
3 -1.03029e-13
2376 3
1 -3.95239e-14
2 6.35048e-14
3 -1.3145e-13
2378 3
1 -5.59552e-14
2 3.77476e-14
3 -1.33227e-13
2380 3
1 -5.50671e-14
2 5.01821e-14
3 -1.36779e-13
2382 3
1 -4.57412e-14
2 7.68274e-14
3 -1.27898e-13
2384 3
1 -5.4623e-14
2 7.06102e-14
3 -6.03961e-14
2386 3
1 -4.08562e-14
2 5.68434e-14
3 -9.23706e-14
2388 3
1 -3.59712e-14
2 1.86517e-14
3 -1.49214e-13
2390 3
1 -2.93099e-14
2 6.75016e-14
3 -1.20792e-13
2392 3
1 -7.59393e-14
2 6.26166e-14
3 -7.99361e-14
2394 3
1 -7.68274e-14
2 3.15303e-14
3 -8.34888e-14
2396 3
1 -5.90639e-14
2 3.06422e-14
3 -9.9476e-14
2398 3
1 -7.41629e-14
2 1.95399e-14
3 -4.61853e-14
2400 3
1 -6.88338e-14
2 1.59872e-14
3 -1.1724e-13
2402 3
1 -4.26326e-14
2 1.33227e-14
3 -1.06581e-13
2404 3
1 -7.50511e-14
2 -1.06581e-14
3 -8.34888e-14
2406 3
1 -5.9508e-14
2 3.5083e-14
3 -1.72307e-13
2408 3
1 -6.17284e-14
2 1.59872e-14
3 -7.28306e-14
2410 3
1 -3.5083e-14
2 1.86517e-14
3 -1.13687e-13
2412 3
1 -7.9492e-14
2 1.82077e-14
3 -1.20792e-13
2414 3
1 -1.0747e-13
2 3.81917e-14
3 -1.33227e-13
2416 3
1 -7.14984e-14
2 4.44089e-14
3 -7.81597e-14
2418 3
1 -5.90639e-14
2 2.88658e-14
3 -1.35003e-13
2420 3
1 -5.90639e-14
2 3.68594e-14
3 -1.29674e-13
2422 3
1 -5.10703e-14
2 6.12843e-14
3 -1.13687e-13
2424 3
1 -6.75016e-14
2 8.08242e-14
3 -8.17124e-14
2426 3
1 -4.75175e-14
2 3.55271e-14
3 -9.9476e-14
2428 3
1 -6.03961e-14
2 1.77636e-14
3 -1.54543e-13
2430 3
1 -6.03961e-14
2 4.30767e-14
3 -1.43885e-13
2432 3
1 -8.34888e-14
2 2.84217e-14
3 -1.06581e-13
2434 3
1 -3.28626e-14
2 5.10703e-14
3 -1.65201e-13
2436 3
1 -6.12843e-14
2 7.68274e-14
3 -9.05942e-14
2438 3
1 -5.41789e-14
2 2.93099e-14
3 -1.33227e-13
2440 3
1 -8.9706e-14
2 7.19425e-14
3 -1.20792e-13
2442 3
1 -3.73035e-14
2 3.01981e-14
3 -1.36779e-13
2444 3
1 -7.63833e-14
2 5.28466e-14
3 -1.06581e-13
2446 3
1 -4.44089e-14
2 6.79456e-14
3 -1.63425e-13
2448 3
1 -7.23865e-14
2 4.88498e-14
3 -9.9476e-14
2450 3
1 -3.64153e-14
2 6.43929e-14
3 -1.35003e-13
2452 3
1 -7.32747e-14
2 4.21885e-14
3 -1.10134e-13
2454 3
1 -5.59552e-14
2 5.72875e-14
3 -1.35003e-13
2456 3
1 -6.92779e-14
2 5.01821e-14
3 -1.43885e-13
2458 3
1 -5.01821e-14
2 1.90958e-14
3 -8.52651e-14
2460 3
1 -8.65974e-14
2 9.90319e-14
3 -1.06581e-13
2462 3
1 -6.66134e-14
2 6.4837e-14
3 -1.03029e-13
2464 3
1 -1.05693e-13
2 6.30607e-14
3 -1.36779e-13
2466 3
1 -6.79456e-14
2 3.19744e-14
3 -1.20792e-13
2468 3
1 -7.59393e-14
2 5.41789e-14
3 -1.01252e-13
2470 3
1 -9.76996e-14
2 5.4623e-14
3 -1.22569e-13
2472 3
1 -1.05693e-13
2 6.08402e-14
3 -4.9738e-14
2474 3
1 -7.10543e-14
2 2.44249e-14
3 -1.42109e-13
2476 3
1 -1.09246e-13
2 5.15143e-14
3 -1.13687e-13
2478 3
1 -6.26166e-14
2 3.24185e-14
3 -1.36779e-13
2480 3
1 -8.30447e-14
2 8.39329e-14
3 -1.3145e-13
2482 3
1 -8.9706e-14
2 4.88498e-14
3 -1.20792e-13
2484 3
1 -6.12843e-14
2 8.43769e-14
3 -1.20792e-13
2486 3
1 -8.61533e-14
2 1.11022e-14
3 -1.40332e-13
2488 3
1 -8.57092e-14
2 6.52811e-14
3 -9.59233e-14
2490 3
1 -4.17444e-14
2 6.4837e-14
3 -8.52651e-14
2492 3
1 -6.52811e-14
2 1.0969e-13
3 -1.26121e-13
2494 3
1 -4.79616e-14
2 3.77476e-14
3 -7.99361e-14
2496 3
1 -1.15463e-13
2 3.55271e-14
3 -1.38556e-13
2498 3
1 -9.59233e-14
2 5.01821e-14
3 -1.10134e-13
2500 3
1 -1.00364e-13
2 6.35048e-14
3 -1.27898e-13
2502 3
1 -7.86038e-14
2 5.19584e-14
3 -1.36779e-13
2504 3
1 -8.43769e-14
2 2.75335e-14
3 -1.27898e-13
2506 3
1 -1.24789e-13
2 3.15303e-14
3 -1.81188e-13
2508 3
1 -8.88178e-14
2 3.59712e-14
3 -1.63425e-13
2510 3
1 -1.15907e-13
2 4.13003e-14
3 -1.68754e-13
2512 3
1 -1.07025e-13
2 6.75016e-14
3 -1.13687e-13
2514 3
1 -3.55271e-14
2 2.84217e-14
3 -1.49214e-13
2516 3
1 -1.26121e-13
2 1.77636e-14
3 -1.49214e-13
2518 3
1 -1.15907e-13
2 4.57412e-14
3 -1.45661e-13
2520 3
1 -1.03029e-13
2 5.10703e-14
3 -8.88178e-14
2522 3
1 -6.92779e-14
2 5.50671e-14
3 -7.10543e-14
2524 3
1 -7.4607e-14
2 2.4869e-14
3 -1.63425e-13
2526 3
1 -6.61693e-14
2 7.9492e-14
3 -1.24345e-13
2528 3
1 -4.21885e-14
2 6.35048e-14
3 -1.13687e-13
2530 3
1 -1.1191e-13
2 4.70735e-14
3 -1.54543e-13
2532 3
1 -9.9476e-14
2 6.43929e-14
3 -1.35003e-13
2534 3
1 -8.34888e-14
2 2.84217e-14
3 -1.01252e-13
2536 3
1 -5.37348e-14
2 6.88338e-14
3 -1.40332e-13
2538 3
1 -8.30447e-14
2 7.68274e-14
3 -1.38556e-13
2540 3
1 -1.0747e-13
2 5.41789e-14
3 -2.11386e-13
2542 3
1 -7.72715e-14
2 3.55271e-14
3 -1.27898e-13
2544 3
1 -6.88338e-14
2 6.83897e-14
3 -1.5099e-13
2546 3
1 -1.17684e-13
2 5.24025e-14
3 -6.75016e-14
2548 3
1 -6.57252e-14
2 5.15143e-14
3 -7.63833e-14
2550 3
1 -1.05693e-13
2 2.84217e-14
3 -1.10134e-13
2552 3
1 -8.03801e-14
2 3.19744e-14
3 -1.01252e-13
2554 3
1 -1.02141e-13
2 2.4869e-14
3 -1.97176e-13
2556 3
1 -8.61533e-14
2 -6.21725e-15
3 -1.59872e-13
2558 3
1 -9.05942e-14
2 6.30607e-14
3 -1.1191e-13
2560 3
1 -6.26166e-14
2 6.4837e-14
3 -1.56319e-13
2562 3
1 -9.50351e-14
2 3.28626e-14
3 -1.3145e-13
2564 3
1 -6.70575e-14
2 5.59552e-14
3 -1.10134e-13
2566 3
1 -1.14575e-13
2 6.4837e-14
3 -1.91847e-13
2568 3
1 -1.14575e-13
2 2.22045e-14
3 -1.01252e-13
2570 3
1 -8.34888e-14
2 7.99361e-15
3 -1.06581e-13
2572 3
1 -8.30447e-14
2 4.35207e-14
3 -1.1724e-13
2574 3
1 -1.0969e-13
2 5.32907e-14
3 -1.01252e-13
2576 3
1 -8.52651e-14
2 8.88178e-16
3 -1.52767e-13
2578 3
1 -1.02141e-13
2 5.50671e-14
3 -1.19016e-13
2580 3
1 -1.00808e-13
2 5.77316e-14
3 -1.42109e-13
2582 3
1 -6.17284e-14
2 2.13163e-14
3 -1.68754e-13
2584 3
1 -1.15463e-13
2 -5.32907e-15
3 -9.9476e-14
2586 3
1 -1.07914e-13
2 3.90799e-14
3 -1.72307e-13
2588 3
1 -8.83738e-14
2 6.83897e-14
3 -1.06581e-13
2590 3
1 -1.08802e-13
2 9.85878e-14
3 -1.45661e-13
2592 3
1 -7.72715e-14
2 3.81917e-14
3 -9.23706e-14
2594 3
1 -1.08802e-13
2 6.21725e-15
3 -1.35003e-13
2596 3
1 -9.41469e-14
2 1.5099e-14
3 -1.54543e-13
2598 3
1 -6.4837e-14
2 3.55271e-14
3 -1.08358e-13
2600 3
1 -1.1946e-13
2 2.57572e-14
3 -1.72307e-13
2602 3
1 -9.32587e-14
2 3.01981e-14
3 -8.52651e-14
2604 3
1 -7.77156e-14
2 2.75335e-14
3 -1.54543e-13
2606 3
1 -6.61693e-14
2 7.10543e-15
3 -8.52651e-14
2608 3
1 -9.50351e-14
2 8.88178e-16
3 -1.27898e-13
2610 3
1 -6.57252e-14
2 4.70735e-14
3 -1.1724e-13
2612 3
1 -1.01696e-13
2 2.22045e-14
3 -1.1191e-13
2614 3
1 -8.17124e-14
2 4.52971e-14
3 -9.05942e-14
2616 3
1 -1.06137e-13
2 2.84217e-14
3 -9.05942e-14
2618 3
1 -9.9476e-14
2 -1.77636e-15
3 -1.06581e-13
2620 3
1 -1.16351e-13
2 6.21725e-14
3 -1.49214e-13
2622 3
1 -4.26326e-14
2 5.50671e-14
3 -1.47438e-13
2624 3
1 -8.17124e-14
2 3.37508e-14
3 -1.04805e-13
2626 3
1 -6.08402e-14
2 5.68434e-14
3 -1.24345e-13
2628 3
1 -5.41789e-14
2 4.79616e-14
3 -1.08358e-13
2630 3
1 -8.30447e-14
2 3.73035e-14
3 -1.22569e-13
2632 3
1 -4.9738e-14
2 8.26006e-14
3 -1.01252e-13
2634 3
1 -5.63993e-14
2 5.32907e-14
3 -1.20792e-13
2636 3
1 -1.23457e-13
2 9.23706e-14
3 -9.76996e-14
2638 3
1 -4.52971e-14
2 5.50671e-14
3 -1.03029e-13
2640 3
1 -5.32907e-14
2 4.9738e-14
3 -9.76996e-14
2642 3
1 -5.9952e-14
2 2.75335e-14
3 -6.03961e-14
2644 3
1 -9.54792e-14
2 2.84217e-14
3 -8.70415e-14
2646 3
1 -6.92779e-14
2 9.76996e-15
3 -1.15463e-13
2648 3
1 -8.4821e-14
2 5.9508e-14
3 -1.10134e-13
2650 3
1 -9.81437e-14
2 5.24025e-14
3 -1.15463e-13
2652 3
1 -8.79297e-14
2 3.55271e-14
3 -1.29674e-13
2654 3
1 -5.81757e-14
2 6.4837e-14
3 -4.79616e-14
2656 3
1 -6.4837e-14
2 6.83897e-14
3 -1.3145e-13
2658 3
1 -6.43929e-14
2 8.88178e-15
3 -9.59233e-14
2660 3
1 -7.68274e-14
2 6.92779e-14
3 -1.10134e-13
2662 3
1 -4.75175e-14
2 6.66134e-14
3 -1.20792e-13
2664 3
1 -9.23706e-14
2 5.77316e-14
3 -1.35003e-13
2666 3
1 -5.77316e-14
2 6.21725e-14
3 -1.35003e-13
2668 3
1 -5.06262e-14
2 6.39488e-14
3 -8.88178e-14
2670 3
1 -6.79456e-14
2 2.66454e-14
3 -1.06581e-13
2672 3
1 -8.12683e-14
2 7.63833e-14
3 -1.13687e-13
2674 3
1 -9.99201e-14
2 2.75335e-14
3 -1.01252e-13
2676 3
1 -7.50511e-14
2 4.79616e-14
3 -1.58096e-13
2678 3
1 -9.10383e-14
2 2.75335e-14
3 -1.04805e-13
2680 3
1 -7.28306e-14
2 6.12843e-14
3 -1.3145e-13
2682 3
1 -6.26166e-14
2 4.17444e-14
3 -1.26121e-13
2684 3
1 -1.06137e-13
2 2.4869e-14
3 -1.13687e-13
2686 3
1 -8.70415e-14
2 3.90799e-14
3 -1.13687e-13
2688 3
1 -6.12843e-14
2 4.08562e-14
3 -1.20792e-13
2690 3
1 -5.06262e-14
2 5.24025e-14
3 -1.40332e-13
2692 3
1 -6.66134e-14
2 4.17444e-14
3 -9.76996e-14
2694 3
1 -6.57252e-14
2 2.39808e-14
3 -1.22569e-13
2696 3
1 -6.43929e-14
2 1.59872e-14
3 -1.29674e-13
2698 3
1 -3.4639e-14
2 4.44089e-15
3 -1.13687e-13
2700 3
1 -6.52811e-14
2 2.84217e-14
3 -1.1724e-13
2702 3
1 -4.30767e-14
2 2.93099e-14
3 -1.1191e-13
2704 3
1 -6.12843e-14
2 2.39808e-14
3 -1.13687e-13
2706 3
1 -4.52971e-14
2 4.79616e-14
3 -7.99361e-14
2708 3
1 -2.35367e-14
2 3.37508e-14
3 -1.24345e-13
2710 3
1 -5.06262e-14
2 4.9738e-14
3 -1.42109e-13
2712 3
1 -5.4623e-14
2 5.50671e-14
3 -1.24345e-13
2714 3
1 -7.9492e-14
2 -4.44089e-15
3 -1.22569e-13
2716 3
1 -5.59552e-14
2 2.13163e-14
3 -1.29674e-13
2718 3
1 -4.79616e-14
2 3.4639e-14
3 -9.59233e-14
2720 3
1 -5.81757e-14
2 2.13163e-14
3 -1.01252e-13
2722 3
1 -5.72875e-14
2 1.5099e-14
3 -1.20792e-13
2724 3
1 -7.72715e-14
2 4.79616e-14
3 -6.03961e-14
2726 3
1 -7.86038e-14
2 1.06581e-14
3 -1.03029e-13
2728 3
1 -4.84057e-14
2 5.06262e-14
3 -9.9476e-14
2730 3
1 -8.57092e-14
2 2.39808e-14
3 -1.06581e-13
2732 3
1 -8.52651e-14
2 8.08242e-14
3 -9.41469e-14
2734 3
1 -5.77316e-14
2 7.81597e-14
3 -1.43885e-13
2736 3
1 -3.15303e-14
2 7.63833e-14
3 -1.24345e-13
2738 3
1 -5.50671e-14
2 8.26006e-14
3 -1.08358e-13
2740 3
1 -7.32747e-14
2 3.01981e-14
3 -1.10134e-13
2742 3
1 -5.86198e-14
2 5.15143e-14
3 -1.15463e-13
2744 3
1 -5.86198e-14
2 7.72715e-14
3 -1.65201e-13
2746 3
1 -5.81757e-14
2 4.17444e-14
3 -1.03029e-13
2748 3
1 -4.92939e-14
2 4.9738e-14
3 -1.38556e-13
2750 3
1 -5.59552e-14
2 6.66134e-14
3 -1.36779e-13
2752 3
1 -5.01821e-14
2 5.77316e-14
3 -1.20792e-13
2754 3
1 -6.21725e-14
2 3.9968e-14
3 -8.17124e-14
2756 3
1 -7.63833e-14
2 5.59552e-14
3 -1.08358e-13
2758 3
1 -7.41629e-14
2 3.9968e-14
3 -1.38556e-13
2760 3
1 -6.12843e-14
2 4.44089e-14
3 -1.03029e-13
2762 3
1 -5.90639e-14
2 1.86517e-14
3 -9.9476e-14
2764 3
1 -6.30607e-14
2 4.17444e-14
3 -1.3145e-13
2766 3
1 -7.77156e-14
2 7.63833e-14
3 -9.59233e-14
2768 3
1 -7.14984e-14
2 2.84217e-14
3 -1.1191e-13
2770 3
1 -8.21565e-14
2 3.4639e-14
3 -5.68434e-14
2772 3
1 -4.30767e-14
2 3.64153e-14
3 -1.1724e-13
2774 3
1 -6.9722e-14
2 6.12843e-14
3 -9.05942e-14
2776 3
1 -5.55112e-14
2 1.06581e-14
3 -1.13687e-13
2778 3
1 -6.4837e-14
2 1.15463e-14
3 -1.19016e-13
2780 3
1 -7.14984e-14
2 3.55271e-14
3 -9.76996e-14
2782 3
1 -5.41789e-14
2 2.66454e-14
3 -1.10134e-13
2784 3
1 -9.19265e-14
2 1.42109e-14
3 -1.03029e-13
2786 3
1 -7.19425e-14
2 3.01981e-14
3 -1.1724e-13
2788 3
1 -6.35048e-14
2 2.84217e-14
3 -1.03029e-13
2790 3
1 -4.70735e-14
2 3.9968e-14
3 -9.9476e-14
2792 3
1 -5.15143e-14
2 6.03961e-14
3 -1.13687e-13
2794 3
1 -4.70735e-14
2 1.86517e-14
3 -1.04805e-13
2796 3
1 -5.32907e-14
2 3.9968e-14
3 -1.06581e-13
2798 3
1 -7.72715e-14
2 1.68754e-14
3 -9.05942e-14
2800 3
1 -6.12843e-14
2 4.17444e-14
3 -1.13687e-13
2802 3
1 -8.52651e-14
2 1.77636e-14
3 -1.59872e-13
2804 3
1 -9.85878e-14
2 3.19744e-14
3 -1.01252e-13
2806 3
1 -5.77316e-14
2 2.93099e-14
3 -1.63425e-13
2808 3
1 -6.12843e-14
2 4.88498e-14
3 -1.40332e-13
2810 3
1 -7.10543e-14
2 3.55271e-14
3 -1.26121e-13
2812 3
1 -6.30607e-14
2 1.42109e-14
3 -1.27898e-13
2814 3
1 -4.52971e-14
2 -3.55271e-15
3 -1.15463e-13
2816 3
1 -7.68274e-14
2 3.81917e-14
3 -1.35003e-13
2818 3
1 -6.70575e-14
2 7.10543e-14
3 -1.1191e-13
2820 3
1 -9.9476e-14
2 2.22045e-14
3 -9.59233e-14
2822 3
1 -7.54952e-14
2 4.17444e-14
3 -1.43885e-13
2824 3
1 -6.92779e-14
2 1.33227e-14
3 -1.15463e-13
2826 3
1 -3.28626e-14
2 3.01981e-14
3 -1.04805e-13
2828 3
1 -7.63833e-14
2 2.75335e-14
3 -1.20792e-13
2830 3
1 -5.24025e-14
2 4.88498e-14
3 -1.33227e-13
2832 3
1 -3.73035e-14
2 2.4869e-14
3 -1.43885e-13
2834 3
1 -2.39808e-14
2 2.04281e-14
3 -1.56319e-13
2836 3
1 -5.68434e-14
2 3.90799e-14
3 -9.76996e-14
2838 3
1 -3.10862e-14
2 -3.55271e-15
3 -2.06057e-13
2840 3
1 -4.08562e-14
2 2.66454e-14
3 -1.24345e-13
2842 3
1 -2.53131e-14
2 1.24345e-14
3 -1.13687e-13
2844 3
1 -3.81917e-14
2 4.44089e-15
3 -7.10543e-14
2846 3
1 -5.86198e-14
2 6.21725e-14
3 -1.24345e-13
2848 3
1 -1.06581e-14
2 2.4869e-14
3 -1.24345e-13
2850 3
1 -2.57572e-14
2 3.73035e-14
3 -1.24345e-13
2852 3
1 -4.61853e-14
2 9.76996e-15
3 -1.42109e-13
2854 3
1 -3.28626e-14
2 4.44089e-15
3 -1.45661e-13
2856 3
1 -4.88498e-14
2 2.39808e-14
3 -1.5099e-13
2858 3
1 -4.52971e-14
2 -4.44089e-15
3 -9.23706e-14
2860 3
1 -3.64153e-14
2 -1.77636e-15
3 -1.19016e-13
2862 3
1 -2.30926e-14
2 3.73035e-14
3 -1.59872e-13
2864 3
1 -4.44089e-14
2 2.30926e-14
3 -9.41469e-14
2866 3
1 -7.81597e-14
2 -4.44089e-15
3 -1.52767e-13
2868 3
1 -3.19744e-14
2 2.93099e-14
3 -1.33227e-13
2870 3
1 -3.19744e-14
2 -3.28626e-14
3 -9.59233e-14
2872 3
1 -1.42109e-14
2 -1.77636e-15
3 -1.7053e-13
2874 3
1 -2.75335e-14
2 -2.66454e-15
3 -1.20792e-13
2876 3
1 -2.93099e-14
2 9.76996e-15
3 -1.1724e-13
2878 3
1 -6.52811e-14
2 -8.88178e-16
3 -1.36779e-13
2880 3
1 -8.08242e-14
2 -1.24345e-14
3 -1.7053e-13
2882 3
1 -5.01821e-14
2 1.77636e-15
3 -1.7053e-13
2884 3
1 -6.30607e-14
2 2.13163e-14
3 -1.36779e-13
2886 3
1 -2.84217e-14
2 7.10543e-15
3 -8.70415e-14
2888 3
1 -4.35207e-14
2 6.21725e-15
3 -1.27898e-13
2890 3
1 -9.32587e-15
2 5.68434e-14
3 -1.79412e-13
2892 3
1 -5.50671e-14
2 -1.06581e-14
3 -8.52651e-14
2894 3
1 -4.44089e-14
2 2.84217e-14
3 -1.72307e-13
2896 3
1 -5.86198e-14
2 1.68754e-14
3 -1.65201e-13
2898 3
1 -5.24025e-14
2 1.86517e-14
3 -1.20792e-13
2900 3
1 -5.15143e-14
2 1.95399e-14
3 -1.52767e-13
2902 3
1 -4.75175e-14
2 2.13163e-14
3 -1.45661e-13
2904 3
1 -1.95399e-14
2 3.81917e-14
3 -1.13687e-13
2906 3
1 -4.4853e-14
2 2.13163e-14
3 -1.36779e-13
2908 3
1 -3.28626e-14
2 3.55271e-14
3 -1.1191e-13
2910 3
1 -4.35207e-14
2 2.57572e-14
3 -1.29674e-13
2912 3
1 -4.44089e-14
2 2.57572e-14
3 -1.01252e-13
2914 3
1 -3.90799e-14
2 5.77316e-14
3 -8.17124e-14
2916 3
1 -3.90799e-14
2 2.30926e-14
3 -1.63425e-13
2918 3
1 -5.24025e-14
2 8.70415e-14
3 -7.99361e-14
2920 3
1 -3.86358e-14
2 -2.66454e-15
3 -1.40332e-13
2922 3
1 -4.57412e-14
2 3.55271e-15
3 -1.33227e-13
2924 3
1 -8.12683e-14
2 4.26326e-14
3 -1.38556e-13
2926 3
1 -1.24345e-14
2 7.90479e-14
3 -7.81597e-14
2928 3
1 -6.21725e-14
2 4.44089e-15
3 -1.20792e-13
2930 3
1 -3.95239e-14
2 1.42109e-14
3 -1.1191e-13
2932 3
1 -5.50671e-14
2 9.76996e-15
3 -1.63425e-13
2934 3
1 -8.34888e-14
2 6.12843e-14
3 -1.5099e-13
2936 3
1 -7.90479e-14
2 5.68434e-14
3 -1.33227e-13
2938 3
1 -4.26326e-14
2 -2.66454e-15
3 -1.13687e-13
2940 3
1 -4.61853e-14
2 3.10862e-14
3 -9.59233e-14
2942 3
1 -7.77156e-14
2 6.66134e-14
3 -9.05942e-14
2944 3
1 -4.75175e-14
2 2.39808e-14
3 -1.03029e-13
2946 3
1 -4.75175e-14
2 3.28626e-14
3 -1.10134e-13
2948 3
1 -5.01821e-14
2 2.4869e-14
3 -1.10134e-13
2950 3
1 -5.90639e-14
2 2.22045e-14
3 -1.35003e-13
2952 3
1 -3.9968e-14
2 4.04121e-14
3 -1.66978e-13
2954 3
1 -6.03961e-14
2 3.68594e-14
3 -1.04805e-13
2956 3
1 -2.84217e-14
2 5.50671e-14
3 -1.5099e-13
2958 3
1 -5.19584e-14
2 5.32907e-14
3 -1.10134e-13
2960 3
1 -4.88498e-15
2 3.55271e-14
3 -1.1724e-13
2962 3
1 -3.68594e-14
2 2.4869e-14
3 -1.49214e-13
2964 3
1 -6.21725e-14
2 3.19744e-14
3 -1.29674e-13
2966 3
1 -7.90479e-14
2 4.26326e-14
3 -1.49214e-13
2968 3
1 -3.55271e-14
2 6.39488e-14
3 -1.33227e-13
2970 3
1 -5.41789e-14
2 9.76996e-15
3 -1.04805e-13
2972 3
1 -6.39488e-14
2 8.88178e-16
3 -8.17124e-14
2974 3
1 -5.9952e-14
2 5.68434e-14
3 -1.1724e-13
2976 3
1 -3.9968e-14
2 6.21725e-14
3 -1.47438e-13
2978 3
1 -7.37188e-14
2 8.88178e-15
3 -1.24345e-13
2980 3
1 -6.75016e-14
2 3.68594e-14
3 -8.70415e-14
2982 3
1 -5.24025e-14
2 4.84057e-14
3 -9.05942e-14
2984 3
1 -4.52971e-14
2 5.68434e-14
3 -1.26121e-13
2986 3
1 -6.30607e-14
2 2.75335e-14
3 -1.08358e-13
2988 3
1 -3.64153e-14
2 1.24345e-14
3 -1.52767e-13
2990 3
1 -3.10862e-14
2 7.37188e-14
3 -1.33227e-13
2992 3
1 -3.73035e-14
2 3.28626e-14
3 -1.77636e-13
2994 3
1 -5.41789e-14
2 3.28626e-14
3 -1.43885e-13
2996 3
1 -1.86517e-14
2 5.9508e-14
3 -1.3145e-13
2998 3
1 -5.77316e-14
2 3.10862e-14
3 -1.49214e-13
3000 3
1 -4.44089e-14
2 6.12843e-14
3 -1.15463e-13
3002 3
1 -4.79616e-14
2 5.15143e-14
3 -1.27898e-13
3004 3
1 -4.79616e-14
2 5.32907e-15
3 -1.26121e-13
3006 3
1 -3.28626e-14
2 1.59872e-14
3 -1.1191e-13
3008 3
1 -8.88178e-16
2 8.08242e-14
3 -1.1724e-13
3010 3
1 -2.30926e-14
2 4.04121e-14
3 -8.52651e-14
3012 3
1 -2.93099e-14
2 6.08402e-14
3 -1.27898e-13
3014 3
1 -6.21725e-14
2 8.52651e-14
3 -1.1724e-13
3016 3
1 -1.68754e-14
2 5.10703e-14
3 -7.99361e-14
3018 3
1 -5.24025e-14
2 3.4639e-14
3 -9.23706e-14
3020 3
1 -3.10862e-14
2 2.39808e-14
3 -1.15463e-13
3022 3
1 -1.59872e-14
2 3.81917e-14
3 -1.08358e-13
3024 3
1 -3.37508e-14
2 1.11022e-14
3 -1.68754e-13
3026 3
1 -3.24185e-14
2 5.24025e-14
3 -1.52767e-13
3028 3
1 -8.43769e-15
2 2.13163e-14
3 -1.01252e-13
3030 3
1 -3.15303e-14
2 6.66134e-14
3 -1.1191e-13
3032 3
1 -1.86517e-14
2 3.90799e-14
3 -1.36779e-13
3034 3
1 -6.75016e-14
2 6.92779e-14
3 -9.9476e-14
3036 3
1 -1.86517e-14
2 3.01981e-14
3 -1.38556e-13
3038 3
1 -5.19584e-14
2 8.52651e-14
3 -1.22569e-13
3040 3
1 -4.35207e-14
2 7.99361e-15
3 -1.24345e-13
3042 3
1 -5.15143e-14
2 7.63833e-14
3 -1.01252e-13
3044 3
1 -2.75335e-14
2 3.81917e-14
3 -1.36779e-13
3046 3
1 -4.26326e-14
2 6.08402e-14
3 -7.63833e-14
3048 3
1 -5.32907e-14
2 2.53131e-14
3 -1.36779e-13
3050 3
1 -4.75175e-14
2 9.14824e-14
3 -1.56319e-13
3052 3
1 -5.10703e-14
2 3.41949e-14
3 -8.52651e-14
3054 3
1 -6.43929e-14
2 6.08402e-14
3 -1.06581e-13
3056 3
1 -6.03961e-14
2 2.66454e-15
3 -1.3145e-13
3058 3
1 -2.66454e-14
2 3.9968e-14
3 -1.13687e-13
3060 3
1 -3.90799e-14
2 2.57572e-14
3 -1.33227e-13
3062 3
1 -6.66134e-14
2 3.10862e-14
3 -1.01252e-13
3064 3
1 -4.79616e-14
2 2.17604e-14
3 -1.72307e-13
3066 3
1 -2.75335e-14
2 1.19904e-14
3 -1.63425e-13
3068 3
1 -7.99361e-15
2 9.32587e-15
3 -1.26121e-13
3070 3
1 -3.15303e-14
2 3.01981e-14
3 -1.66978e-13
3072 3
1 -3.4639e-14
2 3.37508e-14
3 -1.45661e-13
3074 3
1 -4.75175e-14
2 5.32907e-15
3 -1.27898e-13
3076 3
1 -5.9952e-14
2 2.84217e-14
3 -1.3145e-13
3078 3
1 -3.10862e-14
2 4.4853e-14
3 -1.66978e-13
3080 3
1 -3.55271e-14
2 3.01981e-14
3 -1.1724e-13
3082 3
1 -6.4837e-14
2 2.93099e-14
3 -1.52767e-13
3084 3
1 -6.75016e-14
2 3.73035e-14
3 -1.5099e-13
3086 3
1 -2.70894e-14
2 1.06581e-14
3 -1.42109e-13
3088 3
1 -2.26485e-14
2 4.26326e-14
3 -1.45661e-13
3090 3
1 -3.55271e-14
2 5.15143e-14
3 -1.13687e-13
3092 3
1 -2.30926e-14
2 3.9968e-14
3 -1.75859e-13
3094 3
1 -2.75335e-14
2 3.19744e-14
3 -1.61648e-13
3096 3
1 -2.84217e-14
2 3.9968e-14
3 -1.29674e-13
3098 3
1 -3.90799e-14
2 2.75335e-14
3 -1.26121e-13
3100 3
1 -3.73035e-14
2 2.75335e-14
3 -1.98952e-13
3102 3
1 -3.73035e-14
2 3.37508e-14
3 -9.59233e-14
3104 3
1 -4.79616e-14
2 6.83897e-14
3 -1.58096e-13
3106 3
1 -8.88178e-16
2 8.88178e-16
3 -1.20792e-13
3108 3
1 -2.66454e-14
2 2.84217e-14
3 -1.29674e-13
3110 3
1 -3.4639e-14
2 -8.88178e-16
3 -1.61648e-13
3112 3
1 -2.57572e-14
2 6.30607e-14
3 -9.59233e-14
3114 3
1 -1.55431e-14
2 3.4639e-14
3 -1.20792e-13
3116 3
1 -5.59552e-14
2 1.5099e-14
3 -1.43885e-13
3118 3
1 -5.63993e-14
2 9.68114e-14
3 -1.49214e-13
3120 3
1 -1.42109e-14
2 8.88178e-14
3 -1.3145e-13
3122 3
1 -2.84217e-14
2 2.22045e-14
3 -1.45661e-13
3124 3
1 -3.28626e-14
2 9.76996e-14
3 -1.43885e-13
3126 3
1 -1.86517e-14
2 3.73035e-14
3 -1.52767e-13
3128 3
1 -3.9968e-14
2 4.52971e-14
3 -1.47438e-13
3130 3
1 8.88178e-16
2 2.75335e-14
3 -1.79412e-13
3132 3
1 -3.9968e-14
2 2.22045e-14
3 -1.10134e-13
3134 3
1 -4.39648e-14
2 3.90799e-14
3 -1.38556e-13
3136 3
1 -5.06262e-14
2 9.76996e-15
3 -1.56319e-13
3138 3
1 -1.86517e-14
2 1.24345e-14
3 -1.54543e-13
3140 3
1 -6.66134e-15
2 5.41789e-14
3 -1.27898e-13
3142 3
1 -1.95399e-14
2 2.57572e-14
3 -2.07834e-13
3144 3
1 -3.9968e-14
2 4.44089e-14
3 -1.3145e-13
3146 3
1 -2.84217e-14
2 5.15143e-14
3 -2.30926e-13
3148 3
1 -8.88178e-15
2 5.06262e-14
3 -1.75859e-13
3150 3
1 -3.24185e-14
2 4.79616e-14
3 -1.65201e-13
3152 3
1 -4.61853e-14
2 4.44089e-14
3 -1.33227e-13
3154 3
1 -1.73195e-14
2 1.59872e-14
3 -1.58096e-13
3156 3
1 -3.95239e-14
2 6.92779e-14
3 -1.40332e-13
3158 3
1 -7.10543e-15
2 6.75016e-14
3 -1.38556e-13
3160 3
1 -3.81917e-14
2 7.19425e-14
3 -1.35003e-13
3162 3
1 -2.84217e-14
2 4.17444e-14
3 -1.42109e-13
3164 3
1 -1.95399e-14
2 4.08562e-14
3 -1.19016e-13
3166 3
1 -2.57572e-14
2 1.24345e-14
3 -1.68754e-13
3168 3
1 -1.86517e-14
2 4.26326e-14
3 -1.5099e-13
3170 3
1 -2.66454e-14
2 7.72715e-14
3 -1.26121e-13
3172 3
1 -4.70735e-14
2 9.41469e-14
3 -1.33227e-13
3174 3
1 -5.55112e-14
2 4.17444e-14
3 -1.04805e-13
3176 3
1 -4.75175e-14
2 5.41789e-14
3 -1.56319e-13
3178 3
1 -4.9738e-14
2 5.77316e-14
3 -1.77636e-13
3180 3
1 -2.04281e-14
2 7.19425e-14
3 -1.65201e-13
3182 3
1 4.44089e-16
2 2.84217e-14
3 -9.41469e-14
3184 3
1 -7.54952e-15
2 2.04281e-14
3 -7.10543e-14
3186 3
1 -4.79616e-14
2 9.05942e-14
3 -1.27898e-13
3188 3
1 -2.84217e-14
2 5.86198e-14
3 -1.82965e-13
3190 3
1 3.55271e-15
2 6.66134e-14
3 -1.27898e-13
3192 3
1 -5.15143e-14
2 6.12843e-14
3 -1.68754e-13
3194 3
1 -1.42109e-14
2 4.9738e-14
3 -1.3145e-13
3196 3
1 -2.22045e-14
2 4.70735e-14
3 -1.40332e-13
3198 3
1 -1.33227e-14
2 5.15143e-14
3 -1.20792e-13
3200 3
1 -5.68434e-14
2 8.52651e-14
3 -9.9476e-14
3202 3
1 -3.01981e-14
2 7.90479e-14
3 -9.9476e-14
3204 3
1 -3.4639e-14
2 6.21725e-14
3 -1.47438e-13
3206 3
1 -2.66454e-14
2 5.50671e-14
3 -1.47438e-13
3208 3
1 -1.86517e-14
2 9.85878e-14
3 -1.58096e-13
3210 3
1 -1.77636e-14
2 5.06262e-14
3 -1.65201e-13
3212 3
1 -3.24185e-14
2 9.41469e-14
3 -1.58096e-13
3214 3
1 -1.86517e-14
2 5.86198e-14
3 -9.05942e-14
3216 3
1 -4.08562e-14
2 2.66454e-14
3 -2.18492e-13
3218 3
1 -6.08402e-14
2 3.90799e-14
3 -1.5099e-13
3220 3
1 -2.57572e-14
2 7.99361e-14
3 -1.56319e-13
3222 3
1 -1.68754e-14
2 1.06581e-14
3 -1.63425e-13
3224 3
1 -2.30926e-14
2 5.86198e-14
3 -1.45661e-13
3226 3
1 -3.9968e-14
2 5.77316e-14
3 -1.24345e-13
3228 3
1 -2.04281e-14
2 8.88178e-14
3 -1.1724e-13
3230 3
1 -3.37508e-14
2 2.4869e-14
3 -1.66978e-13
3232 3
1 -2.84217e-14
2 6.39488e-14
3 -1.88294e-13
3234 3
1 -1.59872e-14
2 6.12843e-14
3 -1.3145e-13
3236 3
1 1.5099e-14
2 9.76996e-14
3 -1.27898e-13
3238 3
1 -2.84217e-14
2 5.86198e-14
3 -1.29674e-13
3240 3
1 -1.68754e-14
2 9.41469e-14
3 -1.27898e-13
3242 3
1 -1.5099e-14
2 1.10134e-13
3 -1.35003e-13
3244 3
1 -2.04281e-14
2 5.41789e-14
3 -9.59233e-14
3246 3
1 -2.30926e-14
2 5.68434e-14
3 -1.15463e-13
3248 3
1 -1.86517e-14
2 7.4607e-14
3 -1.75859e-13
3250 3
1 1.77636e-15
2 7.10543e-14
3 -1.19016e-13
3252 3
1 -1.95399e-14
2 3.4639e-14
3 -7.63833e-14
3254 3
1 -1.15463e-14
2 5.06262e-14
3 -1.88294e-13
3256 3
1 -7.10543e-15
2 1.00364e-13
3 -1.3145e-13
3258 3
1 -3.9968e-14
2 2.84217e-14
3 -1.06581e-13
3260 3
1 -2.84217e-14
2 3.19744e-14
3 -1.79412e-13
3262 3
1 -1.77636e-14
2 2.75335e-14
3 -1.06581e-13
3264 3
1 -3.55271e-14
2 3.10862e-14
3 -1.45661e-13
3266 3
1 -5.41789e-14
2 4.88498e-14
3 -1.08358e-13
3268 3
1 -3.37508e-14
2 5.15143e-14
3 -1.3145e-13
3270 3
1 -3.55271e-14
2 5.9508e-14
3 -1.03029e-13
3272 3
1 -2.66454e-14
2 7.19425e-14
3 -1.06581e-13
3274 3
1 -4.70735e-14
2 4.70735e-14
3 -1.38556e-13
3276 3
1 -7.10543e-15
2 3.90799e-14
3 -1.33227e-13
3278 3
1 -2.57572e-14
2 1.15463e-14
3 -1.1191e-13
3280 3
1 -3.19744e-14
2 -8.88178e-16
3 -1.75859e-13
3282 3
1 -6.30607e-14
2 9.76996e-15
3 -1.38556e-13
3284 3
1 -2.4869e-14
2 3.28626e-14
3 -1.63425e-13
3286 3
1 -4.08562e-14
2 6.4837e-14
3 -1.74083e-13
3288 3
1 -2.4869e-14
2 5.59552e-14
3 -1.75859e-13
3290 3
1 8.88178e-16
2 5.32907e-14
3 -1.24345e-13
3292 3
1 -1.5099e-14
2 2.4869e-14
3 -1.49214e-13
3294 3
1 -9.76996e-15
2 3.55271e-15
3 -1.19016e-13
3296 3
1 4.44089e-15
2 4.35207e-14
3 -1.61648e-13
3298 3
1 -2.39808e-14
2 6.66134e-14
3 -1.54543e-13
3300 3
1 -2.75335e-14
2 4.79616e-14
3 -1.66978e-13
3302 3
1 -1.24345e-14
2 7.37188e-14
3 -1.26121e-13
3304 3
1 -3.90799e-14
2 7.10543e-15
3 -1.63425e-13
3306 3
1 -5.77316e-14
2 5.68434e-14
3 -1.68754e-13
3308 3
1 -2.75335e-14
2 7.37188e-14
3 -1.20792e-13
3310 3
1 -4.08562e-14
2 7.37188e-14
3 -1.66978e-13
3312 3
1 -2.35367e-14
2 2.04281e-14
3 -1.72307e-13
3314 3
1 -2.22045e-15
2 4.17444e-14
3 -1.36779e-13
3316 3
1 6.66134e-15
2 2.57572e-14
3 -1.59872e-13
3318 3
1 -2.88658e-14
2 3.73035e-14
3 -1.81188e-13
3320 3
1 -1.5099e-14
2 6.57252e-14
3 -1.77636e-13
3322 3
1 -5.32907e-15
2 6.92779e-14
3 -1.40332e-13
3324 3
1 7.10543e-15
2 2.93099e-14
3 -1.88294e-13
3326 3
1 1.33227e-14
2 4.35207e-14
3 -1.43885e-13
3328 3
1 -2.30926e-14
2 2.22045e-14
3 -1.74083e-13
3330 3
1 -1.42109e-14
2 8.9706e-14
3 -1.74083e-13
3332 3
1 -2.4869e-14
2 -1.5099e-14
3 -1.66978e-13
3334 3
1 7.10543e-15
2 3.90799e-14
3 -1.06581e-13
3336 3
1 -3.4639e-14
2 2.4869e-14
3 -1.01252e-13
3338 3
1 -2.13163e-14
2 5.9508e-14
3 -1.27898e-13
3340 3
1 -1.77636e-15
2 -2.66454e-15
3 -1.7053e-13
3342 3
1 -2.4869e-14
2 5.41789e-14
3 -1.66978e-13
3344 3
1 -3.55271e-15
2 7.37188e-14
3 -1.49214e-13
3346 3
1 -1.42109e-14
2 3.01981e-14
3 -1.7053e-13
3348 3
1 3.55271e-15
2 5.59552e-14
3 -1.22569e-13
3350 3
1 -1.15463e-14
2 3.37508e-14
3 -1.75859e-13
3352 3
1 -2.39808e-14
2 2.13163e-14
3 -1.43885e-13
3354 3
1 -3.55271e-15
2 2.66454e-14
3 -1.58096e-13
3356 3
1 -2.75335e-14
2 6.39488e-14
3 -1.3145e-13
3358 3
1 -3.9968e-14
2 1.95399e-14
3 -1.10134e-13
3360 3
1 -2.04281e-14
2 1.15463e-14
3 -1.56319e-13
3362 3
1 -3.9968e-14
2 2.22045e-14
3 -1.52767e-13
3364 3
1 -2.39808e-14
2 2.30926e-14
3 -1.65201e-13
3366 3
1 -2.13163e-14
2 2.84217e-14
3 -2.11386e-13
3368 3
1 -6.21725e-15
2 4.88498e-14
3 -1.5099e-13
3370 3
1 -2.22045e-14
2 4.70735e-14
3 -1.81188e-13
3372 3
1 -8.88178e-16
2 3.9968e-14
3 -1.91847e-13
3374 3
1 -1.77636e-14
2 1.5099e-14
3 -1.7053e-13
3376 3
1 -3.19744e-14
2 3.28626e-14
3 -1.33227e-13
3378 3
1 -2.66454e-14
2 2.13163e-14
3 -1.45661e-13
3380 3
1 1.24345e-14
2 3.9968e-14
3 -1.5099e-13
3382 3
1 -4.61853e-14
2 5.06262e-14
3 -1.45661e-13
3384 3
1 -3.28626e-14
2 6.21725e-15
3 -1.61648e-13
3386 3
1 -2.66454e-14
2 2.04281e-14
3 -1.35003e-13
3388 3
1 2.66454e-15
2 3.81917e-14
3 -1.9007e-13
3390 3
1 -9.76996e-15
2 7.10543e-15
3 -1.61648e-13
3392 3
1 -2.22045e-14
2 1.68754e-14
3 -1.47438e-13
3394 3
1 -4.52971e-14
2 8.43769e-14
3 -1.63425e-13
3396 3
1 -1.15463e-14
2 4.35207e-14
3 -1.40332e-13
3398 3
1 -6.12843e-14
2 3.01981e-14
3 -1.65201e-13
3400 3
1 -3.37508e-14
2 2.13163e-14
3 -1.75859e-13
3402 3
1 -3.37508e-14
2 -1.24345e-14
3 -1.22569e-13
3404 3
1 6.21725e-15
2 4.52971e-14
3 -1.22569e-13
3406 3
1 -1.95399e-14
2 4.61853e-14
3 -1.42109e-13
3408 3
1 -4.79616e-14
2 3.73035e-14
3 -1.91847e-13
3410 3
1 -1.42109e-14
2 7.01661e-14
3 -1.54543e-13
3412 3
1 -1.06581e-14
2 7.01661e-14
3 -1.47438e-13
3414 3
1 6.21725e-15
2 2.30926e-14
3 -1.59872e-13
3416 3
1 -1.33227e-14
2 6.30607e-14
3 -1.7053e-13
3418 3
1 -4.17444e-14
2 2.04281e-14
3 -1.20792e-13
3420 3
1 -5.9508e-14
2 3.55271e-15
3 -1.33227e-13
3422 3
1 3.19744e-14
2 1.33227e-14
3 -1.56319e-13
3424 3
1 -1.06581e-14
2 4.35207e-14
3 -1.84741e-13
3426 3
1 -2.13163e-14
2 -5.32907e-15
3 -1.38556e-13
3428 3
1 -1.15463e-14
2 5.77316e-14
3 -1.26121e-13
3430 3
1 -3.28626e-14
2 2.57572e-14
3 -1.35003e-13
3432 3
1 3.55271e-15
2 1.42109e-14
3 -1.77636e-13
3434 3
1 -2.66454e-15
2 3.55271e-14
3 -1.15463e-13
3436 3
1 -5.32907e-15
2 2.22045e-14
3 -1.58096e-13
3438 3
1 -4.44089e-15
2 4.44089e-14
3 -8.17124e-14
3440 3
1 -7.99361e-15
2 3.81917e-14
3 -9.23706e-14
3442 3
1 -1.86517e-14
2 3.90799e-14
3 -1.10134e-13
3444 3
1 -3.10862e-14
2 6.30607e-14
3 -1.47438e-13
3446 3
1 -6.21725e-15
2 6.66134e-14
3 -1.29674e-13
3448 3
1 1.42109e-14
2 4.79616e-14
3 -1.52767e-13
3450 3
1 -3.55271e-15
2 4.79616e-14
3 -1.45661e-13
3452 3
1 -5.32907e-15
2 7.37188e-14
3 -1.38556e-13
3454 3
1 -8.88178e-15
2 6.03961e-14
3 -1.24345e-13
3456 3
1 -4.44089e-15
2 8.70415e-14
3 -1.13687e-13
3458 3
1 -2.66454e-15
2 5.50671e-14
3 -1.29674e-13
3460 3
1 -1.77636e-14
2 4.61853e-14
3 -1.1191e-13
3462 3
1 -1.42109e-14
2 4.35207e-14
3 -1.40332e-13
3464 3
1 -1.59872e-14
2 2.84217e-14
3 -1.19016e-13
3466 3
1 1.77636e-14
2 2.22045e-14
3 -1.10134e-13
3468 3
1 -1.95399e-14
2 6.57252e-14
3 -1.26121e-13
3470 3
1 0
2 5.77316e-14
3 -9.05942e-14
3472 3
1 -1.06581e-14
2 -9.76996e-15
3 -1.1724e-13
3474 3
1 -9.76996e-15
2 4.08562e-14
3 -9.41469e-14
3476 3
1 -2.13163e-14
2 1.5099e-14
3 -9.41469e-14
3478 3
1 -2.13163e-14
2 5.24025e-14
3 -6.03961e-14
3480 3
1 -1.42109e-14
2 6.03961e-14
3 -1.06581e-13
3482 3
1 -4.44089e-15
2 2.30926e-14
3 -9.76996e-14
3484 3
1 -1.24345e-14
2 1.33227e-14
3 -7.4607e-14
3486 3
1 -2.04281e-14
2 1.77636e-14
3 -1.3145e-13
3488 3
1 1.77636e-15
2 3.19744e-14
3 -1.52767e-13
3490 3
1 -4.08562e-14
2 2.30926e-14
3 -1.13687e-13
3492 3
1 -2.57572e-14
2 9.76996e-15
3 -1.10134e-13
3494 3
1 -7.99361e-15
2 5.68434e-14
3 -1.36779e-13
3496 3
1 3.55271e-15
2 1.06581e-14
3 -1.27898e-13
3498 3
1 -1.15463e-14
2 4.35207e-14
3 -9.9476e-14
3500 3
1 -1.24345e-14
2 4.61853e-14
3 -8.52651e-14
3502 3
1 7.10543e-15
2 3.28626e-14
3 -1.06581e-13
3504 3
1 -4.44089e-15
2 1.68754e-14
3 -1.06581e-13
3506 3
1 -3.28626e-14
2 4.08562e-14
3 -9.59233e-14
3508 3
1 -2.84217e-14
2 1.77636e-14
3 -1.29674e-13
3510 3
1 -1.86517e-14
2 1.68754e-14
3 -1.06581e-13
3512 3
1 -8.88178e-15
2 -1.5099e-14
3 -1.08358e-13
3514 3
1 -2.04281e-14
2 -2.39808e-14
3 -9.05942e-14
3516 3
1 1.77636e-15
2 7.10543e-15
3 -1.01252e-13
3518 3
1 -4.44089e-14
2 -1.95399e-14
3 -7.63833e-14
3520 3
1 7.10543e-15
2 3.55271e-15
3 -1.01252e-13
3522 3
1 -4.08562e-14
2 6.03961e-14
3 -1.36779e-13
3524 3
1 -2.75335e-14
2 5.06262e-14
3 -1.19016e-13
3526 3
1 -1.11022e-14
2 4.08562e-14
3 -1.01252e-13
3528 3
1 -3.01981e-14
2 4.17444e-14
3 -1.27898e-13
3530 3
1 -1.59872e-14
2 6.03961e-14
3 -1.29674e-13
3532 3
1 -6.21725e-15
2 3.64153e-14
3 -1.27898e-13
3534 3
1 -7.99361e-15
2 6.03961e-14
3 -6.57252e-14
3536 3
1 -1.68754e-14
2 1.24345e-14
3 -1.10134e-13
3538 3
1 2.93099e-14
2 3.55271e-14
3 -8.17124e-14
3540 3
1 -1.24345e-14
2 5.41789e-14
3 -1.24345e-13
3542 3
1 1.24345e-14
2 2.93099e-14
3 -1.29674e-13
3544 3
1 -2.66454e-14
2 5.9508e-14
3 -7.99361e-14
3546 3
1 3.64153e-14
2 7.01661e-14
3 -1.1724e-13
3548 3
1 1.86517e-14
2 6.12843e-14
3 -1.1191e-13
3550 3
1 -7.10543e-15
2 4.26326e-14
3 -6.03961e-14
3552 3
1 -9.76996e-15
2 6.03961e-14
3 -9.59233e-14
3554 3
1 -4.08562e-14
2 8.34888e-14
3 -1.81188e-13
3556 3
1 -8.88178e-16
2 4.17444e-14
3 -1.33227e-13
3558 3
1 7.54952e-15
2 5.32907e-14
3 -1.36779e-13
3560 3
1 5.32907e-15
2 3.64153e-14
3 -1.08358e-13
3562 3
1 2.66454e-15
2 7.72715e-14
3 -7.4607e-14
3564 3
1 2.84217e-14
2 2.75335e-14
3 -1.04805e-13
3566 3
1 -6.21725e-15
2 1.59872e-14
3 -1.38556e-13
3568 3
1 -3.55271e-14
2 5.15143e-14
3 -1.06581e-13
3570 3
1 -4.44089e-15
2 2.22045e-14
3 -1.35003e-13
3572 3
1 -8.88178e-15
2 4.35207e-14
3 -1.36779e-13
3574 3
1 -5.32907e-15
2 3.37508e-14
3 -1.03029e-13
3576 3
1 -2.66454e-14
2 9.14824e-14
3 -1.36779e-13
3578 3
1 -1.64313e-14
2 -8.88178e-16
3 -1.49214e-13
3580 3
1 5.32907e-15
2 6.57252e-14
3 -1.01252e-13
3582 3
1 -7.99361e-15
2 7.10543e-14
3 -1.13687e-13
3584 3
1 3.55271e-15
2 5.15143e-14
3 -1.24345e-13
3586 3
1 5.32907e-15
2 5.50671e-14
3 -1.20792e-13
3588 3
1 -2.22045e-14
2 4.52971e-14
3 -1.03029e-13
3590 3
1 1.59872e-14
2 2.66454e-14
3 -1.19016e-13
3592 3
1 -7.10543e-15
2 4.88498e-14
3 -1.33227e-13
3594 3
1 2.04281e-14
2 4.9738e-14
3 -1.22569e-13
3596 3
1 -1.77636e-15
2 4.08562e-14
3 -1.06581e-13
3598 3
1 1.5099e-14
2 4.9738e-14
3 -7.99361e-14
3600 3
1 5.32907e-15
2 3.73035e-14
3 -1.33227e-13
3602 3
1 -1.15463e-14
2 5.77316e-14
3 -1.42109e-13
3604 3
1 2.84217e-14
2 4.44089e-15
3 -1.10134e-13
3606 3
1 2.30926e-14
2 7.01661e-14
3 -1.20792e-13
3608 3
1 -1.77636e-14
2 3.9968e-14
3 -1.54543e-13
3610 3
1 -6.21725e-15
2 4.17444e-14
3 -1.24345e-13
3612 3
1 -1.77636e-15
2 3.10862e-14
3 -1.54543e-13
3614 3
1 1.33227e-14
2 2.75335e-14
3 -1.43885e-13
3616 3
1 5.06262e-14
2 4.52971e-14
3 -1.79412e-13
3618 3
1 1.33227e-14
2 4.61853e-14
3 -1.40332e-13
3620 3
1 7.99361e-15
2 5.06262e-14
3 -1.29674e-13
3622 3
1 2.13163e-14
2 5.50671e-14
3 -1.93623e-13
3624 3
1 1.77636e-15
2 4.9738e-14
3 -1.66978e-13
3626 3
1 -1.86517e-14
2 1.42109e-14
3 -1.15463e-13
3628 3
1 1.59872e-14
2 3.28626e-14
3 -1.45661e-13
3630 3
1 -1.33227e-14
2 6.21725e-14
3 -1.24345e-13
3632 3
1 7.10543e-15
2 8.79297e-14
3 -1.49214e-13
3634 3
1 -6.21725e-15
2 2.75335e-14
3 -1.38556e-13
3636 3
1 2.4869e-14
2 1.5099e-14
3 -9.76996e-14
3638 3
1 -1.77636e-15
2 1.06581e-14
3 -1.61648e-13
3640 3
1 3.64153e-14
2 1.86517e-14
3 -1.52767e-13
3642 3
1 1.95399e-14
2 5.24025e-14
3 -1.9007e-13
3644 3
1 3.73035e-14
2 5.68434e-14
3 -1.22569e-13
3646 3
1 3.10862e-14
2 4.88498e-14
3 -1.24345e-13
3648 3
1 4.44089e-15
2 0
3 -1.58096e-13
3650 3
1 8.88178e-16
2 6.75016e-14
3 -1.40332e-13
3652 3
1 1.95399e-14
2 2.04281e-14
3 -1.35003e-13
3654 3
1 4.79616e-14
2 3.37508e-14
3 -1.59872e-13
3656 3
1 1.68754e-14
2 3.55271e-14
3 -1.10134e-13
3658 3
1 -2.13163e-14
2 5.77316e-14
3 -1.45661e-13
3660 3
1 6.21725e-15
2 -2.66454e-14
3 -1.36779e-13
3662 3
1 1.5099e-14
2 2.39808e-14
3 -1.56319e-13
3664 3
1 4.44089e-14
2 4.26326e-14
3 -1.74083e-13
3666 3
1 1.06581e-14
2 1.42109e-14
3 -1.43885e-13
3668 3
1 2.66454e-15
2 1.06581e-14
3 -1.79412e-13
3670 3
1 3.55271e-14
2 2.93099e-14
3 -1.66978e-13
3672 3
1 3.81917e-14
2 7.01661e-14
3 -2.00728e-13
3674 3
1 2.13163e-14
2 6.30607e-14
3 -2.07834e-13
3676 3
1 -1.95399e-14
2 2.57572e-14
3 -1.63425e-13
3678 3
1 1.59872e-14
2 3.10862e-14
3 -1.77636e-13
3680 3
1 2.22045e-14
2 -4.26326e-14
3 -1.68754e-13
3682 3
1 1.33227e-14
2 1.42109e-14
3 -1.88294e-13
3684 3
1 -1.5099e-14
2 2.04281e-14
3 -1.49214e-13
3686 3
1 -1.77636e-14
2 1.24345e-14
3 -1.56319e-13
3688 3
1 1.24345e-14
2 4.35207e-14
3 -2.07834e-13
3690 3
1 4.44089e-15
2 3.01981e-14
3 -1.45661e-13
3692 3
1 -1.77636e-15
2 2.57572e-14
3 -1.59872e-13
3694 3
1 3.4639e-14
2 3.9968e-14
3 -1.93623e-13
3696 3
1 8.88178e-15
2 6.21725e-15
3 -1.84741e-13
3698 3
1 -9.76996e-15
2 8.9706e-14
3 -1.24345e-13
3700 3
1 -7.10543e-15
2 2.93099e-14
3 -1.63425e-13
3702 3
1 2.66454e-15
2 3.55271e-15
3 -1.27898e-13
3704 3
1 1.06581e-14
2 2.04281e-14
3 -1.74083e-13
3706 3
1 1.5099e-14
2 1.42109e-14
3 -1.7053e-13
3708 3
1 1.59872e-14
2 -2.39808e-14
3 -1.9007e-13
3710 3
1 1.77636e-15
2 6.30607e-14
3 -1.72307e-13
3712 3
1 1.15463e-14
2 4.44089e-14
3 -1.54543e-13
3714 3
1 4.70735e-14
2 6.12843e-14
3 -1.29674e-13
3716 3
1 2.66454e-15
2 -6.21725e-15
3 -1.93623e-13
3718 3
1 2.66454e-15
2 7.10543e-14
3 -1.61648e-13
3720 3
1 1.06581e-14
2 9.76996e-15
3 -1.15463e-13
3722 3
1 -1.15463e-14
2 6.21725e-15
3 -1.49214e-13
3724 3
1 -9.76996e-15
2 7.10543e-15
3 -1.54543e-13
3726 3
1 4.17444e-14
2 7.10543e-15
3 -1.38556e-13
3728 3
1 3.10862e-14
2 -8.88178e-15
3 -1.40332e-13
3730 3
1 1.95399e-14
2 3.19744e-14
3 -1.81188e-13
3732 3
1 1.15463e-14
2 -6.21725e-15
3 -1.68754e-13
3734 3
1 -3.55271e-15
2 4.35207e-14
3 -1.35003e-13
3736 3
1 2.66454e-15
2 3.4639e-14
3 -1.65201e-13
3738 3
1 -1.33227e-14
2 6.03961e-14
3 -1.7053e-13
3740 3
1 -1.06581e-14
2 4.70735e-14
3 -1.24345e-13
3742 3
1 8.88178e-15
2 1.59872e-14
3 -1.66978e-13
3744 3
1 -3.55271e-15
2 4.61853e-14
3 -1.59872e-13
3746 3
1 1.95399e-14
2 8.88178e-15
3 -1.19016e-13
3748 3
1 -7.99361e-15
2 1.59872e-14
3 -1.27898e-13
3750 3
1 -3.55271e-15
2 3.64153e-14
3 -1.40332e-13
3752 3
1 -5.32907e-15
2 3.4639e-14
3 -1.19016e-13
3754 3
1 -1.42109e-14
2 2.93099e-14
3 -1.3145e-13
3756 3
1 1.06581e-14
2 4.08562e-14
3 -1.45661e-13
3758 3
1 3.64153e-14
2 5.32907e-15
3 -1.49214e-13
3760 3
1 2.93099e-14
2 2.4869e-14
3 -1.88294e-13
3762 3
1 1.82077e-14
2 4.70735e-14
3 -1.58096e-13
3764 3
1 7.54952e-15
2 1.77636e-14
3 -1.13687e-13
3766 3
1 -8.88178e-16
2 6.92779e-14
3 -1.52767e-13
3768 3
1 -2.84217e-14
2 1.33227e-14
3 -1.35003e-13
3770 3
1 2.22045e-14
2 3.37508e-14
3 -1.84741e-13
3772 3
1 1.77636e-15
2 3.55271e-14
3 -1.74083e-13
3774 3
1 4.4853e-14
2 5.50671e-14
3 -1.45661e-13
3776 3
1 -3.4639e-14
2 3.4639e-14
3 -1.59872e-13
3778 3
1 1.37668e-14
2 6.30607e-14
3 -1.49214e-13
3780 3
1 4.44089e-16
2 9.76996e-15
3 -1.20792e-13
3782 3
1 3.9968e-15
2 5.15143e-14
3 -1.27898e-13
3784 3
1 1.42109e-14
2 -7.99361e-15
3 -1.35003e-13
3786 3
1 -8.88178e-15
2 5.24025e-14
3 -1.66978e-13
3788 3
1 6.21725e-15
2 2.30926e-14
3 -1.97176e-13
3790 3
1 2.30926e-14
2 3.4639e-14
3 -2.02505e-13
3792 3
1 -1.82077e-14
2 3.55271e-14
3 -1.7053e-13
3794 3
1 -5.32907e-15
2 6.21725e-15
3 -1.5099e-13
3796 3
1 -1.46549e-14
2 5.86198e-14
3 -1.35003e-13
3798 3
1 1.84297e-14
2 6.92779e-14
3 -1.1191e-13
3800 3
1 7.99361e-15
2 1.77636e-14
3 -1.35003e-13
3802 3
1 2.88658e-15
2 4.26326e-14
3 -1.04805e-13
3804 3
1 -2.08722e-14
2 3.81917e-14
3 -1.10134e-13
3806 3
1 3.33067e-15
2 5.50671e-14
3 -1.3145e-13
3808 3
1 1.90958e-14
2 4.44089e-14
3 -1.03029e-13
3810 3
1 -7.99361e-15
2 2.75335e-14
3 -1.08358e-13
3812 3
1 1.24345e-14
2 1.42109e-14
3 -1.43885e-13
3814 3
1 1.26565e-14
2 0
3 -1.45661e-13
3816 3
1 -1.44329e-14
2 6.12843e-14
3 -1.22569e-13
3818 3
1 2.04281e-14
2 1.5099e-14
3 -1.43885e-13
3820 3
1 -1.33227e-15
2 8.08242e-14
3 -1.08358e-13
3822 3
1 1.59872e-14
2 7.63833e-14
3 -8.52651e-14
3824 3
1 -2.24265e-14
2 3.9968e-14
3 -1.38556e-13
3826 3
1 0
2 5.9508e-14
3 -1.29674e-13
3828 3
1 1.5099e-14
2 2.66454e-15
3 -1.20792e-13
3830 3
1 -1.77636e-14
2 2.93099e-14
3 -1.06581e-13
3832 3
1 -6.21725e-15
2 4.70735e-14
3 -1.27898e-13
3834 3
1 -9.32587e-15
2 -1.5099e-14
3 -1.15463e-13
3836 3
1 -1.02141e-14
2 4.52971e-14
3 -1.01252e-13
3838 3
1 1.39888e-14
2 4.08562e-14
3 -1.56319e-13
3840 3
1 1.42109e-14
2 4.88498e-14
3 -1.33227e-13
3842 3
1 -1.59872e-14
2 2.75335e-14
3 -1.54543e-13
3844 3
1 -1.19904e-14
2 1.5099e-14
3 -1.10134e-13
3846 3
1 -5.10703e-15
2 1.1724e-13
3 -7.10543e-14
3848 3
1 -4.44089e-16
2 6.39488e-14
3 -9.9476e-14
3850 3
1 -2.66454e-15
2 4.44089e-14
3 -1.29674e-13
3852 3
1 -1.42109e-14
2 3.81917e-14
3 -8.52651e-14
3854 3
1 -5.32907e-15
2 5.68434e-14
3 -1.43885e-13
3856 3
1 -8.88178e-15
2 2.75335e-14
3 -1.15463e-13
3858 3
1 1.06581e-14
2 3.28626e-14
3 -1.13687e-13
3860 3
1 -9.32587e-15
2 3.19744e-14
3 -1.10134e-13
3862 3
1 3.24185e-14
2 2.93099e-14
3 -1.04805e-13
3864 3
1 4.39648e-14
2 3.64153e-14
3 -7.63833e-14
3866 3
1 -4.44089e-15
2 3.37508e-14
3 -9.9476e-14
3868 3
1 1.90958e-14
2 3.81917e-14
3 -1.29674e-13
3870 3
1 -2.93099e-14
2 2.22045e-14
3 -7.81597e-14
3872 3
1 -4.44089e-16
2 4.61853e-14
3 -1.08358e-13
3874 3
1 1.59872e-14
2 6.83897e-14
3 -1.42109e-13
3876 3
1 -1.82077e-14
2 6.92779e-14
3 -9.59233e-14
3878 3
1 6.66134e-15
2 1.2701e-13
3 -1.08358e-13
3880 3
1 3.4639e-14
2 7.37188e-14
3 -9.9476e-14
3882 3
1 2.75335e-14
2 5.32907e-14
3 -8.52651e-14
3884 3
1 3.73035e-14
2 4.17444e-14
3 -7.63833e-14
3886 3
1 2.17604e-14
2 6.75016e-14
3 -8.17124e-14
3888 3
1 3.4639e-14
2 7.4607e-14
3 -1.29674e-13
3890 3
1 2.66454e-14
2 7.63833e-14
3 -1.03029e-13
3892 3
1 1.9984e-14
2 3.9968e-14
3 -9.23706e-14
3894 3
1 9.76996e-15
2 4.26326e-14
3 -1.52767e-13
3896 3
1 2.75335e-14
2 7.99361e-14
3 -1.3145e-13
3898 3
1 3.41949e-14
2 2.84217e-14
3 -1.13687e-13
3900 3
1 2.66454e-15
2 2.84217e-14
3 -4.26326e-14
3902 3
1 3.24185e-14
2 5.59552e-14
3 -7.10543e-14
3904 3
1 4.17444e-14
2 2.93099e-14
3 -1.01252e-13
3906 3
1 6.66134e-15
2 4.44089e-14
3 -1.20792e-13
3908 3
1 5.59552e-14
2 4.70735e-14
3 -8.34888e-14
3910 3
1 4.9738e-14
2 3.73035e-14
3 -1.01252e-13
3912 3
1 1.73195e-14
2 3.19744e-14
3 -9.76996e-14
3914 3
1 4.88498e-15
2 1.77636e-15
3 -1.06581e-13
3916 3
1 -7.99361e-15
2 3.73035e-14
3 -4.61853e-14
3918 3
1 1.90958e-14
2 2.66454e-14
3 -1.03029e-13
3920 3
1 9.76996e-15
2 4.70735e-14
3 -1.03029e-13
3922 3
1 4.17444e-14
2 4.08562e-14
3 -4.9738e-14
3924 3
1 2.08722e-14
2 7.81597e-14
3 -4.08562e-14
3926 3
1 1.53211e-14
2 4.35207e-14
3 -1.08358e-13
3928 3
1 5.32907e-15
2 -2.22045e-14
3 -8.70415e-14
3930 3
1 1.42109e-14
2 4.44089e-14
3 -7.63833e-14
3932 3
1 7.99361e-15
2 2.75335e-14
3 -3.01981e-14
3934 3
1 2.84217e-14
2 7.4607e-14
3 -7.28306e-14
3936 3
1 7.99361e-15
2 4.44089e-14
3 -5.32907e-14
3938 3
1 1.77636e-15
2 6.83897e-14
3 -1.15463e-13
3940 3
1 -1.64313e-14
2 9.14824e-14
3 -6.75016e-14
3942 3
1 -7.99361e-15
2 4.79616e-14
3 -8.52651e-14
3944 3
1 3.9968e-14
2 5.77316e-14
3 -4.08562e-14
3946 3
1 -3.9968e-15
2 5.50671e-14
3 -6.39488e-14
3948 3
1 0
2 1.77636e-14
3 -6.57252e-14
3950 3
1 4.88498e-15
2 1.5099e-14
3 -2.4869e-14
3952 3
1 2.39808e-14
2 6.92779e-14
3 -5.15143e-14
3954 3
1 4.17444e-14
2 3.55271e-14
3 -8.17124e-14
3956 3
1 3.10862e-15
2 4.9738e-14
3 -5.86198e-14
3958 3
1 2.57572e-14
2 6.21725e-14
3 -3.19744e-14
3960 3
1 5.59552e-14
2 7.81597e-14
3 -6.75016e-14
3962 3
1 9.76996e-15
2 2.66454e-14
3 -5.86198e-14
3964 3
1 1.19904e-14
2 5.50671e-14
3 -4.26326e-14
3966 3
1 1.06581e-14
2 9.76996e-15
3 -1.95399e-14
3968 3
1 -1.19904e-14
2 7.10543e-15
3 -7.63833e-14
3970 3
1 3.73035e-14
2 3.37508e-14
3 -5.32907e-14
3972 3
1 2.4869e-14
2 1.59872e-14
3 -4.9738e-14
3974 3
1 1.02141e-14
2 2.66454e-14
3 -5.86198e-14
3976 3
1 1.86517e-14
2 1.06581e-14
3 -6.92779e-14
3978 3
1 1.42109e-14
2 3.37508e-14
3 -2.4869e-14
3980 3
1 -3.55271e-15
2 2.84217e-14
3 -6.57252e-14
3982 3
1 -4.57412e-14
2 8.70415e-14
3 -1.03029e-13
3984 3
1 8.88178e-16
2 -3.64153e-14
3 -5.32907e-14
3986 3
1 3.06422e-14
2 6.21725e-14
3 -1.01252e-13
3988 3
1 -4.44089e-15
2 7.99361e-15
3 -7.63833e-14
3990 3
1 -4.88498e-15
2 1.59872e-14
3 -9.23706e-14
3992 3
1 1.9984e-14
2 4.08562e-14
3 -8.52651e-14
3994 3
1 -2.26485e-14
2 1.59872e-14
3 -6.92779e-14
3996 3
1 0
2 8.52651e-14
3 -9.59233e-14
3998 3
1 2.79776e-14
2 2.04281e-14
3 -6.39488e-14
4000 3
1 -1.68754e-14
2 4.35207e-14
3 -4.26326e-14
4002 3
1 7.54952e-15
2 4.08562e-14
3 -6.75016e-14
4004 3
1 0
2 3.10862e-14
3 -9.59233e-14
4006 3
1 7.54952e-15
2 -7.10543e-15
3 -5.68434e-14
4008 3
1 -2.39808e-14
2 3.9968e-14
3 -8.52651e-14
4010 3
1 1.77636e-14
2 0
3 -7.63833e-14
4012 3
1 -1.77636e-15
2 3.37508e-14
3 -6.92779e-14
4014 3
1 -3.9968e-15
2 3.37508e-14
3 -6.57252e-14
4016 3
1 4.44089e-16
2 4.26326e-14
3 -8.34888e-14
4018 3
1 4.44089e-15
2 4.08562e-14
3 -8.52651e-14
4020 3
1 1.19904e-14
2 2.13163e-14
3 -1.10134e-13
4022 3
1 -1.02141e-14
2 3.19744e-14
3 -9.76996e-14
4024 3
1 2.44249e-14
2 5.24025e-14
3 -7.4607e-14
4026 3
1 4.44089e-15
2 2.30926e-14
3 -8.52651e-14
4028 3
1 9.76996e-15
2 1.10134e-13
3 -7.99361e-14
4030 3
1 2.9754e-14
2 4.52971e-14
3 -6.75016e-14
4032 3
1 -4.44089e-15
2 3.55271e-14
3 -6.21725e-14
4034 3
1 7.54952e-15
2 3.55271e-14
3 -9.23706e-14
4036 3
1 1.64313e-14
2 7.99361e-14
3 -7.63833e-14
4038 3
1 -9.76996e-15
2 6.03961e-14
3 -5.86198e-14
4040 3
1 1.11022e-14
2 7.81597e-14
3 -1.06581e-13
4042 3
1 1.24345e-14
2 4.79616e-14
3 -8.17124e-14
4044 3
1 -1.28786e-14
2 2.84217e-14
3 -7.28306e-14
4046 3
1 -2.13163e-14
2 7.10543e-14
3 -9.23706e-14
4048 3
1 2.35367e-14
2 1.77636e-14
3 -5.86198e-14
4050 3
1 8.43769e-15
2 6.92779e-14
3 -7.99361e-14
4052 3
1 3.9968e-15
2 3.9968e-14
3 -1.04805e-13
4054 3
1 -2.13163e-14
2 7.28306e-14
3 -1.15463e-13
4056 3
1 1.42109e-14
2 2.57572e-14
3 -1.01252e-13
4058 3
1 -3.55271e-15
2 9.9476e-14
3 -9.41469e-14
4060 3
1 4.88498e-15
2 1.42109e-14
3 -7.4607e-14
4062 3
1 3.55271e-15
2 8.17124e-14
3 -7.63833e-14
4064 3
1 -1.33227e-14
2 5.41789e-14
3 -3.73035e-14
4066 3
1 -2.26485e-14
2 7.4607e-14
3 -7.99361e-14
4068 3
1 -8.88178e-16
2 5.9508e-14
3 -6.21725e-14
4070 3
1 -1.5099e-14
2 1.13687e-13
3 -3.90799e-14
4072 3
1 1.19904e-14
2 2.30926e-14
3 -7.99361e-14
4074 3
1 -1.24345e-14
2 9.32587e-14
3 -6.21725e-14
4076 3
1 6.21725e-15
2 4.9738e-14
3 -6.39488e-14
4078 3
1 -2.79776e-14
2 2.04281e-14
3 -4.61853e-14
4080 3
1 -3.15303e-14
2 6.39488e-14
3 -8.52651e-14
4082 3
1 8.43769e-15
2 1.12799e-13
3 -8.70415e-14
4084 3
1 -1.77636e-15
2 4.44089e-14
3 -7.4607e-14
4086 3
1 -1.33227e-15
2 6.30607e-14
3 -7.10543e-14
4088 3
1 2.08722e-14
2 6.39488e-14
3 -6.57252e-14
4090 3
1 -2.13163e-14
2 8.34888e-14
3 -4.61853e-14
4092 3
1 5.32907e-15
2 1.86517e-14
3 -6.03961e-14
4094 3
1 -2.75335e-14
2 6.12843e-14
3 -5.86198e-14
4096 3
1 -2.30926e-14
2 7.90479e-14
3 -1.19016e-13
4098 3
1 4.44089e-16
2 2.22045e-14
3 -6.03961e-14
4100 3
1 -2.08722e-14
2 3.19744e-14
3 -9.76996e-14
4102 3
1 -1.35447e-14
2 5.68434e-14
3 -1.15463e-13
4104 3
1 2.88658e-15
2 1.42109e-14
3 -8.52651e-14
4106 3
1 -1.35447e-14
2 4.26326e-14
3 -1.19016e-13
4108 3
1 -2.64233e-14
2 3.55271e-15
3 -9.76996e-14
4110 3
1 8.43769e-15
2 4.26326e-14
3 -1.35003e-13
4112 3
1 -1.33227e-15
2 7.4607e-14
3 -1.03029e-13
4114 3
1 -9.99201e-15
2 6.57252e-14
3 -1.13687e-13
4116 3
1 5.32907e-15
2 9.41469e-14
3 -1.22569e-13
4118 3
1 2.5091e-14
2 8.70415e-14
3 -8.88178e-14
4120 3
1 1.39888e-14
2 4.44089e-14
3 -8.52651e-14
4122 3
1 -2.15383e-14
2 2.4869e-14
3 -9.41469e-14
4124 3
1 4.44089e-15
2 1.03029e-13
3 -8.17124e-14
4126 3
1 1.77636e-14
2 4.61853e-14
3 -1.54543e-13
4128 3
1 -4.66294e-15
2 5.68434e-14
3 -9.23706e-14
4130 3
1 -1.33227e-15
2 8.88178e-14
3 -1.24345e-13
4132 3
1 -2.62013e-14
2 1.15463e-13
3 -1.1724e-13
4134 3
1 -3.39728e-14
2 6.39488e-14
3 -9.41469e-14
4136 3
1 -1.11022e-15
2 4.61853e-14
3 -6.75016e-14
4138 3
1 -3.10862e-15
2 4.44089e-14
3 -5.68434e-14
4140 3
1 0
2 5.50671e-14
3 -7.28306e-14
4142 3
1 -5.77316e-15
2 7.10543e-14
3 -6.21725e-14
4144 3
1 -3.10862e-14
2 7.28306e-14
3 -5.86198e-14
4146 3
1 -8.88178e-15
2 1.1724e-13
3 -5.15143e-14
4148 3
1 -4.88498e-15
2 7.4607e-14
3 -1.03029e-13
4150 3
1 1.82077e-14
2 2.4869e-14
3 -7.99361e-14
4152 3
1 -5.77316e-15
2 4.44089e-14
3 -6.03961e-14
4154 3
1 -1.33227e-15
2 7.10543e-14
3 -5.32907e-14
4156 3
1 -1.5099e-14
2 8.34888e-14
3 -7.81597e-14
4158 3
1 -1.77636e-15
2 7.81597e-14
3 -8.34888e-14
4160 3
1 5.77316e-15
2 1.26121e-13
3 -5.32907e-14
4162 3
1 3.55271e-15
2 7.10543e-14
3 -5.68434e-14
4164 3
1 3.10862e-15
2 4.9738e-14
3 -9.59233e-14
4166 3
1 -1.55431e-14
2 8.88178e-15
3 -5.50671e-14
4168 3
1 3.10862e-15
2 6.03961e-14
3 -8.88178e-14
4170 3
1 -2.30926e-14
2 2.66454e-14
3 -7.99361e-14
4172 3
1 0
2 7.99361e-14
3 -7.10543e-14
4174 3
1 -9.99201e-15
2 4.61853e-14
3 -5.32907e-14
4176 3
1 -1.95399e-14
2 7.10543e-14
3 -7.81597e-14
4178 3
1 -1.24345e-14
2 3.01981e-14
3 -7.63833e-14
4180 3
1 -1.77636e-15
2 7.99361e-14
3 -4.61853e-14
4182 3
1 -8.21565e-15
2 4.9738e-14
3 -6.92779e-14
4184 3
1 -1.13243e-14
2 3.01981e-14
3 -5.50671e-14
4186 3
1 2.88658e-15
2 6.03961e-14
3 -1.13687e-13
4188 3
1 1.22125e-14
2 7.99361e-14
3 -8.34888e-14
4190 3
1 4.44089e-15
2 9.23706e-14
3 -8.70415e-14
4192 3
1 1.5099e-14
2 8.88178e-14
3 -1.10134e-13
4194 3
1 2.66454e-14
2 2.66454e-14
3 -6.92779e-14
4196 3
1 3.04201e-14
2 4.9738e-14
3 -5.68434e-14
4198 3
1 -1.79856e-14
2 7.28306e-14
3 -6.39488e-14
4200 3
1 7.54952e-15
2 5.32907e-14
3 -1.5099e-13
4202 3
1 5.32907e-15
2 7.81597e-14
3 -9.9476e-14
4204 3
1 -4.88498e-15
2 7.28306e-14
3 -9.59233e-14
4206 3
1 -1.77636e-14
2 9.41469e-14
3 -9.76996e-14
4208 3
1 -2.15383e-14
2 4.44089e-14
3 -9.59233e-14
4210 3
1 -1.55431e-15
2 6.75016e-14
3 -5.50671e-14
4212 3
1 -3.26406e-14
2 6.21725e-14
3 -7.99361e-14
4214 3
1 1.44329e-14
2 7.63833e-14
3 -6.75016e-14
4216 3
1 -4.66294e-15
2 3.90799e-14
3 -1.06581e-13
4218 3
1 1.17684e-14
2 5.68434e-14
3 -1.13687e-13
4220 3
1 -6.21725e-15
2 5.86198e-14
3 -6.03961e-14
4222 3
1 4.88498e-15
2 3.55271e-14
3 -1.26121e-13
4224 3
1 7.10543e-15
2 8.88178e-14
3 -8.88178e-14
4226 3
1 -3.9968e-15
2 5.86198e-14
3 -1.06581e-13
4228 3
1 1.75415e-14
2 7.10543e-14
3 -1.04805e-13
4230 3
1 2.08722e-14
2 5.32907e-14
3 -7.4607e-14
4232 3
1 -1.24345e-14
2 4.9738e-14
3 -5.15143e-14
4234 3
1 3.37508e-14
2 4.61853e-14
3 -9.23706e-14
4236 3
1 8.43769e-15
2 6.57252e-14
3 -1.04805e-13
4238 3
1 3.01981e-14
2 4.08562e-14
3 -1.08358e-13
4240 3
1 -8.65974e-15
2 1.77636e-15
3 -9.76996e-14
4242 3
1 5.77316e-15
2 2.13163e-14
3 -1.24345e-13
4244 3
1 2.66454e-15
2 3.37508e-14
3 -1.54543e-13
4246 3
1 1.46549e-14
2 5.86198e-14
3 -8.88178e-14
4248 3
1 -7.99361e-15
2 2.13163e-14
3 -9.05942e-14
4250 3
1 7.99361e-15
2 4.26326e-14
3 -1.10134e-13
4252 3
1 1.33227e-14
2 7.99361e-14
3 -1.20792e-13
4254 3
1 6.66134e-15
2 5.32907e-14
3 -9.59233e-14
4256 3
1 -1.11022e-14
2 7.4607e-14
3 -8.70415e-14
4258 3
1 -9.32587e-15
2 2.4869e-14
3 -9.23706e-14
4260 3
1 7.10543e-15
2 7.28306e-14
3 -1.10134e-13
4262 3
1 -8.43769e-15
2 8.52651e-14
3 -1.56319e-13
4264 3
1 -1.59872e-14
2 8.17124e-14
3 -8.88178e-14
4266 3
1 -8.88178e-15
2 5.50671e-14
3 -9.76996e-14
4268 3
1 -2.22045e-14
2 4.08562e-14
3 -1.36779e-13
4270 3
1 9.76996e-15
2 1.59872e-14
3 -1.24345e-13
4272 3
1 5.32907e-15
2 2.4869e-14
3 -1.5099e-13
4274 3
1 -1.5099e-14
2 5.32907e-14
3 -1.03029e-13
4276 3
1 2.66454e-15
2 3.37508e-14
3 -1.1724e-13
4278 3
1 -9.32587e-15
2 6.39488e-14
3 -9.76996e-14
4280 3
1 2.22045e-15
2 4.44089e-14
3 -9.23706e-14
4282 3
1 -4.44089e-16
2 4.26326e-14
3 -1.5099e-13
4284 3
1 1.42109e-14
2 7.81597e-14
3 -1.08358e-13
4286 3
1 -1.59872e-14
2 1.42109e-14
3 -1.36779e-13
4288 3
1 -1.77636e-14
2 2.13163e-14
3 -9.23706e-14
4290 3
1 -2.84217e-14
2 7.4607e-14
3 -9.9476e-14
4292 3
1 -5.32907e-15
2 3.55271e-14
3 -8.34888e-14
4294 3
1 -4.44089e-16
2 3.73035e-14
3 -9.9476e-14
4296 3
1 -1.95399e-14
2 3.37508e-14
3 -8.34888e-14
4298 3
1 -6.21725e-15
2 3.37508e-14
3 -8.70415e-14
4300 3
1 -1.06581e-14
2 7.10543e-15
3 -1.27898e-13
4302 3
1 -4.44089e-16
2 -5.32907e-15
3 -9.9476e-14
4304 3
1 -1.33227e-14
2 9.41469e-14
3 -7.63833e-14
4306 3
1 8.88178e-16
2 4.44089e-14
3 -6.92779e-14
4308 3
1 4.88498e-15
2 2.84217e-14
3 -8.88178e-14
4310 3
1 -1.77636e-14
2 5.32907e-15
3 -1.20792e-13
4312 3
1 -3.24185e-14
2 3.01981e-14
3 -8.34888e-14
4314 3
1 1.33227e-15
2 7.28306e-14
3 -1.3145e-13
4316 3
1 -8.88178e-15
2 5.68434e-14
3 -1.13687e-13
4318 3
1 1.77636e-15
2 2.66454e-14
3 -8.52651e-14
4320 3
1 -7.10543e-15
2 8.88178e-15
3 -1.01252e-13
4322 3
1 1.24345e-14
2 4.08562e-14
3 -6.75016e-14
4324 3
1 -7.10543e-15
2 6.39488e-14
3 -1.33227e-13
4326 3
1 0
2 8.52651e-14
3 -9.9476e-14
4328 3
1 -6.21725e-15
2 1.10134e-13
3 -7.28306e-14
4330 3
1 5.15143e-14
2 6.92779e-14
3 -9.41469e-14
4332 3
1 -2.57572e-14
2 3.19744e-14
3 -1.22569e-13
4334 3
1 -1.55431e-14
2 3.55271e-14
3 -1.03029e-13
4336 3
1 -1.42109e-14
2 3.90799e-14
3 -9.9476e-14
4338 3
1 -8.88178e-15
2 2.13163e-14
3 -1.19016e-13
4340 3
1 -2.57572e-14
2 1.01252e-13
3 -6.03961e-14
4342 3
1 2.22045e-14
2 8.17124e-14
3 -9.9476e-14
4344 3
1 -1.5099e-14
2 7.81597e-14
3 -5.68434e-14
4346 3
1 -5.32907e-15
2 6.39488e-14
3 -9.23706e-14
4348 3
1 -4.21885e-14
2 7.63833e-14
3 -9.76996e-14
4350 3
1 -7.10543e-15
2 7.10543e-14
3 -9.76996e-14
4352 3
1 -5.55112e-14
2 1.59872e-14
3 -1.01252e-13
4354 3
1 -3.77476e-14
2 4.26326e-14
3 -1.01252e-13
4356 3
1 -2.39808e-14
2 7.10543e-14
3 -1.01252e-13
4358 3
1 -4.30767e-14
2 9.76996e-14
3 -8.88178e-14
4360 3
1 -4.13003e-14
2 6.92779e-14
3 -6.21725e-14
4362 3
1 -1.59872e-14
2 7.10543e-14
3 -1.10134e-13
4364 3
1 -4.21885e-14
2 2.66454e-14
3 -1.1724e-13
4366 3
1 -1.42109e-14
2 1.77636e-14
3 -1.13687e-13
4368 3
1 -1.28786e-14
2 3.73035e-14
3 -1.06581e-13
4370 3
1 -1.86517e-14
2 6.03961e-14
3 -9.23706e-14
4372 3
1 -3.55271e-14
2 1.08358e-13
3 -9.23706e-14
4374 3
1 -1.77636e-15
2 -1.77636e-15
3 -9.05942e-14
4376 3
1 -3.77476e-14
2 8.17124e-14
3 -5.50671e-14
4378 3
1 -4.44089e-15
2 5.50671e-14
3 -1.1724e-13
4380 3
1 -1.15463e-14
2 1.04805e-13
3 -7.4607e-14
4382 3
1 -2.39808e-14
2 8.70415e-14
3 -8.70415e-14
4384 3
1 -6.03961e-14
2 5.86198e-14
3 -1.10134e-13
4386 3
1 -5.50671e-14
2 8.17124e-14
3 -9.9476e-14
4388 3
1 -1.9984e-14
2 6.21725e-14
3 -1.10134e-13
4390 3
1 -2.53131e-14
2 7.99361e-14
3 -1.04805e-13
4392 3
1 -2.75335e-14
2 -1.42109e-14
3 -5.68434e-14
4394 3
1 -5.4623e-14
2 6.39488e-14
3 -6.57252e-14
4396 3
1 -2.57572e-14
2 7.10543e-14
3 -8.34888e-14
4398 3
1 -2.13163e-14
2 3.19744e-14
3 -6.39488e-14
4400 3
1 -2.57572e-14
2 1.08358e-13
3 -1.08358e-13
4402 3
1 -3.37508e-14
2 3.90799e-14
3 -8.34888e-14
4404 3
1 1.06581e-14
2 5.32907e-14
3 -7.81597e-14
4406 3
1 -3.10862e-14
2 7.4607e-14
3 -8.70415e-14
4408 3
1 -3.10862e-14
2 5.32907e-14
3 -8.88178e-14
4410 3
1 -8.88178e-16
2 2.13163e-14
3 -1.1724e-13
4412 3
1 -2.93099e-14
2 7.63833e-14
3 -1.13687e-13
4414 3
1 -3.4639e-14
2 9.9476e-14
3 -1.35003e-13
4416 3
1 -2.30926e-14
2 7.99361e-14
3 -1.33227e-13
4418 3
1 -3.19744e-14
2 1.03029e-13
3 -1.10134e-13
4420 3
1 -1.68754e-14
2 6.03961e-14
3 -8.88178e-14
4422 3
1 -2.66454e-14
2 6.03961e-14
3 -1.1191e-13
4424 3
1 -2.75335e-14
2 8.17124e-14
3 -7.28306e-14
4426 3
1 -3.10862e-14
2 3.37508e-14
3 -1.06581e-13
4428 3
1 -1.77636e-14
2 6.21725e-14
3 -7.81597e-14
4430 3
1 -7.54952e-15
2 4.26326e-14
3 -1.27898e-13
4432 3
1 -1.59872e-14
2 7.10543e-14
3 -8.70415e-14
4434 3
1 -3.37508e-14
2 8.88178e-14
3 -1.24345e-13
4436 3
1 -1.77636e-14
2 8.52651e-14
3 -1.08358e-13
4438 3
1 -1.95399e-14
2 3.90799e-14
3 -1.59872e-13
4440 3
1 -8.43769e-15
2 6.57252e-14
3 -1.19016e-13
4442 3
1 -4.44089e-15
2 4.26326e-14
3 -1.35003e-13
4444 3
1 -2.39808e-14
2 9.05942e-14
3 -9.9476e-14
4446 3
1 -1.59872e-14
2 1.06581e-14
3 -1.35003e-13
4448 3
1 -2.9754e-14
2 6.21725e-14
3 -8.17124e-14
4450 3
1 -4.08562e-14
2 9.41469e-14
3 -1.49214e-13
4452 3
1 -2.39808e-14
2 5.86198e-14
3 -1.08358e-13
4454 3
1 -1.68754e-14
2 6.03961e-14
3 -9.05942e-14
4456 3
1 -2.22045e-14
2 3.37508e-14
3 -8.17124e-14
4458 3
1 -4.26326e-14
2 7.28306e-14
3 -1.33227e-13
4460 3
1 -2.84217e-14
2 1.10134e-13
3 -1.47438e-13
4462 3
1 -5.01821e-14
2 1.77636e-15
3 -1.38556e-13
4464 3
1 -2.13163e-14
2 8.34888e-14
3 -1.49214e-13
4466 3
1 -3.81917e-14
2 8.70415e-14
3 -1.35003e-13
4468 3
1 -4.26326e-14
2 5.68434e-14
3 -1.15463e-13
4470 3
1 -3.90799e-14
2 3.37508e-14
3 -1.26121e-13
4472 3
1 -3.19744e-14
2 2.84217e-14
3 -1.40332e-13
4474 3
1 -4.61853e-14
2 8.70415e-14
3 -1.19016e-13
4476 3
1 -3.55271e-14
2 2.66454e-14
3 -1.65201e-13
4478 3
1 -4.26326e-14
2 7.63833e-14
3 -1.49214e-13
4480 3
1 -2.75335e-14
2 8.17124e-14
3 -1.56319e-13
4482 3
1 -1.15463e-14
2 2.4869e-14
3 -1.38556e-13
4484 3
1 -5.50671e-14
2 6.75016e-14
3 -1.15463e-13
4486 3
1 -4.79616e-14
2 4.9738e-14
3 -1.10134e-13
4488 3
1 -1.06581e-14
2 6.03961e-14
3 -1.20792e-13
4490 3
1 -2.13163e-14
2 9.23706e-14
3 -1.45661e-13
4492 3
1 -4.08562e-14
2 6.03961e-14
3 -8.17124e-14
4494 3
1 -2.13163e-14
2 1.59872e-14
3 -8.34888e-14
4496 3
1 -2.22045e-14
2 3.55271e-14
3 -1.24345e-13
4498 3
1 -2.4869e-14
2 1.95399e-14
3 -1.04805e-13
4500 3
1 -4.44089e-15
2 3.55271e-15
3 -1.38556e-13
4502 3
1 -3.37508e-14
2 2.84217e-14
3 -1.22569e-13
4504 3
1 -6.4837e-14
2 5.15143e-14
3 -1.27898e-13
4506 3
1 -6.21725e-15
2 8.17124e-14
3 -1.43885e-13
4508 3
1 -3.55271e-14
2 4.26326e-14
3 -9.9476e-14
4510 3
1 -4.08562e-14
2 7.4607e-14
3 -1.61648e-13
4512 3
1 -2.57572e-14
2 6.03961e-14
3 -1.29674e-13
4514 3
1 -1.42109e-14
2 1.08358e-13
3 -1.40332e-13
4516 3
1 -3.55271e-14
2 5.86198e-14
3 -9.9476e-14
4518 3
1 -1.5099e-14
2 4.26326e-14
3 -1.15463e-13
4520 3
1 -3.19744e-14
2 8.88178e-14
3 -5.15143e-14
4522 3
1 -2.4869e-14
2 5.32907e-14
3 -1.35003e-13
4524 3
1 -5.77316e-14
2 2.4869e-14
3 -1.65201e-13
4526 3
1 -5.68434e-14
2 5.32907e-14
3 -1.5099e-13
4528 3
1 -4.88498e-14
2 3.55271e-14
3 -1.3145e-13
4530 3
1 -1.86517e-14
2 4.9738e-14
3 -1.56319e-13
4532 3
1 -4.26326e-14
2 4.26326e-14
3 -1.10134e-13
4534 3
1 -5.06262e-14
2 5.32907e-14
3 -1.22569e-13
4536 3
1 -4.35207e-14
2 -7.10543e-15
3 -1.45661e-13
4538 3
1 -5.9508e-14
2 2.30926e-14
3 -1.15463e-13
4540 3
1 -3.73035e-14
2 1.42109e-14
3 -1.36779e-13
4542 3
1 -4.79616e-14
2 4.61853e-14
3 -1.5099e-13
4544 3
1 -4.44089e-14
2 6.21725e-14
3 -1.52767e-13
4546 3
1 -3.10862e-14
2 7.10543e-14
3 -1.04805e-13
4548 3
1 -4.70735e-14
2 6.57252e-14
3 -1.19016e-13
4550 3
1 -5.32907e-14
2 8.88178e-14
3 -1.04805e-13
4552 3
1 -2.39808e-14
2 4.9738e-14
3 -1.4122e-13
4554 3
1 -1.33227e-14
2 1.42109e-14
3 -1.18128e-13
4556 3
1 -4.17444e-14
2 2.4869e-14
3 -1.48326e-13
4558 3
1 -5.41789e-14
2 4.08562e-14
3 -1.53655e-13
4560 3
1 -2.84217e-14
2 4.44089e-14
3 -1.1724e-13
4562 3
1 -3.64153e-14
2 4.9738e-14
3 -1.48326e-13
4564 3
1 -6.03961e-14
2 4.79616e-14
3 -1.55431e-13
4566 3
1 -3.37508e-14
2 7.81597e-14
3 -1.64313e-13
4568 3
1 -4.17444e-14
2 6.92779e-14
3 -1.20792e-13
4570 3
1 -4.61853e-14
2 7.28306e-14
3 -1.27898e-13
4572 3
1 -6.75016e-14
2 2.13163e-14
3 -1.18128e-13
4574 3
1 -6.12843e-14
2 1.06581e-14
3 -1.13687e-13
4576 3
1 -6.39488e-14
2 9.23706e-14
3 -1.44773e-13
4578 3
1 -6.03961e-14
2 7.4607e-14
3 -9.68114e-14
4580 3
1 -4.44089e-14
2 6.39488e-14
3 -1.44773e-13
4582 3
1 -5.32907e-14
2 6.03961e-14
3 -1.18128e-13
4584 3
1 -4.44089e-14
2 4.9738e-14
3 -1.32339e-13
4586 3
1 -5.32907e-14
2 2.66454e-14
3 -1.43885e-13
4588 3
1 -4.26326e-14
2 3.55271e-15
3 -1.24345e-13
4590 3
1 -2.66454e-14
2 2.4869e-14
3 -8.79297e-14
4592 3
1 -6.92779e-14
2 2.4869e-14
3 -1.13687e-13
4594 3
1 -7.99361e-15
2 4.61853e-14
3 -1.92735e-13
4596 3
1 -4.17444e-14
2 5.86198e-14
3 -1.42109e-13
4598 3
1 -1.59872e-14
2 5.15143e-14
3 -8.9706e-14
4600 3
1 -5.15143e-14
2 4.44089e-14
3 -1.43885e-13
4602 3
1 -4.44089e-14
2 2.84217e-14
3 -1.2701e-13
4604 3
1 -4.9738e-14
2 2.84217e-14
3 -1.25233e-13
4606 3
1 -7.63833e-14
2 1.77636e-14
3 -1.08358e-13
4608 3
1 2.66454e-15
2 1.24345e-14
3 -1.40332e-13
4610 3
1 -4.44089e-14
2 2.4869e-14
3 -1.20792e-13
4612 3
1 -7.90479e-14
2 8.34888e-14
3 -1.36779e-13
4614 3
1 -2.66454e-14
2 6.03961e-14
3 -1.03029e-13
4616 3
1 -2.04281e-14
2 4.44089e-14
3 -1.3145e-13
4618 3
1 -6.92779e-14
2 3.73035e-14
3 -9.68114e-14
4620 3
1 -5.81757e-14
2 4.9738e-14
3 -1.61648e-13
4622 3
1 -7.59393e-14
2 3.81917e-14
3 -1.49214e-13
4624 3
1 -2.88658e-14
2 4.35207e-14
3 -1.55431e-13
4626 3
1 -4.08562e-14
2 3.90799e-14
3 -1.42109e-13
4628 3
1 -7.4607e-14
2 6.66134e-14
3 -1.64313e-13
4630 3
1 -7.14984e-14
2 1.68754e-14
3 -1.82077e-13
4632 3
1 -5.10703e-14
2 1.68754e-14
3 -1.40332e-13
4634 3
1 -3.15303e-14
2 6.57252e-14
3 -1.47438e-13
4636 3
1 -4.17444e-14
2 1.42109e-14
3 -2.01617e-13
4638 3
1 -4.26326e-14
2 1.77636e-14
3 -1.40332e-13
4640 3
1 -2.26485e-14
2 4.9738e-14
3 -1.44773e-13
4642 3
1 -4.79616e-14
2 1.77636e-14
3 -1.54543e-13
4644 3
1 -4.17444e-14
2 2.13163e-14
3 -1.28786e-13
4646 3
1 -6.57252e-14
2 3.81917e-14
3 -1.19904e-13
4648 3
1 -4.26326e-14
2 2.22045e-14
3 -1.83853e-13
4650 3
1 -6.12843e-14
2 2.13163e-14
3 -1.76748e-13
4652 3
1 -4.17444e-14
2 4.35207e-14
3 -1.42109e-13
4654 3
1 -4.88498e-14
2 3.64153e-14
3 -1.50102e-13
4656 3
1 -2.66454e-14
2 5.9508e-14
3 -1.30562e-13
4658 3
1 1.06581e-14
2 4.79616e-14
3 -1.42997e-13
4660 3
1 -6.92779e-14
2 3.4639e-14
3 -1.23457e-13
4662 3
1 -6.39488e-14
2 3.55271e-14
3 -1.59872e-13
4664 3
1 -5.4623e-14
2 5.50671e-14
3 -9.68114e-14
4666 3
1 -4.92939e-14
2 -8.88178e-16
3 -9.76996e-14
4668 3
1 -6.39488e-14
2 4.9738e-14
3 -1.13687e-13
4670 3
1 -5.37348e-14
2 9.76996e-15
3 -1.09246e-13
4672 3
1 -7.19425e-14
2 6.75016e-14
3 -1.13687e-13
4674 3
1 -5.10703e-14
2 6.03961e-14
3 -9.23706e-14
4676 3
1 -5.86198e-14
2 6.21725e-14
3 -1.52767e-13
4678 3
1 -6.12843e-14
2 4.35207e-14
3 -1.48326e-13
4680 3
1 -7.99361e-14
2 5.77316e-14
3 -1.28786e-13
4682 3
1 -2.57572e-14
2 2.93099e-14
3 -1.02141e-13
4684 3
1 -4.9738e-14
2 5.15143e-14
3 -1.2168e-13
4686 3
1 -3.37508e-14
2 1.5099e-14
3 -1.59872e-13
4688 3
1 -7.63833e-14
2 3.90799e-14
3 -1.04805e-13
4690 3
1 -4.30767e-14
2 -1.15463e-14
3 -1.03029e-13
4692 3
1 -7.63833e-14
2 4.70735e-14
3 -1.37668e-13
4694 3
1 -3.68594e-14
2 8.43769e-14
3 -1.3145e-13
4696 3
1 -2.57572e-14
2 4.44089e-15
3 -1.46549e-13
4698 3
1 -3.28626e-14
2 4.44089e-14
3 -1.58096e-13
4700 3
1 -3.33067e-14
2 4.88498e-14
3 -1.22569e-13
4702 3
1 -6.75016e-14
2 8.79297e-14
3 -1.13687e-13
4704 3
1 -6.30607e-14
2 3.55271e-14
3 -1.1724e-13
4706 3
1 -4.52971e-14
2 -1.86517e-14
3 -1.45661e-13
4708 3
1 -4.44089e-14
2 3.01981e-14
3 -1.35891e-13
4710 3
1 -3.9968e-14
2 7.01661e-14
3 -1.20792e-13
4712 3
1 -6.21725e-14
2 -2.66454e-15
3 -1.19016e-13
4714 3
1 -5.06262e-14
2 3.4639e-14
3 -1.50102e-13
4716 3
1 -8.43769e-14
2 6.30607e-14
3 -1.22569e-13
4718 3
1 -8.17124e-14
2 5.32907e-15
3 -1.49214e-13
4720 3
1 -6.4837e-14
2 7.72715e-14
3 -9.14824e-14
4722 3
1 -4.70735e-14
2 -5.32907e-15
3 -1.06581e-13
4724 3
1 -2.30926e-14
2 5.32907e-14
3 -1.14575e-13
4726 3
1 -5.86198e-14
2 -7.10543e-15
3 -8.88178e-14
4728 3
1 -5.41789e-14
2 1.33227e-14
3 -1.15463e-13
4730 3
1 -5.15143e-14
2 1.15463e-14
3 -1.2168e-13
4732 3
1 -3.4639e-14
2 -1.68754e-14
3 -1.04805e-13
4734 3
1 -7.77156e-14
2 1.24345e-14
3 -8.17124e-14
4736 3
1 -3.4639e-14
2 3.37508e-14
3 -9.05942e-14
4738 3
1 -4.17444e-14
2 6.21725e-15
3 -9.9476e-14
4740 3
1 -6.57252e-14
2 -4.44089e-15
3 -1.43885e-13
4742 3
1 -2.75335e-14
2 4.52971e-14
3 -1.42109e-13
4744 3
1 -4.70735e-14
2 -8.88178e-15
3 -1.06581e-13
4746 3
1 -2.4869e-14
2 3.55271e-14
3 -1.02141e-13
4748 3
1 -4.26326e-14
2 1.68754e-14
3 -1.35891e-13
4750 3
1 -3.81917e-14
2 4.26326e-14
3 -1.29674e-13
4752 3
1 -3.19744e-14
2 3.90799e-14
3 -1.03029e-13
4754 3
1 -1.59872e-14
2 3.64153e-14
3 -1.803e-13
4756 3
1 -5.59552e-14
2 4.44089e-15
3 -1.38556e-13
4758 3
1 -7.4607e-14
2 8.88178e-15
3 -1.08358e-13
4760 3
1 -5.9508e-14
2 5.24025e-14
3 -6.92779e-14
4762 3
1 -6.57252e-14
2 5.24025e-14
3 -1.62537e-13
4764 3
1 -2.66454e-15
2 1.95399e-14
3 -9.41469e-14
4766 3
1 -4.35207e-14
2 -3.55271e-15
3 -8.70415e-14
4768 3
1 -3.73035e-14
2 1.33227e-14
3 -9.32587e-14
4770 3
1 -7.90479e-14
2 3.73035e-14
3 -9.05942e-14
4772 3
1 -7.4607e-14
2 3.37508e-14
3 -1.22569e-13
4774 3
1 -6.39488e-14
2 3.73035e-14
3 -1.18128e-13
4776 3
1 -4.08562e-14
2 2.84217e-14
3 -1.30562e-13
4778 3
1 -8.17124e-14
2 1.24345e-14
3 -1.12799e-13
4780 3
1 -2.30926e-14
2 5.50671e-14
3 -1.04805e-13
4782 3
1 -4.08562e-14
2 6.21725e-14
3 -1.13687e-13
4784 3
1 -2.04281e-14
2 -2.66454e-15
3 -1.14575e-13
4786 3
1 -6.75016e-14
2 -8.88178e-16
3 -1.47438e-13
4788 3
1 -6.12843e-14
2 0
3 -1.32339e-13
4790 3
1 -7.01661e-14
2 6.12843e-14
3 -1.35003e-13
4792 3
1 -8.08242e-14
2 4.79616e-14
3 -9.50351e-14
4794 3
1 -5.32907e-14
2 7.28306e-14
3 -1.10134e-13
4796 3
1 -8.88178e-14
2 1.5099e-14
3 -1.33227e-13
4798 3
1 -5.15143e-14
2 4.9738e-14
3 -1.58096e-13
4800 3
1 -1.33227e-14
2 2.30926e-14
3 -1.20792e-13
4802 3
1 -8.61533e-14
2 1.77636e-15
3 -1.27898e-13
4804 3
1 -9.9476e-14
2 2.4869e-14
3 -1.10134e-13
4806 3
1 -3.90799e-14
2 1.59872e-14
3 -1.43885e-13
4808 3
1 -7.4607e-14
2 4.26326e-14
3 -9.59233e-14
4810 3
1 -6.4837e-14
2 4.70735e-14
3 -8.52651e-14
4812 3
1 -4.44089e-14
2 2.66454e-14
3 -1.45661e-13
4814 3
1 -9.68114e-14
2 -3.55271e-15
3 -9.76996e-14
4816 3
1 -9.14824e-14
2 4.61853e-14
3 -1.19904e-13
4818 3
1 -6.4837e-14
2 3.9968e-14
3 -7.63833e-14
4820 3
1 -4.61853e-14
2 9.76996e-15
3 -1.04805e-13
4822 3
1 -5.86198e-14
2 3.55271e-15
3 -9.76996e-14
4824 3
1 -5.06262e-14
2 3.01981e-14
3 -1.20792e-13
4826 3
1 -9.50351e-14
2 8.88178e-15
3 -9.59233e-14
4828 3
1 -6.21725e-14
2 3.90799e-14
3 -1.27898e-13
4830 3
1 -6.03961e-14
2 6.03961e-14
3 -1.03029e-13
4832 3
1 -4.9738e-14
2 6.92779e-14
3 -4.44089e-14
4834 3
1 -1.05693e-13
2 1.77636e-15
3 -9.76996e-14
4836 3
1 -5.50671e-14
2 5.15143e-14
3 -1.01252e-13
4838 3
1 -8.26006e-14
2 7.4607e-14
3 -1.0747e-13
4840 3
1 -7.81597e-14
2 6.57252e-14
3 -1.04805e-13
4842 3
1 -6.66134e-14
2 3.64153e-14
3 -1.04805e-13
4844 3
1 -6.66134e-14
2 6.12843e-14
3 -8.17124e-14
4846 3
1 -7.72715e-14
2 4.88498e-14
3 -1.35003e-13
4848 3
1 -7.99361e-14
2 4.61853e-14
3 -1.00364e-13
4850 3
1 -6.39488e-14
2 6.75016e-14
3 -6.03961e-14
4852 3
1 -5.06262e-14
2 8.88178e-15
3 -1.12799e-13
4854 3
1 -2.04281e-14
2 1.24345e-14
3 -9.76996e-14
4856 3
1 -5.32907e-14
2 7.37188e-14
3 -1.05693e-13
4858 3
1 -3.81917e-14
2 4.61853e-14
3 -9.14824e-14
4860 3
1 -6.57252e-14
2 3.55271e-14
3 -9.9476e-14
4862 3
1 -4.44089e-14
2 3.90799e-14
3 -1.3145e-13
4864 3
1 -6.92779e-14
2 4.79616e-14
3 -8.43769e-14
4866 3
1 -3.9968e-14
2 6.03961e-14
3 -1.15463e-13
4868 3
1 -6.21725e-14
2 6.75016e-14
3 -6.57252e-14
4870 3
1 -6.03961e-14
2 5.86198e-14
3 -1.00364e-13
4872 3
1 -2.66454e-14
2 6.83897e-14
3 -1.26121e-13
4874 3
1 -6.03961e-14
2 6.12843e-14
3 -5.86198e-14
4876 3
1 -2.75335e-14
2 9.76996e-14
3 -7.72715e-14
4878 3
1 -4.61853e-14
2 3.81917e-14
3 -6.66134e-14
4880 3
1 -5.32907e-14
2 6.03961e-14
3 -1.00364e-13
4882 3
1 -3.28626e-14
2 5.77316e-14
3 -1.1191e-13
4884 3
1 -3.19744e-14
2 6.83897e-14
3 -1.1724e-13
4886 3
1 -1.86517e-14
2 7.10543e-14
3 -8.70415e-14
4888 3
1 -3.01981e-14
2 7.28306e-14
3 -1.3145e-13
4890 3
1 -8.88178e-14
2 -7.10543e-15
3 -7.28306e-14
4892 3
1 -2.39808e-14
2 4.9738e-14
3 -1.04805e-13
4894 3
1 -3.4639e-14
2 6.57252e-14
3 -1.24345e-13
4896 3
1 -2.66454e-14
2 6.39488e-14
3 -5.86198e-14
4898 3
1 -2.39808e-14
2 5.41789e-14
3 -8.34888e-14
4900 3
1 -1.68754e-14
2 3.01981e-14
3 -7.72715e-14
4902 3
1 9.76996e-15
2 9.50351e-14
3 -7.81597e-14
4904 3
1 -7.54952e-14
2 5.41789e-14
3 -8.70415e-14
4906 3
1 -4.61853e-14
2 6.03961e-14
3 -1.19016e-13
4908 3
1 -5.24025e-14
2 4.79616e-14
3 -1.22569e-13
4910 3
1 -1.06581e-14
2 4.88498e-14
3 -6.39488e-14
4912 3
1 -2.84217e-14
2 6.03961e-14
3 -1.05693e-13
4914 3
1 -2.93099e-14
2 5.77316e-14
3 -9.23706e-14
4916 3
1 -6.57252e-14
2 5.59552e-14
3 -5.86198e-14
4918 3
1 -2.04281e-14
2 6.75016e-14
3 -7.4607e-14
4920 3
1 -3.19744e-14
2 2.39808e-14
3 -9.9476e-14
4922 3
1 -6.39488e-14
2 8.17124e-14
3 -6.30607e-14
4924 3
1 -4.52971e-14
2 6.30607e-14
3 -6.83897e-14
4926 3
1 -7.01661e-14
2 4.08562e-14
3 -6.03961e-14
4928 3
1 -8.52651e-14
2 3.9968e-14
3 -4.08562e-14
4930 3
1 -4.9738e-14
2 3.19744e-14
3 -5.59552e-14
4932 3
1 -4.26326e-14
2 8.52651e-14
3 -5.50671e-14
4934 3
1 -7.99361e-14
2 8.34888e-14
3 -6.21725e-14
4936 3
1 -8.17124e-14
2 1.59872e-14
3 -7.99361e-14
4938 3
1 -5.32907e-14
2 8.17124e-14
3 -5.59552e-14
4940 3
1 -6.12843e-14
2 6.39488e-14
3 -3.90799e-14
4942 3
1 -5.50671e-14
2 -4.26326e-14
3 -4.26326e-14
4944 3
1 -5.68434e-14
2 2.84217e-14
3 -3.55271e-14
4946 3
1 -7.63833e-14
2 4.61853e-14
3 -3.37508e-14
4948 3
1 -5.50671e-14
2 6.57252e-14
3 -3.9968e-14
4950 3
1 -5.32907e-14
2 4.26326e-14
3 -5.77316e-14
4952 3
1 -4.88498e-14
2 4.79616e-14
3 -4.70735e-14
4954 3
1 -6.12843e-14
2 3.73035e-14
3 -8.43769e-14
4956 3
1 -2.57572e-14
2 7.28306e-14
3 -4.08562e-14
4958 3
1 -5.32907e-14
2 2.66454e-14
3 -4.08562e-14
4960 3
1 -3.4639e-14
2 4.44089e-14
3 -3.73035e-14
4962 3
1 -4.52971e-14
2 1.00364e-13
3 -5.32907e-14
4964 3
1 -5.32907e-14
2 7.54952e-14
3 -7.28306e-14
4966 3
1 -6.12843e-14
2 6.66134e-14
3 -4.70735e-14
4968 3
1 -6.12843e-14
2 8.26006e-14
3 -8.17124e-14
4970 3
1 -9.85878e-14
2 6.83897e-14
3 -4.61853e-14
4972 3
1 -3.73035e-14
2 6.12843e-14
3 -5.32907e-14
4974 3
1 -4.9738e-14
2 4.9738e-14
3 -1.06581e-14
4976 3
1 -4.26326e-14
2 7.81597e-14
3 -7.28306e-14
4978 3
1 -9.14824e-14
2 3.81917e-14
3 -5.15143e-14
4980 3
1 -5.68434e-14
2 7.63833e-14
3 -4.17444e-14
4982 3
1 -6.75016e-14
2 4.9738e-14
3 -5.86198e-14
4984 3
1 -5.68434e-14
2 7.99361e-14
3 -3.55271e-14
4986 3
1 -5.86198e-14
2 3.28626e-14
3 -8.34888e-14
4988 3
1 -3.64153e-14
2 6.03961e-14
3 -7.10543e-14
4990 3
1 -5.50671e-14
2 2.13163e-14
3 -8.08242e-14
4992 3
1 -5.24025e-14
2 4.9738e-14
3 -5.68434e-14
4994 3
1 -3.81917e-14
2 6.57252e-14
3 -1.15463e-13
4996 3
1 -9.23706e-14
2 6.75016e-14
3 -4.88498e-14
4998 3
1 -4.39648e-14
2 6.12843e-14
3 -9.23706e-14
5000 3
1 -1.04361e-13
2 5.32907e-15
3 -7.10543e-14
5002 3
1 -5.41789e-14
2 3.19744e-14
3 -5.9508e-14
5004 3
1 -6.4837e-14
2 3.73035e-14
3 -7.63833e-14
5006 3
1 -3.28626e-14
2 4.61853e-14
3 -6.92779e-14
5008 3
1 -6.21725e-14
2 4.17444e-14
3 -5.32907e-14
5010 3
1 -3.28626e-14
2 3.73035e-14
3 -1.49214e-13
5012 3
1 -2.62013e-14
2 4.79616e-14
3 -4.88498e-14
5014 3
1 -7.81597e-14
2 6.39488e-14
3 -1.08358e-13
5016 3
1 -2.93099e-14
2 2.66454e-14
3 -6.83897e-14
5018 3
1 -9.23706e-14
2 3.4639e-14
3 -7.4607e-14
5020 3
1 -3.28626e-14
2 4.17444e-14
3 -7.81597e-14
5022 3
1 -3.41949e-14
2 9.76996e-15
3 -8.52651e-14
5024 3
1 -4.66294e-14
2 7.99361e-15
3 -7.01661e-14
5026 3
1 -5.77316e-14
2 2.75335e-14
3 -8.08242e-14
5028 3
1 -5.68434e-14
2 3.10862e-14
3 -1.08358e-13
5030 3
1 -6.61693e-14
2 1.86517e-14
3 -7.63833e-14
5032 3
1 -2.53131e-14
2 2.57572e-14
3 -7.10543e-14
5034 3
1 -5.68434e-14
2 2.13163e-14
3 -8.88178e-14
5036 3
1 -6.03961e-14
2 1.86517e-14
3 -1.32339e-13
5038 3
1 -3.81917e-14
2 2.66454e-14
3 -6.75016e-14
5040 3
1 -4.70735e-14
2 5.32907e-15
3 -3.81917e-14
5042 3
1 -9.59233e-14
2 2.4869e-14
3 -8.34888e-14
5044 3
1 -7.4607e-14
2 2.93099e-14
3 -7.28306e-14
5046 3
1 -6.39488e-14
2 2.57572e-14
3 -9.05942e-14
5048 3
1 -3.64153e-14
2 2.30926e-14
3 -9.59233e-14
5050 3
1 -6.12843e-14
2 2.13163e-14
3 -1.01252e-13
5052 3
1 -4.21885e-14
2 -3.55271e-15
3 -7.81597e-14
5054 3
1 -5.06262e-14
2 2.39808e-14
3 -1.1724e-13
5056 3
1 -6.03961e-14
2 3.37508e-14
3 -9.23706e-14
5058 3
1 -7.63833e-14
2 4.44089e-15
3 -7.99361e-14
5060 3
1 -6.35048e-14
2 1.24345e-14
3 -5.06262e-14
5062 3
1 -1.33227e-14
2 1.42109e-14
3 -6.75016e-14
5064 3
1 -4.4853e-14
2 2.66454e-15
3 -7.37188e-14
5066 3
1 -2.44249e-14
2 3.37508e-14
3 -8.79297e-14
5068 3
1 -4.26326e-14
2 5.32907e-15
3 -5.50671e-14
5070 3
1 -3.86358e-14
2 1.42109e-14
3 -6.39488e-14
5072 3
1 -1.19904e-14
2 3.10862e-14
3 -1.15463e-13
5074 3
1 -9.41469e-14
2 4.26326e-14
3 -1.03029e-13
5076 3
1 -6.08402e-14
2 3.55271e-15
3 -6.92779e-14
5078 3
1 -3.01981e-14
2 4.88498e-14
3 -8.52651e-14
5080 3
1 -6.03961e-14
2 1.24345e-14
3 -3.9968e-14
5082 3
1 -3.33067e-14
2 1.24345e-14
3 -8.43769e-14
5084 3
1 -4.57412e-14
2 -7.10543e-15
3 -7.63833e-14
5086 3
1 -8.88178e-14
2 3.19744e-14
3 -3.64153e-14
5088 3
1 -4.08562e-14
2 1.59872e-14
3 -1.01252e-13
5090 3
1 -4.52971e-14
2 2.13163e-14
3 -7.90479e-14
5092 3
1 -1.5099e-14
2 3.9968e-14
3 -7.4607e-14
5094 3
1 -5.15143e-14
2 1.33227e-14
3 -9.41469e-14
5096 3
1 6.21725e-15
2 2.13163e-14
3 -4.9738e-14
5098 3
1 -4.44089e-14
2 6.75016e-14
3 -2.66454e-14
5100 3
1 -7.01661e-14
2 4.17444e-14
3 -2.84217e-14
5102 3
1 -3.90799e-14
2 3.10862e-14
3 -5.41789e-14
5104 3
1 -5.41789e-14
2 2.04281e-14
3 -5.68434e-14
5106 3
1 -5.24025e-14
2 8.88178e-15
3 -4.35207e-14
5108 3
1 -5.15143e-14
2 3.55271e-15
3 -8.34888e-14
5110 3
1 -7.99361e-14
2 5.77316e-14
3 -2.57572e-14
5112 3
1 -5.59552e-14
2 2.66454e-14
3 -2.66454e-14
5114 3
1 -6.39488e-14
2 3.64153e-14
3 -7.54952e-14
5116 3
1 -6.03961e-14
2 5.24025e-14
3 -2.4869e-14
5118 3
1 -2.4869e-14
2 1.68754e-14
3 -5.15143e-14
5120 3
1 -8.88178e-15
2 1.77636e-14
3 -4.44089e-14
5122 3
1 -6.83897e-14
2 1.5099e-14
3 -3.90799e-14
5124 3
1 -5.32907e-14
2 6.66134e-14
3 -8.17124e-14
5126 3
1 -8.52651e-14
2 4.79616e-14
3 -3.01981e-14
5128 3
1 -5.15143e-14
2 3.73035e-14
3 -9.23706e-14
5130 3
1 -7.32747e-14
2 5.32907e-15
3 -4.26326e-14
5132 3
1 -4.92939e-14
2 7.10543e-15
3 -5.86198e-14
5134 3
1 -4.35207e-14
2 4.61853e-14
3 -3.55271e-14
5136 3
1 -3.37508e-14
2 3.19744e-14
3 -1.42109e-14
5138 3
1 -8.26006e-14
2 1.77636e-14
3 -2.75335e-14
5140 3
1 -2.66454e-14
2 1.42109e-14
3 -2.66454e-14
5142 3
1 -3.64153e-14
2 1.42109e-14
3 -4.61853e-14
5144 3
1 -3.95239e-14
2 2.30926e-14
3 -4.88498e-14
5146 3
1 -5.77316e-14
2 2.30926e-14
3 -7.99361e-14
5148 3
1 -2.9754e-14
2 2.84217e-14
3 -3.19744e-14
5150 3
1 -4.13003e-14
2 4.26326e-14
3 -5.06262e-14
5152 3
1 -2.53131e-14
2 1.59872e-14
3 -4.88498e-14
5154 3
1 -5.41789e-14
2 5.32907e-14
3 -2.57572e-14
5156 3
1 -2.22045e-15
2 4.26326e-14
3 -1.68754e-14
5158 3
1 -3.06422e-14
2 1.24345e-14
3 -3.73035e-14
5160 3
1 -9.19265e-14
2 1.59872e-14
3 -4.44089e-14
5162 3
1 -6.88338e-14
2 6.39488e-14
3 0
5164 3
1 6.21725e-15
2 6.03961e-14
3 -4.26326e-14
5166 3
1 -4.44089e-14
2 2.13163e-14
3 -2.04281e-14
5168 3
1 -9.76996e-15
2 4.61853e-14
3 -6.92779e-14
5170 3
1 -1.24345e-14
2 3.19744e-14
3 -6.83897e-14
5172 3
1 -3.9968e-14
2 3.90799e-14
3 -5.24025e-14
5174 3
1 -3.10862e-14
2 1.95399e-14
3 -4.88498e-14
5176 3
1 -7.28306e-14
2 5.68434e-14
3 -6.57252e-14
5178 3
1 -1.06581e-14
2 5.32907e-15
3 -6.21725e-15
5180 3
1 -4.35207e-14
2 -1.42109e-14
3 -7.19425e-14
5182 3
1 -2.57572e-14
2 5.50671e-14
3 -6.39488e-14
5184 3
1 -4.26326e-14
2 1.77636e-14
3 -4.52971e-14
5186 3
1 -3.9968e-14
2 4.08562e-14
3 -6.03961e-14
5188 3
1 -2.57572e-14
2 2.30926e-14
3 -5.86198e-14
5190 3
1 7.10543e-15
2 -2.30926e-14
3 -2.13163e-14
5192 3
1 0
2 1.06581e-14
3 -2.4869e-14
5194 3
1 -5.86198e-14
2 4.9738e-14
3 -4.9738e-14
5196 3
1 -7.99361e-15
2 5.32907e-15
3 -7.99361e-15
5198 3
1 -4.26326e-14
2 2.84217e-14
3 -5.24025e-14
5200 3
1 3.55271e-15
2 5.15143e-14
3 -3.64153e-14
5202 3
1 -3.64153e-14
2 3.73035e-14
3 -8.61533e-14
5204 3
1 -8.88178e-15
2 3.19744e-14
3 -3.28626e-14
5206 3
1 -1.06581e-14
2 2.13163e-14
3 -4.61853e-14
5208 3
1 -3.9968e-14
2 3.90799e-14
3 -3.37508e-14
5210 3
1 -6.12843e-14
2 5.68434e-14
3 -6.03961e-14
5212 3
1 -5.32907e-15
2 3.10862e-14
3 -3.90799e-14
5214 3
1 -3.19744e-14
2 5.24025e-14
3 -4.08562e-14
5216 3
1 -5.86198e-14
2 6.75016e-14
3 -6.03961e-14
5218 3
1 -3.64153e-14
2 2.84217e-14
3 -4.88498e-14
5220 3
1 -3.37508e-14
2 2.75335e-14
3 -2.84217e-14
5222 3
1 -5.50671e-14
2 1.5099e-14
3 -4.61853e-14
5224 3
1 -4.44089e-14
2 3.28626e-14
3 -3.81917e-14
5226 3
1 -3.64153e-14
2 2.4869e-14
3 -4.52971e-14
5228 3
1 -6.4837e-14
2 3.37508e-14
3 -4.44089e-14
5230 3
1 -3.55271e-14
2 4.08562e-14
3 -2.4869e-14
5232 3
1 -5.50671e-14
2 4.35207e-14
3 -3.55271e-15
5234 3
1 -6.57252e-14
2 3.90799e-14
3 -3.73035e-14
5236 3
1 -3.01981e-14
2 2.39808e-14
3 -5.86198e-14
5238 3
1 -2.66454e-14
2 7.99361e-14
3 -4.70735e-14
5240 3
1 -2.66454e-14
2 -3.55271e-15
3 -4.79616e-14
5242 3
1 -3.73035e-14
2 5.59552e-14
3 -4.08562e-14
5244 3
1 -3.19744e-14
2 3.64153e-14
3 -1.24345e-14
5246 3
1 7.10543e-15
2 2.13163e-14
3 -9.76996e-15
5248 3
1 5.32907e-15
2 2.13163e-14
3 -2.66454e-14
5250 3
1 7.10543e-15
2 -1.77636e-15
3 -2.88658e-14
5252 3
1 -1.77636e-14
2 7.63833e-14
3 -4.66294e-14
5254 3
1 1.77636e-14
2 0
3 -4.66294e-14
5256 3
1 2.66454e-14
2 1.77636e-14
3 -3.55271e-14
5258 3
1 3.55271e-15
2 3.73035e-14
3 -3.73035e-14
5260 3
1 -2.13163e-14
2 -1.77636e-15
3 -4.9738e-14
5262 3
1 -2.4869e-14
2 3.28626e-14
3 -5.77316e-15
5264 3
1 -3.55271e-14
2 2.66454e-14
3 -1.42109e-14
5266 3
1 -1.59872e-14
2 1.95399e-14
3 -3.81917e-14
5268 3
1 1.06581e-14
2 2.13163e-14
3 1.24345e-14
5270 3
1 -2.13163e-14
2 1.59872e-14
3 -8.88178e-16
5272 3
1 -1.77636e-14
2 6.30607e-14
3 -6.39488e-14
5274 3
1 -2.4869e-14
2 3.73035e-14
3 -4.66294e-14
5276 3
1 -2.66454e-14
2 2.30926e-14
3 -2.4869e-14
5278 3
1 -4.26326e-14
2 1.77636e-15
3 -5.01821e-14
5280 3
1 -1.42109e-14
2 5.86198e-14
3 -6.4837e-14
5282 3
1 7.10543e-15
2 4.44089e-14
3 -2.57572e-14
5284 3
1 -2.66454e-14
2 1.15463e-14
3 -3.41949e-14
5286 3
1 1.77636e-15
2 7.72715e-14
3 -6.83897e-14
5288 3
1 -5.50671e-14
2 3.90799e-14
3 -2.04281e-14
5290 3
1 -5.32907e-15
2 1.86517e-14
3 -2.17604e-14
5292 3
1 -3.19744e-14
2 4.70735e-14
3 -3.4639e-14
5294 3
1 -1.59872e-14
2 2.75335e-14
3 -6.08402e-14
5296 3
1 7.10543e-15
2 2.22045e-14
3 -6.08402e-14
5298 3
1 -3.55271e-14
2 7.99361e-15
3 -3.86358e-14
5300 3
1 -5.32907e-14
2 2.4869e-14
3 -3.5083e-14
5302 3
1 1.77636e-15
2 -2.30926e-14
3 -2.26485e-14
5304 3
1 -2.30926e-14
2 6.03961e-14
3 -5.01821e-14
5306 3
1 -2.84217e-14
2 3.90799e-14
3 -4.39648e-14
5308 3
1 -7.10543e-15
2 4.88498e-14
3 -3.73035e-14
5310 3
1 -5.68434e-14
2 1.15463e-14
3 -1.59872e-14
5312 3
1 -4.79616e-14
2 3.90799e-14
3 -2.66454e-14
5314 3
1 -5.32907e-14
2 3.64153e-14
3 -1.15463e-14
5316 3
1 -1.95399e-14
2 9.23706e-14
3 -3.5083e-14
5318 3
1 -5.86198e-14
2 3.10862e-14
3 -3.37508e-14
5320 3
1 -3.19744e-14
2 3.90799e-14
3 -2.75335e-14
5322 3
1 8.88178e-15
2 4.61853e-14
3 -4.44089e-14
5324 3
1 -2.30926e-14
2 4.70735e-14
3 -2.4869e-14
5326 3
1 0
2 3.64153e-14
3 -2.93099e-14
5328 3
1 8.88178e-15
2 8.88178e-15
3 2.13163e-14
5330 3
1 -3.37508e-14
2 4.26326e-14
3 -3.73035e-14
5332 3
1 -1.06581e-14
2 3.90799e-14
3 -2.30926e-14
5334 3
1 -1.42109e-14
2 5.41789e-14
3 -2.04281e-14
5336 3
1 -2.66454e-14
2 7.01661e-14
3 -1.86517e-14
5338 3
1 -3.37508e-14
2 8.88178e-16
3 -3.19744e-14
5340 3
1 -5.50671e-14
2 -1.77636e-15
3 -1.77636e-14
5342 3
1 -5.32907e-14
2 -1.42109e-14
3 -8.08242e-14
5344 3
1 -1.77636e-14
2 5.32907e-15
3 -1.42109e-14
5346 3
1 -1.06581e-14
2 3.01981e-14
3 -2.4869e-14
5348 3
1 -4.61853e-14
2 4.79616e-14
3 -1.90958e-14
5350 3
1 -3.19744e-14
2 3.37508e-14
3 -2.44249e-14
5352 3
1 3.55271e-15
2 3.90799e-14
3 -2.53131e-14
5354 3
1 -1.77636e-14
2 1.59872e-14
3 -7.10543e-15
5356 3
1 -1.77636e-15
2 3.55271e-14
3 -3.19744e-14
5358 3
1 -1.77636e-14
2 1.77636e-14
3 -3.4639e-14
5360 3
1 1.24345e-14
2 2.04281e-14
3 -1.95399e-14
5362 3
1 -6.92779e-14
2 1.95399e-14
3 -2.13163e-14
5364 3
1 -3.73035e-14
2 1.86517e-14
3 1.68754e-14
5366 3
1 -2.30926e-14
2 1.5099e-14
3 -2.4869e-14
5368 3
1 -4.9738e-14
2 -5.32907e-15
3 -1.42109e-14
5370 3
1 7.10543e-15
2 6.21725e-15
3 -6.21725e-15
5372 3
1 -3.90799e-14
2 3.90799e-14
3 -3.90799e-14
5374 3
1 -5.32907e-14
2 2.75335e-14
3 -5.24025e-14
5376 3
1 -3.01981e-14
2 4.26326e-14
3 -5.32907e-14
5378 3
1 -2.30926e-14
2 5.24025e-14
3 -4.26326e-14
5380 3
1 -1.77636e-14
2 1.59872e-14
3 -7.99361e-15
5382 3
1 -2.13163e-14
2 -2.39808e-14
3 -3.81917e-14
5384 3
1 -4.61853e-14
2 4.61853e-14
3 -7.10543e-15
5386 3
1 -6.03961e-14
2 1.77636e-15
3 -3.81917e-14
5388 3
1 -3.55271e-14
2 5.24025e-14
3 -1.06581e-14
5390 3
1 -1.06581e-14
2 4.61853e-14
3 -8.88178e-15
5392 3
1 -5.15143e-14
2 4.26326e-14
3 -1.42109e-14
5394 3
1 -3.01981e-14
2 4.35207e-14
3 -3.10862e-14
5396 3
1 -5.50671e-14
2 2.39808e-14
3 -6.39488e-14
5398 3
1 -2.84217e-14
2 1.68754e-14
3 -4.44089e-14
5400 3
1 -6.21725e-14
2 6.75016e-14
3 -3.73035e-14
5402 3
1 -2.66454e-14
2 4.9738e-14
3 -2.84217e-14
5404 3
1 -4.26326e-14
2 2.30926e-14
3 -3.10862e-14
5406 3
1 -5.50671e-14
2 -1.24345e-14
3 -2.4869e-14
5408 3
1 -2.13163e-14
2 4.61853e-14
3 1.5099e-14
5410 3
1 -5.15143e-14
2 1.24345e-14
3 -3.37508e-14
5412 3
1 7.10543e-15
2 3.90799e-14
3 -2.93099e-14
5414 3
1 -4.9738e-14
2 5.50671e-14
3 -5.68434e-14
5416 3
1 -5.86198e-14
2 7.63833e-14
3 -4.52971e-14
5418 3
1 -5.32907e-15
2 3.55271e-15
3 -1.24345e-14
5420 3
1 -3.55271e-15
2 2.84217e-14
3 -6.66134e-14
5422 3
1 -6.92779e-14
2 2.4869e-14
3 -3.81917e-14
5424 3
1 -5.32907e-15
2 2.30926e-14
3 -8.88178e-15
5426 3
1 -1.95399e-14
2 3.19744e-14
3 -3.73035e-14
5428 3
1 -3.73035e-14
2 4.26326e-14
3 -4.44089e-14
5430 3
1 -2.30926e-14
2 6.75016e-14
3 -6.30607e-14
5432 3
1 -1.77636e-14
2 7.10543e-15
3 -2.13163e-14
5434 3
1 -8.88178e-15
2 5.68434e-14
3 -8.79297e-14
5436 3
1 -2.4869e-14
2 3.55271e-15
3 -7.10543e-14
5438 3
1 -2.84217e-14
2 2.84217e-14
3 -4.26326e-14
5440 3
1 -3.01981e-14
2 2.66454e-14
3 -4.44089e-14
5442 3
1 -2.30926e-14
2 3.55271e-14
3 -5.06262e-14
5444 3
1 -4.44089e-14
2 5.59552e-14
3 -4.9738e-14
5446 3
1 -2.84217e-14
2 3.01981e-14
3 -6.4837e-14
5448 3
1 -5.15143e-14
2 1.77636e-14
3 -3.19744e-14
5450 3
1 -2.84217e-14
2 3.01981e-14
3 -3.81917e-14
5452 3
1 -3.55271e-14
2 5.77316e-14
3 -6.21725e-15
5454 3
1 -8.88178e-15
2 3.55271e-14
3 -6.75016e-14
5456 3
1 -6.03961e-14
2 4.88498e-14
3 -1.15463e-14
5458 3
1 -2.84217e-14
2 -2.66454e-15
3 -2.66454e-14
5460 3
1 -1.77636e-15
2 -2.66454e-15
3 -1.06581e-14
5462 3
1 -2.4869e-14
2 2.04281e-14
3 -1.77636e-14
5464 3
1 -3.73035e-14
2 3.01981e-14
3 -2.4869e-14
5466 3
1 -5.86198e-14
2 4.61853e-14
3 -4.26326e-14
5468 3
1 -5.68434e-14
2 2.75335e-14
3 -4.17444e-14
5470 3
1 -1.77636e-14
2 6.03961e-14
3 -7.90479e-14
5472 3
1 1.77636e-14
2 3.19744e-14
3 -1.59872e-14
5474 3
1 -3.01981e-14
2 -4.44089e-15
3 -3.37508e-14
5476 3
1 -3.37508e-14
2 3.19744e-14
3 -2.84217e-14
5478 3
1 -7.28306e-14
2 7.4607e-14
3 -5.59552e-14
5480 3
1 -1.42109e-14
2 2.39808e-14
3 -4.88498e-14
5482 3
1 -4.26326e-14
2 1.33227e-14
3 -2.30926e-14
5484 3
1 -4.08562e-14
2 5.06262e-14
3 -5.86198e-14
5486 3
1 -5.15143e-14
2 4.70735e-14
3 -6.75016e-14
5488 3
1 -2.4869e-14
2 6.21725e-14
3 -3.90799e-14
5490 3
1 -2.13163e-14
2 3.64153e-14
3 -5.59552e-14
5492 3
1 -2.84217e-14
2 7.99361e-15
3 -4.17444e-14
5494 3
1 -3.73035e-14
2 5.32907e-15
3 -2.04281e-14
5496 3
1 -3.19744e-14
2 2.84217e-14
3 -7.01661e-14
5498 3
1 1.77636e-15
2 7.10543e-14
3 -8.70415e-14
5500 3
1 -6.92779e-14
2 3.73035e-14
3 -5.9508e-14
5502 3
1 -8.88178e-15
2 4.17444e-14
3 -3.19744e-14
5504 3
1 -1.77636e-14
2 2.39808e-14
3 -4.70735e-14
5506 3
1 -3.55271e-15
2 1.68754e-14
3 -4.79616e-14
5508 3
1 -4.61853e-14
2 9.76996e-15
3 -6.66134e-14
5510 3
1 -6.75016e-14
2 4.52971e-14
3 -5.06262e-14
5512 3
1 0
2 9.76996e-15
3 -4.88498e-14
5514 3
1 -1.42109e-14
2 1.33227e-14
3 -7.72715e-14
5516 3
1 -3.55271e-14
2 3.55271e-14
3 -6.39488e-14
5518 3
1 -6.21725e-14
2 5.32907e-14
3 -3.4639e-14
5520 3
1 -5.32907e-14
2 2.57572e-14
3 -6.57252e-14
5522 3
1 -4.79616e-14
2 2.39808e-14
3 -5.86198e-14
5524 3
1 -3.01981e-14
2 2.93099e-14
3 -7.37188e-14
5526 3
1 -5.15143e-14
2 2.66454e-14
3 -3.28626e-14
5528 3
1 -1.95399e-14
2 5.86198e-14
3 -5.77316e-14
5530 3
1 -1.95399e-14
2 2.22045e-14
3 -3.73035e-14
5532 3
1 -8.88178e-15
2 4.44089e-15
3 -6.21725e-14
5534 3
1 -2.84217e-14
2 1.59872e-14
3 -4.17444e-14
5536 3
1 -4.9738e-14
2 3.01981e-14
3 -6.92779e-14
5538 3
1 -2.84217e-14
2 1.06581e-14
3 -5.68434e-14
5540 3
1 -8.34888e-14
2 2.93099e-14
3 -5.68434e-14
5542 3
1 -8.88178e-15
2 1.5099e-14
3 -7.81597e-14
5544 3
1 -2.13163e-14
2 1.95399e-14
3 -6.03961e-14
5546 3
1 2.4869e-14
2 -4.44089e-15
3 -4.44089e-14
5548 3
1 -2.66454e-14
2 7.10543e-15
3 -8.17124e-14
5550 3
1 -3.19744e-14
2 1.06581e-14
3 -7.37188e-14
5552 3
1 -4.61853e-14
2 6.21725e-15
3 -4.79616e-14
5554 3
1 -3.19744e-14
2 9.76996e-15
3 -4.9738e-14
5556 3
1 2.66454e-14
2 -2.84217e-14
3 -9.50351e-14
5558 3
1 -4.44089e-15
2 3.55271e-14
3 -4.52971e-14
5560 3
1 -2.22045e-14
2 3.10862e-14
3 -4.70735e-14
5562 3
1 -2.04281e-14
2 3.55271e-15
3 -6.75016e-14
5564 3
1 -3.10862e-14
2 2.22045e-14
3 -5.41789e-14
5566 3
1 -4.08562e-14
2 -3.19744e-14
3 -7.01661e-14
5568 3
1 8.88178e-16
2 2.93099e-14
3 -6.57252e-14
5570 3
1 -2.4869e-14
2 2.13163e-14
3 -6.83897e-14
5572 3
1 -2.4869e-14
2 -1.24345e-14
3 -8.79297e-14
5574 3
1 -2.4869e-14
2 2.75335e-14
3 -3.90799e-14
5576 3
1 -6.39488e-14
2 -2.66454e-15
3 -5.59552e-14
5578 3
1 -3.01981e-14
2 3.19744e-14
3 -6.4837e-14
5580 3
1 -3.37508e-14
2 2.57572e-14
3 -5.77316e-14
5582 3
1 -1.59872e-14
2 2.66454e-14
3 -1.77636e-14
5584 3
1 -5.32907e-15
2 3.37508e-14
3 -5.06262e-14
5586 3
1 -3.19744e-14
2 8.88178e-15
3 -7.19425e-14
5588 3
1 -6.39488e-14
2 2.30926e-14
3 -3.73035e-14
5590 3
1 -1.59872e-14
2 -1.59872e-14
3 -5.50671e-14
5592 3
1 -8.34888e-14
2 2.75335e-14
3 -7.28306e-14
5594 3
1 -3.19744e-14
2 2.66454e-15
3 -8.26006e-14
5596 3
1 -7.10543e-14
2 -1.77636e-14
3 -6.83897e-14
5598 3
1 -4.9738e-14
2 -1.06581e-14
3 -4.44089e-15
5600 3
1 -6.57252e-14
2 -7.10543e-15
3 -3.55271e-14
5602 3
1 -5.15143e-14
2 -1.15463e-14
3 -6.30607e-14
5604 3
1 -5.15143e-14
2 -6.21725e-15
3 -3.90799e-14
5606 3
1 -6.75016e-14
2 -7.10543e-15
3 -3.01981e-14
5608 3
1 -4.61853e-14
2 2.30926e-14
3 -7.99361e-15
5610 3
1 -6.57252e-14
2 2.84217e-14
3 -5.86198e-14
5612 3
1 -4.79616e-14
2 2.4869e-14
3 -6.03961e-14
5614 3
1 -1.03029e-13
2 2.04281e-14
3 -3.4639e-14
5616 3
1 -3.55271e-14
2 2.04281e-14
3 -4.52971e-14
5618 3
1 -4.08562e-14
2 3.55271e-14
3 -5.32907e-14
5620 3
1 -4.9738e-14
2 3.37508e-14
3 -4.44089e-14
5622 3
1 -3.55271e-14
2 0
3 -3.90799e-14
5624 3
1 -4.26326e-14
2 1.42109e-14
3 -3.01981e-14
5626 3
1 -7.63833e-14
2 3.55271e-14
3 -4.44089e-14
5628 3
1 -8.52651e-14
2 6.75016e-14
3 -5.9508e-14
5630 3
1 -5.86198e-14
2 2.4869e-14
3 -7.28306e-14
5632 3
1 -5.32907e-14
2 5.86198e-14
3 -7.81597e-14
5634 3
1 -3.55271e-14
2 4.44089e-14
3 -6.92779e-14
5636 3
1 -2.30926e-14
2 3.73035e-14
3 -4.08562e-14
5638 3
1 -4.26326e-14
2 1.77636e-14
3 -5.24025e-14
5640 3
1 -1.04805e-13
2 5.68434e-14
3 -4.08562e-14
5642 3
1 -9.59233e-14
2 5.32907e-14
3 -5.06262e-14
5644 3
1 -5.86198e-14
2 2.66454e-14
3 -4.61853e-14
5646 3
1 -1.10134e-13
2 8.17124e-14
3 -4.70735e-14
5648 3
1 -6.03961e-14
2 6.21725e-14
3 -3.28626e-14
5650 3
1 -4.79616e-14
2 3.37508e-14
3 -3.28626e-14
5652 3
1 -9.41469e-14
2 2.66454e-14
3 -6.92779e-14
5654 3
1 -8.17124e-14
2 5.15143e-14
3 -5.32907e-15
5656 3
1 -6.92779e-14
2 3.90799e-14
3 -4.88498e-14
5658 3
1 -1.43885e-13
2 3.19744e-14
3 -6.75016e-14
5660 3
1 -8.70415e-14
2 2.13163e-14
3 -5.32907e-14
5662 3
1 -5.86198e-14
2 1.59872e-14
3 -1.42109e-14
5664 3
1 -9.76996e-14
2 4.44089e-14
3 -3.9968e-14
5666 3
1 -9.05942e-14
2 2.30926e-14
3 -3.10862e-14
5668 3
1 -6.03961e-14
2 3.90799e-14
3 -4.79616e-14
5670 3
1 -7.10543e-14
2 5.68434e-14
3 -6.03961e-14
5672 3
1 -7.10543e-14
2 5.86198e-14
3 -1.59872e-14
5674 3
1 -6.92779e-14
2 2.84217e-14
3 -3.10862e-14
5676 3
1 -9.9476e-14
2 4.61853e-14
3 -3.64153e-14
5678 3
1 -6.92779e-14
2 2.4869e-14
3 -3.90799e-14
5680 3
1 -7.10543e-14
2 5.32907e-14
3 -4.08562e-14
5682 3
1 -4.9738e-14
2 0
3 -2.04281e-14
5684 3
1 -6.03961e-14
2 8.17124e-14
3 -2.39808e-14
5686 3
1 -1.77636e-14
2 5.32907e-14
3 -4.17444e-14
5688 3
1 -1.77636e-14
2 6.21725e-14
3 8.88178e-15
5690 3
1 -3.19744e-14
2 3.64153e-14
3 -2.04281e-14
5692 3
1 -7.28306e-14
2 3.28626e-14
3 -1.95399e-14
5694 3
1 -5.86198e-14
2 7.37188e-14
3 -5.59552e-14
5696 3
1 -1.77636e-14
2 2.66454e-15
3 -2.57572e-14
5698 3
1 -2.4869e-14
2 4.44089e-14
3 -4.17444e-14
5700 3
1 -2.30926e-14
2 6.12843e-14
3 -3.10862e-14
5702 3
1 -3.37508e-14
2 7.19425e-14
3 -5.32907e-14
5704 3
1 -6.75016e-14
2 2.75335e-14
3 -5.77316e-14
5706 3
1 -5.86198e-14
2 7.90479e-14
3 -9.05942e-14
5708 3
1 -9.41469e-14
2 3.81917e-14
3 -5.50671e-14
5710 3
1 -9.76996e-14
2 3.19744e-14
3 -3.9968e-14
5712 3
1 -7.63833e-14
2 5.68434e-14
3 -6.57252e-14
5714 3
1 -2.66454e-14
2 7.19425e-14
3 -4.44089e-14
5716 3
1 -6.92779e-14
2 7.37188e-14
3 -6.92779e-14
5718 3
1 -5.32907e-14
2 3.10862e-14
3 -2.93099e-14
5720 3
1 -7.28306e-14
2 2.4869e-14
3 -6.39488e-14
5722 3
1 1.59872e-14
2 3.01981e-14
3 -2.22045e-14
5724 3
1 -6.75016e-14
2 5.50671e-14
3 -5.24025e-14
5726 3
1 -7.99361e-14
2 5.50671e-14
3 -4.08562e-14
5728 3
1 -5.32907e-14
2 7.28306e-14
3 -1.86517e-14
5730 3
1 -7.63833e-14
2 7.10543e-14
3 -6.03961e-14
5732 3
1 -4.61853e-14
2 2.13163e-14
3 -6.30607e-14
5734 3
1 -5.50671e-14
2 2.13163e-14
3 -6.75016e-14
5736 3
1 -4.9738e-14
2 4.08562e-14
3 -5.59552e-14
5738 3
1 -8.70415e-14
2 7.81597e-14
3 -4.70735e-14
5740 3
1 -7.10543e-14
2 2.84217e-14
3 -4.9738e-14
5742 3
1 -3.90799e-14
2 2.4869e-14
3 -5.15143e-14
5744 3
1 -8.88178e-14
2 5.77316e-14
3 -5.68434e-14
5746 3
1 -4.61853e-14
2 7.37188e-14
3 -6.66134e-14
5748 3
1 2.84217e-14
2 4.44089e-14
3 -4.61853e-14
5750 3
1 -7.10543e-15
2 4.88498e-14
3 -4.08562e-14
5752 3
1 -6.39488e-14
2 6.39488e-14
3 -3.37508e-14
5754 3
1 -7.4607e-14
2 4.08562e-14
3 -5.59552e-14
5756 3
1 1.77636e-14
2 3.64153e-14
3 -3.55271e-14
5758 3
1 -4.61853e-14
2 3.01981e-14
3 -1.95399e-14
5760 3
1 1.77636e-14
2 8.70415e-14
3 -6.83897e-14
5762 3
1 -1.06581e-14
2 -1.77636e-15
3 -4.08562e-14
5764 3
1 -2.13163e-14
2 5.77316e-14
3 -4.52971e-14
5766 3
1 -6.75016e-14
2 2.75335e-14
3 -3.73035e-14
5768 3
1 -4.9738e-14
2 4.70735e-14
3 -6.75016e-14
5770 3
1 -7.10543e-15
2 4.35207e-14
3 -5.06262e-14
5772 3
1 -3.55271e-14
2 2.4869e-14
3 -4.61853e-14
5774 3
1 0
2 4.9738e-14
3 -4.88498e-14
5776 3
1 -3.73035e-14
2 4.08562e-14
3 -3.64153e-14
5778 3
1 -5.15143e-14
2 5.77316e-14
3 -3.90799e-14
5780 3
1 -1.77636e-14
2 9.68114e-14
3 -4.88498e-14
5782 3
1 -4.9738e-14
2 5.77316e-14
3 -2.84217e-14
5784 3
1 0
2 7.10543e-14
3 -6.75016e-14
5786 3
1 -1.42109e-14
2 6.4837e-14
3 -3.01981e-14
5788 3
1 -2.84217e-14
2 8.79297e-14
3 -7.19425e-14
5790 3
1 -9.23706e-14
2 1.0747e-13
3 -7.63833e-14
5792 3
1 -2.84217e-14
2 6.83897e-14
3 -5.50671e-14
5794 3
1 1.06581e-14
2 1.11022e-13
3 -6.83897e-14
5796 3
1 -4.61853e-14
2 5.06262e-14
3 -2.75335e-14
5798 3
1 -1.77636e-14
2 1.95399e-14
3 -6.57252e-14
5800 3
1 1.77636e-14
2 4.88498e-14
3 -4.70735e-14
5802 3
1 -2.4869e-14
2 2.75335e-14
3 -4.30767e-14
5804 3
1 -7.10543e-14
2 3.01981e-14
3 -4.17444e-14
5806 3
1 -4.9738e-14
2 5.86198e-14
3 -6.26166e-14
5808 3
1 -2.84217e-14
2 6.30607e-14
3 -6.30607e-14
5810 3
1 -6.75016e-14
2 3.64153e-14
3 -2.39808e-14
5812 3
1 -2.4869e-14
2 5.59552e-14
3 -4.13003e-14
5814 3
1 -5.32907e-14
2 2.93099e-14
3 -4.35207e-14
5816 3
1 -1.06581e-13
2 1.5099e-14
3 -8.17124e-14
5818 3
1 -6.75016e-14
2 -1.42109e-14
3 -6.66134e-14
5820 3
1 -4.61853e-14
2 5.68434e-14
3 -8.57092e-14
5822 3
1 -7.4607e-14
2 7.01661e-14
3 -7.32747e-14
5824 3
1 -4.61853e-14
2 -1.06581e-14
3 -7.54952e-14
5826 3
1 -4.61853e-14
2 6.57252e-14
3 -3.86358e-14
5828 3
1 -3.19744e-14
2 2.66454e-14
3 -3.59712e-14
5830 3
1 -4.08562e-14
2 6.83897e-14
3 -3.68594e-14
5832 3
1 -3.01981e-14
2 5.06262e-14
3 -4.26326e-14
5834 3
1 -3.01981e-14
2 2.66454e-14
3 -6.52811e-14
5836 3
1 -4.26326e-14
2 2.04281e-14
3 -6.70575e-14
5838 3
1 -3.73035e-14
2 3.19744e-14
3 -4.30767e-14
5840 3
1 -3.73035e-14
2 5.9508e-14
3 -5.32907e-14
5842 3
1 -6.21725e-14
2 4.70735e-14
3 -5.19584e-14
5844 3
1 -5.32907e-14
2 5.59552e-14
3 -3.68594e-14
5846 3
1 -5.68434e-14
2 6.66134e-14
3 -7.90479e-14
5848 3
1 -6.75016e-14
2 8.08242e-14
3 -5.50671e-14
5850 3
1 -4.79616e-14
2 3.81917e-14
3 -8.92619e-14
5852 3
1 -4.08562e-14
2 7.63833e-14
3 -6.88338e-14
5854 3
1 -6.75016e-14
2 9.85878e-14
3 -8.88178e-14
5856 3
1 -5.15143e-14
2 4.70735e-14
3 -7.23865e-14
5858 3
1 -5.15143e-14
2 7.99361e-14
3 -8.03801e-14
5860 3
1 -7.4607e-14
2 7.19425e-14
3 -5.9952e-14
5862 3
1 -4.79616e-14
2 3.9968e-14
3 -8.39329e-14
5864 3
1 -4.44089e-14
2 4.88498e-14
3 -7.23865e-14
5866 3
1 -2.13163e-14
2 8.34888e-14
3 -6.79456e-14
5868 3
1 -3.01981e-14
2 8.88178e-14
3 -8.79297e-14
5870 3
1 -5.68434e-14
2 5.32907e-14
3 -8.17124e-14
5872 3
1 -8.52651e-14
2 1.03917e-13
3 -4.61853e-14
5874 3
1 -6.75016e-14
2 7.10543e-14
3 -9.4591e-14
5876 3
1 -4.9738e-14
2 7.19425e-14
3 -4.92939e-14
5878 3
1 -7.10543e-14
2 2.04281e-14
3 -4.13003e-14
5880 3
1 -3.73035e-14
2 3.81917e-14
3 -6.39488e-14
5882 3
1 -6.92779e-14
2 3.90799e-14
3 -3.95239e-14
5884 3
1 -7.81597e-14
2 3.28626e-14
3 -5.68434e-14
5886 3
1 -8.52651e-14
2 6.66134e-14
3 -7.4607e-14
5888 3
1 -3.55271e-15
2 5.32907e-14
3 -4.61853e-14
5890 3
1 -7.63833e-14
2 8.34888e-14
3 -7.72715e-14
5892 3
1 -2.4869e-14
2 1.03917e-13
3 -3.95239e-14
5894 3
1 -7.4607e-14
2 7.54952e-14
3 -3.59712e-14
5896 3
1 -5.86198e-14
2 7.19425e-14
3 -5.72875e-14
5898 3
1 -4.9738e-14
2 7.99361e-14
3 -6.9722e-14
5900 3
1 -7.10543e-14
2 1.06581e-13
3 -8.12683e-14
5902 3
1 -5.32907e-14
2 1.04805e-13
3 -7.50511e-14
5904 3
1 -6.03961e-14
2 1.5099e-14
3 -5.37348e-14
5906 3
1 -3.55271e-14
2 6.92779e-14
3 -6.61693e-14
5908 3
1 -7.4607e-14
2 4.17444e-14
3 -6.03961e-14
5910 3
1 -6.75016e-14
2 5.86198e-14
3 -8.65974e-14
5912 3
1 -5.68434e-14
2 5.59552e-14
3 -5.41789e-14
5914 3
1 -9.9476e-14
2 6.39488e-14
3 -3.81917e-14
5916 3
1 -8.88178e-14
2 4.26326e-14
3 -5.28466e-14
5918 3
1 -7.4607e-14
2 3.01981e-14
3 -6.4837e-14
5920 3
1 -3.90799e-14
2 3.90799e-14
3 -5.68434e-14
5922 3
1 -5.68434e-14
2 9.23706e-14
3 -6.12843e-14
5924 3
1 -5.32907e-14
2 4.52971e-14
3 -3.59712e-14
5926 3
1 -9.9476e-14
2 7.90479e-14
3 -3.81917e-14
5928 3
1 -8.88178e-14
2 8.17124e-14
3 -5.68434e-14
5930 3
1 -5.32907e-14
2 6.21725e-14
3 -2.22045e-14
5932 3
1 -2.84217e-14
2 6.92779e-14
3 -7.06102e-14
5934 3
1 -5.68434e-14
2 6.12843e-14
3 1.55431e-14
5936 3
1 -6.39488e-14
2 4.70735e-14
3 -5.32907e-14
5938 3
1 -7.81597e-14
2 5.15143e-14
3 -5.86198e-14
5940 3
1 -7.10543e-14
2 7.72715e-14
3 -3.01981e-14
5942 3
1 -4.9738e-14
2 6.4837e-14
3 -4.04121e-14
5944 3
1 -1.20792e-13
2 4.9738e-14
3 -7.86038e-14
5946 3
1 -6.39488e-14
2 5.06262e-14
3 -5.4623e-14
5948 3
1 -6.75016e-14
2 2.4869e-14
3 -7.23865e-14
5950 3
1 -4.26326e-14
2 8.08242e-14
3 -3.15303e-14
5952 3
1 -8.52651e-14
2 9.41469e-14
3 -6.52811e-14
5954 3
1 -8.52651e-14
2 9.68114e-14
3 -7.77156e-14
5956 3
1 -3.55271e-14
2 3.64153e-14
3 -6.57252e-14
5958 3
1 -8.88178e-14
2 7.99361e-14
3 -2.04281e-14
5960 3
1 -7.4607e-14
2 7.19425e-14
3 -4.57412e-14
5962 3
1 -6.21725e-14
2 5.15143e-14
3 -2.44249e-14
5964 3
1 -5.50671e-14
2 3.73035e-14
3 -3.41949e-14
5966 3
1 -6.92779e-14
2 3.90799e-14
3 -6.30607e-14
5968 3
1 3.55271e-15
2 6.39488e-14
3 -6.83897e-14
5970 3
1 -1.77636e-14
2 9.32587e-14
3 -7.32747e-14
5972 3
1 -8.17124e-14
2 4.52971e-14
3 -5.9508e-14
5974 3
1 -7.10543e-14
2 6.03961e-14
3 -4.57412e-14
5976 3
1 -6.21725e-14
2 -4.44089e-15
3 -7.81597e-14
5978 3
1 -8.17124e-14
2 6.30607e-14
3 -5.59552e-14
5980 3
1 -7.10543e-14
2 -5.32907e-15
3 -5.55112e-14
5982 3
1 -8.34888e-14
2 6.75016e-14
3 -3.64153e-14
5984 3
1 -8.70415e-14
2 5.32907e-14
3 -7.19425e-14
5986 3
1 -4.26326e-14
2 5.24025e-14
3 -7.01661e-14
5988 3
1 -4.61853e-14
2 6.12843e-14
3 -6.83897e-14
5990 3
1 -5.68434e-14
2 4.79616e-14
3 -8.26006e-14
5992 3
1 -6.75016e-14
2 4.61853e-14
3 -5.32907e-14
5994 3
1 -6.75016e-14
2 5.59552e-14
3 -7.06102e-14
5996 3
1 -1.27898e-13
2 9.76996e-15
3 -4.30767e-14
5998 3
1 -1.3145e-13
2 5.06262e-14
3 -4.13003e-14
6000 3
1 -6.03961e-14
2 7.63833e-14
3 -4.26326e-14
6002 3
1 -1.10134e-13
2 1.5099e-14
3 -4.75175e-14
6004 3
1 -6.75016e-14
2 7.10543e-15
3 -5.28466e-14
6006 3
1 -1.03029e-13
2 5.06262e-14
3 -4.4853e-14
6008 3
1 -1.13687e-13
2 4.08562e-14
3 -5.01821e-14
6010 3
1 -5.15143e-14
2 1.00364e-13
3 -6.92779e-14
6012 3
1 -5.86198e-14
2 7.28306e-14
3 -5.19584e-14
6014 3
1 -7.28306e-14
2 2.93099e-14
3 -6.08402e-14
6016 3
1 -5.68434e-14
2 1.95399e-14
3 -8.39329e-14
6018 3
1 -5.86198e-14
2 3.4639e-14
3 -4.84057e-14
6020 3
1 -8.17124e-14
2 5.32907e-15
3 -4.04121e-14
6022 3
1 -1.13687e-13
2 2.57572e-14
3 -5.41789e-14
6024 3
1 -9.41469e-14
2 5.9508e-14
3 -5.55112e-14
6026 3
1 -7.10543e-14
2 1.95399e-14
3 -4.21885e-14
6028 3
1 -8.52651e-14
2 -8.88178e-15
3 -7.9492e-14
6030 3
1 -8.88178e-14
2 4.26326e-14
3 -5.59552e-14
6032 3
1 -8.17124e-14
2 3.4639e-14
3 -4.84057e-14
6034 3
1 -1.03029e-13
2 8.88178e-16
3 -6.12843e-14
6036 3
1 -6.39488e-14
2 5.06262e-14
3 -4.39648e-14
6038 3
1 -6.03961e-14
2 6.75016e-14
3 -6.52811e-14
6040 3
1 -4.08562e-14
2 6.30607e-14
3 -6.52811e-14
6042 3
1 -1.77636e-14
2 3.10862e-14
3 -6.03961e-14
6044 3
1 -5.50671e-14
2 8.08242e-14
3 -3.81917e-14
6046 3
1 -5.86198e-14
2 4.52971e-14
3 -4.70735e-14
6048 3
1 -6.39488e-14
2 2.84217e-14
3 -2.9754e-14
6050 3
1 -6.21725e-14
2 3.73035e-14
3 -4.52971e-14
6052 3
1 -4.9738e-14
2 4.70735e-14
3 -1.19904e-14
6054 3
1 -9.9476e-14
2 4.9738e-14
3 -7.10543e-14
6056 3
1 -6.92779e-14
2 4.08562e-14
3 -4.52971e-14
6058 3
1 -1.42109e-14
2 3.55271e-15
3 -4.4853e-14
6060 3
1 -7.4607e-14
2 4.44089e-14
3 -5.59552e-14
6062 3
1 -8.17124e-14
2 5.59552e-14
3 -4.75175e-14
6064 3
1 -4.61853e-14
2 7.99361e-14
3 -7.32747e-14
6066 3
1 -7.28306e-14
2 3.37508e-14
3 -4.04121e-14
6068 3
1 -3.19744e-14
2 6.57252e-14
3 -4.21885e-14
6070 3
1 -6.03961e-14
2 6.12843e-14
3 -4.21885e-14
6072 3
1 -6.21725e-14
2 3.55271e-14
3 -5.41789e-14
6074 3
1 -8.17124e-14
2 7.10543e-14
3 -1.01696e-13
6076 3
1 -8.17124e-14
2 1.95399e-14
3 -4.26326e-14
6078 3
1 -7.4607e-14
2 3.73035e-14
3 -2.75335e-14
6080 3
1 -7.63833e-14
2 5.59552e-14
3 -4.04121e-14
6082 3
1 -7.63833e-14
2 -3.55271e-15
3 -3.95239e-14
6084 3
1 -8.17124e-14
2 3.4639e-14
3 -5.68434e-14
6086 3
1 -7.99361e-14
2 5.50671e-14
3 -8.43769e-15
6088 3
1 -8.17124e-14
2 2.39808e-14
3 -3.86358e-14
6090 3
1 -1.01252e-13
2 2.57572e-14
3 -3.55271e-14
6092 3
1 -1.04805e-13
2 3.01981e-14
3 -6.57252e-14
6094 3
1 -9.23706e-14
2 4.88498e-14
3 -1.59872e-14
6096 3
1 -7.81597e-14
2 7.37188e-14
3 -6.26166e-14
6098 3
1 -8.70415e-14
2 1.24345e-14
3 -6.12843e-14
6100 3
1 -7.4607e-14
2 3.4639e-14
3 -7.81597e-14
6102 3
1 -9.59233e-14
2 3.81917e-14
3 -4.26326e-14
6104 3
1 -6.75016e-14
2 -1.86517e-14
3 -5.81757e-14
6106 3
1 -5.86198e-14
2 2.75335e-14
3 -4.75175e-14
6108 3
1 -6.92779e-14
2 4.79616e-14
3 -6.03961e-14
6110 3
1 -7.81597e-14
2 -1.06581e-14
3 -4.39648e-14
6112 3
1 -7.28306e-14
2 1.95399e-14
3 -3.19744e-14
6114 3
1 -7.28306e-14
2 3.4639e-14
3 -3.24185e-14
6116 3
1 -1.47438e-13
2 2.4869e-14
3 -3.33067e-14
6118 3
1 -8.52651e-14
2 4.44089e-15
3 -6.79456e-14
6120 3
1 -7.10543e-14
2 3.55271e-14
3 -2.22045e-14
6122 3
1 -1.04805e-13
2 2.4869e-14
3 -6.70575e-14
6124 3
1 -8.70415e-14
2 5.77316e-14
3 -3.33067e-14
6126 3
1 -6.92779e-14
2 1.68754e-14
3 -4.35207e-14
6128 3
1 -1.1724e-13
2 1.5099e-14
3 -5.28466e-14
6130 3
1 -8.70415e-14
2 3.28626e-14
3 -5.15143e-14
6132 3
1 -3.37508e-14
2 2.84217e-14
3 -5.50671e-14
6134 3
1 -6.92779e-14
2 2.04281e-14
3 -2.22045e-14
6136 3
1 -5.86198e-14
2 4.44089e-15
3 -2.66454e-15
6138 3
1 -7.81597e-14
2 3.4639e-14
3 -4.9738e-14
6140 3
1 -1.1724e-13
2 3.73035e-14
3 -2.75335e-14
6142 3
1 -5.50671e-14
2 -1.06581e-14
3 -5.24025e-14
6144 3
1 -6.75016e-14
2 1.59872e-14
3 -4.92939e-14
6146 3
1 -7.4607e-14
2 3.55271e-14
3 -4.35207e-14
6148 3
1 -1.04805e-13
2 -2.66454e-15
3 -8.43769e-14
6150 3
1 -8.34888e-14
2 3.73035e-14
3 -6.83897e-14
6152 3
1 -1.08358e-13
2 2.39808e-14
3 -7.63833e-14
6154 3
1 -9.05942e-14
2 3.10862e-14
3 -5.59552e-14
6156 3
1 -9.23706e-14
2 6.4837e-14
3 -5.77316e-14
6158 3
1 -1.08358e-13
2 3.73035e-14
3 -1.77636e-14
6160 3
1 -1.04805e-13
2 -7.10543e-15
3 -4.17444e-14
6162 3
1 -9.9476e-14
2 4.35207e-14
3 -5.41789e-14
6164 3
1 -1.06581e-13
2 3.19744e-14
3 -8.88178e-14
6166 3
1 -1.26121e-13
2 2.66454e-15
3 -5.59552e-14
6168 3
1 -1.15463e-13
2 6.4837e-14
3 -5.32907e-14
6170 3
1 -7.99361e-14
2 1.5099e-14
3 -9.41469e-14
6172 3
1 -1.49214e-13
2 5.59552e-14
3 -6.21725e-14
6174 3
1 -9.76996e-14
2 3.28626e-14
3 -7.81597e-14
6176 3
1 -1.26121e-13
2 5.15143e-14
3 -5.68434e-14
6178 3
1 -1.01252e-13
2 8.88178e-15
3 -7.63833e-14
6180 3
1 -9.41469e-14
2 1.68754e-14
3 -5.15143e-14
6182 3
1 -1.26121e-13
2 2.4869e-14
3 -7.59393e-14
6184 3
1 -8.17124e-14
2 3.01981e-14
3 -4.04121e-14
6186 3
1 -9.9476e-14
2 4.44089e-15
3 -5.77316e-14
6188 3
1 -1.33227e-13
2 4.26326e-14
3 -4.70735e-14
6190 3
1 -1.04805e-13
2 5.77316e-14
3 -6.39488e-14
6192 3
1 -1.01252e-13
2 2.04281e-14
3 -3.64153e-14
6194 3
1 -1.43885e-13
2 2.93099e-14
3 -7.54952e-15
6196 3
1 -7.10543e-14
2 2.22045e-14
3 -4.21885e-14
6198 3
1 -8.17124e-14
2 4.44089e-14
3 -5.06262e-14
6200 3
1 -1.20792e-13
2 3.81917e-14
3 -5.24025e-14
6202 3
1 -9.59233e-14
2 6.21725e-15
3 -5.86198e-14
6204 3
1 -1.10134e-13
2 2.39808e-14
3 -3.64153e-14
6206 3
1 -1.20792e-13
2 7.99361e-14
3 -4.70735e-14
6208 3
1 -9.41469e-14
2 3.55271e-14
3 -4.9738e-14
6210 3
1 -1.22569e-13
2 1.5099e-14
3 -3.19744e-14
6212 3
1 -9.59233e-14
2 4.79616e-14
3 -5.68434e-14
6214 3
1 -1.03029e-13
2 6.21725e-15
3 -1.77636e-14
6216 3
1 -7.10543e-14
2 4.70735e-14
3 -5.4623e-14
6218 3
1 -9.41469e-14
2 4.61853e-14
3 -5.15143e-14
6220 3
1 -6.92779e-14
2 3.9968e-14
3 -4.52971e-14
6222 3
1 -1.27898e-13
2 7.54952e-14
3 -6.30607e-14
6224 3
1 -1.13687e-13
2 5.15143e-14
3 -2.39808e-14
6226 3
1 -9.41469e-14
2 4.26326e-14
3 -6.12843e-14
6228 3
1 -8.70415e-14
2 4.35207e-14
3 -7.90479e-14
6230 3
1 -1.19016e-13
2 4.26326e-14
3 -4.70735e-14
6232 3
1 -8.70415e-14
2 7.99361e-15
3 -4.88498e-14
6234 3
1 -9.05942e-14
2 3.01981e-14
3 -2.84217e-14
6236 3
1 -1.06581e-13
2 1.59872e-14
3 -2.75335e-14
6238 3
1 -8.88178e-14
2 1.86517e-14
3 -7.28306e-14
6240 3
1 -1.04805e-13
2 7.99361e-15
3 -3.90799e-14
6242 3
1 -1.03029e-13
2 7.99361e-15
3 -2.93099e-14
6244 3
1 -1.20792e-13
2 2.75335e-14
3 -3.90799e-14
6246 3
1 -1.19016e-13
2 2.39808e-14
3 -7.01661e-14
6248 3
1 -1.40332e-13
2 3.01981e-14
3 -7.37188e-14
6250 3
1 -1.59872e-13
2 -1.33227e-14
3 -7.4607e-14
6252 3
1 -1.06581e-13
2 1.77636e-15
3 -6.03961e-14
6254 3
1 -6.39488e-14
2 2.75335e-14
3 -6.03961e-14
6256 3
1 -1.13687e-13
2 1.95399e-14
3 -2.84217e-14
6258 3
1 -6.57252e-14
2 -1.68754e-14
3 -6.21725e-15
6260 3
1 -1.22569e-13
2 -4.88498e-14
3 -3.90799e-14
6262 3
1 -1.04805e-13
2 -2.66454e-15
3 -2.4869e-14
6264 3
1 -9.05942e-14
2 -3.37508e-14
3 -2.93099e-14
6266 3
1 -8.34888e-14
2 -1.42109e-14
3 -2.66454e-14
6268 3
1 -1.35003e-13
2 -2.66454e-15
3 -5.15143e-14
6270 3
1 -7.81597e-14
2 0
3 -2.30926e-14
6272 3
1 -1.1191e-13
2 -1.24345e-14
3 -2.39808e-14
6274 3
1 -1.29674e-13
2 8.88178e-16
3 -1.77636e-14
6276 3
1 -1.36779e-13
2 1.24345e-14
3 8.88178e-15
6278 3
1 -7.4607e-14
2 -1.77636e-15
3 -5.32907e-15
6280 3
1 -5.15143e-14
2 1.77636e-15
3 -2.22045e-14
6282 3
1 -1.10134e-13
2 -6.21725e-15
3 -9.76996e-15
6284 3
1 -1.04805e-13
2 8.88178e-15
3 -6.21725e-15
6286 3
1 -1.24345e-13
2 -2.66454e-15
3 -1.59872e-14
6288 3
1 -9.59233e-14
2 -1.59872e-14
3 3.55271e-15
6290 3
1 -1.27898e-13
2 -1.59872e-14
3 3.55271e-15
6292 3
1 -1.19016e-13
2 2.84217e-14
3 1.77636e-14
6294 3
1 -1.22569e-13
2 1.5099e-14
3 -2.22045e-14
6296 3
1 -1.43885e-13
2 4.79616e-14
3 -4.35207e-14
6298 3
1 -1.24345e-13
2 -4.44089e-15
3 -1.06581e-14
6300 3
1 -1.08358e-13
2 -6.21725e-15
3 -1.77636e-15
6302 3
1 -1.15463e-13
2 1.15463e-14
3 7.99361e-15
6304 3
1 -1.29674e-13
2 1.42109e-14
3 8.88178e-15
6306 3
1 -1.08358e-13
2 4.9738e-14
3 -2.39808e-14
6308 3
1 -1.43885e-13
2 -1.42109e-14
3 -3.90799e-14
6310 3
1 -1.1724e-13
2 2.93099e-14
3 -5.68434e-14
6312 3
1 -1.13687e-13
2 1.77636e-15
3 -2.30926e-14
6314 3
1 -1.04805e-13
2 -1.42109e-14
3 -5.59552e-14
6316 3
1 -1.19016e-13
2 0
3 -1.33227e-14
6318 3
1 -1.35003e-13
2 3.19744e-14
3 1.06581e-14
6320 3
1 -1.08358e-13
2 1.06581e-14
3 -4.26326e-14
6322 3
1 -6.39488e-14
2 1.95399e-14
3 -5.06262e-14
6324 3
1 -1.54543e-13
2 5.32907e-15
3 7.10543e-15
6326 3
1 -1.45661e-13
2 3.10862e-14
3 -4.79616e-14
6328 3
1 -9.05942e-14
2 1.06581e-14
3 -5.32907e-15
6330 3
1 -1.08358e-13
2 -7.99361e-15
3 1.06581e-14
6332 3
1 -1.5099e-13
2 9.76996e-15
3 -3.9968e-14
6334 3
1 -8.70415e-14
2 -5.32907e-15
3 -2.30926e-14
6336 3
1 -9.76996e-14
2 8.88178e-16
3 1.42109e-14
6338 3
1 -1.10134e-13
2 4.44089e-14
3 0
6340 3
1 -1.15463e-13
2 2.66454e-14
3 -8.88178e-15
6342 3
1 -1.19016e-13
2 1.15463e-14
3 -4.44089e-15
6344 3
1 -9.41469e-14
2 -3.10862e-14
3 -3.90799e-14
6346 3
1 -1.03029e-13
2 -4.44089e-15
3 -2.30926e-14
6348 3
1 -1.3145e-13
2 -1.59872e-14
3 -4.52971e-14
6350 3
1 -1.54543e-13
2 -6.21725e-15
3 -2.22045e-14
6352 3
1 -1.45661e-13
2 -3.55271e-14
3 -2.57572e-14
6354 3
1 -6.75016e-14
2 -6.21725e-15
3 -6.21725e-14
6356 3
1 -1.3145e-13
2 -2.22045e-14
3 -3.10862e-14
6358 3
1 -1.43885e-13
2 3.55271e-15
3 8.88178e-15
6360 3
1 -1.82965e-13
2 1.68754e-14
3 3.01981e-14
6362 3
1 -1.72307e-13
2 -2.66454e-15
3 9.76996e-15
6364 3
1 -1.20792e-13
2 -4.35207e-14
3 -2.66454e-14
6366 3
1 -1.40332e-13
2 -1.68754e-14
3 3.28626e-14
6368 3
1 -1.19016e-13
2 -5.32907e-15
3 -2.66454e-15
6370 3
1 -1.52767e-13
2 -1.95399e-14
3 -2.04281e-14
6372 3
1 -1.40332e-13
2 2.30926e-14
3 4.61853e-14
6374 3
1 -1.52767e-13
2 0
3 -1.06581e-14
6376 3
1 -1.66978e-13
2 -1.77636e-15
3 -3.81917e-14
6378 3
1 -1.45661e-13
2 2.84217e-14
3 -8.88178e-15
6380 3
1 -1.59872e-13
2 -7.99361e-15
3 1.68754e-14
6382 3
1 -2.04281e-13
2 2.30926e-14
3 -5.32907e-15
6384 3
1 -1.27898e-13
2 1.68754e-14
3 1.15463e-14
6386 3
1 -1.45661e-13
2 3.90799e-14
3 1.24345e-14
6388 3
1 -2.02505e-13
2 1.59872e-14
3 5.32907e-15
6390 3
1 -1.38556e-13
2 -1.77636e-15
3 5.32907e-15
6392 3
1 -1.03029e-13
2 -8.88178e-15
3 -3.4639e-14
6394 3
1 -1.27898e-13
2 -3.64153e-14
3 7.99361e-15
6396 3
1 -1.74083e-13
2 3.55271e-15
3 -1.5099e-14
6398 3
1 -1.26121e-13
2 -1.15463e-14
3 -3.81917e-14
6400 3
1 -1.40332e-13
2 2.75335e-14
3 -6.21725e-14
6402 3
1 -2.07834e-13
2 3.37508e-14
3 -2.4869e-14
6404 3
1 -1.79412e-13
2 1.33227e-14
3 -3.4639e-14
6406 3
1 -1.35003e-13
2 2.4869e-14
3 -2.57572e-14
6408 3
1 -1.91847e-13
2 5.59552e-14
3 -2.04281e-14
6410 3
1 -1.86517e-13
2 -1.42109e-14
3 -3.73035e-14
6412 3
1 -1.81188e-13
2 -2.66454e-14
3 -4.17444e-14
6414 3
1 -1.33227e-13
2 -4.44089e-15
3 -9.76996e-15
6416 3
1 -1.27898e-13
2 1.77636e-14
3 -1.5099e-14
6418 3
1 -1.06581e-13
2 -1.24345e-14
3 -2.66454e-15
6420 3
1 -1.20792e-13
2 3.55271e-15
3 -1.24345e-14
6422 3
1 -1.65201e-13
2 -2.66454e-15
3 5.32907e-15
6424 3
1 -1.49214e-13
2 -2.22045e-14
3 -7.99361e-15
6426 3
1 -1.45661e-13
2 -8.88178e-15
3 0
6428 3
1 -1.74083e-13
2 -2.66454e-15
3 -2.93099e-14
6430 3
1 -1.40332e-13
2 8.88178e-15
3 -2.84217e-14
6432 3
1 -1.72307e-13
2 -1.24345e-14
3 -4.52971e-14
6434 3
1 -1.38556e-13
2 2.30926e-14
3 -2.22045e-14
6436 3
1 -1.36779e-13
2 1.77636e-15
3 -1.86517e-14
6438 3
1 -1.27898e-13
2 2.66454e-15
3 1.33227e-14
6440 3
1 -1.5099e-13
2 4.44089e-15
3 -1.37668e-14
6442 3
1 -9.05942e-14
2 2.57572e-14
3 -2.70894e-14
6444 3
1 -1.68754e-13
2 1.15463e-14
3 -5.68434e-14
6446 3
1 -1.59872e-13
2 -1.77636e-15
3 -3.55271e-15
6448 3
1 -1.40332e-13
2 -3.10862e-14
3 -1.24345e-14
6450 3
1 -1.75859e-13
2 1.5099e-14
3 -1.06581e-14
6452 3
1 -9.59233e-14
2 1.59872e-14
3 -8.88178e-15
6454 3
1 -1.5099e-13
2 -3.9968e-14
3 -8.88178e-16
6456 3
1 -1.74083e-13
2 2.66454e-15
3 -9.76996e-15
6458 3
1 -1.77636e-13
2 9.76996e-15
3 -4.9738e-14
6460 3
1 -1.45661e-13
2 -1.06581e-14
3 1.59872e-14
6462 3
1 -1.49214e-13
2 1.77636e-14
3 2.4869e-14
6464 3
1 -1.61648e-13
2 -3.19744e-14
3 4.44089e-15
6466 3
1 -1.58096e-13
2 -3.55271e-15
3 6.66134e-15
6468 3
1 -1.5099e-13
2 7.10543e-15
3 -2.22045e-14
6470 3
1 -1.36779e-13
2 3.55271e-15
3 -1.9984e-14
6472 3
1 -1.59872e-13
2 -1.95399e-14
3 2.08722e-14
6474 3
1 -1.5099e-13
2 2.66454e-15
3 -1.24345e-14
6476 3
1 -1.45661e-13
2 -6.21725e-15
3 4.88498e-15
6478 3
1 -1.43885e-13
2 -1.06581e-14
3 6.66134e-15
6480 3
1 -1.1724e-13
2 -3.9968e-14
3 5.32907e-15
6482 3
1 -1.66978e-13
2 -2.13163e-14
3 -9.76996e-15
6484 3
1 -2.04281e-13
2 -4.44089e-15
3 4.44089e-15
6486 3
1 -1.42109e-13
2 -3.55271e-15
3 -2.66454e-15
6488 3
1 -1.06581e-13
2 8.88178e-15
3 -6.21725e-15
6490 3
1 -1.74083e-13
2 -5.15143e-14
3 -1.68754e-14
6492 3
1 -1.68754e-13
2 -2.39808e-14
3 -4.26326e-14
6494 3
1 -1.35003e-13
2 -2.30926e-14
3 -5.32907e-15
6496 3
1 -1.66978e-13
2 2.30926e-14
3 1.24345e-14
6498 3
1 -1.13687e-13
2 8.88178e-15
3 -1.5099e-14
6500 3
1 -1.65201e-13
2 -2.04281e-14
3 6.21725e-15
6502 3
1 -1.95399e-13
2 -8.88178e-15
3 -1.90958e-14
6504 3
1 -1.79412e-13
2 -1.86517e-14
3 -2.39808e-14
6506 3
1 -1.1724e-13
2 -1.95399e-14
3 -3.41949e-14
6508 3
1 -1.35003e-13
2 -1.77636e-14
3 -8.88178e-16
6510 3
1 -2.18492e-13
2 -6.39488e-14
3 -1.68754e-14
6512 3
1 -1.97176e-13
2 1.42109e-14
3 -2.39808e-14
6514 3
1 -2.14939e-13
2 -2.84217e-14
3 -3.19744e-14
6516 3
1 -1.45661e-13
2 -3.37508e-14
3 -1.24345e-14
6518 3
1 -1.66978e-13
2 -2.13163e-14
3 -9.76996e-15
6520 3
1 -1.95399e-13
2 -4.26326e-14
3 -3.55271e-15
6522 3
1 -1.79412e-13
2 -3.90799e-14
3 5.32907e-15
6524 3
1 -1.45661e-13
2 -4.35207e-14
3 -2.13163e-14
6526 3
1 -2.11386e-13
2 -1.59872e-14
3 -6.21725e-15
6528 3
1 -1.24345e-13
2 -5.41789e-14
3 -2.93099e-14
6530 3
1 -1.84741e-13
2 -3.4639e-14
3 1.77636e-15
6532 3
1 -1.56319e-13
2 1.15463e-14
3 -1.5099e-14
6534 3
1 -1.5099e-13
2 -8.88178e-15
3 -2.66454e-15
6536 3
1 -1.54543e-13
2 0
3 -3.01981e-14
6538 3
1 -1.19016e-13
2 -1.15463e-14
3 8.88178e-16
6540 3
1 -1.42109e-13
2 -1.42109e-14
3 6.66134e-15
6542 3
1 -1.52767e-13
2 -1.15463e-14
3 -3.19744e-14
6544 3
1 -1.52767e-13
2 -2.4869e-14
3 -1.19904e-14
6546 3
1 -1.45661e-13
2 -7.99361e-15
3 -3.81917e-14
6548 3
1 -1.43885e-13
2 -2.39808e-14
3 -3.24185e-14
6550 3
1 -1.58096e-13
2 -1.33227e-14
3 -1.64313e-14
6552 3
1 -1.72307e-13
2 -3.37508e-14
3 -2.30926e-14
6554 3
1 -1.9007e-13
2 -1.59872e-14
3 -1.5099e-14
6556 3
1 -2.06057e-13
2 3.90799e-14
3 -1.77636e-14
6558 3
1 -1.54543e-13
2 -4.26326e-14
3 5.32907e-15
6560 3
1 -1.66978e-13
2 -4.79616e-14
3 -2.66454e-15
6562 3
1 -1.63425e-13
2 -4.35207e-14
3 -4.70735e-14
6564 3
1 -2.16716e-13
2 3.37508e-14
3 9.76996e-15
6566 3
1 -1.52767e-13
2 4.26326e-14
3 -3.37508e-14
6568 3
1 -1.49214e-13
2 1.33227e-14
3 8.88178e-16
6570 3
1 -1.35003e-13
2 -1.95399e-14
3 9.76996e-15
6572 3
1 -1.77636e-13
2 -7.99361e-15
3 1.77636e-15
6574 3
1 -1.45661e-13
2 2.30926e-14
3 -1.5099e-14
6576 3
1 -1.52767e-13
2 -1.06581e-14
3 0
6578 3
1 -2.13163e-13
2 -5.32907e-15
3 2.66454e-15
6580 3
1 -1.27898e-13
2 -3.10862e-14
3 -7.99361e-15
6582 3
1 -1.7053e-13
2 0
3 1.33227e-15
6584 3
1 -1.98952e-13
2 -6.92779e-14
3 -1.06581e-14
6586 3
1 -1.56319e-13
2 -1.15463e-14
3 -1.77636e-14
6588 3
1 -1.77636e-13
2 -2.66454e-14
3 -2.84217e-14
6590 3
1 -2.0961e-13
2 -2.13163e-14
3 7.10543e-15
6592 3
1 -1.66978e-13
2 -2.4869e-14
3 -3.10862e-14
6594 3
1 -1.74083e-13
2 7.10543e-15
3 -2.13163e-14
6596 3
1 -1.81188e-13
2 -7.10543e-15
3 1.77636e-15
6598 3
1 -1.27898e-13
2 -2.30926e-14
3 3.01981e-14
6600 3
1 -1.52767e-13
2 -1.86517e-14
3 -5.50671e-14
6602 3
1 -1.42109e-13
2 -5.15143e-14
3 -1.33227e-14
6604 3
1 -1.49214e-13
2 -5.32907e-15
3 0
6606 3
1 -1.38556e-13
2 -3.81917e-14
3 2.4869e-14
6608 3
1 -1.45661e-13
2 -1.77636e-14
3 6.21725e-15
6610 3
1 -1.74083e-13
2 -3.55271e-15
3 -6.21725e-15
6612 3
1 -1.49214e-13
2 -1.95399e-14
3 -3.01981e-14
6614 3
1 -1.45661e-13
2 -2.75335e-14
3 -3.55271e-15
6616 3
1 -1.91847e-13
2 -4.08562e-14
3 0
6618 3
1 -1.63425e-13
2 -2.4869e-14
3 3.19744e-14
6620 3
1 -1.42109e-13
2 -2.75335e-14
3 -2.84217e-14
6622 3
1 -1.35003e-13
2 -5.32907e-15
3 -2.66454e-15
6624 3
1 -1.35003e-13
2 -7.10543e-15
3 2.4869e-14
6626 3
1 -1.91847e-13
2 -4.9738e-14
3 -2.4869e-14
6628 3
1 -1.45661e-13
2 -3.19744e-14
3 1.77636e-15
6630 3
1 -1.63425e-13
2 -2.66454e-14
3 -8.88178e-16
6632 3
1 -1.63425e-13
2 -4.44089e-14
3 1.59872e-14
6634 3
1 -1.27898e-13
2 8.88178e-16
3 2.75335e-14
6636 3
1 -2.02505e-13
2 -3.37508e-14
3 5.32907e-15
6638 3
1 -1.59872e-13
2 1.06581e-14
3 -1.24345e-14
6640 3
1 -1.38556e-13
2 -3.64153e-14
3 2.04281e-14
6642 3
1 -1.63425e-13
2 -5.32907e-15
3 -4.44089e-15
6644 3
1 -1.49214e-13
2 -3.4639e-14
3 1.42109e-14
6646 3
1 -1.77636e-13
2 -1.95399e-14
3 3.55271e-15
6648 3
1 -1.52767e-13
2 -1.59872e-14
3 9.76996e-15
6650 3
1 -1.56319e-13
2 -6.21725e-15
3 -5.32907e-15
6652 3
1 -1.10134e-13
2 -1.42109e-14
3 2.13163e-14
6654 3
1 -1.52767e-13
2 1.68754e-14
3 2.84217e-14
6656 3
1 -1.45661e-13
2 -1.95399e-14
3 -7.99361e-15
6658 3
1 -1.27898e-13
2 -6.21725e-15
3 1.24345e-14
6660 3
1 -1.63425e-13
2 -6.66134e-14
3 -8.43769e-15
6662 3
1 -1.42109e-13
2 -8.88178e-15
3 1.02141e-14
6664 3
1 -1.81188e-13
2 6.21725e-15
3 1.33227e-15
6666 3
1 -1.3145e-13
2 8.88178e-15
3 -8.88178e-15
6668 3
1 -1.45661e-13
2 -2.30926e-14
3 1.33227e-14
6670 3
1 -1.56319e-13
2 -3.90799e-14
3 1.33227e-15
6672 3
1 -1.56319e-13
2 1.15463e-14
3 4.88498e-15
6674 3
1 -1.81188e-13
2 -6.21725e-15
3 -1.33227e-14
6676 3
1 -1.7053e-13
2 -1.95399e-14
3 1.06581e-14
6678 3
1 -1.63425e-13
2 0
3 2.04281e-14
6680 3
1 -1.42109e-13
2 1.5099e-14
3 1.33227e-14
6682 3
1 -1.95399e-13
2 -2.84217e-14
3 2.30926e-14
6684 3
1 -2.0961e-13
2 -2.84217e-14
3 1.59872e-14
6686 3
1 -2.13163e-13
2 -2.30926e-14
3 1.15463e-14
6688 3
1 -1.74083e-13
2 -1.77636e-14
3 -2.22045e-14
6690 3
1 -1.52767e-13
2 -3.9968e-14
3 2.30926e-14
6692 3
1 -1.66978e-13
2 -3.19744e-14
3 -1.77636e-15
6694 3
1 -1.3145e-13
2 3.55271e-15
3 0
6696 3
1 -1.3145e-13
2 -7.99361e-15
3 -1.77636e-14
6698 3
1 -1.95399e-13
2 6.21725e-15
3 -2.66454e-15
6700 3
1 -2.0961e-13
2 -1.33227e-14
3 -8.43769e-15
6702 3
1 -1.66978e-13
2 -3.19744e-14
3 6.21725e-15
6704 3
1 -1.7053e-13
2 -1.33227e-14
3 -1.42109e-14
6706 3
1 -1.38556e-13
2 -2.13163e-14
3 -9.32587e-15
6708 3
1 -1.56319e-13
2 -1.77636e-15
3 2.9754e-14
6710 3
1 -2.06057e-13
2 -4.26326e-14
3 1.06581e-14
6712 3
1 -1.52767e-13
2 -2.4869e-14
3 2.66454e-14
6714 3
1 -1.52767e-13
2 -2.57572e-14
3 -2.57572e-14
6716 3
1 -1.49214e-13
2 -1.86517e-14
3 -2.13163e-14
6718 3
1 -1.35003e-13
2 -1.59872e-14
3 4.44089e-15
6720 3
1 -1.42109e-13
2 -8.88178e-16
3 5.01821e-14
6722 3
1 -1.52767e-13
2 1.5099e-14
3 1.46549e-14
6724 3
1 -1.77636e-13
2 -1.06581e-14
3 -2.66454e-15
6726 3
1 -1.35003e-13
2 -2.4869e-14
3 -3.9968e-15
6728 3
1 -1.77636e-13
2 -3.01981e-14
3 4.35207e-14
6730 3
1 -1.63425e-13
2 -2.75335e-14
3 -1.77636e-15
6732 3
1 -1.98952e-13
2 -7.10543e-15
3 -2.66454e-15
6734 3
1 -1.56319e-13
2 1.15463e-14
3 -2.04281e-14
6736 3
1 -1.20792e-13
2 -2.30926e-14
3 -2.30926e-14
6738 3
1 -1.66978e-13
2 -3.01981e-14
3 -3.90799e-14
6740 3
1 -1.7053e-13
2 -2.84217e-14
3 1.24345e-14
6742 3
1 -2.02505e-13
2 -2.66454e-15
3 -8.88178e-16
6744 3
1 -2.02505e-13
2 -3.10862e-14
3 -2.93099e-14
6746 3
1 -1.49214e-13
2 -1.06581e-14
3 4.44089e-15
6748 3
1 -1.59872e-13
2 -4.08562e-14
3 -2.04281e-14
6750 3
1 -1.88294e-13
2 6.21725e-15
3 1.77636e-15
6752 3
1 -1.74083e-13
2 3.64153e-14
3 9.76996e-15
6754 3
1 -1.56319e-13
2 2.66454e-15
3 8.88178e-16
6756 3
1 -1.81188e-13
2 -5.32907e-15
3 -6.21725e-15
6758 3
1 -1.77636e-13
2 -2.13163e-14
3 -1.5099e-14
6760 3
1 -1.56319e-13
2 -3.73035e-14
3 3.81917e-14
6762 3
1 -1.63425e-13
2 -3.9968e-14
3 1.5099e-14
6764 3
1 -1.45661e-13
2 -2.22045e-14
3 3.55271e-15
6766 3
1 -1.13687e-13
2 -3.01981e-14
3 2.84217e-14
6768 3
1 -1.63425e-13
2 -4.70735e-14
3 2.93099e-14
6770 3
1 -1.59872e-13
2 5.32907e-15
3 4.35207e-14
6772 3
1 -1.88294e-13
2 -1.77636e-15
3 -3.55271e-15
6774 3
1 -1.88294e-13
2 -5.32907e-15
3 1.5099e-14
6776 3
1 -1.74083e-13
2 -3.19744e-14
3 7.10543e-15
6778 3
1 -2.06057e-13
2 -4.26326e-14
3 2.13163e-14
6780 3
1 -1.84741e-13
2 -1.95399e-14
3 -1.77636e-15
6782 3
1 -1.52767e-13
2 -5.32907e-15
3 2.13163e-14
6784 3
1 -1.63425e-13
2 -2.75335e-14
3 -7.10543e-15
6786 3
1 -1.63425e-13
2 -1.59872e-14
3 5.50671e-14
6788 3
1 -1.66978e-13
2 -3.81917e-14
3 3.19744e-14
6790 3
1 -1.20792e-13
2 -3.9968e-14
3 -3.55271e-15
6792 3
1 -1.7053e-13
2 -4.9738e-14
3 8.88178e-16
6794 3
1 -1.91847e-13
2 -7.10543e-15
3 2.66454e-14
6796 3
1 -1.52767e-13
2 -3.55271e-14
3 2.13163e-14
6798 3
1 -1.77636e-13
2 -3.90799e-14
3 -3.55271e-15
6800 3
1 -2.06057e-13
2 -4.08562e-14
3 -1.59872e-14
6802 3
1 -1.77636e-13
2 -3.10862e-14
3 1.42109e-14
6804 3
1 -1.42109e-13
2 -3.64153e-14
3 1.24345e-14
6806 3
1 -1.63425e-13
2 -4.35207e-14
3 7.10543e-15
6808 3
1 -1.56319e-13
2 -4.9738e-14
3 -1.33227e-14
6810 3
1 -1.84741e-13
2 -3.90799e-14
3 4.70735e-14
6812 3
1 -1.59872e-13
2 -6.66134e-14
3 2.75335e-14
6814 3
1 -1.52767e-13
2 -4.44089e-14
3 -2.4869e-14
6816 3
1 -2.0961e-13
2 -1.59872e-14
3 -3.55271e-15
6818 3
1 -1.38556e-13
2 -3.90799e-14
3 -7.10543e-15
6820 3
1 -1.7053e-13
2 -7.28306e-14
3 -3.81917e-14
6822 3
1 -2.20268e-13
2 -2.93099e-14
3 1.06581e-14
6824 3
1 -1.7053e-13
2 -3.37508e-14
3 2.4869e-14
6826 3
1 -2.0961e-13
2 -5.68434e-14
3 -4.44089e-15
6828 3
1 -1.74083e-13
2 -6.03961e-14
3 3.55271e-15
6830 3
1 -1.59872e-13
2 -4.44089e-14
3 1.24345e-14
6832 3
1 -1.35003e-13
2 -8.34888e-14
3 2.66454e-15
6834 3
1 -1.84741e-13
2 -8.79297e-14
3 -1.95399e-14
6836 3
1 -2.0961e-13
2 -8.26006e-14
3 -9.76996e-15
6838 3
1 -1.49214e-13
2 -8.61533e-14
3 2.66454e-14
6840 3
1 -2.02505e-13
2 -6.39488e-14
3 -5.86198e-14
6842 3
1 -1.95399e-13
2 -2.84217e-14
3 0
6844 3
1 -1.56319e-13
2 -5.32907e-14
3 -3.81917e-14
6846 3
1 -1.81188e-13
2 -8.43769e-14
3 -3.55271e-15
6848 3
1 -1.84741e-13
2 -6.92779e-14
3 1.77636e-15
6850 3
1 -1.77636e-13
2 -3.90799e-14
3 -9.76996e-15
6852 3
1 -1.95399e-13
2 -4.35207e-14
3 -3.19744e-14
6854 3
1 -1.84741e-13
2 -6.75016e-14
3 -1.77636e-14
6856 3
1 -1.63425e-13
2 -8.52651e-14
3 -2.4869e-14
6858 3
1 -1.7053e-13
2 -2.66454e-14
3 -6.03961e-14
6860 3
1 -1.72307e-13
2 -5.24025e-14
3 -2.30926e-14
6862 3
1 -1.86517e-13
2 -9.41469e-14
3 -1.77636e-15
6864 3
1 -1.61648e-13
2 -8.26006e-14
3 2.75335e-14
6866 3
1 -2.00728e-13
2 -3.4639e-14
3 9.76996e-15
6868 3
1 -1.77636e-13
2 -4.17444e-14
3 -3.01981e-14
6870 3
1 -1.81188e-13
2 -6.30607e-14
3 9.76996e-15
6872 3
1 -1.66978e-13
2 -8.08242e-14
3 -8.88178e-16
6874 3
1 -1.77636e-13
2 -2.39808e-14
3 1.68754e-14
6876 3
1 -1.24345e-13
2 -4.79616e-14
3 -1.15463e-14
6878 3
1 -2.04281e-13
2 -7.90479e-14
3 -3.01981e-14
6880 3
1 -1.58096e-13
2 -8.88178e-14
3 2.39808e-14
6882 3
1 -1.65201e-13
2 -3.19744e-14
3 -1.5099e-14
6884 3
1 -1.79412e-13
2 -5.77316e-14
3 1.77636e-14
6886 3
1 -1.24345e-13
2 -2.04281e-14
3 -2.84217e-14
6888 3
1 -2.02505e-13
2 -5.41789e-14
3 -2.66454e-15
6890 3
1 -2.06057e-13
2 -1.15463e-14
3 3.64153e-14
6892 3
1 -1.7053e-13
2 -6.30607e-14
3 1.77636e-15
6894 3
1 -2.11386e-13
2 -1.86517e-14
3 -1.42109e-14
6896 3
1 -1.74083e-13
2 -6.92779e-14
3 6.21725e-15
6898 3
1 -1.79412e-13
2 -2.4869e-14
3 -2.66454e-15
6900 3
1 -2.16716e-13
2 -3.9968e-14
3 -4.44089e-15
6902 3
1 -2.06057e-13
2 -6.03961e-14
3 0
6904 3
1 -1.91847e-13
2 -1.86517e-14
3 -3.64153e-14
6906 3
1 -1.81188e-13
2 -3.73035e-14
3 7.99361e-15
6908 3
1 -1.7053e-13
2 0
3 3.55271e-15
6910 3
1 -1.63425e-13
2 -1.77636e-14
3 3.01981e-14
6912 3
1 -1.88294e-13
2 -8.43769e-14
3 -1.86517e-14
6914 3
1 -1.45661e-13
2 -6.92779e-14
3 -1.68754e-14
6916 3
1 -1.91847e-13
2 -2.4869e-14
3 -2.66454e-15
6918 3
1 -1.59872e-13
2 -2.22045e-14
3 1.24345e-14
6920 3
1 -1.81188e-13
2 -6.57252e-14
3 2.66454e-14
6922 3
1 -1.3145e-13
2 -6.39488e-14
3 7.99361e-15
6924 3
1 -1.56319e-13
2 -5.41789e-14
3 2.57572e-14
6926 3
1 -1.52767e-13
2 -2.75335e-14
3 2.30926e-14
6928 3
1 -1.77636e-13
2 -5.86198e-14
3 3.73035e-14
6930 3
1 -1.77636e-13
2 8.88178e-15
3 2.13163e-14
6932 3
1 -1.66978e-13
2 -2.57572e-14
3 -9.76996e-15
6934 3
1 -1.81188e-13
2 -6.57252e-14
3 3.55271e-14
6936 3
1 -2.02505e-13
2 -6.39488e-14
3 -7.99361e-15
6938 3
1 -1.7053e-13
2 -6.66134e-14
3 -5.32907e-15
6940 3
1 -1.77636e-13
2 -2.66454e-14
3 1.33227e-14
6942 3
1 -1.84741e-13
2 -5.77316e-14
3 8.88178e-15
6944 3
1 -1.84741e-13
2 -4.44089e-14
3 1.15463e-14
6946 3
1 -2.02505e-13
2 -5.06262e-14
3 2.75335e-14
6948 3
1 -1.84741e-13
2 -4.52971e-14
3 2.30926e-14
6950 3
1 -1.42109e-13
2 -1.86517e-14
3 6.03961e-14
6952 3
1 -1.77636e-13
2 -5.9508e-14
3 5.32907e-15
6954 3
1 -1.7053e-13
2 -7.19425e-14
3 1.59872e-14
6956 3
1 -1.35003e-13
2 -6.83897e-14
3 3.81917e-14
6958 3
1 -1.42109e-13
2 -7.37188e-14
3 3.19744e-14
6960 3
1 -1.91847e-13
2 -4.61853e-14
3 8.34888e-14
6962 3
1 -1.38556e-13
2 -7.90479e-14
3 1.33227e-14
6964 3
1 -1.59872e-13
2 -4.9738e-14
3 3.9968e-14
6966 3
1 -2.02505e-13
2 -6.66134e-14
3 2.57572e-14
6968 3
1 -1.7053e-13
2 -2.13163e-14
3 2.84217e-14
6970 3
1 -1.84741e-13
2 -7.28306e-14
3 2.84217e-14
6972 3
1 -1.7053e-13
2 -6.57252e-14
3 1.15463e-14
6974 3
1 -1.49214e-13
2 -5.59552e-14
3 4.08562e-14
6976 3
1 -1.63425e-13
2 -3.01981e-14
3 2.66454e-14
6978 3
1 -1.66978e-13
2 -5.68434e-14
3 1.42109e-14
6980 3
1 -1.52767e-13
2 -5.86198e-14
3 -4.44089e-15
6982 3
1 -1.63425e-13
2 -5.15143e-14
3 3.4639e-14
6984 3
1 -1.84741e-13
2 -3.81917e-14
3 -6.21725e-15
6986 3
1 -1.56319e-13
2 -3.10862e-14
3 3.19744e-14
6988 3
1 -1.27898e-13
2 -1.06581e-14
3 1.68754e-14
6990 3
1 -2.02505e-13
2 -3.19744e-14
3 3.55271e-15
6992 3
1 -1.84741e-13
2 -2.39808e-14
3 1.33227e-14
6994 3
1 -2.23821e-13
2 -5.77316e-14
3 -1.15463e-14
6996 3
1 -1.77636e-13
2 -3.4639e-14
3 3.81917e-14
6998 3
1 -1.42109e-13
2 -6.92779e-14
3 2.93099e-14
7000 3
1 -1.56319e-13
2 -4.17444e-14
3 1.77636e-14
7002 3
1 -1.7053e-13
2 -4.61853e-14
3 7.99361e-15
7004 3
1 -1.7053e-13
2 -4.44089e-14
3 -1.24345e-14
7006 3
1 -1.56319e-13
2 -2.30926e-14
3 -1.42109e-14
7008 3
1 -1.42109e-13
2 -1.95399e-14
3 1.95399e-14
7010 3
1 -1.81188e-13
2 -5.86198e-14
3 1.68754e-14
7012 3
1 -1.63425e-13
2 -5.32907e-15
3 -8.88178e-16
7014 3
1 -1.7053e-13
2 -7.10543e-15
3 3.28626e-14
7016 3
1 -1.45661e-13
2 -4.26326e-14
3 -2.04281e-14
7018 3
1 -1.20792e-13
2 -5.32907e-14
3 8.88178e-15
7020 3
1 -1.52767e-13
2 -6.66134e-14
3 -1.06581e-14
7022 3
1 -1.38556e-13
2 -5.68434e-14
3 6.21725e-15
7024 3
1 -1.45661e-13
2 -5.77316e-14
3 1.5099e-14
7026 3
1 -2.0961e-13
2 -6.66134e-14
3 -2.4869e-14
7028 3
1 -1.63425e-13
2 -4.26326e-14
3 2.75335e-14
7030 3
1 -1.03029e-13
2 -2.04281e-14
3 1.06581e-14
7032 3
1 -1.7053e-13
2 -6.92779e-14
3 1.42109e-14
7034 3
1 -1.38556e-13
2 -7.54952e-14
3 -1.5099e-14
7036 3
1 -1.38556e-13
2 -5.9508e-14
3 -2.4869e-14
7038 3
1 -1.63425e-13
2 -7.19425e-14
3 1.15463e-14
7040 3
1 -1.98952e-13
2 -2.57572e-14
3 9.76996e-15
7042 3
1 -1.38556e-13
2 -6.03961e-14
3 0
7044 3
1 -2.0961e-13
2 -8.08242e-14
3 -7.99361e-15
7046 3
1 -1.74083e-13
2 -4.08562e-14
3 -5.32907e-15
7048 3
1 -1.84741e-13
2 -3.37508e-14
3 -4.9738e-14
7050 3
1 -1.35003e-13
2 -7.37188e-14
3 -4.44089e-15
7052 3
1 -1.77636e-13
2 -3.4639e-14
3 -9.76996e-15
7054 3
1 -1.74083e-13
2 -5.15143e-14
3 -2.93099e-14
7056 3
1 -1.63425e-13
2 -4.35207e-14
3 0
7058 3
1 -1.35003e-13
2 -4.08562e-14
3 -1.5099e-14
7060 3
1 -1.77636e-13
2 -3.9968e-14
3 2.04281e-14
7062 3
1 -2.0961e-13
2 -8.43769e-14
3 -3.55271e-15
7064 3
1 -1.3145e-13
2 -3.01981e-14
3 -5.32907e-15
7066 3
1 -1.77636e-13
2 -4.08562e-14
3 2.84217e-14
7068 3
1 -1.56319e-13
2 -2.39808e-14
3 -3.19744e-14
7070 3
1 -1.49214e-13
2 -9.59233e-14
3 -2.84217e-14
7072 3
1 -1.95399e-13
2 -1.5099e-14
3 -8.88178e-15
7074 3
1 -1.3145e-13
2 -3.55271e-14
3 7.99361e-15
7076 3
1 -1.84741e-13
2 -3.73035e-14
3 1.68754e-14
7078 3
1 -1.74083e-13
2 -1.68754e-14
3 1.86517e-14
7080 3
1 -1.13687e-13
2 -3.9968e-14
3 -5.32907e-14
7082 3
1 -1.98952e-13
2 -5.59552e-14
3 2.66454e-14
7084 3
1 -1.59872e-13
2 -8.08242e-14
3 -8.88178e-16
7086 3
1 -1.45661e-13
2 -7.90479e-14
3 8.88178e-15
7088 3
1 -1.45661e-13
2 -3.90799e-14
3 2.39808e-14
7090 3
1 -1.3145e-13
2 -2.4869e-14
3 2.30926e-14
7092 3
1 -1.3145e-13
2 -6.4837e-14
3 -8.88178e-15
7094 3
1 -1.95399e-13
2 -4.70735e-14
3 1.86517e-14
7096 3
1 -2.06057e-13
2 -4.9738e-14
3 -4.44089e-15
7098 3
1 -1.74083e-13
2 -5.41789e-14
3 -8.88178e-15
7100 3
1 -1.66978e-13
2 -5.50671e-14
3 1.77636e-14
7102 3
1 -1.3145e-13
2 -5.68434e-14
3 3.55271e-14
7104 3
1 -1.77636e-13
2 -5.06262e-14
3 -7.10543e-15
7106 3
1 -1.49214e-13
2 -5.24025e-14
3 1.06581e-14
7108 3
1 -1.74083e-13
2 -2.13163e-14
3 -3.55271e-14
7110 3
1 -1.66978e-13
2 -5.50671e-14
3 -3.37508e-14
7112 3
1 -1.59872e-13
2 -6.66134e-14
3 1.59872e-14
7114 3
1 -1.77636e-13
2 -5.68434e-14
3 4.08562e-14
7116 3
1 -1.63425e-13
2 -7.81597e-14
3 8.88178e-16
7118 3
1 -1.3145e-13
2 -9.23706e-14
3 1.15463e-14
7120 3
1 -1.52767e-13
2 -2.57572e-14
3 -1.15463e-14
7122 3
1 -1.95399e-13
2 -6.12843e-14
3 3.9968e-14
7124 3
1 -1.56319e-13
2 -2.93099e-14
3 6.21725e-15
7126 3
1 -1.45661e-13
2 -4.70735e-14
3 9.76996e-15
7128 3
1 -1.35003e-13
2 -4.26326e-14
3 3.55271e-15
7130 3
1 -1.84741e-13
2 -6.21725e-14
3 2.04281e-14
7132 3
1 -1.49214e-13
2 -4.52971e-14
3 4.17444e-14
7134 3
1 -1.7053e-13
2 -2.4869e-14
3 6.21725e-15
7136 3
1 -1.84741e-13
2 -4.44089e-14
3 4.44089e-15
7138 3
1 -1.38556e-13
2 -2.75335e-14
3 5.32907e-15
7140 3
1 -1.27898e-13
2 -4.44089e-15
3 3.01981e-14
7142 3
1 -1.45661e-13
2 -4.26326e-14
3 4.88498e-14
7144 3
1 -1.66978e-13
2 -2.75335e-14
3 8.88178e-16
7146 3
1 -1.63425e-13
2 -3.73035e-14
3 1.42109e-14
7148 3
1 -1.52767e-13
2 2.93099e-14
3 -1.5099e-14
7150 3
1 -1.42109e-13
2 -2.66454e-14
3 2.22045e-14
7152 3
1 -1.77636e-13
2 -4.52971e-14
3 6.21725e-15
7154 3
1 -1.77636e-13
2 8.88178e-15
3 4.35207e-14
7156 3
1 -1.3145e-13
2 6.21725e-15
3 5.68434e-14
7158 3
1 -2.13163e-13
2 -7.99361e-15
3 2.4869e-14
7160 3
1 -1.56319e-13
2 -1.33227e-14
3 1.42109e-14
7162 3
1 -1.52767e-13
2 -1.86517e-14
3 1.42109e-14
7164 3
1 -1.45661e-13
2 -1.15463e-14
3 2.22045e-14
7166 3
1 -1.74083e-13
2 3.55271e-15
3 2.39808e-14
7168 3
1 -1.91847e-13
2 -2.57572e-14
3 4.52971e-14
7170 3
1 -1.49214e-13
2 1.24345e-14
3 1.59872e-14
7172 3
1 -1.59872e-13
2 -4.35207e-14
3 1.86517e-14
7174 3
1 -1.10134e-13
2 -5.41789e-14
3 6.21725e-15
7176 3
1 -1.38556e-13
2 -5.32907e-15
3 1.06581e-14
7178 3
1 -1.56319e-13
2 1.42109e-14
3 3.55271e-14
7180 3
1 -1.49214e-13
2 -7.19425e-14
3 7.10543e-15
7182 3
1 -1.66978e-13
2 -8.88178e-15
3 3.10862e-14
7184 3
1 -1.81188e-13
2 4.79616e-14
3 -9.76996e-15
7186 3
1 -1.63425e-13
2 -3.81917e-14
3 4.35207e-14
7188 3
1 -2.06057e-13
2 1.24345e-14
3 3.55271e-15
7190 3
1 -1.66978e-13
2 4.44089e-15
3 -7.10543e-15
7192 3
1 -1.77636e-13
2 -3.9968e-14
3 3.55271e-15
7194 3
1 -1.49214e-13
2 -4.61853e-14
3 -7.01661e-14
7196 3
1 -1.63425e-13
2 -2.39808e-14
3 5.32907e-15
7198 3
1 -1.74083e-13
2 -4.44089e-14
3 2.75335e-14
7200 3
1 -1.52767e-13
2 -1.95399e-14
3 6.21725e-15
7202 3
1 -1.66978e-13
2 -2.4869e-14
3 1.15463e-14
7204 3
1 -1.42109e-13
2 3.55271e-15
3 7.99361e-15
7206 3
1 -1.52767e-13
2 -6.21725e-15
3 2.22045e-14
7208 3
1 -1.49214e-13
2 -6.21725e-15
3 3.55271e-15
7210 3
1 -1.56319e-13
2 -1.95399e-14
3 7.10543e-15
7212 3
1 -1.52767e-13
2 -7.10543e-15
3 2.4869e-14
7214 3
1 -1.91847e-13
2 -3.55271e-15
3 2.13163e-14
7216 3
1 -1.77636e-13
2 -2.4869e-14
3 1.15463e-14
7218 3
1 -1.63425e-13
2 -7.99361e-15
3 -1.5099e-14
7220 3
1 -1.45661e-13
2 -3.19744e-14
3 0
7222 3
1 -1.7053e-13
2 -4.70735e-14
3 3.19744e-14
7224 3
1 -1.66978e-13
2 -5.77316e-14
3 2.30926e-14
7226 3
1 -1.52767e-13
2 -3.4639e-14
3 1.06581e-14
7228 3
1 -1.91847e-13
2 -8.88178e-16
3 1.5099e-14
7230 3
1 -1.66978e-13
2 -2.66454e-14
3 2.39808e-14
7232 3
1 -1.49214e-13
2 -1.95399e-14
3 0
7234 3
1 -1.91847e-13
2 -1.59872e-14
3 4.70735e-14
7236 3
1 -1.63425e-13
2 -1.15463e-14
3 8.88178e-15
7238 3
1 -1.74083e-13
2 -1.95399e-14
3 1.77636e-15
7240 3
1 -1.3145e-13
2 1.24345e-14
3 -1.77636e-15
7242 3
1 -1.95399e-13
2 -3.55271e-15
3 -4.44089e-15
7244 3
1 -1.1724e-13
2 -3.55271e-14
3 -1.86517e-14
7246 3
1 -1.74083e-13
2 -6.12843e-14
3 -1.77636e-14
7248 3
1 -9.23706e-14
2 -5.32907e-15
3 7.10543e-15
7250 3
1 -1.35003e-13
2 -6.57252e-14
3 2.4869e-14
7252 3
1 -1.38556e-13
2 -6.4837e-14
3 1.77636e-15
7254 3
1 -1.24345e-13
2 -5.59552e-14
3 3.01981e-14
7256 3
1 -1.74083e-13
2 -4.79616e-14
3 7.10543e-15
7258 3
1 -1.7053e-13
2 -6.03961e-14
3 -1.06581e-14
7260 3
1 -1.74083e-13
2 -4.26326e-14
3 1.24345e-14
7262 3
1 -1.68754e-13
2 -2.66454e-14
3 2.30926e-14
7264 3
1 -1.22569e-13
2 -1.5099e-14
3 2.84217e-14
7266 3
1 -1.74083e-13
2 -5.50671e-14
3 -2.4869e-14
7268 3
1 -1.56319e-13
2 -4.9738e-14
3 -8.88178e-16
7270 3
1 -1.36779e-13
2 7.10543e-15
3 3.55271e-15
7272 3
1 -1.81188e-13
2 -4.61853e-14
3 8.88178e-15
7274 3
1 -1.68754e-13
2 -2.84217e-14
3 -3.55271e-15
7276 3
1 -1.88294e-13
2 -5.06262e-14
3 -9.76996e-15
7278 3
1 -1.88294e-13
2 -3.37508e-14
3 3.01981e-14
7280 3
1 -1.40332e-13
2 -6.03961e-14
3 1.95399e-14
7282 3
1 -1.27898e-13
2 -3.55271e-14
3 -1.06581e-14
7284 3
1 -1.95399e-13
2 -5.77316e-14
3 -2.13163e-14
7286 3
1 -2.18492e-13
2 -3.28626e-14
3 3.37508e-14
7288 3
1 -1.45661e-13
2 -2.93099e-14
3 5.32907e-15
7290 3
1 -1.7053e-13
2 -5.50671e-14
3 2.66454e-15
7292 3
1 -1.88294e-13
2 -4.08562e-14
3 2.04281e-14
7294 3
1 -1.88294e-13
2 -3.37508e-14
3 -9.76996e-15
7296 3
1 -1.56319e-13
2 -8.61533e-14
3 4.17444e-14
7298 3
1 -1.91847e-13
2 -6.39488e-14
3 2.39808e-14
7300 3
1 -1.74083e-13
2 -7.63833e-14
3 -2.30926e-14
7302 3
1 -1.56319e-13
2 -4.79616e-14
3 1.77636e-15
7304 3
1 -2.06057e-13
2 -2.13163e-14
3 2.4869e-14
7306 3
1 -2.02505e-13
2 -5.86198e-14
3 6.21725e-15
7308 3
1 -1.98952e-13
2 -6.39488e-14
3 5.50671e-14
7310 3
1 -1.84741e-13
2 -1.00364e-13
3 0
7312 3
1 -1.84741e-13
2 -5.9508e-14
3 1.33227e-14
7314 3
1 -1.66978e-13
2 -4.9738e-14
3 2.13163e-14
7316 3
1 -1.45661e-13
2 -6.12843e-14
3 1.06581e-14
7318 3
1 -1.81188e-13
2 -6.39488e-14
3 3.28626e-14
7320 3
1 -1.7053e-13
2 -7.28306e-14
3 3.55271e-15
7322 3
1 -2.02505e-13
2 -9.41469e-14
3 2.4869e-14
7324 3
1 -2.20268e-13
2 -5.59552e-14
3 1.77636e-15
7326 3
1 -1.35003e-13
2 -4.17444e-14
3 -1.06581e-14
7328 3
1 -1.63425e-13
2 -5.15143e-14
3 -2.66454e-15
7330 3
1 -1.72307e-13
2 -4.9738e-14
3 3.55271e-14
7332 3
1 -1.74083e-13
2 -4.35207e-14
3 4.35207e-14
7334 3
1 -1.5099e-13
2 -3.37508e-14
3 2.13163e-14
7336 3
1 -2.55795e-13
2 -1.86517e-14
3 1.33227e-14
7338 3
1 -2.30926e-13
2 -5.06262e-14
3 2.84217e-14
7340 3
1 -2.0961e-13
2 -5.32907e-14
3 6.39488e-14
7342 3
1 -1.98952e-13
2 -4.61853e-14
3 4.61853e-14
7344 3
1 -1.59872e-13
2 -1.09246e-13
3 1.15463e-14
7346 3
1 -2.13163e-13
2 -6.30607e-14
3 -1.77636e-15
7348 3
1 -2.27374e-13
2 -1.77636e-14
3 -4.08562e-14
7350 3
1 -1.81188e-13
2 -5.86198e-14
3 -2.4869e-14
7352 3
1 -2.13163e-13
2 -4.44089e-14
3 4.61853e-14
7354 3
1 -1.98952e-13
2 -4.61853e-14
3 -7.10543e-15
7356 3
1 -2.4869e-13
2 -2.57572e-14
3 -1.86517e-14
7358 3
1 -1.84741e-13
2 -4.35207e-14
3 -2.66454e-15
7360 3
1 -1.81188e-13
2 -6.4837e-14
3 3.73035e-14
7362 3
1 -1.91847e-13
2 -2.04281e-14
3 4.17444e-14
7364 3
1 -1.91847e-13
2 -7.19425e-14
3 4.17444e-14
7366 3
1 -2.13163e-13
2 -2.30926e-14
3 7.10543e-15
7368 3
1 -2.30926e-13
2 -3.73035e-14
3 1.77636e-14
7370 3
1 -1.95399e-13
2 -3.4639e-14
3 6.30607e-14
7372 3
1 -1.93623e-13
2 -4.08562e-14
3 2.75335e-14
7374 3
1 -2.06057e-13
2 -2.13163e-14
3 2.30926e-14
7376 3
1 -1.97176e-13
2 -3.01981e-14
3 3.64153e-14
7378 3
1 -1.84741e-13
2 -1.86517e-14
3 2.84217e-14
7380 3
1 -1.86517e-13
2 -4.08562e-14
3 3.64153e-14
7382 3
1 -1.72307e-13
2 -6.12843e-14
3 3.81917e-14
7384 3
1 -1.98952e-13
2 1.24345e-14
3 3.55271e-15
7386 3
1 -1.56319e-13
2 -2.57572e-14
3 3.4639e-14
7388 3
1 -1.93623e-13
2 -5.68434e-14
3 3.01981e-14
7390 3
1 -1.95399e-13
2 -3.01981e-14
3 4.52971e-14
7392 3
1 -2.34479e-13
2 -7.99361e-14
3 3.90799e-14
7394 3
1 -2.00728e-13
2 -5.50671e-14
3 4.88498e-14
7396 3
1 -1.81188e-13
2 -4.79616e-14
3 3.81917e-14
7398 3
1 -1.81188e-13
2 -7.01661e-14
3 -7.99361e-15
7400 3
1 -1.82965e-13
2 -6.21725e-15
3 -7.10543e-15
7402 3
1 -1.91847e-13
2 -3.90799e-14
3 1.59872e-14
7404 3
1 -1.95399e-13
2 -8.52651e-14
3 9.32587e-14
7406 3
1 -1.84741e-13
2 -6.39488e-14
3 4.08562e-14
7408 3
1 -2.04281e-13
2 -5.50671e-14
3 5.59552e-14
7410 3
1 -2.07834e-13
2 -8.52651e-14
3 7.72715e-14
7412 3
1 -1.74083e-13
2 -4.35207e-14
3 9.32587e-14
7414 3
1 -2.32703e-13
2 -6.39488e-14
3 4.52971e-14
7416 3
1 -1.81188e-13
2 -6.03961e-14
3 6.21725e-14
7418 3
1 -2.02505e-13
2 -3.28626e-14
3 2.84217e-14
7420 3
1 -1.91847e-13
2 -5.50671e-14
3 6.92779e-14
7422 3
1 -2.0961e-13
2 -6.92779e-14
3 1.06581e-14
7424 3
1 -2.22045e-13
2 -7.63833e-14
3 3.9968e-14
7426 3
1 -2.06057e-13
2 -8.61533e-14
3 1.86517e-14
7428 3
1 -1.52767e-13
2 -5.77316e-14
3 7.10543e-15
7430 3
1 -1.77636e-13
2 -8.52651e-14
3 3.55271e-14
7432 3
1 -2.04281e-13
2 -5.32907e-14
3 1.86517e-14
7434 3
1 -2.04281e-13
2 -4.61853e-14
3 7.54952e-14
7436 3
1 -1.98952e-13
2 -4.17444e-14
3 3.64153e-14
7438 3
1 -2.14939e-13
2 -4.9738e-14
3 2.75335e-14
7440 3
1 -1.77636e-13
2 -6.83897e-14
3 1.86517e-14
7442 3
1 -1.65201e-13
2 -7.81597e-14
3 4.61853e-14
7444 3
1 -2.16716e-13
2 -7.19425e-14
3 5.41789e-14
7446 3
1 -1.81188e-13
2 -7.01661e-14
3 5.9508e-14
7448 3
1 -1.75859e-13
2 -7.01661e-14
3 6.57252e-14
7450 3
1 -2.32703e-13
2 -8.26006e-14
3 3.01981e-14
7452 3
1 -1.9007e-13
2 -6.30607e-14
3 1.68754e-14
7454 3
1 -2.34479e-13
2 -1.01252e-13
3 1.33227e-14
7456 3
1 -2.06057e-13
2 -9.85878e-14
3 6.30607e-14
7458 3
1 -2.41585e-13
2 -7.90479e-14
3 -3.55271e-15
7460 3
1 -1.77636e-13
2 -1.25233e-13
3 4.35207e-14
7462 3
1 -1.84741e-13
2 -8.79297e-14
3 4.79616e-14
7464 3
1 -2.02505e-13
2 -7.01661e-14
3 6.66134e-14
7466 3
1 -1.77636e-13
2 -5.9508e-14
3 1.24345e-14
7468 3
1 -1.98952e-13
2 -8.9706e-14
3 3.4639e-14
7470 3
1 -2.22045e-13
2 -9.05942e-14
3 1.68754e-14
7472 3
1 -2.00728e-13
2 -7.81597e-14
3 2.75335e-14
7474 3
1 -2.38032e-13
2 -5.32907e-14
3 9.76996e-15
7476 3
1 -1.98952e-13
2 -4.9738e-14
3 6.75016e-14
7478 3
1 -2.46914e-13
2 -6.75016e-14
3 3.81917e-14
7480 3
1 -1.9007e-13
2 -7.63833e-14
3 4.26326e-14
7482 3
1 -1.95399e-13
2 -1.36779e-13
3 -1.77636e-15
7484 3
1 -2.32703e-13
2 -4.26326e-14
3 5.32907e-14
7486 3
1 -1.97176e-13
2 -5.32907e-14
3 2.13163e-14
7488 3
1 -2.20268e-13
2 -4.44089e-14
3 3.90799e-14
7490 3
1 -2.32703e-13
2 -8.70415e-14
3 7.99361e-14
7492 3
1 -2.13163e-13
2 -7.28306e-14
3 1.77636e-14
7494 3
1 -1.58096e-13
2 -9.59233e-14
3 4.61853e-14
7496 3
1 -2.07834e-13
2 -1.49214e-13
3 5.86198e-14
7498 3
1 -1.75859e-13
2 -5.68434e-14
3 5.32907e-14
7500 3
1 -1.88294e-13
2 -8.88178e-14
3 2.66454e-14
7502 3
1 -2.43361e-13
2 -9.9476e-14
3 4.44089e-14
7504 3
1 -2.06057e-13
2 -4.61853e-14
3 5.68434e-14
7506 3
1 -2.16716e-13
2 -6.57252e-14
3 5.50671e-14
7508 3
1 -2.22045e-13
2 -6.03961e-14
3 4.61853e-14
7510 3
1 -2.34479e-13
2 -4.61853e-14
3 4.44089e-14
7512 3
1 -1.88294e-13
2 -6.03961e-14
3 7.81597e-14
7514 3
1 -2.13163e-13
2 -9.05942e-14
3 8.52651e-14
7516 3
1 -2.27374e-13
2 -7.63833e-14
3 5.32907e-14
7518 3
1 -2.06057e-13
2 -7.4607e-14
3 5.68434e-14
7520 3
1 -1.97176e-13
2 -3.37508e-14
3 5.68434e-14
7522 3
1 -1.98952e-13
2 -7.28306e-14
3 1.24345e-14
7524 3
1 -2.00728e-13
2 -6.57252e-14
3 3.01981e-14
7526 3
1 -1.91847e-13
2 -5.32907e-14
3 3.55271e-14
7528 3
1 -2.43361e-13
2 -7.28306e-14
3 5.68434e-14
7530 3
1 -2.30926e-13
2 -6.92779e-14
3 3.37508e-14
7532 3
1 -2.41585e-13
2 -9.23706e-14
3 3.55271e-14
7534 3
1 -2.34479e-13
2 -1.19016e-13
3 5.68434e-14
7536 3
1 -2.04281e-13
2 -7.10543e-14
3 1.95399e-14
7538 3
1 -1.98952e-13
2 -7.63833e-14
3 1.01252e-13
7540 3
1 -2.34479e-13
2 -1.2701e-13
3 5.50671e-14
7542 3
1 -2.0961e-13
2 -9.9476e-14
3 1.59872e-14
7544 3
1 -1.81188e-13
2 -1.09246e-13
3 1.77636e-15
7546 3
1 -1.59872e-13
2 -1.04805e-13
3 3.19744e-14
7548 3
1 -2.41585e-13
2 -7.28306e-14
3 8.88178e-14
7550 3
1 -2.27374e-13
2 -9.05942e-14
3 7.28306e-14
7552 3
1 -2.06057e-13
2 -1.02141e-13
3 6.03961e-14
7554 3
1 -2.38032e-13
2 -5.50671e-14
3 1.95399e-14
7556 3
1 -2.20268e-13
2 -5.86198e-14
3 6.03961e-14
7558 3
1 -2.02505e-13
2 -7.28306e-14
3 6.03961e-14
7560 3
1 -2.23821e-13
2 -6.21725e-14
3 1.06581e-14
7562 3
1 -2.45137e-13
2 -8.08242e-14
3 1.06581e-13
7564 3
1 -2.55795e-13
2 -8.34888e-14
3 3.90799e-14
7566 3
1 -2.62901e-13
2 -7.81597e-14
3 4.26326e-14
7568 3
1 -1.66978e-13
2 -1.06581e-13
3 7.10543e-14
7570 3
1 -2.06057e-13
2 -7.99361e-14
3 7.99361e-14
7572 3
1 -2.30926e-13
2 -9.41469e-14
3 2.4869e-14
7574 3
1 -2.34479e-13
2 -8.08242e-14
3 1.1724e-13
7576 3
1 -1.95399e-13
2 -9.14824e-14
3 6.57252e-14
7578 3
1 -1.88294e-13
2 -8.34888e-14
3 2.4869e-14
7580 3
1 -1.91847e-13
2 -1.3145e-13
3 9.59233e-14
7582 3
1 -2.45137e-13
2 -8.52651e-14
3 9.05942e-14
7584 3
1 -2.13163e-13
2 -1.03029e-13
3 6.92779e-14
7586 3
1 -2.4869e-13
2 -6.03961e-14
3 4.9738e-14
7588 3
1 -1.98952e-13
2 -4.08562e-14
3 9.23706e-14
7590 3
1 -2.02505e-13
2 -1.2168e-13
3 7.99361e-14
7592 3
1 -1.52767e-13
2 -7.4607e-14
3 6.39488e-14
7594 3
1 -2.30926e-13
2 -1.24345e-13
3 7.10543e-14
7596 3
1 -2.16716e-13
2 -1.01252e-13
3 8.52651e-14
7598 3
1 -2.34479e-13
2 -7.90479e-14
3 8.88178e-14
7600 3
1 -1.84741e-13
2 -6.83897e-14
3 7.28306e-14
7602 3
1 -2.34479e-13
2 -6.4837e-14
3 9.9476e-14
7604 3
1 -2.0961e-13
2 -7.19425e-14
3 9.9476e-14
7606 3
1 -2.27374e-13
2 -8.34888e-14
3 6.75016e-14
7608 3
1 -2.06057e-13
2 -1.11022e-13
3 9.05942e-14
7610 3
1 -2.13163e-13
2 -1.08358e-13
3 7.4607e-14
7612 3
1 -2.16716e-13
2 -8.52651e-14
3 9.23706e-14
7614 3
1 -1.88294e-13
2 -1.27898e-13
3 8.34888e-14
7616 3
1 -2.02505e-13
2 -1.10134e-13
3 1.08358e-13
7618 3
1 -1.81188e-13
2 -1.5099e-13
3 9.76996e-14
7620 3
1 -1.95399e-13
2 -1.13687e-13
3 4.61853e-14
7622 3
1 -2.02505e-13
2 -1.10134e-13
3 6.57252e-14
7624 3
1 -1.98952e-13
2 -1.08358e-13
3 6.57252e-14
7626 3
1 -1.95399e-13
2 -1.13687e-13
3 5.50671e-14
7628 3
1 -1.84741e-13
2 -1.13687e-13
3 9.76996e-14
7630 3
1 -1.66978e-13
2 -9.59233e-14
3 1.40332e-13
7632 3
1 -1.98952e-13
2 -1.52767e-13
3 7.10543e-14
7634 3
1 -1.84741e-13
2 -1.22569e-13
3 8.52651e-14
7636 3
1 -2.16716e-13
2 -1.0747e-13
3 8.52651e-14
7638 3
1 -2.13163e-13
2 -1.1724e-13
3 1.03029e-13
7640 3
1 -1.98952e-13
2 -9.50351e-14
3 1.15463e-13
7642 3
1 -1.98952e-13
2 -1.33227e-13
3 1.06581e-13
7644 3
1 -2.23821e-13
2 -6.83897e-14
3 9.76996e-14
7646 3
1 -1.95399e-13
2 -1.04805e-13
3 1.19016e-13
7648 3
1 -1.88294e-13
2 -1.08358e-13
3 8.88178e-14
7650 3
1 -2.02505e-13
2 -1.24345e-13
3 1.1724e-13
7652 3
1 -2.20268e-13
2 -1.08358e-13
3 1.03029e-13
7654 3
1 -1.95399e-13
2 -1.27898e-13
3 1.06581e-13
7656 3
1 -1.45661e-13
2 -9.9476e-14
3 9.59233e-14
7658 3
1 -2.06057e-13
2 -6.57252e-14
3 9.41469e-14
7660 3
1 -2.13163e-13
2 -1.03029e-13
3 7.63833e-14
7662 3
1 -2.06057e-13
2 -1.33227e-13
3 8.88178e-14
7664 3
1 -2.20268e-13
2 -6.83897e-14
3 8.52651e-14
7666 3
1 -1.91847e-13
2 -9.41469e-14
3 1.24345e-13
7668 3
1 -2.20268e-13
2 -9.9476e-14
3 1.06581e-13
7670 3
1 -1.98952e-13
2 -1.23457e-13
3 9.9476e-14
7672 3
1 -2.0961e-13
2 -1.0747e-13
3 7.28306e-14
7674 3
1 -2.23821e-13
2 -1.15463e-13
3 6.39488e-14
7676 3
1 -2.0961e-13
2 -1.06581e-13
3 9.41469e-14
7678 3
1 -2.06057e-13
2 -1.25233e-13
3 8.88178e-14
7680 3
1 -1.91847e-13
2 -9.59233e-14
3 8.52651e-14
7682 3
1 -1.91847e-13
2 -1.12799e-13
3 8.52651e-14
7684 3
1 -2.13163e-13
2 -7.81597e-14
3 1.19016e-13
7686 3
1 -1.63425e-13
2 -8.79297e-14
3 9.59233e-14
7688 3
1 -1.95399e-13
2 -7.54952e-14
3 7.28306e-14
7690 3
1 -2.13163e-13
2 -1.03029e-13
3 8.17124e-14
7692 3
1 -2.0961e-13
2 -1.10134e-13
3 1.3145e-13
7694 3
1 -2.02505e-13
2 -8.52651e-14
3 1.04805e-13
7696 3
1 -2.16716e-13
2 -9.05942e-14
3 1.35003e-13
7698 3
1 -2.16716e-13
2 -8.79297e-14
3 8.88178e-14
7700 3
1 -2.02505e-13
2 -6.75016e-14
3 4.9738e-14
7702 3
1 -1.91847e-13
2 -5.06262e-14
3 8.70415e-14
7704 3
1 -1.98952e-13
2 -7.28306e-14
3 7.4607e-14
7706 3
1 -2.23821e-13
2 -1.16351e-13
3 7.99361e-14
7708 3
1 -2.34479e-13
2 -7.99361e-14
3 6.39488e-14
7710 3
1 -1.98952e-13
2 -8.08242e-14
3 6.39488e-14
7712 3
1 -2.20268e-13
2 -9.23706e-14
3 9.9476e-14
7714 3
1 -2.27374e-13
2 -1.03029e-13
3 9.9476e-14
7716 3
1 -2.13163e-13
2 -8.79297e-14
3 6.75016e-14
7718 3
1 -2.20268e-13
2 -7.90479e-14
3 1.10134e-13
7720 3
1 -2.62901e-13
2 -8.70415e-14
3 4.61853e-14
7722 3
1 -1.98952e-13
2 -8.88178e-15
3 1.13687e-13
7724 3
1 -2.30926e-13
2 -1.08358e-13
3 6.75016e-14
7726 3
1 -1.98952e-13
2 -8.52651e-14
3 1.20792e-13
7728 3
1 -2.23821e-13
2 -7.81597e-14
3 1.24345e-13
7730 3
1 -1.88294e-13
2 -1.14575e-13
3 7.63833e-14
7732 3
1 -2.20268e-13
2 -6.66134e-14
3 8.34888e-14
7734 3
1 -1.84741e-13
2 -6.21725e-14
3 9.14824e-14
7736 3
1 -1.91847e-13
2 -1.04805e-13
3 6.4837e-14
7738 3
1 -1.91847e-13
2 -5.24025e-14
3 6.92779e-14
7740 3
1 -1.84741e-13
2 -1.08358e-13
3 6.75016e-14
7742 3
1 -2.20268e-13
2 -1.06581e-13
3 7.63833e-14
7744 3
1 -1.77636e-13
2 -8.26006e-14
3 9.9476e-14
7746 3
1 -2.16716e-13
2 -1.26121e-13
3 1.04805e-13
7748 3
1 -2.0961e-13
2 -3.55271e-14
3 3.37508e-14
7750 3
1 -2.20268e-13
2 -7.01661e-14
3 8.52651e-14
7752 3
1 -2.06057e-13
2 -6.21725e-14
3 5.68434e-14
7754 3
1 -2.20268e-13
2 -4.44089e-14
3 9.05942e-14
7756 3
1 -2.13163e-13
2 -6.75016e-14
3 5.32907e-14
7758 3
1 -2.16716e-13
2 -1.03029e-13
3 7.10543e-14
7760 3
1 -2.27374e-13
2 -6.12843e-14
3 4.08562e-14
7762 3
1 -1.77636e-13
2 -6.21725e-14
3 6.75016e-14
7764 3
1 -2.23821e-13
2 -6.21725e-14
3 6.03961e-14
7766 3
1 -1.84741e-13
2 -7.63833e-14
3 9.59233e-14
7768 3
1 -2.27374e-13
2 -5.59552e-14
3 5.77316e-14
7770 3
1 -2.20268e-13
2 -1.03917e-13
3 8.43769e-14
7772 3
1 -2.27374e-13
2 -3.4639e-14
3 1.03917e-13
7774 3
1 -1.95399e-13
2 -5.59552e-14
3 1.03917e-13
7776 3
1 -1.91847e-13
2 -5.86198e-14
3 8.9706e-14
7778 3
1 -2.0961e-13
2 -3.81917e-14
3 8.61533e-14
7780 3
1 -2.27374e-13
2 -3.73035e-14
3 9.9476e-14
7782 3
1 -1.98952e-13
2 -5.32907e-14
3 8.17124e-14
7784 3
1 -1.81188e-13
2 -4.35207e-14
3 8.88178e-14
7786 3
1 -2.20268e-13
2 -8.9706e-14
3 1.22569e-13
7788 3
1 -1.7053e-13
2 -5.06262e-14
3 6.39488e-14
7790 3
1 -2.06057e-13
2 -2.93099e-14
3 3.90799e-14
7792 3
1 -1.52767e-13
2 -8.26006e-14
3 6.92779e-14
7794 3
1 -1.81188e-13
2 -6.92779e-14
3 6.57252e-14
7796 3
1 -1.77636e-13
2 -1.12799e-13
3 6.75016e-14
7798 3
1 -2.06057e-13
2 -5.68434e-14
3 4.61853e-14
7800 3
1 -1.7053e-13
2 -4.17444e-14
3 4.44089e-14
7802 3
1 -1.7053e-13
2 -6.30607e-14
3 6.4837e-14
7804 3
1 -2.13163e-13
2 -3.19744e-14
3 5.41789e-14
7806 3
1 -2.02505e-13
2 -6.75016e-14
3 7.63833e-14
7808 3
1 -2.06057e-13
2 -6.83897e-14
3 1.37668e-13
7810 3
1 -1.63425e-13
2 -4.79616e-14
3 3.55271e-14
7812 3
1 -1.81188e-13
2 -5.15143e-14
3 4.9738e-14
7814 3
1 -1.49214e-13
2 -4.17444e-14
3 1.00364e-13
7816 3
1 -2.06057e-13
2 -3.4639e-14
3 9.14824e-14
7818 3
1 -1.98952e-13
2 -8.61533e-14
3 1.14575e-13
7820 3
1 -2.06057e-13
2 -2.13163e-14
3 5.77316e-14
7822 3
1 -1.7053e-13
2 -8.70415e-14
3 9.68114e-14
7824 3
1 -2.34479e-13
2 -6.21725e-14
3 6.92779e-14
7826 3
1 -1.98952e-13
2 -3.55271e-15
3 6.75016e-14
7828 3
1 -2.27374e-13
2 -6.39488e-14
3 7.81597e-14
7830 3
1 -2.02505e-13
2 -6.83897e-14
3 1.10134e-13
7832 3
1 -2.30926e-13
2 -3.4639e-14
3 6.21725e-14
7834 3
1 -2.16716e-13
2 -8.17124e-14
3 1.10134e-13
7836 3
1 -2.62901e-13
2 -5.06262e-14
3 9.32587e-14
7838 3
1 -2.45137e-13
2 -4.44089e-14
3 6.39488e-14
7840 3
1 -2.45137e-13
2 -2.30926e-14
3 9.32587e-14
7842 3
1 -2.16716e-13
2 -4.9738e-14
3 5.50671e-14
7844 3
1 -2.27374e-13
2 -4.52971e-14
3 3.73035e-14
7846 3
1 -2.20268e-13
2 -4.70735e-14
3 3.9968e-14
7848 3
1 -2.27374e-13
2 -1.05693e-13
3 2.4869e-14
7850 3
1 -2.16716e-13
2 -7.10543e-14
3 8.52651e-14
7852 3
1 -2.38032e-13
2 -6.03961e-14
3 6.30607e-14
7854 3
1 -1.91847e-13
2 -8.34888e-14
3 6.57252e-14
7856 3
1 -1.88294e-13
2 -3.81917e-14
3 5.68434e-14
7858 3
1 -2.4869e-13
2 -5.9508e-14
3 7.81597e-14
7860 3
1 -2.27374e-13
2 -2.84217e-14
3 6.92779e-14
7862 3
1 -2.06057e-13
2 -7.90479e-14
3 5.50671e-14
7864 3
1 -1.98952e-13
2 -9.50351e-14
3 3.90799e-14
7866 3
1 -2.30926e-13
2 -1.77636e-14
3 5.68434e-14
7868 3
1 -1.81188e-13
2 -7.4607e-14
3 6.75016e-14
7870 3
1 -2.36255e-13
2 -1.01252e-13
3 6.92779e-14
7872 3
1 -2.41585e-13
2 -5.68434e-14
3 5.86198e-14
7874 3
1 -2.23821e-13
2 -9.59233e-14
3 5.32907e-14
7876 3
1 -2.27374e-13
2 -1.01252e-13
3 5.68434e-14
7878 3
1 -2.13163e-13
2 -9.9476e-14
3 9.76996e-14
7880 3
1 -2.16716e-13
2 -7.81597e-14
3 1.59872e-14
7882 3
1 -2.06057e-13
2 -8.34888e-14
3 9.05942e-14
7884 3
1 -2.22045e-13
2 -5.32907e-14
3 7.28306e-14
7886 3
1 -2.16716e-13
2 -7.28306e-14
3 1.24345e-14
7888 3
1 -2.27374e-13
2 -9.05942e-14
3 6.03961e-14
7890 3
1 -2.46914e-13
2 -7.99361e-14
3 6.03961e-14
7892 3
1 -2.22045e-13
2 -3.55271e-14
3 4.26326e-14
7894 3
1 -2.20268e-13
2 -7.81597e-14
3 6.39488e-14
7896 3
1 -2.14939e-13
2 -4.61853e-14
3 6.92779e-14
7898 3
1 -2.6823e-13
2 -8.52651e-14
3 8.34888e-14
7900 3
1 -2.18492e-13
2 -1.77636e-15
3 8.17124e-14
7902 3
1 -2.23821e-13
2 -5.68434e-14
3 3.90799e-14
7904 3
1 -2.57572e-13
2 -4.26326e-14
3 8.17124e-14
7906 3
1 -2.70006e-13
2 -3.19744e-14
3 2.13163e-14
7908 3
1 -2.30926e-13
2 -1.77636e-14
3 6.92779e-14
7910 3
1 -2.2915e-13
2 -4.61853e-14
3 7.4607e-14
7912 3
1 -2.25597e-13
2 -9.23706e-14
3 7.81597e-14
7914 3
1 -2.55795e-13
2 -8.17124e-14
3 7.99361e-14
7916 3
1 -2.38032e-13
2 -4.61853e-14
3 6.57252e-14
7918 3
1 -2.32703e-13
2 -4.79616e-14
3 7.4607e-14
7920 3
1 -2.41585e-13
2 -6.92779e-14
3 8.17124e-14
7922 3
1 -2.45137e-13
2 -6.21725e-14
3 6.75016e-14
7924 3
1 -2.16716e-13
2 -4.79616e-14
3 6.75016e-14
7926 3
1 -1.97176e-13
2 -8.70415e-14
3 5.32907e-14
7928 3
1 -2.43361e-13
2 -7.10543e-14
3 9.59233e-14
7930 3
1 -2.27374e-13
2 -3.73035e-14
3 5.15143e-14
7932 3
1 -2.14939e-13
2 -6.92779e-14
3 5.15143e-14
7934 3
1 -2.18492e-13
2 -5.68434e-14
3 8.34888e-14
7936 3
1 -2.04281e-13
2 -6.92779e-14
3 1.1191e-13
7938 3
1 -2.20268e-13
2 -8.34888e-14
3 7.81597e-14
7940 3
1 -1.98952e-13
2 -4.79616e-14
3 4.61853e-14
7942 3
1 -1.79412e-13
2 -1.77636e-14
3 6.03961e-14
7944 3
1 -2.38032e-13
2 -4.26326e-14
3 3.90799e-14
7946 3
1 -2.16716e-13
2 -6.21725e-14
3 7.28306e-14
7948 3
1 -2.45137e-13
2 -3.19744e-14
3 9.59233e-14
7950 3
1 -2.00728e-13
2 -5.32907e-14
3 6.03961e-14
7952 3
1 -2.23821e-13
2 -3.19744e-14
3 4.61853e-14
7954 3
1 -2.04281e-13
2 -2.13163e-14
3 7.81597e-14
7956 3
1 -1.74083e-13
2 -5.32907e-14
3 1.06581e-13
7958 3
1 -2.39808e-13
2 -8.70415e-14
3 6.03961e-14
7960 3
1 -2.46914e-13
2 -5.86198e-14
3 5.50671e-14
7962 3
1 -2.0961e-13
2 -9.9476e-14
3 4.26326e-14
7964 3
1 -2.39808e-13
2 -8.70415e-14
3 3.01981e-14
7966 3
1 -2.13163e-13
2 -4.26326e-14
3 4.9738e-14
7968 3
1 -2.41585e-13
2 -8.88178e-14
3 8.88178e-14
7970 3
1 -2.30926e-13
2 -5.50671e-14
3 8.88178e-14
7972 3
1 -2.07834e-13
2 -5.15143e-14
3 6.92779e-14
7974 3
1 -2.04281e-13
2 -6.03961e-14
3 5.50671e-14
7976 3
1 -2.38032e-13
2 -1.06581e-13
3 7.63833e-14
7978 3
1 -1.79412e-13
2 -5.86198e-14
3 5.68434e-14
7980 3
1 -2.32703e-13
2 -1.06581e-14
3 7.99361e-14
7982 3
1 -2.32703e-13
2 -6.75016e-14
3 5.32907e-15
7984 3
1 -2.25597e-13
2 -9.41469e-14
3 5.68434e-14
7986 3
1 -1.98952e-13
2 -7.10543e-14
3 8.17124e-14
7988 3
1 -1.79412e-13
2 -8.17124e-14
3 8.88178e-14
7990 3
1 -1.93623e-13
2 -6.75016e-14
3 8.70415e-14
7992 3
1 -1.81188e-13
2 -1.1191e-13
3 2.66454e-14
7994 3
1 -2.02505e-13
2 -1.04805e-13
3 4.9738e-14
7996 3
1 -1.79412e-13
2 -9.76996e-14
3 5.86198e-14
7998 3
1 -1.66978e-13
2 -6.75016e-14
3 6.03961e-14
8000 3
1 -1.75859e-13
2 -7.81597e-14
3 3.73035e-14
8002 3
1 -1.79412e-13
2 -7.4607e-14
3 3.19744e-14
8004 3
1 -1.65201e-13
2 -3.73035e-14
3 5.86198e-14
8006 3
1 -2.18492e-13
2 -7.10543e-14
3 6.92779e-14
8008 3
1 -1.86517e-13
2 -4.79616e-14
3 7.63833e-14
8010 3
1 -1.7053e-13
2 -6.75016e-14
3 2.84217e-14
8012 3
1 -1.72307e-13
2 -4.79616e-14
3 5.32907e-14
8014 3
1 -1.9007e-13
2 -2.84217e-14
3 4.61853e-14
8016 3
1 -1.98952e-13
2 -7.81597e-14
3 7.10543e-14
8018 3
1 -1.84741e-13
2 -5.86198e-14
3 1.15463e-13
8020 3
1 -1.66978e-13
2 -2.84217e-14
3 8.52651e-14
8022 3
1 -1.97176e-13
2 -5.15143e-14
3 1.01252e-13
8024 3
1 -1.82965e-13
2 -7.10543e-14
3 4.79616e-14
8026 3
1 -2.02505e-13
2 -6.92779e-14
3 6.03961e-14
8028 3
1 -1.86517e-13
2 -1.24345e-14
3 4.08562e-14
8030 3
1 -2.06057e-13
2 -7.4607e-14
3 3.55271e-14
8032 3
1 -1.84741e-13
2 -7.4607e-14
3 7.4607e-14
8034 3
1 -1.77636e-13
2 -1.24345e-14
3 4.79616e-14
8036 3
1 -2.06057e-13
2 -4.79616e-14
3 2.4869e-14
8038 3
1 -2.41585e-13
2 -5.32907e-14
3 7.4607e-14
8040 3
1 -1.59872e-13
2 -5.50671e-14
3 6.21725e-14
8042 3
1 -1.91847e-13
2 -5.50671e-14
3 5.86198e-14
8044 3
1 -2.20268e-13
2 -6.39488e-14
3 4.9738e-14
8046 3
1 -1.98952e-13
2 -4.08562e-14
3 2.4869e-14
8048 3
1 -1.74083e-13
2 0
3 1.42109e-14
8050 3
1 -1.84741e-13
2 -6.39488e-14
3 8.34888e-14
8052 3
1 -1.88294e-13
2 -4.26326e-14
3 3.55271e-14
8054 3
1 -2.06057e-13
2 -7.81597e-14
3 7.28306e-14
8056 3
1 -2.06057e-13
2 -6.39488e-14
3 9.23706e-14
8058 3
1 -2.02505e-13
2 -2.84217e-14
3 4.26326e-14
8060 3
1 -1.77636e-13
2 -4.44089e-14
3 6.03961e-14
8062 3
1 -1.95399e-13
2 -4.26326e-14
3 5.15143e-14
8064 3
1 -1.95399e-13
2 -4.79616e-14
3 1.42109e-14
8066 3
1 -1.88294e-13
2 -4.9738e-14
3 5.68434e-14
8068 3
1 -2.06057e-13
2 -7.81597e-14
3 -1.77636e-15
8070 3
1 -2.13163e-13
2 -3.73035e-14
3 6.92779e-14
8072 3
1 -1.88294e-13
2 -3.90799e-14
3 4.9738e-14
8074 3
1 -1.74083e-13
2 -4.08562e-14
3 6.39488e-14
8076 3
1 -1.74083e-13
2 -5.15143e-14
3 2.66454e-14
8078 3
1 -2.13163e-13
2 -6.75016e-14
3 6.75016e-14
8080 3
1 -1.95399e-13
2 -3.90799e-14
3 6.21725e-14
8082 3
1 -2.27374e-13
2 -2.66454e-14
3 5.32907e-14
8084 3
1 -2.0961e-13
2 -3.73035e-14
3 2.30926e-14
8086 3
1 -1.84741e-13
2 -5.32907e-14
3 1.42109e-14
8088 3
1 -2.13163e-13
2 -1.59872e-14
3 7.4607e-14
8090 3
1 -1.66978e-13
2 -6.03961e-14
3 6.75016e-14
8092 3
1 -1.95399e-13
2 -1.24345e-14
3 6.75016e-14
8094 3
1 -1.91847e-13
2 -1.59872e-14
3 3.55271e-14
8096 3
1 -1.95399e-13
2 -4.61853e-14
3 2.66454e-14
8098 3
1 -1.7053e-13
2 -3.73035e-14
3 1.42109e-14
8100 3
1 -1.84741e-13
2 -2.13163e-14
3 4.08562e-14
8102 3
1 -2.16716e-13
2 -3.90799e-14
3 5.32907e-14
8104 3
1 -1.95399e-13
2 -3.55271e-14
3 7.10543e-15
8106 3
1 -2.16716e-13
2 -4.08562e-14
3 3.90799e-14
8108 3
1 -1.77636e-13
2 -2.4869e-14
3 3.90799e-14
8110 3
1 -2.27374e-13
2 -6.39488e-14
3 7.28306e-14
8112 3
1 -1.91847e-13
2 -1.24345e-14
3 1.42109e-14
8114 3
1 -2.06057e-13
2 -2.66454e-14
3 1.77636e-14
8116 3
1 -1.74083e-13
2 -8.34888e-14
3 4.61853e-14
8118 3
1 -2.0961e-13
2 -4.26326e-14
3 4.9738e-14
8120 3
1 -2.06057e-13
2 -7.81597e-14
3 3.90799e-14
8122 3
1 -2.20268e-13
2 -4.9738e-14
3 4.79616e-14
8124 3
1 -1.91847e-13
2 -6.75016e-14
3 2.84217e-14
8126 3
1 -2.0961e-13
2 -9.05942e-14
3 5.50671e-14
8128 3
1 -1.84741e-13
2 -3.73035e-14
3 7.63833e-14
8130 3
1 -2.00728e-13
2 -4.26326e-14
3 6.03961e-14
8132 3
1 -1.86517e-13
2 -8.52651e-14
3 8.70415e-14
8134 3
1 -1.95399e-13
2 -2.13163e-14
3 5.32907e-14
8136 3
1 -1.88294e-13
2 -4.61853e-14
3 8.17124e-14
8138 3
1 -1.97176e-13
2 -6.92779e-14
3 5.68434e-14
8140 3
1 -2.13163e-13
2 -2.30926e-14
3 3.90799e-14
8142 3
1 -1.75859e-13
2 -6.57252e-14
3 2.30926e-14
8144 3
1 -1.68754e-13
2 -3.01981e-14
3 7.10543e-14
8146 3
1 -2.06057e-13
2 -5.15143e-14
3 2.66454e-14
8148 3
1 -1.95399e-13
2 -3.55271e-14
3 9.59233e-14
8150 3
1 -1.75859e-13
2 -7.10543e-15
3 1.95399e-14
8152 3
1 -1.88294e-13
2 -6.39488e-14
3 7.4607e-14
8154 3
1 -2.46914e-13
2 -5.32907e-14
3 5.15143e-14
8156 3
1 -1.61648e-13
2 -6.39488e-14
3 7.81597e-14
8158 3
1 -2.04281e-13
2 -2.30926e-14
3 9.05942e-14
8160 3
1 -2.34479e-13
2 -1.06581e-14
3 1.01252e-13
8162 3
1 -1.74083e-13
2 -5.68434e-14
3 6.92779e-14
8164 3
1 -2.22045e-13
2 -5.86198e-14
3 4.26326e-14
8166 3
1 -2.14939e-13
2 -8.17124e-14
3 7.81597e-14
8168 3
1 -1.82965e-13
2 -6.21725e-14
3 1.13687e-13
8170 3
1 -2.14939e-13
2 -3.90799e-14
3 5.86198e-14
8172 3
1 -1.91847e-13
2 -3.73035e-14
3 8.88178e-14
8174 3
1 -2.30926e-13
2 -4.08562e-14
3 4.9738e-14
8176 3
1 -2.45137e-13
2 -2.13163e-14
3 7.63833e-14
8178 3
1 -1.59872e-13
2 1.77636e-14
3 1.10134e-13
8180 3
1 -1.97176e-13
2 -2.4869e-14
3 1.01252e-13
8182 3
1 -1.47438e-13
2 -2.4869e-14
3 8.88178e-14
8184 3
1 -2.07834e-13
2 -4.9738e-14
3 9.76996e-14
8186 3
1 -2.02505e-13
2 -5.86198e-14
3 1.29674e-13
8188 3
1 -2.18492e-13
2 -4.44089e-14
3 6.39488e-14
8190 3
1 -2.16716e-13
2 -8.88178e-15
3 6.75016e-14
8192 3
1 -1.63425e-13
2 -6.03961e-14
3 9.05942e-14
8194 3
1 -1.91847e-13
2 -3.19744e-14
3 4.35207e-14
8196 3
1 -2.02505e-13
2 -5.68434e-14
3 6.92779e-14
8198 3
1 -1.95399e-13
2 -3.37508e-14
3 1.08358e-13
8200 3
1 -1.63425e-13
2 -5.32907e-14
3 9.23706e-14
8202 3
1 -2.25597e-13
2 -1.95399e-14
3 1.04805e-13
8204 3
1 -1.7053e-13
2 -1.77636e-14
3 1.08358e-13
8206 3
1 -1.77636e-13
2 -3.01981e-14
3 8.26006e-14
8208 3
1 -2.20268e-13
2 -6.57252e-14
3 4.9738e-14
8210 3
1 -1.77636e-13
2 -5.32907e-14
3 4.88498e-14
8212 3
1 -2.4869e-13
2 -6.57252e-14
3 5.24025e-14
8214 3
1 -1.98952e-13
2 -4.26326e-14
3 4.17444e-14
8216 3
1 -2.02505e-13
2 -2.30926e-14
3 7.10543e-14
8218 3
1 -2.02505e-13
2 -4.9738e-14
3 7.28306e-14
8220 3
1 -1.84741e-13
2 -4.44089e-14
3 1.03917e-13
8222 3
1 -1.7053e-13
2 -3.55271e-14
3 5.9508e-14
8224 3
1 -2.41585e-13
2 -2.4869e-14
3 4.79616e-14
8226 3
1 -1.63425e-13
2 -2.13163e-14
3 1.2701e-13
8228 3
1 -1.66978e-13
2 -2.13163e-14
3 1.3145e-13
8230 3
1 -2.02505e-13
2 -1.59872e-14
3 7.10543e-14
8232 3
1 -2.02505e-13
2 -3.73035e-14
3 9.05942e-14
8234 3
1 -2.30926e-13
2 -1.77636e-14
3 8.88178e-14
8236 3
1 -1.95399e-13
2 -3.01981e-14
3 7.54952e-14
8238 3
1 -2.06057e-13
2 -5.15143e-14
3 7.81597e-14
8240 3
1 -2.38032e-13
2 -5.06262e-14
3 4.08562e-14
8242 3
1 -2.0961e-13
2 -2.30926e-14
3 8.34888e-14
8244 3
1 -2.2915e-13
2 -5.32907e-14
3 8.88178e-14
8246 3
1 -2.2915e-13
2 -2.57572e-14
3 5.32907e-14
8248 3
1 -2.59348e-13
2 -4.52971e-14
3 7.99361e-14
8250 3
1 -2.25597e-13
2 -3.55271e-14
3 7.28306e-14
8252 3
1 -2.43361e-13
2 -2.75335e-14
3 1.15463e-13
8254 3
1 -1.86517e-13
2 -3.37508e-14
3 8.17124e-14
8256 3
1 -2.34479e-13
2 -6.21725e-14
3 6.21725e-14
8258 3
1 -1.77636e-13
2 -4.9738e-14
3 6.75016e-14
8260 3
1 -2.54019e-13
2 -6.03961e-14
3 9.76996e-14
8262 3
1 -2.02505e-13
2 -3.4639e-14
3 1.06581e-13
8264 3
1 -2.41585e-13
2 -2.66454e-14
3 7.10543e-14
8266 3
1 -2.11386e-13
2 -5.59552e-14
3 6.03961e-14
8268 3
1 -2.30926e-13
2 -6.4837e-14
3 3.73035e-14
8270 3
1 -2.27374e-13
2 -1.24345e-14
3 1.08358e-13
8272 3
1 -1.93623e-13
2 -3.81917e-14
3 1.15463e-13
8274 3
1 -2.34479e-13
2 -8.61533e-14
3 8.52651e-14
8276 3
1 -2.16716e-13
2 -6.39488e-14
3 1.03029e-13
8278 3
1 -2.27374e-13
2 -5.24025e-14
3 8.70415e-14
8280 3
1 -2.34479e-13
2 -5.32907e-14
3 6.57252e-14
8282 3
1 -2.70006e-13
2 -8.61533e-14
3 6.39488e-14
8284 3
1 -2.34479e-13
2 -1.5099e-14
3 1.08358e-13
8286 3
1 -2.46914e-13
2 -5.68434e-14
3 1.06581e-13
8288 3
1 -2.38032e-13
2 -3.9968e-14
3 3.01981e-14
8290 3
1 -2.11386e-13
2 -6.21725e-14
3 7.4607e-14
8292 3
1 -2.39808e-13
2 -2.93099e-14
3 6.39488e-14
8294 3
1 -2.45137e-13
2 -3.55271e-14
3 4.61853e-14
8296 3
1 -2.22045e-13
2 -7.28306e-14
3 7.99361e-14
8298 3
1 -2.54019e-13
2 -4.26326e-14
3 9.05942e-14
8300 3
1 -2.27374e-13
2 -1.59872e-14
3 8.52651e-14
8302 3
1 -2.61124e-13
2 -2.13163e-14
3 9.59233e-14
8304 3
1 -2.38032e-13
2 -3.9968e-14
3 1.1724e-13
8306 3
1 -2.52243e-13
2 -2.57572e-14
3 5.86198e-14
8308 3
1 -2.62901e-13
2 -3.73035e-14
3 1.20792e-13
8310 3
1 -2.55795e-13
2 -4.79616e-14
3 1.03029e-13
8312 3
1 -2.38032e-13
2 -5.77316e-14
3 9.59233e-14
8314 3
1 -2.82441e-13
2 -7.28306e-14
3 5.68434e-14
8316 3
1 -2.64677e-13
2 -5.24025e-14
3 1.38556e-13
8318 3
1 -2.23821e-13
2 -3.9968e-14
3 1.1191e-13
8320 3
1 -2.78888e-13
2 -5.9508e-14
3 7.99361e-14
8322 3
1 -2.71783e-13
2 -5.59552e-14
3 1.36779e-13
8324 3
1 -2.20268e-13
2 -6.66134e-14
3 1.1724e-13
8326 3
1 -2.71783e-13
2 -7.4607e-14
3 1.08358e-13
8328 3
1 -2.13163e-13
2 -5.15143e-14
3 1.13687e-13
8330 3
1 -2.43361e-13
2 -6.92779e-14
3 8.17124e-14
8332 3
1 -2.78888e-13
2 -7.10543e-14
3 1.1191e-13
8334 3
1 -2.91323e-13
2 -6.30607e-14
3 7.99361e-14
8336 3
1 -2.62901e-13
2 -3.55271e-14
3 1.01252e-13
8338 3
1 -2.59348e-13
2 -6.12843e-14
3 5.15143e-14
8340 3
1 -2.45137e-13
2 -3.37508e-14
3 7.81597e-14
8342 3
1 -2.71783e-13
2 -9.23706e-14
3 1.1724e-13
8344 3
1 -2.36255e-13
2 -4.9738e-14
3 9.76996e-14
8346 3
1 -2.80664e-13
2 -5.50671e-14
3 6.75016e-14
8348 3
1 -2.32703e-13
2 -4.17444e-14
3 1.01252e-13
8350 3
1 -2.64677e-13
2 -3.01981e-14
3 1.03029e-13
8352 3
1 -2.00728e-13
2 -1.42109e-14
3 7.4607e-14
8354 3
1 -2.41585e-13
2 -4.08562e-14
3 9.9476e-14
8356 3
1 -2.43361e-13
2 -2.04281e-14
3 1.20792e-13
8358 3
1 -2.85993e-13
2 -6.03961e-14
3 7.81597e-14
8360 3
1 -2.43361e-13
2 -4.08562e-14
3 7.4607e-14
8362 3
1 -2.80664e-13
2 -7.54952e-14
3 9.9476e-14
8364 3
1 -2.54019e-13
2 -2.75335e-14
3 4.9738e-14
8366 3
1 -2.04281e-13
2 -2.13163e-14
3 9.76996e-14
8368 3
1 -2.27374e-13
2 -3.19744e-14
3 9.41469e-14
8370 3
1 -2.45137e-13
2 1.06581e-14
3 9.59233e-14
8372 3
1 -2.59348e-13
2 -3.9968e-14
3 1.06581e-13
8374 3
1 -2.73559e-13
2 -8.26006e-14
3 1.1191e-13
8376 3
1 -2.59348e-13
2 -8.17124e-14
3 8.88178e-14
8378 3
1 -2.39808e-13
2 -6.03961e-14
3 1.27898e-13
8380 3
1 -2.77112e-13
2 -5.41789e-14
3 9.23706e-14
8382 3
1 -2.36255e-13
2 -3.90799e-14
3 6.75016e-14
8384 3
1 -3.2685e-13
2 -6.75016e-14
3 1.29674e-13
8386 3
1 -2.4869e-13
2 -4.08562e-14
3 9.9476e-14
8388 3
1 -2.18492e-13
2 -6.57252e-14
3 5.68434e-14
8390 3
1 -3.05533e-13
2 -3.81917e-14
3 1.04805e-13
8392 3
1 -2.18492e-13
2 -6.39488e-14
3 6.39488e-14
8394 3
1 -2.30926e-13
2 -6.12843e-14
3 9.05942e-14
8396 3
1 -2.73559e-13
2 -4.26326e-14
3 7.81597e-14
8398 3
1 -2.85993e-13
2 -7.72715e-14
3 9.23706e-14
8400 3
1 -3.09086e-13
2 -4.88498e-14
3 8.88178e-14
8402 3
1 -2.16716e-13
2 -1.01252e-13
3 1.29674e-13
8404 3
1 -2.73559e-13
2 -5.06262e-14
3 7.28306e-14
8406 3
1 -2.23821e-13
2 1.24345e-14
3 4.26326e-14
8408 3
1 -2.23821e-13
2 -1.14575e-13
3 9.05942e-14
8410 3
1 -2.46914e-13
2 -2.4869e-14
3 4.44089e-14
8412 3
1 -2.4869e-13
2 -4.61853e-14
3 8.88178e-14
8414 3
1 -2.4869e-13
2 -7.19425e-14
3 1.08358e-13
8416 3
1 -2.89546e-13
2 -4.70735e-14
3 1.04805e-13
8418 3
1 -2.80664e-13
2 -3.81917e-14
3 8.17124e-14
8420 3
1 -2.80664e-13
2 -8.26006e-14
3 1.08358e-13
8422 3
1 -2.46914e-13
2 -8.79297e-14
3 6.39488e-14
8424 3
1 -2.52243e-13
2 -5.9508e-14
3 5.68434e-14
8426 3
1 -3.10862e-13
2 -3.01981e-14
3 9.05942e-14
8428 3
1 -2.61124e-13
2 -2.13163e-14
3 7.81597e-14
8430 3
1 -2.55795e-13
2 -4.17444e-14
3 1.08358e-13
8432 3
1 -2.16716e-13
2 -5.15143e-14
3 3.73035e-14
8434 3
1 -2.11386e-13
2 -5.41789e-14
3 5.68434e-14
8436 3
1 -2.45137e-13
2 -3.28626e-14
3 9.41469e-14
8438 3
1 -2.38032e-13
2 -3.4639e-14
3 4.9738e-14
8440 3
1 -2.55795e-13
2 -4.26326e-14
3 6.39488e-14
8442 3
1 -2.54019e-13
2 -2.93099e-14
3 3.37508e-14
8444 3
1 -2.4869e-13
2 -7.19425e-14
3 1.13687e-13
8446 3
1 -2.39808e-13
2 -3.28626e-14
3 9.41469e-14
8448 3
1 -2.34479e-13
2 -5.24025e-14
3 4.26326e-14
8450 3
1 -2.59348e-13
2 -5.77316e-14
3 2.84217e-14
8452 3
1 -2.8777e-13
2 -5.68434e-14
3 5.50671e-14
8454 3
1 -3.00204e-13
2 -5.9508e-14
3 3.90799e-14
8456 3
1 -2.59348e-13
2 -4.61853e-14
3 3.90799e-14
8458 3
1 -2.85993e-13
2 -3.19744e-14
3 3.90799e-14
8460 3
1 -2.34479e-13
2 -3.28626e-14
3 4.61853e-14
8462 3
1 -2.43361e-13
2 -5.24025e-14
3 7.28306e-14
8464 3
1 -2.54019e-13
2 -2.39808e-14
3 6.03961e-14
8466 3
1 -2.32703e-13
2 -4.35207e-14
3 6.39488e-14
8468 3
1 -2.80664e-13
2 -5.24025e-14
3 3.90799e-14
8470 3
1 -2.98428e-13
2 -2.57572e-14
3 1.77636e-14
8472 3
1 -2.34479e-13
2 -3.37508e-14
3 9.59233e-14
8474 3
1 -2.54019e-13
2 -5.77316e-14
3 6.92779e-14
8476 3
1 -2.62901e-13
2 -2.75335e-14
3 8.52651e-14
8478 3
1 -2.61124e-13
2 -6.83897e-14
3 1.1191e-13
8480 3
1 -2.36255e-13
2 -3.55271e-14
3 9.59233e-14
8482 3
1 -2.59348e-13
2 -3.73035e-14
3 6.03961e-14
8484 3
1 -2.62901e-13
2 -4.08562e-14
3 9.23706e-14
8486 3
1 -2.23821e-13
2 -3.4639e-14
3 6.39488e-14
8488 3
1 -2.38032e-13
2 -3.55271e-14
3 1.06581e-13
8490 3
1 -2.55795e-13
2 -2.84217e-14
3 8.52651e-14
8492 3
1 -2.02505e-13
2 -2.13163e-14
3 6.21725e-14
8494 3
1 -2.23821e-13
2 -4.17444e-14
3 6.39488e-14
8496 3
1 -2.6823e-13
2 -6.66134e-14
3 6.75016e-14
8498 3
1 -2.43361e-13
2 -7.10543e-14
3 7.10543e-14
8500 3
1 -2.18492e-13
2 -5.24025e-14
3 9.41469e-14
8502 3
1 -2.59348e-13
2 -7.10543e-14
3 4.61853e-14
8504 3
1 -2.34479e-13
2 -6.30607e-14
3 6.03961e-14
8506 3
1 -2.32703e-13
2 -7.81597e-14
3 3.37508e-14
8508 3
1 -2.25597e-13
2 -2.66454e-14
3 7.4607e-14
8510 3
1 -2.70006e-13
2 -5.50671e-14
3 7.10543e-14
8512 3
1 -2.4869e-13
2 -5.06262e-14
3 8.70415e-14
8514 3
1 -2.6823e-13
2 -3.4639e-14
3 6.39488e-14
8516 3
1 -1.86517e-13
2 -7.19425e-14
3 7.4607e-14
8518 3
1 -2.55795e-13
2 -5.06262e-14
3 9.23706e-14
8520 3
1 -2.41585e-13
2 -6.66134e-14
3 6.03961e-14
8522 3
1 -2.45137e-13
2 -6.39488e-14
3 8.34888e-14
8524 3
1 -2.43361e-13
2 -5.50671e-14
3 3.19744e-14
8526 3
1 -2.38032e-13
2 -4.88498e-14
3 8.34888e-14
8528 3
1 -1.79412e-13
2 -2.84217e-14
3 2.66454e-14
8530 3
1 -2.30926e-13
2 -8.08242e-14
3 6.57252e-14
8532 3
1 -1.77636e-13
2 -7.28306e-14
3 5.32907e-14
8534 3
1 -2.55795e-13
2 -4.17444e-14
3 5.50671e-14
8536 3
1 -2.27374e-13
2 -5.50671e-14
3 7.28306e-14
8538 3
1 -2.06057e-13
2 -2.39808e-14
3 4.61853e-14
8540 3
1 -2.11386e-13
2 -7.99361e-14
3 5.32907e-14
8542 3
1 -2.30926e-13
2 -7.99361e-14
3 1.95399e-14
8544 3
1 -2.39808e-13
2 -9.05942e-14
3 2.66454e-14
8546 3
1 -1.93623e-13
2 -5.41789e-14
3 6.57252e-14
8548 3
1 -2.22045e-13
2 -5.41789e-14
3 2.84217e-14
8550 3
1 -1.97176e-13
2 -1.06581e-13
3 1.33227e-13
8552 3
1 -2.02505e-13
2 -5.32907e-14
3 7.4607e-14
8554 3
1 -2.23821e-13
2 -7.10543e-14
3 6.21725e-14
8556 3
1 -2.2915e-13
2 -8.08242e-14
3 9.59233e-14
8558 3
1 -2.06057e-13
2 -1.10134e-13
3 6.39488e-14
8560 3
1 -2.18492e-13
2 -7.01661e-14
3 7.81597e-14
8562 3
1 -2.4869e-13
2 -8.26006e-14
3 2.30926e-14
8564 3
1 -2.0961e-13
2 -1.00364e-13
3 4.44089e-14
8566 3
1 -2.39808e-13
2 -1.03029e-13
3 5.32907e-14
8568 3
1 -1.98952e-13
2 -8.9706e-14
3 2.84217e-14
8570 3
1 -2.30926e-13
2 -6.83897e-14
3 4.61853e-14
8572 3
1 -2.00728e-13
2 -9.76996e-14
3 0
8574 3
1 -2.25597e-13
2 -3.01981e-14
3 5.86198e-14
8576 3
1 -2.32703e-13
2 -6.57252e-14
3 4.26326e-14
8578 3
1 -2.18492e-13
2 -8.17124e-14
3 7.81597e-14
8580 3
1 -2.32703e-13
2 -7.72715e-14
3 3.73035e-14
8582 3
1 -2.22045e-13
2 -8.61533e-14
3 4.26326e-14
8584 3
1 -1.98952e-13
2 -8.08242e-14
3 8.17124e-14
8586 3
1 -2.13163e-13
2 -7.28306e-14
3 6.75016e-14
8588 3
1 -2.27374e-13
2 -5.50671e-14
3 1.24345e-14
8590 3
1 -2.18492e-13
2 -4.26326e-14
3 4.08562e-14
8592 3
1 -2.30926e-13
2 -7.10543e-14
3 4.9738e-14
8594 3
1 -1.84741e-13
2 -9.14824e-14
3 0
8596 3
1 -2.04281e-13
2 -8.52651e-14
3 2.13163e-14
8598 3
1 -2.30926e-13
2 -3.19744e-14
3 5.32907e-14
8600 3
1 -2.22045e-13
2 -5.9508e-14
3 3.90799e-14
8602 3
1 -2.27374e-13
2 -1.03917e-13
3 4.44089e-14
8604 3
1 -2.2915e-13
2 -6.21725e-14
3 5.50671e-14
8606 3
1 -1.9007e-13
2 -5.68434e-14
3 1.95399e-14
8608 3
1 -1.79412e-13
2 -8.9706e-14
3 3.73035e-14
8610 3
1 -2.34479e-13
2 -3.81917e-14
3 4.44089e-14
8612 3
1 -1.81188e-13
2 -8.08242e-14
3 2.30926e-14
8614 3
1 -1.82965e-13
2 -6.39488e-14
3 1.77636e-15
8616 3
1 -2.36255e-13
2 -7.28306e-14
3 3.90799e-14
8618 3
1 -1.98952e-13
2 -3.73035e-14
3 5.15143e-14
8620 3
1 -2.22045e-13
2 -7.4607e-14
3 3.55271e-14
8622 3
1 -2.50466e-13
2 -1.09246e-13
3 3.19744e-14
8624 3
1 -2.14939e-13
2 -9.23706e-14
3 4.44089e-14
8626 3
1 -2.22045e-13
2 -8.34888e-14
3 1.59872e-14
8628 3
1 -1.82965e-13
2 -1.1724e-13
3 -1.95399e-14
8630 3
1 -1.98952e-13
2 -1.29674e-13
3 1.59872e-14
8632 3
1 -2.20268e-13
2 -9.41469e-14
3 1.77636e-14
8634 3
1 -2.2915e-13
2 -9.23706e-14
3 2.4869e-14
8636 3
1 -2.52243e-13
2 -1.0747e-13
3 1.95399e-14
8638 3
1 -2.4869e-13
2 -1.09246e-13
3 8.34888e-14
8640 3
1 -2.52243e-13
2 -7.99361e-14
3 1.95399e-14
8642 3
1 -2.38032e-13
2 -1.10134e-13
3 1.24345e-14
8644 3
1 -2.14939e-13
2 -7.63833e-14
3 4.9738e-14
8646 3
1 -2.78888e-13
2 -7.4607e-14
3 2.30926e-14
8648 3
1 -1.98952e-13
2 -6.12843e-14
3 4.44089e-14
8650 3
1 -2.02505e-13
2 -8.43769e-14
3 5.32907e-14
8652 3
1 -2.23821e-13
2 -9.14824e-14
3 1.77636e-14
8654 3
1 -2.71783e-13
2 -1.40332e-13
3 3.19744e-14
8656 3
1 -2.32703e-13
2 -7.81597e-14
3 7.99361e-14
8658 3
1 -2.41585e-13
2 -9.68114e-14
3 3.37508e-14
8660 3
1 -2.07834e-13
2 -7.72715e-14
3 8.52651e-14
8662 3
1 -2.36255e-13
2 -1.11022e-13
3 4.79616e-14
8664 3
1 -2.70006e-13
2 -9.05942e-14
3 4.26326e-14
8666 3
1 -2.20268e-13
2 -1.16351e-13
3 8.52651e-14
8668 3
1 -2.4869e-13
2 -6.83897e-14
3 6.75016e-14
8670 3
1 -2.64677e-13
2 -8.9706e-14
3 5.68434e-14
8672 3
1 -2.50466e-13
2 -1.19904e-13
3 6.21725e-14
8674 3
1 -2.34479e-13
2 -5.68434e-14
3 3.55271e-14
8676 3
1 -2.55795e-13
2 -1.10134e-13
3 4.61853e-14
8678 3
1 -1.93623e-13
2 -1.29674e-13
3 5.50671e-14
8680 3
1 -2.13163e-13
2 -6.92779e-14
3 5.41789e-14
8682 3
1 -2.55795e-13
2 -9.41469e-14
3 3.4639e-14
8684 3
1 -2.14939e-13
2 -8.08242e-14
3 7.10543e-15
8686 3
1 -2.25597e-13
2 -8.88178e-14
3 2.4869e-14
8688 3
1 -2.2915e-13
2 -3.55271e-14
3 3.19744e-14
8690 3
1 -1.79412e-13
2 -9.23706e-14
3 4.79616e-14
8692 3
1 -2.04281e-13
2 -7.19425e-14
3 7.10543e-14
8694 3
1 -1.84741e-13
2 -7.4607e-14
3 4.79616e-14
8696 3
1 -2.06057e-13
2 -6.57252e-14
3 2.30926e-14
8698 3
1 -1.7053e-13
2 -6.57252e-14
3 2.84217e-14
8700 3
1 -2.16716e-13
2 -8.79297e-14
3 3.73035e-14
