# Time-averaged data for fix write_all_momentum
# TimeStep Number-of-rows
# Row c_all_momentum[*]
0 3
1 3.10862e-15
2 1.06581e-14
3 7.10543e-15
2 3
1 3.4639e-14
2 1.06581e-14
3 -1.77636e-15
4 3
1 2.04281e-14
2 7.10543e-15
3 2.84217e-14
6 3
1 5.15143e-14
2 -7.10543e-15
3 2.30926e-14
8 3
1 2.30926e-14
2 -3.19744e-14
3 2.13163e-14
10 3
1 2.53131e-14
2 -5.32907e-15
3 -1.24345e-14
12 3
1 1.95399e-14
2 8.88178e-15
3 -1.59872e-14
14 3
1 3.55271e-14
2 1.06581e-14
3 3.90799e-14
16 3
1 4.13003e-14
2 -2.30926e-14
3 1.24345e-14
18 3
1 1.33227e-14
2 -2.84217e-14
3 1.06581e-14
20 3
1 3.90799e-14
2 -1.77636e-14
3 1.77636e-14
22 3
1 3.33067e-14
2 -2.30926e-14
3 2.66454e-14
24 3
1 4.44089e-14
2 -1.59872e-14
3 1.95399e-14
26 3
1 1.86517e-14
2 5.32907e-15
3 3.19744e-14
28 3
1 4.84057e-14
2 -1.06581e-14
3 -1.77636e-14
30 3
1 -1.15463e-14
2 2.13163e-14
3 1.42109e-14
32 3
1 3.9968e-14
2 -3.19744e-14
3 -1.24345e-14
34 3
1 1.9984e-14
2 5.32907e-15
3 0
36 3
1 3.24185e-14
2 -1.42109e-14
3 0
38 3
1 6.66134e-15
2 -1.24345e-14
3 3.19744e-14
40 3
1 1.33227e-14
2 -3.55271e-15
3 -8.88178e-15
42 3
1 3.24185e-14
2 -2.84217e-14
3 0
44 3
1 3.55271e-15
2 -2.13163e-14
3 7.10543e-15
46 3
1 1.95399e-14
2 -8.88178e-15
3 2.13163e-14
48 3
1 1.86517e-14
2 -1.06581e-14
3 1.42109e-14
50 3
1 1.59872e-14
2 1.06581e-14
3 1.77636e-14
52 3
1 3.01981e-14
2 -7.10543e-15
3 5.32907e-15
54 3
1 5.50671e-14
2 3.01981e-14
3 1.59872e-14
56 3
1 1.15463e-14
2 1.59872e-14
3 -3.55271e-15
58 3
1 2.13163e-14
2 -3.01981e-14
3 -5.32907e-15
60 3
1 3.10862e-14
2 -3.73035e-14
3 -7.10543e-15
62 3
1 -1.68754e-14
2 -3.55271e-15
3 1.77636e-14
64 3
1 1.42109e-14
2 1.24345e-14
3 3.55271e-14
66 3
1 1.77636e-15
2 -5.32907e-15
3 -1.06581e-14
68 3
1 3.9968e-14
2 5.32907e-15
3 0
70 3
1 3.01981e-14
2 1.42109e-14
3 1.42109e-14
72 3
1 -3.55271e-15
2 1.77636e-15
3 -8.88178e-15
74 3
1 -8.88178e-15
2 1.77636e-15
3 7.10543e-15
76 3
1 2.30926e-14
2 2.66454e-14
3 1.95399e-14
78 3
1 1.59872e-14
2 1.77636e-15
3 -1.42109e-14
80 3
1 1.77636e-15
2 7.10543e-15
3 1.77636e-14
82 3
1 1.59872e-14
2 1.06581e-14
3 2.13163e-14
84 3
1 3.37508e-14
2 -1.42109e-14
3 1.42109e-14
86 3
1 2.22045e-14
2 3.55271e-15
3 5.32907e-15
88 3
1 1.59872e-14
2 -8.88178e-15
3 -1.24345e-14
90 3
1 2.66454e-14
2 1.59872e-14
3 7.10543e-15
92 3
1 0
2 8.88178e-15
3 -1.77636e-15
94 3
1 1.95399e-14
2 -2.84217e-14
3 -2.30926e-14
96 3
1 2.13163e-14
2 -1.06581e-14
3 4.9738e-14
98 3
1 -1.42109e-14
2 -2.13163e-14
3 -3.55271e-15
100 3
1 1.68754e-14
2 1.42109e-14
3 1.95399e-14
102 3
1 1.02141e-14
2 1.06581e-14
3 8.88178e-15
104 3
1 1.02141e-14
2 1.59872e-14
3 5.32907e-15
106 3
1 3.24185e-14
2 -8.88178e-15
3 -3.55271e-15
108 3
1 2.17604e-14
2 -1.06581e-14
3 -2.13163e-14
110 3
1 2.66454e-15
2 2.84217e-14
3 -2.13163e-14
112 3
1 2.66454e-14
2 0
3 -2.4869e-14
114 3
1 3.37508e-14
2 1.77636e-14
3 -3.19744e-14
116 3
1 3.55271e-15
2 -2.4869e-14
3 -7.10543e-15
118 3
1 5.32907e-15
2 7.10543e-15
3 -3.55271e-14
120 3
1 2.57572e-14
2 1.24345e-14
3 -5.32907e-15
122 3
1 -8.88178e-15
2 2.4869e-14
3 -3.55271e-15
124 3
1 3.01981e-14
2 2.4869e-14
3 -1.77636e-14
126 3
1 1.95399e-14
2 1.06581e-14
3 -1.77636e-14
128 3
1 1.42109e-14
2 3.90799e-14
3 -2.30926e-14
130 3
1 1.95399e-14
2 8.88178e-15
3 5.32907e-15
132 3
1 8.88178e-15
2 5.32907e-15
3 -2.66454e-14
134 3
1 3.55271e-14
2 -3.55271e-15
3 -2.13163e-14
136 3
1 3.55271e-15
2 3.19744e-14
3 -3.55271e-15
138 3
1 2.93099e-14
2 -1.06581e-14
3 -7.10543e-15
140 3
1 2.30926e-14
2 4.9738e-14
3 3.55271e-15
142 3
1 4.61853e-14
2 1.06581e-14
3 -1.77636e-15
144 3
1 3.73035e-14
2 -1.24345e-14
3 -7.10543e-15
146 3
1 2.66454e-14
2 2.4869e-14
3 -4.08562e-14
148 3
1 3.37508e-14
2 7.10543e-15
3 -4.44089e-14
150 3
1 -8.88178e-15
2 3.55271e-15
3 -2.66454e-14
152 3
1 1.59872e-14
2 5.32907e-15
3 -1.77636e-15
154 3
1 1.24345e-14
2 2.84217e-14
3 -3.37508e-14
156 3
1 5.32907e-15
2 1.42109e-14
3 -2.30926e-14
158 3
1 7.10543e-15
2 7.10543e-15
3 -5.68434e-14
160 3
1 4.08562e-14
2 7.10543e-15
3 -4.26326e-14
162 3
1 3.55271e-14
2 2.4869e-14
3 1.24345e-14
164 3
1 2.22045e-14
2 -3.55271e-15
3 1.77636e-15
166 3
1 1.77636e-14
2 0
3 -1.77636e-14
168 3
1 2.66454e-14
2 1.95399e-14
3 -4.61853e-14
170 3
1 2.93099e-14
2 -1.77636e-15
3 -7.10543e-15
172 3
1 1.95399e-14
2 -8.88178e-15
3 -1.24345e-14
174 3
1 1.15463e-14
2 1.06581e-14
3 -2.66454e-14
176 3
1 1.24345e-14
2 -7.10543e-15
3 1.77636e-14
178 3
1 1.42109e-14
2 -3.55271e-15
3 -1.24345e-14
180 3
1 -6.21725e-15
2 -2.66454e-14
3 -3.37508e-14
182 3
1 -1.77636e-15
2 2.4869e-14
3 -2.13163e-14
184 3
1 2.57572e-14
2 5.32907e-15
3 -2.30926e-14
186 3
1 -3.55271e-15
2 -1.06581e-14
3 -4.79616e-14
188 3
1 -5.32907e-15
2 -1.42109e-14
3 -1.24345e-14
190 3
1 3.01981e-14
2 -3.55271e-15
3 -1.77636e-14
192 3
1 -1.24345e-14
2 7.10543e-15
3 -3.55271e-14
194 3
1 2.04281e-14
2 1.42109e-14
3 -6.39488e-14
196 3
1 -1.06581e-14
2 7.10543e-15
3 -1.77636e-14
198 3
1 1.24345e-14
2 1.77636e-15
3 -2.66454e-14
200 3
1 -8.88178e-15
2 1.59872e-14
3 -2.30926e-14
202 3
1 -2.66454e-15
2 -1.24345e-14
3 -7.10543e-15
204 3
1 -1.42109e-14
2 1.06581e-14
3 -4.08562e-14
206 3
1 1.15463e-14
2 -8.88178e-15
3 -4.08562e-14
208 3
1 -3.55271e-14
2 -1.77636e-15
3 -1.77636e-15
210 3
1 -1.5099e-14
2 3.55271e-15
3 -5.32907e-14
212 3
1 -1.06581e-14
2 3.55271e-15
3 -4.08562e-14
214 3
1 -2.4869e-14
2 -3.37508e-14
3 -4.61853e-14
216 3
1 -7.10543e-15
2 -3.37508e-14
3 -5.15143e-14
218 3
1 1.77636e-15
2 -8.88178e-15
3 -4.44089e-14
220 3
1 1.33227e-14
2 -7.10543e-15
3 -8.88178e-15
222 3
1 1.24345e-14
2 -2.30926e-14
3 -6.57252e-14
224 3
1 0
2 -8.88178e-15
3 -3.55271e-15
226 3
1 -5.32907e-15
2 -5.32907e-15
3 -2.30926e-14
228 3
1 -1.5099e-14
2 -3.55271e-15
3 -4.08562e-14
230 3
1 2.66454e-15
2 -2.30926e-14
3 -1.06581e-14
232 3
1 -1.95399e-14
2 -1.95399e-14
3 -2.13163e-14
234 3
1 1.42109e-14
2 -1.06581e-14
3 -4.79616e-14
236 3
1 -2.13163e-14
2 -3.37508e-14
3 -5.32907e-14
238 3
1 -5.32907e-15
2 -1.77636e-15
3 -3.90799e-14
240 3
1 -7.10543e-15
2 -2.13163e-14
3 -2.84217e-14
242 3
1 1.06581e-14
2 -1.06581e-14
3 -5.50671e-14
244 3
1 -1.95399e-14
2 -1.06581e-14
3 -3.37508e-14
246 3
1 8.88178e-15
2 -2.4869e-14
3 -3.37508e-14
248 3
1 6.21725e-15
2 -7.10543e-15
3 -1.42109e-14
250 3
1 8.88178e-16
2 -1.42109e-14
3 -1.95399e-14
252 3
1 1.95399e-14
2 1.24345e-14
3 -2.4869e-14
254 3
1 -1.15463e-14
2 -1.59872e-14
3 -1.06581e-14
256 3
1 -2.66454e-14
2 -8.88178e-15
3 -4.9738e-14
258 3
1 4.44089e-15
2 -2.66454e-14
3 -3.37508e-14
260 3
1 -2.57572e-14
2 2.30926e-14
3 -6.57252e-14
262 3
1 -1.95399e-14
2 0
3 -6.21725e-14
264 3
1 -5.32907e-15
2 -1.06581e-14
3 -4.79616e-14
266 3
1 -1.24345e-14
2 1.59872e-14
3 -3.90799e-14
268 3
1 -1.59872e-14
2 1.77636e-15
3 -3.19744e-14
270 3
1 -1.5099e-14
2 -1.06581e-14
3 -4.61853e-14
272 3
1 5.32907e-15
2 -7.10543e-15
3 -4.9738e-14
274 3
1 1.15463e-14
2 0
3 -4.44089e-14
276 3
1 2.39808e-14
2 -8.88178e-15
3 -5.32907e-14
278 3
1 -2.13163e-14
2 3.55271e-14
3 -4.9738e-14
280 3
1 -1.77636e-15
2 -5.32907e-15
3 -4.08562e-14
282 3
1 3.55271e-15
2 -1.42109e-14
3 -3.73035e-14
284 3
1 -8.88178e-15
2 2.84217e-14
3 -3.90799e-14
286 3
1 -2.39808e-14
2 -1.06581e-14
3 -4.61853e-14
288 3
1 -1.24345e-14
2 -3.55271e-15
3 -7.10543e-15
290 3
1 8.88178e-16
2 2.84217e-14
3 -2.4869e-14
292 3
1 -1.86517e-14
2 2.4869e-14
3 -4.08562e-14
294 3
1 -7.99361e-15
2 1.59872e-14
3 1.42109e-14
296 3
1 -1.77636e-15
2 3.55271e-14
3 -3.37508e-14
298 3
1 -3.10862e-14
2 3.19744e-14
3 1.77636e-15
300 3
1 6.21725e-15
2 1.42109e-14
3 -3.01981e-14
302 3
1 -2.4869e-14
2 3.19744e-14
3 -3.19744e-14
304 3
1 7.10543e-15
2 -1.77636e-15
3 -1.77636e-14
306 3
1 -3.9968e-14
2 1.24345e-14
3 -2.13163e-14
308 3
1 -5.50671e-14
2 8.88178e-15
3 -1.95399e-14
310 3
1 -2.4869e-14
2 -1.06581e-14
3 8.88178e-15
312 3
1 -4.44089e-15
2 -7.10543e-15
3 -3.19744e-14
314 3
1 3.55271e-15
2 2.30926e-14
3 1.77636e-14
316 3
1 -1.06581e-14
2 8.88178e-15
3 3.55271e-15
318 3
1 -4.9738e-14
2 0
3 8.88178e-15
320 3
1 2.57572e-14
2 -1.06581e-14
3 -1.06581e-14
322 3
1 5.32907e-15
2 -3.55271e-14
3 3.55271e-15
324 3
1 -1.06581e-14
2 1.42109e-14
3 8.88178e-15
326 3
1 3.55271e-15
2 -2.4869e-14
3 -3.73035e-14
328 3
1 -1.95399e-14
2 -1.77636e-14
3 1.24345e-14
330 3
1 -2.13163e-14
2 -2.4869e-14
3 1.77636e-14
332 3
1 -4.44089e-15
2 -1.06581e-14
3 1.42109e-14
334 3
1 -2.13163e-14
2 1.24345e-14
3 -3.55271e-15
336 3
1 -1.15463e-14
2 7.10543e-15
3 -4.08562e-14
338 3
1 7.99361e-15
2 8.88178e-15
3 -5.32907e-15
340 3
1 -7.99361e-15
2 -1.77636e-14
3 5.32907e-15
342 3
1 -1.86517e-14
2 1.42109e-14
3 7.10543e-15
344 3
1 -1.77636e-14
2 -2.84217e-14
3 -1.24345e-14
346 3
1 -1.86517e-14
2 -5.32907e-15
3 2.84217e-14
348 3
1 -7.10543e-15
2 -1.59872e-14
3 -3.55271e-15
350 3
1 -2.57572e-14
2 -3.55271e-15
3 7.10543e-15
352 3
1 8.88178e-15
2 5.32907e-15
3 -3.55271e-15
354 3
1 -1.42109e-14
2 -8.88178e-15
3 1.24345e-14
356 3
1 -7.99361e-15
2 -1.77636e-15
3 3.55271e-15
358 3
1 -2.93099e-14
2 3.55271e-15
3 -1.59872e-14
360 3
1 -7.10543e-15
2 -3.01981e-14
3 -7.10543e-15
362 3
1 -3.73035e-14
2 -2.4869e-14
3 -8.88178e-15
364 3
1 -2.57572e-14
2 3.55271e-15
3 5.32907e-15
366 3
1 -2.4869e-14
2 -8.88178e-15
3 2.13163e-14
368 3
1 -2.66454e-15
2 -3.55271e-15
3 7.10543e-15
370 3
1 -8.88178e-15
2 3.01981e-14
3 7.10543e-15
372 3
1 7.99361e-15
2 -1.95399e-14
3 1.77636e-15
374 3
1 0
2 -1.77636e-14
3 1.95399e-14
376 3
1 -5.32907e-15
2 1.77636e-15
3 7.10543e-15
378 3
1 -8.88178e-16
2 0
3 -1.95399e-14
380 3
1 -1.86517e-14
2 0
3 1.24345e-14
382 3
1 -2.04281e-14
2 3.55271e-14
3 7.10543e-15
384 3
1 1.15463e-14
2 5.32907e-15
3 -1.95399e-14
386 3
1 0
2 0
3 1.77636e-15
388 3
1 -1.15463e-14
2 0
3 -1.77636e-15
390 3
1 5.32907e-15
2 2.4869e-14
3 -1.24345e-14
392 3
1 -3.81917e-14
2 1.42109e-14
3 -2.13163e-14
394 3
1 -8.88178e-15
2 1.06581e-14
3 2.13163e-14
396 3
1 -2.66454e-14
2 4.26326e-14
3 5.32907e-15
398 3
1 -7.99361e-15
2 2.13163e-14
3 1.77636e-15
400 3
1 -3.64153e-14
2 1.59872e-14
3 8.88178e-15
402 3
1 -2.75335e-14
2 5.32907e-15
3 -1.06581e-14
404 3
1 -1.06581e-14
2 3.73035e-14
3 5.32907e-15
406 3
1 -3.19744e-14
2 2.13163e-14
3 3.55271e-15
408 3
1 -3.73035e-14
2 1.06581e-14
3 1.95399e-14
410 3
1 -7.37188e-14
2 3.19744e-14
3 -5.32907e-15
412 3
1 -1.77636e-14
2 4.9738e-14
3 1.06581e-14
414 3
1 -6.21725e-15
2 1.59872e-14
3 1.42109e-14
416 3
1 -4.52971e-14
2 4.26326e-14
3 1.59872e-14
418 3
1 -2.66454e-14
2 1.42109e-14
3 2.13163e-14
420 3
1 -1.33227e-14
2 3.55271e-14
3 -1.59872e-14
422 3
1 -5.41789e-14
2 1.77636e-14
3 0
424 3
1 -3.64153e-14
2 3.90799e-14
3 2.84217e-14
426 3
1 -8.88178e-15
2 1.42109e-14
3 8.88178e-15
428 3
1 -7.10543e-15
2 2.30926e-14
3 5.32907e-15
430 3
1 -1.59872e-14
2 1.77636e-14
3 1.24345e-14
432 3
1 -2.22045e-14
2 8.88178e-15
3 7.10543e-15
434 3
1 -1.77636e-14
2 3.37508e-14
3 1.42109e-14
436 3
1 -3.81917e-14
2 4.08562e-14
3 -2.13163e-14
438 3
1 -3.19744e-14
2 4.26326e-14
3 -1.77636e-15
440 3
1 2.4869e-14
2 1.42109e-14
3 2.4869e-14
442 3
1 -1.06581e-14
2 4.26326e-14
3 1.06581e-14
444 3
1 -4.26326e-14
2 3.01981e-14
3 2.84217e-14
446 3
1 -6.21725e-15
2 3.90799e-14
3 1.42109e-14
448 3
1 -2.75335e-14
2 3.73035e-14
3 1.24345e-14
450 3
1 -8.88178e-15
2 3.01981e-14
3 0
452 3
1 8.88178e-15
2 1.06581e-14
3 -1.06581e-14
454 3
1 -1.59872e-14
2 2.30926e-14
3 -1.24345e-14
456 3
1 -3.19744e-14
2 2.84217e-14
3 1.59872e-14
458 3
1 -4.79616e-14
2 2.84217e-14
3 5.32907e-15
460 3
1 -4.08562e-14
2 4.61853e-14
3 1.77636e-15
462 3
1 8.88178e-16
2 1.42109e-14
3 1.42109e-14
464 3
1 -1.59872e-14
2 -3.55271e-15
3 7.10543e-15
466 3
1 -1.33227e-14
2 2.84217e-14
3 -1.59872e-14
468 3
1 4.44089e-15
2 4.79616e-14
3 -1.24345e-14
470 3
1 -1.06581e-14
2 3.90799e-14
3 4.08562e-14
472 3
1 -1.42109e-14
2 2.13163e-14
3 1.95399e-14
474 3
1 -1.77636e-15
2 2.66454e-14
3 2.13163e-14
476 3
1 -2.4869e-14
2 2.4869e-14
3 3.01981e-14
478 3
1 3.55271e-15
2 2.66454e-14
3 -1.24345e-14
480 3
1 1.68754e-14
2 4.08562e-14
3 5.15143e-14
482 3
1 9.76996e-15
2 1.77636e-14
3 1.68754e-14
484 3
1 -1.33227e-15
2 3.01981e-14
3 1.95399e-14
486 3
1 -1.59872e-14
2 2.13163e-14
3 1.33227e-14
488 3
1 1.33227e-15
2 2.4869e-14
3 3.01981e-14
490 3
1 -1.33227e-15
2 3.19744e-14
3 2.4869e-14
492 3
1 -1.77636e-15
2 4.44089e-14
3 2.30926e-14
494 3
1 7.10543e-15
2 3.55271e-14
3 1.42109e-14
496 3
1 -3.81917e-14
2 3.55271e-14
3 4.44089e-14
498 3
1 -1.77636e-14
2 4.61853e-14
3 3.55271e-14
500 3
1 -5.24025e-14
2 3.73035e-14
3 -3.55271e-15
502 3
1 -2.70894e-14
2 2.84217e-14
3 -1.59872e-14
504 3
1 -1.77636e-14
2 5.86198e-14
3 4.61853e-14
506 3
1 -2.62013e-14
2 3.37508e-14
3 2.30926e-14
508 3
1 -5.59552e-14
2 4.08562e-14
3 2.84217e-14
510 3
1 -2.93099e-14
2 3.90799e-14
3 1.77636e-15
512 3
1 -4.79616e-14
2 6.57252e-14
3 2.30926e-14
514 3
1 -8.88178e-15
2 4.79616e-14
3 4.44089e-14
516 3
1 -1.33227e-15
2 2.84217e-14
3 0
518 3
1 -1.24345e-14
2 5.68434e-14
3 -1.24345e-14
520 3
1 -3.10862e-14
2 4.44089e-14
3 -3.55271e-14
522 3
1 -4.61853e-14
2 4.9738e-14
3 -1.42109e-14
524 3
1 -1.33227e-14
2 5.32907e-14
3 2.13163e-14
526 3
1 -2.84217e-14
2 6.03961e-14
3 2.66454e-14
528 3
1 -2.75335e-14
2 4.61853e-14
3 -3.55271e-15
530 3
1 -1.28786e-14
2 3.37508e-14
3 3.55271e-14
532 3
1 -2.35367e-14
2 7.4607e-14
3 -1.24345e-14
534 3
1 8.88178e-16
2 5.32907e-14
3 1.42109e-14
536 3
1 -2.44249e-14
2 4.9738e-14
3 -8.88178e-15
538 3
1 -7.99361e-15
2 7.10543e-14
3 1.24345e-14
540 3
1 -5.10703e-14
2 4.79616e-14
3 -1.06581e-14
542 3
1 -2.4869e-14
2 7.28306e-14
3 8.88178e-15
544 3
1 -3.9968e-14
2 5.50671e-14
3 2.4869e-14
546 3
1 -5.19584e-14
2 3.90799e-14
3 -1.95399e-14
548 3
1 -1.9984e-14
2 4.61853e-14
3 2.13163e-14
550 3
1 -2.17604e-14
2 4.44089e-14
3 -7.10543e-15
552 3
1 -3.59712e-14
2 5.15143e-14
3 3.55271e-15
554 3
1 -3.4639e-14
2 7.63833e-14
3 1.77636e-15
556 3
1 -2.57572e-14
2 4.61853e-14
3 1.42109e-14
558 3
1 -2.70894e-14
2 7.81597e-14
3 2.84217e-14
560 3
1 -1.59872e-14
2 4.08562e-14
3 5.32907e-15
562 3
1 -3.77476e-14
2 4.61853e-14
3 4.26326e-14
564 3
1 1.33227e-15
2 5.32907e-14
3 -3.55271e-15
566 3
1 -2.13163e-14
2 4.26326e-14
3 1.59872e-14
568 3
1 -4.21885e-14
2 4.44089e-14
3 7.10543e-15
570 3
1 -1.24345e-14
2 6.75016e-14
3 -1.06581e-14
572 3
1 -2.4869e-14
2 6.92779e-14
3 -3.55271e-15
574 3
1 -5.63993e-14
2 4.79616e-14
3 1.24345e-14
576 3
1 -6.83897e-14
2 6.03961e-14
3 2.30926e-14
578 3
1 -6.75016e-14
2 5.68434e-14
3 1.77636e-14
580 3
1 -3.77476e-14
2 3.01981e-14
3 3.73035e-14
582 3
1 -4.39648e-14
2 3.19744e-14
3 6.21725e-14
584 3
1 -6.92779e-14
2 3.73035e-14
3 2.30926e-14
586 3
1 -3.5083e-14
2 1.59872e-14
3 2.30926e-14
588 3
1 -1.46549e-14
2 6.21725e-14
3 3.01981e-14
590 3
1 -4.88498e-14
2 1.77636e-14
3 8.88178e-15
592 3
1 -5.90639e-14
2 6.57252e-14
3 1.24345e-14
594 3
1 -5.37348e-14
2 6.92779e-14
3 2.4869e-14
596 3
1 -5.01821e-14
2 7.4607e-14
3 2.4869e-14
598 3
1 -3.81917e-14
2 4.08562e-14
3 4.08562e-14
600 3
1 -6.9722e-14
2 3.01981e-14
3 8.88178e-15
602 3
1 -4.13003e-14
2 5.86198e-14
3 1.77636e-14
604 3
1 -3.4639e-14
2 4.08562e-14
3 3.73035e-14
606 3
1 -7.28306e-14
2 3.19744e-14
3 6.03961e-14
608 3
1 -4.52971e-14
2 4.26326e-14
3 2.30926e-14
610 3
1 -6.66134e-14
2 1.77636e-14
3 2.13163e-14
612 3
1 -1.86517e-14
2 3.19744e-14
3 2.66454e-14
614 3
1 -1.90958e-14
2 5.86198e-14
3 4.9738e-14
616 3
1 -3.4639e-14
2 6.03961e-14
3 3.19744e-14
618 3
1 -3.4639e-14
2 4.08562e-14
3 3.37508e-14
620 3
1 -4.08562e-14
2 5.15143e-14
3 2.66454e-14
622 3
1 -4.84057e-14
2 2.13163e-14
3 4.61853e-14
624 3
1 -3.10862e-14
2 2.84217e-14
3 2.84217e-14
626 3
1 -2.84217e-14
2 3.19744e-14
3 7.10543e-15
628 3
1 -4.13003e-14
2 2.13163e-14
3 2.30926e-14
630 3
1 -3.81917e-14
2 3.73035e-14
3 5.32907e-14
632 3
1 -6.08402e-14
2 4.08562e-14
3 4.9738e-14
634 3
1 -5.10703e-14
2 4.9738e-14
3 -1.77636e-15
636 3
1 -7.63833e-14
2 5.15143e-14
3 3.55271e-14
638 3
1 1.77636e-15
2 4.44089e-14
3 2.4869e-14
640 3
1 -5.81757e-14
2 2.84217e-14
3 3.19744e-14
642 3
1 -5.68434e-14
2 4.61853e-14
3 3.37508e-14
644 3
1 -4.70735e-14
2 2.30926e-14
3 2.13163e-14
646 3
1 -2.44249e-14
2 3.55271e-14
3 4.61853e-14
648 3
1 -6.4837e-14
2 3.90799e-14
3 3.55271e-15
650 3
1 -4.44089e-14
2 3.90799e-14
3 2.30926e-14
652 3
1 -4.84057e-14
2 2.30926e-14
3 -8.88178e-15
654 3
1 -5.55112e-14
2 8.88178e-15
3 2.30926e-14
656 3
1 -5.37348e-14
2 1.42109e-14
3 1.59872e-14
658 3
1 -2.39808e-14
2 6.03961e-14
3 3.01981e-14
660 3
1 -4.44089e-14
2 1.95399e-14
3 1.24345e-14
662 3
1 -6.21725e-14
2 1.06581e-14
3 -1.06581e-14
664 3
1 -5.37348e-14
2 5.15143e-14
3 5.32907e-15
666 3
1 -6.75016e-14
2 3.19744e-14
3 5.32907e-14
668 3
1 -4.9738e-14
2 2.30926e-14
3 -3.55271e-15
670 3
1 -3.55271e-14
2 5.32907e-14
3 1.77636e-14
672 3
1 -1.11022e-14
2 2.30926e-14
3 8.88178e-15
674 3
1 -4.57412e-14
2 1.06581e-14
3 3.19744e-14
676 3
1 -3.10862e-14
2 3.01981e-14
3 4.08562e-14
678 3
1 -4.88498e-14
2 3.55271e-14
3 4.44089e-14
680 3
1 -2.93099e-14
2 2.66454e-14
3 5.86198e-14
682 3
1 -5.55112e-14
2 3.90799e-14
3 1.24345e-14
684 3
1 -4.17444e-14
2 1.06581e-14
3 1.59872e-14
686 3
1 -5.41789e-14
2 1.77636e-15
3 2.30926e-14
688 3
1 -2.53131e-14
2 3.37508e-14
3 1.24345e-14
690 3
1 -4.70735e-14
2 7.10543e-15
3 -1.77636e-15
692 3
1 -7.37188e-14
2 -2.30926e-14
3 2.66454e-14
694 3
1 -6.83897e-14
2 5.32907e-14
3 1.77636e-14
696 3
1 -3.01981e-14
2 3.19744e-14
3 2.30926e-14
698 3
1 -5.72875e-14
2 3.55271e-15
3 -1.77636e-15
700 3
1 -4.04121e-14
2 1.06581e-14
3 1.42109e-14
702 3
1 -1.15463e-14
2 2.4869e-14
3 3.37508e-14
704 3
1 -3.4639e-14
2 1.95399e-14
3 1.77636e-14
706 3
1 -3.15303e-14
2 3.37508e-14
3 2.13163e-14
708 3
1 -3.33067e-14
2 2.66454e-14
3 2.30926e-14
710 3
1 -3.73035e-14
2 1.24345e-14
3 1.77636e-15
712 3
1 -4.21885e-14
2 2.13163e-14
3 3.55271e-15
714 3
1 -3.55271e-14
2 1.59872e-14
3 3.01981e-14
716 3
1 -1.77636e-14
2 1.42109e-14
3 3.90799e-14
718 3
1 -3.95239e-14
2 1.59872e-14
3 2.13163e-14
720 3
1 1.86517e-14
2 1.95399e-14
3 7.10543e-15
722 3
1 -1.9984e-14
2 3.37508e-14
3 2.84217e-14
724 3
1 -4.52971e-14
2 4.26326e-14
3 -1.77636e-15
726 3
1 -2.44249e-14
2 4.61853e-14
3 1.77636e-14
728 3
1 -2.57572e-14
2 3.19744e-14
3 3.19744e-14
730 3
1 -2.35367e-14
2 -5.32907e-15
3 -7.10543e-15
732 3
1 -4.88498e-15
2 1.77636e-14
3 1.42109e-14
734 3
1 -2.13163e-14
2 4.08562e-14
3 -1.95399e-14
736 3
1 -1.5099e-14
2 2.13163e-14
3 2.66454e-14
738 3
1 -5.19584e-14
2 4.9738e-14
3 1.77636e-14
740 3
1 -9.76996e-15
2 -7.10543e-15
3 3.19744e-14
742 3
1 -4.30767e-14
2 3.19744e-14
3 -1.06581e-14
744 3
1 -1.77636e-14
2 3.73035e-14
3 2.66454e-14
746 3
1 -3.9968e-14
2 1.42109e-14
3 7.10543e-15
748 3
1 -3.5083e-14
2 2.30926e-14
3 3.55271e-15
750 3
1 -3.77476e-14
2 3.37508e-14
3 -1.59872e-14
752 3
1 -1.9984e-14
2 3.37508e-14
3 1.24345e-14
754 3
1 -3.24185e-14
2 1.77636e-14
3 7.10543e-15
756 3
1 -3.28626e-14
2 4.9738e-14
3 5.32907e-15
758 3
1 -1.06581e-14
2 5.50671e-14
3 -2.66454e-14
760 3
1 -2.53131e-14
2 3.37508e-14
3 -1.06581e-14
762 3
1 -2.93099e-14
2 4.61853e-14
3 1.42109e-14
764 3
1 -2.79776e-14
2 3.55271e-14
3 1.06581e-14
766 3
1 -3.19744e-14
2 5.15143e-14
3 -2.30926e-14
768 3
1 -1.5099e-14
2 1.42109e-14
3 1.77636e-14
770 3
1 -2.4869e-14
2 3.73035e-14
3 -3.55271e-15
772 3
1 -1.5099e-14
2 2.84217e-14
3 1.77636e-15
774 3
1 -1.90958e-14
2 4.08562e-14
3 1.06581e-14
776 3
1 -3.77476e-14
2 6.03961e-14
3 1.06581e-14
778 3
1 -2.26485e-14
2 9.59233e-14
3 0
780 3
1 -1.15463e-14
2 4.26326e-14
3 -1.77636e-15
782 3
1 -5.77316e-15
2 4.61853e-14
3 1.95399e-14
784 3
1 -4.44089e-16
2 5.32907e-14
3 1.77636e-15
786 3
1 -2.08722e-14
2 9.76996e-14
3 -8.88178e-15
788 3
1 -1.46549e-14
2 7.10543e-14
3 7.10543e-15
790 3
1 -3.06422e-14
2 4.61853e-14
3 -2.13163e-14
792 3
1 5.77316e-15
2 3.01981e-14
3 1.24345e-14
794 3
1 -4.44089e-16
2 4.9738e-14
3 -5.32907e-15
796 3
1 -1.33227e-15
2 3.90799e-14
3 -3.01981e-14
798 3
1 -2.44249e-14
2 6.57252e-14
3 1.24345e-14
800 3
1 -1.95399e-14
2 5.32907e-14
3 2.84217e-14
802 3
1 -4.88498e-15
2 2.84217e-14
3 -1.59872e-14
804 3
1 3.10862e-15
2 4.61853e-14
3 2.66454e-14
806 3
1 -1.42109e-14
2 3.73035e-14
3 3.90799e-14
808 3
1 -4.92939e-14
2 5.68434e-14
3 -5.32907e-15
810 3
1 -4.88498e-15
2 5.50671e-14
3 2.30926e-14
812 3
1 -2.22045e-15
2 6.92779e-14
3 2.66454e-14
814 3
1 -7.10543e-15
2 3.90799e-14
3 5.32907e-15
816 3
1 -1.9984e-14
2 6.21725e-14
3 3.55271e-15
818 3
1 -8.88178e-15
2 6.39488e-14
3 1.59872e-14
820 3
1 2.35367e-14
2 4.9738e-14
3 7.10543e-15
822 3
1 -2.53131e-14
2 5.50671e-14
3 8.88178e-15
824 3
1 1.28786e-14
2 4.79616e-14
3 8.88178e-15
826 3
1 2.22045e-15
2 6.03961e-14
3 5.32907e-14
828 3
1 -1.15463e-14
2 6.03961e-14
3 1.77636e-14
830 3
1 -2.30926e-14
2 4.61853e-14
3 5.32907e-15
832 3
1 8.88178e-16
2 4.61853e-14
3 -1.77636e-15
834 3
1 -2.66454e-15
2 7.4607e-14
3 1.95399e-14
836 3
1 -1.64313e-14
2 1.04805e-13
3 1.06581e-14
838 3
1 -2.04281e-14
2 6.39488e-14
3 5.32907e-15
840 3
1 5.77316e-15
2 8.52651e-14
3 4.08562e-14
842 3
1 -9.32587e-15
2 5.86198e-14
3 1.24345e-14
844 3
1 -1.15463e-14
2 6.92779e-14
3 2.30926e-14
846 3
1 1.46549e-14
2 4.79616e-14
3 1.77636e-15
848 3
1 4.44089e-16
2 5.86198e-14
3 -3.55271e-15
850 3
1 1.02141e-14
2 8.70415e-14
3 2.84217e-14
852 3
1 2.04281e-14
2 7.81597e-14
3 2.84217e-14
854 3
1 -7.99361e-15
2 3.90799e-14
3 8.88178e-15
856 3
1 2.22045e-15
2 5.50671e-14
3 2.66454e-14
858 3
1 -8.43769e-15
2 5.68434e-14
3 2.84217e-14
860 3
1 2.44249e-14
2 4.9738e-14
3 7.10543e-15
862 3
1 -4.44089e-15
2 4.9738e-14
3 2.13163e-14
864 3
1 1.37668e-14
2 7.28306e-14
3 2.13163e-14
866 3
1 1.06581e-14
2 4.26326e-14
3 1.42109e-14
868 3
1 7.54952e-15
2 3.90799e-14
3 3.37508e-14
870 3
1 -1.95399e-14
2 3.90799e-14
3 2.84217e-14
872 3
1 -2.17604e-14
2 3.55271e-14
3 3.01981e-14
874 3
1 -1.37668e-14
2 3.55271e-14
3 7.10543e-15
876 3
1 -4.44089e-15
2 6.39488e-14
3 3.55271e-15
878 3
1 -1.59872e-14
2 7.4607e-14
3 5.32907e-15
880 3
1 -2.22045e-15
2 3.19744e-14
3 7.10543e-15
882 3
1 5.77316e-15
2 4.26326e-14
3 5.32907e-15
884 3
1 -5.28466e-14
2 6.75016e-14
3 1.06581e-14
886 3
1 -7.10543e-15
2 3.55271e-14
3 1.59872e-14
888 3
1 -4.88498e-15
2 7.81597e-14
3 2.4869e-14
890 3
1 -1.15463e-14
2 1.77636e-15
3 5.32907e-15
892 3
1 3.55271e-14
2 7.10543e-14
3 1.06581e-14
894 3
1 1.77636e-14
2 4.26326e-14
3 -1.59872e-14
896 3
1 -1.42109e-14
2 5.50671e-14
3 0
898 3
1 2.17604e-14
2 3.90799e-14
3 3.19744e-14
900 3
1 -1.06581e-14
2 4.79616e-14
3 1.06581e-14
902 3
1 -4.44089e-16
2 4.08562e-14
3 4.26326e-14
904 3
1 1.06581e-14
2 5.50671e-14
3 3.90799e-14
906 3
1 2.84217e-14
2 4.08562e-14
3 1.95399e-14
908 3
1 -8.88178e-15
2 2.13163e-14
3 3.55271e-15
910 3
1 -3.55271e-15
2 4.08562e-14
3 3.37508e-14
912 3
1 -3.10862e-15
2 3.37508e-14
3 1.59872e-14
914 3
1 8.43769e-15
2 3.37508e-14
3 1.77636e-14
916 3
1 1.24345e-14
2 1.42109e-14
3 3.19744e-14
918 3
1 2.22045e-15
2 2.13163e-14
3 4.61853e-14
920 3
1 2.84217e-14
2 5.15143e-14
3 1.24345e-14
922 3
1 9.32587e-15
2 5.50671e-14
3 -1.24345e-14
924 3
1 -1.15463e-14
2 5.50671e-14
3 8.88178e-15
926 3
1 3.15303e-14
2 3.55271e-14
3 1.06581e-14
928 3
1 1.5099e-14
2 7.28306e-14
3 2.84217e-14
930 3
1 1.82077e-14
2 5.68434e-14
3 7.10543e-15
932 3
1 3.33067e-14
2 5.15143e-14
3 3.90799e-14
934 3
1 9.76996e-15
2 5.32907e-15
3 2.30926e-14
936 3
1 9.32587e-15
2 6.57252e-14
3 3.90799e-14
938 3
1 1.64313e-14
2 2.84217e-14
3 4.08562e-14
940 3
1 9.32587e-15
2 3.37508e-14
3 1.77636e-14
942 3
1 2.39808e-14
2 4.9738e-14
3 4.26326e-14
944 3
1 3.9968e-15
2 5.32907e-14
3 -8.88178e-15
946 3
1 6.66134e-15
2 1.95399e-14
3 1.24345e-14
948 3
1 8.88178e-15
2 3.01981e-14
3 4.08562e-14
950 3
1 2.66454e-15
2 2.30926e-14
3 3.37508e-14
952 3
1 2.66454e-15
2 2.66454e-14
3 4.9738e-14
954 3
1 3.33067e-14
2 1.77636e-15
3 5.32907e-14
956 3
1 -5.32907e-15
2 1.24345e-14
3 4.26326e-14
958 3
1 2.26485e-14
2 3.01981e-14
3 4.44089e-14
960 3
1 1.55431e-14
2 2.13163e-14
3 3.37508e-14
962 3
1 1.55431e-14
2 1.24345e-14
3 7.4607e-14
964 3
1 2.22045e-14
2 4.61853e-14
3 3.01981e-14
966 3
1 1.15463e-14
2 5.32907e-14
3 5.86198e-14
968 3
1 3.41949e-14
2 3.01981e-14
3 3.55271e-14
970 3
1 5.59552e-14
2 -3.55271e-15
3 4.79616e-14
972 3
1 3.68594e-14
2 3.73035e-14
3 3.73035e-14
974 3
1 2.30926e-14
2 7.10543e-15
3 1.95399e-14
976 3
1 2.66454e-14
2 1.42109e-14
3 3.01981e-14
978 3
1 8.88178e-15
2 -1.06581e-14
3 6.03961e-14
980 3
1 3.01981e-14
2 1.59872e-14
3 4.26326e-14
982 3
1 3.28626e-14
2 -1.77636e-15
3 9.23706e-14
984 3
1 2.57572e-14
2 3.19744e-14
3 4.08562e-14
986 3
1 3.77476e-14
2 -7.10543e-15
3 3.19744e-14
988 3
1 2.4869e-14
2 1.24345e-14
3 2.66454e-14
990 3
1 6.66134e-15
2 1.42109e-14
3 5.68434e-14
992 3
1 3.55271e-14
2 3.37508e-14
3 6.92779e-14
994 3
1 4.61853e-14
2 1.95399e-14
3 3.01981e-14
996 3
1 5.41789e-14
2 2.30926e-14
3 3.19744e-14
998 3
1 3.90799e-14
2 -1.24345e-14
3 6.21725e-14
1000 3
1 4.30767e-14
2 1.59872e-14
3 5.68434e-14
1002 3
1 3.24185e-14
2 1.59872e-14
3 4.61853e-14
1004 3
1 1.46549e-14
2 4.08562e-14
3 5.32907e-14
1006 3
1 2.62013e-14
2 3.19744e-14
3 6.21725e-14
1008 3
1 2.08722e-14
2 1.59872e-14
3 5.68434e-14
1010 3
1 3.81917e-14
2 4.61853e-14
3 4.79616e-14
1012 3
1 2.35367e-14
2 4.26326e-14
3 4.44089e-14
1014 3
1 4.35207e-14
2 3.37508e-14
3 4.9738e-14
1016 3
1 2.30926e-14
2 2.30926e-14
3 7.28306e-14
1018 3
1 2.17604e-14
2 1.95399e-14
3 5.86198e-14
1020 3
1 1.73195e-14
2 3.37508e-14
3 7.28306e-14
1022 3
1 2.44249e-14
2 3.55271e-14
3 8.88178e-14
1024 3
1 4.13003e-14
2 6.03961e-14
3 4.08562e-14
1026 3
1 7.99361e-15
2 2.84217e-14
3 4.26326e-14
1028 3
1 4.4853e-14
2 5.32907e-14
3 7.28306e-14
1030 3
1 9.32587e-15
2 5.68434e-14
3 4.26326e-14
1032 3
1 2.9754e-14
2 4.44089e-14
3 7.4607e-14
1034 3
1 1.73195e-14
2 4.79616e-14
3 1.01252e-13
1036 3
1 1.19904e-14
2 4.08562e-14
3 3.90799e-14
1038 3
1 3.64153e-14
2 6.39488e-14
3 3.73035e-14
1040 3
1 1.28786e-14
2 3.37508e-14
3 4.61853e-14
1042 3
1 1.9984e-14
2 4.44089e-14
3 4.26326e-14
1044 3
1 4.44089e-14
2 4.26326e-14
3 4.79616e-14
1046 3
1 4.30767e-14
2 6.75016e-14
3 4.61853e-14
1048 3
1 1.15463e-14
2 2.84217e-14
3 5.32907e-14
1050 3
1 2.35367e-14
2 5.68434e-14
3 7.63833e-14
1052 3
1 1.19904e-14
2 2.30926e-14
3 3.73035e-14
1054 3
1 4.9738e-14
2 4.9738e-14
3 5.50671e-14
1056 3
1 3.37508e-14
2 1.77636e-14
3 3.37508e-14
1058 3
1 4.92939e-14
2 4.9738e-14
3 6.03961e-14
1060 3
1 3.33067e-14
2 5.86198e-14
3 3.90799e-14
1062 3
1 8.88178e-16
2 3.55271e-14
3 5.32907e-14
1064 3
1 4.35207e-14
2 4.08562e-14
3 4.26326e-14
1066 3
1 1.73195e-14
2 2.13163e-14
3 4.79616e-14
1068 3
1 2.17604e-14
2 4.9738e-14
3 6.03961e-14
1070 3
1 4.35207e-14
2 4.26326e-14
3 5.68434e-14
1072 3
1 1.95399e-14
2 2.13163e-14
3 7.10543e-14
1074 3
1 5.77316e-14
2 6.03961e-14
3 6.21725e-14
1076 3
1 1.28786e-14
2 2.84217e-14
3 3.73035e-14
1078 3
1 5.32907e-14
2 5.68434e-14
3 7.81597e-14
1080 3
1 3.37508e-14
2 5.50671e-14
3 7.99361e-14
1082 3
1 2.22045e-14
2 2.66454e-14
3 5.68434e-14
1084 3
1 1.95399e-14
2 4.44089e-14
3 8.34888e-14
1086 3
1 4.26326e-14
2 3.19744e-14
3 7.10543e-14
1088 3
1 3.37508e-14
2 2.4869e-14
3 8.17124e-14
1090 3
1 1.90958e-14
2 1.77636e-14
3 1.77636e-14
1092 3
1 3.86358e-14
2 3.19744e-14
3 4.26326e-14
1094 3
1 4.08562e-14
2 2.4869e-14
3 6.92779e-14
1096 3
1 2.4869e-14
2 2.13163e-14
3 6.75016e-14
1098 3
1 1.19904e-14
2 4.26326e-14
3 8.70415e-14
1100 3
1 3.01981e-14
2 1.95399e-14
3 6.21725e-14
1102 3
1 -1.33227e-15
2 2.84217e-14
3 8.88178e-14
1104 3
1 -3.55271e-15
2 3.90799e-14
3 8.34888e-14
1106 3
1 7.10543e-15
2 3.19744e-14
3 5.86198e-14
1108 3
1 3.55271e-15
2 7.63833e-14
3 5.86198e-14
1110 3
1 3.68594e-14
2 5.15143e-14
3 4.9738e-14
1112 3
1 2.26485e-14
2 3.90799e-14
3 6.39488e-14
1114 3
1 3.06422e-14
2 5.50671e-14
3 9.76996e-14
1116 3
1 3.24185e-14
2 3.73035e-14
3 8.34888e-14
1118 3
1 1.59872e-14
2 6.75016e-14
3 6.57252e-14
1120 3
1 2.13163e-14
2 4.9738e-14
3 9.23706e-14
1122 3
1 2.66454e-14
2 3.90799e-14
3 8.52651e-14
1124 3
1 4.17444e-14
2 3.37508e-14
3 7.63833e-14
1126 3
1 2.75335e-14
2 3.90799e-14
3 6.39488e-14
1128 3
1 2.04281e-14
2 2.13163e-14
3 5.50671e-14
1130 3
1 2.66454e-14
2 5.32907e-14
3 7.10543e-14
1132 3
1 3.9968e-15
2 5.68434e-14
3 5.32907e-14
1134 3
1 3.77476e-14
2 5.50671e-14
3 9.41469e-14
1136 3
1 2.79776e-14
2 2.30926e-14
3 7.81597e-14
1138 3
1 3.37508e-14
2 4.9738e-14
3 1.10134e-13
1140 3
1 2.9754e-14
2 4.44089e-14
3 8.34888e-14
1142 3
1 2.9754e-14
2 4.61853e-14
3 4.79616e-14
1144 3
1 2.04281e-14
2 6.03961e-14
3 1.04805e-13
1146 3
1 1.5099e-14
2 5.15143e-14
3 6.75016e-14
1148 3
1 9.32587e-15
2 3.19744e-14
3 7.4607e-14
1150 3
1 1.46549e-14
2 3.90799e-14
3 9.76996e-14
1152 3
1 3.41949e-14
2 2.4869e-14
3 7.28306e-14
1154 3
1 1.55431e-14
2 3.55271e-14
3 9.41469e-14
1156 3
1 7.99361e-15
2 4.9738e-14
3 7.28306e-14
1158 3
1 -8.43769e-15
2 3.19744e-14
3 9.23706e-14
1160 3
1 4.44089e-16
2 3.73035e-14
3 7.54952e-14
1162 3
1 2.66454e-14
2 4.9738e-14
3 1.02141e-13
1164 3
1 1.28786e-14
2 6.21725e-14
3 9.23706e-14
1166 3
1 1.77636e-14
2 4.26326e-14
3 6.39488e-14
1168 3
1 2.30926e-14
2 6.39488e-14
3 8.79297e-14
1170 3
1 2.17604e-14
2 2.30926e-14
3 8.08242e-14
1172 3
1 9.76996e-15
2 6.57252e-14
3 6.83897e-14
1174 3
1 1.95399e-14
2 7.63833e-14
3 7.63833e-14
1176 3
1 1.42109e-14
2 3.73035e-14
3 6.66134e-14
1178 3
1 3.41949e-14
2 4.26326e-14
3 1.01252e-13
1180 3
1 3.24185e-14
2 2.84217e-14
3 1.04805e-13
1182 3
1 1.77636e-14
2 4.79616e-14
3 9.85878e-14
1184 3
1 5.06262e-14
2 3.01981e-14
3 9.59233e-14
1186 3
1 4.13003e-14
2 3.19744e-14
3 1.15463e-13
1188 3
1 4.35207e-14
2 3.01981e-14
3 8.70415e-14
1190 3
1 1.86517e-14
2 3.90799e-14
3 1.27898e-13
1192 3
1 3.10862e-15
2 4.44089e-14
3 1.14575e-13
1194 3
1 2.35367e-14
2 3.55271e-14
3 1.13687e-13
1196 3
1 2.79776e-14
2 7.99361e-14
3 9.9476e-14
1198 3
1 3.59712e-14
2 1.95399e-14
3 1.08358e-13
1200 3
1 4.26326e-14
2 3.55271e-14
3 7.72715e-14
1202 3
1 2.4869e-14
2 5.68434e-14
3 1.08358e-13
1204 3
1 9.76996e-15
2 3.90799e-14
3 7.28306e-14
1206 3
1 3.73035e-14
2 3.73035e-14
3 9.59233e-14
1208 3
1 -8.88178e-16
2 6.03961e-14
3 1.01252e-13
1210 3
1 1.06581e-14
2 7.10543e-14
3 8.61533e-14
1212 3
1 3.81917e-14
2 7.10543e-14
3 1.18128e-13
1214 3
1 2.22045e-14
2 5.86198e-14
3 1.1191e-13
1216 3
1 1.86517e-14
2 3.55271e-14
3 9.85878e-14
1218 3
1 7.10543e-15
2 6.03961e-14
3 9.76996e-14
1220 3
1 -5.32907e-15
2 5.68434e-14
3 9.05942e-14
1222 3
1 8.88178e-16
2 5.68434e-14
3 8.34888e-14
1224 3
1 2.04281e-14
2 5.15143e-14
3 7.99361e-14
1226 3
1 3.55271e-15
2 9.05942e-14
3 1.08358e-13
1228 3
1 1.77636e-14
2 4.26326e-14
3 7.99361e-14
1230 3
1 1.42109e-14
2 6.57252e-14
3 7.63833e-14
1232 3
1 1.33227e-14
2 5.50671e-14
3 8.34888e-14
1234 3
1 1.24345e-14
2 4.26326e-14
3 8.88178e-14
1236 3
1 7.99361e-15
2 5.50671e-14
3 9.9476e-14
1238 3
1 1.86517e-14
2 4.61853e-14
3 8.88178e-14
1240 3
1 1.24345e-14
2 6.39488e-14
3 6.57252e-14
1242 3
1 -1.15463e-14
2 4.61853e-14
3 5.86198e-14
1244 3
1 2.39808e-14
2 5.68434e-14
3 5.41789e-14
1246 3
1 1.33227e-14
2 7.28306e-14
3 7.81597e-14
1248 3
1 2.30926e-14
2 5.86198e-14
3 8.70415e-14
1250 3
1 1.5099e-14
2 8.52651e-14
3 5.41789e-14
1252 3
1 6.21725e-15
2 6.21725e-14
3 7.10543e-14
1254 3
1 2.66454e-14
2 6.57252e-14
3 6.21725e-14
1256 3
1 -1.77636e-14
2 7.10543e-14
3 6.92779e-14
1258 3
1 2.04281e-14
2 6.92779e-14
3 4.26326e-14
1260 3
1 3.10862e-14
2 5.50671e-14
3 7.4607e-14
1262 3
1 1.5099e-14
2 7.4607e-14
3 5.32907e-14
1264 3
1 1.77636e-14
2 6.39488e-14
3 4.9738e-14
1266 3
1 8.88178e-16
2 6.75016e-14
3 4.35207e-14
1268 3
1 0
2 6.21725e-14
3 3.9968e-14
1270 3
1 1.68754e-14
2 6.03961e-14
3 3.73035e-14
1272 3
1 3.4639e-14
2 5.86198e-14
3 9.76996e-15
1274 3
1 1.42109e-14
2 8.52651e-14
3 6.03961e-14
1276 3
1 8.88178e-15
2 3.37508e-14
3 7.99361e-14
1278 3
1 1.24345e-14
2 6.39488e-14
3 8.17124e-14
1280 3
1 -8.88178e-15
2 5.68434e-14
3 8.34888e-14
1282 3
1 -1.77636e-14
2 8.88178e-14
3 7.10543e-14
1284 3
1 -7.99361e-15
2 7.10543e-14
3 7.28306e-14
1286 3
1 1.95399e-14
2 3.55271e-14
3 6.03961e-14
1288 3
1 2.04281e-14
2 6.21725e-14
3 4.52971e-14
1290 3
1 9.76996e-15
2 7.81597e-14
3 7.28306e-14
1292 3
1 -7.10543e-15
2 7.4607e-14
3 4.26326e-14
1294 3
1 -1.15463e-14
2 4.44089e-14
3 8.34888e-14
1296 3
1 -1.24345e-14
2 4.9738e-14
3 4.9738e-14
1298 3
1 3.55271e-15
2 7.4607e-14
3 4.79616e-14
1300 3
1 1.59872e-14
2 6.21725e-14
3 5.24025e-14
1302 3
1 -8.88178e-16
2 6.21725e-14
3 3.55271e-14
1304 3
1 -5.32907e-15
2 4.44089e-14
3 7.54952e-14
1306 3
1 -1.77636e-14
2 6.57252e-14
3 4.70735e-14
1308 3
1 -9.76996e-15
2 7.28306e-14
3 9.23706e-14
1310 3
1 -2.13163e-14
2 6.75016e-14
3 3.9968e-14
1312 3
1 0
2 6.21725e-14
3 5.86198e-14
1314 3
1 -1.59872e-14
2 5.15143e-14
3 7.4607e-14
1316 3
1 -2.04281e-14
2 2.4869e-14
3 5.77316e-14
1318 3
1 -1.68754e-14
2 4.61853e-14
3 5.68434e-14
1320 3
1 -1.24345e-14
2 4.26326e-14
3 8.34888e-14
1322 3
1 1.33227e-14
2 4.79616e-14
3 5.41789e-14
1324 3
1 -2.22045e-14
2 7.63833e-14
3 6.83897e-14
1326 3
1 -3.73035e-14
2 4.61853e-14
3 5.32907e-14
1328 3
1 -1.59872e-14
2 9.59233e-14
3 8.34888e-14
1330 3
1 -3.90799e-14
2 5.15143e-14
3 9.05942e-14
1332 3
1 -7.10543e-15
2 5.50671e-14
3 6.83897e-14
1334 3
1 -3.64153e-14
2 7.28306e-14
3 8.88178e-14
1336 3
1 -1.77636e-15
2 4.26326e-14
3 6.92779e-14
1338 3
1 -2.22045e-14
2 4.9738e-14
3 8.17124e-14
1340 3
1 -1.86517e-14
2 7.63833e-14
3 8.79297e-14
1342 3
1 8.88178e-16
2 7.4607e-14
3 1.04805e-13
1344 3
1 -1.06581e-14
2 9.05942e-14
3 9.59233e-14
1346 3
1 -2.13163e-14
2 5.32907e-14
3 6.03961e-14
1348 3
1 -2.22045e-14
2 4.79616e-14
3 6.03961e-14
1350 3
1 1.77636e-14
2 6.57252e-14
3 6.57252e-14
1352 3
1 2.39808e-14
2 4.08562e-14
3 5.50671e-14
1354 3
1 -1.24345e-14
2 6.03961e-14
3 1.03029e-13
1356 3
1 0
2 5.68434e-14
3 7.63833e-14
1358 3
1 9.76996e-15
2 6.03961e-14
3 8.88178e-14
1360 3
1 -3.19744e-14
2 8.52651e-14
3 6.83897e-14
1362 3
1 -1.42109e-14
2 4.9738e-14
3 1.01252e-13
1364 3
1 -2.30926e-14
2 7.4607e-14
3 8.52651e-14
1366 3
1 0
2 7.99361e-14
3 8.34888e-14
1368 3
1 -1.95399e-14
2 7.63833e-14
3 7.63833e-14
1370 3
1 -6.21725e-15
2 7.81597e-14
3 8.17124e-14
1372 3
1 2.39808e-14
2 7.28306e-14
3 6.12843e-14
1374 3
1 -3.64153e-14
2 7.81597e-14
3 9.05942e-14
1376 3
1 -1.42109e-14
2 8.70415e-14
3 8.61533e-14
1378 3
1 1.06581e-14
2 6.92779e-14
3 8.17124e-14
1380 3
1 -6.21725e-15
2 8.17124e-14
3 8.70415e-14
1382 3
1 -3.55271e-15
2 6.57252e-14
3 7.4607e-14
1384 3
1 -3.55271e-15
2 5.86198e-14
3 4.88498e-14
1386 3
1 -3.55271e-15
2 4.26326e-14
3 6.30607e-14
1388 3
1 -1.15463e-14
2 9.76996e-14
3 6.92779e-14
1390 3
1 -1.77636e-14
2 6.21725e-14
3 8.9706e-14
1392 3
1 1.5099e-14
2 8.17124e-14
3 7.19425e-14
1394 3
1 -3.55271e-14
2 7.81597e-14
3 6.57252e-14
1396 3
1 -2.04281e-14
2 9.23706e-14
3 5.32907e-14
1398 3
1 -1.06581e-14
2 7.81597e-14
3 6.57252e-14
1400 3
1 -1.24345e-14
2 4.44089e-14
3 5.32907e-14
1402 3
1 -2.30926e-14
2 7.81597e-14
3 4.79616e-14
1404 3
1 -1.5099e-14
2 6.92779e-14
3 6.57252e-14
1406 3
1 -3.9968e-14
2 4.26326e-14
3 7.19425e-14
1408 3
1 -2.84217e-14
2 9.05942e-14
3 5.15143e-14
1410 3
1 -2.13163e-14
2 1.01252e-13
3 7.01661e-14
1412 3
1 -2.93099e-14
2 8.52651e-14
3 6.03961e-14
1414 3
1 -3.01981e-14
2 7.63833e-14
3 8.70415e-14
1416 3
1 -3.73035e-14
2 4.61853e-14
3 5.32907e-14
1418 3
1 -2.57572e-14
2 6.92779e-14
3 9.41469e-14
1420 3
1 -1.95399e-14
2 6.39488e-14
3 5.86198e-14
1422 3
1 -1.86517e-14
2 9.41469e-14
3 6.57252e-14
1424 3
1 -1.77636e-14
2 7.81597e-14
3 1.95399e-14
1426 3
1 -4.61853e-14
2 5.15143e-14
3 6.39488e-14
1428 3
1 -5.32907e-15
2 1.01252e-13
3 2.13163e-14
1430 3
1 -1.5099e-14
2 4.08562e-14
3 5.41789e-14
1432 3
1 -3.55271e-14
2 7.63833e-14
3 6.75016e-14
1434 3
1 -5.24025e-14
2 8.88178e-14
3 7.10543e-14
1436 3
1 -2.4869e-14
2 5.68434e-14
3 7.28306e-14
1438 3
1 -3.4639e-14
2 5.50671e-14
3 7.4607e-14
1440 3
1 -4.44089e-14
2 4.26326e-14
3 7.54952e-14
1442 3
1 -4.26326e-14
2 6.39488e-14
3 6.39488e-14
1444 3
1 -3.28626e-14
2 5.32907e-14
3 5.9508e-14
1446 3
1 -7.01661e-14
2 9.9476e-14
3 5.86198e-14
1448 3
1 -4.08562e-14
2 8.34888e-14
3 4.79616e-14
1450 3
1 -4.26326e-14
2 8.34888e-14
3 5.32907e-14
1452 3
1 -2.57572e-14
2 5.32907e-14
3 6.30607e-14
1454 3
1 -5.32907e-15
2 7.63833e-14
3 2.93099e-14
1456 3
1 -4.44089e-14
2 5.86198e-14
3 5.9508e-14
1458 3
1 -3.19744e-14
2 6.21725e-14
3 7.01661e-14
1460 3
1 0
2 3.55271e-14
3 1.24345e-14
1462 3
1 -3.4639e-14
2 8.70415e-14
3 6.92779e-14
1464 3
1 -2.66454e-14
2 4.08562e-14
3 7.28306e-14
1466 3
1 -2.57572e-14
2 5.32907e-14
3 6.83897e-14
1468 3
1 -5.24025e-14
2 -1.59872e-14
3 4.70735e-14
1470 3
1 -6.03961e-14
2 4.9738e-14
3 5.32907e-14
1472 3
1 -3.9968e-14
2 6.92779e-14
3 5.86198e-14
1474 3
1 -4.26326e-14
2 5.50671e-14
3 4.08562e-14
1476 3
1 -2.04281e-14
2 7.4607e-14
3 2.84217e-14
1478 3
1 -3.55271e-14
2 3.37508e-14
3 2.57572e-14
1480 3
1 -3.01981e-14
2 5.86198e-14
3 5.9508e-14
1482 3
1 -3.81917e-14
2 4.44089e-14
3 1.24345e-14
1484 3
1 -4.35207e-14
2 7.4607e-14
3 2.04281e-14
1486 3
1 -7.10543e-15
2 4.79616e-14
3 2.39808e-14
1488 3
1 -3.55271e-14
2 6.03961e-14
3 1.95399e-14
1490 3
1 -4.9738e-14
2 4.26326e-14
3 4.35207e-14
1492 3
1 -3.37508e-14
2 6.21725e-14
3 3.10862e-14
1494 3
1 -5.59552e-14
2 5.68434e-14
3 1.68754e-14
1496 3
1 -3.19744e-14
2 6.21725e-14
3 2.30926e-14
1498 3
1 -3.01981e-14
2 5.32907e-14
3 3.90799e-14
1500 3
1 -5.32907e-14
2 7.81597e-14
3 2.39808e-14
1502 3
1 -4.79616e-14
2 6.39488e-14
3 4.70735e-14
1504 3
1 -2.30926e-14
2 1.01252e-13
3 2.4869e-14
1506 3
1 -3.28626e-14
2 2.30926e-14
3 1.15463e-14
1508 3
1 -1.5099e-14
2 6.75016e-14
3 4.35207e-14
1510 3
1 -1.77636e-14
2 7.28306e-14
3 3.55271e-14
1512 3
1 -3.19744e-14
2 7.81597e-14
3 3.9968e-14
1514 3
1 -1.33227e-14
2 5.32907e-14
3 3.28626e-14
1516 3
1 -1.77636e-14
2 6.57252e-14
3 4.61853e-14
1518 3
1 -3.55271e-15
2 4.61853e-14
3 3.19744e-14
1520 3
1 -2.13163e-14
2 6.03961e-14
3 2.13163e-14
1522 3
1 -9.76996e-15
2 7.10543e-14
3 3.28626e-14
1524 3
1 -3.90799e-14
2 7.81597e-14
3 1.15463e-14
1526 3
1 -4.70735e-14
2 4.61853e-14
3 3.4639e-14
1528 3
1 -2.39808e-14
2 7.4607e-14
3 2.30926e-14
1530 3
1 -8.88178e-15
2 9.05942e-14
3 2.13163e-14
1532 3
1 -8.88178e-16
2 6.92779e-14
3 2.39808e-14
1534 3
1 -3.55271e-14
2 9.23706e-14
3 1.77636e-14
1536 3
1 -2.84217e-14
2 7.63833e-14
3 4.44089e-14
1538 3
1 -2.57572e-14
2 8.34888e-14
3 3.19744e-14
1540 3
1 -3.73035e-14
2 5.50671e-14
3 3.01981e-14
1542 3
1 -3.01981e-14
2 7.81597e-14
3 1.86517e-14
1544 3
1 -4.35207e-14
2 6.57252e-14
3 1.68754e-14
1546 3
1 -3.90799e-14
2 8.88178e-14
3 4.79616e-14
1548 3
1 -5.06262e-14
2 6.39488e-14
3 2.04281e-14
1550 3
1 -6.21725e-14
2 6.03961e-14
3 5.06262e-14
1552 3
1 -2.39808e-14
2 4.44089e-14
3 1.77636e-14
1554 3
1 -3.37508e-14
2 7.10543e-14
3 3.90799e-14
1556 3
1 -4.61853e-14
2 3.37508e-14
3 2.13163e-14
1558 3
1 -5.32907e-14
2 7.28306e-14
3 4.61853e-14
1560 3
1 -3.81917e-14
2 4.44089e-14
3 2.22045e-14
1562 3
1 -2.13163e-14
2 1.59872e-14
3 2.4869e-14
1564 3
1 -1.15463e-14
2 6.39488e-14
3 3.73035e-14
1566 3
1 -5.24025e-14
2 4.08562e-14
3 2.66454e-14
1568 3
1 -2.39808e-14
2 5.15143e-14
3 4.08562e-14
1570 3
1 -6.57252e-14
2 7.99361e-14
3 4.88498e-14
1572 3
1 3.55271e-15
2 3.01981e-14
3 4.61853e-14
1574 3
1 -3.90799e-14
2 5.32907e-14
3 1.95399e-14
1576 3
1 -2.22045e-14
2 6.39488e-14
3 3.81917e-14
1578 3
1 -2.84217e-14
2 6.39488e-14
3 3.55271e-14
1580 3
1 -3.19744e-14
2 6.39488e-14
3 2.22045e-14
1582 3
1 -5.77316e-14
2 7.99361e-14
3 2.75335e-14
1584 3
1 -2.66454e-14
2 7.10543e-14
3 2.4869e-14
1586 3
1 -3.73035e-14
2 1.01252e-13
3 1.77636e-14
1588 3
1 -3.9968e-14
2 8.34888e-14
3 3.90799e-14
1590 3
1 -3.64153e-14
2 6.39488e-14
3 3.28626e-14
1592 3
1 -9.76996e-15
2 5.15143e-14
3 1.06581e-14
1594 3
1 -5.15143e-14
2 6.92779e-14
3 3.90799e-14
1596 3
1 -4.35207e-14
2 6.03961e-14
3 3.81917e-14
1598 3
1 -5.41789e-14
2 4.79616e-14
3 1.86517e-14
1600 3
1 -1.77636e-14
2 2.66454e-14
3 4.17444e-14
1602 3
1 -2.4869e-14
2 8.17124e-14
3 4.26326e-14
1604 3
1 -6.4837e-14
2 6.92779e-14
3 3.4639e-14
1606 3
1 -5.50671e-14
2 5.32907e-14
3 2.4869e-14
1608 3
1 -5.15143e-14
2 4.26326e-14
3 3.37508e-14
1610 3
1 -1.15463e-14
2 4.61853e-14
3 2.93099e-14
1612 3
1 -3.64153e-14
2 5.86198e-14
3 3.81917e-14
1614 3
1 -1.86517e-14
2 6.21725e-14
3 2.39808e-14
1616 3
1 -4.79616e-14
2 4.26326e-14
3 4.79616e-14
1618 3
1 1.77636e-15
2 5.68434e-14
3 2.93099e-14
1620 3
1 -7.99361e-15
2 5.32907e-14
3 3.55271e-14
1622 3
1 -1.5099e-14
2 6.03961e-14
3 5.68434e-14
1624 3
1 -2.39808e-14
2 5.32907e-14
3 2.66454e-15
1626 3
1 -2.4869e-14
2 4.44089e-14
3 4.79616e-14
1628 3
1 5.32907e-15
2 4.79616e-14
3 4.44089e-14
1630 3
1 -2.04281e-14
2 4.61853e-14
3 3.90799e-14
1632 3
1 -4.44089e-14
2 3.55271e-14
3 2.39808e-14
1634 3
1 -4.9738e-14
2 8.88178e-14
3 6.39488e-14
1636 3
1 -6.30607e-14
2 5.32907e-14
3 5.15143e-14
1638 3
1 -5.15143e-14
2 8.70415e-14
3 5.32907e-14
1640 3
1 -2.84217e-14
2 3.55271e-14
3 3.73035e-14
1642 3
1 -2.13163e-14
2 5.15143e-14
3 2.04281e-14
1644 3
1 -3.37508e-14
2 8.34888e-14
3 3.19744e-14
1646 3
1 -2.66454e-14
2 4.9738e-14
3 3.28626e-14
1648 3
1 -2.57572e-14
2 7.19425e-14
3 6.57252e-14
1650 3
1 -4.79616e-14
2 3.28626e-14
3 6.4837e-14
1652 3
1 -6.92779e-14
2 6.66134e-14
3 5.9508e-14
1654 3
1 -4.79616e-14
2 9.05942e-14
3 6.92779e-14
1656 3
1 -4.88498e-14
2 4.70735e-14
3 4.52971e-14
1658 3
1 -7.10543e-15
2 6.4837e-14
3 7.81597e-14
1660 3
1 -1.95399e-14
2 8.43769e-14
3 5.15143e-14
1662 3
1 -4.79616e-14
2 6.83897e-14
3 3.90799e-14
1664 3
1 -2.75335e-14
2 6.30607e-14
3 5.32907e-14
1666 3
1 -7.63833e-14
2 5.59552e-14
3 5.9508e-14
1668 3
1 -3.4639e-14
2 5.77316e-14
3 4.61853e-14
1670 3
1 -5.06262e-14
2 6.12843e-14
3 6.03961e-14
1672 3
1 -5.86198e-14
2 5.68434e-14
3 5.59552e-14
1674 3
1 -9.41469e-14
2 8.70415e-14
3 3.90799e-14
1676 3
1 -6.92779e-14
2 5.15143e-14
3 6.4837e-14
1678 3
1 -6.75016e-14
2 6.92779e-14
3 5.9508e-14
1680 3
1 -4.75175e-14
2 8.88178e-14
3 6.21725e-14
1682 3
1 -5.50671e-14
2 4.26326e-14
3 5.06262e-14
1684 3
1 -7.19425e-14
2 6.03961e-14
3 5.15143e-14
1686 3
1 -8.61533e-14
2 7.10543e-14
3 6.21725e-15
1688 3
1 -6.57252e-14
2 7.63833e-14
3 4.44089e-14
1690 3
1 -5.32907e-14
2 8.61533e-14
3 6.03961e-14
1692 3
1 -6.21725e-14
2 8.26006e-14
3 8.08242e-14
1694 3
1 -4.70735e-14
2 6.21725e-14
3 4.52971e-14
1696 3
1 -7.63833e-14
2 6.66134e-14
3 3.01981e-14
1698 3
1 -7.19425e-14
2 6.75016e-14
3 4.9738e-14
1700 3
1 -7.99361e-14
2 6.92779e-14
3 5.68434e-14
1702 3
1 -6.03961e-14
2 1.01252e-13
3 6.39488e-14
1704 3
1 -6.4837e-14
2 6.75016e-14
3 4.08562e-14
1706 3
1 -6.12843e-14
2 7.63833e-14
3 4.35207e-14
1708 3
1 -5.68434e-14
2 6.83897e-14
3 3.37508e-14
1710 3
1 -7.28306e-14
2 4.26326e-14
3 2.13163e-14
1712 3
1 -8.08242e-14
2 4.08562e-14
3 3.64153e-14
1714 3
1 -7.54952e-14
2 6.03961e-14
3 3.64153e-14
1716 3
1 -6.9722e-14
2 5.68434e-14
3 3.37508e-14
1718 3
1 -6.52811e-14
2 7.63833e-14
3 4.79616e-14
1720 3
1 -7.4607e-14
2 5.32907e-14
3 3.55271e-14
1722 3
1 -1.02141e-13
2 6.92779e-14
3 3.37508e-14
1724 3
1 -3.81917e-14
2 7.54952e-14
3 5.68434e-14
1726 3
1 -5.15143e-14
2 4.70735e-14
3 2.30926e-14
1728 3
1 -5.63993e-14
2 5.06262e-14
3 1.06581e-14
1730 3
1 -3.9968e-14
2 5.77316e-14
3 2.93099e-14
1732 3
1 -4.61853e-14
2 4.79616e-14
3 2.84217e-14
1734 3
1 -5.15143e-14
2 5.50671e-14
3 4.08562e-14
1736 3
1 -4.35207e-14
2 5.32907e-14
3 2.30926e-14
1738 3
1 -7.01661e-14
2 6.66134e-14
3 5.32907e-14
1740 3
1 -8.52651e-14
2 5.77316e-14
3 5.06262e-14
1742 3
1 -7.72715e-14
2 7.72715e-14
3 3.73035e-14
1744 3
1 -5.41789e-14
2 9.05942e-14
3 6.30607e-14
1746 3
1 -4.70735e-14
2 6.75016e-14
3 6.57252e-14
1748 3
1 -5.32907e-14
2 7.10543e-14
3 5.24025e-14
1750 3
1 -2.30926e-14
2 1.95399e-14
3 6.30607e-14
1752 3
1 -3.73035e-14
2 5.68434e-14
3 4.70735e-14
1754 3
1 -6.03961e-14
2 8.17124e-14
3 2.93099e-14
1756 3
1 -7.19425e-14
2 5.68434e-14
3 2.57572e-14
1758 3
1 -5.68434e-14
2 4.08562e-14
3 4.35207e-14
1760 3
1 -7.54952e-14
2 6.57252e-14
3 7.10543e-14
1762 3
1 -2.93099e-14
2 6.03961e-14
3 4.79616e-14
1764 3
1 -4.9738e-14
2 5.86198e-14
3 6.66134e-14
1766 3
1 -3.9968e-14
2 8.17124e-14
3 5.9508e-14
1768 3
1 -3.90799e-14
2 7.10543e-15
3 1.33227e-14
1770 3
1 -5.06262e-14
2 6.30607e-14
3 7.4607e-14
1772 3
1 -3.4639e-14
2 1.02141e-13
3 5.06262e-14
1774 3
1 -2.66454e-14
2 5.32907e-14
3 6.12843e-14
1776 3
1 -5.68434e-14
2 6.66134e-14
3 3.90799e-14
1778 3
1 -5.06262e-14
2 6.92779e-14
3 6.39488e-14
1780 3
1 -5.59552e-14
2 5.15143e-14
3 3.01981e-14
1782 3
1 -3.81917e-14
2 6.75016e-14
3 6.66134e-14
1784 3
1 -6.39488e-14
2 7.99361e-14
3 5.86198e-14
1786 3
1 -3.9968e-14
2 3.73035e-14
3 3.73035e-14
1788 3
1 -5.24025e-14
2 5.68434e-14
3 1.77636e-14
1790 3
1 -6.39488e-14
2 8.52651e-14
3 5.50671e-14
1792 3
1 -4.35207e-14
2 7.81597e-14
3 5.50671e-14
1794 3
1 -5.24025e-14
2 4.9738e-14
3 2.57572e-14
1796 3
1 -5.68434e-14
2 6.39488e-14
3 4.08562e-14
1798 3
1 -4.26326e-14
2 7.63833e-14
3 6.66134e-14
1800 3
1 -5.68434e-14
2 8.34888e-14
3 3.90799e-14
1802 3
1 -7.10543e-14
2 5.86198e-14
3 4.44089e-14
1804 3
1 -6.12843e-14
2 6.39488e-14
3 6.03961e-14
1806 3
1 -9.9476e-14
2 5.32907e-14
3 5.50671e-14
1808 3
1 -5.86198e-14
2 5.15143e-14
3 6.12843e-14
1810 3
1 -6.92779e-14
2 9.05942e-14
3 3.90799e-14
1812 3
1 -5.77316e-14
2 5.32907e-14
3 6.21725e-14
1814 3
1 -4.79616e-14
2 1.01252e-13
3 1.68754e-14
1816 3
1 -5.77316e-14
2 7.28306e-14
3 1.59872e-14
1818 3
1 -5.15143e-14
2 5.15143e-14
3 1.95399e-14
1820 3
1 -5.86198e-14
2 9.05942e-14
3 2.4869e-14
1822 3
1 -5.15143e-14
2 6.57252e-14
3 2.66454e-14
1824 3
1 -2.4869e-14
2 4.79616e-14
3 3.55271e-14
1826 3
1 -3.90799e-14
2 6.92779e-14
3 6.30607e-14
1828 3
1 -7.19425e-14
2 1.24345e-13
3 5.24025e-14
1830 3
1 -6.83897e-14
2 1.16351e-13
3 6.21725e-14
1832 3
1 -7.72715e-14
2 8.43769e-14
3 4.9738e-14
1834 3
1 -7.06102e-14
2 4.35207e-14
3 6.57252e-14
1836 3
1 -4.26326e-14
2 7.54952e-14
3 1.95399e-14
1838 3
1 -7.23865e-14
2 7.63833e-14
3 2.13163e-14
1840 3
1 -4.21885e-14
2 5.24025e-14
3 4.08562e-14
1842 3
1 -9.81437e-14
2 6.66134e-14
3 3.19744e-14
1844 3
1 -8.08242e-14
2 6.92779e-14
3 1.77636e-15
1846 3
1 -6.30607e-14
2 6.12843e-14
3 2.66454e-14
1848 3
1 -8.61533e-14
2 7.19425e-14
3 -3.55271e-15
1850 3
1 -6.88338e-14
2 9.59233e-14
3 1.06581e-14
1852 3
1 -8.08242e-14
2 8.61533e-14
3 2.4869e-14
1854 3
1 -9.05942e-14
2 9.41469e-14
3 2.13163e-14
1856 3
1 -5.15143e-14
2 1.00364e-13
3 2.84217e-14
1858 3
1 -6.39488e-14
2 9.68114e-14
3 1.59872e-14
1860 3
1 -6.35048e-14
2 9.23706e-14
3 3.73035e-14
1862 3
1 -8.39329e-14
2 1.1724e-13
3 2.4869e-14
1864 3
1 -6.30607e-14
2 5.68434e-14
3 5.32907e-14
1866 3
1 -5.41789e-14
2 8.70415e-14
3 3.01981e-14
1868 3
1 -3.37508e-14
2 9.68114e-14
3 7.10543e-15
1870 3
1 -7.10543e-14
2 6.39488e-14
3 4.08562e-14
1872 3
1 -6.43929e-14
2 1.0747e-13
3 3.90799e-14
1874 3
1 -6.52811e-14
2 7.81597e-14
3 6.92779e-14
1876 3
1 -7.99361e-14
2 6.92779e-14
3 5.68434e-14
1878 3
1 -7.54952e-14
2 1.10134e-13
3 3.55271e-14
1880 3
1 -7.32747e-14
2 7.72715e-14
3 1.24345e-14
1882 3
1 -8.08242e-14
2 6.75016e-14
3 6.39488e-14
1884 3
1 -6.52811e-14
2 9.59233e-14
3 2.30926e-14
1886 3
1 -5.06262e-14
2 7.4607e-14
3 5.15143e-14
1888 3
1 -7.72715e-14
2 7.99361e-14
3 1.59872e-14
1890 3
1 -7.68274e-14
2 7.54952e-14
3 6.03961e-14
1892 3
1 -4.35207e-14
2 8.26006e-14
3 5.32907e-14
1894 3
1 -5.68434e-14
2 7.10543e-14
3 3.19744e-14
1896 3
1 -6.39488e-14
2 8.52651e-14
3 3.73035e-14
1898 3
1 -6.4837e-14
2 8.70415e-14
3 3.19744e-14
1900 3
1 -7.37188e-14
2 7.19425e-14
3 6.39488e-14
1902 3
1 -8.17124e-14
2 9.41469e-14
3 3.19744e-14
1904 3
1 -7.72715e-14
2 9.59233e-14
3 1.06581e-14
1906 3
1 -5.50671e-14
2 7.28306e-14
3 2.66454e-14
1908 3
1 -5.01821e-14
2 8.52651e-14
3 5.15143e-14
1910 3
1 -6.66134e-14
2 8.61533e-14
3 2.84217e-14
1912 3
1 -5.41789e-14
2 7.90479e-14
3 4.26326e-14
1914 3
1 -3.4639e-14
2 4.9738e-14
3 3.55271e-14
1916 3
1 -6.92779e-14
2 5.59552e-14
3 4.26326e-14
1918 3
1 -8.88178e-14
2 9.76996e-14
3 6.03961e-14
1920 3
1 -5.37348e-14
2 1.00364e-13
3 4.9738e-14
1922 3
1 -7.10543e-14
2 6.75016e-14
3 5.68434e-14
1924 3
1 -6.92779e-14
2 6.75016e-14
3 8.88178e-15
1926 3
1 -5.72875e-14
2 8.17124e-14
3 1.06581e-14
1928 3
1 -7.90479e-14
2 7.63833e-14
3 3.73035e-14
1930 3
1 -7.86038e-14
2 4.88498e-14
3 2.4869e-14
1932 3
1 -6.39488e-14
2 7.72715e-14
3 1.95399e-14
1934 3
1 -6.75016e-14
2 9.32587e-14
3 2.13163e-14
1936 3
1 -8.52651e-14
2 8.43769e-14
3 4.08562e-14
1938 3
1 -8.79297e-14
2 8.08242e-14
3 3.90799e-14
1940 3
1 -8.9706e-14
2 7.63833e-14
3 5.68434e-14
1942 3
1 -1.01252e-13
2 9.05942e-14
3 7.10543e-15
1944 3
1 -6.39488e-14
2 9.41469e-14
3 5.50671e-14
1946 3
1 -9.81437e-14
2 8.61533e-14
3 2.13163e-14
1948 3
1 -7.37188e-14
2 8.08242e-14
3 3.19744e-14
1950 3
1 -8.70415e-14
2 9.59233e-14
3 3.37508e-14
1952 3
1 -1.08358e-13
2 4.61853e-14
3 2.66454e-14
1954 3
1 -7.37188e-14
2 4.44089e-14
3 2.4869e-14
1956 3
1 -8.43769e-14
2 8.08242e-14
3 4.61853e-14
1958 3
1 -9.23706e-14
2 7.19425e-14
3 3.55271e-14
1960 3
1 -9.41469e-14
2 6.03961e-14
3 1.24345e-14
1962 3
1 -7.23865e-14
2 6.12843e-14
3 4.61853e-14
1964 3
1 -8.17124e-14
2 5.68434e-14
3 3.01981e-14
1966 3
1 -7.41629e-14
2 1.10134e-13
3 6.39488e-14
1968 3
1 -7.77156e-14
2 7.63833e-14
3 4.08562e-14
1970 3
1 -1.16351e-13
2 8.26006e-14
3 6.75016e-14
1972 3
1 -8.74856e-14
2 6.66134e-14
3 2.84217e-14
1974 3
1 -1.06581e-13
2 7.37188e-14
3 3.37508e-14
1976 3
1 -7.72715e-14
2 2.66454e-14
3 4.44089e-14
1978 3
1 -8.30447e-14
2 7.72715e-14
3 3.01981e-14
1980 3
1 -7.10543e-14
2 7.10543e-14
3 4.08562e-14
1982 3
1 -1.0747e-13
2 5.86198e-14
3 5.50671e-14
1984 3
1 -1.26121e-13
2 8.43769e-14
3 4.44089e-14
1986 3
1 -7.41629e-14
2 1.03029e-13
3 5.68434e-14
1988 3
1 -6.39488e-14
2 7.10543e-14
3 3.55271e-14
1990 3
1 -1.03917e-13
2 6.30607e-14
3 2.4869e-14
1992 3
1 -9.32587e-14
2 9.85878e-14
3 5.68434e-14
1994 3
1 -7.28306e-14
2 9.85878e-14
3 3.90799e-14
1996 3
1 -8.26006e-14
2 7.4607e-14
3 6.03961e-14
1998 3
1 -7.81597e-14
2 1.13687e-13
3 4.26326e-14
2000 3
1 -8.88178e-14
2 7.19425e-14
3 -1.24345e-14
2002 3
1 -7.23865e-14
2 7.28306e-14
3 3.90799e-14
2004 3
1 -8.79297e-14
2 9.76996e-14
3 4.08562e-14
2006 3
1 -1.06137e-13
2 7.99361e-14
3 2.66454e-14
2008 3
1 -9.90319e-14
2 8.43769e-14
3 3.19744e-14
2010 3
1 -8.83738e-14
2 7.54952e-14
3 7.10543e-15
2012 3
1 -1.0747e-13
2 7.37188e-14
3 2.84217e-14
2014 3
1 -8.08242e-14
2 8.34888e-14
3 4.26326e-14
2016 3
1 -8.08242e-14
2 5.9508e-14
3 5.32907e-14
2018 3
1 -8.17124e-14
2 7.99361e-14
3 3.90799e-14
2020 3
1 -1.02141e-13
2 8.9706e-14
3 3.01981e-14
2022 3
1 -1.14575e-13
2 7.28306e-14
3 1.95399e-14
2024 3
1 -8.9706e-14
2 9.50351e-14
3 4.9738e-14
2026 3
1 -7.86038e-14
2 7.81597e-14
3 5.86198e-14
2028 3
1 -1.15019e-13
2 8.34888e-14
3 4.44089e-14
2030 3
1 -9.14824e-14
2 9.9476e-14
3 3.55271e-14
2032 3
1 -1.01252e-13
2 7.99361e-14
3 3.19744e-14
2034 3
1 -8.52651e-14
2 8.34888e-14
3 2.13163e-14
2036 3
1 -9.10383e-14
2 7.54952e-14
3 4.61853e-14
2038 3
1 -1.02585e-13
2 7.28306e-14
3 5.86198e-14
2040 3
1 -7.9492e-14
2 5.77316e-14
3 3.55271e-14
2042 3
1 -1.03917e-13
2 8.17124e-14
3 2.84217e-14
2044 3
1 -8.34888e-14
2 5.59552e-14
3 5.32907e-14
2046 3
1 -6.9722e-14
2 7.01661e-14
3 3.19744e-14
2048 3
1 -6.66134e-14
2 8.9706e-14
3 2.4869e-14
2050 3
1 -8.61533e-14
2 8.88178e-14
3 4.61853e-14
2052 3
1 -6.83897e-14
2 7.37188e-14
3 5.50671e-14
2054 3
1 -7.99361e-14
2 7.81597e-14
3 6.21725e-14
2056 3
1 -5.81757e-14
2 8.34888e-14
3 7.81597e-14
2058 3
1 -7.86038e-14
2 8.34888e-14
3 6.75016e-14
2060 3
1 -7.19425e-14
2 8.61533e-14
3 3.90799e-14
2062 3
1 -6.66134e-14
2 7.72715e-14
3 3.19744e-14
2064 3
1 -6.12843e-14
2 6.21725e-14
3 2.30926e-14
2066 3
1 -8.74856e-14
2 8.26006e-14
3 2.30926e-14
2068 3
1 -4.44089e-14
2 5.41789e-14
3 5.68434e-14
2070 3
1 -5.90639e-14
2 9.76996e-14
3 7.28306e-14
2072 3
1 -6.66134e-14
2 8.43769e-14
3 2.66454e-14
2074 3
1 -5.9952e-14
2 7.81597e-14
3 3.37508e-14
2076 3
1 -7.9492e-14
2 5.9508e-14
3 2.84217e-14
2078 3
1 -4.35207e-14
2 5.06262e-14
3 4.9738e-14
2080 3
1 -8.74856e-14
2 1.01252e-13
3 6.75016e-14
2082 3
1 -8.9706e-14
2 7.81597e-14
3 7.28306e-14
2084 3
1 -7.14984e-14
2 8.52651e-14
3 4.61853e-14
2086 3
1 -9.23706e-14
2 8.79297e-14
3 4.9738e-14
2088 3
1 -8.92619e-14
2 8.34888e-14
3 5.86198e-14
2090 3
1 -8.26006e-14
2 1.1191e-13
3 3.55271e-14
2092 3
1 -8.08242e-14
2 7.28306e-14
3 2.30926e-14
2094 3
1 -8.34888e-14
2 8.70415e-14
3 4.61853e-14
2096 3
1 -1.02585e-13
2 5.86198e-14
3 5.32907e-14
2098 3
1 -1.04361e-13
2 9.14824e-14
3 4.61853e-14
2100 3
1 -8.43769e-14
2 8.52651e-14
3 6.75016e-14
2102 3
1 -8.79297e-14
2 6.12843e-14
3 5.15143e-14
2104 3
1 -7.99361e-14
2 8.88178e-14
3 5.50671e-14
2106 3
1 -6.70575e-14
2 1.20792e-13
3 7.4607e-14
2108 3
1 -6.21725e-14
2 7.54952e-14
3 5.32907e-14
2110 3
1 -7.19425e-14
2 7.28306e-14
3 6.39488e-14
2112 3
1 -8.61533e-14
2 7.99361e-14
3 5.50671e-14
2114 3
1 -7.01661e-14
2 6.4837e-14
3 4.61853e-14
2116 3
1 -8.52651e-14
2 7.63833e-14
3 4.79616e-14
2118 3
1 -5.41789e-14
2 5.50671e-14
3 5.15143e-14
2120 3
1 -7.10543e-14
2 7.72715e-14
3 6.21725e-14
2122 3
1 -8.70415e-14
2 6.39488e-14
3 4.26326e-14
2124 3
1 -8.12683e-14
2 6.12843e-14
3 4.9738e-14
2126 3
1 -7.01661e-14
2 6.30607e-14
3 5.68434e-14
2128 3
1 -8.43769e-14
2 6.92779e-14
3 5.32907e-14
2130 3
1 -6.70575e-14
2 9.76996e-14
3 3.55271e-14
2132 3
1 -6.9722e-14
2 5.24025e-14
3 4.9738e-14
2134 3
1 -8.12683e-14
2 7.81597e-14
3 6.75016e-14
2136 3
1 -4.26326e-14
2 8.79297e-14
3 7.10543e-14
2138 3
1 -7.41629e-14
2 6.83897e-14
3 5.32907e-14
2140 3
1 -6.12843e-14
2 7.19425e-14
3 3.19744e-14
2142 3
1 -5.77316e-14
2 9.14824e-14
3 6.21725e-14
2144 3
1 -7.28306e-14
2 6.75016e-14
3 4.08562e-14
2146 3
1 -8.08242e-14
2 4.9738e-14
3 7.28306e-14
2148 3
1 -5.06262e-14
2 7.4607e-14
3 6.03961e-14
2150 3
1 -5.81757e-14
2 5.9508e-14
3 4.61853e-14
2152 3
1 -7.41629e-14
2 6.75016e-14
3 1.95399e-14
2154 3
1 -4.52971e-14
2 5.9508e-14
3 5.68434e-14
2156 3
1 -7.28306e-14
2 6.39488e-14
3 7.81597e-14
2158 3
1 -6.26166e-14
2 5.9508e-14
3 8.52651e-14
2160 3
1 -7.50511e-14
2 8.70415e-14
3 6.75016e-14
2162 3
1 -4.70735e-14
2 8.9706e-14
3 4.9738e-14
2164 3
1 -4.84057e-14
2 7.28306e-14
3 9.59233e-14
2166 3
1 -4.9738e-14
2 9.32587e-14
3 6.57252e-14
2168 3
1 -7.28306e-14
2 7.81597e-14
3 6.75016e-14
2170 3
1 -6.30607e-14
2 8.70415e-14
3 7.81597e-14
2172 3
1 -6.43929e-14
2 6.75016e-14
3 8.88178e-14
2174 3
1 -6.92779e-14
2 4.17444e-14
3 7.81597e-14
2176 3
1 -5.59552e-14
2 8.26006e-14
3 7.99361e-14
2178 3
1 -5.81757e-14
2 5.77316e-14
3 6.75016e-14
2180 3
1 -8.43769e-14
2 1.13687e-13
3 9.76996e-14
2182 3
1 -7.50511e-14
2 6.21725e-14
3 4.9738e-14
2184 3
1 -6.4837e-14
2 7.99361e-14
3 8.70415e-14
2186 3
1 -6.17284e-14
2 8.61533e-14
3 7.4607e-14
2188 3
1 -5.41789e-14
2 1.10134e-13
3 6.92779e-14
2190 3
1 -3.9968e-14
2 7.4607e-14
3 6.39488e-14
2192 3
1 -6.70575e-14
2 6.12843e-14
3 6.75016e-14
2194 3
1 -8.9706e-14
2 8.34888e-14
3 3.55271e-14
2196 3
1 -6.75016e-14
2 9.68114e-14
3 7.63833e-14
2198 3
1 -7.14984e-14
2 8.9706e-14
3 4.44089e-14
2200 3
1 -9.10383e-14
2 6.21725e-14
3 6.39488e-14
2202 3
1 -6.66134e-14
2 7.19425e-14
3 4.61853e-14
2204 3
1 -7.81597e-14
2 9.32587e-14
3 4.26326e-14
2206 3
1 -8.61533e-14
2 9.23706e-14
3 5.32907e-14
2208 3
1 -7.01661e-14
2 9.85878e-14
3 6.39488e-14
2210 3
1 -8.88178e-14
2 6.12843e-14
3 5.50671e-14
2212 3
1 -4.57412e-14
2 7.28306e-14
3 7.81597e-14
2214 3
1 -7.28306e-14
2 4.52971e-14
3 7.81597e-14
2216 3
1 -7.90479e-14
2 6.66134e-14
3 1.06581e-13
2218 3
1 -5.28466e-14
2 5.68434e-14
3 6.57252e-14
2220 3
1 -9.41469e-14
2 5.50671e-14
3 6.03961e-14
2222 3
1 -7.90479e-14
2 8.26006e-14
3 8.17124e-14
2224 3
1 -8.26006e-14
2 4.44089e-14
3 4.79616e-14
2226 3
1 -6.79456e-14
2 5.68434e-14
3 7.99361e-14
2228 3
1 -5.68434e-14
2 3.9968e-14
3 5.50671e-14
2230 3
1 -5.81757e-14
2 8.34888e-14
3 6.92779e-14
2232 3
1 -6.75016e-14
2 7.4607e-14
3 4.9738e-14
2234 3
1 -7.10543e-14
2 4.9738e-14
3 6.57252e-14
2236 3
1 -6.92779e-14
2 7.10543e-14
3 5.50671e-14
2238 3
1 -4.66294e-14
2 4.9738e-14
3 5.86198e-14
2240 3
1 -2.62013e-14
2 5.32907e-14
3 3.73035e-14
2242 3
1 -5.72875e-14
2 5.06262e-14
3 6.75016e-14
2244 3
1 -7.63833e-14
2 6.57252e-14
3 5.32907e-14
2246 3
1 -7.28306e-14
2 5.24025e-14
3 5.32907e-14
2248 3
1 -5.72875e-14
2 6.39488e-14
3 7.4607e-14
2250 3
1 -7.4607e-14
2 6.21725e-14
3 6.92779e-14
2252 3
1 -6.75016e-14
2 4.35207e-14
3 5.15143e-14
2254 3
1 -8.39329e-14
2 6.12843e-14
3 3.55271e-14
2256 3
1 -6.17284e-14
2 7.10543e-14
3 5.32907e-14
2258 3
1 -5.01821e-14
2 6.39488e-14
3 5.68434e-14
2260 3
1 -8.43769e-14
2 6.4837e-14
3 5.68434e-14
2262 3
1 -6.57252e-14
2 7.63833e-14
3 3.55271e-14
2264 3
1 -5.32907e-14
2 6.57252e-14
3 2.66454e-14
2266 3
1 -3.90799e-14
2 7.72715e-14
3 6.03961e-14
2268 3
1 -4.04121e-14
2 6.4837e-14
3 2.13163e-14
2270 3
1 -7.01661e-14
2 3.90799e-14
3 3.01981e-14
2272 3
1 -6.12843e-14
2 4.61853e-14
3 2.13163e-14
2274 3
1 -7.23865e-14
2 8.70415e-14
3 3.01981e-14
2276 3
1 -3.4639e-14
2 9.14824e-14
3 3.55271e-14
2278 3
1 -4.4853e-14
2 6.92779e-14
3 5.50671e-14
2280 3
1 -7.77156e-14
2 8.61533e-14
3 4.08562e-14
2282 3
1 -7.19425e-14
2 6.66134e-14
3 4.26326e-14
2284 3
1 -3.90799e-14
2 6.92779e-14
3 4.26326e-14
2286 3
1 -3.59712e-14
2 5.41789e-14
3 4.9738e-14
2288 3
1 -4.88498e-14
2 5.86198e-14
3 4.9738e-14
2290 3
1 -2.75335e-14
2 1.02141e-13
3 4.61853e-14
2292 3
1 -7.32747e-14
2 6.39488e-14
3 2.30926e-14
2294 3
1 -6.57252e-14
2 7.28306e-14
3 6.57252e-14
2296 3
1 -6.21725e-14
2 6.66134e-14
3 3.01981e-14
2298 3
1 -7.77156e-14
2 6.39488e-14
3 4.9738e-14
2300 3
1 -6.39488e-14
2 7.99361e-14
3 -1.77636e-15
2302 3
1 -7.63833e-14
2 1.00364e-13
3 3.55271e-14
2304 3
1 -5.9508e-14
2 3.55271e-14
3 5.32907e-14
2306 3
1 -4.08562e-14
2 6.4837e-14
3 3.90799e-14
2308 3
1 -5.50671e-14
2 4.70735e-14
3 5.86198e-14
2310 3
1 -6.77236e-14
2 5.9508e-14
3 4.9738e-14
2312 3
1 -5.88418e-14
2 9.14824e-14
3 4.44089e-14
2314 3
1 -6.77236e-14
2 8.26006e-14
3 3.55271e-14
2316 3
1 -5.52891e-14
2 8.61533e-14
3 3.01981e-14
2318 3
1 -8.4821e-14
2 8.61533e-14
3 3.01981e-14
2320 3
1 -6.57252e-14
2 7.72715e-14
3 3.19744e-14
2322 3
1 -4.06342e-14
2 6.92779e-14
3 4.08562e-14
2324 3
1 -4.92939e-14
2 7.10543e-14
3 1.42109e-14
2326 3
1 -3.08642e-14
2 5.15143e-14
3 6.39488e-14
2328 3
1 -6.23945e-14
2 6.75016e-14
3 1.59872e-14
2330 3
1 -3.70814e-14
2 7.99361e-14
3 4.26326e-14
2332 3
1 -4.32987e-14
2 6.57252e-14
3 2.30926e-14
2334 3
1 -4.75175e-14
2 6.75016e-14
3 2.84217e-14
2336 3
1 -3.37508e-14
2 5.68434e-14
3 4.44089e-14
2338 3
1 -5.75096e-14
2 1.09246e-13
3 4.26326e-14
2340 3
1 -4.17444e-14
2 8.52651e-14
3 1.77636e-14
2342 3
1 -5.86198e-14
2 8.34888e-14
3 2.84217e-14
2344 3
1 -4.04121e-14
2 9.41469e-14
3 4.44089e-14
2346 3
1 -4.88498e-14
2 6.21725e-14
3 1.24345e-14
2348 3
1 -3.9968e-14
2 6.30607e-14
3 3.90799e-14
2350 3
1 -5.06262e-14
2 7.37188e-14
3 3.55271e-14
2352 3
1 -2.88658e-14
2 9.05942e-14
3 4.44089e-14
2354 3
1 -5.81757e-14
2 8.88178e-14
3 6.03961e-14
2356 3
1 -2.84217e-14
2 1.1724e-13
3 -5.32907e-15
2358 3
1 -5.19584e-14
2 9.41469e-14
3 2.30926e-14
2360 3
1 -3.73035e-14
2 1.14575e-13
3 7.10543e-14
2362 3
1 -4.79616e-14
2 1.11022e-13
3 4.08562e-14
2364 3
1 -5.81757e-14
2 1.26121e-13
3 2.13163e-14
2366 3
1 -4.08562e-14
2 8.17124e-14
3 5.32907e-14
2368 3
1 -3.19744e-14
2 8.43769e-14
3 4.61853e-14
2370 3
1 -3.86358e-14
2 7.99361e-14
3 1.24345e-14
2372 3
1 -4.26326e-14
2 9.68114e-14
3 6.03961e-14
2374 3
1 -6.83897e-14
2 8.08242e-14
3 6.39488e-14
2376 3
1 -4.17444e-14
2 9.76996e-14
3 6.57252e-14
2378 3
1 -2.9754e-14
2 9.50351e-14
3 3.90799e-14
2380 3
1 -4.44089e-14
2 9.9476e-14
3 5.50671e-14
2382 3
1 -2.53131e-14
2 8.88178e-14
3 5.86198e-14
2384 3
1 -1.33227e-14
2 1.03029e-13
3 3.37508e-14
2386 3
1 -5.15143e-14
2 1.03029e-13
3 6.57252e-14
2388 3
1 -4.17444e-14
2 8.79297e-14
3 5.68434e-14
2390 3
1 -4.04121e-14
2 1.04805e-13
3 6.03961e-14
2392 3
1 -3.86358e-14
2 1.01252e-13
3 4.08562e-14
2394 3
1 -5.4623e-14
2 9.68114e-14
3 4.08562e-14
2396 3
1 -3.24185e-14
2 1.19904e-13
3 4.79616e-14
2398 3
1 -4.52971e-14
2 8.43769e-14
3 4.08562e-14
2400 3
1 -4.61853e-14
2 7.4607e-14
3 5.32907e-14
2402 3
1 -3.10862e-14
2 9.9476e-14
3 6.21725e-14
2404 3
1 -5.81757e-14
2 8.52651e-14
3 5.68434e-14
2406 3
1 -4.35207e-14
2 8.79297e-14
3 4.26326e-14
2408 3
1 -6.03961e-14
2 9.50351e-14
3 4.08562e-14
2410 3
1 -3.81917e-14
2 9.32587e-14
3 5.50671e-14
2412 3
1 -5.59552e-14
2 8.70415e-14
3 3.73035e-14
2414 3
1 -3.55271e-14
2 7.54952e-14
3 4.44089e-14
2416 3
1 -4.21885e-14
2 7.54952e-14
3 4.9738e-14
2418 3
1 -5.68434e-14
2 8.43769e-14
3 1.59872e-14
2420 3
1 -4.9738e-14
2 8.79297e-14
3 3.90799e-14
2422 3
1 -3.64153e-14
2 9.05942e-14
3 4.08562e-14
2424 3
1 -5.15143e-14
2 9.05942e-14
3 1.59872e-14
2426 3
1 -5.59552e-14
2 8.70415e-14
3 4.61853e-14
2428 3
1 -3.64153e-14
2 8.08242e-14
3 1.77636e-14
2430 3
1 -5.06262e-14
2 6.83897e-14
3 3.01981e-14
2432 3
1 -6.30607e-14
2 8.61533e-14
3 2.84217e-14
2434 3
1 -4.88498e-14
2 7.63833e-14
3 2.13163e-14
2436 3
1 -4.61853e-14
2 1.16351e-13
3 1.77636e-14
2438 3
1 -3.9968e-14
2 7.90479e-14
3 5.15143e-14
2440 3
1 -4.30767e-14
2 1.00364e-13
3 1.06581e-14
2442 3
1 -4.66294e-14
2 1.03029e-13
3 2.84217e-14
2444 3
1 -3.33067e-14
2 7.63833e-14
3 5.15143e-14
2446 3
1 -2.79776e-14
2 7.99361e-14
3 5.68434e-14
2448 3
1 -3.06422e-14
2 1.03917e-13
3 2.4869e-14
2450 3
1 -4.17444e-14
2 8.61533e-14
3 3.55271e-14
2452 3
1 -5.24025e-14
2 8.9706e-14
3 5.15143e-14
2454 3
1 -3.10862e-14
2 6.88338e-14
3 2.4869e-14
2456 3
1 -3.5083e-14
2 7.14984e-14
3 5.15143e-14
2458 3
1 -6.75016e-14
2 8.26006e-14
3 4.08562e-14
2460 3
1 -3.90799e-14
2 1.03473e-13
3 6.39488e-14
2462 3
1 -1.77636e-14
2 8.65974e-14
3 3.55271e-14
2464 3
1 -4.57412e-14
2 9.76996e-14
3 6.03961e-14
2466 3
1 -2.17604e-14
2 8.9706e-14
3 4.9738e-14
2468 3
1 -4.4853e-14
2 9.41469e-14
3 3.73035e-14
2470 3
1 -2.79776e-14
2 1.20792e-13
3 5.32907e-14
2472 3
1 -2.22045e-14
2 1.0969e-13
3 4.26326e-14
2474 3
1 -2.66454e-14
2 1.00808e-13
3 4.44089e-14
2476 3
1 -1.33227e-14
2 9.59233e-14
3 8.52651e-14
2478 3
1 -4.84057e-14
2 9.54792e-14
3 3.55271e-14
2480 3
1 -3.81917e-14
2 8.61533e-14
3 6.39488e-14
2482 3
1 -3.19744e-14
2 9.28146e-14
3 6.92779e-14
2484 3
1 -2.84217e-14
2 9.81437e-14
3 6.92779e-14
2486 3
1 -5.15143e-14
2 8.83738e-14
3 6.92779e-14
2488 3
1 -3.4639e-14
2 7.99361e-14
3 5.68434e-14
2490 3
1 -3.19744e-14
2 7.72715e-14
3 6.39488e-14
2492 3
1 -2.93099e-14
2 1.06581e-13
3 7.63833e-14
2494 3
1 -3.24185e-14
2 1.00364e-13
3 5.32907e-14
2496 3
1 -3.10862e-14
2 7.72715e-14
3 7.10543e-14
2498 3
1 -4.44089e-14
2 8.08242e-14
3 6.92779e-14
2500 3
1 -3.33067e-14
2 7.77156e-14
3 7.28306e-14
2502 3
1 -1.9984e-14
2 9.76996e-14
3 8.34888e-14
2504 3
1 -5.28466e-14
2 9.37028e-14
3 4.79616e-14
2506 3
1 -2.35367e-14
2 7.4607e-14
3 6.21725e-14
2508 3
1 -9.76996e-15
2 6.52811e-14
3 8.17124e-14
2510 3
1 -4.44089e-14
2 4.21885e-14
3 7.28306e-14
2512 3
1 -5.39568e-14
2 5.50671e-14
3 6.92779e-14
2514 3
1 -5.10703e-14
2 8.88178e-14
3 8.88178e-14
2516 3
1 -3.86358e-14
2 7.86038e-14
3 6.57252e-14
2518 3
1 -6.23945e-14
2 9.19265e-14
3 6.57252e-14
2520 3
1 -3.17524e-14
2 7.10543e-14
3 4.61853e-14
2522 3
1 -3.39728e-14
2 8.12683e-14
3 5.86198e-14
2524 3
1 -6.66134e-16
2 6.66134e-14
3 4.61853e-14
2526 3
1 -2.90878e-14
2 6.92779e-14
3 6.75016e-14
2528 3
1 -2.24265e-14
2 4.79616e-14
3 5.50671e-14
2530 3
1 -7.54952e-15
2 3.19744e-14
3 7.10543e-14
2532 3
1 -3.86358e-14
2 8.17124e-14
3 6.30607e-14
2534 3
1 -5.24025e-14
2 5.41789e-14
3 1.06581e-13
2536 3
1 -1.68754e-14
2 6.21725e-14
3 6.39488e-14
2538 3
1 -4.57412e-14
2 7.28306e-14
3 7.37188e-14
2540 3
1 -2.13163e-14
2 6.52811e-14
3 5.68434e-14
2542 3
1 -4.44089e-14
2 2.84217e-14
3 5.41789e-14
2544 3
1 -5.01821e-14
2 6.66134e-14
3 1.00364e-13
2546 3
1 -2.08722e-14
2 6.88338e-14
3 7.99361e-14
2548 3
1 -3.24185e-14
2 5.81757e-14
3 7.19425e-14
2550 3
1 -2.75335e-14
2 6.75016e-14
3 3.19744e-14
2552 3
1 -2.30926e-14
2 5.72875e-14
3 4.79616e-14
2554 3
1 -4.26326e-14
2 7.28306e-14
3 7.99361e-14
2556 3
1 -5.9952e-14
2 6.21725e-14
3 4.79616e-14
2558 3
1 -3.64153e-14
2 1.9984e-14
3 8.52651e-14
2560 3
1 -5.37348e-14
2 5.81757e-14
3 5.86198e-14
2562 3
1 -4.79616e-14
2 6.57252e-14
3 7.28306e-14
2564 3
1 -2.9754e-14
2 4.21885e-14
3 5.32907e-14
2566 3
1 -4.4853e-14
2 4.52971e-14
3 6.03961e-14
2568 3
1 -3.24185e-14
2 5.68434e-14
3 5.15143e-14
2570 3
1 -1.33227e-14
2 4.57412e-14
3 8.61533e-14
2572 3
1 -3.77476e-14
2 6.88338e-14
3 6.75016e-14
2574 3
1 -1.9984e-14
2 5.15143e-14
3 5.32907e-14
2576 3
1 -3.24185e-14
2 4.92939e-14
3 6.57252e-14
2578 3
1 -2.35367e-14
2 8.52651e-14
3 3.37508e-14
2580 3
1 -4.35207e-14
2 3.68594e-14
3 6.57252e-14
2582 3
1 -4.13003e-14
2 7.19425e-14
3 7.63833e-14
2584 3
1 -4.92939e-14
2 5.06262e-14
3 7.72715e-14
2586 3
1 -4.35207e-14
2 6.30607e-14
3 6.30607e-14
2588 3
1 5.77316e-15
2 5.37348e-14
3 4.61853e-14
2590 3
1 -2.08722e-14
2 3.55271e-14
3 3.73035e-14
2592 3
1 4.44089e-15
2 5.59552e-14
3 7.63833e-14
2594 3
1 -3.90799e-14
2 5.06262e-14
3 4.9738e-14
2596 3
1 -1.95399e-14
2 6.66134e-14
3 8.70415e-14
2598 3
1 -2.66454e-15
2 5.50671e-14
3 8.43769e-14
2600 3
1 -2.57572e-14
2 5.59552e-14
3 5.41789e-14
2602 3
1 -1.86517e-14
2 5.10703e-14
3 6.12843e-14
2604 3
1 -2.62013e-14
2 6.57252e-14
3 8.34888e-14
2606 3
1 -1.77636e-14
2 8.4821e-14
3 5.50671e-14
2608 3
1 -2.79776e-14
2 5.86198e-14
3 7.54952e-14
2610 3
1 -2.9754e-14
2 5.24025e-14
3 8.88178e-14
2612 3
1 -3.81917e-14
2 5.68434e-14
3 1.08358e-13
2614 3
1 -7.54952e-15
2 5.06262e-14
3 9.05942e-14
2616 3
1 -4.17444e-14
2 4.52971e-14
3 7.81597e-14
2618 3
1 -4.26326e-14
2 4.08562e-14
3 7.81597e-14
2620 3
1 -3.15303e-14
2 5.90639e-14
3 7.37188e-14
2622 3
1 -1.77636e-14
2 6.26166e-14
3 7.28306e-14
2624 3
1 1.15463e-14
2 3.86358e-14
3 7.99361e-14
2626 3
1 -4.52971e-14
2 4.26326e-14
3 7.63833e-14
2628 3
1 -1.37668e-14
2 4.9738e-14
3 7.99361e-14
2630 3
1 -4.61853e-14
2 5.32907e-14
3 9.9476e-14
2632 3
1 -1.28786e-14
2 9.37028e-14
3 6.57252e-14
2634 3
1 -1.82077e-14
2 5.50671e-14
3 9.59233e-14
2636 3
1 -4.4853e-14
2 7.63833e-14
3 9.23706e-14
2638 3
1 -2.26485e-14
2 9.23706e-14
3 7.99361e-14
2640 3
1 -3.55271e-14
2 7.06102e-14
3 7.37188e-14
2642 3
1 -4.52971e-14
2 6.57252e-14
3 1.03029e-13
2644 3
1 -3.55271e-15
2 1.03029e-13
3 1.22569e-13
2646 3
1 -9.76996e-15
2 7.63833e-14
3 1.1724e-13
2648 3
1 -2.79776e-14
2 9.19265e-14
3 1.15463e-13
2650 3
1 -5.32907e-14
2 7.81597e-14
3 8.70415e-14
2652 3
1 -3.59712e-14
2 5.77316e-14
3 7.4607e-14
2654 3
1 -4.30767e-14
2 6.75016e-14
3 1.09246e-13
2656 3
1 -4.84057e-14
2 8.12683e-14
3 1.03029e-13
2658 3
1 -5.4623e-14
2 8.43769e-14
3 1.26121e-13
2660 3
1 -2.79776e-14
2 1.08802e-13
3 9.85878e-14
2662 3
1 -5.50671e-14
2 8.61533e-14
3 8.34888e-14
2664 3
1 -4.17444e-14
2 9.32587e-14
3 1.11022e-13
2666 3
1 -3.28626e-14
2 8.52651e-14
3 1.01252e-13
2668 3
1 6.21725e-15
2 8.92619e-14
3 9.76996e-14
2670 3
1 -4.52971e-14
2 8.34888e-14
3 8.43769e-14
2672 3
1 -2.26485e-14
2 9.23706e-14
3 9.23706e-14
2674 3
1 -2.22045e-14
2 7.68274e-14
3 7.90479e-14
2676 3
1 -4.04121e-14
2 6.9722e-14
3 8.52651e-14
2678 3
1 -3.73035e-14
2 8.43769e-14
3 9.9476e-14
2680 3
1 -3.41949e-14
2 8.21565e-14
3 1.0747e-13
2682 3
1 -1.46549e-14
2 1.00364e-13
3 1.05693e-13
2684 3
1 -1.11022e-14
2 9.41469e-14
3 8.52651e-14
2686 3
1 -1.95399e-14
2 1.14575e-13
3 8.34888e-14
2688 3
1 -2.22045e-14
2 9.19265e-14
3 8.88178e-14
2690 3
1 -8.43769e-15
2 5.28466e-14
3 6.83897e-14
2692 3
1 -2.17604e-14
2 1.00808e-13
3 1.04805e-13
2694 3
1 -3.81917e-14
2 1.1724e-13
3 8.34888e-14
2696 3
1 -2.22045e-15
2 1.16351e-13
3 7.63833e-14
2698 3
1 -3.37508e-14
2 8.4821e-14
3 9.41469e-14
2700 3
1 -1.15463e-14
2 9.32587e-14
3 8.88178e-14
2702 3
1 -3.10862e-14
2 7.01661e-14
3 8.9706e-14
2704 3
1 -3.01981e-14
2 1.06581e-13
3 9.59233e-14
2706 3
1 -2.35367e-14
2 1.01252e-13
3 9.41469e-14
2708 3
1 -2.53131e-14
2 7.90479e-14
3 8.88178e-14
2710 3
1 -6.35048e-14
2 1.11022e-13
3 9.9476e-14
2712 3
1 -2.9754e-14
2 9.19265e-14
3 1.23457e-13
2714 3
1 -2.22045e-14
2 9.85878e-14
3 9.23706e-14
2716 3
1 -2.4869e-14
2 8.03801e-14
3 1.04805e-13
2718 3
1 -2.79776e-14
2 8.79297e-14
3 1.04805e-13
2720 3
1 0
2 8.4821e-14
3 1.2168e-13
2722 3
1 -1.37668e-14
2 7.90479e-14
3 7.99361e-14
2724 3
1 -2.26485e-14
2 1.03917e-13
3 8.26006e-14
2726 3
1 -3.41949e-14
2 9.72555e-14
3 1.03029e-13
2728 3
1 -2.4869e-14
2 8.39329e-14
3 8.79297e-14
2730 3
1 -4.04121e-14
2 7.37188e-14
3 1.19016e-13
2732 3
1 -3.55271e-14
2 9.50351e-14
3 1.40332e-13
2734 3
1 -4.4853e-14
2 7.99361e-14
3 1.11022e-13
2736 3
1 -6.52811e-14
2 7.86038e-14
3 1.06581e-13
2738 3
1 -5.19584e-14
2 6.88338e-14
3 1.13687e-13
2740 3
1 -3.28626e-14
2 8.9706e-14
3 1.19016e-13
2742 3
1 -5.10703e-14
2 9.32587e-14
3 1.02141e-13
2744 3
1 -2.4869e-14
2 5.81757e-14
3 1.06581e-13
2746 3
1 -1.33227e-14
2 8.34888e-14
3 8.70415e-14
2748 3
1 -5.32907e-15
2 7.86038e-14
3 8.79297e-14
2750 3
1 -3.68594e-14
2 6.52811e-14
3 9.23706e-14
2752 3
1 -2.66454e-14
2 6.88338e-14
3 8.52651e-14
2754 3
1 -6.17284e-14
2 8.12683e-14
3 1.1191e-13
2756 3
1 -2.84217e-14
2 9.76996e-14
3 1.06581e-13
2758 3
1 -6.26166e-14
2 9.19265e-14
3 9.68114e-14
2760 3
1 -4.66294e-14
2 6.35048e-14
3 1.32339e-13
2762 3
1 -3.28626e-14
2 7.99361e-14
3 1.24345e-13
2764 3
1 -1.73195e-14
2 9.14824e-14
3 1.1724e-13
2766 3
1 -4.57412e-14
2 1.02141e-13
3 1.22569e-13
2768 3
1 -5.10703e-14
2 8.88178e-14
3 1.29674e-13
2770 3
1 -2.9754e-14
2 9.85878e-14
3 1.5099e-13
2772 3
1 -2.70894e-14
2 9.76996e-14
3 1.29674e-13
2774 3
1 -4.17444e-14
2 4.79616e-14
3 1.05693e-13
2776 3
1 -3.73035e-14
2 7.63833e-14
3 1.38556e-13
2778 3
1 -5.55112e-14
2 9.23706e-14
3 1.22569e-13
2780 3
1 -1.55431e-14
2 6.79456e-14
3 1.29674e-13
2782 3
1 -2.17604e-14
2 1.19016e-13
3 1.16351e-13
2784 3
1 -2.30926e-14
2 7.90479e-14
3 1.04805e-13
2786 3
1 -4.08562e-14
2 6.03961e-14
3 9.32587e-14
2788 3
1 -3.41949e-14
2 8.21565e-14
3 1.24345e-13
2790 3
1 -2.22045e-14
2 9.14824e-14
3 1.33227e-13
2792 3
1 -1.24345e-14
2 1.01252e-13
3 1.03029e-13
2794 3
1 -2.62013e-14
2 1.02141e-13
3 1.36779e-13
2796 3
1 -2.22045e-14
2 9.41469e-14
3 1.1724e-13
2798 3
1 -4.4853e-14
2 9.28146e-14
3 1.24345e-13
2800 3
1 -1.77636e-14
2 1.18128e-13
3 9.68114e-14
2802 3
1 -4.70735e-14
2 1.01252e-13
3 1.33227e-13
2804 3
1 -1.64313e-14
2 9.59233e-14
3 1.19016e-13
2806 3
1 -2.39808e-14
2 9.19265e-14
3 1.00364e-13
2808 3
1 -2.75335e-14
2 9.50351e-14
3 1.15463e-13
2810 3
1 -2.75335e-14
2 8.26006e-14
3 1.42997e-13
2812 3
1 -4.4853e-14
2 7.50511e-14
3 1.36779e-13
2814 3
1 -6.03961e-14
2 6.92779e-14
3 1.27898e-13
2816 3
1 -3.10862e-14
2 9.37028e-14
3 1.47438e-13
2818 3
1 -3.33067e-14
2 9.76996e-14
3 1.36779e-13
2820 3
1 -2.70894e-14
2 8.83738e-14
3 1.33227e-13
2822 3
1 -3.73035e-14
2 9.4591e-14
3 1.35003e-13
2824 3
1 -2.08722e-14
2 6.17284e-14
3 1.3145e-13
2826 3
1 -3.41949e-14
2 8.83738e-14
3 1.38556e-13
2828 3
1 -3.59712e-14
2 7.63833e-14
3 9.76996e-14
2830 3
1 -2.84217e-14
2 6.75016e-14
3 1.29674e-13
2832 3
1 -4.13003e-14
2 4.88498e-14
3 1.24345e-13
2834 3
1 -4.17444e-14
2 8.57092e-14
3 1.19016e-13
2836 3
1 -2.79776e-14
2 7.32747e-14
3 1.26121e-13
2838 3
1 -2.17604e-14
2 5.90639e-14
3 1.35003e-13
2840 3
1 -2.02061e-14
2 6.79456e-14
3 1.20792e-13
2842 3
1 -3.41949e-14
2 7.72715e-14
3 1.08358e-13
2844 3
1 -2.77556e-14
2 7.99361e-14
3 9.76996e-14
2846 3
1 -1.5099e-14
2 5.24025e-14
3 1.20792e-13
2848 3
1 -3.5083e-14
2 9.19265e-14
3 9.41469e-14
2850 3
1 -1.26565e-14
2 3.9968e-14
3 9.14824e-14
2852 3
1 -2.33147e-14
2 6.75016e-14
3 1.23457e-13
2854 3
1 -9.76996e-15
2 6.66134e-14
3 8.34888e-14
2856 3
1 -3.01981e-14
2 6.39488e-14
3 1.2168e-13
2858 3
1 -3.01981e-14
2 6.43929e-14
3 1.1191e-13
2860 3
1 -1.19904e-14
2 4.9738e-14
3 1.03917e-13
2862 3
1 1.77636e-15
2 4.26326e-14
3 9.68114e-14
2864 3
1 -2.17604e-14
2 5.9508e-14
3 1.24345e-13
2866 3
1 -2.88658e-14
2 5.77316e-14
3 1.33227e-13
2868 3
1 -1.68754e-14
2 5.86198e-14
3 1.13687e-13
2870 3
1 -9.76996e-15
2 4.08562e-14
3 1.04805e-13
2872 3
1 -1.9984e-14
2 7.4607e-14
3 7.81597e-14
2874 3
1 -1.77636e-14
2 4.61853e-14
3 1.09246e-13
2876 3
1 -1.95399e-14
2 4.61853e-14
3 1.06581e-13
2878 3
1 -2.13163e-14
2 6.83897e-14
3 8.34888e-14
2880 3
1 -2.90878e-14
2 6.30607e-14
3 9.23706e-14
2882 3
1 -3.79696e-14
2 5.37348e-14
3 1.06581e-13
2884 3
1 -2.9754e-14
2 7.68274e-14
3 1.03029e-13
2886 3
1 -3.33067e-14
2 6.88338e-14
3 9.76996e-14
2888 3
1 1.9984e-15
2 6.4837e-14
3 1.03029e-13
2890 3
1 -1.64313e-14
2 4.84057e-14
3 1.15463e-13
2892 3
1 1.9984e-15
2 7.54952e-14
3 1.1191e-13
2894 3
1 -2.55351e-14
2 6.26166e-14
3 1.28786e-13
2896 3
1 -9.76996e-15
2 6.61693e-14
3 1.26121e-13
2898 3
1 2.22045e-15
2 8.39329e-14
3 1.48326e-13
2900 3
1 -2.26485e-14
2 8.30447e-14
3 1.27898e-13
2902 3
1 -2.70894e-14
2 6.83897e-14
3 8.34888e-14
2904 3
1 -1.64313e-14
2 5.9952e-14
3 1.22569e-13
2906 3
1 -2.4869e-14
2 8.26006e-14
3 9.05942e-14
2908 3
1 -1.75415e-14
2 7.59393e-14
3 9.59233e-14
2910 3
1 -1.9984e-14
2 7.50511e-14
3 1.14575e-13
2912 3
1 -1.11022e-14
2 6.66134e-14
3 9.59233e-14
2914 3
1 -2.19824e-14
2 7.37188e-14
3 9.68114e-14
2916 3
1 -2.33147e-14
2 7.68274e-14
3 1.13687e-13
2918 3
1 -1.24345e-14
2 6.75016e-14
3 1.30562e-13
2920 3
1 -2.22045e-14
2 8.57092e-14
3 1.26121e-13
2922 3
1 -3.95239e-14
2 7.86038e-14
3 1.1724e-13
2924 3
1 -1.57652e-14
2 8.61533e-14
3 1.06581e-13
2926 3
1 -3.77476e-15
2 7.99361e-14
3 1.0747e-13
2928 3
1 -5.77316e-15
2 9.19265e-14
3 1.47438e-13
2930 3
1 -7.10543e-15
2 1.02141e-13
3 1.19016e-13
2932 3
1 -1.11022e-14
2 5.9508e-14
3 1.26121e-13
2934 3
1 -2.08722e-14
2 6.12843e-14
3 1.15463e-13
2936 3
1 -2.15383e-14
2 8.43769e-14
3 1.14575e-13
2938 3
1 -3.19744e-14
2 7.99361e-14
3 1.22569e-13
2940 3
1 -2.66454e-14
2 1.05693e-13
3 1.2701e-13
2942 3
1 -4.9738e-14
2 8.34888e-14
3 9.59233e-14
2944 3
1 9.32587e-15
2 8.9706e-14
3 1.30562e-13
2946 3
1 -3.33067e-14
2 8.9706e-14
3 1.1191e-13
2948 3
1 -3.61933e-14
2 8.08242e-14
3 1.1191e-13
2950 3
1 -7.10543e-15
2 9.32587e-14
3 9.68114e-14
2952 3
1 -1.79856e-14
2 8.30447e-14
3 1.13687e-13
2954 3
1 -1.02141e-14
2 6.92779e-14
3 9.9476e-14
2956 3
1 -1.95399e-14
2 7.4607e-14
3 9.59233e-14
2958 3
1 -2.24265e-14
2 8.57092e-14
3 1.06581e-13
2960 3
1 -2.42029e-14
2 7.14984e-14
3 1.14575e-13
2962 3
1 -3.41949e-14
2 7.41629e-14
3 8.79297e-14
2964 3
1 -3.21965e-14
2 5.63993e-14
3 8.26006e-14
2966 3
1 -2.57572e-14
2 6.92779e-14
3 1.01252e-13
2968 3
1 -1.46549e-14
2 9.28146e-14
3 9.23706e-14
2970 3
1 -3.10862e-15
2 8.08242e-14
3 8.9706e-14
2972 3
1 -2.04281e-14
2 6.35048e-14
3 8.34888e-14
2974 3
1 -2.30926e-14
2 7.10543e-14
3 1.04805e-13
2976 3
1 -4.35207e-14
2 8.70415e-14
3 8.17124e-14
2978 3
1 -1.77636e-14
2 9.23706e-14
3 9.23706e-14
2980 3
1 -3.61933e-14
2 7.19425e-14
3 1.11022e-13
2982 3
1 -3.39728e-14
2 6.70575e-14
3 1.15463e-13
2984 3
1 -2.35367e-14
2 9.59233e-14
3 9.41469e-14
2986 3
1 -2.30926e-14
2 6.66134e-14
3 8.34888e-14
2988 3
1 -2.06501e-14
2 8.9706e-14
3 9.23706e-14
2990 3
1 8.88178e-16
2 1.01252e-13
3 8.52651e-14
2992 3
1 -1.46549e-14
2 7.06102e-14
3 1.03029e-13
2994 3
1 -2.39808e-14
2 9.28146e-14
3 8.34888e-14
2996 3
1 -2.26485e-14
2 7.63833e-14
3 1.13687e-13
2998 3
1 9.32587e-15
2 1.05693e-13
3 8.61533e-14
3000 3
1 -1.22125e-14
2 8.26006e-14
3 8.52651e-14
3002 3
1 -3.59712e-14
2 8.70415e-14
3 8.70415e-14
3004 3
1 -1.24345e-14
2 7.81597e-14
3 7.37188e-14
3006 3
1 -6.66134e-15
2 7.86038e-14
3 6.57252e-14
3008 3
1 -5.77316e-15
2 1.3145e-13
3 6.4837e-14
3010 3
1 -1.19904e-14
2 6.88338e-14
3 6.03961e-14
3012 3
1 -3.68594e-14
2 9.23706e-14
3 6.92779e-14
3014 3
1 -2.57572e-14
2 5.41789e-14
3 8.08242e-14
3016 3
1 -8.88178e-16
2 7.23865e-14
3 8.17124e-14
3018 3
1 -5.9952e-15
2 8.21565e-14
3 7.54952e-14
3020 3
1 -1.08802e-14
2 8.39329e-14
3 4.79616e-14
3022 3
1 -7.99361e-15
2 7.32747e-14
3 9.41469e-14
3024 3
1 -2.90878e-14
2 9.76996e-14
3 7.54952e-14
3026 3
1 -1.79856e-14
2 8.12683e-14
3 4.9738e-14
3028 3
1 -2.79776e-14
2 6.83897e-14
3 7.4607e-14
3030 3
1 -3.59712e-14
2 7.28306e-14
3 8.08242e-14
3032 3
1 -4.50751e-14
2 8.52651e-14
3 8.61533e-14
3034 3
1 -9.32587e-15
2 5.24025e-14
3 9.14824e-14
3036 3
1 -8.88178e-15
2 8.88178e-14
3 8.79297e-14
3038 3
1 -1.42109e-14
2 1.03029e-13
3 9.14824e-14
3040 3
1 -2.79776e-14
2 8.70415e-14
3 7.63833e-14
3042 3
1 -2.22045e-15
2 7.4607e-14
3 8.70415e-14
3044 3
1 -2.53131e-14
2 1.07914e-13
3 1.00364e-13
3046 3
1 -2.13163e-14
2 8.26006e-14
3 9.59233e-14
3048 3
1 -1.90958e-14
2 6.9722e-14
3 9.9476e-14
3050 3
1 -4.44089e-14
2 6.17284e-14
3 7.37188e-14
3052 3
1 -3.79696e-14
2 6.21725e-14
3 4.88498e-14
3054 3
1 -4.39648e-14
2 5.01821e-14
3 8.34888e-14
3056 3
1 -2.73115e-14
2 9.32587e-14
3 7.01661e-14
3058 3
1 -4.66294e-14
2 8.52651e-14
3 6.39488e-14
3060 3
1 -1.77636e-14
2 5.68434e-14
3 9.50351e-14
3062 3
1 -3.73035e-14
2 7.81597e-14
3 8.88178e-14
3064 3
1 -2.73115e-14
2 7.63833e-14
3 7.99361e-14
3066 3
1 -1.86517e-14
2 7.4607e-14
3 5.68434e-14
3068 3
1 -2.13163e-14
2 6.83897e-14
3 6.21725e-14
3070 3
1 -1.86517e-14
2 7.37188e-14
3 1.06581e-13
3072 3
1 -2.4869e-14
2 7.90479e-14
3 6.83897e-14
3074 3
1 -2.95319e-14
2 7.99361e-14
3 9.23706e-14
3076 3
1 -5.41789e-14
2 8.61533e-14
3 6.92779e-14
3078 3
1 -4.44089e-15
2 5.59552e-14
3 6.66134e-14
3080 3
1 -6.21725e-15
2 9.14824e-14
3 8.17124e-14
3082 3
1 -1.93179e-14
2 1.01252e-13
3 6.92779e-14
3084 3
1 1.15463e-14
2 7.81597e-14
3 9.76996e-14
3086 3
1 -1.64313e-14
2 6.66134e-14
3 5.41789e-14
3088 3
1 -5.32907e-15
2 8.03801e-14
3 4.9738e-14
3090 3
1 -2.70894e-14
2 1.08358e-13
3 5.9508e-14
3092 3
1 -2.04281e-14
2 7.19425e-14
3 5.9508e-14
3094 3
1 -2.55351e-14
2 7.14984e-14
3 6.92779e-14
3096 3
1 -2.75335e-14
2 6.12843e-14
3 6.57252e-14
3098 3
1 -1.64313e-14
2 8.21565e-14
3 4.35207e-14
3100 3
1 -3.55271e-14
2 6.61693e-14
3 7.81597e-14
3102 3
1 -4.32987e-14
2 5.24025e-14
3 8.70415e-14
3104 3
1 -3.28626e-14
2 8.9706e-14
3 5.9508e-14
3106 3
1 -3.13083e-14
2 8.21565e-14
3 7.4607e-14
3108 3
1 -3.55271e-14
2 7.90479e-14
3 6.21725e-14
3110 3
1 -4.57412e-14
2 4.88498e-14
3 6.83897e-14
3112 3
1 -1.62093e-14
2 4.17444e-14
3 8.61533e-14
3114 3
1 -3.17524e-14
2 5.06262e-14
3 9.59233e-14
3116 3
1 -1.66533e-14
2 8.08242e-14
3 7.37188e-14
3118 3
1 -2.84217e-14
2 8.17124e-14
3 8.52651e-14
3120 3
1 -4.26326e-14
2 6.26166e-14
3 6.39488e-14
3122 3
1 -2.9754e-14
2 5.55112e-14
3 6.4837e-14
3124 3
1 -9.76996e-15
2 2.22045e-14
3 1.01252e-13
3126 3
1 -3.73035e-14
2 3.64153e-14
3 4.26326e-14
3128 3
1 -5.50671e-14
2 4.26326e-14
3 7.90479e-14
3130 3
1 -4.35207e-14
2 6.61693e-14
3 7.37188e-14
3132 3
1 -3.95239e-14
2 5.59552e-14
3 7.10543e-14
3134 3
1 -2.13163e-14
2 8.79297e-14
3 5.32907e-14
3136 3
1 -4.13003e-14
2 6.57252e-14
3 6.39488e-14
3138 3
1 -3.4639e-14
2 3.4639e-14
3 7.72715e-14
3140 3
1 -5.06262e-14
2 7.81597e-14
3 7.10543e-14
3142 3
1 -4.79616e-14
2 7.19425e-14
3 5.86198e-14
3144 3
1 -2.30926e-14
2 7.01661e-14
3 5.77316e-14
3146 3
1 -3.15303e-14
2 5.28466e-14
3 5.86198e-14
3148 3
1 3.55271e-15
2 4.52971e-14
3 5.24025e-14
3150 3
1 -2.53131e-14
2 6.12843e-14
3 6.39488e-14
3152 3
1 -4.17444e-14
2 4.52971e-14
3 6.21725e-14
3154 3
1 -4.35207e-14
2 6.66134e-14
3 5.06262e-14
3156 3
1 -5.4623e-14
2 5.15143e-14
3 6.83897e-14
3158 3
1 -3.19744e-14
2 6.03961e-14
3 5.50671e-14
3160 3
1 -5.19584e-14
2 6.79456e-14
3 6.92779e-14
3162 3
1 -4.57412e-14
2 7.23865e-14
3 6.57252e-14
3164 3
1 -5.28466e-14
2 5.90639e-14
3 5.15143e-14
3166 3
1 -6.12843e-14
2 4.9738e-14
3 4.44089e-14
3168 3
1 -4.44089e-14
2 6.77236e-14
3 5.32907e-14
3170 3
1 -3.10862e-14
2 7.37188e-14
3 4.88498e-14
3172 3
1 -5.06262e-14
2 4.75175e-14
3 7.10543e-14
3174 3
1 -3.59712e-14
2 5.81757e-14
3 5.68434e-14
3176 3
1 -3.04201e-14
2 5.90639e-14
3 5.15143e-14
3178 3
1 -4.79616e-14
2 4.61853e-14
3 3.73035e-14
3180 3
1 -5.9508e-14
2 4.52971e-14
3 5.68434e-14
3182 3
1 -5.15143e-14
2 6.23945e-14
3 4.35207e-14
3184 3
1 -5.4623e-14
2 5.63993e-14
3 4.52971e-14
3186 3
1 -4.52971e-14
2 5.55112e-14
3 4.08562e-14
3188 3
1 -6.39488e-14
2 5.57332e-14
3 5.59552e-14
3190 3
1 -6.66134e-14
2 2.33147e-14
3 7.28306e-14
3192 3
1 -7.37188e-14
2 6.17284e-14
3 7.81597e-14
3194 3
1 -7.72715e-14
2 5.4623e-14
3 5.77316e-14
3196 3
1 -4.61853e-14
2 5.4623e-14
3 6.39488e-14
3198 3
1 -6.66134e-14
2 5.55112e-14
3 6.21725e-14
3200 3
1 -4.9738e-14
2 5.44009e-14
3 8.79297e-14
3202 3
1 -4.84057e-14
2 5.55112e-14
3 7.90479e-14
3204 3
1 -5.37348e-14
2 3.15303e-14
3 6.4837e-14
3206 3
1 -4.9738e-14
2 8.43769e-14
3 5.06262e-14
3208 3
1 -2.93099e-14
2 4.92939e-14
3 6.92779e-14
3210 3
1 -3.06422e-14
2 5.68434e-14
3 5.68434e-14
3212 3
1 -3.10862e-14
2 6.77236e-14
3 5.15143e-14
3214 3
1 -6.57252e-14
2 4.68514e-14
3 6.21725e-14
3216 3
1 -6.92779e-14
2 6.30607e-14
3 4.9738e-14
3218 3
1 -4.39648e-14
2 5.77316e-14
3 4.08562e-14
3220 3
1 -5.55112e-14
2 4.4853e-14
3 6.21725e-14
3222 3
1 -7.57172e-14
2 5.01821e-14
3 5.68434e-14
3224 3
1 -3.4639e-14
2 5.06262e-14
3 5.32907e-14
3226 3
1 -3.28626e-14
2 4.44089e-14
3 5.77316e-14
3228 3
1 -3.4861e-14
2 4.06342e-14
3 3.64153e-14
3230 3
1 -1.33227e-14
2 6.43929e-14
3 3.55271e-14
3232 3
1 -2.81997e-14
2 7.34968e-14
3 4.08562e-14
3234 3
1 -5.83977e-14
2 6.15064e-14
3 4.9738e-14
3236 3
1 -3.44169e-14
2 8.01581e-14
3 6.75016e-14
3238 3
1 -4.01901e-14
2 4.90719e-14
3 4.44089e-14
3240 3
1 -3.21965e-14
2 3.9968e-14
3 5.68434e-14
3242 3
1 -4.64073e-14
2 5.35127e-14
3 4.9738e-14
3244 3
1 -4.30767e-14
2 5.01821e-14
3 6.75016e-14
3246 3
1 -2.4869e-14
2 5.86198e-14
3 3.9968e-14
3248 3
1 -4.44089e-14
2 7.72715e-14
3 5.50671e-14
3250 3
1 -4.44089e-14
2 7.61613e-14
3 3.73035e-14
3252 3
1 -5.83977e-14
2 6.79456e-14
3 5.68434e-14
3254 3
1 -3.55271e-14
2 7.54952e-14
3 5.86198e-14
3256 3
1 -3.59712e-14
2 3.59712e-14
3 3.73035e-14
3258 3
1 -3.37508e-14
2 3.68594e-14
3 4.08562e-14
3260 3
1 -5.06262e-14
2 6.26166e-14
3 6.57252e-14
3262 3
1 -4.88498e-14
2 5.66214e-14
3 2.30926e-14
3264 3
1 -4.75175e-14
2 4.41869e-14
3 4.79616e-14
3266 3
1 -5.72875e-14
2 4.35207e-14
3 3.90799e-14
3268 3
1 -2.04281e-14
2 3.68594e-14
3 3.73035e-14
3270 3
1 -5.88418e-14
2 4.84057e-14
3 6.57252e-14
3272 3
1 -5.37348e-14
2 6.61693e-14
3 2.57572e-14
3274 3
1 -2.75335e-14
2 6.63913e-14
3 3.37508e-14
3276 3
1 -4.41869e-14
2 3.15303e-14
3 3.01981e-14
3278 3
1 -5.08482e-14
2 3.30846e-14
3 2.84217e-14
3280 3
1 -6.55032e-14
2 5.4623e-14
3 3.37508e-14
3282 3
1 -5.24025e-14
2 4.996e-14
3 3.64153e-14
3284 3
1 -3.01981e-14
2 4.92939e-14
3 5.15143e-14
3286 3
1 -6.41709e-14
2 4.39648e-14
3 4.26326e-14
3288 3
1 -5.35127e-14
2 5.75096e-14
3 2.22045e-14
3290 3
1 -3.28626e-14
2 2.84217e-14
3 4.9738e-14
3292 3
1 -6.12843e-14
2 4.24105e-14
3 2.30926e-14
3294 3
1 -3.06422e-14
2 6.28386e-14
3 3.10862e-14
3296 3
1 -6.01741e-14
2 2.4647e-14
3 3.37508e-14
3298 3
1 -3.4639e-14
2 5.37348e-14
3 5.32907e-14
3300 3
1 -4.30767e-14
2 5.30687e-14
3 4.79616e-14
3302 3
1 -4.26326e-14
2 3.15303e-14
3 3.19744e-14
3304 3
1 -3.84137e-14
2 2.30926e-14
3 5.50671e-14
3306 3
1 -4.21885e-14
2 2.86438e-14
3 2.4869e-14
3308 3
1 -5.50671e-14
2 5.68434e-14
3 1.59872e-14
3310 3
1 -6.88338e-14
2 3.28626e-14
3 2.57572e-14
3312 3
1 -3.73035e-14
2 5.44009e-14
3 3.73035e-14
3314 3
1 -5.70655e-14
2 4.59632e-14
3 3.01981e-14
3316 3
1 -5.01821e-14
2 6.28386e-14
3 3.19744e-14
3318 3
1 -4.66294e-14
2 5.72875e-14
3 1.06581e-14
3320 3
1 -5.24025e-14
2 5.50671e-14
3 2.39808e-14
3322 3
1 -6.52811e-14
2 6.08402e-14
3 4.61853e-14
3324 3
1 -7.10543e-14
2 4.61853e-14
3 2.04281e-14
3326 3
1 -5.15143e-14
2 2.95319e-14
3 1.86517e-14
3328 3
1 -4.66294e-14
2 4.44089e-14
3 3.10862e-14
3330 3
1 -5.37348e-14
2 3.15303e-14
3 2.93099e-14
3332 3
1 -4.61853e-14
2 5.4845e-14
3 3.64153e-14
3334 3
1 -4.08562e-14
2 4.95159e-14
3 2.30926e-14
3336 3
1 -5.06262e-14
2 3.55271e-14
3 5.32907e-15
3338 3
1 -7.59393e-14
2 1.70974e-14
3 7.10543e-15
3340 3
1 -5.90639e-14
2 4.08562e-14
3 4.44089e-14
3342 3
1 -5.41789e-14
2 4.77396e-14
3 3.55271e-15
3344 3
1 -3.90799e-14
2 6.70575e-14
3 -3.55271e-15
3346 3
1 -3.10862e-14
2 2.86438e-14
3 2.66454e-14
3348 3
1 -4.44089e-14
2 4.10783e-14
3 8.88178e-15
3350 3
1 -4.79616e-14
2 4.44089e-14
3 1.77636e-14
3352 3
1 -3.57492e-14
2 4.10783e-14
3 2.30926e-14
3354 3
1 -4.996e-14
2 7.90479e-14
3 1.42109e-14
3356 3
1 -5.37348e-14
2 5.04041e-14
3 3.37508e-14
3358 3
1 -1.5099e-14
2 4.9738e-14
3 4.9738e-14
3360 3
1 -2.79776e-14
2 4.21885e-14
3 4.9738e-14
3362 3
1 -3.15303e-14
2 7.66054e-14
3 5.77316e-14
3364 3
1 -2.35367e-14
2 5.35127e-14
3 3.01981e-14
3366 3
1 -1.46549e-14
2 4.86278e-14
3 5.59552e-14
3368 3
1 -2.88658e-14
2 5.32907e-14
3 3.28626e-14
3370 3
1 -3.4639e-14
2 4.35207e-14
3 2.84217e-14
3372 3
1 -3.73035e-14
2 8.68194e-14
3 3.19744e-14
3374 3
1 -2.22045e-15
2 8.41549e-14
3 5.50671e-14
3376 3
1 -2.13163e-14
2 7.81597e-14
3 3.19744e-14
3378 3
1 -2.39808e-14
2 8.34888e-14
3 1.95399e-14
3380 3
1 -5.10703e-14
2 7.4607e-14
3 5.50671e-14
3382 3
1 -2.57572e-14
2 8.10463e-14
3 2.84217e-14
3384 3
1 -9.76996e-15
2 6.9722e-14
3 3.10862e-14
3386 3
1 -1.73195e-14
2 8.9484e-14
3 3.37508e-14
3388 3
1 -2.39808e-14
2 1.06137e-13
3 3.37508e-14
3390 3
1 4.44089e-16
2 1.03251e-13
3 2.84217e-14
3392 3
1 -2.39808e-14
2 8.83738e-14
3 4.26326e-14
3394 3
1 -1.28786e-14
2 8.63754e-14
3 3.19744e-14
3396 3
1 -1.46549e-14
2 1.04361e-13
3 4.61853e-14
3398 3
1 -2.4869e-14
2 7.86038e-14
3 3.73035e-14
3400 3
1 -1.28786e-14
2 7.34968e-14
3 3.10862e-14
3402 3
1 -3.19744e-14
2 7.88258e-14
3 1.59872e-14
3404 3
1 9.32587e-15
2 8.06022e-14
3 3.19744e-14
3406 3
1 -3.28626e-14
2 7.39409e-14
3 4.26326e-14
3408 3
1 -1.77636e-15
2 9.68114e-14
3 5.32907e-15
3410 3
1 -3.41949e-14
2 6.12843e-14
3 2.75335e-14
3412 3
1 -2.88658e-14
2 6.77236e-14
3 2.84217e-14
3414 3
1 -1.64313e-14
2 4.24105e-14
3 2.84217e-14
3416 3
1 -1.82077e-14
2 8.06022e-14
3 4.61853e-14
3418 3
1 -3.28626e-14
2 6.90559e-14
3 3.73035e-14
3420 3
1 -3.4639e-14
2 6.86118e-14
3 4.17444e-14
3422 3
1 -3.28626e-14
2 8.79297e-14
3 5.86198e-14
3424 3
1 -4.66294e-14
2 8.81517e-14
3 4.9738e-14
3426 3
1 -1.13243e-14
2 7.4829e-14
3 3.90799e-14
3428 3
1 -2.57572e-14
2 8.19345e-14
3 1.59872e-14
3430 3
1 -4.64073e-14
2 5.06262e-14
3 5.59552e-14
3432 3
1 -9.10383e-15
2 5.28466e-14
3 3.37508e-14
3434 3
1 -2.75335e-14
2 6.19504e-14
3 4.61853e-14
3436 3
1 -4.72955e-14
2 7.9714e-14
3 2.93099e-14
3438 3
1 -1.64313e-14
2 4.19664e-14
3 3.01981e-14
3440 3
1 -4.996e-14
2 5.63993e-14
3 6.21725e-15
3442 3
1 -4.17444e-14
2 5.4623e-14
3 2.30926e-14
3444 3
1 -1.95399e-14
2 6.57252e-14
3 4.26326e-14
3446 3
1 -2.53131e-14
2 8.30447e-14
3 5.68434e-14
3448 3
1 -1.28786e-14
2 4.4853e-14
3 3.37508e-14
3450 3
1 -3.86358e-14
2 4.79616e-14
3 1.77636e-14
3452 3
1 -3.4639e-14
2 6.4837e-14
3 3.01981e-14
3454 3
1 -7.99361e-15
2 7.59393e-14
3 4.70735e-14
3456 3
1 -1.15463e-14
2 9.68114e-14
3 3.73035e-14
3458 3
1 -3.90799e-14
2 8.08242e-14
3 1.86517e-14
3460 3
1 -9.76996e-15
2 6.4837e-14
3 3.01981e-14
3462 3
1 -7.99361e-15
2 3.15303e-14
3 4.26326e-14
3464 3
1 -1.11022e-14
2 6.75016e-14
3 1.95399e-14
3466 3
1 -9.99201e-15
2 5.24025e-14
3 1.24345e-14
3468 3
1 -4.04121e-14
2 7.99361e-14
3 3.55271e-14
3470 3
1 -9.54792e-15
2 9.41469e-14
3 2.4869e-14
3472 3
1 -3.30846e-14
2 6.21725e-14
3 5.32907e-14
3474 3
1 -1.15463e-14
2 6.30607e-14
3 3.64153e-14
3476 3
1 -2.53131e-14
2 7.14984e-14
3 3.19744e-14
3478 3
1 -1.06581e-14
2 8.21565e-14
3 4.26326e-14
3480 3
1 -2.13163e-14
2 5.50671e-14
3 2.93099e-14
3482 3
1 -4.35207e-14
2 7.77156e-14
3 2.66454e-14
3484 3
1 -2.70894e-14
2 6.4837e-14
3 3.01981e-14
3486 3
1 -9.76996e-15
2 6.88338e-14
3 4.08562e-14
3488 3
1 -4.44089e-15
2 8.12683e-14
3 3.9968e-14
3490 3
1 -1.73195e-14
2 5.9508e-14
3 3.55271e-14
3492 3
1 -1.02141e-14
2 6.19504e-14
3 5.06262e-14
3494 3
1 -1.68754e-14
2 7.68274e-14
3 4.9738e-14
3496 3
1 -3.64153e-14
2 7.37188e-14
3 4.44089e-14
3498 3
1 -3.44169e-14
2 9.72555e-14
3 2.84217e-14
3500 3
1 -2.75335e-14
2 5.77316e-14
3 5.59552e-14
3502 3
1 -3.19744e-14
2 8.37108e-14
3 2.22045e-14
3504 3
1 -3.19744e-14
2 1.1191e-13
3 4.9738e-14
3506 3
1 -3.01981e-14
2 5.90639e-14
3 3.55271e-14
3508 3
1 0
2 9.54792e-14
3 1.95399e-14
3510 3
1 -1.5099e-14
2 8.41549e-14
3 2.13163e-14
3512 3
1 -1.06581e-14
2 5.4623e-14
3 3.4639e-14
3514 3
1 -3.01981e-14
2 6.19504e-14
3 2.4869e-14
3516 3
1 -9.76996e-15
2 8.68194e-14
3 3.55271e-14
3518 3
1 -1.06581e-14
2 7.37188e-14
3 4.61853e-14
3520 3
1 -1.9984e-14
2 8.85958e-14
3 3.10862e-14
3522 3
1 -9.76996e-15
2 6.83897e-14
3 1.77636e-14
3524 3
1 -1.86517e-14
2 8.9706e-14
3 3.90799e-14
3526 3
1 -3.59712e-14
2 7.68274e-14
3 4.9738e-14
3528 3
1 -1.11022e-14
2 9.65894e-14
3 3.90799e-14
3530 3
1 4.44089e-15
2 7.01661e-14
3 3.9968e-14
3532 3
1 -2.22045e-15
2 6.77236e-14
3 4.70735e-14
3534 3
1 -1.33227e-14
2 8.81517e-14
3 5.32907e-14
3536 3
1 7.10543e-15
2 6.66134e-14
3 3.28626e-14
3538 3
1 -7.99361e-15
2 6.88338e-14
3 4.88498e-14
3540 3
1 1.57652e-14
2 6.03961e-14
3 5.50671e-14
3542 3
1 -4.88498e-15
2 5.72875e-14
3 6.21725e-14
3544 3
1 -2.66454e-14
2 5.50671e-14
3 6.12843e-14
3546 3
1 -2.04281e-14
2 7.4607e-14
3 4.9738e-14
3548 3
1 -2.75335e-14
2 6.30607e-14
3 4.88498e-14
3550 3
1 -4.44089e-15
2 5.22915e-14
3 5.77316e-14
3552 3
1 -1.86517e-14
2 5.32907e-14
3 6.75016e-14
3554 3
1 -1.42109e-14
2 6.06182e-14
3 3.73035e-14
3556 3
1 4.44089e-16
2 5.20695e-14
3 7.37188e-14
3558 3
1 -1.33227e-14
2 5.14033e-14
3 4.9738e-14
3560 3
1 -2.93099e-14
2 6.01741e-14
3 3.73035e-14
3562 3
1 -5.77316e-15
2 4.66294e-14
3 4.17444e-14
3564 3
1 -1.5099e-14
2 6.23945e-14
3 5.50671e-14
3566 3
1 -4.57412e-14
2 5.4623e-14
3 3.01981e-14
3568 3
1 -4.13003e-14
2 7.30527e-14
3 3.01981e-14
3570 3
1 -5.77316e-15
2 4.35207e-14
3 4.17444e-14
3572 3
1 -2.08722e-14
2 5.71765e-14
3 5.32907e-14
3574 3
1 -2.84217e-14
2 3.38618e-14
3 4.79616e-14
3576 3
1 -6.66134e-15
2 5.57332e-14
3 4.52971e-14
3578 3
1 -2.84217e-14
2 7.69385e-14
3 4.70735e-14
3580 3
1 -3.73035e-14
2 7.00551e-14
3 2.84217e-14
3582 3
1 7.54952e-15
2 5.81757e-14
3 2.75335e-14
3584 3
1 -1.95399e-14
2 7.90479e-14
3 4.44089e-14
3586 3
1 -2.13163e-14
2 5.50671e-14
3 4.61853e-14
3588 3
1 -8.88178e-16
2 6.25056e-14
3 3.19744e-14
3590 3
1 -1.73195e-14
2 8.41549e-14
3 7.72715e-14
3592 3
1 -1.59872e-14
2 6.17284e-14
3 2.93099e-14
3594 3
1 -2.30926e-14
2 5.85088e-14
3 3.90799e-14
3596 3
1 -3.28626e-14
2 6.92779e-14
3 5.86198e-14
3598 3
1 -2.66454e-14
2 7.28306e-14
3 4.61853e-14
3600 3
1 -1.77636e-15
2 7.59393e-14
3 5.68434e-14
3602 3
1 2.22045e-15
2 4.9627e-14
3 4.70735e-14
3604 3
1 -3.01981e-14
2 6.23945e-14
3 4.35207e-14
3606 3
1 -1.5099e-14
2 9.32587e-14
3 6.21725e-14
3608 3
1 -2.30926e-14
2 6.78346e-14
3 4.79616e-14
3610 3
1 -4.88498e-15
2 9.41469e-14
3 6.21725e-14
3612 3
1 -1.77636e-15
2 6.88338e-14
3 6.39488e-14
3614 3
1 -1.37668e-14
2 7.21645e-14
3 3.19744e-14
3616 3
1 -2.13163e-14
2 7.30527e-14
3 4.79616e-14
3618 3
1 -2.22045e-14
2 7.23865e-14
3 1.33227e-14
3620 3
1 -3.73035e-14
2 6.43929e-14
3 2.66454e-14
3622 3
1 -2.4869e-14
2 9.72555e-14
3 5.9508e-14
3624 3
1 -2.04281e-14
2 6.37268e-14
3 3.90799e-14
3626 3
1 1.06581e-14
2 8.77076e-14
3 4.9738e-14
3628 3
1 -2.93099e-14
2 8.61533e-14
3 6.57252e-14
3630 3
1 0
2 7.54952e-14
3 4.9738e-14
3632 3
1 -2.93099e-14
2 6.15064e-14
3 5.50671e-14
3634 3
1 -2.66454e-15
2 6.30607e-14
3 6.92779e-14
3636 3
1 -1.28786e-14
2 6.95e-14
3 5.32907e-14
3638 3
1 -4.13003e-14
2 7.43849e-14
3 6.92779e-14
3640 3
1 -8.88178e-15
2 7.01661e-14
3 5.50671e-14
3642 3
1 -3.41949e-14
2 7.92699e-14
3 4.9738e-14
3644 3
1 2.66454e-15
2 6.4615e-14
3 4.08562e-14
3646 3
1 3.55271e-15
2 7.79377e-14
3 6.39488e-14
3648 3
1 5.32907e-15
2 7.32747e-14
3 4.61853e-14
3650 3
1 -2.4869e-14
2 8.9706e-14
3 2.84217e-14
3652 3
1 -2.93099e-14
2 8.83738e-14
3 5.06262e-14
3654 3
1 -1.42109e-14
2 9.4369e-14
3 3.37508e-14
3656 3
1 -3.73035e-14
2 9.90319e-14
3 4.88498e-14
3658 3
1 -2.13163e-14
2 9.32587e-14
3 5.06262e-14
3660 3
1 -2.30926e-14
2 8.08242e-14
3 4.44089e-14
3662 3
1 -1.06581e-14
2 1.13909e-13
3 3.64153e-14
3664 3
1 -2.22045e-14
2 8.23785e-14
3 4.08562e-14
3666 3
1 1.42109e-14
2 8.01581e-14
3 4.44089e-14
3668 3
1 -1.59872e-14
2 1.05693e-13
3 4.26326e-14
3670 3
1 -1.28786e-14
2 9.4591e-14
3 4.26326e-14
3672 3
1 -7.99361e-15
2 6.86118e-14
3 9.76996e-15
3674 3
1 -1.86517e-14
2 7.19425e-14
3 3.4639e-14
3676 3
1 -3.15303e-14
2 7.21645e-14
3 5.86198e-14
3678 3
1 -5.28466e-14
2 1.0747e-13
3 1.5099e-14
3680 3
1 -2.13163e-14
2 7.90479e-14
3 3.90799e-14
3682 3
1 -2.57572e-14
2 7.23865e-14
3 5.41789e-14
3684 3
1 -1.24345e-14
2 8.61533e-14
3 2.93099e-14
3686 3
1 0
2 5.08482e-14
3 7.99361e-14
3688 3
1 -3.73035e-14
2 6.86118e-14
3 4.35207e-14
3690 3
1 -3.73035e-14
2 7.4829e-14
3 4.08562e-14
3692 3
1 -3.10862e-14
2 7.9492e-14
3 3.73035e-14
3694 3
1 -6.4837e-14
2 7.77156e-14
3 3.73035e-14
3696 3
1 -4.08562e-14
2 6.79456e-14
3 5.86198e-14
3698 3
1 -3.90799e-14
2 6.9722e-14
3 3.73035e-14
3700 3
1 -2.4869e-14
2 7.79377e-14
3 5.50671e-14
3702 3
1 -3.4639e-14
2 6.59472e-14
3 4.35207e-14
3704 3
1 -3.55271e-14
2 5.83977e-14
3 5.59552e-14
3706 3
1 -2.39808e-14
2 7.37188e-14
3 7.54952e-14
3708 3
1 -4.52971e-14
2 7.17204e-14
3 6.21725e-14
3710 3
1 -3.55271e-14
2 8.10463e-14
3 6.03961e-14
3712 3
1 -2.57572e-14
2 8.34888e-14
3 6.21725e-14
3714 3
1 -4.17444e-14
2 6.59472e-14
3 5.68434e-14
3716 3
1 -4.08562e-14
2 4.19664e-14
3 7.10543e-14
3718 3
1 -1.68754e-14
2 6.55032e-14
3 7.10543e-14
3720 3
1 -2.22045e-14
2 5.21805e-14
3 8.70415e-14
3722 3
1 -5.9508e-14
2 5.75096e-14
3 6.66134e-14
3724 3
1 -5.50671e-14
2 5.08482e-14
3 7.10543e-14
3726 3
1 0
2 4.68514e-14
3 7.28306e-14
3728 3
1 -1.24345e-14
2 8.19345e-14
3 6.66134e-14
3730 3
1 -3.55271e-14
2 6.37268e-14
3 6.57252e-14
3732 3
1 -3.4639e-14
2 6.08402e-14
3 7.90479e-14
3734 3
1 -7.99361e-15
2 5.39568e-14
3 6.03961e-14
3736 3
1 -3.01981e-14
2 6.40599e-14
3 8.79297e-14
3738 3
1 -2.66454e-15
2 8.38218e-14
3 6.57252e-14
3740 3
1 -4.88498e-14
2 8.471e-14
3 5.50671e-14
3742 3
1 -1.77636e-14
2 5.40679e-14
3 8.17124e-14
3744 3
1 -4.44089e-14
2 5.18474e-14
3 7.10543e-14
3746 3
1 -3.64153e-14
2 4.51861e-14
3 7.99361e-14
3748 3
1 -4.88498e-14
2 5.72875e-14
3 6.4837e-14
3750 3
1 -2.13163e-14
2 3.84137e-14
3 7.90479e-14
3752 3
1 -4.08562e-14
2 4.19664e-14
3 7.99361e-14
3754 3
1 -1.77636e-14
2 7.4607e-14
3 7.19425e-14
3756 3
1 -5.15143e-14
2 7.4829e-14
3 4.9738e-14
3758 3
1 -3.10862e-14
2 4.35207e-14
3 8.08242e-14
3760 3
1 -2.08722e-14
2 5.9952e-14
3 8.26006e-14
3762 3
1 -6.66134e-15
2 6.83897e-14
3 6.21725e-14
3764 3
1 -3.77476e-14
2 4.9738e-14
3 8.26006e-14
3766 3
1 -4.35207e-14
2 4.30767e-14
3 4.26326e-14
3768 3
1 -5.32907e-15
2 7.54952e-14
3 6.75016e-14
3770 3
1 -3.4639e-14
2 3.28626e-14
3 6.75016e-14
3772 3
1 -2.57572e-14
2 7.10543e-14
3 6.12843e-14
3774 3
1 -4.70735e-14
2 4.84057e-14
3 6.12843e-14
3776 3
1 -2.79776e-14
2 4.9738e-14
3 7.63833e-14
3778 3
1 -3.5083e-14
2 4.75175e-14
3 7.01661e-14
3780 3
1 -1.19904e-14
2 7.32747e-14
3 6.12843e-14
3782 3
1 -5.01821e-14
2 4.30767e-14
3 9.05942e-14
3784 3
1 -4.57412e-14
2 6.88338e-14
3 6.39488e-14
3786 3
1 -1.13243e-14
2 5.06262e-14
3 7.72715e-14
3788 3
1 -3.06422e-14
2 8.17124e-14
3 5.50671e-14
3790 3
1 -3.28626e-14
2 2.30926e-14
3 6.4837e-14
3792 3
1 -1.77636e-14
2 1.11022e-14
3 7.81597e-14
3794 3
1 -4.30767e-14
2 6.88338e-14
3 3.81917e-14
3796 3
1 -3.10862e-14
2 4.75175e-14
3 7.81597e-14
3798 3
1 -3.59712e-14
2 5.68434e-14
3 7.4607e-14
3800 3
1 -2.39808e-14
2 6.21725e-14
3 7.99361e-14
3802 3
1 -3.33067e-14
2 8.52651e-14
3 5.50671e-14
3804 3
1 -5.77316e-14
2 7.54952e-14
3 6.39488e-14
3806 3
1 -3.55271e-14
2 8.83738e-14
3 8.79297e-14
3808 3
1 -3.15303e-14
2 6.43929e-14
3 6.21725e-14
3810 3
1 -2.4869e-14
2 6.83897e-14
3 4.44089e-14
3812 3
1 -3.90799e-14
2 5.77316e-14
3 5.77316e-14
3814 3
1 -2.35367e-14
2 6.52811e-14
3 6.39488e-14
3816 3
1 -4.04121e-14
2 8.43769e-14
3 5.68434e-14
3818 3
1 -4.88498e-15
2 7.28306e-14
3 5.50671e-14
3820 3
1 -1.59872e-14
2 6.35048e-14
3 7.28306e-14
3822 3
1 -5.32907e-15
2 8.17124e-14
3 6.39488e-14
3824 3
1 -4.92939e-14
2 7.19425e-14
3 3.9968e-14
3826 3
1 -1.02141e-14
2 8.26006e-14
3 5.41789e-14
3828 3
1 -1.82077e-14
2 8.70415e-14
3 9.05942e-14
3830 3
1 -9.32587e-15
2 7.28306e-14
3 6.75016e-14
3832 3
1 -1.86517e-14
2 5.59552e-14
3 4.17444e-14
3834 3
1 -2.93099e-14
2 8.12683e-14
3 7.10543e-14
3836 3
1 -9.76996e-15
2 7.50511e-14
3 5.59552e-14
3838 3
1 -2.30926e-14
2 8.79297e-14
3 5.15143e-14
3840 3
1 -2.22045e-14
2 8.34888e-14
3 6.75016e-14
3842 3
1 -2.79776e-14
2 6.83897e-14
3 5.06262e-14
3844 3
1 -2.84217e-14
2 6.30607e-14
3 7.63833e-14
3846 3
1 -2.17604e-14
2 8.52651e-14
3 6.57252e-14
3848 3
1 -2.66454e-14
2 6.83897e-14
3 7.10543e-14
3850 3
1 -2.53131e-14
2 4.79616e-14
3 5.24025e-14
3852 3
1 -4.08562e-14
2 5.50671e-14
3 6.03961e-14
3854 3
1 -1.28786e-14
2 6.30607e-14
3 6.83897e-14
3856 3
1 -4.08562e-14
2 5.68434e-14
3 7.4607e-14
3858 3
1 -4.9738e-14
2 7.37188e-14
3 6.03961e-14
3860 3
1 -5.32907e-15
2 6.66134e-14
3 4.26326e-14
3862 3
1 -2.39808e-14
2 4.61853e-14
3 4.9738e-14
3864 3
1 -2.9754e-14
2 7.54952e-14
3 6.21725e-14
3866 3
1 -2.13163e-14
2 5.41789e-14
3 5.41789e-14
3868 3
1 -2.79776e-14
2 5.77316e-14
3 5.15143e-14
3870 3
1 -3.73035e-14
2 1.0747e-13
3 6.21725e-14
3872 3
1 -7.54952e-15
2 5.86198e-14
3 5.86198e-14
3874 3
1 3.10862e-14
2 5.15143e-14
3 3.73035e-14
3876 3
1 -3.41949e-14
2 6.4837e-14
3 6.03961e-14
3878 3
1 3.9968e-15
2 7.10543e-14
3 3.55271e-14
3880 3
1 -1.64313e-14
2 5.77316e-14
3 3.01981e-14
3882 3
1 -1.19904e-14
2 8.61533e-14
3 5.77316e-14
3884 3
1 -2.13163e-14
2 7.10543e-14
3 6.39488e-14
3886 3
1 0
2 8.52651e-14
3 6.4837e-14
3888 3
1 6.21725e-15
2 7.37188e-14
3 6.21725e-14
3890 3
1 -1.33227e-14
2 6.57252e-14
3 5.15143e-14
3892 3
1 1.90958e-14
2 7.01661e-14
3 4.88498e-14
3894 3
1 -1.11022e-14
2 7.4607e-14
3 2.93099e-14
3896 3
1 -7.54952e-15
2 7.28306e-14
3 5.15143e-14
3898 3
1 -2.22045e-16
2 7.37188e-14
3 6.39488e-14
3900 3
1 1.5099e-14
2 8.52651e-14
3 5.50671e-14
3902 3
1 -9.32587e-15
2 7.99361e-14
3 6.83897e-14
3904 3
1 -7.10543e-15
2 6.83897e-14
3 6.83897e-14
3906 3
1 8.88178e-16
2 7.99361e-14
3 5.77316e-14
3908 3
1 1.46549e-14
2 6.92779e-14
3 4.79616e-14
3910 3
1 -1.73195e-14
2 6.4837e-14
3 5.59552e-14
3912 3
1 -2.88658e-15
2 7.99361e-14
3 5.86198e-14
3914 3
1 -3.9968e-15
2 7.37188e-14
3 3.9968e-14
3916 3
1 -1.64313e-14
2 9.41469e-14
3 7.19425e-14
3918 3
1 -1.15463e-14
2 7.54952e-14
3 4.44089e-14
3920 3
1 -1.55431e-15
2 8.34888e-14
3 6.92779e-14
3922 3
1 -1.9984e-14
2 9.85878e-14
3 5.77316e-14
3924 3
1 -2.13163e-14
2 9.23706e-14
3 6.66134e-14
3926 3
1 3.10862e-15
2 9.50351e-14
3 5.24025e-14
3928 3
1 3.10862e-15
2 7.54952e-14
3 7.99361e-14
3930 3
1 1.68754e-14
2 6.21725e-14
3 5.68434e-14
3932 3
1 8.88178e-16
2 6.30607e-14
3 5.9508e-14
3934 3
1 1.77636e-14
2 8.39329e-14
3 6.75016e-14
3936 3
1 2.57572e-14
2 7.63833e-14
3 5.86198e-14
3938 3
1 8.88178e-15
2 1.03917e-13
3 5.41789e-14
3940 3
1 1.82077e-14
2 5.4623e-14
3 4.61853e-14
3942 3
1 1.95399e-14
2 8.26006e-14
3 7.01661e-14
3944 3
1 2.30926e-14
2 6.4837e-14
3 9.05942e-14
3946 3
1 -3.73035e-14
2 8.34888e-14
3 6.21725e-14
3948 3
1 -1.37668e-14
2 6.66134e-14
3 8.08242e-14
3950 3
1 4.44089e-16
2 7.99361e-14
3 6.66134e-14
3952 3
1 2.66454e-14
2 7.01661e-14
3 6.83897e-14
3954 3
1 8.88178e-16
2 7.50511e-14
3 6.30607e-14
3956 3
1 2.22045e-15
2 7.54952e-14
3 3.10862e-14
3958 3
1 -1.5099e-14
2 1.08358e-13
3 6.75016e-14
3960 3
1 -4.88498e-15
2 1.02141e-13
3 2.84217e-14
3962 3
1 -9.76996e-15
2 1.15463e-13
3 6.03961e-14
3964 3
1 -1.19904e-14
2 8.30447e-14
3 4.79616e-14
3966 3
1 -1.46549e-14
2 9.41469e-14
3 9.05942e-14
3968 3
1 -4.44089e-16
2 7.4607e-14
3 7.81597e-14
3970 3
1 -3.10862e-15
2 1.01252e-13
3 5.24025e-14
3972 3
1 -1.46549e-14
2 9.14824e-14
3 6.66134e-14
3974 3
1 -2.22045e-14
2 9.23706e-14
3 6.12843e-14
3976 3
1 -1.33227e-15
2 8.79297e-14
3 5.41789e-14
3978 3
1 -1.02141e-14
2 7.10543e-14
3 6.66134e-14
3980 3
1 1.77636e-15
2 9.05942e-14
3 3.28626e-14
3982 3
1 -9.32587e-15
2 7.63833e-14
3 5.9508e-14
3984 3
1 5.77316e-15
2 8.88178e-14
3 3.90799e-14
3986 3
1 1.77636e-15
2 9.23706e-14
3 6.66134e-14
3988 3
1 1.46549e-14
2 9.32587e-14
3 6.4837e-14
3990 3
1 -1.46549e-14
2 8.26006e-14
3 5.50671e-14
3992 3
1 -2.79776e-14
2 6.83897e-14
3 4.44089e-14
3994 3
1 -1.64313e-14
2 9.85878e-14
3 7.37188e-14
3996 3
1 -3.10862e-15
2 1.15019e-13
3 3.9968e-14
3998 3
1 -8.43769e-15
2 1.15463e-13
3 4.70735e-14
4000 3
1 4.44089e-16
2 9.28146e-14
3 5.41789e-14
4002 3
1 -5.77316e-15
2 8.26006e-14
3 4.9738e-14
4004 3
1 -2.04281e-14
2 7.86038e-14
3 4.61853e-14
4006 3
1 3.55271e-15
2 6.12843e-14
3 6.92779e-14
4008 3
1 -2.66454e-15
2 8.12683e-14
3 4.44089e-14
4010 3
1 -1.64313e-14
2 9.05942e-14
3 4.26326e-14
4012 3
1 -5.32907e-15
2 8.34888e-14
3 3.37508e-14
4014 3
1 -3.24185e-14
2 9.05942e-14
3 4.79616e-14
4016 3
1 4.44089e-16
2 7.63833e-14
3 6.39488e-14
4018 3
1 -1.06581e-14
2 7.37188e-14
3 7.19425e-14
4020 3
1 -1.33227e-15
2 9.05942e-14
3 3.90799e-14
4022 3
1 4.44089e-16
2 8.34888e-14
3 2.30926e-14
4024 3
1 -1.5099e-14
2 5.86198e-14
3 5.24025e-14
4026 3
1 -2.93099e-14
2 6.75016e-14
3 6.21725e-14
4028 3
1 -9.32587e-15
2 9.05942e-14
3 6.92779e-14
4030 3
1 2.13163e-14
2 8.9706e-14
3 6.66134e-14
4032 3
1 -3.9968e-15
2 6.83897e-14
3 5.50671e-14
4034 3
1 8.43769e-15
2 8.34888e-14
3 1.68754e-14
4036 3
1 -6.21725e-15
2 8.26006e-14
3 3.90799e-14
4038 3
1 7.99361e-15
2 9.14824e-14
3 6.66134e-14
4040 3
1 -6.66134e-15
2 6.75016e-14
3 5.41789e-14
4042 3
1 1.24345e-14
2 6.83897e-14
3 4.26326e-14
4044 3
1 4.44089e-16
2 9.9476e-14
3 4.52971e-14
4046 3
1 -7.99361e-15
2 8.43769e-14
3 6.03961e-14
4048 3
1 -2.13163e-14
2 8.61533e-14
3 4.70735e-14
4050 3
1 -1.5099e-14
2 4.88498e-14
3 4.44089e-14
4052 3
1 -1.02141e-14
2 7.54952e-14
3 4.79616e-14
4054 3
1 6.21725e-15
2 6.30607e-14
3 4.88498e-14
4056 3
1 3.55271e-15
2 9.14824e-14
3 9.50351e-14
4058 3
1 1.68754e-14
2 1.12799e-13
3 6.92779e-14
4060 3
1 8.88178e-16
2 9.50351e-14
3 7.19425e-14
4062 3
1 -1.77636e-14
2 8.70415e-14
3 6.21725e-14
4064 3
1 -1.68754e-14
2 8.70415e-14
3 8.88178e-14
4066 3
1 -1.77636e-14
2 8.26006e-14
3 1.03029e-13
4068 3
1 -1.90958e-14
2 9.50351e-14
3 8.70415e-14
4070 3
1 -1.06581e-14
2 8.08242e-14
3 5.59552e-14
4072 3
1 -1.77636e-15
2 8.17124e-14
3 9.68114e-14
4074 3
1 1.86517e-14
2 1.1191e-13
3 8.79297e-14
4076 3
1 -2.04281e-14
2 1.23457e-13
3 8.9706e-14
4078 3
1 -1.5099e-14
2 9.59233e-14
3 7.81597e-14
4080 3
1 9.32587e-15
2 9.23706e-14
3 7.4607e-14
4082 3
1 -2.75335e-14
2 9.41469e-14
3 7.28306e-14
4084 3
1 -7.10543e-15
2 1.03029e-13
3 8.26006e-14
4086 3
1 -7.54952e-15
2 9.05942e-14
3 9.59233e-14
4088 3
1 -2.66454e-15
2 1.01252e-13
3 5.77316e-14
4090 3
1 -3.55271e-15
2 1.08358e-13
3 6.92779e-14
4092 3
1 1.15463e-14
2 1.06581e-13
3 7.99361e-14
4094 3
1 -3.73035e-14
2 8.9706e-14
3 8.52651e-14
4096 3
1 -2.13163e-14
2 1.4122e-13
3 8.79297e-14
4098 3
1 -1.86517e-14
2 1.0747e-13
3 1.03917e-13
4100 3
1 2.39808e-14
2 1.18128e-13
3 6.12843e-14
4102 3
1 -1.24345e-14
2 1.10134e-13
3 9.41469e-14
4104 3
1 7.10543e-15
2 1.02141e-13
3 6.57252e-14
4106 3
1 -2.66454e-15
2 1.1191e-13
3 7.4607e-14
4108 3
1 -2.39808e-14
2 1.0747e-13
3 9.05942e-14
4110 3
1 -1.5099e-14
2 1.02141e-13
3 8.17124e-14
4112 3
1 -8.88178e-15
2 9.14824e-14
3 9.14824e-14
4114 3
1 7.10543e-15
2 7.99361e-14
3 9.76996e-14
4116 3
1 8.88178e-16
2 8.08242e-14
3 1.03029e-13
4118 3
1 0
2 9.23706e-14
3 1.09246e-13
4120 3
1 1.95399e-14
2 9.05942e-14
3 8.70415e-14
4122 3
1 8.88178e-16
2 9.05942e-14
3 9.85878e-14
4124 3
1 -4.17444e-14
2 9.9476e-14
3 9.9476e-14
4126 3
1 -3.9968e-14
2 9.59233e-14
3 8.26006e-14
4128 3
1 -9.76996e-15
2 8.17124e-14
3 8.61533e-14
4130 3
1 -9.76996e-15
2 8.26006e-14
3 8.9706e-14
4132 3
1 -1.24345e-14
2 9.14824e-14
3 1.14575e-13
4134 3
1 2.39808e-14
2 9.9476e-14
3 1.15463e-13
4136 3
1 -2.22045e-14
2 9.50351e-14
3 7.99361e-14
4138 3
1 -2.66454e-15
2 7.10543e-14
3 6.83897e-14
4140 3
1 -8.88178e-16
2 5.50671e-14
3 9.59233e-14
4142 3
1 1.06581e-14
2 9.05942e-14
3 8.43769e-14
4144 3
1 -3.55271e-15
2 8.17124e-14
3 1.06581e-13
4146 3
1 -1.06581e-14
2 8.08242e-14
3 9.59233e-14
4148 3
1 1.86517e-14
2 5.59552e-14
3 9.76996e-14
4150 3
1 -1.19904e-14
2 6.4837e-14
3 9.59233e-14
4152 3
1 -4.88498e-15
2 6.57252e-14
3 1.05693e-13
4154 3
1 8.88178e-16
2 7.81597e-14
3 1.11022e-13
4156 3
1 -1.37668e-14
2 9.9476e-14
3 1.05693e-13
4158 3
1 1.86517e-14
2 7.19425e-14
3 7.19425e-14
4160 3
1 -4.08562e-14
2 8.70415e-14
3 1.06581e-13
4162 3
1 -3.9968e-15
2 6.83897e-14
3 9.9476e-14
4164 3
1 -1.46549e-14
2 8.43769e-14
3 9.32587e-14
4166 3
1 -5.77316e-15
2 1.04805e-13
3 1.04805e-13
4168 3
1 -1.11022e-14
2 9.59233e-14
3 6.39488e-14
4170 3
1 -2.66454e-15
2 9.41469e-14
3 1.0747e-13
4172 3
1 -3.55271e-14
2 8.88178e-14
3 9.9476e-14
4174 3
1 -1.73195e-14
2 7.28306e-14
3 9.76996e-14
4176 3
1 0
2 1.03029e-13
3 9.9476e-14
4178 3
1 -9.32587e-15
2 1.04805e-13
3 1.02141e-13
4180 3
1 -2.35367e-14
2 8.9706e-14
3 9.41469e-14
4182 3
1 -2.30926e-14
2 7.01661e-14
3 1.03917e-13
4184 3
1 -2.75335e-14
2 7.10543e-14
3 1.05693e-13
4186 3
1 -2.75335e-14
2 7.63833e-14
3 1.01252e-13
4188 3
1 -1.28786e-14
2 8.88178e-14
3 9.76996e-14
4190 3
1 -4.44089e-15
2 7.54952e-14
3 9.50351e-14
4192 3
1 -2.70894e-14
2 8.34888e-14
3 1.0747e-13
4194 3
1 4.44089e-16
2 9.23706e-14
3 8.9706e-14
4196 3
1 -2.84217e-14
2 7.72715e-14
3 9.68114e-14
4198 3
1 -1.46549e-14
2 8.88178e-14
3 1.20792e-13
4200 3
1 -1.37668e-14
2 9.68114e-14
3 9.41469e-14
4202 3
1 -9.76996e-15
2 9.85878e-14
3 9.50351e-14
4204 3
1 7.10543e-15
2 1.03029e-13
3 9.23706e-14
4206 3
1 -8.88178e-15
2 7.28306e-14
3 1.03917e-13
4208 3
1 -4.88498e-15
2 9.41469e-14
3 1.04805e-13
4210 3
1 -1.42109e-14
2 9.85878e-14
3 1.02141e-13
4212 3
1 6.21725e-15
2 8.88178e-14
3 1.18128e-13
4214 3
1 -4.88498e-15
2 8.9706e-14
3 9.85878e-14
4216 3
1 9.32587e-15
2 1.02141e-13
3 1.1724e-13
4218 3
1 -2.66454e-15
2 7.99361e-14
3 9.23706e-14
4220 3
1 -2.13163e-14
2 9.05942e-14
3 1.26121e-13
4222 3
1 3.33067e-14
2 1.19016e-13
3 1.04805e-13
4224 3
1 1.37668e-14
2 1.02141e-13
3 9.59233e-14
4226 3
1 9.76996e-15
2 8.88178e-14
3 1.1724e-13
4228 3
1 3.9968e-15
2 9.85878e-14
3 9.9476e-14
4230 3
1 3.9968e-15
2 1.20792e-13
3 1.08358e-13
4232 3
1 -2.22045e-15
2 8.34888e-14
3 1.13687e-13
4234 3
1 -2.53131e-14
2 1.0747e-13
3 1.08358e-13
4236 3
1 -8.88178e-15
2 1.0747e-13
3 9.14824e-14
4238 3
1 -8.88178e-16
2 1.13687e-13
3 8.88178e-14
4240 3
1 -1.11022e-14
2 9.76996e-14
3 1.08358e-13
4242 3
1 -2.35367e-14
2 1.23457e-13
3 7.81597e-14
4244 3
1 2.22045e-15
2 1.01252e-13
3 8.70415e-14
4246 3
1 4.44089e-16
2 7.10543e-14
3 9.05942e-14
4248 3
1 -2.30926e-14
2 8.17124e-14
3 8.34888e-14
4250 3
1 4.44089e-15
2 7.99361e-14
3 9.23706e-14
4252 3
1 1.46549e-14
2 8.79297e-14
3 7.4607e-14
4254 3
1 -2.22045e-15
2 7.01661e-14
3 7.90479e-14
4256 3
1 4.44089e-16
2 8.17124e-14
3 8.34888e-14
4258 3
1 -1.77636e-15
2 8.9706e-14
3 8.43769e-14
4260 3
1 -3.10862e-15
2 1.04805e-13
3 9.32587e-14
4262 3
1 1.06581e-14
2 7.10543e-14
3 8.43769e-14
4264 3
1 -4.44089e-15
2 9.9476e-14
3 8.17124e-14
4266 3
1 -1.86517e-14
2 6.75016e-14
3 8.88178e-14
4268 3
1 -4.44089e-16
2 9.32587e-14
3 9.32587e-14
4270 3
1 -7.99361e-15
2 9.23706e-14
3 7.72715e-14
4272 3
1 2.17604e-14
2 9.23706e-14
3 9.41469e-14
4274 3
1 -1.06581e-14
2 9.14824e-14
3 1.04805e-13
4276 3
1 -2.17604e-14
2 7.63833e-14
3 1.03029e-13
4278 3
1 -3.01981e-14
2 6.75016e-14
3 8.34888e-14
4280 3
1 -1.55431e-14
2 8.70415e-14
3 1.0747e-13
4282 3
1 -1.15463e-14
2 1.1724e-13
3 1.10134e-13
4284 3
1 -4.30767e-14
2 7.4607e-14
3 1.1724e-13
4286 3
1 -2.75335e-14
2 9.68114e-14
3 1.03917e-13
4288 3
1 -1.82077e-14
2 9.23706e-14
3 9.59233e-14
4290 3
1 -1.33227e-14
2 7.28306e-14
3 9.14824e-14
4292 3
1 -1.9984e-14
2 6.92779e-14
3 1.10134e-13
4294 3
1 -1.5099e-14
2 7.10543e-14
3 9.59233e-14
4296 3
1 -2.30926e-14
2 8.88178e-14
3 1.01252e-13
4298 3
1 -1.33227e-15
2 4.79616e-14
3 7.99361e-14
4300 3
1 -3.81917e-14
2 1.00364e-13
3 1.03029e-13
4302 3
1 7.99361e-15
2 8.70415e-14
3 1.11022e-13
4304 3
1 -5.77316e-15
2 8.43769e-14
3 1.22569e-13
4306 3
1 -2.13163e-14
2 8.88178e-14
3 8.79297e-14
4308 3
1 -2.30926e-14
2 8.52651e-14
3 9.05942e-14
4310 3
1 -2.57572e-14
2 8.17124e-14
3 1.03029e-13
4312 3
1 -3.77476e-14
2 9.23706e-14
3 9.05942e-14
4314 3
1 -3.33067e-14
2 9.23706e-14
3 9.32587e-14
4316 3
1 1.77636e-15
2 9.50351e-14
3 9.50351e-14
4318 3
1 -1.90958e-14
2 8.70415e-14
3 8.88178e-14
4320 3
1 -1.5099e-14
2 1.04805e-13
3 1.00364e-13
4322 3
1 -5.32907e-15
2 8.88178e-14
3 9.32587e-14
4324 3
1 -1.68754e-14
2 9.05942e-14
3 8.88178e-14
4326 3
1 -3.10862e-14
2 6.66134e-14
3 8.9706e-14
4328 3
1 -2.57572e-14
2 7.99361e-14
3 9.9476e-14
4330 3
1 4.44089e-16
2 5.15143e-14
3 1.06581e-13
4332 3
1 -1.73195e-14
2 7.01661e-14
3 8.43769e-14
4334 3
1 -1.33227e-14
2 4.52971e-14
3 9.59233e-14
4336 3
1 -4.61853e-14
2 7.4607e-14
3 7.72715e-14
4338 3
1 -2.66454e-14
2 8.70415e-14
3 1.03917e-13
4340 3
1 -4.61853e-14
2 7.01661e-14
3 1.03029e-13
4342 3
1 -4.52971e-14
2 5.77316e-14
3 1.13687e-13
4344 3
1 -4.26326e-14
2 7.63833e-14
3 8.79297e-14
4346 3
1 -5.06262e-14
2 7.99361e-14
3 1.08358e-13
4348 3
1 -1.46549e-14
2 7.63833e-14
3 9.76996e-14
4350 3
1 -2.79776e-14
2 8.70415e-14
3 1.19904e-13
4352 3
1 -3.24185e-14
2 6.21725e-14
3 8.34888e-14
4354 3
1 -5.32907e-14
2 7.19425e-14
3 9.41469e-14
4356 3
1 -1.42109e-14
2 6.03961e-14
3 1.08358e-13
4358 3
1 -4.70735e-14
2 5.41789e-14
3 7.99361e-14
4360 3
1 -2.30926e-14
2 5.68434e-14
3 7.63833e-14
4362 3
1 -4.08562e-14
2 6.39488e-14
3 7.99361e-14
4364 3
1 -1.73195e-14
2 7.28306e-14
3 9.05942e-14
4366 3
1 -3.41949e-14
2 8.88178e-14
3 8.26006e-14
4368 3
1 -5.15143e-14
2 7.37188e-14
3 9.59233e-14
4370 3
1 -4.44089e-14
2 9.9476e-14
3 1.10134e-13
4372 3
1 -4.30767e-14
2 9.05942e-14
3 1.09246e-13
4374 3
1 -3.33067e-14
2 9.50351e-14
3 8.61533e-14
4376 3
1 -4.88498e-14
2 8.79297e-14
3 7.99361e-14
4378 3
1 -3.41949e-14
2 7.28306e-14
3 8.88178e-14
4380 3
1 -3.55271e-15
2 1.01252e-13
3 1.03029e-13
4382 3
1 -2.75335e-14
2 1.00364e-13
3 9.68114e-14
4384 3
1 6.21725e-15
2 8.70415e-14
3 9.59233e-14
4386 3
1 -7.99361e-15
2 8.70415e-14
3 7.81597e-14
4388 3
1 -2.84217e-14
2 7.10543e-14
3 9.59233e-14
4390 3
1 -5.32907e-15
2 7.99361e-14
3 9.9476e-14
4392 3
1 -3.55271e-14
2 9.9476e-14
3 9.23706e-14
4394 3
1 -4.17444e-14
2 6.83897e-14
3 9.59233e-14
4396 3
1 -2.84217e-14
2 1.03917e-13
3 1.03029e-13
4398 3
1 -5.59552e-14
2 8.34888e-14
3 1.08358e-13
4400 3
1 -3.28626e-14
2 6.21725e-14
3 7.63833e-14
4402 3
1 -2.57572e-14
2 7.81597e-14
3 9.41469e-14
4404 3
1 -2.30926e-14
2 7.81597e-14
3 9.05942e-14
4406 3
1 -5.68434e-14
2 1.01252e-13
3 8.34888e-14
4408 3
1 -3.28626e-14
2 8.34888e-14
3 9.76996e-14
4410 3
1 -2.04281e-14
2 9.76996e-14
3 5.9508e-14
4412 3
1 -4.44089e-14
2 8.52651e-14
3 7.19425e-14
4414 3
1 -2.57572e-14
2 9.05942e-14
3 1.02141e-13
4416 3
1 -5.32907e-14
2 8.88178e-14
3 8.26006e-14
4418 3
1 -1.06581e-14
2 8.70415e-14
3 7.99361e-14
4420 3
1 -1.5099e-14
2 7.28306e-14
3 6.39488e-14
4422 3
1 -5.32907e-14
2 8.52651e-14
3 6.39488e-14
4424 3
1 -1.24345e-14
2 9.59233e-14
3 7.63833e-14
4426 3
1 -2.84217e-14
2 8.79297e-14
3 6.21725e-14
4428 3
1 -1.95399e-14
2 7.28306e-14
3 8.79297e-14
4430 3
1 -1.59872e-14
2 7.63833e-14
3 8.88178e-14
4432 3
1 -1.24345e-14
2 9.9476e-14
3 8.9706e-14
4434 3
1 -3.01981e-14
2 9.41469e-14
3 6.92779e-14
4436 3
1 -5.68434e-14
2 9.05942e-14
3 7.72715e-14
4438 3
1 -3.19744e-14
2 1.01252e-13
3 9.41469e-14
4440 3
1 -2.13163e-14
2 1.03029e-13
3 9.41469e-14
4442 3
1 -2.84217e-14
2 1.10134e-13
3 8.17124e-14
4444 3
1 -4.08562e-14
2 9.41469e-14
3 6.66134e-14
4446 3
1 -1.5099e-14
2 1.16351e-13
3 7.72715e-14
4448 3
1 5.32907e-15
2 8.88178e-14
3 1.01252e-13
4450 3
1 1.5099e-14
2 8.52651e-14
3 8.88178e-14
4452 3
1 -1.77636e-15
2 1.03917e-13
3 8.70415e-14
4454 3
1 -8.88178e-16
2 9.23706e-14
3 8.52651e-14
4456 3
1 -2.04281e-14
2 1.05693e-13
3 1.03917e-13
4458 3
1 -2.66454e-15
2 1.1191e-13
3 8.34888e-14
4460 3
1 -2.13163e-14
2 9.23706e-14
3 1.02141e-13
4462 3
1 -1.77636e-14
2 1.09246e-13
3 1.1191e-13
4464 3
1 -2.66454e-14
2 8.26006e-14
3 8.52651e-14
4466 3
1 -1.77636e-14
2 1.01252e-13
3 1.03029e-13
4468 3
1 -3.19744e-14
2 1.15463e-13
3 5.9508e-14
4470 3
1 -3.19744e-14
2 6.75016e-14
3 8.43769e-14
4472 3
1 -4.44089e-14
2 1.00364e-13
3 7.63833e-14
4474 3
1 -1.95399e-14
2 8.9706e-14
3 6.75016e-14
4476 3
1 -3.4639e-14
2 8.52651e-14
3 9.59233e-14
4478 3
1 -9.76996e-15
2 7.81597e-14
3 6.75016e-14
4480 3
1 -4.35207e-14
2 8.79297e-14
3 8.61533e-14
4482 3
1 -7.10543e-15
2 7.4607e-14
3 8.70415e-14
4484 3
1 -3.73035e-14
2 1.03029e-13
3 1.00364e-13
4486 3
1 -4.52971e-14
2 8.88178e-14
3 9.68114e-14
4488 3
1 -4.17444e-14
2 9.76996e-14
3 9.05942e-14
4490 3
1 -1.24345e-14
2 1.03917e-13
3 8.43769e-14
4492 3
1 -5.32907e-14
2 8.17124e-14
3 1.00364e-13
4494 3
1 -4.44089e-14
2 9.76996e-14
3 1.13687e-13
4496 3
1 -2.30926e-14
2 7.81597e-14
3 8.9706e-14
4498 3
1 -1.86517e-14
2 9.05942e-14
3 9.59233e-14
4500 3
1 -4.08562e-14
2 9.9476e-14
3 8.17124e-14
4502 3
1 -2.93099e-14
2 9.9476e-14
3 1.03029e-13
4504 3
1 -3.37508e-14
2 8.34888e-14
3 8.52651e-14
4506 3
1 -1.33227e-14
2 9.59233e-14
3 1.08358e-13
4508 3
1 -5.77316e-14
2 9.9476e-14
3 8.43769e-14
4510 3
1 -3.10862e-14
2 1.10134e-13
3 9.76996e-14
4512 3
1 -5.41789e-14
2 8.34888e-14
3 1.04805e-13
4514 3
1 -4.79616e-14
2 8.9706e-14
3 1.03029e-13
4516 3
1 -3.90799e-14
2 1.1191e-13
3 9.41469e-14
4518 3
1 -5.68434e-14
2 1.02141e-13
3 9.59233e-14
4520 3
1 -5.32907e-14
2 1.11022e-13
3 9.9476e-14
4522 3
1 -5.50671e-14
2 1.01252e-13
3 1.10134e-13
4524 3
1 -6.21725e-14
2 9.32587e-14
3 1.0747e-13
4526 3
1 -4.26326e-14
2 9.76996e-14
3 1.15463e-13
4528 3
1 -4.88498e-14
2 9.23706e-14
3 1.15463e-13
4530 3
1 -5.41789e-14
2 8.70415e-14
3 1.1191e-13
4532 3
1 -4.44089e-14
2 1.1191e-13
3 9.9476e-14
4534 3
1 -2.13163e-14
2 1.04805e-13
3 9.76996e-14
4536 3
1 -3.73035e-14
2 1.0747e-13
3 1.11022e-13
4538 3
1 -2.39808e-14
2 1.02141e-13
3 1.1191e-13
4540 3
1 -5.68434e-14
2 8.70415e-14
3 1.24345e-13
4542 3
1 -5.32907e-14
2 1.16351e-13
3 1.03917e-13
4544 3
1 -4.17444e-14
2 8.9706e-14
3 1.36779e-13
4546 3
1 -3.37508e-14
2 9.68114e-14
3 1.0747e-13
4548 3
1 -4.26326e-14
2 8.88178e-14
3 1.1191e-13
4550 3
1 -3.73035e-14
2 1.04805e-13
3 1.33227e-13
4552 3
1 -3.10862e-14
2 1.02141e-13
3 1.06581e-13
4554 3
1 -3.64153e-14
2 1.03029e-13
3 1.06581e-13
4556 3
1 -3.73035e-14
2 8.17124e-14
3 8.88178e-14
4558 3
1 -2.4869e-14
2 1.03029e-13
3 1.35003e-13
4560 3
1 -5.32907e-14
2 1.12799e-13
3 1.03029e-13
4562 3
1 -1.86517e-14
2 8.43769e-14
3 9.76996e-14
4564 3
1 -4.79616e-14
2 1.11022e-13
3 1.20792e-13
4566 3
1 -3.81917e-14
2 9.32587e-14
3 8.70415e-14
4568 3
1 -5.15143e-14
2 7.90479e-14
3 9.59233e-14
4570 3
1 -4.26326e-14
2 8.08242e-14
3 9.68114e-14
4572 3
1 -3.90799e-14
2 6.75016e-14
3 1.06581e-13
4574 3
1 -3.4639e-14
2 1.14575e-13
3 1.04805e-13
4576 3
1 -3.4639e-14
2 9.85878e-14
3 9.05942e-14
4578 3
1 -3.01981e-14
2 8.88178e-14
3 1.03917e-13
4580 3
1 -3.19744e-14
2 8.52651e-14
3 9.76996e-14
4582 3
1 -4.08562e-14
2 7.01661e-14
3 8.61533e-14
4584 3
1 -4.26326e-14
2 9.59233e-14
3 9.85878e-14
4586 3
1 -3.01981e-14
2 1.13687e-13
3 1.2168e-13
4588 3
1 -3.73035e-14
2 9.50351e-14
3 1.09246e-13
4590 3
1 -3.55271e-14
2 8.08242e-14
3 9.9476e-14
4592 3
1 -5.06262e-14
2 1.10134e-13
3 8.88178e-14
4594 3
1 -5.59552e-14
2 8.17124e-14
3 9.59233e-14
4596 3
1 -3.37508e-14
2 7.72715e-14
3 8.88178e-14
4598 3
1 -1.68754e-14
2 1.01252e-13
3 9.23706e-14
4600 3
1 -4.17444e-14
2 1.1191e-13
3 8.52651e-14
4602 3
1 -1.68754e-14
2 1.03029e-13
3 9.23706e-14
4604 3
1 -2.39808e-14
2 9.50351e-14
3 8.88178e-14
4606 3
1 -5.9508e-14
2 9.85878e-14
3 9.05942e-14
4608 3
1 -7.19425e-14
2 8.52651e-14
3 9.23706e-14
4610 3
1 -3.81917e-14
2 6.30607e-14
3 1.08358e-13
4612 3
1 -4.26326e-14
2 9.05942e-14
3 9.23706e-14
4614 3
1 -3.90799e-14
2 8.17124e-14
3 1.04805e-13
4616 3
1 -3.10862e-14
2 1.10134e-13
3 1.03029e-13
4618 3
1 -2.84217e-14
2 9.23706e-14
3 9.05942e-14
4620 3
1 -4.61853e-14
2 7.19425e-14
3 9.23706e-14
4622 3
1 -4.88498e-14
2 9.23706e-14
3 1.03029e-13
4624 3
1 -2.13163e-14
2 8.9706e-14
3 9.23706e-14
4626 3
1 -2.30926e-14
2 8.61533e-14
3 1.15463e-13
4628 3
1 -2.39808e-14
2 1.10134e-13
3 1.04805e-13
4630 3
1 -6.66134e-14
2 9.50351e-14
3 1.04805e-13
4632 3
1 -4.52971e-14
2 1.1191e-13
3 9.9476e-14
4634 3
1 -5.9508e-14
2 8.34888e-14
3 1.19016e-13
4636 3
1 -4.88498e-14
2 9.23706e-14
3 9.9476e-14
4638 3
1 -3.73035e-14
2 8.88178e-14
3 1.03029e-13
4640 3
1 -2.30926e-14
2 8.9706e-14
3 1.01252e-13
4642 3
1 -4.9738e-14
2 1.08358e-13
3 1.27898e-13
4644 3
1 -1.42109e-14
2 7.99361e-14
3 1.06581e-13
4646 3
1 -6.39488e-14
2 1.03029e-13
3 1.04805e-13
4648 3
1 -3.37508e-14
2 6.75016e-14
3 9.9476e-14
4650 3
1 -2.30926e-14
2 9.41469e-14
3 1.1191e-13
4652 3
1 -2.75335e-14
2 1.06581e-13
3 1.03029e-13
4654 3
1 -2.84217e-14
2 8.52651e-14
3 1.1191e-13
4656 3
1 -3.37508e-14
2 8.79297e-14
3 9.9476e-14
4658 3
1 -7.99361e-15
2 5.41789e-14
3 1.03029e-13
4660 3
1 -1.68754e-14
2 7.01661e-14
3 1.36779e-13
4662 3
1 -3.19744e-14
2 8.70415e-14
3 1.24345e-13
4664 3
1 -4.08562e-14
2 7.81597e-14
3 1.40332e-13
4666 3
1 -3.37508e-14
2 8.08242e-14
3 1.1724e-13
4668 3
1 -5.50671e-14
2 1.01252e-13
3 9.76996e-14
4670 3
1 -4.52971e-14
2 1.1191e-13
3 1.22569e-13
4672 3
1 -4.52971e-14
2 9.59233e-14
3 1.13687e-13
4674 3
1 -2.84217e-14
2 9.9476e-14
3 1.27898e-13
4676 3
1 1.77636e-15
2 9.05942e-14
3 1.33227e-13
4678 3
1 -5.24025e-14
2 8.43769e-14
3 1.08358e-13
4680 3
1 -3.64153e-14
2 1.1724e-13
3 1.19016e-13
4682 3
1 -2.39808e-14
2 1.08358e-13
3 1.1191e-13
4684 3
1 -3.01981e-14
2 7.63833e-14
3 1.24345e-13
4686 3
1 -2.30926e-14
2 9.32587e-14
3 1.4122e-13
4688 3
1 -2.75335e-14
2 7.54952e-14
3 1.19904e-13
4690 3
1 -3.68594e-14
2 8.79297e-14
3 1.1724e-13
4692 3
1 -2.57572e-14
2 5.86198e-14
3 1.10134e-13
4694 3
1 -1.82077e-14
2 8.9706e-14
3 1.26121e-13
4696 3
1 -2.35367e-14
2 8.52651e-14
3 1.37668e-13
4698 3
1 -7.10543e-15
2 1.08358e-13
3 1.04805e-13
4700 3
1 -1.95399e-14
2 9.59233e-14
3 1.37668e-13
4702 3
1 -7.10543e-15
2 9.50351e-14
3 1.34115e-13
4704 3
1 -4.44089e-14
2 7.4607e-14
3 1.45661e-13
4706 3
1 -3.37508e-14
2 9.59233e-14
3 1.47438e-13
4708 3
1 -3.10862e-14
2 8.9706e-14
3 1.30562e-13
4710 3
1 -1.33227e-14
2 1.0747e-13
3 1.34115e-13
4712 3
1 -1.59872e-14
2 1.02141e-13
3 1.33227e-13
4714 3
1 8.88178e-16
2 6.21725e-14
3 1.42109e-13
4716 3
1 -1.77636e-15
2 8.70415e-14
3 1.30562e-13
4718 3
1 -1.42109e-14
2 6.66134e-14
3 1.34115e-13
4720 3
1 -1.42109e-14
2 1.03029e-13
3 1.38556e-13
4722 3
1 -1.24345e-14
2 8.52651e-14
3 1.22569e-13
4724 3
1 -7.99361e-15
2 8.26006e-14
3 1.47438e-13
4726 3
1 -8.88178e-16
2 8.88178e-14
3 1.39444e-13
4728 3
1 -2.4869e-14
2 9.76996e-14
3 1.35003e-13
4730 3
1 8.88178e-16
2 9.68114e-14
3 1.43885e-13
4732 3
1 7.99361e-15
2 7.10543e-14
3 1.22569e-13
4734 3
1 -3.37508e-14
2 8.9706e-14
3 1.26121e-13
4736 3
1 -9.76996e-15
2 1.10134e-13
3 1.2168e-13
4738 3
1 -2.39808e-14
2 7.72715e-14
3 1.15463e-13
4740 3
1 -3.01981e-14
2 7.4607e-14
3 1.34115e-13
4742 3
1 -4.26326e-14
2 8.08242e-14
3 1.4122e-13
4744 3
1 -1.24345e-14
2 8.9706e-14
3 1.19904e-13
4746 3
1 -4.44089e-15
2 8.17124e-14
3 1.28786e-13
4748 3
1 -8.88178e-15
2 6.4837e-14
3 1.22569e-13
4750 3
1 -1.59872e-14
2 9.76996e-14
3 1.28786e-13
4752 3
1 -1.59872e-14
2 8.9706e-14
3 1.28786e-13
4754 3
1 -1.59872e-14
2 1.00364e-13
3 1.38556e-13
4756 3
1 -8.88178e-15
2 1.09246e-13
3 1.29674e-13
4758 3
1 -3.73035e-14
2 9.50351e-14
3 1.46549e-13
4760 3
1 -1.5099e-14
2 9.50351e-14
3 1.37668e-13
4762 3
1 -8.88178e-16
2 1.15463e-13
3 1.3145e-13
4764 3
1 1.59872e-14
2 1.20792e-13
3 1.34115e-13
4766 3
1 8.88178e-15
2 8.79297e-14
3 1.33227e-13
4768 3
1 -1.86517e-14
2 8.17124e-14
3 1.1191e-13
4770 3
1 7.10543e-15
2 1.05693e-13
3 1.24345e-13
4772 3
1 5.32907e-15
2 8.17124e-14
3 1.7053e-13
4774 3
1 -1.77636e-15
2 9.23706e-14
3 1.14575e-13
4776 3
1 8.88178e-15
2 9.32587e-14
3 1.49214e-13
4778 3
1 6.21725e-15
2 1.03029e-13
3 1.44773e-13
4780 3
1 1.5099e-14
2 8.79297e-14
3 1.42109e-13
4782 3
1 -3.10862e-14
2 1.33227e-13
3 1.43885e-13
4784 3
1 7.99361e-15
2 8.61533e-14
3 1.42997e-13
4786 3
1 -2.22045e-14
2 1.11022e-13
3 1.35003e-13
4788 3
1 -3.28626e-14
2 1.09246e-13
3 1.4122e-13
4790 3
1 -1.68754e-14
2 1.03029e-13
3 1.33227e-13
4792 3
1 -1.86517e-14
2 1.1191e-13
3 1.40332e-13
4794 3
1 -2.93099e-14
2 1.06581e-13
3 1.63425e-13
4796 3
1 -5.32907e-15
2 1.12799e-13
3 1.52767e-13
4798 3
1 -4.52971e-14
2 8.88178e-14
3 1.33227e-13
4800 3
1 -4.17444e-14
2 1.26121e-13
3 1.28786e-13
4802 3
1 -1.95399e-14
2 9.9476e-14
3 1.33227e-13
4804 3
1 -3.19744e-14
2 9.14824e-14
3 1.42109e-13
4806 3
1 -1.33227e-14
2 1.24345e-13
3 1.45661e-13
4808 3
1 -2.66454e-15
2 1.26121e-13
3 1.19016e-13
4810 3
1 -5.32907e-14
2 1.13687e-13
3 1.33227e-13
4812 3
1 -1.95399e-14
2 9.9476e-14
3 1.27898e-13
4814 3
1 -3.64153e-14
2 8.70415e-14
3 1.28786e-13
4816 3
1 -2.84217e-14
2 1.25233e-13
3 1.1191e-13
4818 3
1 -3.55271e-14
2 1.1724e-13
3 9.9476e-14
4820 3
1 -3.10862e-14
2 9.9476e-14
3 1.1724e-13
4822 3
1 -1.59872e-14
2 1.1724e-13
3 1.38556e-13
4824 3
1 -3.4639e-14
2 7.72715e-14
3 1.1724e-13
4826 3
1 -1.5099e-14
2 1.15463e-13
3 1.04805e-13
4828 3
1 -2.4869e-14
2 1.12799e-13
3 1.46549e-13
4830 3
1 -3.28626e-14
2 1.16351e-13
3 1.24345e-13
4832 3
1 -2.57572e-14
2 1.08358e-13
3 1.36779e-13
4834 3
1 -3.37508e-14
2 9.05942e-14
3 1.35003e-13
4836 3
1 -2.13163e-14
2 1.05693e-13
3 1.24345e-13
4838 3
1 -2.30926e-14
2 1.15463e-13
3 1.28786e-13
4840 3
1 -4.44089e-15
2 1.36779e-13
3 1.36779e-13
4842 3
1 -3.64153e-14
2 1.1191e-13
3 1.1724e-13
4844 3
1 -1.59872e-14
2 1.16351e-13
3 1.06581e-13
4846 3
1 -1.24345e-14
2 1.19016e-13
3 1.24345e-13
4848 3
1 -1.42109e-14
2 1.20792e-13
3 1.24345e-13
4850 3
1 -3.19744e-14
2 1.01252e-13
3 1.24345e-13
4852 3
1 -2.66454e-14
2 1.27898e-13
3 1.19016e-13
4854 3
1 -1.86517e-14
2 1.13687e-13
3 1.33227e-13
4856 3
1 -2.30926e-14
2 1.32339e-13
3 1.15463e-13
4858 3
1 -2.22045e-14
2 1.1191e-13
3 1.3145e-13
4860 3
1 -2.4869e-14
2 9.05942e-14
3 1.06581e-13
4862 3
1 -5.41789e-14
2 1.22569e-13
3 9.23706e-14
4864 3
1 -2.84217e-14
2 1.00364e-13
3 1.10134e-13
4866 3
1 -4.44089e-15
2 1.33227e-13
3 1.29674e-13
4868 3
1 -2.4869e-14
2 1.1724e-13
3 1.33227e-13
4870 3
1 -1.95399e-14
2 1.27898e-13
3 1.42109e-13
4872 3
1 -1.15463e-14
2 1.3145e-13
3 1.13687e-13
4874 3
1 -5.41789e-14
2 1.35003e-13
3 1.06581e-13
4876 3
1 -3.64153e-14
2 1.1724e-13
3 1.22569e-13
4878 3
1 -3.19744e-14
2 1.19904e-13
3 1.38556e-13
4880 3
1 -1.15463e-14
2 1.33227e-13
3 1.3145e-13
4882 3
1 -1.24345e-14
2 1.23457e-13
3 1.22569e-13
4884 3
1 -3.55271e-15
2 1.01252e-13
3 1.15463e-13
4886 3
1 -6.21725e-15
2 1.1191e-13
3 1.19016e-13
4888 3
1 -3.55271e-15
2 1.24345e-13
3 1.10134e-13
4890 3
1 -3.81917e-14
2 1.15463e-13
3 1.19016e-13
4892 3
1 -2.22045e-14
2 1.1191e-13
3 1.06581e-13
4894 3
1 -3.01981e-14
2 1.34115e-13
3 1.10134e-13
4896 3
1 -5.32907e-15
2 9.59233e-14
3 1.06581e-13
4898 3
1 -2.30926e-14
2 1.04805e-13
3 1.03029e-13
4900 3
1 -3.86358e-14
2 1.1191e-13
3 1.16351e-13
4902 3
1 -2.57572e-14
2 1.1724e-13
3 1.0747e-13
4904 3
1 -2.44249e-14
2 1.12799e-13
3 1.1191e-13
4906 3
1 -6.21725e-15
2 1.10134e-13
3 1.1191e-13
4908 3
1 -2.66454e-14
2 1.1724e-13
3 1.27898e-13
4910 3
1 -4.44089e-16
2 8.61533e-14
3 1.13687e-13
4912 3
1 -8.88178e-15
2 1.08358e-13
3 1.10134e-13
4914 3
1 -1.95399e-14
2 1.01252e-13
3 1.08358e-13
4916 3
1 -1.33227e-14
2 1.22569e-13
3 1.11022e-13
4918 3
1 2.66454e-15
2 1.19016e-13
3 1.09246e-13
4920 3
1 -7.10543e-15
2 1.04805e-13
3 1.40332e-13
4922 3
1 -4.44089e-15
2 1.06581e-13
3 1.26121e-13
4924 3
1 -6.21725e-15
2 1.20792e-13
3 1.34115e-13
4926 3
1 -1.28786e-14
2 1.24345e-13
3 1.45661e-13
4928 3
1 -2.39808e-14
2 9.23706e-14
3 1.27898e-13
4930 3
1 -2.13163e-14
2 8.17124e-14
3 1.3145e-13
4932 3
1 -1.28786e-14
2 1.26121e-13
3 1.22569e-13
4934 3
1 -1.33227e-15
2 9.9476e-14
3 1.1724e-13
4936 3
1 -1.19904e-14
2 1.06581e-13
3 1.35003e-13
4938 3
1 -2.66454e-15
2 1.06581e-13
3 1.39444e-13
4940 3
1 -3.55271e-15
2 1.33227e-13
3 1.24345e-13
4942 3
1 -1.64313e-14
2 1.03917e-13
3 1.24345e-13
4944 3
1 -3.10862e-14
2 1.12799e-13
3 1.22569e-13
4946 3
1 -2.22045e-14
2 1.35003e-13
3 1.20792e-13
4948 3
1 -7.99361e-15
2 1.13687e-13
3 1.12799e-13
4950 3
1 -1.15463e-14
2 1.06581e-13
3 1.19016e-13
4952 3
1 4.44089e-15
2 1.14575e-13
3 1.27898e-13
4954 3
1 -2.04281e-14
2 1.20792e-13
3 1.37668e-13
4956 3
1 -5.32907e-15
2 1.1724e-13
3 1.1724e-13
4958 3
1 -4.44089e-15
2 1.01252e-13
3 1.1724e-13
4960 3
1 8.88178e-15
2 1.1724e-13
3 1.10134e-13
4962 3
1 -8.88178e-15
2 8.52651e-14
3 1.30562e-13
4964 3
1 -1.5099e-14
2 1.00364e-13
3 1.22569e-13
4966 3
1 -9.76996e-15
2 1.11022e-13
3 1.24345e-13
4968 3
1 -1.24345e-14
2 1.24345e-13
3 1.08358e-13
4970 3
1 9.76996e-15
2 1.03029e-13
3 1.19016e-13
4972 3
1 1.77636e-15
2 1.20792e-13
3 1.25233e-13
4974 3
1 -2.30926e-14
2 1.1724e-13
3 1.33227e-13
4976 3
1 3.9968e-15
2 1.22569e-13
3 1.36779e-13
4978 3
1 8.88178e-15
2 1.24345e-13
3 1.48326e-13
4980 3
1 -8.88178e-15
2 1.1724e-13
3 1.52767e-13
4982 3
1 -1.19904e-14
2 1.01252e-13
3 1.42109e-13
4984 3
1 -4.88498e-15
2 1.02141e-13
3 1.42109e-13
4986 3
1 1.33227e-15
2 1.03029e-13
3 1.29674e-13
4988 3
1 -6.66134e-15
2 1.13687e-13
3 1.33227e-13
4990 3
1 -2.26485e-14
2 1.1191e-13
3 1.6076e-13
4992 3
1 -4.44089e-16
2 1.20792e-13
3 1.39444e-13
4994 3
1 2.22045e-15
2 1.0747e-13
3 1.43885e-13
4996 3
1 1.15463e-14
2 9.05942e-14
3 1.62537e-13
4998 3
1 2.53131e-14
2 9.05942e-14
3 1.35003e-13
5000 3
1 2.66454e-14
2 1.24345e-13
3 1.22569e-13
5002 3
1 1.55431e-14
2 9.85878e-14
3 1.3145e-13
5004 3
1 1.33227e-15
2 6.92779e-14
3 1.46549e-13
5006 3
1 4.88498e-15
2 1.06581e-13
3 1.43885e-13
5008 3
1 -1.33227e-15
2 8.70415e-14
3 1.38556e-13
5010 3
1 2.13163e-14
2 9.76996e-14
3 1.49214e-13
5012 3
1 1.11022e-14
2 9.05942e-14
3 1.16351e-13
5014 3
1 2.13163e-14
2 9.76996e-14
3 1.05693e-13
5016 3
1 -1.11022e-14
2 9.41469e-14
3 1.0747e-13
5018 3
1 -5.77316e-15
2 9.59233e-14
3 1.16351e-13
5020 3
1 -1.42109e-14
2 9.59233e-14
3 1.1724e-13
5022 3
1 -4.44089e-16
2 9.32587e-14
3 1.27898e-13
5024 3
1 -3.55271e-15
2 1.03917e-13
3 1.08358e-13
5026 3
1 5.77316e-15
2 1.20792e-13
3 1.27898e-13
5028 3
1 -3.9968e-15
2 1.35003e-13
3 1.32339e-13
5030 3
1 4.44089e-16
2 1.09246e-13
3 1.29674e-13
5032 3
1 2.44249e-14
2 8.88178e-14
3 1.27898e-13
5034 3
1 -8.88178e-15
2 1.03029e-13
3 1.53655e-13
5036 3
1 1.59872e-14
2 7.72715e-14
3 1.24345e-13
5038 3
1 1.15463e-14
2 8.79297e-14
3 1.26121e-13
5040 3
1 -3.9968e-15
2 1.2701e-13
3 1.19016e-13
5042 3
1 -2.04281e-14
2 1.10134e-13
3 1.38556e-13
5044 3
1 -6.21725e-15
2 1.3145e-13
3 1.13687e-13
5046 3
1 -2.22045e-14
2 9.68114e-14
3 1.2168e-13
5048 3
1 -1.02141e-14
2 1.14575e-13
3 1.27898e-13
5050 3
1 1.15463e-14
2 1.01252e-13
3 1.24345e-13
5052 3
1 -8.43769e-15
2 9.05942e-14
3 1.28786e-13
5054 3
1 4.44089e-16
2 9.50351e-14
3 1.54543e-13
5056 3
1 -4.88498e-15
2 7.90479e-14
3 1.47438e-13
5058 3
1 -1.9984e-14
2 9.59233e-14
3 1.48326e-13
5060 3
1 -3.9968e-14
2 8.17124e-14
3 1.36779e-13
5062 3
1 4.44089e-15
2 9.50351e-14
3 1.42109e-13
5064 3
1 -3.4639e-14
2 1.06581e-13
3 1.13687e-13
5066 3
1 -1.46549e-14
2 9.41469e-14
3 1.56319e-13
5068 3
1 -7.99361e-15
2 1.13687e-13
3 1.29674e-13
5070 3
1 -3.73035e-14
2 9.41469e-14
3 1.34115e-13
5072 3
1 -1.86517e-14
2 1.04805e-13
3 1.29674e-13
5074 3
1 3.55271e-15
2 8.43769e-14
3 1.3145e-13
5076 3
1 -3.10862e-15
2 9.68114e-14
3 1.2701e-13
5078 3
1 9.32587e-15
2 1.08358e-13
3 1.38556e-13
5080 3
1 -1.55431e-14
2 1.02141e-13
3 1.42997e-13
5082 3
1 -3.55271e-14
2 7.19425e-14
3 1.24345e-13
5084 3
1 -3.15303e-14
2 1.20792e-13
3 1.29674e-13
5086 3
1 -2.66454e-14
2 1.01252e-13
3 1.35003e-13
5088 3
1 -9.76996e-15
2 1.13687e-13
3 1.20792e-13
5090 3
1 -1.11022e-15
2 8.9706e-14
3 1.02141e-13
5092 3
1 -2.28706e-14
2 1.11022e-13
3 1.35891e-13
5094 3
1 -8.88178e-15
2 9.05942e-14
3 1.3145e-13
5096 3
1 -3.55271e-15
2 6.75016e-14
3 1.22569e-13
5098 3
1 -1.28786e-14
2 1.23457e-13
3 1.13687e-13
5100 3
1 -1.75415e-14
2 9.05942e-14
3 1.20792e-13
5102 3
1 -1.39888e-14
2 1.19016e-13
3 1.24345e-13
5104 3
1 -2.79776e-14
2 8.26006e-14
3 1.0747e-13
5106 3
1 -9.99201e-15
2 7.01661e-14
3 1.36779e-13
5108 3
1 -2.59792e-14
2 9.59233e-14
3 1.45661e-13
5110 3
1 -6.88338e-15
2 9.50351e-14
3 1.04805e-13
5112 3
1 -1.44329e-14
2 7.99361e-14
3 1.32339e-13
5114 3
1 -4.44089e-16
2 9.14824e-14
3 1.04805e-13
5116 3
1 -9.99201e-15
2 1.08358e-13
3 1.0747e-13
5118 3
1 5.32907e-15
2 9.23706e-14
3 1.10134e-13
5120 3
1 -1.55431e-15
2 6.39488e-14
3 1.14575e-13
5122 3
1 1.17684e-14
2 8.70415e-14
3 1.27898e-13
5124 3
1 2.22045e-16
2 1.02141e-13
3 1.27898e-13
5126 3
1 -4.44089e-15
2 6.66134e-14
3 1.27898e-13
5128 3
1 1.9984e-15
2 7.99361e-14
3 1.19016e-13
5130 3
1 8.65974e-15
2 1.12799e-13
3 1.35003e-13
5132 3
1 7.77156e-15
2 1.08358e-13
3 1.1191e-13
5134 3
1 -8.88178e-15
2 8.34888e-14
3 1.19016e-13
5136 3
1 4.88498e-15
2 9.59233e-14
3 1.16351e-13
5138 3
1 -7.54952e-15
2 1.08358e-13
3 1.4122e-13
5140 3
1 -6.21725e-15
2 8.61533e-14
3 1.24345e-13
5142 3
1 -1.06581e-14
2 6.30607e-14
3 1.2701e-13
5144 3
1 -2.13163e-14
2 9.23706e-14
3 1.16351e-13
5146 3
1 -5.10703e-15
2 1.00364e-13
3 1.22569e-13
5148 3
1 1.55431e-15
2 1.10134e-13
3 1.33227e-13
5150 3
1 3.9968e-15
2 1.00364e-13
3 1.29674e-13
5152 3
1 1.11022e-14
2 1.40332e-13
3 1.1724e-13
5154 3
1 6.88338e-15
2 1.04805e-13
3 1.36779e-13
5156 3
1 3.86358e-14
2 9.9476e-14
3 1.35891e-13
5158 3
1 -1.33227e-15
2 1.2701e-13
3 1.36779e-13
5160 3
1 5.32907e-15
2 1.03917e-13
3 1.27898e-13
5162 3
1 -2.24265e-14
2 8.70415e-14
3 1.55431e-13
5164 3
1 1.24345e-14
2 7.81597e-14
3 1.62537e-13
5166 3
1 -1.24345e-14
2 1.05693e-13
3 1.48326e-13
5168 3
1 3.77476e-15
2 1.03029e-13
3 1.30562e-13
5170 3
1 -1.11022e-14
2 7.81597e-14
3 1.3145e-13
5172 3
1 1.11022e-14
2 7.90479e-14
3 1.2701e-13
5174 3
1 7.99361e-15
2 1.13687e-13
3 1.20792e-13
5176 3
1 -5.77316e-15
2 9.23706e-14
3 1.54543e-13
5178 3
1 2.08722e-14
2 8.17124e-14
3 1.38556e-13
5180 3
1 -2.86438e-14
2 1.08358e-13
3 1.43885e-13
5182 3
1 -5.32907e-15
2 7.81597e-14
3 1.28786e-13
5184 3
1 3.06422e-14
2 8.61533e-14
3 1.26121e-13
5186 3
1 -9.32587e-15
2 1.05693e-13
3 1.24345e-13
5188 3
1 -1.57652e-14
2 5.9508e-14
3 1.45661e-13
5190 3
1 1.55431e-14
2 7.10543e-14
3 1.43885e-13
5192 3
1 -2.86438e-14
2 9.14824e-14
3 1.3145e-13
5194 3
1 -1.11022e-15
2 1.13687e-13
3 1.33227e-13
5196 3
1 -2.88658e-15
2 9.76996e-14
3 1.35891e-13
5198 3
1 1.55431e-14
2 9.32587e-14
3 1.58984e-13
5200 3
1 -6.21725e-15
2 8.88178e-14
3 1.29674e-13
5202 3
1 -2.77556e-14
2 1.0747e-13
3 1.33227e-13
5204 3
1 -2.4647e-14
2 1.27898e-13
3 1.3145e-13
5206 3
1 1.4877e-14
2 8.79297e-14
3 1.35891e-13
5208 3
1 -1.28786e-14
2 1.10134e-13
3 1.48326e-13
5210 3
1 -1.55431e-14
2 1.10134e-13
3 1.37668e-13
5212 3
1 -2.24265e-14
2 8.26006e-14
3 1.22569e-13
5214 3
1 -5.77316e-15
2 8.17124e-14
3 1.33227e-13
5216 3
1 -1.13243e-14
2 1.04805e-13
3 1.51879e-13
5218 3
1 3.77476e-15
2 1.18128e-13
3 1.40332e-13
5220 3
1 -5.9952e-15
2 1.03029e-13
3 1.44773e-13
5222 3
1 1.77636e-14
2 1.16351e-13
3 1.48326e-13
5224 3
1 2.68674e-14
2 1.12799e-13
3 1.45661e-13
5226 3
1 2.4647e-14
2 1.18128e-13
3 1.55431e-13
5228 3
1 -3.55271e-15
2 1.01252e-13
3 1.53655e-13
5230 3
1 -1.11022e-14
2 1.03029e-13
3 1.20792e-13
5232 3
1 6.66134e-15
2 9.32587e-14
3 1.43885e-13
5234 3
1 -1.06581e-14
2 1.0747e-13
3 1.36779e-13
5236 3
1 2.95319e-14
2 1.2168e-13
3 1.54543e-13
5238 3
1 2.26485e-14
2 1.12799e-13
3 1.5099e-13
5240 3
1 1.66533e-14
2 1.0747e-13
3 1.43885e-13
5242 3
1 1.9984e-15
2 1.02141e-13
3 1.52767e-13
5244 3
1 5.55112e-15
2 1.09246e-13
3 1.58984e-13
5246 3
1 1.93179e-14
2 1.1724e-13
3 1.61648e-13
5248 3
1 -1.77636e-15
2 1.16351e-13
3 1.3145e-13
5250 3
1 2.66454e-14
2 1.27898e-13
3 1.28786e-13
5252 3
1 2.39808e-14
2 1.33227e-13
3 1.49214e-13
5254 3
1 1.15463e-14
2 1.1191e-13
3 1.36779e-13
5256 3
1 6.66134e-16
2 1.00364e-13
3 1.16351e-13
5258 3
1 -2.10942e-14
2 1.30562e-13
3 1.40332e-13
5260 3
1 -2.44249e-15
2 1.35003e-13
3 1.47438e-13
5262 3
1 -4.88498e-15
2 1.2701e-13
3 1.42109e-13
5264 3
1 1.26565e-14
2 8.52651e-14
3 1.49214e-13
5266 3
1 -1.11022e-15
2 1.28786e-13
3 1.44773e-13
5268 3
1 -1.53211e-14
2 1.45661e-13
3 1.49214e-13
5270 3
1 -1.28786e-14
2 1.16351e-13
3 1.32339e-13
5272 3
1 5.9952e-15
2 1.19016e-13
3 1.1191e-13
5274 3
1 -4.44089e-16
2 1.29674e-13
3 1.22569e-13
5276 3
1 -1.62093e-14
2 1.13687e-13
3 1.29674e-13
5278 3
1 -6.43929e-15
2 1.15463e-13
3 1.18128e-13
5280 3
1 -4.88498e-15
2 1.20792e-13
3 1.3145e-13
5282 3
1 2.66454e-15
2 1.56319e-13
3 1.35891e-13
5284 3
1 3.59712e-14
2 1.39444e-13
3 1.40332e-13
5286 3
1 2.26485e-14
2 1.35003e-13
3 1.20792e-13
5288 3
1 3.17524e-14
2 1.19904e-13
3 1.22569e-13
5290 3
1 1.22125e-14
2 1.23457e-13
3 1.08358e-13
5292 3
1 4.88498e-15
2 1.13687e-13
3 1.10134e-13
5294 3
1 9.99201e-15
2 1.1191e-13
3 1.12799e-13
5296 3
1 1.86517e-14
2 1.22569e-13
3 1.1191e-13
5298 3
1 1.46549e-14
2 1.06581e-13
3 1.1191e-13
5300 3
1 6.21725e-15
2 1.1191e-13
3 1.28786e-13
5302 3
1 1.77636e-14
2 1.1724e-13
3 1.27898e-13
5304 3
1 2.70894e-14
2 1.19016e-13
3 1.05693e-13
5306 3
1 -9.10383e-15
2 1.18128e-13
3 1.37668e-13
5308 3
1 3.06422e-14
2 1.13687e-13
3 1.34115e-13
5310 3
1 1.68754e-14
2 1.0747e-13
3 1.27898e-13
5312 3
1 1.70974e-14
2 1.24345e-13
3 1.42109e-13
5314 3
1 3.37508e-14
2 1.04805e-13
3 1.23457e-13
5316 3
1 3.53051e-14
2 8.17124e-14
3 1.24345e-13
5318 3
1 1.88738e-14
2 1.12799e-13
3 1.33227e-13
5320 3
1 2.62013e-14
2 1.27898e-13
3 1.40332e-13
5322 3
1 3.19744e-14
2 1.16351e-13
3 1.30562e-13
5324 3
1 3.55271e-15
2 1.35003e-13
3 1.22569e-13
5326 3
1 5.32907e-15
2 1.27898e-13
3 1.32339e-13
5328 3
1 2.26485e-14
2 1.13687e-13
3 1.3145e-13
5330 3
1 3.90799e-14
2 1.43885e-13
3 1.16351e-13
5332 3
1 2.9754e-14
2 1.20792e-13
3 1.24345e-13
5334 3
1 2.57572e-14
2 1.1724e-13
3 1.14575e-13
5336 3
1 4.44089e-16
2 1.19904e-13
3 1.49214e-13
5338 3
1 -1.77636e-15
2 9.32587e-14
3 1.4122e-13
5340 3
1 4.44089e-15
2 9.14824e-14
3 1.13687e-13
5342 3
1 2.44249e-14
2 1.20792e-13
3 1.2701e-13
5344 3
1 1.77636e-14
2 1.36779e-13
3 1.44773e-13
5346 3
1 2.75335e-14
2 1.05693e-13
3 1.30562e-13
5348 3
1 1.95399e-14
2 1.10134e-13
3 1.49214e-13
5350 3
1 3.5083e-14
2 1.1191e-13
3 1.38556e-13
5352 3
1 1.28786e-14
2 1.15463e-13
3 1.16351e-13
5354 3
1 3.9968e-15
2 1.27898e-13
3 1.30562e-13
5356 3
1 1.73195e-14
2 1.1191e-13
3 1.18128e-13
5358 3
1 3.33067e-14
2 1.25233e-13
3 1.1724e-13
5360 3
1 2.57572e-14
2 1.08358e-13
3 1.3145e-13
5362 3
1 1.15463e-14
2 1.12799e-13
3 1.0747e-13
5364 3
1 1.73195e-14
2 1.26121e-13
3 1.19016e-13
5366 3
1 -1.15463e-14
2 1.3145e-13
3 1.36779e-13
5368 3
1 1.02141e-14
2 1.50102e-13
3 1.35003e-13
5370 3
1 3.10862e-15
2 1.24345e-13
3 1.0747e-13
5372 3
1 8.88178e-15
2 1.36779e-13
3 1.32339e-13
5374 3
1 1.46549e-14
2 1.03029e-13
3 1.42109e-13
5376 3
1 1.28786e-14
2 1.35003e-13
3 1.16351e-13
5378 3
1 2.75335e-14
2 1.06581e-13
3 1.35003e-13
5380 3
1 4.88498e-15
2 1.37668e-13
3 1.33227e-13
5382 3
1 2.75335e-14
2 1.23457e-13
3 1.29674e-13
5384 3
1 1.5099e-14
2 1.42109e-13
3 1.42997e-13
5386 3
1 -9.76996e-15
2 1.27898e-13
3 1.35003e-13
5388 3
1 9.76996e-15
2 1.56319e-13
3 1.39444e-13
5390 3
1 1.86517e-14
2 1.57208e-13
3 1.28786e-13
5392 3
1 1.59872e-14
2 1.72307e-13
3 1.40332e-13
5394 3
1 6.21725e-15
2 1.53655e-13
3 1.42109e-13
5396 3
1 3.37508e-14
2 1.36779e-13
3 1.29674e-13
5398 3
1 -8.88178e-16
2 1.44773e-13
3 1.5099e-13
5400 3
1 8.88178e-15
2 1.18128e-13
3 1.33227e-13
5402 3
1 1.33227e-14
2 1.28786e-13
3 1.25233e-13
5404 3
1 -8.88178e-16
2 1.35891e-13
3 1.43885e-13
5406 3
1 2.75335e-14
2 1.35003e-13
3 1.38556e-13
5408 3
1 1.5099e-14
2 1.27898e-13
3 1.4122e-13
5410 3
1 1.33227e-14
2 1.2701e-13
3 1.58096e-13
5412 3
1 9.76996e-15
2 1.22569e-13
3 1.34115e-13
5414 3
1 -1.77636e-14
2 1.00364e-13
3 1.55431e-13
5416 3
1 5.77316e-15
2 1.0747e-13
3 1.3145e-13
5418 3
1 4.44089e-16
2 1.33227e-13
3 1.52767e-13
5420 3
1 2.53131e-14
2 1.36779e-13
3 1.50102e-13
5422 3
1 7.10543e-15
2 1.42109e-13
3 1.32339e-13
5424 3
1 2.35367e-14
2 1.14575e-13
3 1.63425e-13
5426 3
1 1.06581e-14
2 8.70415e-14
3 1.81188e-13
5428 3
1 2.35367e-14
2 1.24345e-13
3 1.47438e-13
5430 3
1 9.76996e-15
2 1.39444e-13
3 1.58984e-13
5432 3
1 3.9746e-14
2 1.27898e-13
3 1.52767e-13
5434 3
1 3.86358e-14
2 1.20792e-13
3 1.43885e-13
5436 3
1 4.61853e-14
2 1.62537e-13
3 1.68754e-13
5438 3
1 3.10862e-14
2 1.2168e-13
3 1.48326e-13
5440 3
1 2.26485e-14
2 1.24345e-13
3 1.45661e-13
5442 3
1 2.39808e-14
2 1.13687e-13
3 1.37668e-13
5444 3
1 1.15463e-14
2 1.58984e-13
3 1.40332e-13
5446 3
1 2.30926e-14
2 1.38556e-13
3 1.29674e-13
5448 3
1 7.54952e-15
2 1.35003e-13
3 1.51879e-13
5450 3
1 9.32587e-15
2 1.45661e-13
3 1.5099e-13
5452 3
1 -8.43769e-15
2 1.1724e-13
3 1.55431e-13
5454 3
1 2.13163e-14
2 1.36779e-13
3 1.56319e-13
5456 3
1 1.33227e-14
2 1.48326e-13
3 1.42109e-13
5458 3
1 8.88178e-16
2 1.43885e-13
3 1.53655e-13
5460 3
1 8.88178e-16
2 1.58984e-13
3 1.47438e-13
5462 3
1 2.26485e-14
2 1.56319e-13
3 1.43885e-13
5464 3
1 5.77316e-15
2 1.36779e-13
3 1.42109e-13
5466 3
1 7.99361e-15
2 1.43885e-13
3 1.39444e-13
5468 3
1 2.44249e-15
2 1.5099e-13
3 1.27898e-13
5470 3
1 1.15463e-14
2 1.06581e-13
3 1.59872e-13
5472 3
1 4.44089e-16
2 1.54543e-13
3 1.45661e-13
5474 3
1 4.44089e-15
2 1.20792e-13
3 1.42997e-13
5476 3
1 2.04281e-14
2 1.58096e-13
3 1.5099e-13
5478 3
1 4.44089e-16
2 1.2701e-13
3 1.29674e-13
5480 3
1 1.46549e-14
2 1.22569e-13
3 1.42997e-13
5482 3
1 2.90878e-14
2 1.20792e-13
3 1.35003e-13
5484 3
1 2.30926e-14
2 1.37668e-13
3 1.39444e-13
5486 3
1 1.82077e-14
2 1.39444e-13
3 1.40332e-13
5488 3
1 1.77636e-14
2 1.29674e-13
3 1.35003e-13
5490 3
1 8.88178e-16
2 1.2701e-13
3 1.58096e-13
5492 3
1 5.32907e-15
2 1.24345e-13
3 1.34115e-13
5494 3
1 1.59872e-14
2 1.35003e-13
3 1.77636e-13
5496 3
1 1.59872e-14
2 1.3145e-13
3 1.49214e-13
5498 3
1 2.35367e-14
2 1.29674e-13
3 1.36779e-13
5500 3
1 3.55271e-15
2 1.3145e-13
3 1.5099e-13
5502 3
1 -3.55271e-15
2 1.19016e-13
3 1.5099e-13
5504 3
1 6.66134e-15
2 1.62537e-13
3 1.40332e-13
5506 3
1 1.86517e-14
2 1.22569e-13
3 1.40332e-13
5508 3
1 2.22045e-15
2 1.29674e-13
3 1.43885e-13
5510 3
1 1.77636e-15
2 1.35003e-13
3 1.22569e-13
5512 3
1 9.32587e-15
2 1.52767e-13
3 1.59872e-13
5514 3
1 2.66454e-15
2 1.34115e-13
3 1.37668e-13
5516 3
1 1.9984e-14
2 1.2168e-13
3 1.49214e-13
5518 3
1 2.44249e-14
2 1.35003e-13
3 1.54543e-13
5520 3
1 2.93099e-14
2 1.34115e-13
3 1.58096e-13
5522 3
1 1.02141e-14
2 1.16351e-13
3 1.38556e-13
5524 3
1 3.55271e-14
2 1.47438e-13
3 1.58984e-13
5526 3
1 -6.21725e-15
2 1.57208e-13
3 1.2701e-13
5528 3
1 2.04281e-14
2 1.40332e-13
3 1.51879e-13
5530 3
1 5.32907e-15
2 1.43885e-13
3 1.49214e-13
5532 3
1 1.15463e-14
2 1.26121e-13
3 1.47438e-13
5534 3
1 5.32907e-15
2 1.29674e-13
3 1.59872e-13
5536 3
1 -5.32907e-15
2 1.36779e-13
3 1.43885e-13
5538 3
1 3.4639e-14
2 1.38556e-13
3 1.45661e-13
5540 3
1 2.4869e-14
2 1.61648e-13
3 1.54543e-13
5542 3
1 2.93099e-14
2 1.26121e-13
3 1.63425e-13
5544 3
1 8.88178e-15
2 1.38556e-13
3 1.5099e-13
5546 3
1 -8.88178e-15
2 1.47438e-13
3 1.56319e-13
5548 3
1 -4.44089e-15
2 1.29674e-13
3 1.61648e-13
5550 3
1 2.84217e-14
2 1.38556e-13
3 1.48326e-13
5552 3
1 6.21725e-15
2 1.57208e-13
3 1.58984e-13
5554 3
1 2.66454e-14
2 1.2701e-13
3 1.58984e-13
5556 3
1 7.99361e-15
2 1.28786e-13
3 1.42997e-13
5558 3
1 4.44089e-15
2 1.5099e-13
3 1.3145e-13
5560 3
1 -1.33227e-14
2 1.33227e-13
3 1.50102e-13
5562 3
1 1.77636e-15
2 1.23457e-13
3 1.20792e-13
5564 3
1 1.5099e-14
2 1.23457e-13
3 1.49214e-13
5566 3
1 -9.76996e-15
2 1.15463e-13
3 1.55431e-13
5568 3
1 -1.11022e-14
2 1.08358e-13
3 1.24345e-13
5570 3
1 -8.43769e-15
2 1.22569e-13
3 1.24345e-13
5572 3
1 1.86517e-14
2 1.11022e-13
3 1.36779e-13
5574 3
1 1.06581e-14
2 1.2701e-13
3 1.53655e-13
5576 3
1 4.44089e-15
2 1.27898e-13
3 1.33227e-13
5578 3
1 -2.22045e-15
2 1.06581e-13
3 1.25233e-13
5580 3
1 1.77636e-14
2 1.35891e-13
3 1.42109e-13
5582 3
1 -6.21725e-15
2 1.27898e-13
3 1.14575e-13
5584 3
1 9.32587e-15
2 1.09246e-13
3 1.38556e-13
5586 3
1 7.10543e-15
2 1.35891e-13
3 1.44773e-13
5588 3
1 4.44089e-16
2 1.08358e-13
3 1.36779e-13
5590 3
1 1.28786e-14
2 1.29674e-13
3 1.34115e-13
5592 3
1 5.32907e-15
2 1.3145e-13
3 1.46549e-13
5594 3
1 2.13163e-14
2 1.2168e-13
3 1.30562e-13
5596 3
1 6.66134e-15
2 1.27898e-13
3 1.33227e-13
5598 3
1 3.9968e-15
2 9.85878e-14
3 1.48326e-13
5600 3
1 1.77636e-14
2 1.01252e-13
3 1.34115e-13
5602 3
1 2.22045e-14
2 1.08358e-13
3 1.27898e-13
5604 3
1 2.75335e-14
2 9.14824e-14
3 1.49214e-13
5606 3
1 1.59872e-14
2 1.22569e-13
3 1.32339e-13
5608 3
1 1.64313e-14
2 1.36779e-13
3 1.42109e-13
5610 3
1 -2.66454e-15
2 1.27898e-13
3 1.30562e-13
5612 3
1 -1.64313e-14
2 1.4122e-13
3 1.4122e-13
5614 3
1 3.64153e-14
2 1.43885e-13
3 1.33227e-13
5616 3
1 5.77316e-15
2 1.18128e-13
3 1.20792e-13
5618 3
1 2.30926e-14
2 1.38556e-13
3 1.39444e-13
5620 3
1 -3.55271e-15
2 1.29674e-13
3 1.29674e-13
5622 3
1 7.99361e-15
2 1.49214e-13
3 1.33227e-13
5624 3
1 1.33227e-14
2 1.20792e-13
3 1.20792e-13
5626 3
1 1.64313e-14
2 1.32339e-13
3 1.49214e-13
5628 3
1 4.44089e-15
2 1.43885e-13
3 1.29674e-13
5630 3
1 1.77636e-15
2 1.39444e-13
3 1.59872e-13
5632 3
1 2.13163e-14
2 1.36779e-13
3 1.35003e-13
5634 3
1 9.76996e-15
2 1.09246e-13
3 1.64313e-13
5636 3
1 -8.88178e-16
2 1.15463e-13
3 1.33227e-13
5638 3
1 3.55271e-15
2 1.38556e-13
3 1.58096e-13
5640 3
1 -2.57572e-14
2 1.26121e-13
3 1.58096e-13
5642 3
1 4.44089e-15
2 1.6076e-13
3 1.58984e-13
5644 3
1 -1.73195e-14
2 1.10134e-13
3 1.53655e-13
5646 3
1 3.10862e-15
2 1.29674e-13
3 1.45661e-13
5648 3
1 -2.08722e-14
2 1.1724e-13
3 1.58096e-13
5650 3
1 -3.06422e-14
2 1.77636e-13
3 1.5099e-13
5652 3
1 -2.79776e-14
2 1.37668e-13
3 1.6076e-13
5654 3
1 -1.15463e-14
2 1.48326e-13
3 1.6076e-13
5656 3
1 -5.32907e-15
2 1.2168e-13
3 1.5099e-13
5658 3
1 -1.33227e-14
2 1.22569e-13
3 1.38556e-13
5660 3
1 -1.24345e-14
2 1.32339e-13
3 1.43885e-13
5662 3
1 -1.37668e-14
2 1.33227e-13
3 1.71418e-13
5664 3
1 -1.86517e-14
2 1.2168e-13
3 1.47438e-13
5666 3
1 0
2 1.27898e-13
3 1.43885e-13
5668 3
1 1.64313e-14
2 1.55431e-13
3 1.58096e-13
5670 3
1 -3.10862e-14
2 1.45661e-13
3 1.65201e-13
5672 3
1 -2.39808e-14
2 1.38556e-13
3 1.52767e-13
5674 3
1 1.46549e-14
2 1.26121e-13
3 1.37668e-13
5676 3
1 -1.06581e-14
2 1.54543e-13
3 1.38556e-13
5678 3
1 1.06581e-14
2 1.47438e-13
3 1.61648e-13
5680 3
1 1.24345e-14
2 1.24345e-13
3 1.42109e-13
5682 3
1 -4.44089e-15
2 1.20792e-13
3 1.62537e-13
5684 3
1 1.33227e-15
2 1.38556e-13
3 1.47438e-13
5686 3
1 1.55431e-14
2 1.37668e-13
3 1.53655e-13
5688 3
1 -5.32907e-15
2 1.44773e-13
3 1.5099e-13
5690 3
1 -5.32907e-15
2 1.48326e-13
3 1.45661e-13
5692 3
1 -1.15463e-14
2 1.15463e-13
3 1.43885e-13
5694 3
1 3.55271e-15
2 1.24345e-13
3 1.58096e-13
5696 3
1 -1.95399e-14
2 1.26121e-13
3 1.50102e-13
5698 3
1 -1.90958e-14
2 1.56319e-13
3 1.57208e-13
5700 3
1 -2.70894e-14
2 1.50102e-13
3 1.45661e-13
5702 3
1 -1.24345e-14
2 1.20792e-13
3 1.56319e-13
5704 3
1 -1.5099e-14
2 1.4122e-13
3 1.59872e-13
5706 3
1 -9.76996e-15
2 1.35003e-13
3 1.49214e-13
5708 3
1 -2.04281e-14
2 1.52767e-13
3 1.58984e-13
5710 3
1 -2.22045e-14
2 1.47438e-13
3 1.62537e-13
5712 3
1 -1.11022e-14
2 1.71418e-13
3 1.7053e-13
5714 3
1 -6.66134e-15
2 1.44773e-13
3 1.45661e-13
5716 3
1 -2.39808e-14
2 1.58096e-13
3 1.803e-13
5718 3
1 -3.28626e-14
2 1.36779e-13
3 1.62537e-13
5720 3
1 -2.20934e-14
2 1.42997e-13
3 1.74971e-13
5722 3
1 -2.4758e-14
2 1.55431e-13
3 1.54543e-13
5724 3
1 -2.22045e-15
2 1.6076e-13
3 1.66978e-13
5726 3
1 -2.13163e-14
2 1.46549e-13
3 1.63425e-13
5728 3
1 -1.55431e-14
2 1.54543e-13
3 1.68754e-13
5730 3
1 -3.53051e-14
2 1.29674e-13
3 1.6076e-13
5732 3
1 -1.86517e-14
2 1.44773e-13
3 1.35003e-13
5734 3
1 -3.55271e-14
2 1.69642e-13
3 1.63425e-13
5736 3
1 -3.53051e-14
2 1.3145e-13
3 1.48326e-13
5738 3
1 -2.55351e-14
2 1.63425e-13
3 1.40332e-13
5740 3
1 -2.13163e-14
2 1.52767e-13
3 1.52767e-13
5742 3
1 -1.26565e-14
2 1.56319e-13
3 1.66978e-13
5744 3
1 -1.77636e-14
2 1.37668e-13
3 1.43885e-13
5746 3
1 -2.17604e-14
2 1.46549e-13
3 1.66978e-13
5748 3
1 -4.30767e-14
2 1.69642e-13
3 1.48326e-13
5750 3
1 1.44329e-15
2 1.66978e-13
3 1.58096e-13
5752 3
1 -2.67564e-14
2 1.71418e-13
3 1.45661e-13
5754 3
1 -3.4639e-14
2 1.30562e-13
3 1.58096e-13
5756 3
1 -3.91909e-14
2 1.1724e-13
3 1.63425e-13
5758 3
1 -3.28626e-14
2 1.81188e-13
3 1.5099e-13
5760 3
1 -2.76446e-14
2 1.50102e-13
3 1.74083e-13
5762 3
1 -2.80886e-14
2 1.42997e-13
3 1.49214e-13
5764 3
1 -3.81917e-14
2 1.47438e-13
3 1.69642e-13
5766 3
1 -4.39648e-14
2 1.49214e-13
3 1.56319e-13
5768 3
1 -2.4647e-14
2 1.40332e-13
3 1.43885e-13
5770 3
1 -2.66454e-14
2 1.66089e-13
3 1.73195e-13
5772 3
1 -5.31797e-14
2 1.7053e-13
3 1.52767e-13
5774 3
1 -4.50751e-14
2 1.5099e-13
3 1.73195e-13
5776 3
1 -4.64073e-14
2 1.35003e-13
3 1.69642e-13
5778 3
1 -2.9754e-14
2 1.48326e-13
3 1.57208e-13
5780 3
1 -3.34177e-14
2 1.44773e-13
3 1.59872e-13
5782 3
1 -4.26326e-14
2 1.6076e-13
3 1.58984e-13
5784 3
1 -4.28546e-14
2 1.68754e-13
3 1.56319e-13
5786 3
1 -7.99361e-15
2 1.53655e-13
3 1.69642e-13
5788 3
1 -2.5091e-14
2 1.66978e-13
3 1.42997e-13
5790 3
1 -4.17444e-14
2 1.62537e-13
3 1.58096e-13
5792 3
1 -4.4631e-14
2 1.67866e-13
3 1.57208e-13
5794 3
1 -1.33227e-14
2 1.33227e-13
3 1.61648e-13
5796 3
1 -9.4369e-15
2 1.58096e-13
3 1.54543e-13
5798 3
1 -1.60982e-14
2 1.43885e-13
3 1.58096e-13
5800 3
1 -2.9976e-15
2 1.74971e-13
3 1.47438e-13
5802 3
1 -7.54952e-15
2 1.58096e-13
3 1.66978e-13
5804 3
1 -2.60902e-14
2 1.50102e-13
3 1.33227e-13
5806 3
1 -1.72085e-14
2 1.68754e-13
3 1.46549e-13
5808 3
1 -1.16573e-14
2 1.73195e-13
3 1.39444e-13
5810 3
1 -2.57572e-14
2 1.63425e-13
3 1.71418e-13
5812 3
1 -1.24345e-14
2 1.57208e-13
3 1.48326e-13
5814 3
1 2.42029e-14
2 1.6076e-13
3 1.59872e-13
5816 3
1 -8.65974e-15
2 1.37668e-13
3 1.56319e-13
5818 3
1 9.32587e-15
2 1.5099e-13
3 1.45661e-13
5820 3
1 -2.62013e-14
2 1.23457e-13
3 1.42109e-13
5822 3
1 3.10862e-15
2 1.45661e-13
3 1.26121e-13
5824 3
1 -2.22045e-14
2 1.2701e-13
3 1.43885e-13
5826 3
1 -2.84217e-14
2 1.4122e-13
3 1.52767e-13
5828 3
1 -1.15463e-14
2 1.30562e-13
3 1.54543e-13
5830 3
1 3.55271e-15
2 1.32339e-13
3 1.43885e-13
5832 3
1 -2.02061e-14
2 1.47438e-13
3 1.36779e-13
5834 3
1 -7.77156e-15
2 1.4122e-13
3 1.28786e-13
5836 3
1 -1.66533e-14
2 1.36779e-13
3 1.42997e-13
5838 3
1 -2.17604e-14
2 1.43885e-13
3 1.38556e-13
5840 3
1 -4.30767e-14
2 1.47438e-13
3 1.5099e-13
5842 3
1 -2.15383e-14
2 1.49214e-13
3 1.52767e-13
5844 3
1 -3.55271e-15
2 1.42109e-13
3 1.73195e-13
5846 3
1 -2.33147e-14
2 1.35003e-13
3 1.40332e-13
5848 3
1 -2.88658e-14
2 1.22569e-13
3 1.75859e-13
5850 3
1 -5.21805e-15
2 1.42997e-13
3 1.26121e-13
5852 3
1 -2.36478e-14
2 1.29674e-13
3 1.6076e-13
5854 3
1 -2.95319e-14
2 1.48326e-13
3 1.19016e-13
5856 3
1 -1.11022e-14
2 1.1191e-13
3 1.45661e-13
5858 3
1 -1.58762e-14
2 1.10134e-13
3 1.54543e-13
5860 3
1 -3.21965e-14
2 1.23457e-13
3 1.54543e-13
5862 3
1 -1.73195e-14
2 1.20792e-13
3 1.6076e-13
5864 3
1 -1.9984e-14
2 1.47438e-13
3 1.58096e-13
5866 3
1 -4.10783e-14
2 1.08358e-13
3 1.65201e-13
5868 3
1 -1.9762e-14
2 1.13687e-13
3 1.7053e-13
5870 3
1 -7.10543e-15
2 1.22569e-13
3 1.42109e-13
5872 3
1 -1.95399e-14
2 1.20792e-13
3 1.43885e-13
5874 3
1 -1.35447e-14
2 1.08358e-13
3 1.50102e-13
5876 3
1 -3.24185e-14
2 1.13687e-13
3 1.36779e-13
5878 3
1 -3.37508e-14
2 1.19016e-13
3 1.42109e-13
5880 3
1 -3.84137e-14
2 1.26121e-13
3 1.35003e-13
5882 3
1 -2.19824e-14
2 1.35891e-13
3 1.40332e-13
5884 3
1 -2.10942e-14
2 1.28786e-13
3 1.62537e-13
5886 3
1 -3.73035e-14
2 1.42997e-13
3 1.43885e-13
5888 3
1 -4.61853e-14
2 1.46549e-13
3 1.57208e-13
5890 3
1 -4.996e-14
2 1.28786e-13
3 1.59872e-13
5892 3
1 -4.84057e-14
2 1.23457e-13
3 1.74083e-13
5894 3
1 -7.77156e-15
2 1.5099e-13
3 1.38556e-13
5896 3
1 -4.81837e-14
2 1.48326e-13
3 1.48326e-13
5898 3
1 3.77476e-15
2 1.35003e-13
3 1.4122e-13
5900 3
1 -2.44249e-14
2 1.59872e-13
3 1.42997e-13
5902 3
1 -2.22045e-15
2 1.20792e-13
3 1.33227e-13
5904 3
1 -1.5099e-14
2 1.38556e-13
3 1.66089e-13
5906 3
1 -6.66134e-15
2 1.36779e-13
3 1.50102e-13
5908 3
1 -7.54952e-15
2 1.49214e-13
3 1.56319e-13
5910 3
1 -4.10783e-14
2 1.46549e-13
3 1.61648e-13
5912 3
1 -1.84297e-14
2 1.61648e-13
3 1.65201e-13
5914 3
1 -3.77476e-14
2 1.40332e-13
3 1.53655e-13
5916 3
1 -3.15303e-14
2 1.39444e-13
3 1.72307e-13
5918 3
1 -2.77556e-14
2 1.50102e-13
3 1.58096e-13
5920 3
1 -2.4647e-14
2 1.48326e-13
3 1.79412e-13
5922 3
1 -2.4869e-14
2 1.47438e-13
3 1.84741e-13
5924 3
1 -3.70814e-14
2 1.5099e-13
3 1.65201e-13
5926 3
1 -2.95319e-14
2 1.50102e-13
3 1.7053e-13
5928 3
1 -3.66374e-14
2 1.53655e-13
3 1.68754e-13
5930 3
1 -7.54952e-15
2 1.56319e-13
3 1.75859e-13
5932 3
1 -2.70894e-14
2 1.0747e-13
3 1.79412e-13
5934 3
1 -2.75335e-14
2 1.42109e-13
3 1.4122e-13
5936 3
1 -3.06422e-14
2 1.20792e-13
3 1.82077e-13
5938 3
1 -2.13163e-14
2 1.24345e-13
3 1.56319e-13
5940 3
1 -1.15463e-14
2 1.47438e-13
3 1.69642e-13
5942 3
1 -2.66454e-14
2 1.38556e-13
3 1.61648e-13
5944 3
1 -4.35207e-14
2 1.45661e-13
3 1.85629e-13
5946 3
1 -2.35367e-14
2 1.49214e-13
3 1.81188e-13
5948 3
1 -2.66454e-15
2 1.37668e-13
3 1.88294e-13
5950 3
1 -1.59872e-14
2 1.4122e-13
3 1.95399e-13
5952 3
1 -3.9968e-15
2 1.24345e-13
3 1.63425e-13
5954 3
1 -1.02141e-14
2 1.38556e-13
3 1.63425e-13
5956 3
1 -1.95399e-14
2 1.26121e-13
3 1.82965e-13
5958 3
1 -2.9754e-14
2 1.11022e-13
3 1.59872e-13
5960 3
1 -3.28626e-14
2 1.6076e-13
3 1.74083e-13
5962 3
1 -4.66294e-14
2 1.06581e-13
3 1.72307e-13
5964 3
1 -5.77316e-14
2 1.42997e-13
3 1.71418e-13
5966 3
1 -2.84217e-14
2 1.36779e-13
3 1.86517e-13
5968 3
1 -8.88178e-15
2 1.20792e-13
3 1.91847e-13
5970 3
1 -4.39648e-14
2 1.37668e-13
3 1.77636e-13
5972 3
1 -5.68434e-14
2 1.0747e-13
3 1.85629e-13
5974 3
1 -1.5099e-14
2 1.33227e-13
3 1.69642e-13
5976 3
1 -3.4639e-14
2 1.16351e-13
3 1.94511e-13
5978 3
1 -3.4639e-14
2 1.28786e-13
3 1.77636e-13
5980 3
1 -1.4877e-14
2 1.1724e-13
3 1.87406e-13
5982 3
1 -2.95319e-14
2 1.26121e-13
3 1.52767e-13
5984 3
1 -2.64233e-14
2 1.16351e-13
3 1.83853e-13
5986 3
1 -1.4877e-14
2 1.13687e-13
3 1.78524e-13
5988 3
1 -4.21885e-14
2 9.50351e-14
3 1.7053e-13
5990 3
1 -2.24265e-14
2 1.29674e-13
3 1.86517e-13
5992 3
1 -1.75415e-14
2 1.19016e-13
3 1.72307e-13
5994 3
1 -7.77156e-15
2 1.0747e-13
3 1.82965e-13
5996 3
1 -1.39888e-14
2 1.32339e-13
3 1.9007e-13
5998 3
1 6.66134e-15
2 1.15463e-13
3 1.83853e-13
6000 3
1 -1.79856e-14
2 9.41469e-14
3 1.86517e-13
6002 3
1 -4.44089e-16
2 9.68114e-14
3 1.75859e-13
6004 3
1 1.46549e-14
2 1.1191e-13
3 1.78524e-13
6006 3
1 -8.88178e-15
2 8.70415e-14
3 1.82077e-13
6008 3
1 8.65974e-15
2 1.35003e-13
3 1.73195e-13
6010 3
1 4.21885e-15
2 1.38556e-13
3 2.16716e-13
6012 3
1 -8.21565e-15
2 1.11022e-13
3 1.74971e-13
6014 3
1 1.46549e-14
2 1.06581e-13
3 2.00728e-13
6016 3
1 1.33227e-15
2 9.59233e-14
3 2.14051e-13
6018 3
1 -1.46549e-14
2 1.58096e-13
3 2.06057e-13
6020 3
1 -2.57572e-14
2 1.03917e-13
3 2.02505e-13
6022 3
1 -1.06581e-14
2 1.42109e-13
3 1.90958e-13
6024 3
1 -2.44249e-15
2 1.20792e-13
3 1.86517e-13
6026 3
1 -1.55431e-14
2 1.1191e-13
3 1.84741e-13
6028 3
1 -3.9968e-15
2 1.2168e-13
3 2.07834e-13
6030 3
1 -1.37668e-14
2 1.24345e-13
3 1.96287e-13
6032 3
1 4.66294e-15
2 1.2701e-13
3 1.91847e-13
6034 3
1 -2.95319e-14
2 1.24345e-13
3 1.84741e-13
6036 3
1 7.54952e-15
2 7.72715e-14
3 2.14051e-13
6038 3
1 -2.9754e-14
2 1.28786e-13
3 2.05169e-13
6040 3
1 -1.64313e-14
2 1.19904e-13
3 1.83853e-13
6042 3
1 3.9968e-15
2 1.13687e-13
3 2.27374e-13
6044 3
1 -1.04361e-14
2 1.19904e-13
3 2.04281e-13
6046 3
1 2.75335e-14
2 1.22569e-13
3 2.01617e-13
6048 3
1 -7.54952e-15
2 7.19425e-14
3 1.95399e-13
6050 3
1 -9.10383e-15
2 9.14824e-14
3 2.1716e-13
6052 3
1 1.04361e-14
2 9.76996e-14
3 2.11831e-13
6054 3
1 -1.77636e-14
2 1.25233e-13
3 2.24709e-13
6056 3
1 1.55431e-15
2 8.26006e-14
3 2.15827e-13
6058 3
1 -1.5099e-14
2 1.3145e-13
3 2.33147e-13
6060 3
1 -7.10543e-15
2 9.9476e-14
3 2.13163e-13
6062 3
1 1.62093e-14
2 1.09246e-13
3 2.367e-13
6064 3
1 -2.53131e-14
2 1.09246e-13
3 2.20712e-13
6066 3
1 -5.9952e-15
2 1.01252e-13
3 2.18492e-13
6068 3
1 -1.11022e-15
2 1.10134e-13
3 2.0739e-13
6070 3
1 -1.88738e-14
2 1.26121e-13
3 2.1938e-13
6072 3
1 -1.90958e-14
2 1.1191e-13
3 2.08722e-13
6074 3
1 -1.66533e-14
2 7.90479e-14
3 2.30926e-13
6076 3
1 1.33227e-15
2 9.59233e-14
3 2.23821e-13
6078 3
1 4.88498e-15
2 1.14575e-13
3 2.08278e-13
6080 3
1 -5.10703e-15
2 1.03029e-13
3 1.96287e-13
6082 3
1 7.32747e-15
2 1.00364e-13
3 2.03393e-13
6084 3
1 6.66134e-16
2 8.9706e-14
3 2.05169e-13
6086 3
1 -7.99361e-15
2 1.32339e-13
3 2.17604e-13
6088 3
1 -1.86517e-14
2 9.68114e-14
3 1.96287e-13
6090 3
1 1.33227e-15
2 1.28786e-13
3 2.10498e-13
6092 3
1 -9.32587e-15
2 1.26121e-13
3 2.04281e-13
6094 3
1 -1.77636e-15
2 1.10134e-13
3 2.00728e-13
6096 3
1 7.10543e-15
2 1.14575e-13
3 2.22045e-13
6098 3
1 -1.42109e-14
2 1.22569e-13
3 2.16716e-13
6100 3
1 1.37668e-14
2 1.12799e-13
3 2.1938e-13
6102 3
1 -8.88178e-16
2 1.28786e-13
3 2.18492e-13
6104 3
1 8.88178e-16
2 1.13687e-13
3 2.33591e-13
6106 3
1 2.70894e-14
2 1.22569e-13
3 2.21156e-13
6108 3
1 -6.66134e-15
2 1.24345e-13
3 1.93623e-13
6110 3
1 -1.59872e-14
2 1.36779e-13
3 2.04281e-13
6112 3
1 1.64313e-14
2 1.1724e-13
3 2.04281e-13
6114 3
1 6.21725e-15
2 1.3145e-13
3 1.9007e-13
6116 3
1 5.32907e-15
2 1.2701e-13
3 2.06057e-13
6118 3
1 1.77636e-15
2 1.27898e-13
3 1.83853e-13
6120 3
1 3.33067e-14
2 1.18128e-13
3 2.01617e-13
6122 3
1 -1.33227e-15
2 1.2701e-13
3 2.25597e-13
6124 3
1 -1.68754e-14
2 1.32339e-13
3 2.05169e-13
6126 3
1 -1.24345e-14
2 1.3145e-13
3 2.03393e-13
6128 3
1 5.32907e-15
2 1.32339e-13
3 2.04281e-13
6130 3
1 2.79776e-14
2 1.19904e-13
3 2.22933e-13
6132 3
1 5.32907e-15
2 1.24345e-13
3 2.04281e-13
6134 3
1 1.33227e-14
2 1.66978e-13
3 2.01617e-13
6136 3
1 1.28786e-14
2 1.45661e-13
3 1.9007e-13
6138 3
1 8.88178e-16
2 1.26121e-13
3 1.97176e-13
6140 3
1 -2.79776e-14
2 1.50102e-13
3 1.94511e-13
6142 3
1 -8.43769e-15
2 1.16351e-13
3 2.04281e-13
6144 3
1 -1.33227e-15
2 1.19016e-13
3 1.96287e-13
6146 3
1 -1.11022e-14
2 1.34115e-13
3 2.14939e-13
6148 3
1 9.76996e-15
2 1.43885e-13
3 2.07834e-13
6150 3
1 -3.55271e-15
2 1.22569e-13
3 1.81188e-13
6152 3
1 -1.15463e-14
2 1.28786e-13
3 2.06946e-13
6154 3
1 2.04281e-14
2 1.62537e-13
3 1.83853e-13
6156 3
1 -1.33227e-15
2 1.35003e-13
3 2.00728e-13
6158 3
1 -2.22045e-15
2 1.59872e-13
3 2.06057e-13
6160 3
1 -1.33227e-14
2 1.38556e-13
3 2.14051e-13
6162 3
1 -2.13163e-14
2 1.67866e-13
3 2.23821e-13
6164 3
1 -1.15463e-14
2 1.33227e-13
3 2.02505e-13
6166 3
1 2.13163e-14
2 1.58984e-13
3 2.26485e-13
6168 3
1 4.44089e-16
2 1.46549e-13
3 2.00728e-13
6170 3
1 -2.62013e-14
2 1.66978e-13
3 2.00728e-13
6172 3
1 -3.01981e-14
2 1.22569e-13
3 2.0961e-13
6174 3
1 -1.06581e-14
2 1.36779e-13
3 1.96287e-13
6176 3
1 -8.88178e-15
2 1.47438e-13
3 2.14939e-13
6178 3
1 -6.21725e-15
2 1.64313e-13
3 2.14939e-13
6180 3
1 -2.26485e-14
2 1.49214e-13
3 2.01617e-13
6182 3
1 -4.44089e-16
2 1.55431e-13
3 1.96287e-13
6184 3
1 -1.90958e-14
2 1.50102e-13
3 2.15827e-13
6186 3
1 -2.84217e-14
2 1.91847e-13
3 1.97176e-13
6188 3
1 -6.21725e-15
2 1.47438e-13
3 1.98952e-13
6190 3
1 6.21725e-15
2 1.55431e-13
3 2.05169e-13
6192 3
1 -2.75335e-14
2 1.63425e-13
3 1.85629e-13
6194 3
1 -2.9754e-14
2 1.62537e-13
3 1.90958e-13
6196 3
1 -2.30926e-14
2 1.75859e-13
3 2.14939e-13
6198 3
1 -3.4639e-14
2 1.49214e-13
3 1.97176e-13
6200 3
1 -2.22045e-14
2 1.90958e-13
3 2.06946e-13
6202 3
1 -1.95399e-14
2 1.6076e-13
3 1.82965e-13
6204 3
1 -2.39808e-14
2 1.34115e-13
3 2.1938e-13
6206 3
1 -7.10543e-15
2 1.69642e-13
3 2.06946e-13
6208 3
1 -2.04281e-14
2 1.38556e-13
3 2.03393e-13
6210 3
1 -5.32907e-15
2 1.46549e-13
3 2.06057e-13
6212 3
1 -8.88178e-15
2 1.7053e-13
3 1.98064e-13
6214 3
1 -1.5099e-14
2 1.64313e-13
3 2.10498e-13
6216 3
1 -2.53131e-14
2 1.61648e-13
3 2.11386e-13
6218 3
1 -1.55431e-14
2 1.67866e-13
3 1.98064e-13
6220 3
1 -4.44089e-15
2 1.62537e-13
3 2.16716e-13
6222 3
1 -1.68754e-14
2 1.65201e-13
3 2.08722e-13
6224 3
1 -2.66454e-14
2 1.74083e-13
3 2.08722e-13
6226 3
1 -1.06581e-14
2 1.61648e-13
3 2.08722e-13
6228 3
1 -1.95399e-14
2 1.42997e-13
3 2.32703e-13
6230 3
1 -4.08562e-14
2 1.66978e-13
3 1.98952e-13
6232 3
1 -3.73035e-14
2 1.37668e-13
3 2.11386e-13
6234 3
1 -8.88178e-15
2 1.23457e-13
3 2.05169e-13
6236 3
1 -2.22045e-14
2 1.58096e-13
3 2.16716e-13
6238 3
1 -1.15463e-14
2 1.33227e-13
3 2.28262e-13
6240 3
1 -3.9968e-15
2 1.55431e-13
3 2.01617e-13
6242 3
1 3.10862e-15
2 1.43885e-13
3 2.06057e-13
6244 3
1 -1.46549e-14
2 1.73195e-13
3 2.14939e-13
6246 3
1 -1.90958e-14
2 1.58984e-13
3 2.25597e-13
6248 3
1 -1.86517e-14
2 1.58096e-13
3 2.14939e-13
6250 3
1 -7.99361e-15
2 1.72307e-13
3 2.01617e-13
6252 3
1 1.42109e-14
2 1.47438e-13
3 2.22933e-13
6254 3
1 -1.15463e-14
2 1.43885e-13
3 2.0961e-13
6256 3
1 1.33227e-15
2 1.58096e-13
3 1.98064e-13
6258 3
1 -4.88498e-15
2 1.56319e-13
3 2.12275e-13
6260 3
1 6.66134e-16
2 1.20792e-13
3 2.08722e-13
6262 3
1 -5.77316e-15
2 1.27898e-13
3 2.0739e-13
6264 3
1 1.06581e-14
2 1.6076e-13
3 2.06057e-13
6266 3
1 1.28786e-14
2 1.66089e-13
3 1.89182e-13
6268 3
1 4.44089e-15
2 1.33227e-13
3 1.93179e-13
6270 3
1 -4.44089e-15
2 1.38556e-13
3 2.05169e-13
6272 3
1 1.46549e-14
2 1.52767e-13
3 1.9984e-13
6274 3
1 1.33227e-14
2 1.36779e-13
3 2.06057e-13
6276 3
1 1.9984e-14
2 1.43885e-13
3 1.96287e-13
6278 3
1 2.04281e-14
2 1.43885e-13
3 1.92291e-13
6280 3
1 1.37668e-14
2 1.67866e-13
3 1.88294e-13
6282 3
1 2.44249e-14
2 1.15463e-13
3 2.0739e-13
6284 3
1 3.28626e-14
2 1.40332e-13
3 1.89182e-13
6286 3
1 3.15303e-14
2 1.24345e-13
3 1.9007e-13
6288 3
1 2.57572e-14
2 1.36779e-13
3 1.95399e-13
6290 3
1 2.37588e-14
2 1.27898e-13
3 1.88738e-13
6292 3
1 2.13163e-14
2 1.37668e-13
3 1.88294e-13
6294 3
1 2.59792e-14
2 1.36779e-13
3 2.04281e-13
6296 3
1 9.76996e-15
2 1.28786e-13
3 1.59872e-13
6298 3
1 3.93019e-14
2 1.66089e-13
3 1.79856e-13
6300 3
1 1.24345e-14
2 1.28786e-13
3 1.80744e-13
6302 3
1 4.44089e-15
2 1.65201e-13
3 2.11386e-13
6304 3
1 2.81997e-14
2 1.27898e-13
3 1.77636e-13
6306 3
1 2.08722e-14
2 1.36779e-13
3 2.04281e-13
6308 3
1 1.37668e-14
2 1.35891e-13
3 1.81632e-13
6310 3
1 6.21725e-15
2 1.35891e-13
3 1.95399e-13
6312 3
1 2.93099e-14
2 1.38556e-13
3 2.06501e-13
6314 3
1 2.53131e-14
2 1.62537e-13
3 2.00728e-13
6316 3
1 2.9754e-14
2 1.34115e-13
3 1.97176e-13
6318 3
1 2.02061e-14
2 1.37668e-13
3 1.98064e-13
6320 3
1 3.5083e-14
2 1.20792e-13
3 2.21601e-13
6322 3
1 2.9976e-14
2 1.05693e-13
3 2.22045e-13
6324 3
1 2.73115e-14
2 1.38556e-13
3 2.12275e-13
6326 3
1 3.90799e-14
2 1.16351e-13
3 1.84741e-13
6328 3
1 4.9738e-14
2 1.50102e-13
3 2.23821e-13
6330 3
1 4.61853e-14
2 1.23457e-13
3 2.05613e-13
6332 3
1 3.68594e-14
2 1.27898e-13
3 2.25153e-13
6334 3
1 2.75335e-14
2 1.28786e-13
3 2.08722e-13
6336 3
1 4.44089e-14
2 1.42109e-13
3 1.86517e-13
6338 3
1 5.41789e-14
2 1.20792e-13
3 2.14939e-13
6340 3
1 4.88498e-14
2 1.15463e-13
3 2.18492e-13
6342 3
1 4.79616e-14
2 1.26121e-13
3 2.25597e-13
6344 3
1 3.95239e-14
2 1.45661e-13
3 2.12275e-13
6346 3
1 3.90799e-14
2 9.41469e-14
3 2.02949e-13
6348 3
1 5.63993e-14
2 1.35003e-13
3 2.11386e-13
6350 3
1 3.10862e-14
2 1.38556e-13
3 1.94511e-13
6352 3
1 6.52811e-14
2 1.22569e-13
3 2.26041e-13
6354 3
1 3.55271e-14
2 1.23457e-13
3 2.1716e-13
6356 3
1 6.35048e-14
2 1.19016e-13
3 1.9984e-13
6358 3
1 5.24025e-14
2 1.03029e-13
3 2.2693e-13
6360 3
1 5.86198e-14
2 9.76996e-14
3 2.14051e-13
6362 3
1 3.37508e-14
2 1.06581e-13
3 1.94955e-13
6364 3
1 7.37188e-14
2 1.05693e-13
3 2.06501e-13
6366 3
1 6.66134e-14
2 9.59233e-14
3 2.02061e-13
6368 3
1 6.03961e-14
2 1.19904e-13
3 1.803e-13
6370 3
1 3.19744e-14
2 1.23457e-13
3 2.01172e-13
6372 3
1 5.68434e-14
2 1.05693e-13
3 2.13163e-13
6374 3
1 5.81757e-14
2 1.22569e-13
3 2.0961e-13
6376 3
1 3.81917e-14
2 9.32587e-14
3 2.05613e-13
6378 3
1 4.61853e-14
2 1.16351e-13
3 2.11386e-13
6380 3
1 4.84057e-14
2 1.33227e-13
3 2.0961e-13
6382 3
1 6.03961e-14
2 1.0747e-13
3 2.01617e-13
6384 3
1 6.61693e-14
2 1.06581e-13
3 2.10054e-13
6386 3
1 7.99361e-14
2 9.50351e-14
3 2.15827e-13
6388 3
1 7.19425e-14
2 1.2168e-13
3 2.04281e-13
6390 3
1 3.90799e-14
2 1.30562e-13
3 1.91847e-13
6392 3
1 8.57092e-14
2 1.08358e-13
3 2.05169e-13
6394 3
1 7.23865e-14
2 1.11022e-13
3 2.16716e-13
6396 3
1 8.30447e-14
2 1.26121e-13
3 2.11386e-13
6398 3
1 6.12843e-14
2 1.01252e-13
3 1.86073e-13
6400 3
1 6.17284e-14
2 1.01252e-13
3 2.20712e-13
6402 3
1 5.68434e-14
2 1.12799e-13
3 2.05613e-13
6404 3
1 4.9738e-14
2 1.14575e-13
3 2.08722e-13
6406 3
1 6.08402e-14
2 1.27898e-13
3 1.85629e-13
6408 3
1 6.17284e-14
2 1.19904e-13
3 2.1938e-13
6410 3
1 5.55112e-14
2 1.1724e-13
3 1.86517e-13
6412 3
1 3.5083e-14
2 1.0747e-13
3 1.97176e-13
6414 3
1 5.9952e-14
2 1.20792e-13
3 2.25597e-13
6416 3
1 4.9738e-14
2 1.40332e-13
3 1.97176e-13
6418 3
1 5.01821e-14
2 1.2168e-13
3 2.00728e-13
6420 3
1 4.75175e-14
2 1.32339e-13
3 1.9984e-13
6422 3
1 5.9508e-14
2 1.19016e-13
3 2.07834e-13
6424 3
1 7.01661e-14
2 1.45661e-13
3 1.95399e-13
6426 3
1 2.75335e-14
2 1.24345e-13
3 2.00728e-13
6428 3
1 5.41789e-14
2 1.34115e-13
3 2.02505e-13
6430 3
1 4.35207e-14
2 1.33227e-13
3 2.00728e-13
6432 3
1 4.26326e-14
2 1.35891e-13
3 2.04281e-13
6434 3
1 2.04281e-14
2 1.68754e-13
3 2.12275e-13
6436 3
1 3.4639e-14
2 1.30562e-13
3 2.06946e-13
6438 3
1 2.84217e-14
2 1.39444e-13
3 1.84741e-13
6440 3
1 1.59872e-14
2 1.35003e-13
3 2.18936e-13
6442 3
1 2.26485e-14
2 1.14575e-13
3 2.21156e-13
6444 3
1 2.35367e-14
2 1.34559e-13
3 1.95399e-13
6446 3
1 2.04281e-14
2 1.45661e-13
3 2.16716e-13
6448 3
1 4.08562e-14
2 1.33227e-13
3 2.09166e-13
6450 3
1 1.77636e-14
2 1.38112e-13
3 2.16716e-13
6452 3
1 3.01981e-14
2 1.39888e-13
3 2.01172e-13
6454 3
1 2.04281e-14
2 1.2701e-13
3 2.04281e-13
6456 3
1 5.19584e-14
2 1.40332e-13
3 2.15827e-13
6458 3
1 4.79616e-14
2 1.4122e-13
3 1.9007e-13
6460 3
1 3.5083e-14
2 1.23901e-13
3 2.08722e-13
6462 3
1 6.70575e-14
2 1.33671e-13
3 1.97176e-13
6464 3
1 3.55271e-14
2 1.15907e-13
3 1.92735e-13
6466 3
1 5.06262e-14
2 1.20348e-13
3 1.9984e-13
6468 3
1 3.90799e-14
2 1.34559e-13
3 1.85629e-13
6470 3
1 3.01981e-14
2 1.24789e-13
3 2.06946e-13
6472 3
1 2.9754e-14
2 1.55431e-13
3 2.08722e-13
6474 3
1 5.55112e-14
2 1.31894e-13
3 2.26041e-13
6476 3
1 3.68594e-14
2 1.39888e-13
3 2.04281e-13
6478 3
1 2.04281e-14
2 1.41664e-13
3 1.98064e-13
6480 3
1 4.44089e-14
2 1.27454e-13
3 2.04281e-13
6482 3
1 3.9968e-14
2 1.36779e-13
3 2.02505e-13
6484 3
1 6.12843e-14
2 1.53655e-13
3 2.02949e-13
6486 3
1 5.41789e-14
2 1.35447e-13
3 2.16716e-13
6488 3
1 3.19744e-14
2 1.15907e-13
3 2.11386e-13
6490 3
1 5.32907e-14
2 1.57208e-13
3 1.77636e-13
6492 3
1 4.17444e-14
2 1.28342e-13
3 1.85185e-13
6494 3
1 4.35207e-14
2 1.44773e-13
3 2.10498e-13
6496 3
1 4.9738e-14
2 1.02141e-13
3 1.98952e-13
6498 3
1 2.75335e-14
2 1.12355e-13
3 1.86517e-13
6500 3
1 4.21885e-14
2 8.4821e-14
3 1.9762e-13
6502 3
1 2.62013e-14
2 1.36335e-13
3 2.07834e-13
6504 3
1 1.5099e-14
2 1.15463e-13
3 1.75859e-13
6506 3
1 1.55431e-14
2 1.23013e-13
3 2.06057e-13
6508 3
1 4.52971e-14
2 1.07914e-13
3 2.03393e-13
6510 3
1 3.01981e-14
2 1.27898e-13
3 1.9984e-13
6512 3
1 2.04281e-14
2 1.03917e-13
3 1.94511e-13
6514 3
1 1.59872e-14
2 1.13687e-13
3 2.07834e-13
6516 3
1 3.90799e-14
2 1.02141e-13
3 1.90958e-13
6518 3
1 3.73035e-14
2 1.04805e-13
3 1.97176e-13
6520 3
1 1.95399e-14
2 9.32587e-14
3 1.98064e-13
6522 3
1 3.19744e-14
2 1.22569e-13
3 1.97176e-13
6524 3
1 3.64153e-14
2 9.32587e-14
3 2.03837e-13
6526 3
1 1.86517e-14
2 1.0747e-13
3 1.96732e-13
6528 3
1 4.9738e-14
2 1.14575e-13
3 2.16716e-13
6530 3
1 5.24025e-14
2 1.10134e-13
3 1.95399e-13
6532 3
1 8.88178e-15
2 1.0747e-13
3 2.11386e-13
6534 3
1 5.32907e-15
2 1.13687e-13
3 2.20268e-13
6536 3
1 4.44089e-14
2 1.19016e-13
3 1.98952e-13
6538 3
1 3.01981e-14
2 1.29674e-13
3 2.14939e-13
6540 3
1 2.93099e-14
2 1.0747e-13
3 1.94511e-13
6542 3
1 4.17444e-14
2 9.41469e-14
3 1.91847e-13
6544 3
1 4.35207e-14
2 1.10134e-13
3 2.07834e-13
6546 3
1 1.5099e-14
2 1.19904e-13
3 1.94511e-13
6548 3
1 2.04281e-14
2 1.27898e-13
3 2.13163e-13
6550 3
1 1.68754e-14
2 1.11022e-13
3 2.05169e-13
6552 3
1 5.32907e-14
2 1.19904e-13
3 2.02505e-13
6554 3
1 2.22045e-14
2 1.2701e-13
3 1.9007e-13
6556 3
1 2.22045e-14
2 1.20792e-13
3 1.88294e-13
6558 3
1 4.26326e-14
2 1.1191e-13
3 1.9984e-13
6560 3
1 3.01981e-14
2 1.25233e-13
3 1.74971e-13
6562 3
1 2.57572e-14
2 1.29674e-13
3 1.9984e-13
6564 3
1 3.55271e-14
2 1.25233e-13
3 2.04281e-13
6566 3
1 4.08562e-14
2 1.0747e-13
3 1.83853e-13
6568 3
1 5.32907e-15
2 1.19904e-13
3 1.96287e-13
6570 3
1 3.28626e-14
2 1.27898e-13
3 1.88294e-13
6572 3
1 2.30926e-14
2 1.04805e-13
3 1.96287e-13
6574 3
1 7.10543e-15
2 1.08358e-13
3 2.22933e-13
6576 3
1 2.30926e-14
2 1.01252e-13
3 2.22045e-13
6578 3
1 3.9968e-14
2 1.30562e-13
3 2.12275e-13
6580 3
1 3.73035e-14
2 1.20792e-13
3 2.31815e-13
6582 3
1 1.59872e-14
2 8.43769e-14
3 2.12275e-13
6584 3
1 3.01981e-14
2 1.16351e-13
3 2.10498e-13
6586 3
1 4.17444e-14
2 1.12799e-13
3 2.06057e-13
6588 3
1 3.01981e-14
2 1.19904e-13
3 2.14051e-13
6590 3
1 1.24345e-14
2 1.09246e-13
3 2.34479e-13
6592 3
1 2.93099e-14
2 1.22569e-13
3 2.22045e-13
6594 3
1 2.93099e-14
2 1.35891e-13
3 2.21156e-13
6596 3
1 1.95399e-14
2 1.19016e-13
3 1.88294e-13
6598 3
1 8.88178e-15
2 1.22569e-13
3 2.14051e-13
6600 3
1 3.73035e-14
2 1.20792e-13
3 2.12275e-13
6602 3
1 4.26326e-14
2 1.24345e-13
3 2.10498e-13
6604 3
1 8.88178e-16
2 1.03029e-13
3 2.06946e-13
6606 3
1 3.37508e-14
2 1.38556e-13
3 2.30926e-13
6608 3
1 2.22045e-14
2 1.12799e-13
3 2.03393e-13
6610 3
1 1.06581e-14
2 1.25233e-13
3 2.10498e-13
6612 3
1 2.66454e-14
2 9.05942e-14
3 2.21156e-13
6614 3
1 1.33227e-14
2 1.03917e-13
3 2.06946e-13
6616 3
1 3.73035e-14
2 1.1191e-13
3 2.20268e-13
6618 3
1 2.04281e-14
2 1.37668e-13
3 2.14051e-13
6620 3
1 2.22045e-14
2 1.16351e-13
3 2.14051e-13
6622 3
1 3.81917e-14
2 1.00364e-13
3 1.74083e-13
6624 3
1 3.81917e-14
2 1.03029e-13
3 2.11386e-13
6626 3
1 1.5099e-14
2 1.09246e-13
3 1.98064e-13
6628 3
1 1.95399e-14
2 1.16351e-13
3 2.06057e-13
6630 3
1 3.90799e-14
2 1.03029e-13
3 1.93623e-13
6632 3
1 1.5099e-14
2 1.03029e-13
3 1.93623e-13
6634 3
1 4.44089e-14
2 1.32339e-13
3 2.07834e-13
6636 3
1 4.9738e-14
2 1.16351e-13
3 1.82077e-13
6638 3
1 3.01981e-14
2 1.13687e-13
3 1.9984e-13
6640 3
1 2.84217e-14
2 1.01252e-13
3 2.00728e-13
6642 3
1 2.30926e-14
2 1.35891e-13
3 2.11386e-13
6644 3
1 2.04281e-14
2 9.76996e-14
3 2.18492e-13
6646 3
1 3.37508e-14
2 9.68114e-14
3 2.17604e-13
6648 3
1 3.28626e-14
2 9.32587e-14
3 1.95399e-13
6650 3
1 3.4639e-14
2 1.05693e-13
3 2.17604e-13
6652 3
1 3.9968e-14
2 9.05942e-14
3 1.96287e-13
6654 3
1 3.01981e-14
2 1.18128e-13
3 2.16716e-13
6656 3
1 3.64153e-14
2 1.0747e-13
3 2.07834e-13
6658 3
1 5.9508e-14
2 1.05693e-13
3 2.13163e-13
6660 3
1 4.17444e-14
2 9.68114e-14
3 1.95399e-13
6662 3
1 3.73035e-14
2 1.09246e-13
3 2.00284e-13
6664 3
1 4.9738e-14
2 9.32587e-14
3 1.8785e-13
6666 3
1 4.52971e-14
2 1.04805e-13
3 2.11386e-13
6668 3
1 3.28626e-14
2 1.15463e-13
3 2.00728e-13
6670 3
1 5.32907e-15
2 9.23706e-14
3 1.98952e-13
6672 3
1 5.32907e-14
2 9.59233e-14
3 2.18492e-13
6674 3
1 4.08562e-14
2 9.23706e-14
3 2.08722e-13
6676 3
1 1.77636e-14
2 8.26006e-14
3 2.10942e-13
6678 3
1 3.9968e-14
2 9.05942e-14
3 2.0739e-13
6680 3
1 7.10543e-15
2 7.01661e-14
3 2.10498e-13
6682 3
1 1.59872e-14
2 8.43769e-14
3 1.94067e-13
6684 3
1 1.42109e-14
2 6.75016e-14
3 2.08278e-13
6686 3
1 3.73035e-14
2 3.64153e-14
3 1.82521e-13
6688 3
1 8.88178e-15
2 5.86198e-14
3 1.9007e-13
6690 3
1 2.22045e-14
2 8.26006e-14
3 1.94067e-13
6692 3
1 9.76996e-15
2 5.68434e-14
3 2.01172e-13
6694 3
1 4.44089e-15
2 2.39808e-14
3 1.99396e-13
6696 3
1 2.66454e-14
2 5.9508e-14
3 2.04725e-13
6698 3
1 -1.77636e-15
2 6.4837e-14
3 1.86073e-13
6700 3
1 2.75335e-14
2 5.32907e-14
3 2.0961e-13
6702 3
1 8.88178e-15
2 5.59552e-14
3 1.98952e-13
6704 3
1 1.59872e-14
2 6.4837e-14
3 2.14495e-13
6706 3
1 1.24345e-14
2 6.03961e-14
3 1.76303e-13
6708 3
1 7.10543e-15
2 7.01661e-14
3 1.99396e-13
6710 3
1 5.32907e-15
2 3.9968e-14
3 2.01617e-13
6712 3
1 8.88178e-15
2 5.9508e-14
3 1.90514e-13
6714 3
1 -1.06581e-14
2 3.55271e-14
3 2.01172e-13
6716 3
1 2.66454e-15
2 4.9738e-14
3 1.94511e-13
6718 3
1 4.44089e-15
2 5.9508e-14
3 1.9984e-13
6720 3
1 -8.88178e-16
2 5.32907e-14
3 1.93623e-13
6722 3
1 8.88178e-15
2 3.37508e-14
3 1.88738e-13
6724 3
1 -1.5099e-14
2 5.77316e-14
3 2.03393e-13
6726 3
1 9.76996e-15
2 7.10543e-14
3 2.06946e-13
6728 3
1 -1.77636e-15
2 4.88498e-14
3 2.12275e-13
6730 3
1 -1.15463e-14
2 2.4869e-14
3 1.83853e-13
6732 3
1 -2.66454e-15
2 6.39488e-14
3 1.9762e-13
6734 3
1 -7.99361e-15
2 5.86198e-14
3 2.11386e-13
6736 3
1 1.33227e-14
2 6.21725e-14
3 2.06057e-13
6738 3
1 1.42109e-14
2 4.35207e-14
3 2.05613e-13
6740 3
1 -2.04281e-14
2 3.4639e-14
3 1.95843e-13
6742 3
1 -9.76996e-15
2 8.61533e-14
3 2.06946e-13
6744 3
1 1.68754e-14
2 4.44089e-14
3 1.93623e-13
6746 3
1 -1.68754e-14
2 4.9738e-14
3 1.94955e-13
6748 3
1 -5.32907e-15
2 6.30607e-14
3 2.02505e-13
6750 3
1 2.04281e-14
2 6.92779e-14
3 1.98952e-13
6752 3
1 2.39808e-14
2 6.66134e-14
3 1.9984e-13
6754 3
1 6.21725e-15
2 8.08242e-14
3 1.98952e-13
6756 3
1 2.4869e-14
2 3.64153e-14
3 1.98064e-13
6758 3
1 2.66454e-14
2 5.32907e-14
3 2.18492e-13
6760 3
1 -1.77636e-15
2 3.01981e-14
3 2.09166e-13
6762 3
1 7.10543e-15
2 6.92779e-14
3 2.02061e-13
6764 3
1 5.32907e-15
2 4.70735e-14
3 2.08722e-13
6766 3
1 -4.44089e-15
2 6.75016e-14
3 1.96732e-13
6768 3
1 2.39808e-14
2 6.4837e-14
3 2.00284e-13
6770 3
1 3.19744e-14
2 4.35207e-14
3 1.95399e-13
6772 3
1 3.37508e-14
2 6.39488e-14
3 1.98508e-13
6774 3
1 2.04281e-14
2 6.4837e-14
3 1.95843e-13
6776 3
1 3.01981e-14
2 9.9476e-14
3 2.02061e-13
6778 3
1 9.76996e-15
2 5.9508e-14
3 1.88294e-13
6780 3
1 1.86517e-14
2 6.12843e-14
3 2.10942e-13
6782 3
1 3.37508e-14
2 8.88178e-14
3 2.06057e-13
6784 3
1 0
2 6.75016e-14
3 1.94955e-13
6786 3
1 2.30926e-14
2 6.4837e-14
3 1.7808e-13
6788 3
1 5.32907e-15
2 1.03917e-13
3 2.10498e-13
6790 3
1 2.04281e-14
2 7.54952e-14
3 1.69198e-13
6792 3
1 2.75335e-14
2 5.86198e-14
3 1.78524e-13
6794 3
1 1.15463e-14
2 5.77316e-14
3 1.76748e-13
6796 3
1 1.59872e-14
2 6.75016e-14
3 1.87406e-13
6798 3
1 2.30926e-14
2 7.63833e-14
3 1.95399e-13
6800 3
1 1.95399e-14
2 6.57252e-14
3 1.75859e-13
6802 3
1 -6.21725e-15
2 4.61853e-14
3 1.66089e-13
6804 3
1 1.59872e-14
2 7.01661e-14
3 1.86517e-13
6806 3
1 3.10862e-14
2 4.52971e-14
3 1.8785e-13
6808 3
1 1.42109e-14
2 8.70415e-14
3 1.82077e-13
6810 3
1 3.28626e-14
2 8.88178e-14
3 2.13163e-13
6812 3
1 2.75335e-14
2 1.06581e-13
3 1.85629e-13
6814 3
1 4.44089e-14
2 4.9738e-14
3 1.71863e-13
6816 3
1 2.13163e-14
2 6.21725e-14
3 2.0961e-13
6818 3
1 1.33227e-14
2 1.04805e-13
3 2.06501e-13
6820 3
1 1.24345e-14
2 8.17124e-14
3 2.02505e-13
6822 3
1 2.66454e-15
2 6.21725e-14
3 1.75415e-13
6824 3
1 2.13163e-14
2 4.26326e-14
3 2.36255e-13
6826 3
1 1.42109e-14
2 8.43769e-14
3 1.81188e-13
6828 3
1 1.5099e-14
2 5.86198e-14
3 1.98952e-13
6830 3
1 2.04281e-14
2 1.01252e-13
3 1.91402e-13
6832 3
1 9.76996e-15
2 4.44089e-14
3 1.93623e-13
6834 3
1 2.13163e-14
2 6.39488e-14
3 1.69642e-13
6836 3
1 1.5099e-14
2 9.59233e-14
3 2.07834e-13
6838 3
1 2.30926e-14
2 8.52651e-14
3 1.95843e-13
6840 3
1 8.88178e-15
2 8.34888e-14
3 1.803e-13
6842 3
1 1.24345e-14
2 8.26006e-14
3 1.82965e-13
6844 3
1 1.77636e-15
2 7.54952e-14
3 1.77636e-13
6846 3
1 7.99361e-15
2 1.26121e-13
3 2.02061e-13
6848 3
1 2.13163e-14
2 7.81597e-14
3 1.77636e-13
6850 3
1 2.93099e-14
2 6.4837e-14
3 1.95843e-13
6852 3
1 9.76996e-15
2 1.06581e-13
3 1.7053e-13
6854 3
1 2.39808e-14
2 6.66134e-14
3 1.79412e-13
6856 3
1 1.42109e-14
2 7.99361e-14
3 1.9984e-13
6858 3
1 8.88178e-15
2 6.66134e-14
3 1.69198e-13
6860 3
1 1.59872e-14
2 8.79297e-14
3 1.86517e-13
6862 3
1 8.88178e-15
2 8.43769e-14
3 1.78524e-13
6864 3
1 1.95399e-14
2 8.88178e-14
3 1.81632e-13
6866 3
1 -3.55271e-15
2 6.66134e-14
3 1.67866e-13
6868 3
1 1.95399e-14
2 7.63833e-14
3 1.86073e-13
6870 3
1 2.30926e-14
2 7.37188e-14
3 1.71418e-13
6872 3
1 2.4869e-14
2 6.39488e-14
3 2.06057e-13
6874 3
1 1.77636e-14
2 9.85878e-14
3 1.98064e-13
6876 3
1 1.68754e-14
2 7.4607e-14
3 2.10498e-13
6878 3
1 3.37508e-14
2 6.39488e-14
3 1.84741e-13
6880 3
1 9.76996e-15
2 6.83897e-14
3 1.98508e-13
6882 3
1 -7.99361e-15
2 8.70415e-14
3 1.85185e-13
6884 3
1 2.84217e-14
2 8.08242e-14
3 1.84297e-13
6886 3
1 1.77636e-14
2 7.4607e-14
3 2.06501e-13
6888 3
1 8.88178e-15
2 9.59233e-14
3 1.74971e-13
6890 3
1 1.86517e-14
2 7.37188e-14
3 1.803e-13
6892 3
1 1.42109e-14
2 7.72715e-14
3 2.1938e-13
6894 3
1 1.95399e-14
2 7.37188e-14
3 1.84741e-13
6896 3
1 7.10543e-15
2 6.21725e-14
3 1.69642e-13
6898 3
1 3.37508e-14
2 6.12843e-14
3 2.11386e-13
6900 3
1 -1.77636e-15
2 8.08242e-14
3 1.92291e-13
6902 3
1 1.15463e-14
2 8.52651e-14
3 1.93623e-13
6904 3
1 1.24345e-14
2 9.41469e-14
3 1.78524e-13
6906 3
1 1.59872e-14
2 8.79297e-14
3 1.71418e-13
6908 3
1 4.70735e-14
2 8.26006e-14
3 1.89182e-13
6910 3
1 3.73035e-14
2 8.08242e-14
3 1.71418e-13
6912 3
1 3.73035e-14
2 7.72715e-14
3 1.90514e-13
6914 3
1 1.5099e-14
2 1.08358e-13
3 2.02949e-13
6916 3
1 3.73035e-14
2 1.0747e-13
3 1.91402e-13
6918 3
1 1.06581e-14
2 8.17124e-14
3 1.73195e-13
6920 3
1 3.10862e-14
2 7.72715e-14
3 1.74083e-13
6922 3
1 1.42109e-14
2 8.17124e-14
3 2.10498e-13
6924 3
1 7.10543e-15
2 7.63833e-14
3 2.10942e-13
6926 3
1 4.44089e-15
2 6.03961e-14
3 1.84741e-13
6928 3
1 8.88178e-15
2 1.06581e-13
3 1.97176e-13
6930 3
1 1.06581e-14
2 9.05942e-14
3 1.98508e-13
6932 3
1 2.66454e-15
2 9.23706e-14
3 1.85629e-13
6934 3
1 -1.77636e-15
2 7.01661e-14
3 1.91402e-13
6936 3
1 1.5099e-14
2 7.54952e-14
3 1.70974e-13
6938 3
1 1.42109e-14
2 6.92779e-14
3 1.7053e-13
6940 3
1 9.76996e-15
2 9.23706e-14
3 2.11386e-13
6942 3
1 2.04281e-14
2 8.52651e-14
3 2.10054e-13
6944 3
1 8.88178e-16
2 8.34888e-14
3 2.06946e-13
6946 3
1 1.33227e-14
2 7.99361e-14
3 2.11831e-13
6948 3
1 1.77636e-14
2 1.00364e-13
3 2.25597e-13
6950 3
1 1.77636e-14
2 9.23706e-14
3 2.27374e-13
6952 3
1 -7.99361e-15
2 8.61533e-14
3 2.21601e-13
6954 3
1 -6.21725e-15
2 6.92779e-14
3 2.26485e-13
6956 3
1 1.42109e-14
2 7.77156e-14
3 2.07834e-13
6958 3
1 -3.55271e-15
2 8.26006e-14
3 2.2915e-13
6960 3
1 3.37508e-14
2 9.14824e-14
3 2.0961e-13
6962 3
1 1.68754e-14
2 9.32587e-14
3 2.2915e-13
6964 3
1 1.77636e-14
2 7.54952e-14
3 2.28262e-13
6966 3
1 -8.88178e-16
2 9.05942e-14
3 2.02061e-13
6968 3
1 0
2 9.05942e-14
3 2.10498e-13
6970 3
1 1.59872e-14
2 6.4837e-14
3 2.18492e-13
6972 3
1 1.68754e-14
2 6.92779e-14
3 2.17604e-13
6974 3
1 7.99361e-15
2 8.34888e-14
3 2.13163e-13
6976 3
1 0
2 8.43769e-14
3 2.00728e-13
6978 3
1 4.17444e-14
2 8.34888e-14
3 2.20268e-13
6980 3
1 2.39808e-14
2 7.81597e-14
3 2.19824e-13
6982 3
1 1.95399e-14
2 8.74856e-14
3 2.14939e-13
6984 3
1 2.84217e-14
2 7.14984e-14
3 2.32703e-13
6986 3
1 4.26326e-14
2 7.86038e-14
3 2.26485e-13
6988 3
1 2.57572e-14
2 7.59393e-14
3 2.10054e-13
6990 3
1 7.99361e-15
2 7.37188e-14
3 2.21156e-13
6992 3
1 -5.32907e-15
2 8.34888e-14
3 2.30926e-13
6994 3
1 2.04281e-14
2 7.9492e-14
3 2.05613e-13
6996 3
1 1.24345e-14
2 8.26006e-14
3 2.04281e-13
6998 3
1 7.10543e-15
2 9.99201e-14
3 2.20268e-13
7000 3
1 1.95399e-14
2 7.37188e-14
3 2.29594e-13
7002 3
1 1.68754e-14
2 7.10543e-14
3 2.24709e-13
7004 3
1 3.37508e-14
2 8.43769e-14
3 2.30482e-13
7006 3
1 3.37508e-14
2 8.26006e-14
3 2.28706e-13
7008 3
1 -8.88178e-16
2 8.52651e-14
3 2.34923e-13
7010 3
1 2.66454e-15
2 1.03917e-13
3 2.16716e-13
7012 3
1 3.37508e-14
2 1.11022e-13
3 2.46025e-13
7014 3
1 2.39808e-14
2 9.37028e-14
3 2.15827e-13
7016 3
1 1.68754e-14
2 7.4607e-14
3 2.33591e-13
7018 3
1 0
2 5.9508e-14
3 2.23821e-13
7020 3
1 1.77636e-14
2 1.06581e-13
3 2.31815e-13
7022 3
1 3.10862e-14
2 7.68274e-14
3 2.18936e-13
7024 3
1 -8.88178e-15
2 8.08242e-14
3 2.30038e-13
7026 3
1 4.52971e-14
2 8.52651e-14
3 2.4869e-13
7028 3
1 3.55271e-14
2 1.10134e-13
3 2.30038e-13
7030 3
1 1.15463e-14
2 8.52651e-14
3 2.36255e-13
7032 3
1 1.42109e-14
2 9.14824e-14
3 2.24709e-13
7034 3
1 3.19744e-14
2 1.03473e-13
3 2.31815e-13
7036 3
1 2.4869e-14
2 1.10578e-13
3 2.3892e-13
7038 3
1 1.95399e-14
2 8.70415e-14
3 2.22489e-13
7040 3
1 0
2 1.07025e-13
3 2.41585e-13
7042 3
1 1.5099e-14
2 9.19265e-14
3 2.51354e-13
7044 3
1 3.64153e-14
2 9.4591e-14
3 2.43361e-13
7046 3
1 2.04281e-14
2 9.68114e-14
3 2.1938e-13
7048 3
1 1.77636e-15
2 8.17124e-14
3 2.49578e-13
7050 3
1 7.99361e-15
2 1.04361e-13
3 2.40696e-13
7052 3
1 1.24345e-14
2 8.03801e-14
3 2.44249e-13
7054 3
1 3.73035e-14
2 9.90319e-14
3 2.54019e-13
7056 3
1 1.77636e-15
2 8.03801e-14
3 2.59348e-13
7058 3
1 1.24345e-14
2 8.21565e-14
3 2.54463e-13
7060 3
1 3.55271e-15
2 7.32747e-14
3 2.62901e-13
7062 3
1 1.42109e-14
2 7.72715e-14
3 2.61569e-13
7064 3
1 3.55271e-15
2 9.28146e-14
3 2.39364e-13
7066 3
1 4.79616e-14
2 1.05693e-13
3 2.45581e-13
7068 3
1 5.32907e-15
2 8.30447e-14
3 2.77112e-13
7070 3
1 -1.77636e-15
2 7.50511e-14
3 2.66009e-13
7072 3
1 1.06581e-14
2 9.68114e-14
3 2.42029e-13
7074 3
1 1.77636e-15
2 9.63674e-14
3 2.59348e-13
7076 3
1 1.24345e-14
2 7.28306e-14
3 2.73115e-13
7078 3
1 9.76996e-15
2 8.12683e-14
3 2.43361e-13
7080 3
1 2.84217e-14
2 9.19265e-14
3 2.52243e-13
7082 3
1 2.75335e-14
2 1.13243e-13
3 2.54019e-13
7084 3
1 1.5099e-14
2 9.23706e-14
3 2.63789e-13
7086 3
1 2.22045e-14
2 1.08802e-13
3 2.61569e-13
7088 3
1 7.10543e-15
2 9.90319e-14
3 2.45137e-13
7090 3
1 1.06581e-14
2 7.63833e-14
3 2.46025e-13
7092 3
1 -1.5099e-14
2 1.02141e-13
3 2.44249e-13
7094 3
1 8.88178e-15
2 8.83738e-14
3 2.30926e-13
7096 3
1 -1.95399e-14
2 1.09246e-13
3 2.64233e-13
7098 3
1 -1.24345e-14
2 8.61533e-14
3 2.61124e-13
7100 3
1 -2.04281e-14
2 4.04121e-14
3 2.4647e-13
7102 3
1 1.15463e-14
2 8.26006e-14
3 2.42473e-13
7104 3
1 -1.42109e-14
2 8.17124e-14
3 2.45581e-13
7106 3
1 -1.15463e-14
2 7.9492e-14
3 2.67786e-13
7108 3
1 -7.99361e-15
2 8.92619e-14
3 2.51799e-13
7110 3
1 -1.77636e-15
2 8.52651e-14
3 2.42917e-13
7112 3
1 8.88178e-15
2 8.12683e-14
3 2.3892e-13
7114 3
1 -2.66454e-15
2 7.10543e-14
3 2.34035e-13
7116 3
1 -1.77636e-15
2 9.01501e-14
3 2.6068e-13
7118 3
1 -2.13163e-14
2 7.68274e-14
3 2.33591e-13
7120 3
1 -1.24345e-14
2 1.08358e-13
3 2.51354e-13
7122 3
1 -2.93099e-14
2 8.12683e-14
3 2.34923e-13
7124 3
1 -6.21725e-15
2 8.26006e-14
3 2.40252e-13
7126 3
1 -2.13163e-14
2 9.28146e-14
3 2.74447e-13
7128 3
1 1.24345e-14
2 9.59233e-14
3 2.43361e-13
7130 3
1 -9.76996e-15
2 1.30562e-13
3 2.51799e-13
7132 3
1 -1.77636e-15
2 7.68274e-14
3 2.43361e-13
7134 3
1 8.88178e-15
2 8.39329e-14
3 2.2693e-13
7136 3
1 -6.21725e-15
2 7.81597e-14
3 2.3137e-13
7138 3
1 -7.99361e-15
2 7.37188e-14
3 2.40696e-13
7140 3
1 8.88178e-15
2 6.70575e-14
3 2.57128e-13
7142 3
1 -4.44089e-15
2 7.41629e-14
3 2.52687e-13
7144 3
1 5.32907e-15
2 9.4591e-14
3 2.50466e-13
7146 3
1 1.59872e-14
2 7.32747e-14
3 2.44693e-13
7148 3
1 3.55271e-15
2 7.32747e-14
3 2.37144e-13
7150 3
1 -1.77636e-15
2 7.50511e-14
3 2.46914e-13
7152 3
1 2.57572e-14
2 9.85878e-14
3 2.27374e-13
7154 3
1 1.86517e-14
2 8.21565e-14
3 2.3892e-13
7156 3
1 1.15463e-14
2 8.9706e-14
3 2.5846e-13
7158 3
1 1.24345e-14
2 6.61693e-14
3 2.35367e-13
7160 3
1 2.4869e-14
2 8.17124e-14
3 2.31815e-13
7162 3
1 2.57572e-14
2 5.9508e-14
3 2.30038e-13
7164 3
1 8.88178e-15
2 7.72715e-14
3 2.10498e-13
7166 3
1 -1.77636e-15
2 5.19584e-14
3 2.10942e-13
7168 3
1 -9.76996e-15
2 9.63674e-14
3 2.30038e-13
7170 3
1 -1.06581e-14
2 9.76996e-14
3 2.33591e-13
7172 3
1 -9.76996e-15
2 8.52651e-14
3 2.16271e-13
7174 3
1 -8.88178e-15
2 9.85878e-14
3 2.33591e-13
7176 3
1 1.24345e-14
2 9.85878e-14
3 2.13163e-13
7178 3
1 1.95399e-14
2 7.99361e-14
3 2.06501e-13
7180 3
1 1.86517e-14
2 6.83897e-14
3 2.37144e-13
7182 3
1 -1.77636e-15
2 5.15143e-14
3 2.33591e-13
7184 3
1 2.30926e-14
2 8.52651e-14
3 2.29594e-13
7186 3
1 8.88178e-16
2 1.18128e-13
3 2.30038e-13
7188 3
1 8.88178e-15
2 1.03029e-13
3 2.37144e-13
7190 3
1 -8.88178e-16
2 1.10134e-13
3 2.2915e-13
7192 3
1 1.77636e-15
2 8.08242e-14
3 2.45137e-13
7194 3
1 2.13163e-14
2 1.03917e-13
3 2.52687e-13
7196 3
1 -9.76996e-15
2 9.32587e-14
3 2.22489e-13
7198 3
1 4.44089e-14
2 8.70415e-14
3 2.30038e-13
7200 3
1 7.99361e-15
2 8.43769e-14
3 2.24265e-13
7202 3
1 1.68754e-14
2 1.03029e-13
3 2.6068e-13
7204 3
1 6.21725e-15
2 9.59233e-14
3 2.40696e-13
7206 3
1 5.15143e-14
2 7.90479e-14
3 2.33147e-13
7208 3
1 3.55271e-15
2 9.32587e-14
3 2.43805e-13
7210 3
1 1.68754e-14
2 7.99361e-14
3 2.28262e-13
7212 3
1 3.9968e-14
2 8.70415e-14
3 2.42917e-13
7214 3
1 3.55271e-14
2 9.76996e-14
3 2.31815e-13
7216 3
1 5.32907e-15
2 8.9706e-14
3 2.24709e-13
7218 3
1 2.39808e-14
2 8.61533e-14
3 2.35367e-13
7220 3
1 2.30926e-14
2 9.68114e-14
3 2.46025e-13
7222 3
1 5.32907e-15
2 8.88178e-14
3 2.36255e-13
7224 3
1 1.77636e-14
2 7.72715e-14
3 2.13163e-13
7226 3
1 1.77636e-14
2 1.00364e-13
3 2.33591e-13
7228 3
1 8.88178e-15
2 1.01252e-13
3 2.35367e-13
7230 3
1 3.90799e-14
2 9.23706e-14
3 2.14939e-13
7232 3
1 8.88178e-15
2 1.04805e-13
3 2.15827e-13
7234 3
1 3.28626e-14
2 1.06581e-13
3 2.27374e-13
7236 3
1 1.59872e-14
2 1.1191e-13
3 2.50466e-13
7238 3
1 1.15463e-14
2 1.03029e-13
3 2.40252e-13
7240 3
1 -3.55271e-15
2 1.12799e-13
3 2.22933e-13
7242 3
1 1.77636e-14
2 1.0747e-13
3 2.0961e-13
7244 3
1 0
2 9.85878e-14
3 2.50022e-13
7246 3
1 9.76996e-15
2 8.9706e-14
3 2.44249e-13
7248 3
1 8.88178e-16
2 9.9476e-14
3 2.24709e-13
7250 3
1 1.77636e-14
2 1.05693e-13
3 2.39808e-13
7252 3
1 0
2 1.27898e-13
3 2.38032e-13
7254 3
1 1.95399e-14
2 9.14824e-14
3 2.23821e-13
7256 3
1 -4.44089e-15
2 1.10134e-13
3 2.13163e-13
7258 3
1 2.04281e-14
2 1.2701e-13
3 2.19824e-13
7260 3
1 6.21725e-15
2 1.08358e-13
3 1.9984e-13
7262 3
1 1.24345e-14
2 1.20792e-13
3 2.16716e-13
7264 3
1 2.66454e-14
2 9.23706e-14
3 1.9007e-13
7266 3
1 -1.42109e-14
2 9.59233e-14
3 2.25153e-13
7268 3
1 -7.10543e-15
2 1.1724e-13
3 2.24265e-13
7270 3
1 5.32907e-15
2 1.33227e-13
3 2.32259e-13
7272 3
1 1.15463e-14
2 1.18128e-13
3 2.13163e-13
7274 3
1 8.88178e-15
2 1.35891e-13
3 2.31815e-13
7276 3
1 1.5099e-14
2 1.14575e-13
3 2.37144e-13
7278 3
1 5.32907e-15
2 1.3145e-13
3 2.12719e-13
7280 3
1 -6.21725e-15
2 1.08358e-13
3 2.26485e-13
7282 3
1 1.06581e-14
2 9.85878e-14
3 2.23377e-13
7284 3
1 7.10543e-15
2 1.18128e-13
3 2.12719e-13
7286 3
1 -6.21725e-15
2 1.15463e-13
3 2.40696e-13
7288 3
1 1.59872e-14
2 1.00364e-13
3 2.30926e-13
7290 3
1 -1.5099e-14
2 1.01252e-13
3 2.06946e-13
7292 3
1 2.66454e-15
2 1.01252e-13
3 2.22045e-13
7294 3
1 -2.93099e-14
2 8.61533e-14
3 2.40696e-13
7296 3
1 -8.88178e-16
2 1.19016e-13
3 2.42473e-13
7298 3
1 -6.21725e-15
2 1.10134e-13
3 2.20268e-13
7300 3
1 1.77636e-15
2 7.10543e-14
3 2.20268e-13
7302 3
1 3.55271e-15
2 1.08802e-13
3 2.05169e-13
7304 3
1 1.95399e-14
2 1.15019e-13
3 2.38032e-13
7306 3
1 -2.66454e-14
2 1.19016e-13
3 2.38032e-13
7308 3
1 -5.32907e-15
2 1.14131e-13
3 2.27374e-13
7310 3
1 7.10543e-15
2 1.22125e-13
3 2.34479e-13
7312 3
1 3.55271e-15
2 1.14575e-13
3 2.46914e-13
7314 3
1 1.77636e-15
2 1.05693e-13
3 2.22933e-13
7316 3
1 -3.55271e-15
2 1.15019e-13
3 2.02505e-13
7318 3
1 -7.10543e-15
2 1.06581e-13
3 1.95399e-13
7320 3
1 -2.66454e-15
2 9.81437e-14
3 2.22045e-13
7322 3
1 -8.88178e-15
2 1.07025e-13
3 2.18492e-13
7324 3
1 -1.95399e-14
2 1.16795e-13
3 2.31815e-13
7326 3
1 1.24345e-14
2 1.2168e-13
3 2.27374e-13
7328 3
1 -3.73035e-14
2 1.06581e-13
3 2.23821e-13
7330 3
1 -1.5099e-14
2 8.9706e-14
3 2.0961e-13
7332 3
1 -1.95399e-14
2 8.34888e-14
3 2.23821e-13
7334 3
1 -2.4869e-14
2 1.03917e-13
3 2.18492e-13
7336 3
1 -1.06581e-14
2 8.61533e-14
3 2.18492e-13
7338 3
1 -7.10543e-15
2 9.76996e-14
3 1.81188e-13
7340 3
1 9.76996e-15
2 9.9476e-14
3 2.3892e-13
7342 3
1 -1.86517e-14
2 1.10134e-13
3 2.45137e-13
7344 3
1 -1.68754e-14
2 1.0747e-13
3 2.20268e-13
7346 3
1 -2.57572e-14
2 1.06581e-13
3 2.42473e-13
7348 3
1 -6.21725e-15
2 1.1191e-13
3 2.13163e-13
7350 3
1 -6.21725e-15
2 9.76996e-14
3 2.23821e-13
7352 3
1 5.32907e-15
2 1.04805e-13
3 2.36255e-13
7354 3
1 -1.77636e-14
2 9.68114e-14
3 2.3892e-13
7356 3
1 6.21725e-15
2 1.09246e-13
3 2.41585e-13
7358 3
1 -7.10543e-15
2 1.20792e-13
3 2.38032e-13
7360 3
1 -1.68754e-14
2 1.03029e-13
3 2.1938e-13
7362 3
1 7.10543e-15
2 7.37188e-14
3 2.18492e-13
7364 3
1 -1.86517e-14
2 1.13687e-13
3 2.31815e-13
7366 3
1 -1.77636e-14
2 1.31006e-13
3 2.32703e-13
7368 3
1 -1.68754e-14
2 1.01696e-13
3 2.16716e-13
7370 3
1 -1.77636e-14
2 1.19016e-13
3 2.11386e-13
7372 3
1 -8.88178e-16
2 8.9706e-14
3 2.11386e-13
7374 3
1 -1.06581e-14
2 1.02141e-13
3 2.02505e-13
7376 3
1 -6.21725e-15
2 8.9706e-14
3 2.1938e-13
7378 3
1 1.86517e-14
2 1.06581e-13
3 2.2915e-13
7380 3
1 -1.24345e-14
2 1.0747e-13
3 2.0961e-13
7382 3
1 1.77636e-15
2 1.23457e-13
3 2.08722e-13
7384 3
1 -1.59872e-14
2 1.27898e-13
3 1.94511e-13
7386 3
1 -3.19744e-14
2 1.00364e-13
3 1.97176e-13
7388 3
1 -3.01981e-14
2 1.09246e-13
3 2.22045e-13
7390 3
1 -1.86517e-14
2 1.16351e-13
3 2.00728e-13
7392 3
1 -1.24345e-14
2 8.26006e-14
3 2.10498e-13
7394 3
1 -3.19744e-14
2 9.59233e-14
3 1.97176e-13
7396 3
1 -9.76996e-15
2 1.14575e-13
3 2.16716e-13
7398 3
1 -1.86517e-14
2 1.02141e-13
3 1.92735e-13
7400 3
1 -2.66454e-14
2 1.00364e-13
3 1.95399e-13
7402 3
1 -3.90799e-14
2 1.14575e-13
3 2.09166e-13
7404 3
1 -8.88178e-16
2 1.06581e-13
3 2.32703e-13
7406 3
1 -2.84217e-14
2 1.2701e-13
3 1.96287e-13
7408 3
1 -1.24345e-14
2 1.15463e-13
3 1.96732e-13
7410 3
1 -2.13163e-14
2 1.10134e-13
3 2.11386e-13
7412 3
1 1.77636e-15
2 1.16351e-13
3 1.88294e-13
7414 3
1 -4.44089e-15
2 1.12799e-13
3 1.82521e-13
7416 3
1 -2.22045e-14
2 9.9476e-14
3 2.30038e-13
7418 3
1 -2.57572e-14
2 1.22569e-13
3 1.91847e-13
7420 3
1 -2.75335e-14
2 1.0747e-13
3 1.9762e-13
7422 3
1 -2.30926e-14
2 1.00364e-13
3 2.06501e-13
7424 3
1 -2.30926e-14
2 1.12799e-13
3 1.9984e-13
7426 3
1 -1.42109e-14
2 1.30562e-13
3 1.91847e-13
7428 3
1 -3.37508e-14
2 1.18128e-13
3 1.9762e-13
7430 3
1 -1.95399e-14
2 1.34115e-13
3 1.94955e-13
7432 3
1 -3.01981e-14
2 1.00364e-13
3 2.17604e-13
7434 3
1 -1.59872e-14
2 1.1724e-13
3 2.06501e-13
7436 3
1 -1.95399e-14
2 1.20792e-13
3 2.03837e-13
7438 3
1 -1.77636e-14
2 8.08242e-14
3 2.18936e-13
7440 3
1 -1.33227e-14
2 1.10134e-13
3 1.78968e-13
7442 3
1 -2.4869e-14
2 1.0747e-13
3 1.91847e-13
7444 3
1 -2.30926e-14
2 1.05693e-13
3 2.17604e-13
7446 3
1 -5.32907e-15
2 1.02141e-13
3 2.12719e-13
7448 3
1 -8.88178e-15
2 1.22569e-13
3 1.96287e-13
7450 3
1 -5.32907e-15
2 1.2168e-13
3 2.10054e-13
7452 3
1 -7.10543e-15
2 1.02141e-13
3 1.88738e-13
7454 3
1 -1.59872e-14
2 1.04805e-13
3 1.96287e-13
7456 3
1 -1.77636e-15
2 1.19904e-13
3 2.10942e-13
7458 3
1 1.33227e-14
2 8.70415e-14
3 2.04281e-13
7460 3
1 7.99361e-15
2 1.12799e-13
3 2.33591e-13
7462 3
1 -7.99361e-15
2 1.13687e-13
3 2.22933e-13
7464 3
1 -1.24345e-14
2 1.02141e-13
3 2.3892e-13
7466 3
1 -1.24345e-14
2 1.34115e-13
3 1.93179e-13
7468 3
1 -2.13163e-14
2 1.23457e-13
3 2.07834e-13
7470 3
1 -7.99361e-15
2 1.22569e-13
3 2.17604e-13
7472 3
1 -7.10543e-15
2 9.32587e-14
3 2.15383e-13
7474 3
1 -7.10543e-15
2 1.14575e-13
3 2.07834e-13
7476 3
1 -7.10543e-15
2 1.16351e-13
3 2.25153e-13
7478 3
1 -1.06581e-14
2 8.9706e-14
3 1.94955e-13
7480 3
1 0
2 1.02141e-13
3 1.98064e-13
7482 3
1 -8.88178e-15
2 9.05942e-14
3 2.13163e-13
7484 3
1 -1.95399e-14
2 7.72715e-14
3 2.08722e-13
7486 3
1 -8.88178e-15
2 1.24345e-13
3 2.16716e-13
7488 3
1 1.24345e-14
2 1.01252e-13
3 2.04281e-13
7490 3
1 -1.42109e-14
2 8.52651e-14
3 2.16716e-13
7492 3
1 -3.55271e-15
2 1.02141e-13
3 2.22045e-13
7494 3
1 -1.06581e-14
2 1.13687e-13
3 2.08722e-13
7496 3
1 -1.24345e-14
2 9.54792e-14
3 2.18492e-13
7498 3
1 -3.01981e-14
2 8.9706e-14
3 2.30926e-13
7500 3
1 -1.24345e-14
2 8.08242e-14
3 2.31815e-13
7502 3
1 5.32907e-15
2 7.14984e-14
3 2.22045e-13
7504 3
1 1.06581e-14
2 1.06581e-13
3 2.2915e-13
7506 3
1 -5.32907e-15
2 1.02141e-13
3 2.22045e-13
7508 3
1 -8.88178e-15
2 8.79297e-14
3 2.18492e-13
7510 3
1 -3.01981e-14
2 8.52651e-14
3 2.34479e-13
7512 3
1 -1.95399e-14
2 7.99361e-14
3 2.43361e-13
7514 3
1 -2.13163e-14
2 9.68114e-14
3 2.33591e-13
7516 3
1 -8.88178e-15
2 8.57092e-14
3 2.12275e-13
7518 3
1 -1.42109e-14
2 7.14984e-14
3 2.14939e-13
7520 3
1 5.32907e-15
2 9.50351e-14
3 2.25597e-13
7522 3
1 -3.01981e-14
2 8.70415e-14
3 2.13163e-13
7524 3
1 -2.84217e-14
2 6.9722e-14
3 2.0961e-13
7526 3
1 -2.4869e-14
2 9.68114e-14
3 2.22045e-13
7528 3
1 -2.66454e-14
2 9.23706e-14
3 2.00728e-13
7530 3
1 3.55271e-15
2 8.39329e-14
3 2.44249e-13
7532 3
1 -3.55271e-15
2 8.61533e-14
3 2.17604e-13
7534 3
1 -1.95399e-14
2 9.90319e-14
3 2.20268e-13
7536 3
1 -1.24345e-14
2 9.10383e-14
3 2.32703e-13
7538 3
1 -2.84217e-14
2 9.41469e-14
3 2.37144e-13
7540 3
1 -1.42109e-14
2 9.68114e-14
3 2.30038e-13
7542 3
1 -7.10543e-15
2 1.05693e-13
3 2.05169e-13
7544 3
1 -1.95399e-14
2 9.72555e-14
3 2.23821e-13
7546 3
1 7.10543e-15
2 9.28146e-14
3 2.07834e-13
7548 3
1 0
2 7.63833e-14
3 2.46914e-13
7550 3
1 -1.95399e-14
2 8.39329e-14
3 2.22933e-13
7552 3
1 -3.90799e-14
2 7.06102e-14
3 2.24709e-13
7554 3
1 -4.08562e-14
2 5.28466e-14
3 2.30038e-13
7556 3
1 -2.84217e-14
2 7.19425e-14
3 2.18492e-13
7558 3
1 -1.06581e-14
2 6.21725e-14
3 2.30038e-13
7560 3
1 -3.19744e-14
2 7.59393e-14
3 2.22045e-13
7562 3
1 -3.01981e-14
2 7.54952e-14
3 2.3892e-13
7564 3
1 -3.01981e-14
2 6.88338e-14
3 2.11386e-13
7566 3
1 -5.32907e-14
2 1.04361e-13
3 2.06057e-13
7568 3
1 -1.77636e-15
2 6.66134e-14
3 2.27374e-13
7570 3
1 -1.42109e-14
2 7.9492e-14
3 2.36255e-13
7572 3
1 -1.59872e-14
2 7.41629e-14
3 2.20268e-13
7574 3
1 -2.66454e-14
2 7.77156e-14
3 2.21156e-13
7576 3
1 -2.4869e-14
2 9.37028e-14
3 2.2915e-13
7578 3
1 -1.77636e-14
2 6.88338e-14
3 1.97176e-13
7580 3
1 -3.73035e-14
2 8.39329e-14
3 2.16716e-13
7582 3
1 7.10543e-15
2 7.54952e-14
3 2.02505e-13
7584 3
1 5.32907e-15
2 6.57252e-14
3 2.36255e-13
7586 3
1 -5.32907e-15
2 8.79297e-14
3 2.57572e-13
7588 3
1 1.77636e-14
2 7.99361e-14
3 2.31815e-13
7590 3
1 7.10543e-15
2 8.39329e-14
3 2.30038e-13
7592 3
1 -2.13163e-14
2 9.01501e-14
3 2.18492e-13
7594 3
1 -1.24345e-14
2 4.17444e-14
3 2.26485e-13
7596 3
1 -1.77636e-15
2 6.52811e-14
3 2.25597e-13
7598 3
1 -8.88178e-15
2 6.12843e-14
3 2.27374e-13
7600 3
1 -1.24345e-14
2 9.59233e-14
3 2.33591e-13
7602 3
1 7.10543e-15
2 7.72715e-14
3 2.01617e-13
7604 3
1 1.77636e-15
2 6.88338e-14
3 2.1938e-13
7606 3
1 7.10543e-15
2 7.59393e-14
3 2.10498e-13
7608 3
1 -3.55271e-15
2 9.50351e-14
3 2.2915e-13
7610 3
1 -1.24345e-14
2 5.68434e-14
3 2.2915e-13
7612 3
1 1.24345e-14
2 7.54952e-14
3 2.26485e-13
7614 3
1 -7.10543e-15
2 6.03961e-14
3 2.21156e-13
7616 3
1 -7.10543e-15
2 9.68114e-14
3 2.23821e-13
7618 3
1 1.77636e-15
2 8.39329e-14
3 2.2915e-13
7620 3
1 -1.59872e-14
2 7.90479e-14
3 2.51354e-13
7622 3
1 -1.24345e-14
2 8.43769e-14
3 2.21156e-13
7624 3
1 0
2 7.86038e-14
3 2.21156e-13
7626 3
1 5.32907e-15
2 8.52651e-14
3 2.14051e-13
7628 3
1 -1.77636e-15
2 8.9706e-14
3 2.32703e-13
7630 3
1 -2.30926e-14
2 8.34888e-14
3 2.46914e-13
7632 3
1 -1.77636e-15
2 9.05942e-14
3 2.62901e-13
7634 3
1 7.10543e-15
2 7.10543e-14
3 2.30926e-13
7636 3
1 -1.59872e-14
2 9.10383e-14
3 2.18492e-13
7638 3
1 -1.95399e-14
2 6.9722e-14
3 2.34479e-13
7640 3
1 -1.95399e-14
2 6.4837e-14
3 2.56684e-13
7642 3
1 -3.19744e-14
2 6.61693e-14
3 2.22045e-13
7644 3
1 -3.19744e-14
2 6.57252e-14
3 2.20268e-13
7646 3
1 -1.77636e-15
2 7.72715e-14
3 2.22045e-13
7648 3
1 -1.59872e-14
2 9.72555e-14
3 2.33591e-13
7650 3
1 -1.06581e-14
2 6.66134e-14
3 2.27374e-13
7652 3
1 -3.55271e-14
2 7.63833e-14
3 2.60236e-13
7654 3
1 -3.01981e-14
2 8.57092e-14
3 2.32703e-13
7656 3
1 -2.4869e-14
2 8.43769e-14
3 2.31815e-13
7658 3
1 -7.10543e-15
2 8.88178e-14
3 2.54019e-13
7660 3
1 -3.55271e-15
2 8.79297e-14
3 2.53131e-13
7662 3
1 -1.77636e-15
2 8.52651e-14
3 2.04281e-13
7664 3
1 -3.37508e-14
2 7.90479e-14
3 2.43361e-13
7666 3
1 1.77636e-15
2 6.03961e-14
3 2.36255e-13
7668 3
1 -5.32907e-15
2 5.50671e-14
3 2.17604e-13
7670 3
1 0
2 8.08242e-14
3 2.22933e-13
7672 3
1 -2.13163e-14
2 9.28146e-14
3 2.15827e-13
7674 3
1 -1.42109e-14
2 7.37188e-14
3 2.42473e-13
7676 3
1 -8.88178e-15
2 7.4607e-14
3 2.00728e-13
7678 3
1 2.13163e-14
2 7.4607e-14
3 2.24709e-13
7680 3
1 -2.66454e-14
2 6.66134e-14
3 2.38032e-13
7682 3
1 -2.4869e-14
2 7.10543e-14
3 2.06946e-13
7684 3
1 -3.55271e-15
2 6.17284e-14
3 2.25597e-13
7686 3
1 -1.06581e-14
2 7.54952e-14
3 2.36255e-13
7688 3
1 -2.4869e-14
2 8.9706e-14
3 2.14051e-13
7690 3
1 -5.32907e-15
2 6.92779e-14
3 2.25597e-13
7692 3
1 -8.88178e-15
2 5.4623e-14
3 2.10498e-13
7694 3
1 -1.42109e-14
2 8.03801e-14
3 2.20268e-13
7696 3
1 -1.24345e-14
2 5.81757e-14
3 2.43361e-13
7698 3
1 -1.06581e-14
2 7.01661e-14
3 2.15827e-13
7700 3
1 -1.77636e-14
2 7.99361e-14
3 2.07834e-13
7702 3
1 -2.30926e-14
2 7.10543e-14
3 2.11386e-13
7704 3
1 -7.10543e-15
2 5.10703e-14
3 2.2915e-13
7706 3
1 -2.84217e-14
2 7.90479e-14
3 2.25597e-13
7708 3
1 -1.42109e-14
2 5.86198e-14
3 2.18492e-13
7710 3
1 -8.88178e-15
2 6.88338e-14
3 2.18492e-13
7712 3
1 -1.24345e-14
2 7.72715e-14
3 2.23821e-13
7714 3
1 -3.01981e-14
2 7.72715e-14
3 2.24709e-13
7716 3
1 0
2 7.37188e-14
3 2.15827e-13
7718 3
1 -1.59872e-14
2 6.21725e-14
3 2.32703e-13
7720 3
1 -3.55271e-15
2 6.57252e-14
3 2.37144e-13
7722 3
1 -3.55271e-15
2 1.00808e-13
3 2.27374e-13
7724 3
1 -2.30926e-14
2 9.37028e-14
3 2.31815e-13
7726 3
1 -1.06581e-14
2 9.59233e-14
3 2.20268e-13
7728 3
1 -1.95399e-14
2 8.17124e-14
3 2.05169e-13
7730 3
1 -1.77636e-14
2 6.30607e-14
3 2.41585e-13
7732 3
1 3.55271e-15
2 6.66134e-14
3 2.34479e-13
7734 3
1 -4.08562e-14
2 7.68274e-14
3 2.15827e-13
7736 3
1 0
2 6.4837e-14
3 1.98952e-13
7738 3
1 -1.42109e-14
2 6.4837e-14
3 2.0961e-13
7740 3
1 -7.10543e-15
2 6.57252e-14
3 2.0739e-13
7742 3
1 7.10543e-15
2 6.21725e-14
3 2.25153e-13
7744 3
1 -1.24345e-14
2 6.30607e-14
3 2.18048e-13
7746 3
1 -8.88178e-15
2 7.28306e-14
3 2.12719e-13
7748 3
1 8.88178e-15
2 5.24025e-14
3 2.15827e-13
7750 3
1 -1.06581e-14
2 3.37508e-14
3 2.1938e-13
7752 3
1 -1.95399e-14
2 4.52971e-14
3 2.12275e-13
7754 3
1 -1.24345e-14
2 8.08242e-14
3 2.10498e-13
7756 3
1 3.55271e-15
2 5.86198e-14
3 2.14051e-13
7758 3
1 1.24345e-14
2 3.90799e-14
3 2.19824e-13
7760 3
1 1.06581e-14
2 7.4607e-14
3 1.93179e-13
7762 3
1 -7.10543e-15
2 8.9706e-14
3 2.14495e-13
7764 3
1 -1.06581e-14
2 7.81597e-14
3 2.11386e-13
7766 3
1 -1.24345e-14
2 7.99361e-14
3 1.94955e-13
7768 3
1 -8.88178e-15
2 4.44089e-14
3 2.14495e-13
7770 3
1 -2.39808e-14
2 8.17124e-14
3 1.90514e-13
7772 3
1 -2.84217e-14
2 7.10543e-14
3 1.70974e-13
7774 3
1 1.77636e-15
2 5.15143e-14
3 1.97176e-13
7776 3
1 8.88178e-15
2 8.52651e-14
3 1.84297e-13
7778 3
1 4.44089e-15
2 4.61853e-14
3 1.74971e-13
7780 3
1 -4.44089e-15
2 6.12843e-14
3 1.93179e-13
7782 3
1 3.55271e-15
2 3.90799e-14
3 1.75859e-13
7784 3
1 -6.21725e-15
2 5.24025e-14
3 2.01617e-13
7786 3
1 3.55271e-15
2 5.41789e-14
3 1.97176e-13
7788 3
1 3.55271e-15
2 6.83897e-14
3 1.9984e-13
7790 3
1 1.33227e-14
2 6.83897e-14
3 1.74083e-13
7792 3
1 3.01981e-14
2 4.08562e-14
3 1.81188e-13
7794 3
1 -1.77636e-15
2 4.9738e-14
3 1.95399e-13
7796 3
1 1.77636e-14
2 5.50671e-14
3 1.8785e-13
7798 3
1 5.32907e-15
2 6.12843e-14
3 1.76748e-13
7800 3
1 1.24345e-14
2 5.9508e-14
3 1.93179e-13
7802 3
1 6.21725e-15
2 6.12843e-14
3 1.97176e-13
7804 3
1 2.66454e-15
2 3.73035e-14
3 1.88738e-13
7806 3
1 8.88178e-16
2 6.66134e-14
3 2.06946e-13
7808 3
1 8.88178e-16
2 7.63833e-14
3 2.09166e-13
7810 3
1 -2.39808e-14
2 6.03961e-14
3 1.87406e-13
7812 3
1 1.95399e-14
2 5.06262e-14
3 1.98952e-13
7814 3
1 2.39808e-14
2 5.9508e-14
3 1.95399e-13
7816 3
1 1.06581e-14
2 7.37188e-14
3 2.05169e-13
7818 3
1 7.99361e-15
2 4.35207e-14
3 2.20268e-13
7820 3
1 2.39808e-14
2 5.86198e-14
3 2.1716e-13
7822 3
1 -2.30926e-14
2 6.57252e-14
3 1.7808e-13
7824 3
1 -9.76996e-15
2 4.44089e-14
3 2.03393e-13
7826 3
1 1.77636e-15
2 5.50671e-14
3 1.98064e-13
7828 3
1 6.21725e-15
2 6.92779e-14
3 2.10498e-13
7830 3
1 2.13163e-14
2 5.41789e-14
3 2.40696e-13
7832 3
1 2.66454e-15
2 5.86198e-14
3 1.86517e-13
7834 3
1 9.76996e-15
2 6.12843e-14
3 2.23821e-13
7836 3
1 -5.32907e-15
2 6.57252e-14
3 2.20268e-13
7838 3
1 2.39808e-14
2 6.66134e-14
3 2.00728e-13
7840 3
1 1.42109e-14
2 5.06262e-14
3 2.15827e-13
7842 3
1 -1.77636e-15
2 3.01981e-14
3 1.81188e-13
7844 3
1 -1.33227e-14
2 4.26326e-14
3 1.93623e-13
7846 3
1 -8.88178e-15
2 4.35207e-14
3 1.9007e-13
7848 3
1 2.66454e-14
2 4.52971e-14
3 2.35367e-13
7850 3
1 3.55271e-15
2 6.30607e-14
3 2.06946e-13
7852 3
1 5.32907e-15
2 4.52971e-14
3 2.05169e-13
7854 3
1 1.77636e-15
2 5.06262e-14
3 2.06946e-13
7856 3
1 3.55271e-15
2 6.57252e-14
3 2.10498e-13
7858 3
1 2.22045e-14
2 4.9738e-14
3 1.81188e-13
7860 3
1 7.99361e-15
2 6.4837e-14
3 2.17604e-13
7862 3
1 2.04281e-14
2 5.06262e-14
3 2.03837e-13
7864 3
1 2.04281e-14
2 6.03961e-14
3 1.79856e-13
7866 3
1 7.99361e-15
2 6.12843e-14
3 2.11386e-13
7868 3
1 2.75335e-14
2 5.9508e-14
3 1.96287e-13
7870 3
1 3.55271e-15
2 5.77316e-14
3 2.04281e-13
7872 3
1 9.76996e-15
2 6.92779e-14
3 2.00728e-13
7874 3
1 -4.44089e-15
2 6.03961e-14
3 1.85185e-13
7876 3
1 1.24345e-14
2 6.21725e-14
3 1.83409e-13
7878 3
1 6.21725e-15
2 5.32907e-14
3 1.86962e-13
7880 3
1 -2.66454e-15
2 3.19744e-14
3 2.00728e-13
7882 3
1 1.42109e-14
2 5.9508e-14
3 1.83409e-13
7884 3
1 2.13163e-14
2 6.57252e-14
3 1.82965e-13
7886 3
1 7.10543e-15
2 6.4837e-14
3 1.49658e-13
7888 3
1 1.95399e-14
2 8.34888e-14
3 2.08722e-13
7890 3
1 2.39808e-14
2 5.9508e-14
3 1.83853e-13
7892 3
1 2.84217e-14
2 5.68434e-14
3 1.88294e-13
7894 3
1 2.66454e-14
2 5.32907e-14
3 1.92291e-13
7896 3
1 1.86517e-14
2 4.61853e-14
3 1.80744e-13
7898 3
1 3.4639e-14
2 5.24025e-14
3 1.94511e-13
7900 3
1 2.39808e-14
2 7.81597e-14
3 1.77636e-13
7902 3
1 3.01981e-14
2 5.59552e-14
3 2.02061e-13
7904 3
1 2.30926e-14
2 8.08242e-14
3 1.9007e-13
7906 3
1 4.79616e-14
2 5.06262e-14
3 1.73195e-13
7908 3
1 1.77636e-14
2 3.64153e-14
3 1.76748e-13
7910 3
1 1.59872e-14
2 6.30607e-14
3 1.89182e-13
7912 3
1 2.75335e-14
2 3.01981e-14
3 1.91847e-13
7914 3
1 1.59872e-14
2 6.03961e-14
3 1.77636e-13
7916 3
1 1.33227e-14
2 4.08562e-14
3 1.92735e-13
7918 3
1 -9.76996e-15
2 6.92779e-14
3 1.69198e-13
7920 3
1 4.70735e-14
2 6.12843e-14
3 1.78524e-13
7922 3
1 5.24025e-14
2 8.17124e-14
3 1.86517e-13
7924 3
1 8.88178e-15
2 6.83897e-14
3 1.76748e-13
7926 3
1 1.59872e-14
2 7.01661e-14
3 1.69642e-13
7928 3
1 1.77636e-14
2 6.4837e-14
3 1.92735e-13
7930 3
1 1.42109e-14
2 7.37188e-14
3 1.61648e-13
7932 3
1 4.44089e-14
2 7.10543e-14
3 2.00728e-13
7934 3
1 1.77636e-14
2 6.57252e-14
3 1.88294e-13
7936 3
1 2.04281e-14
2 7.81597e-14
3 1.86517e-13
7938 3
1 1.24345e-14
2 6.57252e-14
3 1.81188e-13
7940 3
1 2.39808e-14
2 7.28306e-14
3 1.9007e-13
7942 3
1 2.22045e-14
2 5.86198e-14
3 1.81188e-13
7944 3
1 3.19744e-14
2 9.41469e-14
3 1.89182e-13
7946 3
1 7.99361e-15
2 4.44089e-14
3 1.803e-13
7948 3
1 9.76996e-15
2 6.57252e-14
3 1.63425e-13
7950 3
1 1.9984e-14
2 7.63833e-14
3 1.9984e-13
7952 3
1 -5.32907e-15
2 7.81597e-14
3 1.86962e-13
7954 3
1 -5.77316e-15
2 7.54952e-14
3 1.79412e-13
7956 3
1 -3.55271e-15
2 9.14824e-14
3 1.62537e-13
7958 3
1 -8.88178e-16
2 4.9738e-14
3 1.9762e-13
7960 3
1 1.33227e-15
2 7.90479e-14
3 1.7053e-13
7962 3
1 2.53131e-14
2 6.66134e-14
3 1.88738e-13
7964 3
1 -1.95399e-14
2 5.86198e-14
3 1.7053e-13
7966 3
1 8.88178e-16
2 6.30607e-14
3 1.76303e-13
7968 3
1 -2.4869e-14
2 1.08358e-13
3 1.86962e-13
7970 3
1 -1.77636e-15
2 1.00364e-13
3 1.76748e-13
7972 3
1 6.21725e-15
2 7.90479e-14
3 1.91847e-13
7974 3
1 -3.15303e-14
2 8.08242e-14
3 1.73195e-13
7976 3
1 -1.42109e-14
2 9.14824e-14
3 1.67422e-13
7978 3
1 -2.30926e-14
2 1.13687e-13
3 1.45661e-13
7980 3
1 1.28786e-14
2 1.0747e-13
3 1.53655e-13
7982 3
1 -7.10543e-15
2 9.9476e-14
3 1.48326e-13
7984 3
1 -9.76996e-15
2 1.04805e-13
3 1.66978e-13
7986 3
1 -7.10543e-15
2 9.50351e-14
3 1.52767e-13
7988 3
1 8.88178e-16
2 9.68114e-14
3 1.58984e-13
7990 3
1 2.13163e-14
2 8.70415e-14
3 1.39888e-13
7992 3
1 -5.32907e-15
2 5.59552e-14
3 1.74971e-13
7994 3
1 1.33227e-14
2 9.9476e-14
3 1.61648e-13
7996 3
1 2.13163e-14
2 6.30607e-14
3 1.54987e-13
7998 3
1 1.15463e-14
2 9.32587e-14
3 1.50546e-13
8000 3
1 1.77636e-14
2 9.05942e-14
3 1.52323e-13
8002 3
1 -1.06581e-14
2 7.54952e-14
3 1.51879e-13
8004 3
1 6.21725e-15
2 7.99361e-14
3 1.54543e-13
8006 3
1 1.77636e-15
2 6.75016e-14
3 1.74971e-13
8008 3
1 8.88178e-15
2 1.00364e-13
3 1.59872e-13
8010 3
1 1.24345e-14
2 1.16351e-13
3 1.76303e-13
8012 3
1 2.13163e-14
2 9.9476e-14
3 1.67866e-13
8014 3
1 1.77636e-14
2 8.43769e-14
3 1.98952e-13
8016 3
1 1.77636e-14
2 9.32587e-14
3 1.58984e-13
8018 3
1 1.95399e-14
2 9.32587e-14
3 1.81188e-13
8020 3
1 1.24345e-14
2 1.14575e-13
3 1.52323e-13
8022 3
1 7.99361e-15
2 1.08358e-13
3 1.79412e-13
8024 3
1 -5.32907e-15
2 9.9476e-14
3 1.47438e-13
8026 3
1 -8.88178e-15
2 1.16351e-13
3 1.45661e-13
8028 3
1 5.32907e-15
2 8.08242e-14
3 1.61648e-13
8030 3
1 -8.88178e-16
2 1.12799e-13
3 1.86517e-13
8032 3
1 1.06581e-14
2 1.02141e-13
3 1.56319e-13
8034 3
1 -4.44089e-15
2 1.01252e-13
3 1.54987e-13
8036 3
1 4.61853e-14
2 1.10134e-13
3 1.66978e-13
8038 3
1 1.86517e-14
2 1.20792e-13
3 1.58096e-13
8040 3
1 -2.04281e-14
2 1.06581e-13
3 1.36779e-13
8042 3
1 2.30926e-14
2 1.05693e-13
3 1.62537e-13
8044 3
1 -2.13163e-14
2 1.12799e-13
3 1.83853e-13
8046 3
1 -1.15463e-14
2 9.9476e-14
3 1.44773e-13
8048 3
1 1.33227e-14
2 1.03917e-13
3 1.48326e-13
8050 3
1 -7.10543e-15
2 9.76996e-14
3 1.4122e-13
8052 3
1 -7.99361e-15
2 1.02141e-13
3 1.51879e-13
8054 3
1 -7.10543e-15
2 1.01252e-13
3 1.37668e-13
8056 3
1 -1.95399e-14
2 1.18128e-13
3 1.52767e-13
8058 3
1 -1.06581e-14
2 1.03917e-13
3 1.63425e-13
8060 3
1 5.32907e-15
2 1.22569e-13
3 1.57652e-13
8062 3
1 -1.59872e-14
2 1.02141e-13
3 1.57208e-13
8064 3
1 7.10543e-15
2 1.16351e-13
3 1.48326e-13
8066 3
1 5.32907e-15
2 1.03029e-13
3 1.46549e-13
8068 3
1 -9.76996e-15
2 1.15463e-13
3 1.67422e-13
8070 3
1 -1.02141e-14
2 1.05249e-13
3 1.78524e-13
8072 3
1 -1.68754e-14
2 1.36335e-13
3 1.77636e-13
8074 3
1 2.22045e-15
2 1.06137e-13
3 1.5854e-13
8076 3
1 -1.73195e-14
2 8.74856e-14
3 1.42997e-13
8078 3
1 -1.33227e-14
2 8.21565e-14
3 1.76748e-13
8080 3
1 -2.13163e-14
2 1.24345e-13
3 1.60316e-13
8082 3
1 1.06581e-14
2 7.81597e-14
3 1.76748e-13
8084 3
1 7.10543e-15
2 8.17124e-14
3 1.58984e-13
8086 3
1 4.88498e-15
2 9.59233e-14
3 1.59872e-13
8088 3
1 -2.62013e-14
2 1.24345e-13
3 1.47438e-13
8090 3
1 -3.37508e-14
2 8.9706e-14
3 1.79412e-13
8092 3
1 -1.90958e-14
2 1.03029e-13
3 1.58096e-13
8094 3
1 -1.59872e-14
2 1.03473e-13
3 1.65201e-13
8096 3
1 -2.66454e-15
2 8.79297e-14
3 1.63869e-13
8098 3
1 -2.53131e-14
2 7.77156e-14
3 1.64757e-13
8100 3
1 -1.59872e-14
2 8.34888e-14
3 1.66089e-13
8102 3
1 -9.32587e-15
2 8.26006e-14
3 1.55875e-13
8104 3
1 -8.88178e-16
2 6.75016e-14
3 1.63425e-13
8106 3
1 -3.5083e-14
2 7.9492e-14
3 1.53211e-13
8108 3
1 -9.32587e-15
2 9.63674e-14
3 1.45661e-13
8110 3
1 -2.39808e-14
2 8.61533e-14
3 1.36335e-13
8112 3
1 -1.5099e-14
2 8.4821e-14
3 1.82965e-13
8114 3
1 -1.11022e-14
2 9.90319e-14
3 1.61204e-13
8116 3
1 -2.35367e-14
2 8.61533e-14
3 1.82077e-13
8118 3
1 -1.46549e-14
2 1.08802e-13
3 1.70086e-13
8120 3
1 -3.10862e-14
2 9.14824e-14
3 1.7808e-13
8122 3
1 -2.30926e-14
2 1.04805e-13
3 1.75415e-13
8124 3
1 -1.24345e-14
2 9.14824e-14
3 1.74083e-13
8126 3
1 3.55271e-15
2 8.21565e-14
3 1.55875e-13
8128 3
1 -1.95399e-14
2 1.0747e-13
3 1.62537e-13
8130 3
1 -3.10862e-14
2 1.03029e-13
3 1.54543e-13
8132 3
1 -8.43769e-15
2 7.06102e-14
3 1.71418e-13
8134 3
1 2.30926e-14
2 7.14984e-14
3 1.41664e-13
8136 3
1 -6.21725e-15
2 6.57252e-14
3 1.63425e-13
8138 3
1 -1.11022e-14
2 6.88338e-14
3 1.61204e-13
8140 3
1 -6.66134e-15
2 8.52651e-14
3 1.65201e-13
8142 3
1 -5.77316e-15
2 5.59552e-14
3 1.55431e-13
8144 3
1 -1.55431e-14
2 6.83897e-14
3 1.39e-13
8146 3
1 -2.08722e-14
2 7.72715e-14
3 1.67866e-13
8148 3
1 -2.35367e-14
2 6.30607e-14
3 1.59872e-13
8150 3
1 -3.55271e-15
2 8.70415e-14
3 1.3145e-13
8152 3
1 -1.19904e-14
2 8.9706e-14
3 1.40332e-13
8154 3
1 -1.33227e-14
2 8.12683e-14
3 1.66978e-13
8156 3
1 -1.90958e-14
2 6.61693e-14
3 1.58984e-13
8158 3
1 -5.32907e-15
2 7.99361e-14
3 1.71418e-13
8160 3
1 -4.44089e-16
2 8.70415e-14
3 1.49214e-13
8162 3
1 -4.13003e-14
2 9.05942e-14
3 1.6076e-13
8164 3
1 6.66134e-15
2 8.08242e-14
3 1.46549e-13
8166 3
1 -1.15463e-14
2 6.4837e-14
3 1.68754e-13
8168 3
1 -1.68754e-14
2 6.75016e-14
3 1.76748e-13
8170 3
1 -2.75335e-14
2 8.26006e-14
3 1.85629e-13
8172 3
1 -1.77636e-14
2 8.9706e-14
3 1.49214e-13
8174 3
1 7.10543e-15
2 7.10543e-14
3 1.43885e-13
8176 3
1 -1.28786e-14
2 8.52651e-14
3 1.44773e-13
8178 3
1 -2.9754e-14
2 5.86198e-14
3 1.63425e-13
8180 3
1 7.10543e-15
2 7.4607e-14
3 1.9007e-13
8182 3
1 -1.11022e-14
2 4.52971e-14
3 1.38556e-13
8184 3
1 -3.41949e-14
2 8.08242e-14
3 1.72307e-13
8186 3
1 -9.76996e-15
2 7.01661e-14
3 1.71418e-13
8188 3
1 1.77636e-15
2 7.72715e-14
3 1.82077e-13
8190 3
1 -7.99361e-15
2 7.72715e-14
3 1.40332e-13
8192 3
1 1.73195e-14
2 9.32587e-14
3 1.82965e-13
8194 3
1 -1.59872e-14
2 8.61533e-14
3 1.55431e-13
8196 3
1 1.77636e-15
2 7.63833e-14
3 1.6076e-13
8198 3
1 -1.68754e-14
2 6.92779e-14
3 1.55431e-13
8200 3
1 -5.32907e-15
2 7.72715e-14
3 1.61648e-13
8202 3
1 -5.32907e-15
2 7.90479e-14
3 1.78524e-13
8204 3
1 7.10543e-15
2 8.52651e-14
3 1.49214e-13
8206 3
1 -2.44249e-14
2 7.28306e-14
3 1.51879e-13
8208 3
1 2.66454e-15
2 9.23706e-14
3 1.71418e-13
8210 3
1 -8.88178e-15
2 6.92779e-14
3 1.56319e-13
8212 3
1 -2.93099e-14
2 9.76996e-14
3 1.7053e-13
8214 3
1 -1.33227e-14
2 9.05942e-14
3 1.43885e-13
8216 3
1 -1.06581e-14
2 9.23706e-14
3 1.71418e-13
8218 3
1 -3.10862e-15
2 7.81597e-14
3 1.71418e-13
8220 3
1 -4.44089e-16
2 1.03917e-13
3 1.71418e-13
8222 3
1 -1.28786e-14
2 5.06262e-14
3 1.71418e-13
8224 3
1 -5.32907e-15
2 8.43769e-14
3 1.85629e-13
8226 3
1 6.21725e-15
2 6.03961e-14
3 1.65201e-13
8228 3
1 5.32907e-15
2 9.50351e-14
3 1.82077e-13
8230 3
1 1.28786e-14
2 6.75016e-14
3 1.81188e-13
8232 3
1 -1.46549e-14
2 6.4837e-14
3 1.90958e-13
8234 3
1 3.9968e-15
2 7.10543e-14
3 1.81188e-13
8236 3
1 1.59872e-14
2 1.11022e-13
3 1.62537e-13
8238 3
1 -7.10543e-15
2 9.50351e-14
3 1.71418e-13
8240 3
1 1.77636e-15
2 6.57252e-14
3 1.36779e-13
8242 3
1 1.82077e-14
2 8.17124e-14
3 1.71418e-13
8244 3
1 1.24345e-14
2 8.34888e-14
3 1.67866e-13
8246 3
1 0
2 7.10543e-14
3 1.71418e-13
8248 3
1 4.44089e-15
2 8.26006e-14
3 1.69642e-13
8250 3
1 6.21725e-15
2 8.79297e-14
3 2.38032e-13
8252 3
1 1.37668e-14
2 9.05942e-14
3 1.76748e-13
8254 3
1 -3.10862e-15
2 9.9476e-14
3 1.76748e-13
8256 3
1 7.99361e-15
2 1.03029e-13
3 1.76748e-13
8258 3
1 -1.33227e-15
2 7.01661e-14
3 1.5099e-13
8260 3
1 6.66134e-15
2 1.09246e-13
3 1.83853e-13
8262 3
1 2.13163e-14
2 6.39488e-14
3 1.71418e-13
8264 3
1 -1.33227e-15
2 7.54952e-14
3 1.91847e-13
8266 3
1 4.88498e-15
2 1.0747e-13
3 1.64313e-13
8268 3
1 8.88178e-15
2 9.14824e-14
3 1.89182e-13
8270 3
1 1.55431e-14
2 8.08242e-14
3 1.72307e-13
8272 3
1 2.4869e-14
2 5.68434e-14
3 1.34115e-13
8274 3
1 3.10862e-15
2 9.68114e-14
3 1.67866e-13
8276 3
1 1.5099e-14
2 7.28306e-14
3 1.66089e-13
8278 3
1 -8.88178e-16
2 8.52651e-14
3 1.78524e-13
8280 3
1 2.66454e-14
2 7.28306e-14
3 1.67866e-13
8282 3
1 3.9968e-15
2 1.10134e-13
3 1.74971e-13
8284 3
1 1.55431e-14
2 8.61533e-14
3 1.36779e-13
8286 3
1 -1.5099e-14
2 8.08242e-14
3 1.96287e-13
8288 3
1 1.59872e-14
2 7.63833e-14
3 1.58984e-13
8290 3
1 2.30926e-14
2 8.08242e-14
3 1.72307e-13
8292 3
1 1.59872e-14
2 7.63833e-14
3 1.69642e-13
8294 3
1 4.44089e-15
2 8.08242e-14
3 1.68754e-13
8296 3
1 1.42109e-14
2 7.63833e-14
3 1.46549e-13
8298 3
1 3.55271e-15
2 6.83897e-14
3 1.74971e-13
8300 3
1 1.59872e-14
2 6.57252e-14
3 1.69642e-13
8302 3
1 1.06581e-14
2 6.39488e-14
3 1.67866e-13
8304 3
1 -2.22045e-15
2 4.52971e-14
3 1.74083e-13
8306 3
1 2.66454e-15
2 9.59233e-14
3 1.69642e-13
8308 3
1 5.32907e-15
2 8.61533e-14
3 1.62537e-13
8310 3
1 -1.24345e-14
2 9.23706e-14
3 1.69642e-13
8312 3
1 1.33227e-15
2 9.23706e-14
3 1.74083e-13
8314 3
1 -1.33227e-15
2 6.75016e-14
3 1.44773e-13
8316 3
1 -1.33227e-14
2 8.88178e-14
3 2.04281e-13
8318 3
1 -4.44089e-16
2 8.34888e-14
3 1.47438e-13
8320 3
1 2.66454e-15
2 6.92779e-14
3 1.6076e-13
8322 3
1 -1.33227e-14
2 7.81597e-14
3 1.69642e-13
8324 3
1 -8.88178e-15
2 5.41789e-14
3 1.58984e-13
8326 3
1 -3.33067e-14
2 7.4607e-14
3 1.62537e-13
8328 3
1 -3.55271e-15
2 5.59552e-14
3 1.7053e-13
8330 3
1 -7.99361e-15
2 7.72715e-14
3 1.58096e-13
8332 3
1 -1.9984e-14
2 8.34888e-14
3 1.82965e-13
8334 3
1 -5.32907e-15
2 7.10543e-14
3 1.48326e-13
8336 3
1 -4.44089e-16
2 5.59552e-14
3 1.35003e-13
8338 3
1 -2.22045e-14
2 7.01661e-14
3 1.53655e-13
8340 3
1 -2.13163e-14
2 6.4837e-14
3 1.66978e-13
8342 3
1 -7.54952e-15
2 6.30607e-14
3 1.59872e-13
8344 3
1 2.66454e-15
2 5.86198e-14
3 1.69642e-13
8346 3
1 -5.77316e-15
2 8.08242e-14
3 1.5099e-13
8348 3
1 -2.66454e-14
2 8.17124e-14
3 1.38556e-13
8350 3
1 -4.44089e-15
2 8.08242e-14
3 1.42997e-13
8352 3
1 -1.42109e-14
2 6.92779e-14
3 1.62537e-13
8354 3
1 -6.21725e-15
2 7.72715e-14
3 1.57208e-13
8356 3
1 -1.73195e-14
2 6.21725e-14
3 1.74971e-13
8358 3
1 7.99361e-15
2 5.77316e-14
3 1.45661e-13
8360 3
1 1.77636e-14
2 8.88178e-14
3 1.74083e-13
8362 3
1 -8.88178e-16
2 6.30607e-14
3 1.66089e-13
8364 3
1 1.33227e-14
2 8.08242e-14
3 1.65201e-13
8366 3
1 -6.21725e-15
2 7.99361e-14
3 1.43885e-13
8368 3
1 -2.88658e-14
2 6.57252e-14
3 1.82077e-13
8370 3
1 -6.66134e-15
2 6.75016e-14
3 1.50102e-13
8372 3
1 -1.86517e-14
2 6.03961e-14
3 1.48326e-13
8374 3
1 -1.15463e-14
2 5.59552e-14
3 1.39444e-13
8376 3
1 -2.66454e-14
2 3.90799e-14
3 1.16351e-13
8378 3
1 -4.17444e-14
2 4.88498e-14
3 1.5099e-13
8380 3
1 -7.99361e-15
2 5.15143e-14
3 1.29674e-13
8382 3
1 -1.59872e-14
2 5.24025e-14
3 1.71418e-13
8384 3
1 1.42109e-14
2 3.81917e-14
3 1.44773e-13
8386 3
1 -1.5099e-14
2 5.06262e-14
3 1.48326e-13
8388 3
1 7.99361e-15
2 6.12843e-14
3 1.50102e-13
8390 3
1 1.33227e-14
2 4.35207e-14
3 1.35003e-13
8392 3
1 -3.01981e-14
2 6.21725e-14
3 1.26121e-13
8394 3
1 -3.55271e-15
2 5.9508e-14
3 1.3145e-13
8396 3
1 -4.44089e-15
2 5.32907e-14
3 1.49214e-13
8398 3
1 -1.06581e-14
2 7.37188e-14
3 1.33227e-13
8400 3
1 1.77636e-15
2 5.68434e-14
3 1.66978e-13
8402 3
1 -1.24345e-14
2 8.43769e-14
3 1.59872e-13
8404 3
1 -1.33227e-14
2 8.70415e-14
3 1.36779e-13
8406 3
1 -1.19904e-14
2 4.88498e-14
3 1.13687e-13
8408 3
1 -6.21725e-15
2 4.26326e-14
3 1.14575e-13
8410 3
1 -1.15463e-14
2 4.26326e-14
3 1.36779e-13
8412 3
1 4.88498e-15
2 4.08562e-14
3 1.28786e-13
8414 3
1 -5.32907e-15
2 7.28306e-14
3 1.51879e-13
8416 3
1 -2.66454e-14
2 6.75016e-14
3 1.09246e-13
8418 3
1 -5.32907e-15
2 3.73035e-14
3 1.42109e-13
8420 3
1 7.99361e-15
2 7.28306e-14
3 1.2168e-13
8422 3
1 -1.06581e-14
2 4.70735e-14
3 1.03029e-13
8424 3
1 -8.88178e-16
2 4.44089e-14
3 1.2701e-13
8426 3
1 -8.88178e-15
2 4.26326e-14
3 1.05693e-13
8428 3
1 1.15463e-14
2 4.9738e-14
3 1.2701e-13
8430 3
1 -3.55271e-15
2 4.79616e-14
3 1.24345e-13
8432 3
1 -8.43769e-15
2 3.90799e-14
3 1.32339e-13
8434 3
1 1.59872e-14
2 3.28626e-14
3 1.42109e-13
8436 3
1 5.77316e-15
2 5.15143e-14
3 1.33227e-13
8438 3
1 1.46549e-14
2 4.61853e-14
3 1.44773e-13
8440 3
1 6.66134e-15
2 6.57252e-14
3 1.4122e-13
8442 3
1 1.33227e-14
2 3.81917e-14
3 1.34115e-13
8444 3
1 -1.77636e-15
2 2.75335e-14
3 1.18128e-13
8446 3
1 -2.66454e-15
2 6.75016e-14
3 1.33227e-13
8448 3
1 -2.13163e-14
2 5.06262e-14
3 1.27898e-13
8450 3
1 -5.32907e-15
2 6.30607e-14
3 1.25233e-13
8452 3
1 8.88178e-15
2 6.12843e-14
3 1.36779e-13
8454 3
1 6.21725e-15
2 6.66134e-14
3 1.32339e-13
8456 3
1 -1.24345e-14
2 6.21725e-14
3 1.22569e-13
8458 3
1 -2.84217e-14
2 5.15143e-14
3 1.27898e-13
8460 3
1 -1.86517e-14
2 5.9508e-14
3 1.37668e-13
8462 3
1 9.76996e-15
2 5.50671e-14
3 1.18128e-13
8464 3
1 -1.86517e-14
2 4.61853e-14
3 9.32587e-14
8466 3
1 -7.99361e-15
2 5.86198e-14
3 1.10134e-13
8468 3
1 -2.22045e-14
2 5.24025e-14
3 1.08358e-13
8470 3
1 -1.15463e-14
2 5.9508e-14
3 8.17124e-14
8472 3
1 6.21725e-15
2 4.9738e-14
3 1.1191e-13
8474 3
1 -3.4639e-14
2 6.4837e-14
3 9.41469e-14
8476 3
1 -2.22045e-14
2 5.68434e-14
3 1.14575e-13
8478 3
1 -2.22045e-14
2 5.86198e-14
3 1.2701e-13
8480 3
1 -4.26326e-14
2 6.12843e-14
3 1.01252e-13
8482 3
1 1.42109e-14
2 9.9476e-14
3 1.10134e-13
8484 3
1 -2.30926e-14
2 7.81597e-14
3 1.30562e-13
8486 3
1 8.88178e-15
2 6.57252e-14
3 1.16351e-13
8488 3
1 8.88178e-16
2 5.86198e-14
3 1.2168e-13
8490 3
1 -4.44089e-15
2 4.17444e-14
3 1.45661e-13
8492 3
1 -5.32907e-15
2 5.86198e-14
3 1.03917e-13
8494 3
1 -5.32907e-15
2 4.79616e-14
3 1.19016e-13
8496 3
1 -1.77636e-15
2 5.59552e-14
3 9.9476e-14
8498 3
1 9.76996e-15
2 6.83897e-14
3 1.13687e-13
8500 3
1 1.15463e-14
2 5.77316e-14
3 1.16351e-13
8502 3
1 -2.13163e-14
2 5.24025e-14
3 1.40332e-13
8504 3
1 -8.88178e-16
2 6.12843e-14
3 9.50351e-14
8506 3
1 3.55271e-15
2 3.10862e-14
3 1.0747e-13
8508 3
1 -9.76996e-15
2 4.35207e-14
3 1.09246e-13
8510 3
1 -1.15463e-14
2 6.57252e-14
3 1.23457e-13
8512 3
1 -1.86517e-14
2 6.57252e-14
3 9.59233e-14
8514 3
1 -8.88178e-16
2 6.39488e-14
3 1.20792e-13
8516 3
1 -7.10543e-15
2 3.01981e-14
3 1.11022e-13
8518 3
1 9.76996e-15
2 3.28626e-14
3 1.02141e-13
8520 3
1 3.81917e-14
2 6.4837e-14
3 9.05942e-14
8522 3
1 -3.55271e-15
2 4.35207e-14
3 1.1724e-13
8524 3
1 -1.42109e-14
2 4.79616e-14
3 1.08358e-13
8526 3
1 -4.44089e-15
2 8.08242e-14
3 1.20792e-13
8528 3
1 8.88178e-16
2 5.41789e-14
3 9.85878e-14
8530 3
1 -3.55271e-15
2 6.4837e-14
3 1.06581e-13
8532 3
1 -6.21725e-15
2 5.06262e-14
3 1.03029e-13
8534 3
1 -1.19904e-14
2 5.41789e-14
3 1.35891e-13
8536 3
1 -1.15463e-14
2 5.24025e-14
3 9.23706e-14
8538 3
1 5.32907e-15
2 5.77316e-14
3 1.12799e-13
8540 3
1 -1.5099e-14
2 5.59552e-14
3 6.75016e-14
8542 3
1 1.90958e-14
2 3.28626e-14
3 1.03029e-13
8544 3
1 -5.32907e-15
2 4.88498e-14
3 1.04805e-13
8546 3
1 -2.4869e-14
2 6.92779e-14
3 1.13687e-13
8548 3
1 -1.86517e-14
2 5.41789e-14
3 1.38556e-13
8550 3
1 -5.77316e-15
2 8.70415e-14
3 1.20792e-13
8552 3
1 -1.24345e-14
2 4.08562e-14
3 1.15463e-13
8554 3
1 -2.30926e-14
2 4.17444e-14
3 1.18128e-13
8556 3
1 7.10543e-15
2 2.66454e-14
3 1.3145e-13
8558 3
1 -1.86517e-14
2 6.12843e-14
3 1.14575e-13
8560 3
1 2.17604e-14
2 4.9738e-14
3 1.18128e-13
8562 3
1 1.28786e-14
2 5.24025e-14
3 1.12799e-13
8564 3
1 2.66454e-15
2 2.93099e-14
3 1.03029e-13
8566 3
1 8.43769e-15
2 4.26326e-14
3 1.0747e-13
8568 3
1 7.54952e-15
2 1.68754e-14
3 1.20792e-13
8570 3
1 1.42109e-14
2 5.15143e-14
3 1.29674e-13
8572 3
1 1.15463e-14
2 2.39808e-14
3 1.49214e-13
8574 3
1 1.37668e-14
2 3.19744e-14
3 1.04805e-13
8576 3
1 1.15463e-14
2 6.4837e-14
3 1.34115e-13
8578 3
1 3.55271e-15
2 3.55271e-14
3 7.72715e-14
8580 3
1 2.66454e-15
2 3.4639e-14
3 1.20792e-13
8582 3
1 -1.77636e-15
2 4.08562e-14
3 9.59233e-14
8584 3
1 -7.99361e-15
2 3.4639e-14
3 1.22569e-13
8586 3
1 -3.9968e-15
2 4.17444e-14
3 1.30562e-13
8588 3
1 1.35447e-14
2 5.24025e-14
3 1.23457e-13
8590 3
1 1.59872e-14
2 7.10543e-14
3 1.3145e-13
8592 3
1 -2.22045e-14
2 3.90799e-14
3 1.45661e-13
8594 3
1 -7.10543e-15
2 4.88498e-14
3 1.2701e-13
8596 3
1 -3.55271e-15
2 6.30607e-14
3 1.30562e-13
8598 3
1 -8.88178e-15
2 7.4607e-14
3 1.49214e-13
8600 3
1 8.43769e-15
2 5.50671e-14
3 1.16351e-13
8602 3
1 2.39808e-14
2 5.86198e-14
3 1.49214e-13
8604 3
1 1.9984e-14
2 6.83897e-14
3 1.1191e-13
8606 3
1 2.35367e-14
2 6.75016e-14
3 1.29674e-13
8608 3
1 2.22045e-15
2 3.90799e-14
3 1.35891e-13
8610 3
1 1.90958e-14
2 6.03961e-14
3 1.34115e-13
8612 3
1 5.77316e-15
2 6.39488e-14
3 1.52767e-13
8614 3
1 -6.21725e-15
2 4.08562e-14
3 1.15463e-13
8616 3
1 1.24345e-14
2 7.10543e-14
3 1.20792e-13
8618 3
1 1.73195e-14
2 7.99361e-14
3 1.3145e-13
8620 3
1 2.84217e-14
2 7.28306e-14
3 1.19016e-13
8622 3
1 1.77636e-14
2 5.86198e-14
3 1.08358e-13
8624 3
1 -8.88178e-16
2 5.9508e-14
3 1.25233e-13
8626 3
1 1.62093e-14
2 5.06262e-14
3 1.14575e-13
8628 3
1 -3.9968e-15
2 5.41789e-14
3 1.03029e-13
8630 3
1 3.10862e-14
2 5.59552e-14
3 1.47438e-13
8632 3
1 1.24345e-14
2 5.86198e-14
3 1.04805e-13
8634 3
1 6.21725e-15
2 6.83897e-14
3 1.10134e-13
8636 3
1 1.19904e-14
2 8.70415e-14
3 1.34115e-13
8638 3
1 1.42109e-14
2 7.4607e-14
3 1.19016e-13
8640 3
1 3.86358e-14
2 8.08242e-14
3 8.08242e-14
8642 3
1 1.86517e-14
2 4.52971e-14
3 1.18128e-13
8644 3
1 -1.28786e-14
2 5.77316e-14
3 1.19904e-13
8646 3
1 -1.55431e-14
2 6.66134e-14
3 1.1191e-13
8648 3
1 -1.28786e-14
2 4.35207e-14
3 1.25233e-13
8650 3
1 1.42109e-14
2 8.9706e-14
3 1.2168e-13
8652 3
1 -7.10543e-15
2 7.01661e-14
3 1.10134e-13
8654 3
1 -7.10543e-15
2 7.63833e-14
3 9.76996e-14
8656 3
1 7.10543e-15
2 6.30607e-14
3 9.85878e-14
8658 3
1 1.77636e-14
2 7.90479e-14
3 1.19904e-13
8660 3
1 -1.06581e-14
2 7.99361e-14
3 1.24345e-13
8662 3
1 -1.59872e-14
2 4.79616e-14
3 1.04805e-13
8664 3
1 -1.46549e-14
2 4.9738e-14
3 1.20792e-13
8666 3
1 1.06581e-14
2 3.9968e-14
3 1.1191e-13
8668 3
1 -1.15463e-14
2 6.75016e-14
3 1.06581e-13
8670 3
1 1.15463e-14
2 6.92779e-14
3 1.0747e-13
8672 3
1 -1.55431e-14
2 6.12843e-14
3 1.1191e-13
8674 3
1 -1.77636e-15
2 5.59552e-14
3 1.46549e-13
8676 3
1 -1.64313e-14
2 5.9508e-14
3 1.22569e-13
8678 3
1 -3.55271e-15
2 6.03961e-14
3 1.26121e-13
8680 3
1 -6.66134e-15
2 5.50671e-14
3 1.3145e-13
8682 3
1 -7.99361e-15
2 7.99361e-14
3 1.05693e-13
8684 3
1 -1.5099e-14
2 7.54952e-14
3 1.22569e-13
8686 3
1 -2.35367e-14
2 8.88178e-14
3 1.52767e-13
8688 3
1 -1.77636e-15
2 7.90479e-14
3 1.3145e-13
8690 3
1 -3.4639e-14
2 8.79297e-14
3 1.38556e-13
8692 3
1 -3.06422e-14
2 6.83897e-14
3 1.58096e-13
8694 3
1 -1.5099e-14
2 4.9738e-14
3 1.16351e-13
8696 3
1 3.10862e-15
2 6.92779e-14
3 1.22569e-13
8698 3
1 -1.24345e-14
2 8.52651e-14
3 1.02141e-13
8700 3
1 2.22045e-14
2 8.08242e-14
3 1.42997e-13
8702 3
1 -4.44089e-15
2 1.01252e-13
3 1.40332e-13
8704 3
1 -3.9968e-15
2 7.81597e-14
3 1.11022e-13
8706 3
1 3.55271e-15
2 5.32907e-14
3 1.40332e-13
8708 3
1 7.99361e-15
2 9.41469e-14
3 1.59872e-13
8710 3
1 -9.32587e-15
2 8.88178e-14
3 1.24345e-13
8712 3
1 -1.06581e-14
2 7.63833e-14
3 1.42109e-13
8714 3
1 -8.43769e-15
2 9.59233e-14
3 1.26121e-13
8716 3
1 1.02141e-14
2 9.85878e-14
3 1.38556e-13
8718 3
1 2.22045e-14
2 5.77316e-14
3 1.33227e-13
8720 3
1 -7.54952e-15
2 5.59552e-14
3 1.33227e-13
8722 3
1 1.59872e-14
2 9.59233e-14
3 1.26121e-13
8724 3
1 2.88658e-14
2 9.76996e-14
3 1.23457e-13
8726 3
1 -1.24345e-14
2 6.92779e-14
3 1.1724e-13
8728 3
1 4.88498e-15
2 6.4837e-14
3 1.42109e-13
8730 3
1 2.62013e-14
2 9.41469e-14
3 1.28786e-13
8732 3
1 -9.32587e-15
2 8.43769e-14
3 1.05693e-13
8734 3
1 -1.33227e-14
2 8.43769e-14
3 1.11022e-13
8736 3
1 -8.88178e-15
2 1.14575e-13
3 1.08358e-13
8738 3
1 -4.44089e-15
2 9.68114e-14
3 1.1191e-13
8740 3
1 -2.13163e-14
2 6.83897e-14
3 1.16351e-13
8742 3
1 -8.88178e-15
2 9.05942e-14
3 1.03029e-13
8744 3
1 8.88178e-16
2 9.05942e-14
3 1.19016e-13
8746 3
1 -8.88178e-16
2 8.52651e-14
3 9.85878e-14
8748 3
1 2.30926e-14
2 8.52651e-14
3 1.1191e-13
8750 3
1 4.88498e-15
2 9.76996e-14
3 1.01252e-13
8752 3
1 -1.82077e-14
2 9.23706e-14
3 1.1191e-13
8754 3
1 -1.46549e-14
2 9.05942e-14
3 1.01252e-13
8756 3
1 8.88178e-16
2 7.63833e-14
3 1.19016e-13
8758 3
1 -1.68754e-14
2 6.92779e-14
3 1.27898e-13
8760 3
1 0
2 1.15463e-13
3 1.3145e-13
8762 3
1 -5.32907e-15
2 6.83897e-14
3 1.01252e-13
8764 3
1 1.46549e-14
2 1.02141e-13
3 1.06581e-13
8766 3
1 1.68754e-14
2 7.72715e-14
3 7.99361e-14
8768 3
1 -4.44089e-16
2 7.72715e-14
3 1.20792e-13
8770 3
1 4.44089e-16
2 1.05693e-13
3 9.9476e-14
8772 3
1 1.77636e-14
2 9.50351e-14
3 1.03029e-13
8774 3
1 2.04281e-14
2 1.02141e-13
3 6.4837e-14
8776 3
1 2.66454e-14
2 7.4607e-14
3 9.41469e-14
8778 3
1 2.9754e-14
2 9.9476e-14
3 1.16351e-13
8780 3
1 -1.33227e-15
2 7.99361e-14
3 1.13687e-13
8782 3
1 1.90958e-14
2 5.15143e-14
3 9.23706e-14
8784 3
1 4.17444e-14
2 6.92779e-14
3 1.13687e-13
8786 3
1 2.70894e-14
2 5.50671e-14
3 1.42109e-13
8788 3
1 4.44089e-16
2 5.41789e-14
3 1.39444e-13
8790 3
1 1.06581e-14
2 5.77316e-14
3 1.04805e-13
8792 3
1 8.88178e-16
2 7.28306e-14
3 1.43885e-13
8794 3
1 -1.77636e-15
2 8.08242e-14
3 1.28786e-13
8796 3
1 1.77636e-14
2 5.32907e-14
3 1.29674e-13
8798 3
1 2.17604e-14
2 6.92779e-14
3 1.44773e-13
8800 3
1 5.32907e-15
2 6.21725e-14
3 1.08358e-13
8802 3
1 5.32907e-15
2 4.70735e-14
3 1.10134e-13
8804 3
1 -3.9968e-15
2 6.66134e-14
3 1.29674e-13
8806 3
1 6.21725e-15
2 6.03961e-14
3 1.23457e-13
8808 3
1 -1.33227e-15
2 5.59552e-14
3 1.08358e-13
8810 3
1 9.32587e-15
2 8.08242e-14
3 1.08358e-13
8812 3
1 1.33227e-14
2 4.52971e-14
3 1.00364e-13
8814 3
1 1.24345e-14
2 8.08242e-14
3 1.04805e-13
8816 3
1 9.76996e-15
2 4.61853e-14
3 1.22569e-13
8818 3
1 1.86517e-14
2 6.4837e-14
3 1.3145e-13
8820 3
1 1.95399e-14
2 9.50351e-14
3 1.37668e-13
8822 3
1 1.84297e-14
2 7.19425e-14
3 1.09246e-13
8824 3
1 2.22045e-16
2 6.03961e-14
3 1.19904e-13
8826 3
1 -2.66454e-15
2 7.4607e-14
3 1.35891e-13
8828 3
1 1.53211e-14
2 7.37188e-14
3 9.85878e-14
8830 3
1 1.19904e-14
2 4.35207e-14
3 9.85878e-14
8832 3
1 8.88178e-16
2 7.81597e-14
3 1.36779e-13
8834 3
1 -6.66134e-16
2 7.4607e-14
3 1.34115e-13
8836 3
1 5.32907e-15
2 7.81597e-14
3 8.43769e-14
8838 3
1 9.76996e-15
2 3.28626e-14
3 1.2701e-13
8840 3
1 2.64233e-14
2 7.01661e-14
3 1.21236e-13
8842 3
1 1.11022e-15
2 1.03029e-13
3 1.07025e-13
8844 3
1 1.53211e-14
2 8.61533e-14
3 1.43885e-13
8846 3
1 1.55431e-14
2 7.4607e-14
3 1.27898e-13
8848 3
1 1.59872e-14
2 6.75016e-14
3 1.25677e-13
8850 3
1 -2.4647e-14
2 8.08242e-14
3 1.02141e-13
8852 3
1 5.77316e-15
2 7.28306e-14
3 1.13687e-13
8854 3
1 5.55112e-15
2 2.4869e-14
3 1.09246e-13
8856 3
1 1.04361e-14
2 5.32907e-14
3 1.03029e-13
8858 3
1 3.04201e-14
2 3.81917e-14
3 1.30562e-13
8860 3
1 3.28626e-14
2 4.9738e-14
3 1.48326e-13
8862 3
1 2.28706e-14
2 5.59552e-14
3 1.35447e-13
8864 3
1 1.15463e-14
2 8.17124e-14
3 1.28786e-13
8866 3
1 2.88658e-14
2 8.17124e-14
3 1.22125e-13
8868 3
1 2.06501e-14
2 5.9508e-14
3 1.24345e-13
8870 3
1 2.24265e-14
2 3.4639e-14
3 1.39e-13
8872 3
1 4.04121e-14
2 6.30607e-14
3 1.53655e-13
8874 3
1 3.21965e-14
2 5.68434e-14
3 1.44773e-13
8876 3
1 2.08722e-14
2 6.75016e-14
3 1.43441e-13
8878 3
1 2.13163e-14
2 7.01661e-14
3 1.62981e-13
8880 3
1 2.35367e-14
2 6.03961e-14
3 1.22569e-13
8882 3
1 2.53131e-14
2 4.52971e-14
3 9.9476e-14
8884 3
1 7.32747e-15
2 3.28626e-14
3 1.53211e-13
8886 3
1 3.21965e-14
2 5.50671e-14
3 1.45661e-13
8888 3
1 2.24265e-14
2 8.17124e-14
3 1.54099e-13
8890 3
1 7.32747e-15
2 4.79616e-14
3 1.42553e-13
8892 3
1 3.15303e-14
2 3.37508e-14
3 1.21236e-13
8894 3
1 4.66294e-14
2 5.77316e-14
3 1.52767e-13
8896 3
1 2.70894e-14
2 5.86198e-14
3 1.39e-13
8898 3
1 2.02061e-14
2 3.10862e-14
3 1.11466e-13
8900 3
1 2.88658e-14
2 5.15143e-14
3 1.28342e-13
8902 3
1 4.21885e-14
2 3.4639e-14
3 1.52767e-13
8904 3
1 4.35207e-14
2 3.55271e-14
3 1.6076e-13
8906 3
1 4.37428e-14
2 6.39488e-14
3 1.40776e-13
8908 3
1 4.44089e-14
2 7.19425e-14
3 1.2701e-13
8910 3
1 5.59552e-14
2 4.44089e-14
3 1.37668e-13
8912 3
1 3.95239e-14
2 2.04281e-14
3 1.4122e-13
8914 3
1 5.55112e-14
2 3.9968e-14
3 1.58096e-13
8916 3
1 3.79696e-14
2 4.44089e-14
3 1.30562e-13
8918 3
1 3.90799e-14
2 5.59552e-14
3 1.48326e-13
8920 3
1 1.53211e-14
2 4.61853e-14
3 1.26121e-13
8922 3
1 3.79696e-14
2 6.83897e-14
3 1.1724e-13
8924 3
1 3.33067e-14
2 4.17444e-14
3 1.54543e-13
8926 3
1 3.68594e-14
2 4.79616e-14
3 1.29674e-13
8928 3
1 2.08722e-14
2 2.30926e-14
3 1.64313e-13
8930 3
1 4.17444e-14
2 5.32907e-14
3 1.30562e-13
8932 3
1 2.64233e-14
2 3.64153e-14
3 1.38556e-13
8934 3
1 1.70974e-14
2 6.21725e-14
3 1.58984e-13
8936 3
1 5.77316e-15
2 5.59552e-14
3 1.44773e-13
8938 3
1 3.26406e-14
2 3.01981e-14
3 1.5099e-13
8940 3
1 4.13003e-14
2 2.30926e-14
3 1.61648e-13
8942 3
1 1.46549e-14
2 5.86198e-14
3 1.56319e-13
8944 3
1 5.50671e-14
2 5.06262e-14
3 1.35003e-13
8946 3
1 3.06422e-14
2 3.19744e-14
3 1.72307e-13
8948 3
1 4.4631e-14
2 6.83897e-14
3 1.82077e-13
8950 3
1 9.76996e-15
2 3.10862e-14
3 1.62537e-13
8952 3
1 3.4639e-14
2 1.59872e-14
3 1.42109e-13
8954 3
1 2.35367e-14
2 4.35207e-14
3 1.68754e-13
8956 3
1 3.55271e-14
2 3.55271e-14
3 1.57208e-13
8958 3
1 2.66454e-14
2 3.9968e-14
3 1.42109e-13
8960 3
1 2.93099e-14
2 4.26326e-14
3 1.46549e-13
8962 3
1 2.88658e-14
2 3.55271e-14
3 1.35003e-13
8964 3
1 4.37428e-14
2 4.61853e-14
3 1.35003e-13
8966 3
1 3.88578e-14
2 1.42109e-14
3 1.25233e-13
8968 3
1 3.79696e-14
2 4.70735e-14
3 1.44773e-13
8970 3
1 6.43929e-15
2 6.57252e-14
3 1.2701e-13
8972 3
1 3.19744e-14
2 2.57572e-14
3 1.37668e-13
8974 3
1 3.64153e-14
2 5.15143e-14
3 1.35891e-13
8976 3
1 3.33067e-14
2 4.26326e-14
3 1.19904e-13
8978 3
1 2.24265e-14
2 6.57252e-14
3 1.23457e-13
8980 3
1 1.17684e-14
2 2.4869e-14
3 1.93623e-13
8982 3
1 2.93099e-14
2 4.79616e-14
3 1.46549e-13
8984 3
1 3.01981e-14
2 3.90799e-14
3 1.40332e-13
8986 3
1 2.79776e-14
2 5.59552e-14
3 1.23457e-13
8988 3
1 1.64313e-14
2 6.21725e-14
3 1.42997e-13
8990 3
1 3.37508e-14
2 3.81917e-14
3 1.38556e-13
8992 3
1 1.95399e-14
2 3.28626e-14
3 1.63425e-13
8994 3
1 -1.73195e-14
2 2.84217e-14
3 1.7053e-13
8996 3
1 5.77316e-15
2 4.79616e-14
3 1.52767e-13
8998 3
1 3.90799e-14
2 6.4837e-14
3 1.61648e-13
9000 3
1 1.11022e-14
2 4.44089e-14
3 1.61648e-13
9002 3
1 4.13003e-14
2 4.9738e-14
3 1.58984e-13
9004 3
1 -1.15463e-14
2 3.81917e-14
3 1.58096e-13
9006 3
1 1.02141e-14
2 4.08562e-14
3 1.30562e-13
9008 3
1 8.88178e-15
2 7.01661e-14
3 1.35003e-13
9010 3
1 7.10543e-15
2 6.12843e-14
3 1.32339e-13
9012 3
1 2.44249e-14
2 4.61853e-14
3 1.68754e-13
9014 3
1 2.66454e-14
2 3.64153e-14
3 1.50102e-13
9016 3
1 1.02141e-14
2 3.90799e-14
3 1.63425e-13
9018 3
1 1.55431e-14
2 5.41789e-14
3 1.52767e-13
9020 3
1 2.17604e-14
2 4.08562e-14
3 1.23457e-13
9022 3
1 2.79776e-14
2 2.30926e-14
3 1.63425e-13
9024 3
1 2.39808e-14
2 2.4869e-14
3 1.59872e-13
9026 3
1 2.44249e-14
2 2.04281e-14
3 1.67866e-13
9028 3
1 1.95399e-14
2 6.4837e-14
3 1.6076e-13
9030 3
1 8.88178e-16
2 3.19744e-14
3 1.86517e-13
9032 3
1 2.26485e-14
2 3.81917e-14
3 1.89182e-13
9034 3
1 2.66454e-14
2 3.81917e-14
3 1.58984e-13
9036 3
1 2.84217e-14
2 5.32907e-14
3 1.7053e-13
9038 3
1 4.17444e-14
2 3.55271e-14
3 1.82965e-13
9040 3
1 7.54952e-15
2 6.21725e-14
3 1.73195e-13
9042 3
1 3.4639e-14
2 3.73035e-14
3 1.65201e-13
9044 3
1 8.43769e-15
2 1.86517e-14
3 1.79412e-13
9046 3
1 1.55431e-14
2 7.10543e-15
3 1.50102e-13
9048 3
1 2.70894e-14
2 3.73035e-14
3 1.59872e-13
9050 3
1 -5.77316e-15
2 2.4869e-14
3 1.54543e-13
9052 3
1 2.26485e-14
2 2.57572e-14
3 1.44773e-13
9054 3
1 1.06581e-14
2 2.22045e-14
3 9.68114e-14
9056 3
1 3.55271e-15
2 2.39808e-14
3 1.65201e-13
9058 3
1 1.24345e-14
2 2.84217e-14
3 1.4122e-13
9060 3
1 1.68754e-14
2 1.77636e-14
3 1.27898e-13
9062 3
1 4.57412e-14
2 1.5099e-14
3 1.43885e-13
9064 3
1 1.55431e-14
2 3.55271e-14
3 1.51879e-13
9066 3
1 5.32907e-15
2 3.28626e-14
3 1.42997e-13
9068 3
1 8.88178e-15
2 -8.88178e-15
3 1.5099e-13
9070 3
1 6.66134e-15
2 -7.10543e-15
3 1.45661e-13
9072 3
1 1.95399e-14
2 2.13163e-14
3 1.44773e-13
9074 3
1 -6.66134e-15
2 2.4869e-14
3 1.73195e-13
9076 3
1 5.77316e-15
2 8.88178e-15
3 1.22569e-13
9078 3
1 1.95399e-14
2 3.55271e-15
3 1.49214e-13
9080 3
1 -6.21725e-15
2 5.32907e-15
3 1.69642e-13
9082 3
1 -1.33227e-15
2 7.99361e-15
3 1.64313e-13
9084 3
1 1.90958e-14
2 2.04281e-14
3 1.45661e-13
9086 3
1 1.06581e-14
2 3.9968e-14
3 1.76748e-13
9088 3
1 1.11022e-14
2 1.42109e-14
3 1.4122e-13
9090 3
1 2.66454e-15
2 -6.21725e-15
3 1.5099e-13
9092 3
1 2.35367e-14
2 4.17444e-14
3 1.59872e-13
9094 3
1 4.88498e-15
2 -2.30926e-14
3 1.67866e-13
9096 3
1 3.68594e-14
2 3.55271e-14
3 1.81188e-13
9098 3
1 2.22045e-14
2 -1.59872e-14
3 1.58984e-13
9100 3
1 6.66134e-15
2 6.21725e-15
3 1.37668e-13
9102 3
1 1.06581e-14
2 -1.68754e-14
3 1.56319e-13
9104 3
1 -9.76996e-15
2 -2.57572e-14
3 1.36779e-13
9106 3
1 3.73035e-14
2 -8.88178e-16
3 1.29674e-13
9108 3
1 9.32587e-15
2 -1.15463e-14
3 1.59872e-13
9110 3
1 9.76996e-15
2 -1.77636e-15
3 1.74083e-13
9112 3
1 1.9984e-14
2 -1.86517e-14
3 1.50102e-13
9114 3
1 5.32907e-15
2 -1.24345e-14
3 1.40332e-13
9116 3
1 -1.02141e-14
2 7.10543e-15
3 1.79412e-13
9118 3
1 3.95239e-14
2 -8.88178e-15
3 1.12799e-13
9120 3
1 1.95399e-14
2 -3.37508e-14
3 1.23457e-13
9122 3
1 2.93099e-14
2 -7.99361e-15
3 1.55431e-13
9124 3
1 -3.55271e-15
2 3.55271e-15
3 1.64313e-13
9126 3
1 2.04281e-14
2 -2.93099e-14
3 1.58096e-13
9128 3
1 1.64313e-14
2 0
3 1.66089e-13
9130 3
1 3.55271e-15
2 -9.76996e-15
3 1.69642e-13
9132 3
1 -1.02141e-14
2 -2.22045e-14
3 1.58984e-13
9134 3
1 0
2 -9.76996e-15
3 1.71418e-13
9136 3
1 -1.11022e-14
2 -5.68434e-14
3 1.39444e-13
9138 3
1 1.42109e-14
2 -1.77636e-14
3 1.74083e-13
9140 3
1 -4.44089e-16
2 -1.42109e-14
3 1.52767e-13
9142 3
1 2.30926e-14
2 -2.04281e-14
3 1.62537e-13
9144 3
1 -6.66134e-15
2 1.15463e-14
3 1.803e-13
9146 3
1 1.46549e-14
2 -1.77636e-14
3 1.51879e-13
9148 3
1 1.90958e-14
2 -6.21725e-15
3 1.58096e-13
9150 3
1 1.59872e-14
2 -2.66454e-15
3 1.62537e-13
9152 3
1 2.39808e-14
2 8.88178e-16
3 1.58096e-13
9154 3
1 4.88498e-15
2 6.21725e-15
3 1.44773e-13
9156 3
1 5.32907e-15
2 -2.66454e-14
3 1.51879e-13
9158 3
1 1.68754e-14
2 -2.13163e-14
3 1.58984e-13
9160 3
1 1.15463e-14
2 -1.95399e-14
3 1.67866e-13
9162 3
1 -1.33227e-14
2 -2.30926e-14
3 1.48326e-13
9164 3
1 -4.88498e-15
2 -2.93099e-14
3 1.73195e-13
9166 3
1 1.19904e-14
2 5.32907e-15
3 1.66089e-13
9168 3
1 -1.11022e-14
2 -1.15463e-14
3 1.67866e-13
9170 3
1 -5.77316e-15
2 -2.13163e-14
3 1.93623e-13
9172 3
1 2.44249e-14
2 -5.32907e-15
3 1.64313e-13
9174 3
1 3.5083e-14
2 -7.99361e-15
3 1.72307e-13
9176 3
1 1.11022e-14
2 -2.4869e-14
3 1.63425e-13
9178 3
1 -5.77316e-15
2 -3.55271e-15
3 1.82077e-13
9180 3
1 2.4869e-14
2 1.24345e-14
3 1.63425e-13
9182 3
1 5.77316e-15
2 -1.33227e-14
3 1.6076e-13
9184 3
1 2.70894e-14
2 3.55271e-15
3 1.69642e-13
9186 3
1 1.86517e-14
2 -5.32907e-15
3 1.73195e-13
9188 3
1 2.35367e-14
2 -2.30926e-14
3 1.98064e-13
9190 3
1 -1.24345e-14
2 -1.42109e-14
3 1.86517e-13
9192 3
1 5.77316e-15
2 0
3 1.68754e-13
9194 3
1 1.55431e-14
2 8.88178e-15
3 1.92735e-13
9196 3
1 2.26485e-14
2 -7.99361e-15
3 1.76748e-13
9198 3
1 -5.77316e-15
2 -4.26326e-14
3 1.75859e-13
9200 3
1 -7.10543e-15
2 -2.39808e-14
3 2.04281e-13
9202 3
1 3.9968e-14
2 -7.99361e-15
3 2.00728e-13
9204 3
1 1.77636e-15
2 -1.77636e-14
3 1.72307e-13
9206 3
1 -1.37668e-14
2 -1.95399e-14
3 2.11386e-13
9208 3
1 1.42109e-14
2 -5.32907e-14
3 1.81188e-13
9210 3
1 -9.76996e-15
2 -8.88178e-16
3 1.58096e-13
9212 3
1 3.10862e-14
2 -1.42109e-14
3 1.89182e-13
9214 3
1 1.24345e-14
2 -2.75335e-14
3 1.66978e-13
9216 3
1 4.44089e-15
2 -2.4869e-14
3 2.0961e-13
9218 3
1 2.04281e-14
2 -2.04281e-14
3 1.65201e-13
9220 3
1 2.13163e-14
2 -5.32907e-14
3 1.93623e-13
9222 3
1 -1.77636e-15
2 -5.32907e-15
3 1.77636e-13
9224 3
1 3.28626e-14
2 5.32907e-15
3 1.77636e-13
9226 3
1 -5.32907e-15
2 -2.66454e-14
3 2.25597e-13
9228 3
1 4.08562e-14
2 -3.55271e-14
3 1.71418e-13
9230 3
1 1.86517e-14
2 -5.24025e-14
3 1.9007e-13
9232 3
1 2.93099e-14
2 -4.52971e-14
3 1.83853e-13
9234 3
1 4.52971e-14
2 -1.68754e-14
3 1.71418e-13
9236 3
1 4.08562e-14
2 -2.93099e-14
3 1.75859e-13
9238 3
1 4.35207e-14
2 -1.15463e-14
3 1.74083e-13
9240 3
1 3.55271e-14
2 -1.5099e-14
3 1.66978e-13
9242 3
1 2.39808e-14
2 -1.33227e-14
3 1.86517e-13
9244 3
1 2.39808e-14
2 -1.77636e-15
3 1.98064e-13
9246 3
1 1.15463e-14
2 -1.86517e-14
3 1.81188e-13
9248 3
1 3.9968e-14
2 -2.66454e-15
3 1.82965e-13
9250 3
1 5.50671e-14
2 -8.88178e-15
3 1.93623e-13
9252 3
1 1.77636e-14
2 -2.93099e-14
3 1.67866e-13
9254 3
1 5.77316e-14
2 -7.10543e-15
3 1.87406e-13
9256 3
1 1.33227e-14
2 -3.10862e-14
3 2.00728e-13
9258 3
1 3.4639e-14
2 -1.5099e-14
3 1.55431e-13
9260 3
1 2.39808e-14
2 -3.55271e-15
3 1.64313e-13
9262 3
1 3.55271e-14
2 -3.01981e-14
3 1.67866e-13
9264 3
1 4.61853e-14
2 -1.77636e-15
3 1.69642e-13
9266 3
1 2.75335e-14
2 -8.88178e-16
3 1.6076e-13
9268 3
1 1.86517e-14
2 -7.10543e-15
3 1.87406e-13
9270 3
1 2.93099e-14
2 -1.86517e-14
3 1.42997e-13
9272 3
1 4.44089e-14
2 -2.66454e-15
3 1.55431e-13
9274 3
1 3.28626e-14
2 3.55271e-15
3 1.803e-13
9276 3
1 2.4869e-14
2 2.30926e-14
3 1.92735e-13
9278 3
1 3.37508e-14
2 0
3 1.59872e-13
9280 3
1 4.61853e-14
2 -2.93099e-14
3 1.68754e-13
9282 3
1 3.28626e-14
2 -3.28626e-14
3 1.54543e-13
9284 3
1 3.9968e-14
2 -3.28626e-14
3 1.73195e-13
9286 3
1 1.86517e-14
2 -1.95399e-14
3 1.71418e-13
9288 3
1 2.66454e-14
2 -7.10543e-15
3 1.64313e-13
9290 3
1 3.55271e-14
2 -1.86517e-14
3 1.88294e-13
9292 3
1 3.37508e-14
2 -4.44089e-14
3 1.83853e-13
9294 3
1 3.10862e-14
2 -1.77636e-15
3 1.66089e-13
9296 3
1 4.26326e-14
2 -3.28626e-14
3 1.98952e-13
9298 3
1 3.55271e-14
2 -1.15463e-14
3 1.75859e-13
9300 3
1 4.9738e-14
2 -7.99361e-15
3 1.93623e-13
9302 3
1 4.9738e-14
2 -5.15143e-14
3 1.58096e-13
9304 3
1 1.59872e-14
2 -3.90799e-14
3 1.72307e-13
9306 3
1 2.66454e-14
2 -1.95399e-14
3 1.43885e-13
9308 3
1 2.66454e-14
2 -5.15143e-14
3 1.38556e-13
9310 3
1 4.35207e-14
2 -2.04281e-14
3 1.61648e-13
9312 3
1 2.93099e-14
2 -2.4869e-14
3 1.59872e-13
9314 3
1 4.08562e-14
2 -1.68754e-14
3 1.55431e-13
9316 3
1 2.66454e-14
2 -3.19744e-14
3 1.73195e-13
9318 3
1 2.57572e-14
2 -2.13163e-14
3 1.61648e-13
9320 3
1 3.73035e-14
2 -3.73035e-14
3 1.6076e-13
9322 3
1 5.77316e-14
2 -1.86517e-14
3 1.58984e-13
9324 3
1 3.37508e-14
2 -2.66454e-14
3 1.72307e-13
9326 3
1 4.61853e-14
2 -2.39808e-14
3 2.02505e-13
9328 3
1 4.79616e-14
2 -3.4639e-14
3 1.77636e-13
9330 3
1 2.30926e-14
2 -1.24345e-14
3 1.79412e-13
9332 3
1 4.17444e-14
2 -3.73035e-14
3 1.82077e-13
9334 3
1 2.84217e-14
2 -2.4869e-14
3 2.06057e-13
9336 3
1 4.61853e-14
2 -3.9968e-14
3 1.9007e-13
9338 3
1 2.84217e-14
2 -4.61853e-14
3 1.67866e-13
9340 3
1 4.26326e-14
2 -1.15463e-14
3 1.65201e-13
9342 3
1 4.88498e-14
2 -3.4639e-14
3 1.91847e-13
9344 3
1 3.64153e-14
2 -3.55271e-14
3 1.82965e-13
9346 3
1 4.26326e-14
2 -2.4869e-14
3 1.86517e-13
9348 3
1 4.17444e-14
2 -8.88178e-15
3 1.803e-13
9350 3
1 7.99361e-14
2 -2.39808e-14
3 1.87406e-13
9352 3
1 3.55271e-14
2 -2.13163e-14
3 1.68754e-13
9354 3
1 5.50671e-14
2 -1.33227e-14
3 1.50102e-13
9356 3
1 5.9508e-14
2 -3.81917e-14
3 1.69642e-13
9358 3
1 6.66134e-14
2 -2.66454e-14
3 1.84741e-13
9360 3
1 4.61853e-14
2 -3.4639e-14
3 1.76748e-13
9362 3
1 4.44089e-14
2 -3.73035e-14
3 1.66089e-13
9364 3
1 2.39808e-14
2 -7.99361e-15
3 2.00728e-13
9366 3
1 1.77636e-14
2 -1.77636e-14
3 1.71418e-13
9368 3
1 3.4639e-14
2 -1.42109e-14
3 1.66978e-13
9370 3
1 3.10862e-14
2 -3.28626e-14
3 1.65201e-13
9372 3
1 5.9508e-14
2 -3.01981e-14
3 1.56319e-13
9374 3
1 5.86198e-14
2 -1.5099e-14
3 1.85629e-13
9376 3
1 3.90799e-14
2 -1.77636e-15
3 2.14939e-13
9378 3
1 5.24025e-14
2 -1.42109e-14
3 2.08722e-13
9380 3
1 2.39808e-14
2 -3.01981e-14
3 1.98952e-13
9382 3
1 3.64153e-14
2 -7.10543e-15
3 1.81188e-13
9384 3
1 5.77316e-14
2 -1.77636e-15
3 1.98064e-13
9386 3
1 4.17444e-14
2 8.88178e-16
3 1.97176e-13
9388 3
1 4.52971e-14
2 -8.88178e-16
3 1.98064e-13
9390 3
1 5.15143e-14
2 5.32907e-15
3 2.14051e-13
9392 3
1 6.4837e-14
2 -8.88178e-15
3 1.96287e-13
9394 3
1 4.70735e-14
2 1.68754e-14
3 2.02505e-13
9396 3
1 6.83897e-14
2 -1.24345e-14
3 2.24709e-13
9398 3
1 5.9508e-14
2 3.55271e-15
3 2.0961e-13
9400 3
1 5.32907e-14
2 1.06581e-14
3 2.26485e-13
9402 3
1 2.13163e-14
2 4.44089e-15
3 1.94511e-13
9404 3
1 4.79616e-14
2 -7.99361e-15
3 2.11386e-13
9406 3
1 4.26326e-14
2 9.76996e-15
3 2.13163e-13
9408 3
1 6.57252e-14
2 1.15463e-14
3 2.32703e-13
9410 3
1 3.90799e-14
2 0
3 2.00728e-13
9412 3
1 3.01981e-14
2 2.66454e-15
3 2.1938e-13
9414 3
1 4.9738e-14
2 4.44089e-15
3 2.14939e-13
9416 3
1 6.4837e-14
2 -6.21725e-15
3 1.9007e-13
9418 3
1 4.08562e-14
2 2.4869e-14
3 2.01617e-13
9420 3
1 3.28626e-14
2 1.24345e-14
3 1.78524e-13
9422 3
1 5.86198e-14
2 1.24345e-14
3 2.05169e-13
9424 3
1 3.81917e-14
2 9.76996e-15
3 2.08722e-13
9426 3
1 6.30607e-14
2 1.68754e-14
3 2.02505e-13
9428 3
1 2.93099e-14
2 3.28626e-14
3 1.94511e-13
9430 3
1 4.79616e-14
2 5.32907e-15
3 2.13163e-13
9432 3
1 4.61853e-14
2 1.59872e-14
3 1.82077e-13
9434 3
1 5.32907e-14
2 2.4869e-14
3 1.97176e-13
9436 3
1 6.4837e-14
2 2.30926e-14
3 1.86517e-13
9438 3
1 5.9508e-14
2 4.44089e-15
3 2.23821e-13
9440 3
1 6.66134e-14
2 -1.24345e-14
3 2.08722e-13
9442 3
1 4.17444e-14
2 1.06581e-14
3 2.16716e-13
9444 3
1 6.92779e-14
2 1.42109e-14
3 1.96287e-13
9446 3
1 6.92779e-14
2 -4.44089e-15
3 2.15827e-13
9448 3
1 4.44089e-14
2 -5.32907e-15
3 2.27374e-13
9450 3
1 7.54952e-14
2 1.15463e-14
3 2.25597e-13
9452 3
1 9.50351e-14
2 1.24345e-14
3 2.22045e-13
9454 3
1 3.73035e-14
2 1.15463e-14
3 1.86517e-13
9456 3
1 5.15143e-14
2 -7.10543e-15
3 1.98952e-13
9458 3
1 8.70415e-14
2 3.37508e-14
3 2.16716e-13
9460 3
1 6.4837e-14
2 1.77636e-15
3 2.02505e-13
9462 3
1 5.06262e-14
2 -7.99361e-15
3 1.9007e-13
9464 3
1 4.35207e-14
2 1.86517e-14
3 1.79412e-13
9466 3
1 5.24025e-14
2 1.24345e-14
3 2.07834e-13
9468 3
1 6.57252e-14
2 -4.44089e-15
3 2.06946e-13
9470 3
1 4.88498e-14
2 -1.06581e-14
3 1.76748e-13
9472 3
1 5.86198e-14
2 5.32907e-15
3 1.79412e-13
9474 3
1 4.26326e-14
2 1.5099e-14
3 1.97176e-13
9476 3
1 4.79616e-14
2 -1.24345e-14
3 1.78524e-13
9478 3
1 4.9738e-14
2 3.55271e-15
3 1.92735e-13
9480 3
1 7.10543e-14
2 -7.99361e-15
3 2.15827e-13
9482 3
1 5.15143e-14
2 0
3 2.11386e-13
9484 3
1 3.4639e-14
2 8.88178e-15
3 1.9984e-13
9486 3
1 6.21725e-14
2 5.32907e-15
3 2.10498e-13
9488 3
1 3.90799e-14
2 -8.88178e-16
3 2.25597e-13
9490 3
1 4.08562e-14
2 -8.88178e-15
3 2.03393e-13
9492 3
1 3.81917e-14
2 0
3 2.20268e-13
9494 3
1 3.37508e-14
2 1.77636e-14
3 1.86517e-13
9496 3
1 3.90799e-14
2 1.59872e-14
3 2.20268e-13
9498 3
1 3.64153e-14
2 1.77636e-15
3 1.98064e-13
9500 3
1 4.79616e-14
2 2.13163e-14
3 1.87406e-13
9502 3
1 4.08562e-14
2 3.9968e-14
3 1.9007e-13
9504 3
1 2.93099e-14
2 1.86517e-14
3 1.9984e-13
9506 3
1 3.37508e-14
2 1.95399e-14
3 1.94511e-13
9508 3
1 2.84217e-14
2 3.28626e-14
3 1.65201e-13
9510 3
1 1.59872e-14
2 1.42109e-14
3 1.98064e-13
9512 3
1 0
2 1.59872e-14
3 1.81188e-13
9514 3
1 4.61853e-14
2 2.22045e-14
3 1.803e-13
9516 3
1 2.84217e-14
2 4.70735e-14
3 1.98952e-13
9518 3
1 2.30926e-14
2 1.5099e-14
3 2.00728e-13
9520 3
1 4.44089e-15
2 1.95399e-14
3 1.9007e-13
9522 3
1 2.4869e-14
2 2.39808e-14
3 1.88294e-13
9524 3
1 3.01981e-14
2 5.32907e-15
3 1.93623e-13
9526 3
1 4.35207e-14
2 2.66454e-15
3 2.11386e-13
9528 3
1 2.57572e-14
2 1.5099e-14
3 1.84741e-13
9530 3
1 4.44089e-15
2 2.22045e-14
3 2.12275e-13
9532 3
1 1.77636e-15
2 1.59872e-14
3 1.87406e-13
9534 3
1 1.68754e-14
2 -3.55271e-15
3 1.59872e-13
9536 3
1 1.59872e-14
2 1.42109e-14
3 1.79412e-13
9538 3
1 3.19744e-14
2 -8.88178e-16
3 1.9984e-13
9540 3
1 3.28626e-14
2 5.32907e-15
3 1.803e-13
9542 3
1 4.26326e-14
2 2.84217e-14
3 2.00728e-13
9544 3
1 4.61853e-14
2 9.76996e-15
3 1.69642e-13
9546 3
1 2.75335e-14
2 1.33227e-14
3 1.86517e-13
9548 3
1 2.22045e-14
2 2.84217e-14
3 2.30926e-13
9550 3
1 5.77316e-14
2 3.55271e-14
3 1.61648e-13
9552 3
1 -8.88178e-16
2 1.86517e-14
3 1.93623e-13
9554 3
1 3.90799e-14
2 1.42109e-14
3 2.11386e-13
9556 3
1 1.59872e-14
2 -9.76996e-15
3 2.07834e-13
9558 3
1 4.08562e-14
2 4.44089e-15
3 2.27374e-13
9560 3
1 3.4639e-14
2 8.88178e-15
3 2.13163e-13
9562 3
1 3.64153e-14
2 -1.24345e-14
3 2.00728e-13
9564 3
1 2.39808e-14
2 -7.99361e-15
3 1.98952e-13
9566 3
1 1.42109e-14
2 -5.32907e-15
3 1.82965e-13
9568 3
1 2.39808e-14
2 3.55271e-15
3 1.82965e-13
9570 3
1 4.44089e-14
2 5.32907e-15
3 2.02505e-13
9572 3
1 2.75335e-14
2 -2.66454e-14
3 1.77636e-13
9574 3
1 2.39808e-14
2 -1.59872e-14
3 1.81188e-13
9576 3
1 3.73035e-14
2 -3.55271e-15
3 1.72307e-13
9578 3
1 2.66454e-14
2 8.88178e-16
3 2.07834e-13
9580 3
1 4.26326e-14
2 1.15463e-14
3 1.9007e-13
9582 3
1 3.19744e-14
2 -1.15463e-14
3 1.63425e-13
9584 3
1 2.75335e-14
2 2.04281e-14
3 2.0961e-13
9586 3
1 3.19744e-14
2 -1.24345e-14
3 2.25597e-13
9588 3
1 5.86198e-14
2 -7.99361e-15
3 1.95399e-13
9590 3
1 3.90799e-14
2 4.35207e-14
3 2.20268e-13
9592 3
1 3.73035e-14
2 8.88178e-16
3 2.11386e-13
9594 3
1 6.12843e-14
2 1.68754e-14
3 2.07834e-13
9596 3
1 3.9968e-14
2 -1.68754e-14
3 2.06057e-13
9598 3
1 5.50671e-14
2 -7.10543e-15
3 1.95399e-13
9600 3
1 5.77316e-14
2 -1.77636e-15
3 1.88294e-13
9602 3
1 4.9738e-14
2 2.66454e-15
3 1.72307e-13
9604 3
1 3.64153e-14
2 1.77636e-14
3 1.56319e-13
9606 3
1 5.15143e-14
2 -7.10543e-15
3 1.75859e-13
9608 3
1 3.4639e-14
2 -2.66454e-15
3 1.77636e-13
9610 3
1 5.24025e-14
2 8.88178e-15
3 1.63425e-13
9612 3
1 4.88498e-14
2 8.88178e-16
3 1.59872e-13
9614 3
1 2.66454e-14
2 1.86517e-14
3 1.72307e-13
9616 3
1 4.26326e-14
2 -1.86517e-14
3 1.74083e-13
9618 3
1 5.24025e-14
2 1.24345e-14
3 1.63425e-13
9620 3
1 2.66454e-14
2 -8.88178e-16
3 1.59872e-13
9622 3
1 5.59552e-14
2 8.88178e-16
3 1.56319e-13
9624 3
1 4.52971e-14
2 -2.66454e-15
3 1.59872e-13
9626 3
1 2.22045e-14
2 3.37508e-14
3 1.66978e-13
9628 3
1 5.24025e-14
2 -9.76996e-15
3 1.59872e-13
9630 3
1 5.4623e-14
2 -2.75335e-14
3 1.66978e-13
9632 3
1 4.84057e-14
2 1.15463e-14
3 1.36779e-13
9634 3
1 5.9952e-14
2 -3.73035e-14
3 1.52767e-13
9636 3
1 4.9738e-14
2 -8.88178e-15
3 1.63425e-13
9638 3
1 4.4853e-14
2 -3.81917e-14
3 1.43885e-13
9640 3
1 4.44089e-14
2 -2.93099e-14
3 1.81188e-13
9642 3
1 4.44089e-14
2 -3.10862e-14
3 1.47438e-13
9644 3
1 1.33227e-14
2 1.77636e-15
3 1.66978e-13
9646 3
1 2.22045e-14
2 -1.68754e-14
3 1.36779e-13
9648 3
1 3.9968e-14
2 -1.95399e-14
3 1.7053e-13
9650 3
1 3.64153e-14
2 -3.10862e-14
3 1.5099e-13
9652 3
1 3.64153e-14
2 -3.55271e-15
3 1.61648e-13
9654 3
1 2.84217e-14
2 -3.37508e-14
3 1.84741e-13
9656 3
1 5.06262e-14
2 2.66454e-15
3 1.49214e-13
9658 3
1 5.50671e-14
2 -1.77636e-15
3 1.7053e-13
9660 3
1 3.73035e-14
2 -2.66454e-15
3 1.66978e-13
9662 3
1 2.30926e-14
2 -1.5099e-14
3 1.63425e-13
9664 3
1 3.73035e-14
2 -2.84217e-14
3 1.97176e-13
9666 3
1 1.77636e-14
2 -2.84217e-14
3 1.5099e-13
9668 3
1 3.81917e-14
2 -2.66454e-14
3 1.81188e-13
9670 3
1 3.4639e-14
2 1.77636e-15
3 1.36779e-13
9672 3
1 4.88498e-14
2 -1.77636e-15
3 1.88294e-13
9674 3
1 4.52971e-14
2 -3.9968e-14
3 1.66978e-13
9676 3
1 2.30926e-14
2 -7.10543e-15
3 1.93623e-13
9678 3
1 4.17444e-14
2 -7.99361e-15
3 1.9007e-13
9680 3
1 2.30926e-14
2 7.10543e-15
3 2.06057e-13
9682 3
1 5.50671e-14
2 -1.77636e-15
3 1.77636e-13
9684 3
1 3.90799e-14
2 -1.95399e-14
3 1.61648e-13
9686 3
1 4.44089e-14
2 -2.39808e-14
3 1.65201e-13
9688 3
1 3.90799e-14
2 -2.13163e-14
3 1.9007e-13
9690 3
1 5.06262e-14
2 -2.75335e-14
3 1.82965e-13
9692 3
1 3.90799e-14
2 -1.15463e-14
3 2.06057e-13
9694 3
1 2.93099e-14
2 -5.41789e-14
3 1.54543e-13
9696 3
1 1.06581e-14
2 -1.86517e-14
3 1.98952e-13
9698 3
1 3.10862e-14
2 -3.10862e-14
3 1.81188e-13
9700 3
1 4.61853e-14
2 -3.37508e-14
3 1.7053e-13
9702 3
1 1.77636e-14
2 5.32907e-15
3 1.74083e-13
9704 3
1 2.04281e-14
2 0
3 1.77636e-13
9706 3
1 4.17444e-14
2 -1.33227e-14
3 2.13163e-13
9708 3
1 1.15463e-14
2 -3.28626e-14
3 1.7053e-13
9710 3
1 1.68754e-14
2 -4.88498e-14
3 1.86517e-13
9712 3
1 3.37508e-14
2 -5.32907e-15
3 1.65201e-13
9714 3
1 2.93099e-14
2 -2.39808e-14
3 1.63425e-13
9716 3
1 2.57572e-14
2 -1.06581e-14
3 1.84741e-13
9718 3
1 3.55271e-14
2 -8.88178e-15
3 1.63425e-13
9720 3
1 3.19744e-14
2 8.88178e-15
3 1.77636e-13
9722 3
1 3.90799e-14
2 -2.39808e-14
3 1.68754e-13
9724 3
1 3.90799e-14
2 -8.88178e-15
3 1.77636e-13
9726 3
1 2.84217e-14
2 -3.01981e-14
3 1.65201e-13
9728 3
1 4.61853e-14
2 1.86517e-14
3 1.61648e-13
9730 3
1 5.15143e-14
2 -3.10862e-14
3 1.86517e-13
9732 3
1 3.10862e-14
2 -1.42109e-14
3 1.75859e-13
9734 3
1 2.04281e-14
2 -1.77636e-15
3 1.72307e-13
9736 3
1 1.24345e-14
2 -3.4639e-14
3 1.54543e-13
9738 3
1 -4.44089e-15
2 -7.10543e-15
3 1.81188e-13
9740 3
1 4.52971e-14
2 8.88178e-15
3 2.04281e-13
9742 3
1 3.9968e-14
2 -1.24345e-14
3 1.66978e-13
9744 3
1 -9.76996e-15
2 -1.77636e-15
3 1.81188e-13
9746 3
1 -1.15463e-14
2 -9.76996e-15
3 1.43885e-13
9748 3
1 6.21725e-15
2 8.88178e-15
3 1.79412e-13
9750 3
1 -1.68754e-14
2 6.21725e-15
3 1.7053e-13
9752 3
1 -3.55271e-15
2 -1.15463e-14
3 1.61648e-13
9754 3
1 -2.66454e-15
2 -5.32907e-15
3 1.82965e-13
9756 3
1 0
2 -1.42109e-14
3 1.66978e-13
9758 3
1 1.24345e-14
2 1.59872e-14
3 1.65201e-13
9760 3
1 6.21725e-15
2 -3.55271e-14
3 1.56319e-13
9762 3
1 8.88178e-16
2 -1.86517e-14
3 1.49214e-13
9764 3
1 1.86517e-14
2 -5.32907e-15
3 1.40332e-13
9766 3
1 -1.15463e-14
2 -1.95399e-14
3 1.68754e-13
9768 3
1 -7.99361e-15
2 -5.32907e-15
3 1.65201e-13
9770 3
1 -8.88178e-16
2 -7.99361e-15
3 1.81188e-13
9772 3
1 1.33227e-14
2 -2.4869e-14
3 1.81188e-13
9774 3
1 -1.77636e-15
2 -3.55271e-15
3 1.7053e-13
9776 3
1 6.21725e-15
2 -4.44089e-15
3 1.49214e-13
9778 3
1 1.33227e-14
2 -1.86517e-14
3 1.7053e-13
9780 3
1 1.42109e-14
2 -2.57572e-14
3 1.65201e-13
9782 3
1 -2.4869e-14
2 -4.52971e-14
3 1.58096e-13
9784 3
1 8.88178e-15
2 -1.42109e-14
3 1.56319e-13
9786 3
1 -1.59872e-14
2 -1.24345e-14
3 1.35003e-13
9788 3
1 -2.22045e-14
2 -2.30926e-14
3 1.75859e-13
9790 3
1 1.77636e-15
2 -6.4837e-14
3 1.81188e-13
9792 3
1 -8.88178e-16
2 1.42109e-14
3 1.74083e-13
9794 3
1 6.21725e-15
2 -2.30926e-14
3 1.47438e-13
9796 3
1 2.04281e-14
2 -3.64153e-14
3 1.82965e-13
9798 3
1 5.32907e-15
2 -1.15463e-14
3 1.93623e-13
9800 3
1 1.86517e-14
2 -2.57572e-14
3 1.86517e-13
9802 3
1 2.84217e-14
2 -2.04281e-14
3 1.68754e-13
9804 3
1 2.22045e-14
2 -4.17444e-14
3 1.84741e-13
9806 3
1 2.04281e-14
2 -2.57572e-14
3 1.82965e-13
9808 3
1 -7.99361e-15
2 -2.04281e-14
3 1.58096e-13
9810 3
1 1.24345e-14
2 5.32907e-15
3 1.91847e-13
9812 3
1 2.30926e-14
2 -2.66454e-15
3 1.65201e-13
9814 3
1 5.32907e-15
2 -9.76996e-15
3 1.61648e-13
9816 3
1 5.32907e-15
2 1.06581e-14
3 1.9007e-13
9818 3
1 2.04281e-14
2 1.95399e-14
3 1.88294e-13
9820 3
1 1.06581e-14
2 -6.21725e-15
3 1.79412e-13
9822 3
1 5.32907e-15
2 -9.76996e-15
3 1.74083e-13
9824 3
1 1.33227e-14
2 -9.76996e-15
3 1.65201e-13
9826 3
1 1.33227e-14
2 -8.88178e-16
3 1.79412e-13
9828 3
1 3.55271e-15
2 -7.10543e-15
3 1.7053e-13
9830 3
1 2.84217e-14
2 -1.59872e-14
3 1.82965e-13
9832 3
1 -2.4869e-14
2 -1.68754e-14
3 1.74083e-13
9834 3
1 6.21725e-15
2 -2.57572e-14
3 1.74083e-13
9836 3
1 7.10543e-15
2 -3.01981e-14
3 2.04281e-13
9838 3
1 4.44089e-15
2 -1.86517e-14
3 1.75859e-13
9840 3
1 2.84217e-14
2 -3.81917e-14
3 1.54543e-13
9842 3
1 1.15463e-14
2 -2.93099e-14
3 1.77636e-13
9844 3
1 4.44089e-15
2 0
3 1.72307e-13
9846 3
1 -2.39808e-14
2 -3.10862e-14
3 1.68754e-13
9848 3
1 -9.76996e-15
2 -3.4639e-14
3 1.65201e-13
9850 3
1 -1.06581e-14
2 -2.4869e-14
3 1.58096e-13
9852 3
1 1.06581e-14
2 -2.39808e-14
3 1.42109e-13
9854 3
1 -7.99361e-15
2 -1.68754e-14
3 2.00728e-13
9856 3
1 1.95399e-14
2 -1.42109e-14
3 1.59872e-13
9858 3
1 2.57572e-14
2 -3.01981e-14
3 1.79412e-13
9860 3
1 -1.06581e-14
2 -3.37508e-14
3 1.56319e-13
9862 3
1 9.76996e-15
2 -4.26326e-14
3 1.88294e-13
9864 3
1 -1.86517e-14
2 5.32907e-15
3 1.75859e-13
9866 3
1 -8.88178e-16
2 -5.50671e-14
3 1.52767e-13
9868 3
1 1.86517e-14
2 -4.08562e-14
3 1.63425e-13
9870 3
1 1.68754e-14
2 -3.37508e-14
3 1.68754e-13
9872 3
1 6.21725e-15
2 -3.28626e-14
3 1.61648e-13
9874 3
1 1.5099e-14
2 -2.75335e-14
3 1.68754e-13
9876 3
1 0
2 -1.5099e-14
3 1.75859e-13
9878 3
1 -9.76996e-15
2 -2.66454e-14
3 1.95399e-13
9880 3
1 5.32907e-15
2 -3.10862e-14
3 1.81188e-13
9882 3
1 2.04281e-14
2 -3.28626e-14
3 2.00728e-13
9884 3
1 -1.77636e-15
2 -6.12843e-14
3 1.9007e-13
9886 3
1 5.32907e-15
2 -2.22045e-14
3 1.75859e-13
9888 3
1 -2.13163e-14
2 -1.42109e-14
3 1.81188e-13
9890 3
1 1.95399e-14
2 -1.64313e-14
3 2.06057e-13
9892 3
1 3.81917e-14
2 -1.95399e-14
3 1.88294e-13
9894 3
1 -2.13163e-14
2 -2.39808e-14
3 2.02505e-13
9896 3
1 -1.68754e-14
2 -2.70894e-14
3 1.7053e-13
9898 3
1 -1.06581e-14
2 -3.55271e-14
3 1.47438e-13
9900 3
1 -1.68754e-14
2 -3.68594e-14
3 1.54543e-13
9902 3
1 -1.86517e-14
2 -6.21725e-15
3 1.75859e-13
9904 3
1 -2.30926e-14
2 -2.66454e-14
3 1.72307e-13
9906 3
1 -3.28626e-14
2 -1.02141e-14
3 1.81188e-13
9908 3
1 -8.88178e-15
2 -2.84217e-14
3 1.66978e-13
9910 3
1 -4.17444e-14
2 -1.77636e-15
3 1.38556e-13
9912 3
1 4.44089e-15
2 -8.88178e-16
3 1.72307e-13
9914 3
1 2.66454e-15
2 -3.06422e-14
3 1.74083e-13
9916 3
1 8.88178e-15
2 -5.32907e-15
3 1.63425e-13
9918 3
1 -7.10543e-15
2 -1.33227e-14
3 1.68754e-13
9920 3
1 -1.15463e-14
2 -7.54952e-15
3 1.84741e-13
9922 3
1 -3.90799e-14
2 -3.55271e-15
3 1.7053e-13
9924 3
1 0
2 2.66454e-15
3 1.79412e-13
9926 3
1 -4.61853e-14
2 -4.17444e-14
3 1.98952e-13
9928 3
1 -1.77636e-14
2 9.76996e-15
3 1.56319e-13
9930 3
1 -2.04281e-14
2 -1.95399e-14
3 2.06057e-13
9932 3
1 5.32907e-15
2 -9.32587e-15
3 1.81188e-13
9934 3
1 1.5099e-14
2 1.33227e-14
3 1.91847e-13
9936 3
1 5.32907e-15
2 -1.59872e-14
3 1.95399e-13
9938 3
1 -3.55271e-15
2 -2.17604e-14
3 1.58096e-13
9940 3
1 1.33227e-14
2 1.37668e-14
3 1.5099e-13
9942 3
1 6.21725e-15
2 9.32587e-15
3 1.66978e-13
9944 3
1 -9.76996e-15
2 -2.75335e-14
3 1.72307e-13
9946 3
1 -3.55271e-15
2 8.43769e-15
3 1.72307e-13
9948 3
1 4.44089e-15
2 -2.30926e-14
3 1.7053e-13
9950 3
1 -1.15463e-14
2 -2.35367e-14
3 1.45661e-13
9952 3
1 5.32907e-15
2 1.55431e-14
3 1.68754e-13
9954 3
1 -1.33227e-14
2 6.21725e-15
3 1.49214e-13
9956 3
1 -2.22045e-14
2 1.68754e-14
3 1.47438e-13
9958 3
1 -2.30926e-14
2 -4.44089e-14
3 1.5099e-13
9960 3
1 -2.13163e-14
2 -1.33227e-14
3 1.36779e-13
9962 3
1 -2.30926e-14
2 -2.30926e-14
3 1.35003e-13
9964 3
1 -2.66454e-15
2 -8.43769e-15
3 1.5099e-13
9966 3
1 -1.5099e-14
2 -7.10543e-15
3 1.49214e-13
9968 3
1 -1.77636e-14
2 -2.9754e-14
3 1.61648e-13
9970 3
1 -6.21725e-15
2 -4.52971e-14
3 1.75859e-13
9972 3
1 -5.32907e-15
2 -3.5083e-14
3 1.58096e-13
9974 3
1 -2.22045e-14
2 -1.82077e-14
3 1.38556e-13
9976 3
1 1.33227e-14
2 -2.35367e-14
3 1.63425e-13
9978 3
1 2.30926e-14
2 -7.10543e-15
3 1.49214e-13
9980 3
1 -1.06581e-14
2 -2.30926e-14
3 1.91847e-13
9982 3
1 1.33227e-14
2 -2.08722e-14
3 1.38556e-13
9984 3
1 -8.88178e-15
2 -6.21725e-15
3 1.42109e-13
9986 3
1 -1.59872e-14
2 -1.33227e-15
3 1.63425e-13
9988 3
1 -1.42109e-14
2 -3.9968e-15
3 1.79412e-13
9990 3
1 -2.22045e-14
2 -2.4869e-14
3 1.61648e-13
9992 3
1 -2.13163e-14
2 3.06422e-14
3 1.79412e-13
9994 3
1 1.15463e-14
2 8.88178e-16
3 1.72307e-13
9996 3
1 7.99361e-15
2 1.77636e-14
3 1.74083e-13
9998 3
1 -1.59872e-14
2 -2.62013e-14
3 1.61648e-13
10000 3
1 -7.99361e-15
2 -5.77316e-15
3 1.54543e-13
10002 3
1 1.59872e-14
2 8.88178e-15
3 1.98952e-13
10004 3
1 8.88178e-15
2 -7.99361e-15
3 1.77636e-13
10006 3
1 1.59872e-14
2 -2.62013e-14
3 1.81188e-13
10008 3
1 9.76996e-15
2 -7.99361e-15
3 1.43885e-13
10010 3
1 1.33227e-14
2 -1.15463e-14
3 1.61648e-13
10012 3
1 1.59872e-14
2 0
3 1.84741e-13
10014 3
1 3.55271e-15
2 -3.55271e-15
3 1.33227e-13
10016 3
1 -1.15463e-14
2 -6.21725e-15
3 1.66978e-13
10018 3
1 -3.55271e-15
2 1.42109e-14
3 1.61648e-13
10020 3
1 -6.21725e-15
2 -1.77636e-14
3 1.7053e-13
10022 3
1 0
2 0
3 1.65201e-13
10024 3
1 -7.99361e-15
2 -2.22045e-15
3 1.66978e-13
10026 3
1 1.5099e-14
2 8.88178e-15
3 1.49214e-13
10028 3
1 2.66454e-15
2 8.88178e-16
3 1.45661e-13
10030 3
1 1.42109e-14
2 -1.15463e-14
3 1.61648e-13
10032 3
1 4.44089e-15
2 -2.57572e-14
3 1.63425e-13
10034 3
1 1.59872e-14
2 8.88178e-16
3 1.72307e-13
10036 3
1 2.66454e-15
2 7.99361e-15
3 1.54543e-13
10038 3
1 1.15463e-14
2 5.32907e-15
3 1.95399e-13
10040 3
1 1.95399e-14
2 -1.37668e-14
3 1.74083e-13
10042 3
1 2.66454e-15
2 -6.21725e-15
3 1.84741e-13
10044 3
1 -4.44089e-15
2 7.10543e-15
3 1.36779e-13
10046 3
1 9.76996e-15
2 -2.93099e-14
3 1.59872e-13
10048 3
1 7.10543e-15
2 -2.79776e-14
3 1.54543e-13
10050 3
1 7.10543e-15
2 1.24345e-14
3 1.61648e-13
10052 3
1 1.06581e-14
2 -1.24345e-14
3 1.91847e-13
10054 3
1 1.86517e-14
2 -7.10543e-15
3 1.52767e-13
10056 3
1 -5.32907e-15
2 -2.93099e-14
3 2.02505e-13
10058 3
1 3.55271e-15
2 -3.01981e-14
3 1.65201e-13
10060 3
1 2.04281e-14
2 -8.88178e-15
3 1.63425e-13
10062 3
1 1.15463e-14
2 -6.03961e-14
3 1.63425e-13
10064 3
1 1.06581e-14
2 -2.84217e-14
3 1.97176e-13
10066 3
1 1.06581e-14
2 -2.84217e-14
3 1.95399e-13
10068 3
1 6.21725e-15
2 -1.77636e-14
3 1.74083e-13
10070 3
1 3.10862e-14
2 -4.61853e-14
3 1.86517e-13
10072 3
1 1.15463e-14
2 0
3 1.88294e-13
10074 3
1 2.4869e-14
2 -3.73035e-14
3 1.7053e-13
10076 3
1 2.22045e-14
2 -1.15463e-14
3 1.88294e-13
10078 3
1 2.22045e-14
2 -2.75335e-14
3 1.86517e-13
10080 3
1 6.21725e-15
2 -3.55271e-14
3 1.66978e-13
10082 3
1 -9.76996e-15
2 -2.66454e-15
3 1.59872e-13
10084 3
1 -1.86517e-14
2 8.88178e-15
3 1.72307e-13
10086 3
1 -2.04281e-14
2 -2.13163e-14
3 1.74083e-13
10088 3
1 -2.66454e-15
2 -3.73035e-14
3 1.74083e-13
10090 3
1 -1.5099e-14
2 -3.28626e-14
3 1.65201e-13
10092 3
1 -1.59872e-14
2 -4.79616e-14
3 1.56319e-13
10094 3
1 -3.55271e-15
2 -1.06581e-14
3 1.84741e-13
10096 3
1 -2.22045e-14
2 -2.04281e-14
3 1.7053e-13
10098 3
1 -1.95399e-14
2 -1.5099e-14
3 1.77636e-13
10100 3
1 -3.90799e-14
2 7.10543e-15
3 1.77636e-13
10102 3
1 -1.5099e-14
2 -3.10862e-14
3 1.84741e-13
10104 3
1 -2.93099e-14
2 -5.06262e-14
3 1.49214e-13
10106 3
1 -1.42109e-14
2 -2.75335e-14
3 1.54543e-13
10108 3
1 -2.93099e-14
2 -2.04281e-14
3 1.91847e-13
10110 3
1 -2.66454e-15
2 -4.17444e-14
3 1.93623e-13
10112 3
1 -1.5099e-14
2 -3.64153e-14
3 1.93623e-13
10114 3
1 -3.90799e-14
2 -3.28626e-14
3 1.86517e-13
10116 3
1 -2.66454e-14
2 -4.35207e-14
3 1.59872e-13
10118 3
1 -4.44089e-15
2 -3.37508e-14
3 1.7053e-13
10120 3
1 -2.13163e-14
2 -2.30926e-14
3 2.06057e-13
10122 3
1 -3.4639e-14
2 -2.30926e-14
3 1.77636e-13
10124 3
1 -2.30926e-14
2 -4.44089e-14
3 1.63425e-13
10126 3
1 -4.52971e-14
2 -3.73035e-14
3 2.0961e-13
10128 3
1 -2.57572e-14
2 -1.77636e-14
3 2.00728e-13
10130 3
1 -2.84217e-14
2 -1.24345e-14
3 1.95399e-13
10132 3
1 -2.04281e-14
2 -6.21725e-15
3 1.97176e-13
10134 3
1 -2.84217e-14
2 -1.95399e-14
3 1.61648e-13
10136 3
1 -4.61853e-14
2 -3.28626e-14
3 1.88294e-13
10138 3
1 -7.99361e-15
2 -4.44089e-14
3 1.79412e-13
10140 3
1 -4.08562e-14
2 -2.04281e-14
3 2.30926e-13
10142 3
1 -3.90799e-14
2 -2.13163e-14
3 1.79412e-13
10144 3
1 -3.19744e-14
2 -3.9968e-14
3 1.84741e-13
10146 3
1 -3.28626e-14
2 -6.12843e-14
3 1.59872e-13
10148 3
1 -3.28626e-14
2 -3.19744e-14
3 1.77636e-13
10150 3
1 -4.35207e-14
2 -3.90799e-14
3 1.77636e-13
10152 3
1 -3.64153e-14
2 -2.39808e-14
3 1.9007e-13
10154 3
1 -4.35207e-14
2 -2.13163e-14
3 1.66978e-13
10156 3
1 -5.50671e-14
2 -2.39808e-14
3 1.95399e-13
10158 3
1 -4.08562e-14
2 -1.59872e-14
3 1.79412e-13
10160 3
1 -4.08562e-14
2 -1.24345e-14
3 1.9007e-13
10162 3
1 -5.59552e-14
2 0
3 1.68754e-13
10164 3
1 -3.10862e-14
2 -8.88178e-15
3 1.88294e-13
10166 3
1 -4.44089e-14
2 -3.19744e-14
3 1.54543e-13
10168 3
1 -2.22045e-14
2 -3.19744e-14
3 1.95399e-13
10170 3
1 -2.22045e-14
2 -8.88178e-15
3 1.88294e-13
10172 3
1 -3.19744e-14
2 -2.04281e-14
3 2.04281e-13
10174 3
1 -5.32907e-15
2 -1.5099e-14
3 1.72307e-13
10176 3
1 -1.86517e-14
2 -1.59872e-14
3 1.88294e-13
10178 3
1 -1.24345e-14
2 -1.33227e-14
3 1.7053e-13
10180 3
1 -8.88178e-15
2 -1.42109e-14
3 1.72307e-13
10182 3
1 -4.08562e-14
2 -1.24345e-14
3 1.74083e-13
10184 3
1 -2.93099e-14
2 -3.55271e-15
3 1.61648e-13
10186 3
1 -7.99361e-15
2 -1.33227e-14
3 1.84741e-13
10188 3
1 -4.79616e-14
2 1.42109e-14
3 1.47438e-13
10190 3
1 -1.95399e-14
2 -1.59872e-14
3 1.56319e-13
10192 3
1 -2.93099e-14
2 2.22045e-14
3 1.42109e-13
10194 3
1 -2.66454e-14
2 -1.86517e-14
3 1.65201e-13
10196 3
1 -3.73035e-14
2 -2.39808e-14
3 1.45661e-13
10198 3
1 -2.57572e-14
2 -1.42109e-14
3 1.84741e-13
10200 3
1 -3.4639e-14
2 -2.13163e-14
3 1.63425e-13
10202 3
1 -1.24345e-14
2 -3.9968e-14
3 1.68754e-13
10204 3
1 -2.39808e-14
2 -8.88178e-15
3 1.72307e-13
10206 3
1 -3.01981e-14
2 -3.90799e-14
3 1.52767e-13
10208 3
1 -3.81917e-14
2 -3.28626e-14
3 1.63425e-13
10210 3
1 -3.4639e-14
2 -5.15143e-14
3 1.86517e-13
10212 3
1 -3.01981e-14
2 -1.86517e-14
3 1.38556e-13
10214 3
1 -4.26326e-14
2 -3.81917e-14
3 1.65201e-13
10216 3
1 -6.03961e-14
2 -4.44089e-15
3 1.54543e-13
10218 3
1 -3.4639e-14
2 -1.59872e-14
3 1.3145e-13
10220 3
1 -5.06262e-14
2 -4.79616e-14
3 1.63425e-13
10222 3
1 -1.68754e-14
2 -2.22045e-14
3 1.82965e-13
10224 3
1 -3.19744e-14
2 -2.39808e-14
3 1.59872e-13
10226 3
1 -3.9968e-14
2 -5.32907e-14
3 1.40332e-13
10228 3
1 -3.37508e-14
2 -3.9968e-14
3 1.84741e-13
10230 3
1 -4.9738e-14
2 -2.4869e-14
3 1.45661e-13
10232 3
1 -5.68434e-14
2 -3.55271e-14
3 1.36779e-13
10234 3
1 -2.4869e-14
2 -2.4869e-14
3 1.77636e-13
10236 3
1 -5.06262e-14
2 -2.13163e-14
3 1.59872e-13
10238 3
1 -3.81917e-14
2 -2.22045e-14
3 1.22569e-13
10240 3
1 -5.15143e-14
2 -7.10543e-15
3 1.35003e-13
10242 3
1 -3.81917e-14
2 -7.10543e-15
3 1.56319e-13
10244 3
1 -6.21725e-15
2 -2.75335e-14
3 1.35003e-13
10246 3
1 -1.95399e-14
2 -5.06262e-14
3 1.40332e-13
10248 3
1 -1.24345e-14
2 -1.24345e-14
3 1.29674e-13
10250 3
1 -1.5099e-14
2 -3.9968e-14
3 1.38556e-13
10252 3
1 -2.39808e-14
2 -4.17444e-14
3 1.45661e-13
10254 3
1 -2.22045e-14
2 -2.93099e-14
3 1.3145e-13
10256 3
1 -1.77636e-14
2 -1.95399e-14
3 1.27898e-13
10258 3
1 -3.4639e-14
2 -1.5099e-14
3 1.33227e-13
10260 3
1 -1.42109e-14
2 -3.9968e-14
3 1.15463e-13
10262 3
1 -1.86517e-14
2 -5.77316e-14
3 1.19016e-13
10264 3
1 -2.66454e-15
2 -2.4869e-14
3 1.49214e-13
10266 3
1 -2.57572e-14
2 -1.59872e-14
3 1.27898e-13
10268 3
1 5.32907e-15
2 -3.01981e-14
3 1.26121e-13
10270 3
1 -4.70735e-14
2 -4.70735e-14
3 1.38556e-13
10272 3
1 -2.22045e-14
2 -3.73035e-14
3 1.56319e-13
10274 3
1 8.88178e-15
2 -9.76996e-15
3 1.35003e-13
10276 3
1 -2.13163e-14
2 -3.01981e-14
3 1.47438e-13
10278 3
1 -7.99361e-15
2 -2.39808e-14
3 1.61648e-13
10280 3
1 -2.04281e-14
2 -1.42109e-14
3 1.49214e-13
10282 3
1 -6.21725e-15
2 -3.55271e-14
3 1.45661e-13
10284 3
1 -1.33227e-14
2 -3.01981e-14
3 1.40332e-13
10286 3
1 8.88178e-16
2 -2.4869e-14
3 1.24345e-13
10288 3
1 -1.06581e-14
2 -5.32907e-15
3 1.22569e-13
10290 3
1 -9.76996e-15
2 -4.08562e-14
3 1.56319e-13
10292 3
1 -7.10543e-15
2 -1.24345e-14
3 1.36779e-13
10294 3
1 -1.24345e-14
2 -4.44089e-14
3 9.41469e-14
10296 3
1 -1.24345e-14
2 -1.15463e-14
3 1.56319e-13
10298 3
1 -1.42109e-14
2 -4.88498e-14
3 1.20792e-13
10300 3
1 -2.39808e-14
2 -2.57572e-14
3 1.38556e-13
10302 3
1 -8.88178e-15
2 -3.37508e-14
3 1.20792e-13
10304 3
1 -9.76996e-15
2 -3.9968e-14
3 1.1724e-13
10306 3
1 -2.4869e-14
2 -1.42109e-14
3 1.1724e-13
10308 3
1 -1.42109e-14
2 -2.84217e-14
3 1.35003e-13
10310 3
1 -7.10543e-15
2 -4.79616e-14
3 1.3145e-13
10312 3
1 -2.30926e-14
2 -5.50671e-14
3 1.13687e-13
10314 3
1 9.76996e-15
2 -3.81917e-14
3 1.24345e-13
10316 3
1 -1.15463e-14
2 -5.50671e-14
3 1.27898e-13
10318 3
1 -2.66454e-14
2 -3.01981e-14
3 1.15463e-13
10320 3
1 7.10543e-15
2 -2.75335e-14
3 1.42109e-13
10322 3
1 -1.59872e-14
2 -2.22045e-14
3 1.29674e-13
10324 3
1 -3.4639e-14
2 -3.64153e-14
3 1.26121e-13
10326 3
1 8.88178e-16
2 -4.44089e-14
3 1.27898e-13
10328 3
1 -3.55271e-15
2 -2.13163e-14
3 1.36779e-13
10330 3
1 -2.39808e-14
2 -6.03961e-14
3 1.42109e-13
10332 3
1 -2.39808e-14
2 -4.52971e-14
3 1.29674e-13
10334 3
1 -1.06581e-14
2 -4.08562e-14
3 1.42109e-13
10336 3
1 -1.68754e-14
2 -4.88498e-14
3 1.40332e-13
10338 3
1 -4.44089e-14
2 -1.95399e-14
3 1.47438e-13
10340 3
1 -1.33227e-14
2 -4.52971e-14
3 1.40332e-13
10342 3
1 -7.10543e-15
2 -5.9508e-14
3 1.29674e-13
10344 3
1 -2.4869e-14
2 -2.66454e-14
3 1.63425e-13
10346 3
1 -2.93099e-14
2 -2.75335e-14
3 1.45661e-13
10348 3
1 -2.22045e-14
2 -6.4837e-14
3 1.49214e-13
10350 3
1 -3.10862e-14
2 -2.75335e-14
3 1.33227e-13
10352 3
1 -4.44089e-15
2 -2.4869e-14
3 1.47438e-13
10354 3
1 -1.15463e-14
2 -5.41789e-14
3 1.47438e-13
10356 3
1 -2.57572e-14
2 -4.52971e-14
3 1.39444e-13
10358 3
1 5.32907e-15
2 -4.08562e-14
3 1.40332e-13
10360 3
1 -2.39808e-14
2 -6.66134e-14
3 1.4122e-13
10362 3
1 -3.37508e-14
2 -5.86198e-14
3 1.39444e-13
10364 3
1 -2.57572e-14
2 -5.41789e-14
3 1.33227e-13
10366 3
1 -1.15463e-14
2 -5.50671e-14
3 1.47438e-13
10368 3
1 -3.9968e-14
2 -3.9968e-14
3 1.29674e-13
10370 3
1 -3.37508e-14
2 -2.4869e-14
3 1.24345e-13
10372 3
1 -1.77636e-14
2 -4.9738e-14
3 1.20792e-13
10374 3
1 -1.15463e-14
2 -7.54952e-14
3 1.13687e-13
10376 3
1 7.10543e-15
2 -6.75016e-14
3 1.26121e-13
10378 3
1 -3.64153e-14
2 -7.4607e-14
3 1.26121e-13
10380 3
1 -7.99361e-15
2 -6.66134e-14
3 1.29674e-13
10382 3
1 1.77636e-15
2 -5.59552e-14
3 1.33227e-13
10384 3
1 -1.59872e-14
2 -6.4837e-14
3 1.52767e-13
10386 3
1 -8.88178e-16
2 -5.41789e-14
3 1.38556e-13
10388 3
1 -1.06581e-14
2 -4.61853e-14
3 1.29674e-13
10390 3
1 8.88178e-15
2 -6.30607e-14
3 1.59872e-13
10392 3
1 -1.42109e-14
2 -8.17124e-14
3 1.52767e-13
10394 3
1 -5.32907e-15
2 -3.10862e-14
3 1.5099e-13
10396 3
1 1.06581e-14
2 -4.9738e-14
3 1.26121e-13
10398 3
1 1.06581e-14
2 -5.50671e-14
3 1.49214e-13
10400 3
1 1.95399e-14
2 -7.72715e-14
3 1.27898e-13
10402 3
1 -3.55271e-15
2 -4.88498e-14
3 1.5099e-13
10404 3
1 1.33227e-14
2 -6.30607e-14
3 1.47438e-13
10406 3
1 -2.30926e-14
2 -6.39488e-14
3 1.22569e-13
10408 3
1 -1.68754e-14
2 -5.06262e-14
3 1.43885e-13
10410 3
1 -1.77636e-15
2 -5.86198e-14
3 1.26121e-13
10412 3
1 -7.99361e-15
2 -4.52971e-14
3 1.35003e-13
10414 3
1 -1.24345e-14
2 -6.75016e-14
3 1.43885e-13
10416 3
1 6.21725e-15
2 -6.4837e-14
3 1.54543e-13
10418 3
1 -1.15463e-14
2 -5.77316e-14
3 1.43885e-13
10420 3
1 -2.22045e-14
2 -5.32907e-14
3 1.33227e-13
10422 3
1 -3.19744e-14
2 -8.17124e-14
3 9.9476e-14
10424 3
1 9.76996e-15
2 -6.75016e-14
3 1.1191e-13
10426 3
1 -2.75335e-14
2 -4.79616e-14
3 1.3145e-13
10428 3
1 -1.33227e-14
2 -5.50671e-14
3 1.24345e-13
10430 3
1 -2.66454e-15
2 -5.06262e-14
3 1.10134e-13
10432 3
1 -6.21725e-15
2 -8.17124e-14
3 1.29674e-13
10434 3
1 -3.55271e-15
2 -5.68434e-14
3 1.3145e-13
10436 3
1 -9.76996e-15
2 -5.86198e-14
3 1.06581e-13
10438 3
1 -1.06581e-14
2 -5.9508e-14
3 1.10134e-13
10440 3
1 -1.77636e-15
2 -5.50671e-14
3 1.40332e-13
10442 3
1 -1.24345e-14
2 -6.92779e-14
3 1.49214e-13
10444 3
1 -2.93099e-14
2 -6.21725e-14
3 1.27898e-13
10446 3
1 -1.42109e-14
2 -5.86198e-14
3 1.61648e-13
10448 3
1 3.55271e-15
2 -5.68434e-14
3 1.04805e-13
10450 3
1 1.59872e-14
2 -7.99361e-14
3 1.22569e-13
10452 3
1 -3.73035e-14
2 -7.81597e-14
3 1.35003e-13
10454 3
1 7.54952e-15
2 -3.73035e-14
3 1.3145e-13
10456 3
1 7.10543e-15
2 -7.63833e-14
3 1.26121e-13
10458 3
1 -1.68754e-14
2 -6.57252e-14
3 1.19016e-13
10460 3
1 -2.66454e-14
2 -6.66134e-14
3 1.10134e-13
10462 3
1 3.01981e-14
2 -7.54952e-14
3 1.35003e-13
10464 3
1 1.68754e-14
2 -5.50671e-14
3 1.56319e-13
10466 3
1 -1.06581e-14
2 -2.93099e-14
3 1.36779e-13
10468 3
1 -1.5099e-14
2 -5.50671e-14
3 1.24345e-13
10470 3
1 -6.21725e-15
2 -6.92779e-14
3 1.25233e-13
10472 3
1 1.77636e-15
2 -3.9968e-14
3 1.05693e-13
10474 3
1 -8.88178e-15
2 -5.86198e-14
3 1.37668e-13
10476 3
1 1.68754e-14
2 -6.4837e-14
3 1.45661e-13
10478 3
1 -8.88178e-16
2 -4.88498e-14
3 1.15463e-13
10480 3
1 -1.37668e-14
2 -6.66134e-14
3 1.36779e-13
10482 3
1 -8.88178e-16
2 -5.24025e-14
3 1.24345e-13
10484 3
1 -2.22045e-15
2 -4.35207e-14
3 1.18128e-13
10486 3
1 -8.88178e-16
2 -6.30607e-14
3 1.18128e-13
10488 3
1 0
2 -4.44089e-14
3 1.01252e-13
10490 3
1 -9.76996e-15
2 -6.4837e-14
3 8.08242e-14
10492 3
1 3.15303e-14
2 -5.50671e-14
3 9.59233e-14
10494 3
1 1.24345e-14
2 -6.30607e-14
3 1.1191e-13
10496 3
1 1.9984e-14
2 -5.68434e-14
3 1.2168e-13
10498 3
1 2.66454e-15
2 -7.54952e-14
3 1.05693e-13
10500 3
1 -2.70894e-14
2 -3.73035e-14
3 1.11022e-13
10502 3
1 1.77636e-14
2 -7.10543e-14
3 1.27898e-13
10504 3
1 8.88178e-15
2 -6.66134e-14
3 1.05693e-13
10506 3
1 -1.82077e-14
2 -3.81917e-14
3 1.24345e-13
10508 3
1 -7.10543e-15
2 -4.52971e-14
3 1.1191e-13
10510 3
1 -1.68754e-14
2 -5.50671e-14
3 1.01252e-13
10512 3
1 1.33227e-14
2 -7.37188e-14
3 1.1191e-13
10514 3
1 4.44089e-16
2 -7.01661e-14
3 1.35891e-13
10516 3
1 -2.53131e-14
2 -3.28626e-14
3 1.22569e-13
10518 3
1 -1.77636e-15
2 -4.9738e-14
3 1.0747e-13
10520 3
1 -5.32907e-15
2 -6.83897e-14
3 1.2701e-13
10522 3
1 -1.46549e-14
2 -3.9968e-14
3 1.3145e-13
10524 3
1 -1.19904e-14
2 -4.70735e-14
3 1.23457e-13
10526 3
1 -1.77636e-15
2 -6.66134e-14
3 9.9476e-14
10528 3
1 2.22045e-15
2 -7.54952e-14
3 1.20792e-13
10530 3
1 -7.99361e-15
2 -4.70735e-14
3 9.76996e-14
10532 3
1 -2.57572e-14
2 -5.41789e-14
3 9.59233e-14
10534 3
1 -2.30926e-14
2 -4.79616e-14
3 1.26121e-13
10536 3
1 -9.76996e-15
2 -8.79297e-14
3 1.12799e-13
10538 3
1 -1.90958e-14
2 -7.19425e-14
3 1.35003e-13
10540 3
1 -7.99361e-15
2 -8.88178e-14
3 7.72715e-14
10542 3
1 -8.88178e-16
2 -4.9738e-14
3 1.19904e-13
10544 3
1 5.77316e-15
2 -3.37508e-14
3 1.13687e-13
10546 3
1 2.39808e-14
2 -4.61853e-14
3 1.1191e-13
10548 3
1 -1.42109e-14
2 -5.86198e-14
3 1.0747e-13
10550 3
1 9.76996e-15
2 -6.57252e-14
3 1.19904e-13
10552 3
1 2.13163e-14
2 -7.01661e-14
3 1.30562e-13
10554 3
1 -7.10543e-15
2 -6.30607e-14
3 9.14824e-14
10556 3
1 2.30926e-14
2 -7.19425e-14
3 1.18128e-13
10558 3
1 5.77316e-15
2 -5.15143e-14
3 1.19016e-13
10560 3
1 -2.66454e-15
2 -7.28306e-14
3 1.11022e-13
10562 3
1 -9.76996e-15
2 -5.9508e-14
3 1.19016e-13
10564 3
1 4.44089e-15
2 -6.75016e-14
3 1.15463e-13
10566 3
1 4.44089e-15
2 -3.9968e-14
3 1.02141e-13
10568 3
1 -1.33227e-15
2 -5.77316e-14
3 9.9476e-14
10570 3
1 1.33227e-14
2 -6.61693e-14
3 1.20792e-13
10572 3
1 -7.99361e-15
2 -7.23865e-14
3 1.10134e-13
10574 3
1 4.44089e-16
2 -4.61853e-14
3 1.37668e-13
10576 3
1 -1.06581e-14
2 -2.93099e-14
3 1.33227e-13
10578 3
1 -5.77316e-15
2 -3.68594e-14
3 1.24345e-13
10580 3
1 -1.59872e-14
2 -5.06262e-14
3 1.33227e-13
10582 3
1 -1.77636e-15
2 -2.13163e-14
3 1.24345e-13
10584 3
1 -1.46549e-14
2 -3.55271e-14
3 9.76996e-14
10586 3
1 8.88178e-15
2 -5.86198e-14
3 1.09246e-13
10588 3
1 -2.04281e-14
2 -4.9738e-14
3 1.10134e-13
10590 3
1 2.66454e-15
2 -3.95239e-14
3 1.00364e-13
10592 3
1 -3.9968e-15
2 -4.70735e-14
3 1.40332e-13
10594 3
1 -1.73195e-14
2 -2.13163e-14
3 1.35003e-13
10596 3
1 -3.10862e-14
2 -3.59712e-14
3 1.29674e-13
10598 3
1 1.24345e-14
2 -3.77476e-14
3 1.22569e-13
10600 3
1 -1.90958e-14
2 -2.35367e-14
3 1.33227e-13
10602 3
1 -5.32907e-15
2 -3.10862e-14
3 1.05693e-13
10604 3
1 -1.33227e-15
2 -3.37508e-14
3 1.11022e-13
10606 3
1 -2.22045e-15
2 -2.70894e-14
3 1.46549e-13
10608 3
1 -7.10543e-15
2 -4.04121e-14
3 1.25233e-13
10610 3
1 -6.66134e-15
2 -3.64153e-14
3 1.06581e-13
10612 3
1 2.22045e-15
2 -3.10862e-14
3 1.08358e-13
10614 3
1 2.17604e-14
2 -3.64153e-14
3 1.45661e-13
10616 3
1 -4.44089e-15
2 -7.10543e-15
3 1.34115e-13
10618 3
1 -8.88178e-15
2 -1.24345e-14
3 1.04805e-13
10620 3
1 2.70894e-14
2 -3.55271e-14
3 1.19904e-13
10622 3
1 9.32587e-15
2 -4.79616e-14
3 1.18128e-13
10624 3
1 -1.02141e-14
2 -3.90799e-14
3 1.22569e-13
10626 3
1 1.77636e-15
2 -1.77636e-15
3 1.16351e-13
10628 3
1 -3.5083e-14
2 -2.84217e-14
3 1.19904e-13
10630 3
1 -1.95399e-14
2 -1.86517e-14
3 1.29674e-13
10632 3
1 1.77636e-15
2 -1.24345e-14
3 1.24345e-13
10634 3
1 4.44089e-16
2 -3.19744e-14
3 1.54543e-13
10636 3
1 1.37668e-14
2 0
3 1.42109e-13
10638 3
1 -1.46549e-14
2 -1.59872e-14
3 1.55431e-13
10640 3
1 -1.9984e-14
2 -1.06581e-14
3 1.47438e-13
10642 3
1 -1.64313e-14
2 -3.4639e-14
3 1.0747e-13
10644 3
1 -8.88178e-16
2 -1.77636e-14
3 1.55431e-13
10646 3
1 -7.99361e-15
2 -2.75335e-14
3 1.42997e-13
10648 3
1 1.59872e-14
2 1.77636e-15
3 1.39444e-13
10650 3
1 1.06581e-14
2 -1.68754e-14
3 1.30562e-13
10652 3
1 2.22045e-14
2 -1.77636e-14
3 1.28786e-13
10654 3
1 9.76996e-15
2 8.88178e-15
3 1.55431e-13
10656 3
1 1.64313e-14
2 -1.06581e-14
3 1.43885e-13
10658 3
1 1.11022e-14
2 -2.22045e-14
3 1.27898e-13
10660 3
1 3.95239e-14
2 -2.93099e-14
3 1.49214e-13
10662 3
1 3.9968e-15
2 -2.66454e-15
3 1.35003e-13
10664 3
1 1.28786e-14
2 -1.15463e-14
3 1.45661e-13
10666 3
1 2.70894e-14
2 -7.99361e-15
3 1.32339e-13
10668 3
1 0
2 -2.04281e-14
3 1.33227e-13
10670 3
1 3.9968e-15
2 -2.13163e-14
3 1.38556e-13
10672 3
1 4.44089e-16
2 -1.68754e-14
3 1.28786e-13
10674 3
1 2.84217e-14
2 -4.44089e-15
3 1.44773e-13
10676 3
1 -9.32587e-15
2 -3.55271e-14
3 1.48326e-13
10678 3
1 -1.33227e-15
2 1.95399e-14
3 1.66978e-13
10680 3
1 2.53131e-14
2 -9.76996e-15
3 1.16351e-13
10682 3
1 1.02141e-14
2 9.76996e-15
3 1.20792e-13
10684 3
1 -8.88178e-15
2 -3.55271e-15
3 1.36779e-13
10686 3
1 -1.9984e-14
2 1.77636e-15
3 1.15463e-13
10688 3
1 8.88178e-15
2 1.5099e-14
3 1.10134e-13
10690 3
1 -7.54952e-15
2 2.57572e-14
3 1.23457e-13
10692 3
1 -1.15463e-14
2 -1.24345e-14
3 1.45661e-13
10694 3
1 -5.32907e-15
2 5.32907e-15
3 1.1724e-13
10696 3
1 -8.43769e-15
2 3.55271e-15
3 1.35003e-13
10698 3
1 -5.32907e-15
2 -1.77636e-15
3 1.66089e-13
10700 3
1 -1.42109e-14
2 -2.39808e-14
3 1.37668e-13
10702 3
1 1.24345e-14
2 8.88178e-16
3 1.62537e-13
10704 3
1 1.06581e-14
2 -6.21725e-15
3 1.61648e-13
10706 3
1 -1.24345e-14
2 -1.06581e-14
3 1.32339e-13
10708 3
1 -7.10543e-15
2 -8.88178e-16
3 1.28786e-13
10710 3
1 1.5099e-14
2 2.66454e-15
3 1.57208e-13
10712 3
1 -1.15463e-14
2 -2.84217e-14
3 1.66089e-13
10714 3
1 2.39808e-14
2 8.88178e-16
3 1.35891e-13
10716 3
1 1.77636e-15
2 -8.88178e-16
3 1.26121e-13
10718 3
1 9.76996e-15
2 1.06581e-14
3 1.61648e-13
10720 3
1 7.10543e-15
2 1.77636e-15
3 1.63425e-13
10722 3
1 7.99361e-15
2 7.99361e-15
3 1.4122e-13
10724 3
1 7.99361e-15
2 2.13163e-14
3 1.24345e-13
10726 3
1 -1.15463e-14
2 1.77636e-15
3 1.61648e-13
10728 3
1 1.68754e-14
2 1.86517e-14
3 1.35003e-13
10730 3
1 1.95399e-14
2 2.13163e-14
3 1.23457e-13
10732 3
1 1.86517e-14
2 1.42109e-14
3 1.69642e-13
10734 3
1 9.76996e-15
2 3.28626e-14
3 1.48326e-13
10736 3
1 7.99361e-15
2 7.10543e-15
3 1.16351e-13
10738 3
1 -1.42109e-14
2 4.35207e-14
3 1.49214e-13
10740 3
1 3.55271e-15
2 2.75335e-14
3 1.35891e-13
10742 3
1 4.44089e-15
2 8.88178e-16
3 1.52767e-13
10744 3
1 1.42109e-14
2 4.26326e-14
3 1.38556e-13
10746 3
1 -8.88178e-15
2 4.61853e-14
3 1.39444e-13
10748 3
1 2.66454e-15
2 2.04281e-14
3 1.29674e-13
10750 3
1 0
2 2.66454e-14
3 1.65201e-13
10752 3
1 0
2 2.57572e-14
3 1.25233e-13
10754 3
1 7.99361e-15
2 1.86517e-14
3 1.71418e-13
10756 3
1 -7.10543e-15
2 3.55271e-15
3 1.46549e-13
10758 3
1 -1.86517e-14
2 2.57572e-14
3 1.3145e-13
10760 3
1 -3.55271e-15
2 2.13163e-14
3 1.43885e-13
10762 3
1 -1.86517e-14
2 1.77636e-14
3 1.42109e-13
10764 3
1 -1.33227e-14
2 1.06581e-14
3 1.22569e-13
10766 3
1 -1.24345e-14
2 1.68754e-14
3 1.47438e-13
10768 3
1 -7.10543e-15
2 2.39808e-14
3 1.3145e-13
10770 3
1 -1.33227e-15
2 1.5099e-14
3 1.54543e-13
10772 3
1 2.66454e-14
2 3.01981e-14
3 1.58096e-13
10774 3
1 5.06262e-14
2 2.22045e-14
3 1.20792e-13
10776 3
1 -8.43769e-15
2 3.19744e-14
3 1.15463e-13
10778 3
1 -5.32907e-15
2 1.59872e-14
3 1.52767e-13
10780 3
1 2.70894e-14
2 3.4639e-14
3 1.63425e-13
10782 3
1 0
2 3.19744e-14
3 1.61648e-13
10784 3
1 2.70894e-14
2 1.33227e-14
3 1.24345e-13
10786 3
1 2.53131e-14
2 8.88178e-16
3 1.61648e-13
10788 3
1 2.17604e-14
2 3.81917e-14
3 1.49214e-13
10790 3
1 4.44089e-15
2 1.5099e-14
3 1.56319e-13
10792 3
1 1.42109e-14
2 1.77636e-14
3 1.52767e-13
10794 3
1 -2.30926e-14
2 1.77636e-14
3 1.65201e-13
10796 3
1 1.46549e-14
2 1.5099e-14
3 1.36779e-13
10798 3
1 2.66454e-15
2 3.64153e-14
3 1.40332e-13
10800 3
1 1.59872e-14
2 8.88178e-15
3 1.77636e-13
10802 3
1 2.22045e-15
2 -1.15463e-14
3 1.15463e-13
10804 3
1 2.93099e-14
2 1.77636e-14
3 1.22569e-13
10806 3
1 3.55271e-15
2 4.08562e-14
3 1.52767e-13
10808 3
1 4.88498e-15
2 1.06581e-14
3 1.10134e-13
10810 3
1 7.99361e-15
2 1.24345e-14
3 1.33227e-13
10812 3
1 -1.28786e-14
2 9.76996e-15
3 1.35003e-13
10814 3
1 1.06581e-14
2 1.15463e-14
3 1.24345e-13
10816 3
1 2.26485e-14
2 5.41789e-14
3 1.40332e-13
10818 3
1 -1.59872e-14
2 -2.66454e-15
3 1.40332e-13
10820 3
1 2.13163e-14
2 1.24345e-14
3 1.38556e-13
10822 3
1 -8.88178e-15
2 1.5099e-14
3 1.20792e-13
10824 3
1 1.5099e-14
2 7.99361e-15
3 1.40332e-13
10826 3
1 0
2 3.37508e-14
3 1.33227e-13
10828 3
1 1.68754e-14
2 4.08562e-14
3 1.42109e-13
10830 3
1 3.55271e-15
2 1.59872e-14
3 1.56319e-13
10832 3
1 3.55271e-14
2 1.33227e-14
3 1.20792e-13
10834 3
1 2.84217e-14
2 8.88178e-16
3 1.24345e-13
10836 3
1 3.37508e-14
2 -7.99361e-15
3 1.43885e-13
10838 3
1 5.32907e-15
2 1.24345e-14
3 1.24345e-13
10840 3
1 5.77316e-15
2 -2.66454e-15
3 1.45661e-13
10842 3
1 2.44249e-14
2 8.88178e-15
3 1.1724e-13
10844 3
1 1.86517e-14
2 1.15463e-14
3 1.38556e-13
10846 3
1 9.76996e-15
2 -5.32907e-15
3 1.20792e-13
10848 3
1 2.35367e-14
2 2.66454e-15
3 1.38556e-13
10850 3
1 1.86517e-14
2 2.04281e-14
3 1.3145e-13
10852 3
1 1.55431e-14
2 1.24345e-14
3 1.20792e-13
10854 3
1 2.22045e-14
2 1.86517e-14
3 1.40332e-13
10856 3
1 1.77636e-15
2 1.33227e-14
3 1.27898e-13
10858 3
1 1.42109e-14
2 -1.86517e-14
3 1.24345e-13
10860 3
1 6.66134e-15
2 1.68754e-14
3 1.42109e-13
10862 3
1 -1.11022e-14
2 -1.95399e-14
3 1.33227e-13
10864 3
1 1.77636e-14
2 -1.59872e-14
3 1.20792e-13
10866 3
1 6.21725e-15
2 5.32907e-15
3 1.19016e-13
10868 3
1 1.82077e-14
2 2.66454e-15
3 1.58096e-13
10870 3
1 1.15463e-14
2 -7.10543e-15
3 1.52767e-13
10872 3
1 1.11022e-14
2 -6.21725e-15
3 1.43885e-13
10874 3
1 1.11022e-14
2 -1.68754e-14
3 1.5099e-13
10876 3
1 -8.88178e-16
2 0
3 1.47438e-13
10878 3
1 2.22045e-15
2 -5.32907e-15
3 1.66978e-13
10880 3
1 6.21725e-15
2 -1.33227e-14
3 1.40332e-13
10882 3
1 8.88178e-15
2 1.24345e-14
3 1.45661e-13
10884 3
1 7.10543e-15
2 0
3 1.35003e-13
10886 3
1 1.15463e-14
2 1.33227e-14
3 1.56319e-13
10888 3
1 -4.44089e-15
2 -1.77636e-15
3 1.42109e-13
10890 3
1 7.99361e-15
2 1.06581e-14
3 1.49214e-13
10892 3
1 0
2 1.24345e-14
3 1.42109e-13
10894 3
1 -1.5099e-14
2 -1.15463e-14
3 1.43885e-13
10896 3
1 -9.32587e-15
2 -2.30926e-14
3 1.63425e-13
10898 3
1 -2.66454e-15
2 1.15463e-14
3 1.65201e-13
10900 3
1 2.4647e-14
2 5.32907e-15
3 1.52767e-13
10902 3
1 -1.77636e-14
2 -1.33227e-14
3 1.35003e-13
10904 3
1 -3.5083e-14
2 7.10543e-15
3 1.52767e-13
10906 3
1 -2.53131e-14
2 8.88178e-16
3 1.40332e-13
10908 3
1 -1.57652e-14
2 3.73035e-14
3 1.56319e-13
10910 3
1 -1.06581e-14
2 8.88178e-16
3 1.56319e-13
10912 3
1 3.55271e-15
2 -6.21725e-15
3 1.63425e-13
10914 3
1 3.55271e-15
2 3.81917e-14
3 1.61648e-13
10916 3
1 -3.55271e-15
2 1.95399e-14
3 1.61648e-13
10918 3
1 -1.73195e-14
2 3.28626e-14
3 1.29674e-13
10920 3
1 -1.59872e-14
2 1.33227e-14
3 1.38556e-13
10922 3
1 -6.21725e-15
2 7.10543e-15
3 1.56319e-13
10924 3
1 -9.32587e-15
2 4.52971e-14
3 1.61648e-13
10926 3
1 -1.95399e-14
2 1.77636e-14
3 1.56319e-13
10928 3
1 -1.42109e-14
2 4.52971e-14
3 1.61648e-13
10930 3
1 -3.66374e-14
2 4.17444e-14
3 1.36779e-13
10932 3
1 1.19904e-14
2 -8.88178e-15
3 1.47438e-13
10934 3
1 6.21725e-15
2 1.95399e-14
3 1.5099e-13
10936 3
1 1.55431e-14
2 3.64153e-14
3 1.61648e-13
10938 3
1 9.54792e-15
2 2.30926e-14
3 1.88294e-13
10940 3
1 7.99361e-15
2 1.77636e-14
3 1.66978e-13
10942 3
1 1.13243e-14
2 1.5099e-14
3 1.54543e-13
10944 3
1 3.55271e-15
2 2.66454e-15
3 1.65201e-13
10946 3
1 2.06501e-14
2 2.22045e-14
3 1.52767e-13
10948 3
1 -4.88498e-15
2 1.77636e-14
3 1.61648e-13
10950 3
1 2.75335e-14
2 2.4869e-14
3 1.61648e-13
10952 3
1 -8.88178e-16
2 1.5099e-14
3 1.61648e-13
10954 3
1 -4.66294e-15
2 2.66454e-15
3 1.7053e-13
10956 3
1 -1.26565e-14
2 7.10543e-15
3 1.54543e-13
10958 3
1 3.10862e-15
2 -1.42109e-14
3 1.58096e-13
10960 3
1 8.88178e-16
2 5.32907e-15
3 1.52767e-13
10962 3
1 7.10543e-15
2 7.99361e-15
3 1.52767e-13
10964 3
1 -1.55431e-15
2 4.35207e-14
3 1.59872e-13
10966 3
1 8.88178e-16
2 1.5099e-14
3 1.59872e-13
10968 3
1 -1.93179e-14
2 1.86517e-14
3 1.56319e-13
10970 3
1 0
2 2.22045e-14
3 1.58096e-13
10972 3
1 3.55271e-15
2 2.39808e-14
3 1.40332e-13
10974 3
1 4.88498e-15
2 3.19744e-14
3 1.59872e-13
10976 3
1 -6.21725e-15
2 2.4869e-14
3 1.86517e-13
10978 3
1 9.32587e-15
2 3.10862e-14
3 1.43885e-13
10980 3
1 -2.26485e-14
2 -3.55271e-15
3 1.29674e-13
10982 3
1 -1.42109e-14
2 4.52971e-14
3 1.56319e-13
10984 3
1 -3.10862e-15
2 1.24345e-14
3 1.56319e-13
10986 3
1 -4.88498e-15
2 5.32907e-15
3 1.58096e-13
10988 3
1 -4.21885e-15
2 1.77636e-15
3 1.61648e-13
10990 3
1 -2.4869e-14
2 3.28626e-14
3 1.54543e-13
10992 3
1 2.66454e-15
2 2.39808e-14
3 1.49214e-13
10994 3
1 -1.5099e-14
2 2.04281e-14
3 1.77636e-13
10996 3
1 -1.64313e-14
2 4.52971e-14
3 1.38556e-13
10998 3
1 -1.06581e-14
2 6.21725e-15
3 1.61648e-13
11000 3
1 1.73195e-14
2 1.06581e-14
3 1.52767e-13
11002 3
1 1.42109e-14
2 2.93099e-14
3 1.74083e-13
11004 3
1 -8.88178e-16
2 1.86517e-14
3 1.75859e-13
11006 3
1 -1.06581e-14
2 1.33227e-14
3 1.82965e-13
11008 3
1 8.88178e-15
2 1.59872e-14
3 1.72307e-13
11010 3
1 -8.88178e-16
2 4.9738e-14
3 1.77636e-13
11012 3
1 -1.22125e-14
2 1.95399e-14
3 1.81188e-13
11014 3
1 3.5083e-14
2 2.30926e-14
3 1.86517e-13
11016 3
1 9.32587e-15
2 3.28626e-14
3 1.75859e-13
11018 3
1 6.21725e-15
2 5.32907e-15
3 1.65201e-13
11020 3
1 1.5099e-14
2 -4.44089e-15
3 1.74083e-13
11022 3
1 6.66134e-15
2 1.95399e-14
3 1.58096e-13
11024 3
1 -2.39808e-14
2 8.88178e-15
3 2.07834e-13
11026 3
1 -1.46549e-14
2 -5.32907e-15
3 1.59872e-13
11028 3
1 -3.59712e-14
2 6.21725e-15
3 1.58096e-13
11030 3
1 5.77316e-15
2 5.32907e-15
3 1.63425e-13
11032 3
1 1.46549e-14
2 2.22045e-14
3 1.68754e-13
11034 3
1 3.10862e-14
2 8.88178e-16
3 1.7053e-13
11036 3
1 -5.9952e-15
2 -8.88178e-15
3 1.45661e-13
11038 3
1 5.10703e-15
2 1.68754e-14
3 1.63425e-13
11040 3
1 -1.77636e-15
2 1.77636e-14
3 1.54543e-13
11042 3
1 1.42109e-14
2 3.4639e-14
3 2.07834e-13
11044 3
1 8.88178e-15
2 7.99361e-15
3 1.56319e-13
11046 3
1 -2.22045e-14
2 5.32907e-15
3 1.82965e-13
11048 3
1 -4.44089e-16
2 1.95399e-14
3 1.56319e-13
11050 3
1 2.28706e-14
2 2.66454e-15
3 1.82965e-13
11052 3
1 2.5091e-14
2 1.95399e-14
3 1.82965e-13
11054 3
1 -9.10383e-15
2 3.10862e-14
3 1.45661e-13
11056 3
1 -2.19824e-14
2 5.50671e-14
3 1.49214e-13
11058 3
1 -5.9952e-15
2 -7.99361e-15
3 1.68754e-13
11060 3
1 -1.22125e-14
2 3.37508e-14
3 1.82965e-13
11062 3
1 -4.88498e-15
2 1.15463e-14
3 1.74083e-13
11064 3
1 -1.44329e-14
2 2.13163e-14
3 1.52767e-13
11066 3
1 -7.99361e-15
2 2.22045e-14
3 1.52767e-13
11068 3
1 1.37668e-14
2 2.57572e-14
3 1.68754e-13
11070 3
1 -1.64313e-14
2 2.84217e-14
3 1.54543e-13
11072 3
1 -2.26485e-14
2 5.06262e-14
3 1.79412e-13
11074 3
1 -2.02061e-14
2 1.95399e-14
3 1.65201e-13
11076 3
1 -1.24345e-14
2 2.17604e-14
3 1.97176e-13
11078 3
1 -3.55271e-15
2 2.39808e-14
3 1.63425e-13
11080 3
1 -1.15463e-14
2 4.88498e-14
3 1.77636e-13
11082 3
1 1.77636e-15
2 5.06262e-14
3 1.86517e-13
11084 3
1 -2.88658e-15
2 5.68434e-14
3 2.06057e-13
11086 3
1 -1.46549e-14
2 3.28626e-14
3 2.18492e-13
11088 3
1 8.88178e-15
2 4.13003e-14
3 1.74083e-13
11090 3
1 -1.5099e-14
2 5.59552e-14
3 1.43885e-13
11092 3
1 -9.32587e-15
2 3.90799e-14
3 1.68754e-13
11094 3
1 -1.35447e-14
2 4.52971e-14
3 1.77636e-13
11096 3
1 -1.73195e-14
2 5.59552e-14
3 1.86517e-13
11098 3
1 -7.54952e-15
2 4.61853e-14
3 1.88294e-13
11100 3
1 -5.77316e-15
2 4.44089e-14
3 1.74083e-13
11102 3
1 -2.13163e-14
2 2.57572e-14
3 1.56319e-13
11104 3
1 -2.84217e-14
2 1.06581e-14
3 1.91847e-13
11106 3
1 -3.95239e-14
2 1.59872e-14
3 1.54543e-13
11108 3
1 -2.64233e-14
2 4.21885e-14
3 1.65201e-13
11110 3
1 -5.32907e-15
2 2.04281e-14
3 1.7053e-13
11112 3
1 -1.55431e-14
2 2.39808e-14
3 1.63425e-13
11114 3
1 -1.86517e-14
2 1.11022e-14
3 1.9007e-13
11116 3
1 -4.21885e-14
2 7.06102e-14
3 1.79412e-13
11118 3
1 -6.66134e-15
2 3.73035e-14
3 1.81188e-13
11120 3
1 -6.88338e-15
2 3.95239e-14
3 1.81188e-13
11122 3
1 -2.88658e-14
2 2.57572e-14
3 1.61648e-13
11124 3
1 -2.62013e-14
2 1.24345e-14
3 1.58096e-13
11126 3
1 -2.08722e-14
2 1.9984e-14
3 1.61648e-13
11128 3
1 -2.88658e-14
2 1.77636e-14
3 1.86517e-13
11130 3
1 -3.28626e-14
2 1.19904e-14
3 1.61648e-13
11132 3
1 -1.86517e-14
2 1.95399e-14
3 1.81188e-13
11134 3
1 -1.33227e-14
2 7.99361e-15
3 1.82965e-13
11136 3
1 -4.88498e-15
2 2.93099e-14
3 1.9007e-13
11138 3
1 -1.55431e-14
2 2.13163e-14
3 1.7053e-13
11140 3
1 -2.22045e-14
2 3.55271e-14
3 2.06057e-13
11142 3
1 -2.9976e-14
2 2.26485e-14
3 1.82965e-13
11144 3
1 -4.77396e-14
2 3.37508e-14
3 1.81188e-13
11146 3
1 -4.88498e-14
2 3.64153e-14
3 1.7053e-13
11148 3
1 -2.79776e-14
2 4.44089e-14
3 1.93623e-13
11150 3
1 -1.95399e-14
2 1.95399e-14
3 1.82965e-13
11152 3
1 -3.79696e-14
2 6.12843e-14
3 1.58096e-13
11154 3
1 -3.06422e-14
2 5.06262e-14
3 1.82965e-13
11156 3
1 -3.64153e-14
2 3.64153e-14
3 1.88294e-13
11158 3
1 -8.88178e-15
2 5.50671e-14
3 1.91847e-13
11160 3
1 -2.39808e-14
2 5.86198e-14
3 1.91847e-13
11162 3
1 -2.9754e-14
2 2.57572e-14
3 1.66978e-13
11164 3
1 -2.66454e-14
2 4.92939e-14
3 1.81188e-13
11166 3
1 -2.13163e-14
2 5.15143e-14
3 2.04281e-13
11168 3
1 -1.02141e-14
2 5.50671e-14
3 2.06057e-13
11170 3
1 -2.39808e-14
2 4.44089e-14
3 1.81188e-13
11172 3
1 -1.68754e-14
2 3.28626e-14
3 1.93623e-13
11174 3
1 -1.68754e-14
2 3.55271e-14
3 2.02505e-13
11176 3
1 -1.59872e-14
2 2.39808e-14
3 1.82965e-13
11178 3
1 -2.4869e-14
2 4.88498e-14
3 1.68754e-13
11180 3
1 7.10543e-15
2 6.12843e-14
3 1.77636e-13
11182 3
1 -1.64313e-14
2 4.39648e-14
3 1.95399e-13
11184 3
1 7.54952e-15
2 5.37348e-14
3 1.74083e-13
11186 3
1 -1.86517e-14
2 4.30767e-14
3 1.84741e-13
11188 3
1 -8.88178e-15
2 3.55271e-14
3 1.95399e-13
11190 3
1 -2.66454e-15
2 4.52971e-14
3 1.91847e-13
11192 3
1 -4.44089e-16
2 5.24025e-14
3 1.84741e-13
11194 3
1 -4.44089e-15
2 4.17444e-14
3 2.0961e-13
11196 3
1 -4.44089e-15
2 4.30767e-14
3 1.9007e-13
11198 3
1 4.44089e-16
2 3.5083e-14
3 1.84741e-13
11200 3
1 -4.44089e-16
2 4.88498e-14
3 2.0961e-13
11202 3
1 -2.35367e-14
2 2.30926e-14
3 1.81188e-13
11204 3
1 -2.75335e-14
2 2.22045e-14
3 2.14939e-13
11206 3
1 -2.4869e-14
2 5.06262e-14
3 2.04281e-13
11208 3
1 0
2 4.39648e-14
3 1.74083e-13
11210 3
1 -1.82077e-14
2 4.08562e-14
3 1.84741e-13
11212 3
1 1.06581e-14
2 2.88658e-14
3 1.79412e-13
11214 3
1 -2.35367e-14
2 6.03961e-14
3 1.75859e-13
11216 3
1 -3.4639e-14
2 4.79616e-14
3 1.77636e-13
11218 3
1 -2.62013e-14
2 2.30926e-14
3 1.72307e-13
11220 3
1 -1.64313e-14
2 2.88658e-14
3 1.63425e-13
11222 3
1 -3.81917e-14
2 1.86517e-14
3 1.95399e-13
11224 3
1 -3.24185e-14
2 4.35207e-14
3 1.82965e-13
11226 3
1 -3.24185e-14
2 5.06262e-14
3 1.95399e-13
11228 3
1 -2.08722e-14
2 1.77636e-15
3 1.81188e-13
11230 3
1 -3.37508e-14
2 3.55271e-14
3 1.82965e-13
11232 3
1 -3.4639e-14
2 5.32907e-14
3 1.7053e-13
11234 3
1 -3.4639e-14
2 3.41949e-14
3 1.84741e-13
11236 3
1 -4.79616e-14
2 3.10862e-14
3 1.66978e-13
11238 3
1 -5.32907e-15
2 3.59712e-14
3 1.58096e-13
11240 3
1 -1.86517e-14
2 3.4639e-14
3 1.9007e-13
11242 3
1 -4.04121e-14
2 3.33067e-14
3 1.84741e-13
11244 3
1 -2.08722e-14
2 4.70735e-14
3 1.97176e-13
11246 3
1 -2.30926e-14
2 3.95239e-14
3 2.04281e-13
11248 3
1 -1.77636e-14
2 6.30607e-14
3 1.81188e-13
11250 3
1 -3.59712e-14
2 5.28466e-14
3 1.91847e-13
11252 3
1 -4.04121e-14
2 3.41949e-14
3 1.63425e-13
11254 3
1 -4.70735e-14
2 7.32747e-14
3 1.63425e-13
11256 3
1 -5.72875e-14
2 7.23865e-14
3 1.88294e-13
11258 3
1 -4.35207e-14
2 5.06262e-14
3 1.98952e-13
11260 3
1 -2.04281e-14
2 4.61853e-14
3 2.06057e-13
11262 3
1 -2.88658e-14
2 5.86198e-14
3 1.91847e-13
11264 3
1 -4.75175e-14
2 5.59552e-14
3 1.79412e-13
11266 3
1 -5.63993e-14
2 6.43929e-14
3 2.23821e-13
11268 3
1 -5.32907e-14
2 7.06102e-14
3 1.93623e-13
11270 3
1 -3.77476e-14
2 8.03801e-14
3 1.68754e-13
11272 3
1 -5.63993e-14
2 9.23706e-14
3 2.00728e-13
11274 3
1 -5.68434e-14
2 6.57252e-14
3 1.68754e-13
11276 3
1 -5.28466e-14
2 4.70735e-14
3 1.82965e-13
11278 3
1 -5.77316e-14
2 4.26326e-14
3 1.95399e-13
11280 3
1 -6.88338e-14
2 9.81437e-14
3 2.04281e-13
11282 3
1 -7.81597e-14
2 4.79616e-14
3 2.02505e-13
11284 3
1 -8.26006e-14
2 7.28306e-14
3 1.86517e-13
11286 3
1 -7.68274e-14
2 6.12843e-14
3 2.11386e-13
11288 3
1 -5.50671e-14
2 5.37348e-14
3 1.98952e-13
11290 3
1 -6.35048e-14
2 7.23865e-14
3 1.95399e-13
11292 3
1 -6.17284e-14
2 6.12843e-14
3 2.04281e-13
11294 3
1 -5.72875e-14
2 5.06262e-14
3 2.11386e-13
11296 3
1 -6.52811e-14
2 5.37348e-14
3 2.02505e-13
11298 3
1 -5.50671e-14
2 5.01821e-14
3 1.93623e-13
11300 3
1 -8.12683e-14
2 5.10703e-14
3 1.84741e-13
11302 3
1 -3.9968e-14
2 5.06262e-14
3 1.91847e-13
11304 3
1 -5.06262e-14
2 9.32587e-14
3 2.20268e-13
11306 3
1 -5.50671e-14
2 3.01981e-14
3 1.95399e-13
11308 3
1 -5.55112e-14
2 2.75335e-14
3 2.14939e-13
11310 3
1 -5.9508e-14
2 5.32907e-14
3 2.06057e-13
11312 3
1 -6.12843e-14
2 6.9722e-14
3 2.18492e-13
11314 3
1 -6.61693e-14
2 4.92939e-14
3 1.91847e-13
11316 3
1 -4.79616e-14
2 5.72875e-14
3 2.02505e-13
11318 3
1 -3.15303e-14
2 3.59712e-14
3 2.23821e-13
11320 3
1 -3.55271e-14
2 3.90799e-14
3 1.84741e-13
11322 3
1 -2.62013e-14
2 6.17284e-14
3 2.27374e-13
11324 3
1 -3.33067e-14
2 3.4639e-14
3 2.39808e-13
11326 3
1 -3.06422e-14
2 2.75335e-14
3 2.13163e-13
11328 3
1 -3.10862e-14
2 2.79776e-14
3 2.18492e-13
11330 3
1 -3.33067e-14
2 2.57572e-14
3 2.23821e-13
11332 3
1 -3.55271e-14
2 2.39808e-14
3 2.20268e-13
11334 3
1 -5.68434e-14
2 4.9738e-14
3 2.16716e-13
11336 3
1 -3.90799e-14
2 2.17604e-14
3 2.11386e-13
11338 3
1 -5.57332e-14
2 3.9968e-14
3 2.38032e-13
11340 3
1 -4.01901e-14
2 4.75175e-14
3 1.98952e-13
11342 3
1 -3.70814e-14
2 4.57412e-14
3 2.32703e-13
11344 3
1 -3.01981e-14
2 3.4639e-14
3 2.39808e-13
11346 3
1 -4.10783e-14
2 2.75335e-14
3 2.36255e-13
11348 3
1 -4.50751e-14
2 2.57572e-14
3 2.41585e-13
11350 3
1 -3.19744e-14
2 3.9968e-14
3 2.62901e-13
11352 3
1 -4.35207e-14
2 1.9984e-14
3 2.41585e-13
11354 3
1 -4.75175e-14
2 3.5083e-14
3 2.52243e-13
11356 3
1 -4.44089e-14
2 3.90799e-14
3 2.23821e-13
11358 3
1 -3.06422e-14
2 4.30767e-14
3 2.32703e-13
11360 3
1 -6.17284e-14
2 4.57412e-14
3 2.32703e-13
11362 3
1 -3.24185e-14
2 3.19744e-14
3 2.4869e-13
11364 3
1 -4.39648e-14
2 4.66294e-14
3 2.41585e-13
11366 3
1 -5.59552e-14
2 5.4623e-14
3 2.39808e-13
11368 3
1 -3.41949e-14
2 2.57572e-14
3 2.30926e-13
11370 3
1 -1.77636e-14
2 4.70735e-14
3 2.66454e-13
11372 3
1 -3.73035e-14
2 3.10862e-14
3 2.50466e-13
11374 3
1 -4.92939e-14
2 4.4853e-14
3 2.0961e-13
11376 3
1 -5.37348e-14
2 3.41949e-14
3 2.46914e-13
11378 3
1 -4.06342e-14
2 3.15303e-14
3 2.32703e-13
11380 3
1 -1.37668e-14
2 3.90799e-14
3 2.61124e-13
11382 3
1 -2.17604e-14
2 3.86358e-14
3 2.4869e-13
11384 3
1 -8.88178e-15
2 5.10703e-14
3 2.41585e-13
11386 3
1 -4.70735e-14
2 4.52971e-14
3 2.39808e-13
11388 3
1 -5.92859e-14
2 4.21885e-14
3 2.59348e-13
11390 3
1 -3.64153e-14
2 4.52971e-14
3 2.38032e-13
11392 3
1 -6.21725e-14
2 5.4623e-14
3 2.38032e-13
11394 3
1 -3.41949e-14
2 3.95239e-14
3 2.38032e-13
11396 3
1 -4.92939e-14
2 7.63833e-14
3 2.39808e-13
11398 3
1 -2.62013e-14
2 3.73035e-14
3 2.57572e-13
11400 3
1 -4.13003e-14
2 5.39568e-14
3 2.32703e-13
11402 3
1 -4.61853e-14
2 5.4845e-14
3 2.52243e-13
11404 3
1 -4.61853e-14
2 3.68594e-14
3 1.77636e-13
11406 3
1 -3.15303e-14
2 4.9738e-14
3 2.23821e-13
11408 3
1 -3.4639e-14
2 7.01661e-14
3 2.4869e-13
11410 3
1 -3.33067e-14
2 5.86198e-14
3 2.32703e-13
11412 3
1 -3.28626e-14
2 5.9952e-14
3 2.30926e-13
11414 3
1 -2.57572e-14
2 3.5083e-14
3 2.55795e-13
11416 3
1 -2.75335e-14
2 2.93099e-14
3 2.39808e-13
11418 3
1 -1.9984e-14
2 3.90799e-14
3 2.34479e-13
11420 3
1 -3.10862e-14
2 2.88658e-14
3 2.50466e-13
11422 3
1 -3.90799e-14
2 5.68434e-14
3 2.23821e-13
11424 3
1 -4.92939e-14
2 4.61853e-14
3 2.36255e-13
11426 3
1 -5.06262e-14
2 2.57572e-14
3 2.39808e-13
11428 3
1 -2.66454e-14
2 3.59712e-14
3 2.27374e-13
11430 3
1 -2.84217e-14
2 6.61693e-14
3 2.32703e-13
11432 3
1 -4.61853e-14
2 4.08562e-14
3 2.16716e-13
11434 3
1 -4.88498e-14
2 2.84217e-14
3 2.11386e-13
11436 3
1 -3.90799e-14
2 2.53131e-14
3 2.20268e-13
11438 3
1 -3.9968e-14
2 4.75175e-14
3 2.16716e-13
11440 3
1 -2.57572e-14
2 3.5083e-14
3 2.30926e-13
11442 3
1 -1.68754e-14
2 3.81917e-14
3 2.14939e-13
11444 3
1 -3.59712e-14
2 6.75016e-14
3 2.06057e-13
11446 3
1 -4.70735e-14
2 4.57412e-14
3 2.04281e-13
11448 3
1 -1.37668e-14
2 5.32907e-14
3 2.25597e-13
11450 3
1 -2.39808e-14
2 6.52811e-14
3 2.18492e-13
11452 3
1 -2.66454e-14
2 5.90639e-14
3 2.07834e-13
11454 3
1 -3.10862e-15
2 8.08242e-14
3 2.07834e-13
11456 3
1 -8.88178e-15
2 5.72875e-14
3 1.98952e-13
11458 3
1 -2.79776e-14
2 6.12843e-14
3 2.14939e-13
11460 3
1 -2.30926e-14
2 5.81757e-14
3 2.41585e-13
11462 3
1 -3.24185e-14
2 7.06102e-14
3 2.23821e-13
11464 3
1 -2.26485e-14
2 4.39648e-14
3 2.0961e-13
11466 3
1 -1.77636e-14
2 4.92939e-14
3 2.22045e-13
11468 3
1 -2.30926e-14
2 4.79616e-14
3 2.0961e-13
11470 3
1 -3.01981e-14
2 4.13003e-14
3 2.23821e-13
11472 3
1 -1.28786e-14
2 6.57252e-14
3 2.32703e-13
11474 3
1 -8.88178e-15
2 5.68434e-14
3 2.23821e-13
11476 3
1 -2.84217e-14
2 2.9754e-14
3 2.0961e-13
11478 3
1 -2.66454e-14
2 5.06262e-14
3 2.30926e-13
11480 3
1 -1.86517e-14
2 6.30607e-14
3 2.20268e-13
11482 3
1 -2.62013e-14
2 4.75175e-14
3 1.9007e-13
11484 3
1 -1.90958e-14
2 3.33067e-14
3 2.25597e-13
11486 3
1 -2.13163e-14
2 1.28786e-14
3 2.04281e-13
11488 3
1 -4.26326e-14
2 4.92939e-14
3 2.14939e-13
11490 3
1 -3.28626e-14
2 4.61853e-14
3 2.0961e-13
11492 3
1 -2.84217e-14
2 1.64313e-14
3 2.27374e-13
11494 3
1 -3.73035e-14
2 2.53131e-14
3 1.95399e-13
11496 3
1 -1.82077e-14
2 4.41869e-14
3 1.91847e-13
11498 3
1 -6.66134e-15
2 4.28546e-14
3 2.32703e-13
11500 3
1 -2.57572e-14
2 4.61853e-14
3 2.11386e-13
11502 3
1 -1.5099e-14
2 3.81917e-14
3 2.0961e-13
11504 3
1 -1.77636e-14
2 4.70735e-14
3 2.23821e-13
11506 3
1 -3.4639e-14
2 2.95319e-14
3 1.95399e-13
11508 3
1 -2.66454e-14
2 5.41789e-14
3 2.18492e-13
11510 3
1 -2.66454e-14
2 4.10783e-14
3 2.11386e-13
11512 3
1 -3.59712e-14
2 5.32907e-14
3 2.16716e-13
11514 3
1 -8.88178e-15
2 7.08322e-14
3 1.97176e-13
11516 3
1 -2.13163e-14
2 4.55191e-14
3 2.13163e-13
11518 3
1 1.73195e-14
2 3.81917e-14
3 2.25597e-13
11520 3
1 -4.88498e-15
2 1.9984e-14
3 2.02505e-13
11522 3
1 -2.44249e-14
2 4.4853e-14
3 2.23821e-13
11524 3
1 6.21725e-15
2 5.75096e-14
3 2.00728e-13
11526 3
1 -1.11022e-14
2 7.14984e-14
3 2.0961e-13
11528 3
1 -1.77636e-14
2 6.30607e-14
3 1.88294e-13
11530 3
1 -1.68754e-14
2 5.88418e-14
3 2.11386e-13
11532 3
1 -4.44089e-16
2 6.17284e-14
3 2.30926e-13
11534 3
1 -1.86517e-14
2 6.66134e-14
3 2.14939e-13
11536 3
1 -2.13163e-14
2 5.19584e-14
3 2.04281e-13
11538 3
1 -3.4639e-14
2 4.52971e-14
3 2.32703e-13
11540 3
1 -1.77636e-14
2 5.12923e-14
3 2.23821e-13
11542 3
1 -7.99361e-15
2 7.10543e-14
3 2.18492e-13
11544 3
1 -2.08722e-14
2 4.996e-14
3 2.34479e-13
11546 3
1 -2.30926e-14
2 6.12843e-14
3 2.2915e-13
11548 3
1 -1.55431e-14
2 5.37348e-14
3 2.32703e-13
11550 3
1 -1.9984e-14
2 6.4837e-14
3 2.70006e-13
11552 3
1 -1.19904e-14
2 6.88338e-14
3 2.30926e-13
11554 3
1 3.9968e-15
2 3.77476e-14
3 2.2915e-13
11556 3
1 -6.66134e-15
2 5.50671e-14
3 2.16716e-13
11558 3
1 2.53131e-14
2 5.59552e-14
3 2.30926e-13
11560 3
1 -1.33227e-14
2 5.24025e-14
3 2.25597e-13
11562 3
1 -1.46549e-14
2 2.88658e-14
3 2.2915e-13
11564 3
1 1.02141e-14
2 4.13003e-14
3 2.46914e-13
11566 3
1 2.9754e-14
2 3.06422e-14
3 2.11386e-13
11568 3
1 -1.5099e-14
2 4.21885e-14
3 2.07834e-13
11570 3
1 1.11022e-14
2 3.30846e-14
3 2.36255e-13
11572 3
1 1.06581e-14
2 5.37348e-14
3 2.13163e-13
11574 3
1 1.77636e-14
2 3.55271e-14
3 2.46914e-13
11576 3
1 3.55271e-15
2 3.01981e-14
3 2.11386e-13
11578 3
1 -1.11022e-14
2 5.39568e-14
3 2.52243e-13
11580 3
1 -5.32907e-15
2 4.84057e-14
3 2.39808e-13
11582 3
1 1.59872e-14
2 3.77476e-14
3 2.23821e-13
11584 3
1 3.55271e-15
2 9.32587e-15
3 2.30926e-13
11586 3
1 3.10862e-14
2 4.30767e-14
3 2.27374e-13
11588 3
1 -1.77636e-15
2 5.75096e-14
3 2.45137e-13
11590 3
1 1.15463e-14
2 4.44089e-14
3 2.36255e-13
11592 3
1 -6.43929e-15
2 6.26166e-14
3 2.11386e-13
11594 3
1 1.06581e-14
2 5.41789e-14
3 2.23821e-13
11596 3
1 -1.24345e-14
2 4.9738e-14
3 2.32703e-13
11598 3
1 8.43769e-15
2 6.4615e-14
3 2.41585e-13
11600 3
1 -8.88178e-16
2 4.75175e-14
3 2.22045e-13
11602 3
1 -1.77636e-15
2 7.14984e-14
3 2.52243e-13
11604 3
1 -2.04281e-14
2 7.39409e-14
3 2.32703e-13
11606 3
1 1.02141e-14
2 3.95239e-14
3 2.14939e-13
11608 3
1 -2.22045e-14
2 3.64153e-14
3 2.43361e-13
11610 3
1 1.28786e-14
2 1.68754e-14
3 2.06057e-13
11612 3
1 1.77636e-15
2 4.21885e-14
3 2.25597e-13
11614 3
1 -1.68754e-14
2 3.64153e-14
3 2.45137e-13
11616 3
1 -1.68754e-14
2 3.59712e-14
3 2.52243e-13
11618 3
1 -3.55271e-15
2 5.9508e-14
3 2.25597e-13
11620 3
1 2.22045e-15
2 7.63833e-14
3 2.2915e-13
11622 3
1 6.43929e-15
2 3.59712e-14
3 2.16716e-13
11624 3
1 -6.66134e-15
2 5.04041e-14
3 2.55795e-13
11626 3
1 -1.39888e-14
2 5.24025e-14
3 2.30926e-13
11628 3
1 -9.99201e-15
2 4.44089e-14
3 2.18492e-13
11630 3
1 -5.10703e-15
2 5.90639e-14
3 2.16716e-13
11632 3
1 -4.21885e-15
2 3.90799e-14
3 2.4869e-13
11634 3
1 -4.44089e-16
2 8.26006e-14
3 2.59348e-13
11636 3
1 -5.9952e-15
2 3.59712e-14
3 2.54019e-13
11638 3
1 6.66134e-16
2 7.77156e-14
3 2.36255e-13
11640 3
1 -2.42029e-14
2 5.81757e-14
3 2.34479e-13
11642 3
1 -1.73195e-14
2 5.37348e-14
3 2.18492e-13
11644 3
1 -2.88658e-15
2 7.99361e-14
3 2.2915e-13
11646 3
1 -1.42109e-14
2 5.37348e-14
3 2.14939e-13
11648 3
1 -9.76996e-15
2 7.32747e-14
3 2.27374e-13
11650 3
1 -3.39728e-14
2 6.52811e-14
3 2.46914e-13
11652 3
1 -2.35367e-14
2 5.9952e-14
3 2.39808e-13
11654 3
1 -1.90958e-14
2 6.79456e-14
3 2.20268e-13
11656 3
1 -1.64313e-14
2 6.83897e-14
3 2.32703e-13
11658 3
1 -2.26485e-14
2 3.59712e-14
3 2.00728e-13
11660 3
1 -1.31006e-14
2 5.59552e-14
3 2.22045e-13
11662 3
1 -1.02141e-14
2 3.86358e-14
3 2.0961e-13
11664 3
1 -8.88178e-15
2 5.24025e-14
3 2.50466e-13
11666 3
1 -4.88498e-15
2 4.39648e-14
3 2.32703e-13
11668 3
1 -2.66454e-15
2 6.12843e-14
3 2.16716e-13
11670 3
1 -7.10543e-15
2 6.03961e-14
3 2.41585e-13
11672 3
1 3.55271e-15
2 5.72875e-14
3 2.27374e-13
11674 3
1 3.55271e-15
2 3.33067e-14
3 1.88294e-13
11676 3
1 -2.66454e-14
2 8.17124e-14
3 2.36255e-13
11678 3
1 -2.42029e-14
2 5.24025e-14
3 2.30926e-13
11680 3
1 8.43769e-15
2 5.4623e-14
3 2.32703e-13
11682 3
1 1.59872e-14
2 4.79616e-14
3 2.14939e-13
11684 3
1 -1.86517e-14
2 3.28626e-14
3 2.23821e-13
11686 3
1 1.24345e-14
2 1.24345e-14
3 2.18492e-13
11688 3
1 -2.66454e-15
2 5.37348e-14
3 2.0961e-13
11690 3
1 -1.02141e-14
2 5.06262e-14
3 2.34479e-13
11692 3
1 1.77636e-15
2 2.9754e-14
3 2.43361e-13
11694 3
1 -2.39808e-14
2 3.28626e-14
3 2.20268e-13
11696 3
1 3.9968e-15
2 3.55271e-14
3 2.13163e-13
11698 3
1 -4.21885e-14
2 5.63993e-14
3 2.16716e-13
11700 3
1 -3.41949e-14
2 4.13003e-14
3 2.27374e-13
11702 3
1 -1.90958e-14
2 2.75335e-14
3 2.34479e-13
11704 3
1 -2.9754e-14
2 3.19744e-14
3 2.02505e-13
11706 3
1 -1.19904e-14
2 2.4869e-14
3 2.18492e-13
11708 3
1 -3.33067e-14
2 3.4639e-14
3 2.23821e-13
11710 3
1 -2.62013e-14
2 3.19744e-14
3 2.13163e-13
11712 3
1 -1.59872e-14
2 1.82077e-14
3 2.06057e-13
11714 3
1 7.99361e-15
2 4.52971e-14
3 2.23821e-13
11716 3
1 -2.17604e-14
2 6.75016e-14
3 2.30926e-13
11718 3
1 -2.84217e-14
2 5.59552e-14
3 2.2915e-13
11720 3
1 -2.08722e-14
2 6.43929e-14
3 2.22045e-13
11722 3
1 -3.06422e-14
2 4.44089e-14
3 2.06057e-13
11724 3
1 -2.70894e-14
2 4.17444e-14
3 2.02505e-13
11726 3
1 -2.4869e-14
2 5.68434e-14
3 2.22045e-13
11728 3
1 -2.08722e-14
2 1.15463e-14
3 2.27374e-13
11730 3
1 -2.88658e-14
2 4.75175e-14
3 2.16716e-13
11732 3
1 -2.95319e-14
2 4.61853e-14
3 1.95399e-13
11734 3
1 -1.31006e-14
2 3.9968e-14
3 2.00728e-13
11736 3
1 -2.86438e-14
2 5.59552e-14
3 2.22045e-13
11738 3
1 -1.90958e-14
2 2.79776e-14
3 2.06057e-13
11740 3
1 -2.88658e-14
2 1.77636e-14
3 2.20268e-13
11742 3
1 -8.43769e-15
2 3.33067e-14
3 2.45137e-13
11744 3
1 -1.4877e-14
2 3.28626e-14
3 2.04281e-13
11746 3
1 1.77636e-14
2 3.77476e-14
3 1.95399e-13
11748 3
1 -1.22125e-14
2 5.32907e-15
3 1.91847e-13
11750 3
1 -2.22045e-14
2 3.81917e-14
3 2.07834e-13
11752 3
1 3.9968e-15
2 2.62013e-14
3 2.07834e-13
11754 3
1 6.66134e-16
2 2.62013e-14
3 2.27374e-13
11756 3
1 -2.66454e-15
2 1.77636e-15
3 1.75859e-13
11758 3
1 -3.10862e-14
2 3.19744e-14
3 1.86517e-13
11760 3
1 -1.28786e-14
2 2.68674e-14
3 1.93623e-13
11762 3
1 -1.33227e-14
2 3.26406e-14
3 2.11386e-13
11764 3
1 -8.88178e-16
2 4.68514e-14
3 1.9007e-13
11766 3
1 -6.43929e-15
2 4.21885e-15
3 2.34479e-13
11768 3
1 5.32907e-15
2 4.86278e-14
3 1.82965e-13
11770 3
1 1.02141e-14
2 6.43929e-14
3 2.13163e-13
11772 3
1 -5.32907e-15
2 3.01981e-14
3 1.75859e-13
11774 3
1 -7.10543e-15
2 6.26166e-14
3 1.81188e-13
11776 3
1 9.32587e-15
2 6.35048e-14
3 1.79412e-13
11778 3
1 -2.22045e-15
2 2.17604e-14
3 2.00728e-13
11780 3
1 -1.9984e-14
2 6.77236e-14
3 2.07834e-13
11782 3
1 -1.9984e-14
2 5.66214e-14
3 1.95399e-13
11784 3
1 -8.88178e-16
2 3.28626e-14
3 1.91847e-13
11786 3
1 2.35367e-14
2 7.54952e-15
3 2.06057e-13
11788 3
1 -8.88178e-15
2 4.39648e-14
3 1.9007e-13
11790 3
1 -1.02141e-14
2 5.30687e-14
3 1.81188e-13
11792 3
1 7.10543e-15
2 2.55351e-14
3 1.86517e-13
11794 3
1 -3.55271e-15
2 4.19664e-14
3 1.65201e-13
11796 3
1 3.9968e-15
2 9.76996e-15
3 1.81188e-13
11798 3
1 -3.9968e-15
2 1.95399e-14
3 1.81188e-13
11800 3
1 -2.22045e-15
2 4.21885e-14
3 1.9007e-13
11802 3
1 -1.28786e-14
2 2.93099e-14
3 1.81188e-13
11804 3
1 1.15463e-14
2 1.95399e-14
3 1.88294e-13
11806 3
1 1.42109e-14
2 3.37508e-14
3 1.56319e-13
11808 3
1 0
2 3.68594e-14
3 1.66978e-13
11810 3
1 -4.44089e-15
2 3.33067e-14
3 1.56319e-13
11812 3
1 -1.24345e-14
2 3.15303e-14
3 1.74083e-13
11814 3
1 -4.44089e-15
2 1.24345e-14
3 1.81188e-13
11816 3
1 -1.19904e-14
2 2.4869e-14
3 1.81188e-13
11818 3
1 -1.28786e-14
2 2.4869e-14
3 1.82965e-13
11820 3
1 -5.01821e-14
2 1.02141e-14
3 1.85629e-13
11822 3
1 -1.68754e-14
2 4.08562e-14
3 1.91847e-13
11824 3
1 9.32587e-15
2 4.9738e-14
3 1.73195e-13
11826 3
1 -1.15463e-14
2 4.66294e-14
3 2.01617e-13
11828 3
1 -1.33227e-15
2 3.4639e-14
3 1.71418e-13
11830 3
1 -3.01981e-14
2 1.9984e-14
3 1.9984e-13
11832 3
1 -1.9984e-14
2 6.92779e-14
3 2.12275e-13
11834 3
1 -1.64313e-14
2 3.9968e-14
3 1.68754e-13
11836 3
1 -2.13163e-14
2 4.44089e-14
3 1.72307e-13
11838 3
1 -6.66134e-15
2 4.52971e-14
3 1.93623e-13
11840 3
1 -4.04121e-14
2 3.68594e-14
3 1.74083e-13
11842 3
1 -1.37668e-14
2 2.57572e-14
3 1.69642e-13
11844 3
1 -4.26326e-14
2 3.24185e-14
3 1.68754e-13
11846 3
1 -9.32587e-15
2 1.64313e-14
3 2.13163e-13
11848 3
1 -2.62013e-14
2 9.76996e-15
3 1.77636e-13
11850 3
1 -6.21725e-15
2 7.10543e-15
3 1.74083e-13
11852 3
1 -1.42109e-14
2 2.70894e-14
3 1.81188e-13
11854 3
1 -4.44089e-15
2 2.88658e-14
3 1.54543e-13
11856 3
1 -1.42109e-14
2 2.75335e-14
3 1.77636e-13
11858 3
1 -2.66454e-14
2 4.08562e-14
3 1.76748e-13
11860 3
1 -1.46549e-14
2 2.88658e-14
3 1.44773e-13
11862 3
1 -2.26485e-14
2 3.55271e-15
3 1.76748e-13
11864 3
1 -1.68754e-14
2 2.53131e-14
3 1.68754e-13
11866 3
1 -1.11022e-14
2 6.66134e-14
3 1.95399e-13
11868 3
1 -1.73195e-14
2 4.08562e-14
3 1.69642e-13
11870 3
1 -2.57572e-14
2 4.66294e-14
3 2.06946e-13
11872 3
1 -2.53131e-14
2 5.77316e-14
3 2.23821e-13
11874 3
1 -1.33227e-14
2 6.4837e-14
3 2.14939e-13
11876 3
1 -6.66134e-15
2 7.10543e-14
3 1.87406e-13
11878 3
1 -1.28786e-14
2 5.55112e-14
3 1.82965e-13
11880 3
1 -8.88178e-15
2 3.95239e-14
3 2.25597e-13
11882 3
1 -2.75335e-14
2 3.86358e-14
3 2.08722e-13
11884 3
1 -1.33227e-14
2 4.04121e-14
3 2.06057e-13
11886 3
1 -1.24345e-14
2 2.93099e-14
3 1.96287e-13
11888 3
1 -3.55271e-15
2 4.17444e-14
3 1.89182e-13
11890 3
1 -1.06581e-14
2 3.5083e-14
3 2.20268e-13
11892 3
1 4.44089e-16
2 5.24025e-14
3 1.82077e-13
11894 3
1 -1.11022e-14
2 3.10862e-14
3 2.30038e-13
11896 3
1 -1.24345e-14
2 3.95239e-14
3 2.07834e-13
11898 3
1 -2.08722e-14
2 2.13163e-14
3 1.94511e-13
11900 3
1 -8.43769e-15
2 4.70735e-14
3 1.96287e-13
11902 3
1 -2.22045e-14
2 3.06422e-14
3 2.15827e-13
11904 3
1 -4.88498e-15
2 4.44089e-16
3 2.11386e-13
11906 3
1 -1.68754e-14
2 1.5099e-14
3 2.12275e-13
11908 3
1 -2.44249e-14
2 2.79776e-14
3 1.81188e-13
11910 3
1 -3.10862e-14
2 1.24345e-14
3 1.94511e-13
11912 3
1 -3.9968e-15
2 2.30926e-14
3 2.02505e-13
11914 3
1 -2.44249e-14
2 2.84217e-14
3 1.83853e-13
11916 3
1 9.32587e-15
2 1.46549e-14
3 2.06946e-13
11918 3
1 -2.04281e-14
2 1.82077e-14
3 2.0961e-13
11920 3
1 7.99361e-15
2 7.99361e-15
3 2.23821e-13
11922 3
1 -3.9968e-15
2 0
3 2.35367e-13
11924 3
1 -1.33227e-14
2 1.90958e-14
3 2.10498e-13
11926 3
1 -9.32587e-15
2 -3.55271e-15
3 2.18492e-13
11928 3
1 -9.32587e-15
2 2.04281e-14
3 2.2915e-13
11930 3
1 -6.21725e-15
2 9.32587e-15
3 2.26485e-13
11932 3
1 4.88498e-15
2 2.44249e-14
3 2.00728e-13
11934 3
1 3.37508e-14
2 1.19904e-14
3 2.1938e-13
11936 3
1 -3.19744e-14
2 1.24345e-14
3 2.02505e-13
11938 3
1 8.88178e-15
2 1.06581e-14
3 2.24709e-13
11940 3
1 6.66134e-15
2 2.88658e-14
3 2.34479e-13
11942 3
1 -1.02141e-14
2 -8.88178e-16
3 2.23821e-13
11944 3
1 -2.66454e-15
2 1.11022e-14
3 2.28262e-13
11946 3
1 -1.90958e-14
2 1.33227e-15
3 2.06946e-13
11948 3
1 1.42109e-14
2 1.42109e-14
3 1.96287e-13
11950 3
1 -1.95399e-14
2 1.06581e-14
3 2.14939e-13
11952 3
1 1.15463e-14
2 -3.9968e-15
3 2.00728e-13
11954 3
1 -5.32907e-15
2 -8.88178e-15
3 2.05169e-13
11956 3
1 -1.90958e-14
2 -3.10862e-15
3 2.31815e-13
11958 3
1 -7.10543e-15
2 7.99361e-15
3 2.30038e-13
11960 3
1 3.10862e-15
2 4.44089e-16
3 1.91847e-13
11962 3
1 -3.10862e-14
2 8.88178e-16
3 2.02505e-13
11964 3
1 -1.24345e-14
2 -1.11022e-14
3 2.06946e-13
11966 3
1 1.77636e-15
2 3.55271e-15
3 2.06057e-13
11968 3
1 -4.44089e-15
2 -3.9968e-15
3 2.30926e-13
11970 3
1 0
2 -1.33227e-14
3 2.04281e-13
11972 3
1 -4.44089e-16
2 2.08722e-14
3 1.93623e-13
11974 3
1 -1.42109e-14
2 -1.33227e-14
3 1.79412e-13
11976 3
1 9.32587e-15
2 2.22045e-15
3 1.84741e-13
11978 3
1 -6.21725e-15
2 -7.54952e-15
3 1.803e-13
11980 3
1 -2.04281e-14
2 6.21725e-15
3 2.02505e-13
11982 3
1 -1.19904e-14
2 4.44089e-14
3 1.82965e-13
11984 3
1 -1.5099e-14
2 8.43769e-15
3 2.14939e-13
11986 3
1 9.76996e-15
2 2.30926e-14
3 2.11386e-13
11988 3
1 -7.10543e-15
2 2.57572e-14
3 1.75859e-13
11990 3
1 -2.57572e-14
2 4.88498e-15
3 2.13163e-13
11992 3
1 -2.08722e-14
2 7.10543e-15
3 1.86517e-13
11994 3
1 -7.99361e-15
2 2.22045e-14
3 2.23821e-13
11996 3
1 -9.76996e-15
2 1.82077e-14
3 1.98064e-13
11998 3
1 -2.13163e-14
2 4.13003e-14
3 2.00728e-13
12000 3
1 3.10862e-15
2 1.5099e-14
3 2.01617e-13
12002 3
1 -4.04121e-14
2 6.61693e-14
3 1.9007e-13
12004 3
1 -2.4869e-14
2 4.44089e-14
3 1.72307e-13
12006 3
1 -5.77316e-15
2 1.64313e-14
3 1.85629e-13
12008 3
1 -1.24345e-14
2 5.77316e-15
3 1.87406e-13
12010 3
1 6.66134e-15
2 4.17444e-14
3 1.92735e-13
12012 3
1 -2.30926e-14
2 5.15143e-14
3 1.81188e-13
12014 3
1 -2.17604e-14
2 3.59712e-14
3 1.95399e-13
12016 3
1 -6.66134e-15
2 5.19584e-14
3 2.14939e-13
12018 3
1 -4.30767e-14
2 2.44249e-14
3 1.79412e-13
12020 3
1 -3.9968e-15
2 2.39808e-14
3 1.65201e-13
12022 3
1 -2.35367e-14
2 1.86517e-14
3 1.98064e-13
12024 3
1 -1.82077e-14
2 3.4639e-14
3 2.33591e-13
12026 3
1 -7.54952e-15
2 3.24185e-14
3 1.85629e-13
12028 3
1 -8.43769e-15
2 4.17444e-14
3 1.7053e-13
12030 3
1 -1.68754e-14
2 2.66454e-14
3 2.13163e-13
12032 3
1 -3.55271e-15
2 3.15303e-14
3 1.86517e-13
12034 3
1 -2.9754e-14
2 3.10862e-14
3 1.83853e-13
12036 3
1 -8.43769e-15
2 3.73035e-14
3 1.97176e-13
12038 3
1 -4.44089e-16
2 4.70735e-14
3 1.89182e-13
12040 3
1 7.54952e-15
2 5.55112e-14
3 2.06057e-13
12042 3
1 -8.88178e-16
2 1.19904e-14
3 1.98064e-13
12044 3
1 1.77636e-15
2 3.33067e-14
3 1.86517e-13
12046 3
1 -2.88658e-14
2 3.10862e-14
3 1.87406e-13
12048 3
1 -1.06581e-14
2 2.84217e-14
3 1.75859e-13
12050 3
1 -9.32587e-15
2 2.53131e-14
3 2.13163e-13
12052 3
1 -2.39808e-14
2 4.35207e-14
3 2.06946e-13
12054 3
1 -1.28786e-14
2 2.66454e-14
3 2.00728e-13
12056 3
1 -2.30926e-14
2 5.4623e-14
3 2.00728e-13
12058 3
1 1.37668e-14
2 4.75175e-14
3 2.17604e-13
12060 3
1 -7.10543e-15
2 3.55271e-14
3 1.81188e-13
12062 3
1 -1.82077e-14
2 4.04121e-14
3 1.90958e-13
12064 3
1 -3.10862e-14
2 2.88658e-14
3 1.89182e-13
12066 3
1 -9.32587e-15
2 3.68594e-14
3 1.96287e-13
12068 3
1 -1.02141e-14
2 4.61853e-14
3 2.05169e-13
12070 3
1 -3.55271e-14
2 2.26485e-14
3 1.74083e-13
12072 3
1 -2.35367e-14
2 5.32907e-14
3 1.97176e-13
12074 3
1 -2.26485e-14
2 5.68434e-14
3 1.72307e-13
12076 3
1 -1.77636e-15
2 4.30767e-14
3 1.72307e-13
12078 3
1 -1.15463e-14
2 2.9754e-14
3 1.75859e-13
12080 3
1 -2.75335e-14
2 4.13003e-14
3 1.74083e-13
12082 3
1 -2.04281e-14
2 4.75175e-14
3 1.56319e-13
12084 3
1 2.66454e-15
2 3.81917e-14
3 1.56319e-13
12086 3
1 1.33227e-15
2 5.41789e-14
3 1.63425e-13
12088 3
1 8.88178e-16
2 3.9968e-14
3 1.61648e-13
12090 3
1 5.77316e-15
2 6.4837e-14
3 1.66978e-13
12092 3
1 -1.33227e-15
2 4.39648e-14
3 1.87406e-13
12094 3
1 -1.15463e-14
2 1.82077e-14
3 1.81188e-13
12096 3
1 -2.04281e-14
2 4.52971e-14
3 1.81188e-13
12098 3
1 -2.15383e-14
2 2.53131e-14
3 1.7053e-13
12100 3
1 -1.15463e-14
2 4.08562e-14
3 1.83853e-13
12102 3
1 1.86517e-14
2 7.10543e-14
3 1.73195e-13
12104 3
1 -1.77636e-15
2 4.44089e-14
3 1.79412e-13
12106 3
1 -1.46549e-14
2 4.70735e-14
3 1.88294e-13
12108 3
1 -1.46549e-14
2 4.39648e-14
3 1.96287e-13
12110 3
1 -2.22045e-15
2 4.04121e-14
3 1.84741e-13
12112 3
1 -5.77316e-15
2 4.61853e-14
3 2.06057e-13
12114 3
1 -7.99361e-15
2 3.64153e-14
3 2.18492e-13
12116 3
1 8.43769e-15
2 1.64313e-14
3 1.84741e-13
12118 3
1 2.66454e-15
2 4.66294e-14
3 1.81188e-13
12120 3
1 5.77316e-15
2 5.55112e-14
3 2.06057e-13
12122 3
1 -1.06581e-14
2 4.84057e-14
3 1.96287e-13
12124 3
1 1.42109e-14
2 3.06422e-14
3 1.72307e-13
12126 3
1 -1.46549e-14
2 3.9968e-14
3 2.14939e-13
12128 3
1 -3.55271e-15
2 4.21885e-14
3 1.79412e-13
12130 3
1 -1.46549e-14
2 4.92939e-14
3 1.66089e-13
12132 3
1 -2.84217e-14
2 2.9754e-14
3 1.96287e-13
12134 3
1 -2.93099e-14
2 8.30447e-14
3 1.96287e-13
12136 3
1 -2.26485e-14
2 4.17444e-14
3 1.93623e-13
12138 3
1 -1.9762e-14
2 3.73035e-14
3 2.03393e-13
12140 3
1 -1.42109e-14
2 6.12843e-14
3 1.95399e-13
12142 3
1 -4.44089e-15
2 4.75175e-14
3 1.89182e-13
12144 3
1 -1.06581e-14
2 2.93099e-14
3 1.66978e-13
12146 3
1 0
2 5.06262e-14
3 1.62537e-13
12148 3
1 -8.43769e-15
2 4.79616e-14
3 2.00728e-13
12150 3
1 -4.88498e-15
2 6.57252e-14
3 1.84741e-13
12152 3
1 -1.77636e-14
2 7.01661e-14
3 1.84741e-13
12154 3
1 -2.79776e-14
2 3.55271e-14
3 2.11386e-13
12156 3
1 -2.75335e-14
2 4.75175e-14
3 2.14939e-13
12158 3
1 -2.53131e-14
2 3.24185e-14
3 1.88294e-13
12160 3
1 3.55271e-15
2 4.39648e-14
3 2.12275e-13
12162 3
1 -4.88498e-15
2 4.84057e-14
3 2.15827e-13
12164 3
1 -1.86517e-14
2 4.4853e-14
3 1.93623e-13
12166 3
1 -2.44249e-15
2 5.72875e-14
3 1.87406e-13
12168 3
1 -2.13163e-14
2 4.39648e-14
3 1.9007e-13
12170 3
1 5.77316e-15
2 1.68754e-14
3 1.86517e-13
12172 3
1 -3.37508e-14
2 7.19425e-14
3 2.06946e-13
12174 3
1 4.21885e-15
2 4.84057e-14
3 1.98064e-13
12176 3
1 -1.73195e-14
2 6.39488e-14
3 1.68754e-13
12178 3
1 -2.15383e-14
2 5.77316e-14
3 1.89182e-13
12180 3
1 -9.32587e-15
2 6.92779e-14
3 1.71418e-13
12182 3
1 -1.06581e-14
2 7.06102e-14
3 1.67866e-13
12184 3
1 -2.04281e-14
2 7.90479e-14
3 1.9007e-13
12186 3
1 -1.19904e-14
2 6.17284e-14
3 1.82077e-13
12188 3
1 -1.06581e-14
2 6.92779e-14
3 2.04281e-13
12190 3
1 -2.22045e-14
2 5.63993e-14
3 1.66089e-13
12192 3
1 -5.28466e-14
2 6.9722e-14
3 1.59872e-13
12194 3
1 -1.73195e-14
2 6.75016e-14
3 1.95399e-13
12196 3
1 -3.19744e-14
2 8.26006e-14
3 1.57208e-13
12198 3
1 -3.33067e-14
2 8.12683e-14
3 1.69642e-13
12200 3
1 -7.10543e-15
2 5.59552e-14
3 1.81188e-13
12202 3
1 -4.57412e-14
2 5.50671e-14
3 1.82077e-13
12204 3
1 -9.32587e-15
2 5.32907e-14
3 1.75859e-13
12206 3
1 -5.10703e-14
2 6.35048e-14
3 1.36779e-13
12208 3
1 -2.04281e-14
2 5.28466e-14
3 1.77636e-13
12210 3
1 -3.19744e-14
2 6.9722e-14
3 1.63425e-13
12212 3
1 -1.95399e-14
2 7.86038e-14
3 2.06057e-13
12214 3
1 -1.55431e-14
2 8.43769e-14
3 1.9007e-13
12216 3
1 -2.04281e-14
2 5.72875e-14
3 1.83853e-13
12218 3
1 -1.19904e-14
2 8.70415e-14
3 1.65201e-13
12220 3
1 -1.46549e-14
2 5.81757e-14
3 1.66089e-13
12222 3
1 1.15463e-14
2 7.50511e-14
3 1.65201e-13
12224 3
1 -7.54952e-15
2 7.19425e-14
3 1.92735e-13
12226 3
1 -2.44249e-14
2 5.10703e-14
3 1.803e-13
12228 3
1 -7.10543e-15
2 5.81757e-14
3 1.75859e-13
12230 3
1 -1.15463e-14
2 4.79616e-14
3 1.5099e-13
12232 3
1 -2.53131e-14
2 5.72875e-14
3 1.90958e-13
12234 3
1 -2.26485e-14
2 5.90639e-14
3 1.71418e-13
12236 3
1 -2.17604e-14
2 7.41629e-14
3 1.77636e-13
12238 3
1 -3.4639e-14
2 3.59712e-14
3 1.58984e-13
12240 3
1 -1.9984e-14
2 5.15143e-14
3 1.77636e-13
12242 3
1 -1.42109e-14
2 7.37188e-14
3 1.42997e-13
12244 3
1 -3.41949e-14
2 6.70575e-14
3 1.36779e-13
12246 3
1 -4.08562e-14
2 6.88338e-14
3 1.75859e-13
12248 3
1 -3.5083e-14
2 4.04121e-14
3 1.77636e-13
12250 3
1 -2.88658e-14
2 6.92779e-14
3 1.58984e-13
12252 3
1 -1.59872e-14
2 8.79297e-14
3 1.75859e-13
12254 3
1 8.88178e-16
2 6.26166e-14
3 1.65201e-13
12256 3
1 -1.73195e-14
2 6.43929e-14
3 1.66978e-13
12258 3
1 -3.9968e-14
2 8.70415e-14
3 1.68754e-13
12260 3
1 -3.77476e-14
2 7.90479e-14
3 1.72307e-13
12262 3
1 -2.57572e-14
2 8.26006e-14
3 1.77636e-13
12264 3
1 -3.81917e-14
2 6.57252e-14
3 1.74971e-13
12266 3
1 -1.02141e-14
2 5.63993e-14
3 1.74083e-13
12268 3
1 -3.73035e-14
2 7.37188e-14
3 1.53655e-13
12270 3
1 -5.77316e-14
2 6.30607e-14
3 1.81188e-13
12272 3
1 -4.04121e-14
2 4.88498e-14
3 1.66089e-13
12274 3
1 -2.13163e-14
2 8.03801e-14
3 1.83853e-13
12276 3
1 -3.86358e-14
2 5.24025e-14
3 1.75859e-13
12278 3
1 -3.15303e-14
2 8.9706e-14
3 1.58984e-13
12280 3
1 -4.26326e-14
2 6.92779e-14
3 1.65201e-13
12282 3
1 -4.08562e-14
2 8.39329e-14
3 1.82077e-13
12284 3
1 -1.90958e-14
2 8.52651e-14
3 2.20268e-13
12286 3
1 -3.15303e-14
2 7.9492e-14
3 1.95399e-13
12288 3
1 -2.22045e-14
2 7.99361e-14
3 1.72307e-13
12290 3
1 -3.15303e-14
2 6.39488e-14
3 1.67866e-13
12292 3
1 -3.59712e-14
2 8.57092e-14
3 1.66089e-13
12294 3
1 -3.77476e-14
2 6.43929e-14
3 1.98064e-13
12296 3
1 -4.04121e-14
2 5.24025e-14
3 1.66978e-13
12298 3
1 -2.57572e-14
2 5.72875e-14
3 1.66089e-13
12300 3
1 -3.24185e-14
2 5.9508e-14
3 1.85629e-13
12302 3
1 -3.41949e-14
2 8.88178e-14
3 1.75859e-13
12304 3
1 -4.13003e-14
2 5.81757e-14
3 1.71418e-13
12306 3
1 -3.33067e-14
2 4.35207e-14
3 1.84741e-13
12308 3
1 -4.61853e-14
2 3.06422e-14
3 1.64313e-13
12310 3
1 -2.62013e-14
2 4.61853e-14
3 1.55431e-13
12312 3
1 -2.13163e-14
2 6.4837e-14
3 1.82965e-13
12314 3
1 -4.04121e-14
2 4.21885e-14
3 1.71418e-13
12316 3
1 -4.08562e-14
2 4.9738e-14
3 1.82077e-13
12318 3
1 -3.64153e-14
2 4.92939e-14
3 1.52767e-13
12320 3
1 -2.9754e-14
2 5.77316e-14
3 1.76748e-13
12322 3
1 -4.13003e-14
2 4.57412e-14
3 1.52767e-13
12324 3
1 -4.08562e-14
2 4.61853e-14
3 1.79412e-13
12326 3
1 -3.24185e-14
2 4.4853e-14
3 1.59872e-13
12328 3
1 -5.19584e-14
2 9.19265e-14
3 1.66978e-13
12330 3
1 -4.04121e-14
2 3.59712e-14
3 1.803e-13
12332 3
1 -6.03961e-14
2 4.52971e-14
3 1.74083e-13
12334 3
1 -4.13003e-14
2 4.61853e-14
3 1.58096e-13
12336 3
1 -4.44089e-14
2 5.77316e-14
3 1.91847e-13
12338 3
1 -5.77316e-14
2 6.30607e-14
3 1.78524e-13
12340 3
1 -5.4623e-14
2 3.64153e-14
3 1.69642e-13
12342 3
1 -6.35048e-14
2 3.77476e-14
3 1.65201e-13
12344 3
1 -5.15143e-14
2 4.26326e-14
3 1.54543e-13
12346 3
1 -6.92779e-14
2 6.52811e-14
3 1.81188e-13
12348 3
1 -5.01821e-14
2 2.70894e-14
3 1.74083e-13
12350 3
1 -4.4853e-14
2 4.75175e-14
3 1.79412e-13
12352 3
1 -4.79616e-14
2 5.37348e-14
3 1.71418e-13
12354 3
1 -6.30607e-14
2 3.68594e-14
3 1.74083e-13
12356 3
1 -4.79616e-14
2 4.35207e-14
3 1.79412e-13
12358 3
1 -6.88338e-14
2 4.17444e-14
3 1.81188e-13
12360 3
1 -7.01661e-14
2 4.4853e-14
3 1.66978e-13
12362 3
1 -5.68434e-14
2 6.08402e-14
3 1.59872e-13
12364 3
1 -6.08402e-14
2 4.52971e-14
3 1.5099e-13
12366 3
1 -5.90639e-14
2 6.39488e-14
3 1.74083e-13
12368 3
1 -7.77156e-14
2 4.30767e-14
3 1.68754e-13
12370 3
1 -4.52971e-14
2 5.41789e-14
3 1.77636e-13
12372 3
1 -6.08402e-14
2 4.79616e-14
3 1.91847e-13
12374 3
1 -5.32907e-14
2 4.70735e-14
3 1.72307e-13
12376 3
1 -5.86198e-14
2 4.75175e-14
3 1.69642e-13
12378 3
1 -5.06262e-14
2 3.41949e-14
3 1.93623e-13
12380 3
1 -5.24025e-14
2 3.81917e-14
3 1.69642e-13
12382 3
1 -3.77476e-14
2 5.32907e-14
3 1.74083e-13
12384 3
1 -6.83897e-14
2 5.10703e-14
3 1.68754e-13
12386 3
1 -6.17284e-14
2 4.08562e-14
3 1.76748e-13
12388 3
1 -6.57252e-14
2 7.72715e-14
3 1.66978e-13
12390 3
1 -6.9722e-14
2 6.83897e-14
3 1.57208e-13
12392 3
1 -6.92779e-14
2 3.9968e-14
3 1.86517e-13
12394 3
1 -4.75175e-14
2 4.88498e-14
3 1.76748e-13
12396 3
1 -5.68434e-14
2 4.75175e-14
3 1.84741e-13
12398 3
1 -5.28466e-14
2 5.55112e-14
3 1.48326e-13
12400 3
1 -4.35207e-14
2 5.01821e-14
3 1.77636e-13
12402 3
1 -6.4837e-14
2 7.28306e-14
3 1.66089e-13
12404 3
1 -5.19584e-14
2 6.30607e-14
3 1.56319e-13
12406 3
1 -7.50511e-14
2 6.39488e-14
3 1.74083e-13
12408 3
1 -5.06262e-14
2 5.10703e-14
3 1.54543e-13
12410 3
1 -8.43769e-14
2 8.30447e-14
3 1.68754e-13
12412 3
1 -6.17284e-14
2 8.21565e-14
3 1.81188e-13
12414 3
1 -6.26166e-14
2 5.24025e-14
3 1.74083e-13
12416 3
1 -3.41949e-14
2 5.01821e-14
3 1.47438e-13
12418 3
1 -6.66134e-14
2 5.9508e-14
3 1.85629e-13
12420 3
1 -7.77156e-14
2 5.30687e-14
3 1.79412e-13
12422 3
1 -4.9738e-14
2 5.24025e-14
3 1.54543e-13
12424 3
1 -5.63993e-14
2 4.81837e-14
3 1.82077e-13
12426 3
1 -7.32747e-14
2 8.32667e-14
3 1.84741e-13
12428 3
1 -5.9508e-14
2 4.79616e-14
3 1.43885e-13
12430 3
1 -5.9952e-14
2 4.4853e-14
3 1.74083e-13
12432 3
1 -6.9722e-14
2 6.61693e-14
3 1.83853e-13
12434 3
1 -6.39488e-14
2 2.55351e-14
3 1.803e-13
12436 3
1 -7.37188e-14
2 8.10463e-14
3 1.65201e-13
12438 3
1 -6.03961e-14
2 5.59552e-14
3 1.52767e-13
12440 3
1 -7.10543e-14
2 4.72955e-14
3 1.68754e-13
12442 3
1 -5.41789e-14
2 5.24025e-14
3 1.63425e-13
12444 3
1 -6.92779e-14
2 6.08402e-14
3 1.7053e-13
12446 3
1 -5.68434e-14
2 5.973e-14
3 1.42997e-13
12448 3
1 -7.86038e-14
2 4.68514e-14
3 1.30562e-13
12450 3
1 -7.10543e-14
2 5.92859e-14
3 1.58096e-13
12452 3
1 -9.05942e-14
2 6.39488e-14
3 1.43885e-13
12454 3
1 -7.01661e-14
2 5.83977e-14
3 1.71418e-13
12456 3
1 -8.03801e-14
2 3.84137e-14
3 1.42109e-13
12458 3
1 -3.37508e-14
2 3.26406e-14
3 1.62537e-13
12460 3
1 -5.86198e-14
2 4.61853e-14
3 1.75859e-13
12462 3
1 -6.9722e-14
2 7.77156e-14
3 1.52767e-13
12464 3
1 -5.37348e-14
2 3.9968e-14
3 1.5099e-13
12466 3
1 -4.57412e-14
2 4.52971e-14
3 1.56319e-13
12468 3
1 -4.66294e-14
2 7.37188e-14
3 1.53655e-13
12470 3
1 -6.39488e-14
2 5.68434e-14
3 1.50102e-13
12472 3
1 -4.19664e-14
2 5.81757e-14
3 1.7053e-13
12474 3
1 -5.21805e-14
2 3.37508e-14
3 1.52767e-13
12476 3
1 -5.88418e-14
2 5.9508e-14
3 1.46549e-13
12478 3
1 -6.39488e-14
2 2.57572e-14
3 1.63425e-13
12480 3
1 -4.21885e-14
2 5.41789e-14
3 1.44773e-13
12482 3
1 -5.01821e-14
2 5.06262e-14
3 1.52767e-13
12484 3
1 -6.52811e-14
2 2.13163e-14
3 1.49214e-13
12486 3
1 -6.19504e-14
2 6.75016e-14
3 1.54543e-13
12488 3
1 -6.75016e-14
2 2.57572e-14
3 1.48326e-13
12490 3
1 -6.06182e-14
2 6.79456e-14
3 1.42997e-13
12492 3
1 -2.13163e-14
2 4.08562e-14
3 1.32339e-13
12494 3
1 -5.72875e-14
2 2.75335e-14
3 1.63425e-13
12496 3
1 -5.75096e-14
2 2.30926e-14
3 1.32339e-13
12498 3
1 -2.73115e-14
2 1.42109e-14
3 1.89182e-13
12500 3
1 -4.26326e-14
2 2.17604e-14
3 1.45661e-13
12502 3
1 -5.86198e-14
2 3.90799e-14
3 1.42109e-13
12504 3
1 -3.37508e-14
2 1.86517e-14
3 1.45661e-13
12506 3
1 -4.30767e-14
2 2.26485e-14
3 1.72307e-13
12508 3
1 -3.04201e-14
2 2.88658e-14
3 1.4122e-13
12510 3
1 -2.30926e-14
2 2.53131e-14
3 1.57208e-13
12512 3
1 -6.39488e-14
2 2.04281e-14
3 1.49214e-13
12514 3
1 -2.57572e-14
2 -3.10862e-15
3 1.52767e-13
12516 3
1 -3.5083e-14
2 2.04281e-14
3 1.34115e-13
12518 3
1 -4.04121e-14
2 3.9968e-14
3 1.59872e-13
12520 3
1 -3.4639e-14
2 2.84217e-14
3 1.66089e-13
12522 3
1 -4.13003e-14
2 4.75175e-14
3 1.50102e-13
12524 3
1 -4.75175e-14
2 5.06262e-14
3 1.65201e-13
12526 3
1 -4.04121e-14
2 3.81917e-14
3 1.9007e-13
12528 3
1 -3.81917e-14
2 2.62013e-14
3 1.78524e-13
12530 3
1 -4.79616e-14
2 2.30926e-14
3 1.58096e-13
12532 3
1 -2.9754e-14
2 4.70735e-14
3 1.63425e-13
12534 3
1 -5.41789e-14
2 5.37348e-14
3 1.83853e-13
12536 3
1 -3.19744e-14
2 1.73195e-14
3 1.55431e-13
12538 3
1 -4.44089e-14
2 3.06422e-14
3 1.59872e-13
12540 3
1 -6.26166e-14
2 5.41789e-14
3 1.82965e-13
12542 3
1 -3.81917e-14
2 4.17444e-14
3 1.74083e-13
12544 3
1 -3.19744e-14
2 1.95399e-14
3 1.51879e-13
12546 3
1 -3.55271e-14
2 3.33067e-14
3 1.63425e-13
12548 3
1 -4.75175e-14
2 3.9968e-14
3 1.52767e-13
12550 3
1 -2.79776e-14
2 2.22045e-14
3 1.72307e-13
12552 3
1 -4.26326e-14
2 1.59872e-14
3 1.65201e-13
12554 3
1 -2.93099e-14
2 2.79776e-14
3 1.72307e-13
12556 3
1 -3.41949e-14
2 1.9984e-14
3 1.82077e-13
12558 3
1 -2.70894e-14
2 8.88178e-16
3 1.74083e-13
12560 3
1 -2.93099e-14
2 2.93099e-14
3 1.7053e-13
12562 3
1 -3.90799e-14
2 2.66454e-14
3 1.45661e-13
12564 3
1 -5.59552e-14
2 4.21885e-14
3 1.39444e-13
12566 3
1 -1.68754e-14
2 5.15143e-14
3 1.44773e-13
12568 3
1 -3.9968e-14
2 3.55271e-15
3 1.34115e-13
12570 3
1 -3.01981e-14
2 2.66454e-14
3 1.64313e-13
12572 3
1 -2.84217e-14
2 2.66454e-14
3 1.61648e-13
12574 3
1 -3.73035e-14
2 4.52971e-14
3 1.52767e-13
12576 3
1 -2.75335e-14
2 1.86517e-14
3 1.56319e-13
12578 3
1 -4.35207e-14
2 1.24345e-14
3 1.9007e-13
12580 3
1 -5.01821e-14
2 4.88498e-15
3 1.88294e-13
12582 3
1 -4.08562e-14
2 9.76996e-15
3 1.71418e-13
12584 3
1 -2.4869e-14
2 4.44089e-16
3 1.66978e-13
12586 3
1 -3.15303e-14
2 1.11022e-14
3 1.72307e-13
12588 3
1 -2.4869e-14
2 1.77636e-14
3 1.803e-13
12590 3
1 -5.50671e-14
2 2.35367e-14
3 1.64313e-13
12592 3
1 -3.9968e-14
2 3.01981e-14
3 1.45661e-13
12594 3
1 -3.73035e-14
2 2.66454e-15
3 1.61648e-13
12596 3
1 -2.4869e-14
2 1.64313e-14
3 1.81188e-13
12598 3
1 -3.4639e-14
2 2.9754e-14
3 1.82077e-13
12600 3
1 -2.75335e-14
2 1.77636e-15
3 1.58984e-13
12602 3
1 -2.4869e-14
2 9.32587e-15
3 1.9007e-13
12604 3
1 -2.75335e-14
2 2.30926e-14
3 1.52767e-13
12606 3
1 -3.10862e-14
2 7.99361e-15
3 1.61648e-13
12608 3
1 -3.01981e-14
2 2.08722e-14
3 1.59872e-13
12610 3
1 -2.84217e-14
2 2.70894e-14
3 1.7053e-13
12612 3
1 -3.01981e-14
2 2.66454e-14
3 1.79412e-13
12614 3
1 -3.73035e-14
2 2.66454e-14
3 1.53655e-13
12616 3
1 -3.64153e-14
2 3.41949e-14
3 1.93623e-13
12618 3
1 -3.55271e-14
2 5.41789e-14
3 1.64313e-13
12620 3
1 -3.37508e-14
2 -5.32907e-15
3 1.65201e-13
12622 3
1 -3.73035e-14
2 2.13163e-14
3 1.50102e-13
12624 3
1 -1.95399e-14
2 1.33227e-14
3 1.59872e-13
12626 3
1 -4.26326e-14
2 3.41949e-14
3 1.88294e-13
12628 3
1 -1.95399e-14
2 -1.5099e-14
3 1.66978e-13
12630 3
1 -3.55271e-14
2 3.9968e-14
3 1.27898e-13
12632 3
1 -2.4869e-14
2 2.84217e-14
3 1.37668e-13
12634 3
1 -3.81917e-14
2 2.79776e-14
3 1.39444e-13
12636 3
1 -1.15463e-14
2 2.84217e-14
3 1.19016e-13
12638 3
1 -3.73035e-14
2 4.61853e-14
3 1.66089e-13
12640 3
1 -2.93099e-14
2 2.30926e-14
3 1.66089e-13
12642 3
1 -5.32907e-15
2 2.17604e-14
3 1.62537e-13
12644 3
1 -1.5099e-14
2 2.22045e-15
3 1.38556e-13
12646 3
1 -1.77636e-14
2 1.06581e-14
3 1.42109e-13
12648 3
1 -2.30926e-14
2 1.02141e-14
3 1.63425e-13
12650 3
1 -8.88178e-16
2 1.9984e-14
3 1.45661e-13
12652 3
1 8.88178e-15
2 9.76996e-15
3 1.48326e-13
12654 3
1 -1.06581e-14
2 -8.88178e-16
3 1.35891e-13
12656 3
1 -1.59872e-14
2 8.43769e-15
3 1.40332e-13
12658 3
1 3.55271e-15
2 2.22045e-15
3 1.58096e-13
12660 3
1 -2.04281e-14
2 3.10862e-15
3 1.5099e-13
12662 3
1 -2.4869e-14
2 -2.13163e-14
3 1.42109e-13
12664 3
1 -1.06581e-14
2 1.73195e-14
3 1.26121e-13
12666 3
1 -3.28626e-14
2 3.86358e-14
3 1.34115e-13
12668 3
1 -2.04281e-14
2 -1.37668e-14
3 1.42109e-13
12670 3
1 -1.86517e-14
2 -4.44089e-16
3 1.72307e-13
12672 3
1 -2.13163e-14
2 -1.06581e-14
3 1.29674e-13
12674 3
1 -3.81917e-14
2 3.10862e-15
3 1.46549e-13
12676 3
1 -1.95399e-14
2 8.88178e-16
3 1.50102e-13
12678 3
1 -9.76996e-15
2 2.04281e-14
3 1.58096e-13
12680 3
1 5.32907e-15
2 -6.66134e-15
3 1.51879e-13
12682 3
1 5.32907e-15
2 1.42109e-14
3 1.38556e-13
12684 3
1 -1.24345e-14
2 -3.9968e-15
3 1.79412e-13
12686 3
1 -2.66454e-14
2 1.59872e-14
3 1.33227e-13
12688 3
1 -8.88178e-15
2 4.44089e-16
3 1.25233e-13
12690 3
1 -2.93099e-14
2 -2.66454e-15
3 1.42109e-13
12692 3
1 -6.21725e-15
2 3.55271e-15
3 1.08358e-13
12694 3
1 -2.66454e-15
2 -1.77636e-15
3 1.35003e-13
12696 3
1 -1.77636e-14
2 2.22045e-14
3 1.24345e-13
12698 3
1 -1.59872e-14
2 -1.33227e-15
3 1.50102e-13
12700 3
1 0
2 2.22045e-15
3 1.16351e-13
12702 3
1 -2.13163e-14
2 -2.66454e-15
3 1.19904e-13
12704 3
1 -7.10543e-15
2 1.68754e-14
3 1.05693e-13
12706 3
1 6.21725e-15
2 2.62013e-14
3 1.34115e-13
12708 3
1 -2.04281e-14
2 4.44089e-14
3 1.35003e-13
12710 3
1 -1.64313e-14
2 -5.32907e-15
3 1.01252e-13
12712 3
1 -2.88658e-14
2 -3.55271e-15
3 1.42109e-13
12714 3
1 -1.15463e-14
2 1.64313e-14
3 1.7053e-13
12716 3
1 -8.88178e-15
2 1.82077e-14
3 1.18128e-13
12718 3
1 -1.24345e-14
2 1.24345e-14
3 1.44773e-13
12720 3
1 -3.01981e-14
2 6.66134e-15
3 1.35003e-13
12722 3
1 -2.13163e-14
2 2.62013e-14
3 1.50102e-13
12724 3
1 -1.68754e-14
2 -2.22045e-15
3 1.50102e-13
12726 3
1 -8.88178e-15
2 1.37668e-14
3 1.25233e-13
12728 3
1 8.88178e-16
2 1.37668e-14
3 1.27898e-13
12730 3
1 -3.64153e-14
2 2.66454e-14
3 1.43885e-13
12732 3
1 -4.44089e-16
2 2.13163e-14
3 1.42109e-13
12734 3
1 -1.59872e-14
2 5.68434e-14
3 1.46549e-13
12736 3
1 -2.26485e-14
2 1.24345e-14
3 1.55431e-13
12738 3
1 1.15463e-14
2 6.21725e-15
3 1.42109e-13
12740 3
1 7.10543e-15
2 1.59872e-14
3 1.56319e-13
12742 3
1 -1.5099e-14
2 8.88178e-15
3 1.4122e-13
12744 3
1 -5.32907e-15
2 1.24345e-14
3 1.52767e-13
12746 3
1 -3.55271e-15
2 1.77636e-15
3 1.66978e-13
12748 3
1 -1.24345e-14
2 5.32907e-15
3 1.79412e-13
12750 3
1 -1.33227e-14
2 1.77636e-15
3 1.5854e-13
12752 3
1 -3.28626e-14
2 4.79616e-14
3 1.66533e-13
12754 3
1 -2.93099e-14
2 3.19744e-14
3 1.44773e-13
12756 3
1 -1.77636e-15
2 1.86517e-14
3 1.73195e-13
12758 3
1 -2.66454e-14
2 -1.77636e-15
3 1.55431e-13
12760 3
1 -1.95399e-14
2 2.84217e-14
3 1.40776e-13
12762 3
1 -1.86517e-14
2 1.77636e-15
3 1.45217e-13
12764 3
1 -4.61853e-14
2 2.66454e-14
3 1.74527e-13
12766 3
1 -2.84217e-14
2 3.19744e-14
3 1.57208e-13
12768 3
1 -2.66454e-14
2 -7.99361e-15
3 1.95399e-13
12770 3
1 -1.77636e-14
2 -1.77636e-15
3 2.10498e-13
12772 3
1 -3.19744e-14
2 -6.21725e-15
3 1.69198e-13
12774 3
1 -3.01981e-14
2 -1.77636e-15
3 1.67422e-13
12776 3
1 -4.35207e-14
2 1.24345e-14
3 1.64757e-13
12778 3
1 -2.66454e-14
2 3.55271e-15
3 1.83853e-13
12780 3
1 -4.61853e-14
2 5.32907e-15
3 1.75859e-13
12782 3
1 -5.32907e-14
2 3.55271e-14
3 1.7053e-13
12784 3
1 -4.44089e-14
2 2.13163e-14
3 1.53211e-13
12786 3
1 -3.64153e-14
2 1.68754e-14
3 1.46105e-13
12788 3
1 -3.90799e-14
2 1.42109e-14
3 1.40332e-13
12790 3
1 -2.22045e-14
2 3.55271e-14
3 1.74971e-13
12792 3
1 -3.81917e-14
2 2.13163e-14
3 1.5099e-13
12794 3
1 -3.4639e-14
2 1.86517e-14
3 1.7053e-13
12796 3
1 -4.61853e-14
2 -1.77636e-15
3 1.66089e-13
12798 3
1 -4.61853e-14
2 1.77636e-15
3 1.40332e-13
12800 3
1 -5.77316e-14
2 1.77636e-14
3 1.62093e-13
12802 3
1 -4.88498e-14
2 5.32907e-15
3 1.44773e-13
12804 3
1 -5.41789e-14
2 1.5099e-14
3 1.5854e-13
12806 3
1 -2.39808e-14
2 1.42109e-14
3 1.45661e-13
12808 3
1 -3.55271e-14
2 -1.77636e-15
3 1.40776e-13
12810 3
1 -6.57252e-14
2 -1.95399e-14
3 1.49214e-13
12812 3
1 -4.9738e-14
2 -2.66454e-15
3 1.44329e-13
12814 3
1 -4.70735e-14
2 -1.59872e-14
3 1.24345e-13
12816 3
1 -4.61853e-14
2 -1.15463e-14
3 1.55875e-13
12818 3
1 -6.57252e-14
2 1.42109e-14
3 1.42109e-13
12820 3
1 -3.9968e-14
2 -1.77636e-14
3 1.53211e-13
12822 3
1 -4.61853e-14
2 -5.32907e-15
3 1.72751e-13
12824 3
1 -3.4639e-14
2 1.06581e-14
3 1.71863e-13
12826 3
1 -4.35207e-14
2 5.32907e-15
3 1.44773e-13
12828 3
1 -3.10862e-14
2 2.84217e-14
3 1.63425e-13
12830 3
1 -3.01981e-14
2 -2.66454e-14
3 1.81188e-13
12832 3
1 -5.86198e-14
2 -8.88178e-15
3 1.76303e-13
12834 3
1 -3.9968e-14
2 -5.32907e-15
3 1.68754e-13
12836 3
1 -4.08562e-14
2 -3.73035e-14
3 1.82965e-13
12838 3
1 -5.06262e-14
2 -3.19744e-14
3 1.30118e-13
12840 3
1 -3.19744e-14
2 -1.95399e-14
3 1.48326e-13
12842 3
1 -4.52971e-14
2 -2.57572e-14
3 1.58984e-13
12844 3
1 -4.44089e-14
2 -1.06581e-14
3 1.81188e-13
12846 3
1 -6.39488e-14
2 -7.10543e-15
3 1.75859e-13
12848 3
1 -1.33227e-14
2 -2.66454e-14
3 1.54099e-13
12850 3
1 -6.03961e-14
2 -2.57572e-14
3 1.67866e-13
12852 3
1 -3.19744e-14
2 -2.66454e-14
3 1.80744e-13
12854 3
1 -4.26326e-14
2 1.77636e-15
3 1.54543e-13
12856 3
1 -6.75016e-14
2 -1.68754e-14
3 1.69198e-13
12858 3
1 -5.32907e-14
2 1.59872e-14
3 1.45217e-13
12860 3
1 -5.50671e-14
2 -7.99361e-15
3 1.83853e-13
12862 3
1 -2.57572e-14
2 1.55431e-14
3 1.67866e-13
12864 3
1 -3.81917e-14
2 8.43769e-15
3 1.73195e-13
12866 3
1 -4.52971e-14
2 -8.43769e-15
3 1.52767e-13
12868 3
1 -4.88498e-14
2 -5.32907e-15
3 1.4122e-13
12870 3
1 -2.93099e-14
2 -7.99361e-15
3 1.76748e-13
12872 3
1 -4.61853e-14
2 -1.06581e-14
3 1.53655e-13
12874 3
1 -9.76996e-15
2 8.88178e-16
3 1.71418e-13
12876 3
1 -5.24025e-14
2 -1.5099e-14
3 1.73195e-13
12878 3
1 -4.44089e-14
2 1.19904e-14
3 1.52767e-13
12880 3
1 -6.03961e-14
2 2.4869e-14
3 1.61648e-13
12882 3
1 -2.22045e-14
2 7.10543e-15
3 1.74083e-13
12884 3
1 -3.01981e-14
2 5.77316e-15
3 1.63425e-13
12886 3
1 -2.4869e-14
2 -9.32587e-15
3 1.48326e-13
12888 3
1 -2.53131e-14
2 9.32587e-15
3 1.82965e-13
12890 3
1 -2.22045e-14
2 6.21725e-15
3 1.54543e-13
12892 3
1 -1.95399e-14
2 3.9968e-15
3 1.46549e-13
12894 3
1 -1.24345e-14
2 -3.10862e-14
3 1.67866e-13
12896 3
1 -3.37508e-14
2 1.82077e-14
3 1.89182e-13
12898 3
1 -3.55271e-14
2 1.19904e-14
3 1.83853e-13
12900 3
1 -2.08722e-14
2 6.66134e-15
3 1.72307e-13
12902 3
1 -3.19744e-14
2 3.5083e-14
3 1.82965e-13
12904 3
1 -3.4639e-14
2 3.68594e-14
3 1.61648e-13
12906 3
1 -4.66294e-14
2 2.93099e-14
3 1.71418e-13
12908 3
1 -3.06422e-14
2 3.59712e-14
3 1.73195e-13
12910 3
1 -2.39808e-14
2 2.30926e-14
3 1.82077e-13
12912 3
1 -1.95399e-14
2 -1.77636e-15
3 1.97176e-13
12914 3
1 -4.08562e-14
2 4.44089e-15
3 1.78524e-13
12916 3
1 -4.17444e-14
2 1.5099e-14
3 1.67866e-13
12918 3
1 -3.28626e-14
2 2.75335e-14
3 1.51879e-13
12920 3
1 -2.75335e-14
2 -8.43769e-15
3 1.58984e-13
12922 3
1 -2.66454e-14
2 -5.32907e-15
3 1.71418e-13
12924 3
1 -2.39808e-14
2 4.44089e-15
3 1.9007e-13
12926 3
1 -3.19744e-14
2 -1.24345e-14
3 1.83853e-13
12928 3
1 -3.81917e-14
2 2.22045e-14
3 1.85629e-13
12930 3
1 -3.55271e-14
2 2.66454e-15
3 1.67866e-13
12932 3
1 -4.9738e-14
2 2.4869e-14
3 1.68754e-13
12934 3
1 -3.19744e-14
2 -3.55271e-15
3 1.66089e-13
12936 3
1 -6.12843e-14
2 1.33227e-14
3 1.6076e-13
12938 3
1 -2.4869e-14
2 3.28626e-14
3 1.74083e-13
12940 3
1 -5.24025e-14
2 2.44249e-14
3 1.66978e-13
12942 3
1 -5.32907e-14
2 -1.06581e-14
3 1.68754e-13
12944 3
1 -4.08562e-14
2 2.66454e-15
3 1.75859e-13
12946 3
1 -3.9968e-14
2 1.11022e-14
3 1.39444e-13
12948 3
1 -4.44089e-14
2 1.77636e-14
3 1.66089e-13
12950 3
1 -4.44089e-14
2 -2.39808e-14
3 1.69198e-13
12952 3
1 -4.35207e-14
2 -3.19744e-14
3 1.72751e-13
12954 3
1 -4.61853e-14
2 2.39808e-14
3 1.43441e-13
12956 3
1 -3.4639e-14
2 -6.88338e-15
3 1.38556e-13
12958 3
1 -5.59552e-14
2 -2.88658e-15
3 1.56319e-13
12960 3
1 -6.03961e-14
2 3.9968e-15
3 1.51879e-13
12962 3
1 -5.68434e-14
2 -1.35447e-14
3 1.59428e-13
12964 3
1 -3.81917e-14
2 2.19824e-14
3 1.64757e-13
12966 3
1 -5.59552e-14
2 2.04281e-14
3 1.54987e-13
12968 3
1 -5.15143e-14
2 3.01981e-14
3 1.82077e-13
12970 3
1 -3.64153e-14
2 5.9952e-15
3 1.64313e-13
12972 3
1 -4.17444e-14
2 1.82077e-14
3 1.62093e-13
12974 3
1 -4.44089e-14
2 1.46549e-14
3 1.7808e-13
12976 3
1 -4.61853e-14
2 -3.9968e-15
3 1.69642e-13
12978 3
1 -5.15143e-14
2 1.42109e-14
3 1.5099e-13
12980 3
1 -4.88498e-14
2 3.9968e-15
3 1.72307e-13
12982 3
1 -4.52971e-14
2 1.02141e-14
3 1.45217e-13
12984 3
1 -2.84217e-14
2 1.26565e-14
3 1.62093e-13
12986 3
1 -4.17444e-14
2 5.9952e-15
3 1.67422e-13
12988 3
1 -3.81917e-14
2 -5.77316e-15
3 1.82965e-13
12990 3
1 -4.70735e-14
2 4.44089e-16
3 1.2701e-13
12992 3
1 -4.52971e-14
2 -9.32587e-15
3 1.40332e-13
12994 3
1 -3.55271e-14
2 -7.54952e-15
3 1.53655e-13
12996 3
1 -3.10862e-14
2 8.88178e-16
3 1.5854e-13
12998 3
1 -4.08562e-14
2 -6.66134e-15
3 1.25677e-13
13000 3
1 -6.57252e-14
2 2.08722e-14
3 1.38556e-13
13002 3
1 -1.77636e-15
2 4.21885e-15
3 1.46105e-13
13004 3
1 -5.32907e-14
2 -3.9968e-15
3 1.14131e-13
13006 3
1 -3.81917e-14
2 1.26565e-14
3 1.44329e-13
13008 3
1 -4.88498e-14
2 6.21725e-15
3 1.56319e-13
13010 3
1 -6.4837e-14
2 2.08722e-14
3 1.52323e-13
13012 3
1 -4.52971e-14
2 1.35447e-14
3 1.32783e-13
13014 3
1 -6.66134e-14
2 1.5099e-14
3 1.24345e-13
13016 3
1 -5.59552e-14
2 2.66454e-15
3 1.56319e-13
13018 3
1 -6.21725e-14
2 2.17604e-14
3 1.50546e-13
13020 3
1 -5.9508e-14
2 -1.77636e-15
3 1.36779e-13
13022 3
1 -6.4837e-14
2 3.77476e-14
3 1.12799e-13
13024 3
1 -5.68434e-14
2 3.55271e-15
3 1.50102e-13
13026 3
1 -5.24025e-14
2 1.02141e-14
3 1.34115e-13
13028 3
1 -6.30607e-14
2 2.06501e-14
3 1.41664e-13
13030 3
1 -5.32907e-14
2 4.21885e-14
3 1.66089e-13
13032 3
1 -5.68434e-14
2 1.73195e-14
3 1.54543e-13
13034 3
1 -7.99361e-14
2 7.10543e-15
3 1.20792e-13
13036 3
1 -5.06262e-14
2 3.5083e-14
3 1.66533e-13
13038 3
1 -6.4837e-14
2 3.75255e-14
3 1.27898e-13
13040 3
1 -5.59552e-14
2 3.06422e-14
3 1.33227e-13
13042 3
1 -4.17444e-14
2 -4.44089e-16
3 1.46105e-13
13044 3
1 -7.54952e-14
2 2.22045e-15
3 1.39888e-13
13046 3
1 -5.86198e-14
2 1.4877e-14
3 1.43441e-13
13048 3
1 -5.59552e-14
2 3.9746e-14
3 1.54099e-13
13050 3
1 -5.41789e-14
2 2.33147e-14
3 1.47438e-13
13052 3
1 -5.32907e-14
2 1.93179e-14
3 1.66978e-13
13054 3
1 -6.12843e-14
2 -8.88178e-15
3 1.57208e-13
13056 3
1 -8.52651e-14
2 1.77636e-14
3 1.49214e-13
13058 3
1 -6.92779e-14
2 -1.13243e-14
3 1.4122e-13
13060 3
1 -7.4607e-14
2 1.59872e-14
3 1.61204e-13
13062 3
1 -7.54952e-14
2 3.9968e-15
3 1.74083e-13
13064 3
1 -8.70415e-14
2 -9.32587e-15
3 1.4877e-13
13066 3
1 -7.4607e-14
2 1.9984e-14
3 1.63869e-13
13068 3
1 -5.86198e-14
2 -3.9968e-15
3 1.53211e-13
13070 3
1 -6.92779e-14
2 8.43769e-15
3 1.31006e-13
13072 3
1 -7.4607e-14
2 5.28466e-14
3 1.48326e-13
13074 3
1 -7.99361e-14
2 4.88498e-14
3 1.65645e-13
13076 3
1 -6.30607e-14
2 1.55431e-14
3 1.6831e-13
13078 3
1 -7.37188e-14
2 1.19904e-14
3 1.38112e-13
13080 3
1 -5.59552e-14
2 3.41949e-14
3 1.36335e-13
13082 3
1 -3.90799e-14
2 1.28786e-14
3 1.40776e-13
13084 3
1 -7.63833e-14
2 8.21565e-15
3 1.4877e-13
13086 3
1 -6.57252e-14
2 1.90958e-14
3 1.44773e-13
13088 3
1 -6.12843e-14
2 -2.44249e-15
3 1.54099e-13
13090 3
1 -5.41789e-14
2 3.44169e-14
3 1.51879e-13
13092 3
1 -4.61853e-14
2 4.81837e-14
3 1.38112e-13
13094 3
1 -8.08242e-14
2 2.17604e-14
3 1.4122e-13
13096 3
1 -2.93099e-14
2 4.55191e-14
3 1.73639e-13
13098 3
1 -5.77316e-14
2 3.19744e-14
3 1.62537e-13
13100 3
1 -4.61853e-14
2 1.06581e-14
3 1.60316e-13
13102 3
1 -5.24025e-14
2 -6.66134e-15
3 1.6831e-13
13104 3
1 -5.24025e-14
2 1.77636e-14
3 1.50102e-13
13106 3
1 -5.06262e-14
2 1.33227e-14
3 1.47438e-13
13108 3
1 -4.79616e-14
2 1.77636e-14
3 1.63869e-13
13110 3
1 -4.88498e-14
2 2.44249e-14
3 1.33671e-13
13112 3
1 -3.37508e-14
2 2.22045e-15
3 1.68754e-13
13114 3
1 -4.79616e-14
2 2.22045e-14
3 1.55431e-13
13116 3
1 -4.88498e-14
2 2.62013e-14
3 1.49214e-13
13118 3
1 -5.41789e-14
2 1.79856e-14
3 1.66978e-13
13120 3
1 -5.9508e-14
2 2.86438e-14
3 1.61204e-13
13122 3
1 -3.9968e-14
2 6.43929e-15
3 1.72307e-13
13124 3
1 -4.52971e-14
2 1.73195e-14
3 1.54543e-13
13126 3
1 -4.44089e-14
2 -2.22045e-15
3 1.71418e-13
13128 3
1 -4.08562e-14
2 2.10942e-14
3 1.66978e-13
13130 3
1 -5.77316e-14
2 1.28786e-14
3 1.37668e-13
13132 3
1 -5.32907e-14
2 1.11022e-14
3 1.58096e-13
13134 3
1 -3.90799e-14
2 1.55431e-15
3 1.52323e-13
13136 3
1 -6.21725e-14
2 -1.55431e-15
3 1.21236e-13
13138 3
1 -3.90799e-14
2 4.88498e-15
3 1.39e-13
13140 3
1 -5.59552e-14
2 3.33067e-15
3 1.46105e-13
13142 3
1 -2.84217e-14
2 1.77636e-14
3 1.74083e-13
13144 3
1 -4.17444e-14
2 2.81997e-14
3 1.4122e-13
13146 3
1 -3.64153e-14
2 2.13163e-14
3 1.25677e-13
13148 3
1 -4.52971e-14
2 1.06581e-14
3 1.57652e-13
13150 3
1 -2.66454e-14
2 1.66533e-14
3 1.45217e-13
13152 3
1 -2.84217e-14
2 1.77636e-15
3 1.4122e-13
13154 3
1 -2.75335e-14
2 -3.10862e-15
3 1.51879e-13
13156 3
1 -3.55271e-14
2 9.54792e-15
3 1.13243e-13
13158 3
1 -2.30926e-14
2 1.77636e-15
3 1.50546e-13
13160 3
1 -5.59552e-14
2 -2.30926e-14
3 1.35891e-13
13162 3
1 -5.06262e-14
2 5.55112e-15
3 1.55431e-13
13164 3
1 -5.32907e-14
2 1.55431e-14
3 1.2168e-13
13166 3
1 -2.93099e-14
2 -1.70974e-14
3 1.15907e-13
13168 3
1 -3.28626e-14
2 5.10703e-15
3 1.39e-13
13170 3
1 -3.4639e-14
2 1.19904e-14
3 1.42109e-13
13172 3
1 -4.17444e-14
2 -1.73195e-14
3 1.54099e-13
13174 3
1 -4.79616e-14
2 3.57492e-14
3 1.30562e-13
13176 3
1 -4.70735e-14
2 1.5099e-14
3 1.3145e-13
13178 3
1 -4.26326e-14
2 1.55431e-14
3 1.23901e-13
13180 3
1 -2.39808e-14
2 2.22045e-15
3 9.68114e-14
13182 3
1 -2.13163e-14
2 -6.66134e-16
3 1.20792e-13
13184 3
1 -3.01981e-14
2 -8.88178e-16
3 1.04805e-13
13186 3
1 -3.9968e-14
2 -1.90958e-14
3 1.1946e-13
13188 3
1 -3.9968e-14
2 1.33227e-14
3 1.10578e-13
13190 3
1 -1.95399e-14
2 -5.77316e-15
3 1.18572e-13
13192 3
1 -1.06581e-14
2 2.22045e-15
3 1.00364e-13
13194 3
1 -2.84217e-14
2 -1.86517e-14
3 1.28786e-13
13196 3
1 -5.41789e-14
2 -5.32907e-15
3 1.43441e-13
13198 3
1 -2.93099e-14
2 -2.75335e-14
3 1.16795e-13
13200 3
1 -2.4869e-14
2 -4.84057e-14
3 1.30562e-13
13202 3
1 -2.75335e-14
2 6.66134e-15
3 1.15463e-13
13204 3
1 -1.68754e-14
2 -7.99361e-15
3 1.42997e-13
13206 3
1 -1.5099e-14
2 -2.70894e-14
3 1.11466e-13
13208 3
1 -3.28626e-14
2 -5.77316e-15
3 1.14131e-13
13210 3
1 -4.17444e-14
2 -1.02141e-14
3 1.06137e-13
13212 3
1 -4.52971e-14
2 7.10543e-15
3 1.13687e-13
13214 3
1 -5.15143e-14
2 -8.43769e-15
3 1.15019e-13
13216 3
1 -3.73035e-14
2 -4.44089e-15
3 1.01696e-13
13218 3
1 -5.24025e-14
2 -1.46549e-14
3 9.9476e-14
13220 3
1 -3.10862e-14
2 1.15463e-14
3 1.08358e-13
13222 3
1 -3.73035e-14
2 1.15463e-14
3 1.14575e-13
13224 3
1 -3.55271e-14
2 -6.66134e-15
3 1.18128e-13
13226 3
1 -2.4869e-14
2 2.30926e-14
3 1.17684e-13
13228 3
1 -3.81917e-14
2 7.54952e-15
3 1.11022e-13
13230 3
1 -3.81917e-14
2 -1.24345e-14
3 1.1191e-13
13232 3
1 -4.70735e-14
2 7.99361e-15
3 1.23901e-13
13234 3
1 -1.77636e-14
2 3.10862e-15
3 1.05249e-13
13236 3
1 -4.17444e-14
2 2.9754e-14
3 1.1946e-13
13238 3
1 -3.37508e-14
2 6.21725e-15
3 8.74856e-14
13240 3
1 -3.64153e-14
2 -6.21725e-15
3 9.01501e-14
13242 3
1 -1.33227e-14
2 3.10862e-15
3 1.10134e-13
13244 3
1 -2.30926e-14
2 1.33227e-15
3 9.9476e-14
13246 3
1 -2.66454e-14
2 -3.9968e-15
3 9.90319e-14
13248 3
1 -2.93099e-14
2 8.88178e-16
3 9.85878e-14
13250 3
1 -1.68754e-14
2 3.55271e-15
3 9.72555e-14
13252 3
1 -3.4639e-14
2 -9.32587e-15
3 1.14575e-13
13254 3
1 -3.81917e-14
2 1.59872e-14
3 1.1191e-13
13256 3
1 -2.75335e-14
2 1.64313e-14
3 1.13687e-13
13258 3
1 -2.57572e-14
2 3.4639e-14
3 8.03801e-14
13260 3
1 -2.13163e-14
2 1.95399e-14
3 1.26121e-13
13262 3
1 -3.01981e-14
2 9.76996e-15
3 1.15019e-13
13264 3
1 -4.26326e-14
2 3.15303e-14
3 1.04361e-13
13266 3
1 -3.55271e-14
2 1.33227e-15
3 1.0969e-13
13268 3
1 -3.19744e-14
2 3.10862e-14
3 9.72555e-14
13270 3
1 -2.39808e-14
2 1.02141e-14
3 1.10578e-13
13272 3
1 -2.75335e-14
2 2.79776e-14
3 1.30118e-13
13274 3
1 -3.19744e-14
2 4.08562e-14
3 1.15463e-13
13276 3
1 -2.39808e-14
2 2.08722e-14
3 9.63674e-14
13278 3
1 -1.33227e-14
2 1.17684e-14
3 9.41469e-14
13280 3
1 -2.57572e-14
2 2.88658e-14
3 1.05693e-13
13282 3
1 -8.88178e-16
2 2.04281e-14
3 8.34888e-14
13284 3
1 -2.66454e-14
2 -1.04361e-14
3 1.16351e-13
13286 3
1 -2.4869e-14
2 -7.99361e-15
3 1.13243e-13
13288 3
1 -2.30926e-14
2 9.10383e-15
3 8.30447e-14
13290 3
1 -2.84217e-14
2 3.44169e-14
3 8.61533e-14
13292 3
1 -4.17444e-14
2 1.33227e-14
3 8.79297e-14
13294 3
1 -2.57572e-14
2 5.04041e-14
3 9.72555e-14
13296 3
1 -4.35207e-14
2 2.26485e-14
3 7.59393e-14
13298 3
1 -3.90799e-14
2 1.73195e-14
3 1.08802e-13
13300 3
1 -5.24025e-14
2 1.55431e-14
3 7.81597e-14
13302 3
1 -4.79616e-14
2 9.76996e-15
3 7.9492e-14
13304 3
1 -4.70735e-14
2 2.4869e-14
3 9.50351e-14
13306 3
1 -5.9508e-14
2 -8.65974e-15
3 8.65974e-14
13308 3
1 -5.06262e-14
2 -5.32907e-15
3 9.59233e-14
13310 3
1 -3.81917e-14
2 3.33067e-15
3 7.37188e-14
13312 3
1 -4.79616e-14
2 -6.21725e-15
3 1.1724e-13
13314 3
1 -4.52971e-14
2 1.94289e-14
3 1.01696e-13
13316 3
1 -4.17444e-14
2 3.60822e-14
3 9.9476e-14
13318 3
1 -3.19744e-14
2 1.37668e-14
3 1.04805e-13
13320 3
1 -5.15143e-14
2 -1.37668e-14
3 9.28146e-14
13322 3
1 -3.55271e-14
2 9.32587e-15
3 9.59233e-14
13324 3
1 -4.35207e-14
2 4.44089e-15
3 6.12843e-14
13326 3
1 -4.08562e-14
2 -9.54792e-15
3 6.35048e-14
13328 3
1 -4.9738e-14
2 -7.99361e-15
3 8.79297e-14
13330 3
1 -4.35207e-14
2 1.77636e-15
3 9.41469e-14
13332 3
1 -4.08562e-14
2 -6.43929e-15
3 1.05693e-13
13334 3
1 -3.01981e-14
2 -1.77636e-15
3 7.72715e-14
13336 3
1 -5.68434e-14
2 4.66294e-15
3 8.65974e-14
13338 3
1 -2.93099e-14
2 -1.04361e-14
3 8.39329e-14
13340 3
1 -3.9968e-14
2 7.54952e-15
3 9.14824e-14
13342 3
1 -5.15143e-14
2 -3.55271e-15
3 7.99361e-14
13344 3
1 -5.59552e-14
2 -2.68674e-14
3 8.70415e-14
13346 3
1 -3.81917e-14
2 2.88658e-15
3 8.83738e-14
13348 3
1 -5.68434e-14
2 -1.56541e-14
3 7.72715e-14
13350 3
1 -6.03961e-14
2 -7.99361e-15
3 7.77156e-14
13352 3
1 -3.90799e-14
2 1.15463e-14
3 6.52811e-14
13354 3
1 -5.15143e-14
2 3.55271e-15
3 8.65974e-14
13356 3
1 -5.59552e-14
2 4.44089e-16
3 7.77156e-14
13358 3
1 -5.41789e-14
2 7.54952e-15
3 8.21565e-14
13360 3
1 -6.4837e-14
2 3.10862e-14
3 7.59393e-14
13362 3
1 -6.4837e-14
2 -1.19904e-14
3 8.52651e-14
13364 3
1 -6.4837e-14
2 1.77636e-15
3 8.21565e-14
13366 3
1 -5.77316e-14
2 7.99361e-15
3 9.54792e-14
13368 3
1 -4.79616e-14
2 3.9968e-15
3 6.08402e-14
13370 3
1 -5.9508e-14
2 1.86517e-14
3 5.86198e-14
13372 3
1 -4.9738e-14
2 -2.44249e-14
3 8.74856e-14
13374 3
1 -5.9508e-14
2 1.37668e-14
3 6.43929e-14
13376 3
1 -5.50671e-14
2 -8.43769e-15
3 7.37188e-14
13378 3
1 -4.70735e-14
2 2.79776e-14
3 8.70415e-14
13380 3
1 -5.41789e-14
2 -1.24345e-14
3 8.88178e-14
13382 3
1 -3.55271e-14
2 -1.37668e-14
3 5.50671e-14
13384 3
1 -3.81917e-14
2 -2.04281e-14
3 7.81597e-14
13386 3
1 -4.70735e-14
2 -9.76996e-15
3 5.32907e-14
13388 3
1 -4.70735e-14
2 7.10543e-15
3 6.43929e-14
13390 3
1 -5.06262e-14
2 6.66134e-15
3 6.26166e-14
13392 3
1 -4.08562e-14
2 1.24345e-14
3 5.63993e-14
13394 3
1 -4.79616e-14
2 1.9984e-15
3 5.77316e-14
13396 3
1 -5.24025e-14
2 1.88738e-14
3 7.37188e-14
13398 3
1 -3.4639e-14
2 -4.88498e-15
3 7.81597e-14
13400 3
1 -5.41789e-14
2 2.10942e-14
3 7.41629e-14
13402 3
1 -3.90799e-14
2 -1.26565e-14
3 5.50671e-14
13404 3
1 -4.08562e-14
2 -1.55431e-15
3 6.92779e-14
13406 3
1 -3.4639e-14
2 -7.99361e-15
3 7.06102e-14
13408 3
1 -2.84217e-14
2 -1.42109e-14
3 6.17284e-14
13410 3
1 -3.73035e-14
2 5.77316e-15
3 3.9968e-14
13412 3
1 -4.26326e-14
2 4.44089e-16
3 5.32907e-14
13414 3
1 -5.68434e-14
2 -1.42109e-14
3 6.9722e-14
13416 3
1 -7.99361e-14
2 -4.44089e-15
3 5.77316e-14
13418 3
1 -7.90479e-14
2 -2.4869e-14
3 5.9508e-14
13420 3
1 -4.08562e-14
2 -5.77316e-15
3 8.70415e-14
13422 3
1 -4.88498e-14
2 1.77636e-14
3 3.73035e-14
13424 3
1 -6.39488e-14
2 3.33067e-14
3 4.39648e-14
13426 3
1 -7.99361e-14
2 7.54952e-15
3 5.41789e-14
13428 3
1 -6.4837e-14
2 8.88178e-15
3 4.21885e-14
13430 3
1 -6.4837e-14
2 7.99361e-15
3 6.66134e-14
13432 3
1 -6.21725e-14
2 -4.88498e-15
3 6.30607e-14
13434 3
1 -4.79616e-14
2 -4.88498e-15
3 3.4639e-14
13436 3
1 -6.21725e-14
2 4.44089e-15
3 5.19584e-14
13438 3
1 -7.37188e-14
2 -1.77636e-15
3 6.03961e-14
13440 3
1 -7.4607e-14
2 -3.9968e-15
3 6.26166e-14
13442 3
1 -7.63833e-14
2 -2.44249e-14
3 5.72875e-14
13444 3
1 -7.10543e-14
2 3.55271e-15
3 6.35048e-14
13446 3
1 -7.90479e-14
2 -4.44089e-15
3 6.57252e-14
13448 3
1 -8.61533e-14
2 -9.76996e-15
3 8.39329e-14
13450 3
1 -9.05942e-14
2 -1.06581e-14
3 5.50671e-14
13452 3
1 -6.92779e-14
2 1.73195e-14
3 7.37188e-14
13454 3
1 -7.90479e-14
2 1.46549e-14
3 5.59552e-14
13456 3
1 -8.34888e-14
2 4.44089e-15
3 2.75335e-14
13458 3
1 -6.30607e-14
2 -1.68754e-14
3 4.13003e-14
13460 3
1 -7.37188e-14
2 2.30926e-14
3 4.61853e-14
13462 3
1 -6.83897e-14
2 1.15463e-14
3 6.52811e-14
13464 3
1 -7.90479e-14
2 2.75335e-14
3 6.92779e-14
13466 3
1 -6.30607e-14
2 7.99361e-15
3 6.08402e-14
13468 3
1 -6.21725e-14
2 3.01981e-14
3 7.10543e-14
13470 3
1 -5.68434e-14
2 2.08722e-14
3 6.26166e-14
13472 3
1 -5.24025e-14
2 2.9754e-14
3 7.86038e-14
13474 3
1 -5.68434e-14
2 2.08722e-14
3 5.41789e-14
13476 3
1 -6.66134e-14
2 2.22045e-14
3 6.21725e-14
13478 3
1 -6.83897e-14
2 2.75335e-14
3 6.66134e-14
13480 3
1 -8.61533e-14
2 1.68754e-14
3 7.86038e-14
13482 3
1 -8.26006e-14
2 1.28786e-14
3 3.90799e-14
13484 3
1 -7.01661e-14
2 3.68594e-14
3 4.79616e-14
13486 3
1 -5.41789e-14
2 3.95239e-14
3 7.37188e-14
13488 3
1 -5.32907e-14
2 3.24185e-14
3 5.28466e-14
13490 3
1 -7.01661e-14
2 7.10543e-15
3 5.06262e-14
13492 3
1 -6.12843e-14
2 5.32907e-14
3 6.30607e-14
13494 3
1 -9.05942e-14
2 1.37668e-14
3 3.5083e-14
13496 3
1 -7.72715e-14
2 4.44089e-15
3 7.54952e-14
13498 3
1 -7.28306e-14
2 2.26485e-14
3 1.64313e-14
13500 3
1 -4.79616e-14
2 3.81917e-14
3 3.55271e-14
13502 3
1 -5.68434e-14
2 -6.66134e-15
3 5.32907e-14
13504 3
1 -7.90479e-14
2 2.66454e-14
3 6.03961e-14
13506 3
1 -6.21725e-14
2 1.33227e-15
3 2.57572e-14
13508 3
1 -7.99361e-14
2 2.66454e-14
3 3.33067e-14
13510 3
1 -7.4607e-14
2 -4.88498e-15
3 3.19744e-14
13512 3
1 -6.21725e-14
2 1.64313e-14
3 4.35207e-14
13514 3
1 -4.88498e-14
2 3.55271e-15
3 2.35367e-14
13516 3
1 -5.06262e-14
2 1.77636e-15
3 3.90799e-14
13518 3
1 -5.86198e-14
2 -5.32907e-15
3 4.9738e-14
13520 3
1 -4.61853e-14
2 3.55271e-15
3 3.28626e-14
13522 3
1 -6.57252e-14
2 -1.24345e-14
3 7.01661e-14
13524 3
1 -5.68434e-14
2 -2.66454e-15
3 7.10543e-14
13526 3
1 -8.17124e-14
2 9.76996e-15
3 2.84217e-14
13528 3
1 -6.30607e-14
2 -8.88178e-15
3 7.37188e-14
13530 3
1 -6.66134e-14
2 1.33227e-14
3 4.52971e-14
13532 3
1 -6.4837e-14
2 5.77316e-15
3 5.86198e-14
13534 3
1 -7.01661e-14
2 7.54952e-15
3 3.64153e-14
13536 3
1 -6.92779e-14
2 -1.95399e-14
3 5.55112e-14
13538 3
1 -7.4607e-14
2 -8.43769e-15
3 6.17284e-14
13540 3
1 -7.4607e-14
2 1.33227e-15
3 6.92779e-14
13542 3
1 -8.17124e-14
2 1.77636e-15
3 4.08562e-14
13544 3
1 -7.99361e-14
2 -1.5099e-14
3 5.15143e-14
13546 3
1 -8.26006e-14
2 -3.55271e-15
3 5.32907e-14
13548 3
1 -6.92779e-14
2 -5.77316e-15
3 4.9738e-14
13550 3
1 -6.75016e-14
2 1.59872e-14
3 8.57092e-14
13552 3
1 -7.19425e-14
2 -2.66454e-15
3 5.9508e-14
13554 3
1 -8.52651e-14
2 -8.88178e-15
3 4.30767e-14
13556 3
1 -8.70415e-14
2 8.88178e-15
3 5.81757e-14
13558 3
1 -5.86198e-14
2 1.42109e-14
3 9.41469e-14
13560 3
1 -7.10543e-14
2 9.76996e-15
3 5.81757e-14
13562 3
1 -6.21725e-14
2 2.35367e-14
3 5.37348e-14
13564 3
1 -6.83897e-14
2 2.17604e-14
3 5.15143e-14
13566 3
1 -7.19425e-14
2 -1.77636e-15
3 7.23865e-14
13568 3
1 -3.37508e-14
2 2.93099e-14
3 2.62013e-14
13570 3
1 -8.17124e-14
2 2.22045e-15
3 5.15143e-14
13572 3
1 -7.19425e-14
2 -1.86517e-14
3 6.75016e-14
13574 3
1 -8.26006e-14
2 2.26485e-14
3 8.70415e-14
13576 3
1 -9.68114e-14
2 1.86517e-14
3 5.86198e-14
13578 3
1 -7.90479e-14
2 -1.46549e-14
3 4.9738e-14
13580 3
1 -8.26006e-14
2 -7.99361e-15
3 6.75016e-14
13582 3
1 -7.01661e-14
2 -9.76996e-15
3 6.12843e-14
13584 3
1 -7.63833e-14
2 3.10862e-15
3 5.86198e-14
13586 3
1 -5.59552e-14
2 -2.57572e-14
3 5.24025e-14
13588 3
1 -6.21725e-14
2 -2.08722e-14
3 3.9968e-14
13590 3
1 -4.88498e-14
2 -2.66454e-15
3 5.68434e-14
13592 3
1 -5.86198e-14
2 5.32907e-15
3 7.28306e-14
13594 3
1 -8.52651e-14
2 -4.88498e-15
3 6.39488e-14
13596 3
1 -8.17124e-14
2 3.9968e-15
3 5.50671e-14
13598 3
1 -9.68114e-14
2 -1.68754e-14
3 7.10543e-14
13600 3
1 -7.10543e-14
2 -1.59872e-14
3 7.23865e-14
13602 3
1 -8.08242e-14
2 -2.53131e-14
3 5.68434e-14
13604 3
1 -8.52651e-14
2 -2.57572e-14
3 3.37508e-14
13606 3
1 -8.79297e-14
2 -1.77636e-14
3 7.10543e-14
13608 3
1 -6.03961e-14
2 -2.13163e-14
3 6.75016e-14
13610 3
1 -8.34888e-14
2 -1.5099e-14
3 8.26006e-14
13612 3
1 -8.70415e-14
2 -3.59712e-14
3 7.54952e-14
13614 3
1 -7.28306e-14
2 -1.86517e-14
3 7.10543e-14
13616 3
1 -8.43769e-14
2 -3.15303e-14
3 7.81597e-14
13618 3
1 -9.05942e-14
2 -2.53131e-14
3 6.66134e-14
13620 3
1 -7.10543e-14
2 -3.73035e-14
3 9.14824e-14
13622 3
1 -7.01661e-14
2 -2.13163e-14
3 7.4607e-14
13624 3
1 -6.4837e-14
2 -1.86517e-14
3 7.10543e-14
13626 3
1 -7.63833e-14
2 -3.4639e-14
3 6.61693e-14
13628 3
1 -9.32587e-14
2 -2.57572e-14
3 5.59552e-14
13630 3
1 -9.05942e-14
2 -3.59712e-14
3 8.34888e-14
13632 3
1 -8.08242e-14
2 -4.35207e-14
3 7.90479e-14
13634 3
1 -8.79297e-14
2 -2.84217e-14
3 7.19425e-14
13636 3
1 -1.24345e-13
2 -2.66454e-14
3 7.50511e-14
13638 3
1 -8.26006e-14
2 -2.08722e-14
3 9.76996e-14
13640 3
1 -9.9476e-14
2 -3.55271e-14
3 8.61533e-14
13642 3
1 -8.9706e-14
2 -4.75175e-14
3 8.17124e-14
13644 3
1 -1.03029e-13
2 -4.13003e-14
3 8.9706e-14
13646 3
1 -9.50351e-14
2 -4.66294e-14
3 8.03801e-14
13648 3
1 -9.41469e-14
2 -2.13163e-14
3 8.74856e-14
13650 3
1 -7.99361e-14
2 -3.55271e-15
3 5.9508e-14
13652 3
1 -1.03917e-13
2 -9.76996e-15
3 1.02141e-13
13654 3
1 -8.70415e-14
2 -1.90958e-14
3 9.68114e-14
13656 3
1 -9.14824e-14
2 -2.30926e-14
3 9.41469e-14
13658 3
1 -1.05693e-13
2 -4.79616e-14
3 8.17124e-14
13660 3
1 -8.88178e-14
2 -2.26485e-14
3 9.14824e-14
13662 3
1 -7.54952e-14
2 -7.54952e-15
3 7.90479e-14
13664 3
1 -1.03029e-13
2 -1.33227e-14
3 8.88178e-14
13666 3
1 -1.10134e-13
2 8.43769e-15
3 9.90319e-14
13668 3
1 -6.92779e-14
2 -2.53131e-14
3 1.00364e-13
13670 3
1 -8.61533e-14
2 3.9968e-15
3 1.24789e-13
13672 3
1 -6.83897e-14
2 -1.15463e-14
3 9.85878e-14
13674 3
1 -8.88178e-14
2 -2.39808e-14
3 9.54792e-14
13676 3
1 -1.0747e-13
2 1.42109e-14
3 7.28306e-14
13678 3
1 -8.61533e-14
2 4.44089e-15
3 6.75016e-14
13680 3
1 -8.26006e-14
2 8.43769e-15
3 6.83897e-14
13682 3
1 -8.88178e-14
2 -4.44089e-15
3 9.72555e-14
13684 3
1 -1.00364e-13
2 -2.88658e-14
3 9.37028e-14
13686 3
1 -8.9706e-14
2 -3.28626e-14
3 1.03917e-13
13688 3
1 -1.02141e-13
2 -1.33227e-14
3 8.9706e-14
13690 3
1 -1.09246e-13
2 -3.37508e-14
3 8.43769e-14
13692 3
1 -9.41469e-14
2 -4.44089e-14
3 9.68114e-14
13694 3
1 -9.14824e-14
2 -4.17444e-14
3 9.23706e-14
13696 3
1 -9.76996e-14
2 -1.42109e-14
3 1.24789e-13
13698 3
1 -8.88178e-14
2 1.19904e-14
3 8.57092e-14
13700 3
1 -8.52651e-14
2 -1.13243e-14
3 8.92619e-14
13702 3
1 -1.03029e-13
2 -4.37428e-14
3 8.4821e-14
13704 3
1 -7.10543e-14
2 -3.08642e-14
3 9.28146e-14
13706 3
1 -6.21725e-14
2 -1.75415e-14
3 9.28146e-14
13708 3
1 -7.99361e-14
2 -2.02061e-14
3 1.09246e-13
13710 3
1 -6.4837e-14
2 -8.88178e-15
3 1.12355e-13
13712 3
1 -6.75016e-14
2 -1.24345e-14
3 9.4591e-14
13714 3
1 -8.9706e-14
2 -1.77636e-14
3 1.10134e-13
13716 3
1 -9.9476e-14
2 -1.15463e-14
3 9.59233e-14
13718 3
1 -8.9706e-14
2 8.88178e-16
3 1.32783e-13
13720 3
1 -1.02585e-13
2 -2.66454e-14
3 1.00808e-13
13722 3
1 -1.04805e-13
2 -1.77636e-15
3 6.43929e-14
13724 3
1 -1.02141e-13
2 -2.57572e-14
3 1.11022e-13
13726 3
1 -8.08242e-14
2 -7.10543e-15
3 8.70415e-14
13728 3
1 -7.81597e-14
2 -8.88178e-15
3 9.14824e-14
13730 3
1 -7.90479e-14
2 -8.88178e-16
3 1.0969e-13
13732 3
1 -1.10134e-13
2 2.13163e-14
3 8.88178e-14
13734 3
1 -8.08242e-14
2 -2.04281e-14
3 1.15463e-13
13736 3
1 -9.41469e-14
2 4.44089e-15
3 1.13243e-13
13738 3
1 -6.66134e-14
2 -8.88178e-16
3 9.68114e-14
13740 3
1 -9.05942e-14
2 -2.13163e-14
3 1.10134e-13
13742 3
1 -1.04805e-13
2 2.22045e-15
3 1.15019e-13
13744 3
1 -7.01661e-14
2 -1.55431e-14
3 1.26565e-13
13746 3
1 -7.90479e-14
2 -8.88178e-15
3 1.05249e-13
13748 3
1 -7.90479e-14
2 -1.5099e-14
3 1.16795e-13
13750 3
1 -8.70415e-14
2 -2.93099e-14
3 1.1946e-13
13752 3
1 -5.68434e-14
2 -1.95399e-14
3 8.79297e-14
13754 3
1 -4.35207e-14
2 -9.76996e-15
3 1.03917e-13
13756 3
1 -6.92779e-14
2 -5.32907e-15
3 1.2701e-13
13758 3
1 -6.75016e-14
2 -5.32907e-15
3 9.76996e-14
13760 3
1 -6.75016e-14
2 5.32907e-15
3 1.35447e-13
13762 3
1 -6.66134e-14
2 -8.88178e-15
3 1.24789e-13
13764 3
1 -8.88178e-14
2 -1.11022e-14
3 1.09246e-13
13766 3
1 -6.57252e-14
2 -1.95399e-14
3 8.9706e-14
13768 3
1 -8.34888e-14
2 -7.10543e-15
3 1.1946e-13
13770 3
1 -5.77316e-14
2 8.43769e-15
3 8.92619e-14
13772 3
1 -8.79297e-14
2 -1.11022e-14
3 9.14824e-14
13774 3
1 -5.59552e-14
2 -7.99361e-15
3 1.22569e-13
13776 3
1 -5.9508e-14
2 8.43769e-15
3 1.26121e-13
13778 3
1 -8.61533e-14
2 1.5099e-14
3 1.11466e-13
13780 3
1 -6.92779e-14
2 -6.21725e-15
3 1.14131e-13
13782 3
1 -7.19425e-14
2 -8.88178e-15
3 1.07914e-13
13784 3
1 -7.4607e-14
2 0
3 1.21236e-13
13786 3
1 -7.81597e-14
2 -2.84217e-14
3 1.28342e-13
13788 3
1 -7.4607e-14
2 3.9968e-15
3 9.9476e-14
13790 3
1 -6.03961e-14
2 1.15463e-14
3 1.03473e-13
13792 3
1 -8.70415e-14
2 8.88178e-16
3 9.37028e-14
13794 3
1 -7.28306e-14
2 2.66454e-15
3 1.1191e-13
13796 3
1 -6.66134e-14
2 -7.10543e-15
3 1.23901e-13
13798 3
1 -7.01661e-14
2 -2.57572e-14
3 1.04805e-13
13800 3
1 -6.35048e-14
2 -2.13163e-14
3 8.34888e-14
13802 3
1 -7.77156e-14
2 3.9968e-15
3 1.16795e-13
13804 3
1 -7.37188e-14
2 1.5099e-14
3 1.34115e-13
13806 3
1 -5.9508e-14
2 7.10543e-15
3 8.88178e-14
13808 3
1 -7.19425e-14
2 0
3 1.09246e-13
13810 3
1 -5.32907e-14
2 -1.55431e-14
3 1.07025e-13
13812 3
1 -6.30607e-14
2 1.11022e-14
3 1.08358e-13
13814 3
1 -6.03961e-14
2 1.55431e-14
3 1.10134e-13
13816 3
1 -5.68434e-14
2 3.9968e-15
3 9.59233e-14
13818 3
1 -6.4837e-14
2 9.76996e-15
3 1.20792e-13
13820 3
1 -6.4837e-14
2 4.44089e-15
3 9.14824e-14
13822 3
1 -6.4837e-14
2 3.19744e-14
3 1.09246e-13
13824 3
1 -6.92779e-14
2 1.64313e-14
3 1.00364e-13
13826 3
1 -5.9508e-14
2 1.02141e-14
3 1.0747e-13
13828 3
1 -7.99361e-14
2 6.66134e-15
3 1.13243e-13
13830 3
1 -7.14984e-14
2 2.66454e-14
3 1.11022e-13
13832 3
1 -6.39488e-14
2 2.84217e-14
3 1.11466e-13
13834 3
1 -6.17284e-14
2 -2.66454e-15
3 1.19016e-13
13836 3
1 -6.17284e-14
2 2.17604e-14
3 1.07025e-13
13838 3
1 -7.41629e-14
2 1.95399e-14
3 9.19265e-14
13840 3
1 -8.08242e-14
2 1.64313e-14
3 1.07025e-13
13842 3
1 -6.61693e-14
2 1.86517e-14
3 1.37668e-13
13844 3
1 -6.66134e-14
2 1.77636e-14
3 9.85878e-14
13846 3
1 -6.83897e-14
2 8.88178e-15
3 8.65974e-14
13848 3
1 -7.99361e-14
2 1.68754e-14
3 1.15463e-13
13850 3
1 -7.28306e-14
2 -5.10703e-15
3 1.12799e-13
13852 3
1 -6.75016e-14
2 8.88178e-16
3 1.23013e-13
13854 3
1 -5.77316e-14
2 -1.13243e-14
3 1.03917e-13
13856 3
1 -8.34888e-14
2 1.55431e-14
3 1.13243e-13
13858 3
1 -4.9738e-14
2 4.44089e-16
3 1.41664e-13
13860 3
1 -8.52651e-14
2 -3.55271e-15
3 1.15463e-13
13862 3
1 -6.03961e-14
2 5.77316e-15
3 1.10134e-13
13864 3
1 -7.19425e-14
2 -6.43929e-15
3 1.20348e-13
13866 3
1 -6.12843e-14
2 1.57652e-14
3 1.38556e-13
13868 3
1 -7.28306e-14
2 2.44249e-14
3 1.15907e-13
13870 3
1 -5.50671e-14
2 2.19824e-14
3 1.16351e-13
13872 3
1 -5.68434e-14
2 8.88178e-16
3 1.06581e-13
13874 3
1 -7.28306e-14
2 -2.22045e-15
3 1.03473e-13
13876 3
1 -6.4837e-14
2 1.66533e-14
3 9.32587e-14
13878 3
1 -3.4639e-14
2 -7.54952e-15
3 1.15463e-13
13880 3
1 -5.68434e-14
2 2.08722e-14
3 1.32783e-13
13882 3
1 -8.61533e-14
2 -2.08722e-14
3 1.62537e-13
13884 3
1 -8.43769e-14
2 -1.79856e-14
3 1.33227e-13
13886 3
1 -6.92779e-14
2 8.88178e-16
3 1.38556e-13
13888 3
1 -5.77316e-14
2 2.66454e-15
3 1.35003e-13
13890 3
1 -4.79616e-14
2 8.88178e-15
3 1.26565e-13
13892 3
1 -4.9738e-14
2 1.04361e-14
3 1.1191e-13
13894 3
1 -8.88178e-14
2 6.88338e-15
3 1.48326e-13
13896 3
1 -7.72715e-14
2 5.9952e-15
3 1.13687e-13
13898 3
1 -4.44089e-14
2 2.88658e-15
3 1.05693e-13
13900 3
1 -7.90479e-14
2 -1.02141e-14
3 1.00808e-13
13902 3
1 -5.77316e-14
2 -2.66454e-15
3 1.0747e-13
13904 3
1 -6.39488e-14
2 1.26565e-14
3 1.31894e-13
13906 3
1 -6.03961e-14
2 1.90958e-14
3 1.16351e-13
13908 3
1 -5.06262e-14
2 1.4877e-14
3 1.03917e-13
13910 3
1 -6.4837e-14
2 2.22045e-15
3 1.0969e-13
13912 3
1 -7.99361e-14
2 -3.9968e-15
3 1.42109e-13
13914 3
1 -5.9508e-14
2 2.22045e-15
3 1.30562e-13
13916 3
1 -8.17124e-14
2 2.08722e-14
3 1.25233e-13
13918 3
1 -9.05942e-14
2 6.43929e-15
3 1.38556e-13
13920 3
1 -7.63833e-14
2 7.32747e-15
3 1.01696e-13
13922 3
1 -9.05942e-14
2 -1.39888e-14
3 1.1946e-13
13924 3
1 -7.99361e-14
2 1.64313e-14
3 1.04805e-13
13926 3
1 -7.19425e-14
2 -9.54792e-15
3 1.36335e-13
13928 3
1 -6.92779e-14
2 2.64233e-14
3 1.05693e-13
13930 3
1 -8.52651e-14
2 -6.43929e-15
3 1.0969e-13
13932 3
1 -9.05942e-14
2 1.53211e-14
3 1.26121e-13
13934 3
1 -9.76996e-14
2 0
3 1.19904e-13
13936 3
1 -7.28306e-14
2 1.11022e-14
3 1.42109e-13
13938 3
1 -7.63833e-14
2 -1.9984e-15
3 1.06137e-13
13940 3
1 -7.28306e-14
2 1.9984e-14
3 1.24567e-13
13942 3
1 -6.52811e-14
2 1.53211e-14
3 9.83658e-14
13944 3
1 -8.30447e-14
2 -5.32907e-15
3 1.2168e-13
13946 3
1 -5.4623e-14
2 -5.77316e-15
3 1.25011e-13
13948 3
1 -6.4837e-14
2 1.77636e-15
3 1.09912e-13
13950 3
1 -6.26166e-14
2 1.9984e-15
3 1.25677e-13
13952 3
1 -6.39488e-14
2 -7.32747e-15
3 1.37668e-13
13954 3
1 -6.30607e-14
2 9.10383e-15
3 1.28342e-13
13956 3
1 -6.03961e-14
2 1.15463e-14
3 1.32339e-13
13958 3
1 -7.19425e-14
2 -3.10862e-15
3 1.45661e-13
13960 3
1 -7.86038e-14
2 -2.39808e-14
3 1.47438e-13
13962 3
1 -9.37028e-14
2 -1.17684e-14
3 1.4122e-13
13964 3
1 -7.99361e-14
2 -1.93179e-14
3 1.35447e-13
13966 3
1 -7.90479e-14
2 -3.39728e-14
3 1.28342e-13
13968 3
1 -6.66134e-14
2 -1.70974e-14
3 1.30562e-13
13970 3
1 -5.9508e-14
2 6.66134e-16
3 1.51434e-13
13972 3
1 -6.03961e-14
2 2.88658e-15
3 1.20792e-13
13974 3
1 -7.28306e-14
2 8.65974e-15
3 1.49658e-13
13976 3
1 -8.52651e-14
2 7.10543e-15
3 1.46105e-13
13978 3
1 -7.81597e-14
2 -5.9952e-15
3 1.22569e-13
13980 3
1 -7.72715e-14
2 -1.75415e-14
3 1.23457e-13
13982 3
1 -8.17124e-14
2 5.32907e-15
3 1.56319e-13
13984 3
1 -8.79297e-14
2 1.24345e-14
3 1.45661e-13
13986 3
1 -7.90479e-14
2 -8.21565e-15
3 1.18572e-13
13988 3
1 -6.75016e-14
2 7.99361e-15
3 1.35003e-13
13990 3
1 -5.41789e-14
2 -2.66454e-15
3 1.52323e-13
13992 3
1 -6.92779e-14
2 -1.24345e-14
3 1.19016e-13
13994 3
1 -6.39488e-14
2 -2.62013e-14
3 1.42997e-13
13996 3
1 -6.92779e-14
2 -3.10862e-15
3 1.34559e-13
13998 3
1 -8.17124e-14
2 4.88498e-15
3 1.26121e-13
14000 3
1 -8.61533e-14
2 -6.66134e-16
3 1.4122e-13
14002 3
1 -6.83897e-14
2 -1.46549e-14
3 1.6831e-13
14004 3
1 -6.66134e-14
2 0
3 1.40332e-13
14006 3
1 -8.08242e-14
2 -9.32587e-15
3 1.42553e-13
14008 3
1 -8.61533e-14
2 1.55431e-15
3 1.14575e-13
14010 3
1 -9.05942e-14
2 1.26565e-14
3 1.0969e-13
14012 3
1 -5.68434e-14
2 1.39888e-14
3 1.44773e-13
14014 3
1 -8.34888e-14
2 1.55431e-14
3 1.16351e-13
14016 3
1 -7.01661e-14
2 7.10543e-15
3 1.45661e-13
14018 3
1 -8.88178e-14
2 -7.99361e-15
3 1.28342e-13
14020 3
1 -6.30607e-14
2 6.66134e-16
3 1.20348e-13
14022 3
1 -7.28306e-14
2 1.86517e-14
3 1.03917e-13
14024 3
1 -5.50671e-14
2 1.70974e-14
3 1.09246e-13
14026 3
1 -7.63833e-14
2 -3.77476e-15
3 9.85878e-14
14028 3
1 -6.66134e-14
2 -2.15383e-14
3 1.0747e-13
14030 3
1 -9.23706e-14
2 -2.22045e-14
3 1.28786e-13
14032 3
1 -9.05942e-14
2 -1.08802e-14
3 1.30562e-13
14034 3
1 -8.52651e-14
2 -1.31006e-14
3 1.25233e-13
14036 3
1 -6.39488e-14
2 -2.30926e-14
3 1.44773e-13
14038 3
1 -7.10543e-14
2 -1.19904e-14
3 1.19904e-13
14040 3
1 -8.26006e-14
2 -3.28626e-14
3 1.0969e-13
14042 3
1 -7.28306e-14
2 -9.10383e-15
3 1.43885e-13
14044 3
1 -6.83897e-14
2 -1.15463e-14
3 1.07025e-13
14046 3
1 -7.10543e-14
2 -2.15383e-14
3 1.30118e-13
14048 3
1 -6.57252e-14
2 -4.04121e-14
3 1.18572e-13
14050 3
1 -9.85878e-14
2 -3.06422e-14
3 1.26121e-13
14052 3
1 -6.66134e-14
2 8.88178e-16
3 1.19904e-13
14054 3
1 -7.28306e-14
2 -9.54792e-15
3 1.05693e-13
14056 3
1 -8.08242e-14
2 3.77476e-15
3 1.06581e-13
14058 3
1 -8.70415e-14
2 -5.52891e-14
3 8.70415e-14
14060 3
1 -8.79297e-14
2 -1.64313e-14
3 1.1191e-13
14062 3
1 -8.88178e-14
2 -1.84297e-14
3 1.2168e-13
14064 3
1 -8.17124e-14
2 -1.90958e-14
3 1.20792e-13
14066 3
1 -6.21725e-14
2 4.44089e-16
3 1.25233e-13
14068 3
1 -6.39488e-14
2 -2.15383e-14
3 1.57652e-13
14070 3
1 -1.03029e-13
2 1.77636e-15
3 1.31894e-13
14072 3
1 -9.41469e-14
2 -2.30926e-14
3 1.4122e-13
14074 3
1 -9.85878e-14
2 -3.93019e-14
3 1.04805e-13
14076 3
1 -9.9476e-14
2 -2.35367e-14
3 1.13687e-13
14078 3
1 -1.02141e-13
2 -2.44249e-15
3 1.46994e-13
14080 3
1 -7.90479e-14
2 -1.46549e-14
3 1.48326e-13
14082 3
1 -7.28306e-14
2 -2.35367e-14
3 1.38556e-13
14084 3
1 -9.9476e-14
2 -2.42029e-14
3 1.00364e-13
14086 3
1 -8.88178e-14
2 -3.4639e-14
3 1.13243e-13
14088 3
1 -9.14824e-14
2 -3.44169e-14
3 1.3145e-13
14090 3
1 -1.03029e-13
2 -3.30846e-14
3 1.15907e-13
14092 3
1 -9.59233e-14
2 -7.10543e-15
3 1.33671e-13
14094 3
1 -8.79297e-14
2 -2.08722e-14
3 1.30562e-13
14096 3
1 -8.88178e-14
2 -3.59712e-14
3 1.1946e-13
14098 3
1 -8.9706e-14
2 -2.93099e-14
3 1.07914e-13
14100 3
1 -1.2168e-13
2 -1.46549e-14
3 1.10578e-13
14102 3
1 -6.4837e-14
2 -9.76996e-15
3 1.42109e-13
14104 3
1 -9.41469e-14
2 -2.88658e-15
3 1.1191e-13
14106 3
1 -9.05942e-14
2 -1.04361e-14
3 1.36779e-13
14108 3
1 -9.32587e-14
2 -1.26565e-14
3 1.22569e-13
14110 3
1 -1.03029e-13
2 -8.65974e-15
3 1.47882e-13
14112 3
1 -9.76996e-14
2 -3.17524e-14
3 1.42997e-13
14114 3
1 -8.70415e-14
2 -2.04281e-14
3 1.32339e-13
14116 3
1 -1.1191e-13
2 -2.55351e-14
3 1.32339e-13
14118 3
1 -8.88178e-14
2 -1.93179e-14
3 1.20792e-13
14120 3
1 -1.00364e-13
2 4.66294e-15
3 1.23457e-13
14122 3
1 -1.11022e-13
2 -2.73115e-14
3 1.14575e-13
14124 3
1 -1.03029e-13
2 -8.88178e-16
3 1.29674e-13
14126 3
1 -1.24345e-13
2 -1.9762e-14
3 1.23457e-13
14128 3
1 -9.9476e-14
2 -3.21965e-14
3 1.07914e-13
14130 3
1 -1.02141e-13
2 -3.06422e-14
3 1.16795e-13
14132 3
1 -9.68114e-14
2 -1.55431e-14
3 1.30118e-13
14134 3
1 -7.99361e-14
2 -1.33227e-14
3 1.36779e-13
14136 3
1 -9.05942e-14
2 -1.62093e-14
3 1.35891e-13
14138 3
1 -1.04805e-13
2 -1.4877e-14
3 1.15019e-13
14140 3
1 -1.07914e-13
2 -3.9968e-15
3 1.25677e-13
14142 3
1 -1.10578e-13
2 -2.10942e-14
3 1.3145e-13
14144 3
1 -1.02141e-13
2 -2.88658e-15
3 1.20792e-13
14146 3
1 -1.05693e-13
2 -1.31006e-14
3 1.33227e-13
14148 3
1 -1.27898e-13
2 -3.93019e-14
3 1.34559e-13
14150 3
1 -1.06581e-13
2 -3.39728e-14
3 1.50546e-13
14152 3
1 -1.19904e-13
2 2.22045e-16
3 1.26565e-13
14154 3
1 -8.9706e-14
2 -3.73035e-14
3 1.52767e-13
14156 3
1 -1.1191e-13
2 -3.41949e-14
3 1.51879e-13
14158 3
1 -1.00364e-13
2 -3.17524e-14
3 1.18128e-13
14160 3
1 -1.2168e-13
2 -9.76996e-15
3 1.34559e-13
14162 3
1 -1.27898e-13
2 -1.17684e-14
3 1.34559e-13
14164 3
1 -1.1724e-13
2 -1.88738e-14
3 1.09246e-13
14166 3
1 -1.31006e-13
2 -1.86517e-14
3 1.06137e-13
14168 3
1 -1.20792e-13
2 -2.88658e-15
3 1.26121e-13
14170 3
1 -9.50351e-14
2 1.33227e-14
3 1.43885e-13
14172 3
1 -1.08358e-13
2 -6.88338e-15
3 9.76996e-14
14174 3
1 -1.05693e-13
2 -1.46549e-14
3 1.45661e-13
14176 3
1 -9.32587e-14
2 -1.84297e-14
3 1.2168e-13
14178 3
1 -1.08802e-13
2 -1.55431e-14
3 1.2168e-13
14180 3
1 -1.03917e-13
2 -1.82077e-14
3 1.35003e-13
14182 3
1 -1.00364e-13
2 -2.04281e-14
3 1.25233e-13
14184 3
1 -1.09246e-13
2 1.22125e-14
3 1.30562e-13
14186 3
1 -1.16351e-13
2 1.66533e-14
3 1.39888e-13
14188 3
1 -9.9476e-14
2 -8.43769e-15
3 1.15019e-13
14190 3
1 -9.81437e-14
2 1.68754e-14
3 1.22125e-13
14192 3
1 -1.11022e-13
2 -1.17684e-14
3 1.15463e-13
14194 3
1 -1.07025e-13
2 1.64313e-14
3 1.2701e-13
14196 3
1 -1.10578e-13
2 -1.06581e-14
3 1.31006e-13
14198 3
1 -1.12799e-13
2 -1.70974e-14
3 1.72751e-13
14200 3
1 -1.13243e-13
2 -1.37668e-14
3 1.39888e-13
14202 3
1 -1.04361e-13
2 3.10862e-15
3 1.41664e-13
14204 3
1 -1.02141e-13
2 -5.10703e-15
3 1.5099e-13
14206 3
1 -1.11022e-13
2 -1.11022e-14
3 1.33671e-13
14208 3
1 -1.05693e-13
2 7.77156e-15
3 1.38556e-13
14210 3
1 -1.19016e-13
2 1.08802e-14
3 1.32339e-13
14212 3
1 -1.16351e-13
2 -5.10703e-15
3 1.56319e-13
14214 3
1 -1.15463e-13
2 4.44089e-16
3 1.47438e-13
14216 3
1 -1.36335e-13
2 3.55271e-15
3 1.39888e-13
14218 3
1 -1.2701e-13
2 -1.28786e-14
3 1.7053e-13
14220 3
1 -1.3145e-13
2 -1.13243e-14
3 1.36779e-13
14222 3
1 -1.30118e-13
2 -9.76996e-15
3 1.15907e-13
14224 3
1 -1.2923e-13
2 5.32907e-15
3 1.61648e-13
14226 3
1 -1.41664e-13
2 6.66134e-15
3 1.25233e-13
14228 3
1 -1.28786e-13
2 1.73195e-14
3 1.36779e-13
14230 3
1 -1.47882e-13
2 1.13243e-14
3 1.31894e-13
14232 3
1 -1.36335e-13
2 1.84297e-14
3 1.42553e-13
14234 3
1 -1.16351e-13
2 -6.66134e-16
3 1.18572e-13
14236 3
1 -1.30118e-13
2 4.88498e-15
3 1.33227e-13
14238 3
1 -1.39888e-13
2 9.76996e-15
3 1.16351e-13
14240 3
1 -1.25233e-13
2 -8.88178e-16
3 1.23901e-13
14242 3
1 -1.42997e-13
2 -1.90958e-14
3 1.22125e-13
14244 3
1 -1.1724e-13
2 -9.32587e-15
3 1.26121e-13
14246 3
1 -1.16351e-13
2 1.37668e-14
3 1.35891e-13
14248 3
1 -1.2923e-13
2 1.68754e-14
3 1.14131e-13
14250 3
1 -1.24789e-13
2 -2.79776e-14
3 1.4122e-13
14252 3
1 -1.19904e-13
2 1.22125e-14
3 1.33671e-13
14254 3
1 -1.36335e-13
2 -5.32907e-15
3 1.2701e-13
14256 3
1 -1.1191e-13
2 -6.21725e-15
3 1.13687e-13
14258 3
1 -1.05693e-13
2 9.54792e-15
3 1.15019e-13
14260 3
1 -1.12355e-13
2 -2.44249e-15
3 1.15019e-13
14262 3
1 -1.30118e-13
2 1.06581e-14
3 1.13687e-13
14264 3
1 -1.37668e-13
2 3.61933e-14
3 1.37668e-13
14266 3
1 -1.43885e-13
2 5.77316e-15
3 1.23457e-13
14268 3
1 -1.42109e-13
2 -3.55271e-15
3 1.18572e-13
14270 3
1 -1.27898e-13
2 -6.66134e-16
3 1.01252e-13
14272 3
1 -1.2701e-13
2 -2.22045e-15
3 9.32587e-14
14274 3
1 -1.1724e-13
2 1.37668e-14
3 1.20792e-13
14276 3
1 -1.29674e-13
2 1.31006e-14
3 1.28786e-13
14278 3
1 -1.3145e-13
2 7.54952e-15
3 1.03029e-13
14280 3
1 -1.2168e-13
2 -2.88658e-15
3 1.39e-13
14282 3
1 -1.39444e-13
2 -2.73115e-14
3 1.13243e-13
14284 3
1 -1.15463e-13
2 1.35447e-14
3 1.03029e-13
14286 3
1 -1.43885e-13
2 2.15383e-14
3 1.3145e-13
14288 3
1 -1.44773e-13
2 -5.32907e-15
3 1.12799e-13
14290 3
1 -1.4122e-13
2 -2.4647e-14
3 1.11466e-13
14292 3
1 -1.52767e-13
2 1.02141e-14
3 8.39329e-14
14294 3
1 -1.42109e-13
2 4.66294e-15
3 9.32587e-14
14296 3
1 -1.53655e-13
2 -2.66454e-15
3 1.27454e-13
14298 3
1 -1.42109e-13
2 -1.9984e-15
3 1.31894e-13
14300 3
1 -1.39444e-13
2 6.21725e-15
3 1.29674e-13
14302 3
1 -1.46549e-13
2 0
3 1.25233e-13
14304 3
1 -1.49214e-13
2 1.77636e-14
3 1.27898e-13
14306 3
1 -1.5099e-13
2 -3.10862e-15
3 1.2168e-13
14308 3
1 -1.27898e-13
2 1.02141e-14
3 1.71863e-13
14310 3
1 -1.47438e-13
2 -6.43929e-15
3 1.30118e-13
14312 3
1 -1.54543e-13
2 9.10383e-15
3 1.4122e-13
14314 3
1 -1.37668e-13
2 7.54952e-15
3 1.42109e-13
14316 3
1 -1.36779e-13
2 1.73195e-14
3 1.12799e-13
14318 3
1 -1.43885e-13
2 -2.02061e-14
3 1.36335e-13
14320 3
1 -1.1191e-13
2 1.42109e-14
3 1.30562e-13
14322 3
1 -1.52767e-13
2 -4.44089e-16
3 1.12355e-13
14324 3
1 -1.37668e-13
2 2.77556e-14
3 1.32339e-13
14326 3
1 -1.42997e-13
2 9.54792e-15
3 1.10134e-13
14328 3
1 -1.20792e-13
2 -1.62093e-14
3 1.14575e-13
14330 3
1 -1.38556e-13
2 3.35287e-14
3 1.71418e-13
14332 3
1 -1.39444e-13
2 -1.31006e-14
3 1.41664e-13
14334 3
1 -1.66978e-13
2 2.17604e-14
3 1.40776e-13
14336 3
1 -1.38556e-13
2 3.30846e-14
3 1.54099e-13
14338 3
1 -1.24345e-13
2 1.77636e-15
3 1.49658e-13
14340 3
1 -1.42109e-13
2 5.10703e-15
3 1.64313e-13
14342 3
1 -1.63425e-13
2 9.32587e-15
3 1.44773e-13
14344 3
1 -1.27898e-13
2 6.43929e-15
3 1.36779e-13
14346 3
1 -1.32339e-13
2 1.88738e-14
3 1.47438e-13
14348 3
1 -1.61648e-13
2 3.19744e-14
3 1.50102e-13
14350 3
1 -1.43885e-13
2 1.62093e-14
3 1.55431e-13
14352 3
1 -1.4122e-13
2 7.10543e-15
3 1.62981e-13
14354 3
1 -1.49214e-13
2 3.61933e-14
3 1.59872e-13
14356 3
1 -1.5099e-13
2 4.26326e-14
3 1.35891e-13
14358 3
1 -1.49214e-13
2 1.17684e-14
3 1.42109e-13
14360 3
1 -1.42997e-13
2 1.73195e-14
3 1.5099e-13
14362 3
1 -1.30562e-13
2 1.15463e-14
3 1.67422e-13
14364 3
1 -1.24345e-13
2 1.88738e-14
3 1.59428e-13
14366 3
1 -1.37668e-13
2 3.10862e-15
3 1.42553e-13
14368 3
1 -1.39444e-13
2 1.82077e-14
3 1.44773e-13
14370 3
1 -1.44773e-13
2 2.42029e-14
3 1.36779e-13
14372 3
1 -1.37668e-13
2 1.17684e-14
3 1.41664e-13
14374 3
1 -1.61648e-13
2 2.53131e-14
3 1.50546e-13
14376 3
1 -1.54543e-13
2 3.33067e-14
3 1.69642e-13
14378 3
1 -1.3145e-13
2 2.33147e-14
3 1.50546e-13
14380 3
1 -1.30562e-13
2 5.77316e-15
3 1.62981e-13
14382 3
1 -1.42997e-13
2 2.86438e-14
3 1.45661e-13
14384 3
1 -1.42109e-13
2 2.66454e-14
3 1.26121e-13
14386 3
1 -1.49214e-13
2 2.68674e-14
3 1.39e-13
14388 3
1 -1.42109e-13
2 4.59632e-14
3 1.5099e-13
14390 3
1 -1.49214e-13
2 1.79856e-14
3 1.49658e-13
14392 3
1 -1.30562e-13
2 1.68754e-14
3 1.35447e-13
14394 3
1 -1.65201e-13
2 1.39888e-14
3 1.7053e-13
14396 3
1 -1.52767e-13
2 3.37508e-14
3 1.33227e-13
14398 3
1 -1.61648e-13
2 1.70974e-14
3 1.50546e-13
14400 3
1 -1.44773e-13
2 2.4869e-14
3 1.37668e-13
14402 3
1 -1.45661e-13
2 1.06581e-14
3 1.39444e-13
14404 3
1 -1.42109e-13
2 2.08722e-14
3 1.31006e-13
14406 3
1 -1.28786e-13
2 2.44249e-14
3 1.14131e-13
14408 3
1 -1.45661e-13
2 2.88658e-14
3 1.57208e-13
14410 3
1 -1.35003e-13
2 3.84137e-14
3 1.51879e-13
14412 3
1 -1.34115e-13
2 2.42029e-14
3 1.52767e-13
14414 3
1 -1.29674e-13
2 1.24345e-14
3 1.20348e-13
14416 3
1 -1.32339e-13
2 4.08562e-14
3 1.39444e-13
14418 3
1 -1.34115e-13
2 2.39808e-14
3 1.69198e-13
14420 3
1 -1.30562e-13
2 1.66533e-14
3 1.37668e-13
14422 3
1 -1.48326e-13
2 1.11022e-15
3 1.57652e-13
14424 3
1 -1.58984e-13
2 3.06422e-14
3 1.55875e-13
14426 3
1 -1.1724e-13
2 2.30926e-14
3 1.96287e-13
14428 3
1 -1.24345e-13
2 3.39728e-14
3 1.46549e-13
14430 3
1 -1.28786e-13
2 1.59872e-14
3 1.35891e-13
14432 3
1 -1.3145e-13
2 2.93099e-14
3 1.55431e-13
14434 3
1 -1.42109e-13
2 3.19744e-14
3 1.64313e-13
14436 3
1 -1.35003e-13
2 2.55351e-14
3 1.35891e-13
14438 3
1 -1.38556e-13
2 3.64153e-14
3 1.4877e-13
14440 3
1 -1.19016e-13
2 5.08482e-14
3 1.53655e-13
14442 3
1 -1.42997e-13
2 1.82077e-14
3 1.49214e-13
14444 3
1 -1.29674e-13
2 9.54792e-15
3 1.48326e-13
14446 3
1 -1.4122e-13
2 2.53131e-14
3 1.48326e-13
14448 3
1 -1.20792e-13
2 2.86438e-14
3 1.24345e-13
14450 3
1 -1.24345e-13
2 3.75255e-14
3 1.54099e-13
14452 3
1 -1.5099e-13
2 1.66533e-15
3 1.18128e-13
14454 3
1 -1.16351e-13
2 2.63123e-14
3 1.53211e-13
14456 3
1 -1.36779e-13
2 3.01981e-14
3 1.46994e-13
14458 3
1 -1.36779e-13
2 2.498e-14
3 1.40776e-13
14460 3
1 -1.33227e-13
2 2.95319e-14
3 1.58096e-13
14462 3
1 -1.54543e-13
2 3.53051e-14
3 1.4877e-13
14464 3
1 -1.55431e-13
2 1.24345e-14
3 1.63425e-13
14466 3
1 -1.28786e-13
2 4.35207e-14
3 1.57652e-13
14468 3
1 -1.45661e-13
2 1.66533e-14
3 1.81632e-13
14470 3
1 -1.53655e-13
2 1.57652e-14
3 1.79412e-13
14472 3
1 -1.7053e-13
2 5.21805e-14
3 1.62537e-13
14474 3
1 -1.22569e-13
2 2.70894e-14
3 1.74971e-13
14476 3
1 -1.19016e-13
2 6.21725e-15
3 1.53655e-13
14478 3
1 -1.2168e-13
2 7.32747e-15
3 1.44773e-13
14480 3
1 -1.52767e-13
2 1.53211e-14
3 1.39444e-13
14482 3
1 -1.33227e-13
2 3.04201e-14
3 1.44773e-13
14484 3
1 -1.39444e-13
2 3.33067e-14
3 1.81188e-13
14486 3
1 -1.37668e-13
2 4.10783e-14
3 1.56763e-13
14488 3
1 -1.3145e-13
2 3.26406e-14
3 1.55431e-13
14490 3
1 -1.10134e-13
2 3.30846e-14
3 1.39888e-13
14492 3
1 -1.42997e-13
2 2.70894e-14
3 1.69642e-13
14494 3
1 -1.26121e-13
2 3.90799e-14
3 1.94955e-13
14496 3
1 -1.47438e-13
2 2.43139e-14
3 1.84297e-13
14498 3
1 -1.38556e-13
2 2.93099e-14
3 1.47882e-13
14500 3
1 -1.54543e-13
2 2.19824e-14
3 1.74083e-13
14502 3
1 -1.19904e-13
2 2.73115e-14
3 1.66978e-13
14504 3
1 -1.2701e-13
2 4.55191e-14
3 1.48326e-13
14506 3
1 -1.32339e-13
2 4.17444e-14
3 1.67422e-13
14508 3
1 -1.32339e-13
2 4.44089e-16
3 1.77636e-13
14510 3
1 -1.26121e-13
2 3.70814e-14
3 1.63425e-13
14512 3
1 -1.33227e-13
2 4.24105e-14
3 1.55431e-13
14514 3
1 -1.12799e-13
2 4.79616e-14
3 1.47438e-13
14516 3
1 -1.32339e-13
2 3.86358e-14
3 1.86962e-13
14518 3
1 -1.06581e-13
2 1.95399e-14
3 1.72751e-13
14520 3
1 -1.26121e-13
2 3.06422e-14
3 1.42997e-13
14522 3
1 -1.50102e-13
2 5.32907e-14
3 1.46105e-13
14524 3
1 -1.49214e-13
2 5.77316e-14
3 1.56763e-13
14526 3
1 -1.22569e-13
2 2.10942e-14
3 1.43441e-13
14528 3
1 -1.14575e-13
2 2.08722e-14
3 1.86962e-13
14530 3
1 -1.40332e-13
2 7.21645e-14
3 1.53655e-13
14532 3
1 -1.13687e-13
2 2.17604e-14
3 1.86517e-13
14534 3
1 -1.15463e-13
2 6.01741e-14
3 1.84741e-13
14536 3
1 -1.2168e-13
2 4.50751e-14
3 1.82077e-13
14538 3
1 -1.2701e-13
2 2.5091e-14
3 1.69642e-13
14540 3
1 -1.24345e-13
2 2.04281e-14
3 1.73195e-13
14542 3
1 -1.55431e-13
2 5.50671e-14
3 1.74971e-13
14544 3
1 -1.36779e-13
2 5.55112e-14
3 1.50546e-13
14546 3
1 -1.33227e-13
2 3.9968e-14
3 1.5099e-13
14548 3
1 -1.32339e-13
2 2.26485e-14
3 1.7053e-13
14550 3
1 -1.24345e-13
2 2.22045e-14
3 1.83409e-13
14552 3
1 -1.35003e-13
2 1.24345e-14
3 1.55431e-13
14554 3
1 -1.34115e-13
2 1.95399e-14
3 1.68754e-13
14556 3
1 -1.32339e-13
2 1.5099e-14
3 1.49214e-13
14558 3
1 -1.46549e-13
2 1.77636e-14
3 1.70974e-13
14560 3
1 -1.19904e-13
2 2.53131e-14
3 1.84741e-13
14562 3
1 -1.29674e-13
2 1.93179e-14
3 1.6831e-13
14564 3
1 -1.35003e-13
2 1.79856e-14
3 1.6076e-13
14566 3
1 -1.23457e-13
2 1.59872e-14
3 1.76748e-13
14568 3
1 -1.19904e-13
2 2.13163e-14
3 1.82077e-13
14570 3
1 -1.13687e-13
2 1.4877e-14
3 2.06057e-13
14572 3
1 -1.46549e-13
2 3.26406e-14
3 1.99396e-13
14574 3
1 -1.34115e-13
2 2.4869e-14
3 1.54543e-13
14576 3
1 -1.40332e-13
2 -1.64313e-14
3 1.67866e-13
14578 3
1 -1.3145e-13
2 3.55271e-15
3 1.51434e-13
14580 3
1 -1.36779e-13
2 2.13163e-14
3 1.47438e-13
14582 3
1 -1.24345e-13
2 2.17604e-14
3 1.57652e-13
14584 3
1 -1.5099e-13
2 2.66454e-14
3 1.43885e-13
14586 3
1 -1.55431e-13
2 -1.37668e-14
3 1.76748e-13
14588 3
1 -1.33227e-13
2 7.99361e-15
3 1.62981e-13
14590 3
1 -1.5099e-13
2 -7.10543e-15
3 1.59428e-13
14592 3
1 -1.28786e-13
2 2.66454e-14
3 1.68754e-13
14594 3
1 -1.35891e-13
2 -8.88178e-15
3 1.803e-13
14596 3
1 -1.03917e-13
2 1.02141e-14
3 1.63425e-13
14598 3
1 -1.47438e-13
2 1.77636e-15
3 1.74083e-13
14600 3
1 -1.4122e-13
2 2.4869e-14
3 1.82077e-13
14602 3
1 -1.3145e-13
2 6.21725e-15
3 1.58096e-13
14604 3
1 -1.29674e-13
2 2.22045e-15
3 1.83409e-13
14606 3
1 -1.19904e-13
2 1.77636e-14
3 1.82965e-13
14608 3
1 -1.33227e-13
2 -6.66134e-15
3 1.47438e-13
14610 3
1 -1.37668e-13
2 -3.9968e-15
3 1.73195e-13
14612 3
1 -1.50102e-13
2 -3.55271e-15
3 1.54543e-13
14614 3
1 -1.28786e-13
2 1.33227e-15
3 1.7808e-13
14616 3
1 -1.35003e-13
2 5.32907e-15
3 1.63425e-13
14618 3
1 -1.45661e-13
2 1.24345e-14
3 1.70086e-13
14620 3
1 -1.02141e-13
2 -1.86517e-14
3 1.7053e-13
14622 3
1 -1.32339e-13
2 2.44249e-14
3 1.56319e-13
14624 3
1 -1.43885e-13
2 -8.88178e-16
3 1.7808e-13
14626 3
1 -1.26121e-13
2 1.77636e-14
3 1.89626e-13
14628 3
1 -1.26121e-13
2 3.9968e-15
3 1.69198e-13
14630 3
1 -1.27898e-13
2 1.06581e-14
3 1.65645e-13
14632 3
1 -1.48326e-13
2 -4.44089e-16
3 1.79412e-13
14634 3
1 -1.30562e-13
2 3.06422e-14
3 1.77636e-13
14636 3
1 -1.3145e-13
2 1.90958e-14
3 1.9007e-13
14638 3
1 -1.53655e-13
2 3.77476e-14
3 1.65645e-13
14640 3
1 -1.45661e-13
2 1.33227e-14
3 1.66089e-13
14642 3
1 -1.32339e-13
2 9.76996e-15
3 2.03393e-13
14644 3
1 -1.33227e-13
2 1.15463e-14
3 1.67866e-13
14646 3
1 -1.38556e-13
2 1.28786e-14
3 1.76748e-13
14648 3
1 -1.46549e-13
2 1.55431e-14
3 2.01617e-13
14650 3
1 -1.35003e-13
2 5.77316e-15
3 1.96732e-13
14652 3
1 -1.46549e-13
2 2.62013e-14
3 1.98064e-13
14654 3
1 -1.28786e-13
2 1.77636e-15
3 1.71863e-13
14656 3
1 -1.38556e-13
2 2.30926e-14
3 1.96732e-13
14658 3
1 -1.27898e-13
2 4.44089e-15
3 1.88738e-13
14660 3
1 -1.42109e-13
2 6.21725e-15
3 1.84297e-13
14662 3
1 -1.39444e-13
2 1.28786e-14
3 1.74083e-13
14664 3
1 -1.12799e-13
2 3.9968e-15
3 1.7053e-13
14666 3
1 -1.22569e-13
2 7.10543e-15
3 1.94955e-13
14668 3
1 -1.43885e-13
2 2.04281e-14
3 2.13607e-13
14670 3
1 -1.3145e-13
2 1.28786e-14
3 2.0739e-13
14672 3
1 -1.5099e-13
2 3.9968e-15
3 1.78968e-13
14674 3
1 -1.46549e-13
2 2.44249e-14
3 2.07834e-13
14676 3
1 -1.27898e-13
2 1.95399e-14
3 1.91402e-13
14678 3
1 -1.26121e-13
2 3.95239e-14
3 2.26485e-13
14680 3
1 -1.24345e-13
2 3.26406e-14
3 1.9984e-13
14682 3
1 -1.36779e-13
2 2.5091e-14
3 2.03837e-13
14684 3
1 -1.28786e-13
2 3.59712e-14
3 1.71863e-13
14686 3
1 -1.22569e-13
2 1.95399e-14
3 1.82077e-13
14688 3
1 -1.42109e-13
2 4.01901e-14
3 1.61648e-13
14690 3
1 -1.30562e-13
2 3.75255e-14
3 1.78524e-13
14692 3
1 -1.28786e-13
2 8.65974e-15
3 1.94511e-13
14694 3
1 -1.29674e-13
2 1.4877e-14
3 2.01172e-13
14696 3
1 -1.24345e-13
2 1.08802e-14
3 2.05169e-13
14698 3
1 -1.18128e-13
2 1.55431e-14
3 2.13163e-13
14700 3
1 -1.44773e-13
2 1.37668e-14
3 1.98064e-13
14702 3
1 -1.11022e-13
2 -6.88338e-15
3 2.35811e-13
14704 3
1 -1.06581e-13
2 1.79856e-14
3 2.05613e-13
14706 3
1 -1.19016e-13
2 2.70894e-14
3 2.22933e-13
14708 3
1 -1.19016e-13
2 -3.10862e-15
3 1.75859e-13
14710 3
1 -1.2168e-13
2 -9.76996e-15
3 1.95399e-13
14712 3
1 -1.37668e-13
2 2.22045e-15
3 1.93623e-13
14714 3
1 -1.43885e-13
2 7.10543e-15
3 1.91847e-13
14716 3
1 -1.42109e-13
2 1.19904e-14
3 2.03837e-13
14718 3
1 -1.04805e-13
2 1.26565e-14
3 2.07834e-13
14720 3
1 -1.19016e-13
2 9.32587e-15
3 2.03393e-13
14722 3
1 -1.1724e-13
2 1.06581e-14
3 2.07834e-13
14724 3
1 -1.23457e-13
2 -1.82077e-14
3 2.00728e-13
14726 3
1 -1.23457e-13
2 8.43769e-15
3 2.08722e-13
14728 3
1 -1.18128e-13
2 5.10703e-15
3 1.9007e-13
14730 3
1 -1.35891e-13
2 -4.88498e-15
3 1.76748e-13
14732 3
1 -1.20792e-13
2 -2.66454e-15
3 2.24709e-13
14734 3
1 -1.1724e-13
2 1.02141e-14
3 1.77636e-13
14736 3
1 -1.24345e-13
2 -6.66134e-15
3 2.10498e-13
14738 3
1 -1.29674e-13
2 0
3 1.95399e-13
14740 3
1 -1.12799e-13
2 -1.15463e-14
3 1.95399e-13
14742 3
1 -1.47438e-13
2 -1.77636e-14
3 2.08722e-13
14744 3
1 -1.18128e-13
2 3.55271e-15
3 2.16716e-13
14746 3
1 -1.19904e-13
2 -1.19904e-14
3 2.04281e-13
14748 3
1 -1.19904e-13
2 -1.90958e-14
3 1.73195e-13
14750 3
1 -1.04805e-13
2 -1.5099e-14
3 1.84741e-13
14752 3
1 -1.18128e-13
2 5.32907e-15
3 1.90958e-13
14754 3
1 -1.27898e-13
2 -2.08722e-14
3 2.31815e-13
14756 3
1 -1.27898e-13
2 -9.32587e-15
3 1.73195e-13
14758 3
1 -1.19016e-13
2 -1.5099e-14
3 1.98064e-13
14760 3
1 -1.34115e-13
2 1.77636e-15
3 1.82965e-13
14762 3
1 -1.26121e-13
2 -2.66454e-15
3 2.13163e-13
14764 3
1 -1.15463e-13
2 -1.82077e-14
3 1.92735e-13
14766 3
1 -1.2168e-13
2 -3.59712e-14
3 1.73195e-13
14768 3
1 -1.30562e-13
2 -2.4869e-14
3 1.86517e-13
14770 3
1 -9.59233e-14
2 -1.15463e-14
3 2.02505e-13
14772 3
1 -1.15463e-13
2 -1.77636e-14
3 2.01617e-13
14774 3
1 -1.1191e-13
2 -6.21725e-15
3 2.15827e-13
14776 3
1 -1.1191e-13
2 -1.95399e-14
3 2.16716e-13
14778 3
1 -1.42109e-13
2 -1.82077e-14
3 2.01617e-13
14780 3
1 -1.33227e-13
2 -1.68754e-14
3 1.78524e-13
14782 3
1 -1.09246e-13
2 -1.19904e-14
3 2.13163e-13
14784 3
1 -1.33227e-13
2 -2.70894e-14
3 2.21156e-13
14786 3
1 -1.40332e-13
2 4.88498e-15
3 2.22933e-13
14788 3
1 -1.26121e-13
2 -2.62013e-14
3 2.25597e-13
14790 3
1 -1.46549e-13
2 -2.62013e-14
3 1.97176e-13
14792 3
1 -1.23457e-13
2 -1.42109e-14
3 2.37144e-13
14794 3
1 -1.08358e-13
2 -4.88498e-15
3 2.03393e-13
14796 3
1 -1.20792e-13
2 -4.44089e-15
3 2.06057e-13
14798 3
1 -1.2168e-13
2 -1.77636e-14
3 2.15827e-13
14800 3
1 -1.19016e-13
2 -5.77316e-15
3 2.20268e-13
14802 3
1 -1.27898e-13
2 -3.90799e-14
3 2.01617e-13
14804 3
1 -1.15463e-13
2 9.76996e-15
3 2.12275e-13
14806 3
1 -1.15463e-13
2 -2.9754e-14
3 2.15827e-13
14808 3
1 -1.23457e-13
2 -1.64313e-14
3 2.2915e-13
14810 3
1 -1.22569e-13
2 -2.70894e-14
3 2.27374e-13
14812 3
1 -1.14575e-13
2 -2.57572e-14
3 2.10498e-13
14814 3
1 -1.30562e-13
2 -1.68754e-14
3 1.87406e-13
14816 3
1 -1.19904e-13
2 -9.76996e-15
3 2.38032e-13
14818 3
1 -1.18128e-13
2 -2.75335e-14
3 2.06057e-13
14820 3
1 -1.2168e-13
2 -3.55271e-15
3 2.30038e-13
14822 3
1 -1.2168e-13
2 -3.9968e-15
3 2.08722e-13
14824 3
1 -1.23457e-13
2 -3.59712e-14
3 2.25597e-13
14826 3
1 -1.43885e-13
2 -1.37668e-14
3 1.93623e-13
14828 3
1 -1.3145e-13
2 -8.43769e-15
3 2.14939e-13
14830 3
1 -1.16351e-13
2 7.99361e-15
3 2.14051e-13
14832 3
1 -1.1724e-13
2 -1.95399e-14
3 2.14939e-13
14834 3
1 -1.36779e-13
2 -4.79616e-14
3 2.01617e-13
14836 3
1 -1.35003e-13
2 -1.77636e-14
3 1.97176e-13
14838 3
1 -1.56319e-13
2 -3.10862e-14
3 1.9984e-13
14840 3
1 -1.32339e-13
2 -3.4639e-14
3 2.04281e-13
14842 3
1 -1.45661e-13
2 7.10543e-15
3 1.93623e-13
14844 3
1 -1.45661e-13
2 -2.93099e-14
3 1.96287e-13
14846 3
1 -1.57208e-13
2 -4.08562e-14
3 1.94511e-13
14848 3
1 -1.33227e-13
2 -1.77636e-14
3 2.0961e-13
14850 3
1 -1.54543e-13
2 -1.86517e-14
3 2.1938e-13
14852 3
1 -1.34115e-13
2 -4.44089e-16
3 1.76748e-13
14854 3
1 -1.43885e-13
2 -3.4639e-14
3 2.18492e-13
14856 3
1 -1.45661e-13
2 1.64313e-14
3 2.04281e-13
14858 3
1 -1.26121e-13
2 -1.33227e-14
3 1.87406e-13
14860 3
1 -1.27898e-13
2 -1.28786e-14
3 2.21156e-13
14862 3
1 -1.66533e-13
2 -2.35367e-14
3 2.05169e-13
14864 3
1 -1.33227e-13
2 -4.88498e-15
3 1.9007e-13
14866 3
1 -1.40332e-13
2 -1.95399e-14
3 1.98064e-13
14868 3
1 -1.53655e-13
2 -4.26326e-14
3 2.12275e-13
14870 3
1 -1.40332e-13
2 -3.06422e-14
3 2.26485e-13
14872 3
1 -1.46549e-13
2 -2.26485e-14
3 2.08722e-13
14874 3
1 -1.32339e-13
2 -2.79776e-14
3 2.00728e-13
14876 3
1 -1.50102e-13
2 -2.88658e-15
3 1.93623e-13
14878 3
1 -1.38556e-13
2 -3.44169e-14
3 1.88294e-13
14880 3
1 -1.52767e-13
2 -3.06422e-14
3 1.94511e-13
14882 3
1 -1.3145e-13
2 -3.15303e-14
3 1.74971e-13
14884 3
1 -1.38556e-13
2 -1.86517e-14
3 2.18492e-13
14886 3
1 -1.55431e-13
2 -6.21725e-15
3 2.0961e-13
14888 3
1 -1.4122e-13
2 -4.21885e-14
3 2.14051e-13
14890 3
1 -1.73195e-13
2 -3.73035e-14
3 2.30038e-13
14892 3
1 -1.45217e-13
2 -3.24185e-14
3 2.26485e-13
14894 3
1 -1.78524e-13
2 -4.75175e-14
3 1.82965e-13
14896 3
1 -1.73195e-13
2 -1.15463e-14
3 2.30926e-13
14898 3
1 -1.42997e-13
2 -1.64313e-14
3 1.89182e-13
14900 3
1 -1.52767e-13
2 -1.42109e-14
3 1.95399e-13
14902 3
1 -1.66978e-13
2 -1.59872e-14
3 2.02505e-13
14904 3
1 -1.54543e-13
2 -3.9968e-15
3 2.15827e-13
14906 3
1 -1.42997e-13
2 -6.66134e-15
3 2.30926e-13
14908 3
1 -1.66089e-13
2 -3.15303e-14
3 2.06057e-13
14910 3
1 -1.81188e-13
2 -2.04281e-14
3 1.94511e-13
14912 3
1 -1.40332e-13
2 -3.9746e-14
3 1.91847e-13
14914 3
1 -1.47438e-13
2 -2.77556e-14
3 1.81188e-13
14916 3
1 -1.5099e-13
2 -6.9722e-14
3 2.14051e-13
14918 3
1 -1.7053e-13
2 -2.62013e-14
3 2.25597e-13
14920 3
1 -1.56319e-13
2 -2.53131e-14
3 2.00728e-13
14922 3
1 -1.42109e-13
2 -2.86438e-14
3 2.10498e-13
14924 3
1 -1.46549e-13
2 -2.93099e-14
3 2.36255e-13
14926 3
1 -1.48326e-13
2 -4.66294e-14
3 2.18492e-13
14928 3
1 -1.61648e-13
2 -2.53131e-14
3 2.23821e-13
14930 3
1 -1.56319e-13
2 -4.81837e-14
3 1.88294e-13
14932 3
1 -1.43885e-13
2 -1.22125e-14
3 2.14939e-13
14934 3
1 -1.33227e-13
2 -2.24265e-14
3 2.22045e-13
14936 3
1 -1.39444e-13
2 -4.81837e-14
3 2.1938e-13
14938 3
1 -1.61648e-13
2 -3.28626e-14
3 2.11386e-13
14940 3
1 -1.59872e-13
2 -2.62013e-14
3 2.38032e-13
14942 3
1 -1.63425e-13
2 -3.13083e-14
3 2.55795e-13
14944 3
1 -1.51879e-13
2 -3.84137e-14
3 2.46914e-13
14946 3
1 -1.45661e-13
2 -5.37348e-14
3 2.32703e-13
14948 3
1 -1.43885e-13
2 -1.11022e-14
3 2.07834e-13
14950 3
1 -1.53655e-13
2 -5.01821e-14
3 2.18492e-13
14952 3
1 -1.46549e-13
2 -5.30687e-14
3 2.1938e-13
14954 3
1 -1.6076e-13
2 -2.77556e-14
3 2.0961e-13
14956 3
1 -1.39444e-13
2 -4.13003e-14
3 2.13163e-13
14958 3
1 -1.40332e-13
2 -4.06342e-14
3 2.10498e-13
14960 3
1 -1.47438e-13
2 -3.33067e-14
3 2.12275e-13
14962 3
1 -1.55431e-13
2 -5.90639e-14
3 1.88294e-13
14964 3
1 -1.5099e-13
2 -6.77236e-14
3 2.30926e-13
14966 3
1 -1.39444e-13
2 -2.53131e-14
3 2.06946e-13
14968 3
1 -1.3145e-13
2 -5.35127e-14
3 2.14051e-13
14970 3
1 -1.38556e-13
2 -2.62013e-14
3 2.07834e-13
14972 3
1 -1.29674e-13
2 -4.01901e-14
3 2.27374e-13
14974 3
1 -1.27898e-13
2 -2.79776e-14
3 2.37144e-13
14976 3
1 -1.28786e-13
2 -6.32827e-14
3 2.36255e-13
14978 3
1 -1.40332e-13
2 -2.70894e-14
3 2.75335e-13
14980 3
1 -1.39444e-13
2 -4.01901e-14
3 2.06057e-13
14982 3
1 -1.35891e-13
2 -3.13083e-14
3 2.67342e-13
14984 3
1 -1.35891e-13
2 -4.92939e-14
3 2.56684e-13
14986 3
1 -1.26121e-13
2 -2.28706e-14
3 2.31815e-13
14988 3
1 -1.25233e-13
2 -3.90799e-14
3 2.30926e-13
14990 3
1 -1.36779e-13
2 -1.33227e-15
3 2.54019e-13
14992 3
1 -1.2701e-13
2 -1.28786e-14
3 2.36255e-13
14994 3
1 -1.40332e-13
2 -4.30767e-14
3 2.43361e-13
14996 3
1 -1.27898e-13
2 -5.35127e-14
3 2.20268e-13
14998 3
1 -1.3145e-13
2 -3.08642e-14
3 2.31815e-13
15000 3
1 -1.43885e-13
2 -1.9984e-14
3 2.47802e-13
15002 3
1 -1.37668e-13
2 -2.75335e-14
3 2.20268e-13
15004 3
1 -1.50102e-13
2 -2.10942e-14
3 2.05169e-13
15006 3
1 -1.50102e-13
2 -3.77476e-14
3 2.23821e-13
15008 3
1 -1.63425e-13
2 -3.9746e-14
3 2.46025e-13
15010 3
1 -1.44773e-13
2 -4.88498e-14
3 2.2915e-13
15012 3
1 -1.49214e-13
2 -1.46549e-14
3 2.47802e-13
15014 3
1 -1.48326e-13
2 -3.28626e-14
3 2.22933e-13
15016 3
1 -1.69642e-13
2 -4.66294e-14
3 2.36255e-13
15018 3
1 -1.61648e-13
2 -2.22045e-15
3 2.17604e-13
15020 3
1 -1.64313e-13
2 -4.84057e-14
3 2.14939e-13
15022 3
1 -1.45661e-13
2 -3.15303e-14
3 2.33591e-13
15024 3
1 -1.50102e-13
2 -1.5099e-14
3 2.13163e-13
15026 3
1 -1.66978e-13
2 -3.41949e-14
3 1.98952e-13
15028 3
1 -1.75859e-13
2 -5.9508e-14
3 2.25597e-13
15030 3
1 -1.84741e-13
2 -4.35207e-14
3 2.22933e-13
15032 3
1 -1.57208e-13
2 -4.52971e-14
3 2.02505e-13
15034 3
1 -1.45661e-13
2 -4.13003e-14
3 2.46914e-13
15036 3
1 -1.52767e-13
2 -3.81917e-14
3 2.05169e-13
15038 3
1 -1.72307e-13
2 -4.04121e-14
3 1.88294e-13
15040 3
1 -1.72307e-13
2 -5.19584e-14
3 2.02505e-13
15042 3
1 -1.69642e-13
2 -3.24185e-14
3 2.10498e-13
15044 3
1 -1.62537e-13
2 -4.35207e-14
3 2.24709e-13
15046 3
1 -1.50102e-13
2 -5.72875e-14
3 2.14051e-13
15048 3
1 -1.55431e-13
2 -3.77476e-14
3 2.0961e-13
15050 3
1 -1.50102e-13
2 -3.06422e-14
3 1.91847e-13
15052 3
1 -1.47438e-13
2 -2.39808e-14
3 2.11386e-13
15054 3
1 -1.42109e-13
2 -4.84057e-14
3 2.02505e-13
15056 3
1 -1.44773e-13
2 -2.22045e-14
3 1.81188e-13
15058 3
1 -1.66978e-13
2 -5.32907e-14
3 1.78524e-13
15060 3
1 -1.56319e-13
2 -3.95239e-14
3 1.93623e-13
15062 3
1 -1.67866e-13
2 -3.06422e-14
3 1.79412e-13
15064 3
1 -1.6076e-13
2 -5.10703e-14
3 2.0961e-13
15066 3
1 -1.81188e-13
2 -2.66454e-14
3 1.66978e-13
15068 3
1 -1.49214e-13
2 -5.06262e-14
3 1.89182e-13
15070 3
1 -1.69642e-13
2 -4.13003e-14
3 2.26485e-13
15072 3
1 -1.51879e-13
2 -5.32907e-14
3 2.06946e-13
15074 3
1 -1.69642e-13
2 -2.22045e-14
3 1.85629e-13
15076 3
1 -1.58096e-13
2 -4.35207e-14
3 1.97176e-13
15078 3
1 -1.58984e-13
2 -4.66294e-14
3 2.11386e-13
15080 3
1 -1.58096e-13
2 -5.4623e-14
3 2.04281e-13
15082 3
1 -1.67866e-13
2 -4.44089e-14
3 2.28262e-13
15084 3
1 -1.51879e-13
2 -3.06422e-14
3 2.20268e-13
15086 3
1 -1.50102e-13
2 -4.92939e-14
3 1.96287e-13
15088 3
1 -1.45661e-13
2 -6.08402e-14
3 2.06057e-13
15090 3
1 -1.53655e-13
2 -3.64153e-14
3 1.82077e-13
15092 3
1 -1.65201e-13
2 -4.04121e-14
3 1.98952e-13
15094 3
1 -1.74083e-13
2 -5.68434e-14
3 1.86517e-13
15096 3
1 -1.43885e-13
2 -3.19744e-14
3 2.02505e-13
15098 3
1 -1.58096e-13
2 -3.01981e-14
3 2.0961e-13
15100 3
1 -1.35891e-13
2 -4.35207e-14
3 1.98952e-13
15102 3
1 -1.55431e-13
2 -3.01981e-14
3 1.83853e-13
15104 3
1 -1.66089e-13
2 -3.95239e-14
3 2.14051e-13
15106 3
1 -1.49214e-13
2 -1.37668e-14
3 2.00728e-13
15108 3
1 -1.5099e-13
2 -1.73195e-14
3 1.86517e-13
15110 3
1 -1.35891e-13
2 -3.01981e-14
3 1.82965e-13
15112 3
1 -1.56319e-13
2 -3.55271e-14
3 2.13163e-13
15114 3
1 -1.57208e-13
2 -5.06262e-14
3 1.86517e-13
15116 3
1 -1.40332e-13
2 -5.68434e-14
3 1.9007e-13
15118 3
1 -1.65201e-13
2 -5.55112e-14
3 2.18492e-13
15120 3
1 -1.69642e-13
2 -7.28306e-14
3 1.98064e-13
15122 3
1 -1.55431e-13
2 -4.08562e-14
3 2.24709e-13
15124 3
1 -1.63425e-13
2 -6.30607e-14
3 1.96287e-13
15126 3
1 -1.75859e-13
2 -5.50671e-14
3 1.54543e-13
15128 3
1 -1.53655e-13
2 -5.59552e-14
3 1.7053e-13
15130 3
1 -1.58984e-13
2 -4.61853e-14
3 1.57208e-13
15132 3
1 -1.69642e-13
2 -9.41469e-14
3 1.9984e-13
15134 3
1 -1.57208e-13
2 -6.4837e-14
3 1.86517e-13
15136 3
1 -1.46549e-13
2 -5.50671e-14
3 1.89182e-13
15138 3
1 -1.6076e-13
2 -5.4623e-14
3 1.61648e-13
15140 3
1 -1.59872e-13
2 -7.59393e-14
3 1.76748e-13
15142 3
1 -1.54543e-13
2 -6.70575e-14
3 1.95399e-13
15144 3
1 -1.45661e-13
2 -2.93099e-14
3 1.81188e-13
15146 3
1 -1.55431e-13
2 -5.59552e-14
3 1.51879e-13
15148 3
1 -1.45661e-13
2 -3.81917e-14
3 1.74083e-13
15150 3
1 -1.42997e-13
2 -6.12843e-14
3 1.73195e-13
15152 3
1 -1.58096e-13
2 -5.06262e-14
3 1.72307e-13
15154 3
1 -1.35891e-13
2 -5.72875e-14
3 1.54543e-13
15156 3
1 -1.39444e-13
2 -4.57412e-14
3 1.58096e-13
15158 3
1 -1.51879e-13
2 -5.4623e-14
3 1.71418e-13
15160 3
1 -1.45661e-13
2 -7.81597e-14
3 1.78524e-13
15162 3
1 -1.58984e-13
2 -3.90799e-14
3 1.5099e-13
15164 3
1 -1.37668e-13
2 -5.41789e-14
3 1.74083e-13
15166 3
1 -1.43885e-13
2 -5.15143e-14
3 1.69642e-13
15168 3
1 -1.66978e-13
2 -6.03961e-14
3 1.77636e-13
15170 3
1 -1.35003e-13
2 -7.19425e-14
3 1.95399e-13
15172 3
1 -1.57208e-13
2 -4.26326e-14
3 1.43885e-13
15174 3
1 -1.53655e-13
2 -4.26326e-14
3 1.66978e-13
15176 3
1 -1.63425e-13
2 -7.28306e-14
3 1.52767e-13
15178 3
1 -1.53655e-13
2 -3.90799e-14
3 1.76748e-13
15180 3
1 -1.58984e-13
2 -3.55271e-14
3 1.58984e-13
15182 3
1 -1.56319e-13
2 -4.17444e-14
3 1.38556e-13
15184 3
1 -1.46549e-13
2 -7.63833e-14
3 1.56319e-13
15186 3
1 -1.32339e-13
2 -3.9968e-14
3 1.37668e-13
15188 3
1 -1.55431e-13
2 -6.26166e-14
3 1.72307e-13
15190 3
1 -1.54543e-13
2 -5.24025e-14
3 1.82965e-13
15192 3
1 -1.54543e-13
2 -4.26326e-14
3 1.78524e-13
15194 3
1 -1.4122e-13
2 -5.15143e-14
3 1.56319e-13
15196 3
1 -1.55431e-13
2 -3.73035e-14
3 1.75859e-13
15198 3
1 -1.63425e-13
2 -7.63833e-14
3 1.74083e-13
15200 3
1 -1.43885e-13
2 -4.61853e-14
3 1.79412e-13
15202 3
1 -1.52767e-13
2 -6.83897e-14
3 1.68754e-13
15204 3
1 -1.57208e-13
2 -4.44089e-14
3 1.54543e-13
15206 3
1 -1.56319e-13
2 -4.88498e-14
3 1.3145e-13
15208 3
1 -1.42109e-13
2 -2.66454e-14
3 1.51879e-13
15210 3
1 -1.52767e-13
2 -1.5099e-14
3 1.51879e-13
15212 3
1 -1.47438e-13
2 -5.55112e-14
3 1.65201e-13
15214 3
1 -1.1724e-13
2 -6.4837e-14
3 1.42997e-13
15216 3
1 -1.44773e-13
2 -5.15143e-14
3 1.5099e-13
15218 3
1 -1.4122e-13
2 -6.12843e-14
3 1.72307e-13
15220 3
1 -1.56319e-13
2 -4.30767e-14
3 1.44773e-13
15222 3
1 -1.33227e-13
2 -6.03961e-14
3 1.24345e-13
15224 3
1 -1.5099e-13
2 -2.79776e-14
3 1.35003e-13
15226 3
1 -1.59872e-13
2 -2.9754e-14
3 1.46549e-13
15228 3
1 -1.39444e-13
2 -4.39648e-14
3 1.58984e-13
15230 3
1 -1.47438e-13
2 -4.70735e-14
3 1.49214e-13
15232 3
1 -1.40332e-13
2 -4.79616e-14
3 1.42997e-13
15234 3
1 -1.20792e-13
2 -4.9738e-14
3 1.7053e-13
15236 3
1 -1.45661e-13
2 -4.26326e-14
3 1.19904e-13
15238 3
1 -1.5099e-13
2 -7.28306e-14
3 1.40332e-13
15240 3
1 -1.36779e-13
2 -3.81917e-14
3 1.5099e-13
15242 3
1 -1.54543e-13
2 -5.9508e-14
3 1.63425e-13
15244 3
1 -1.35003e-13
2 -3.55271e-14
3 1.72307e-13
15246 3
1 -1.22569e-13
2 -4.79616e-14
3 1.51879e-13
15248 3
1 -1.25233e-13
2 -3.9968e-14
3 1.49214e-13
15250 3
1 -1.35003e-13
2 -2.26485e-14
3 1.79412e-13
15252 3
1 -1.42109e-13
2 -1.77636e-14
3 1.65201e-13
15254 3
1 -1.36779e-13
2 -3.15303e-14
3 1.79412e-13
15256 3
1 -1.1724e-13
2 -3.37508e-14
3 1.76748e-13
15258 3
1 -1.22569e-13
2 -1.02141e-14
3 1.68754e-13
15260 3
1 -1.26121e-13
2 -3.19744e-14
3 1.84741e-13
15262 3
1 -1.5099e-13
2 -1.95399e-14
3 1.82077e-13
15264 3
1 -1.36779e-13
2 -4.9738e-14
3 1.79412e-13
15266 3
1 -1.27898e-13
2 -5.15143e-14
3 1.65201e-13
15268 3
1 -1.24345e-13
2 -3.33067e-14
3 1.50102e-13
15270 3
1 -1.36779e-13
2 -2.84217e-14
3 1.74083e-13
15272 3
1 -1.36779e-13
2 -5.86198e-14
3 1.95399e-13
15274 3
1 -1.33227e-13
2 -3.95239e-14
3 1.7053e-13
15276 3
1 -1.5099e-13
2 -4.21885e-14
3 1.66978e-13
15278 3
1 -1.33227e-13
2 -6.03961e-14
3 1.61648e-13
15280 3
1 -1.61648e-13
2 -1.86517e-14
3 1.88294e-13
15282 3
1 -1.49214e-13
2 -4.35207e-14
3 1.55431e-13
15284 3
1 -1.35003e-13
2 -1.77636e-14
3 1.68754e-13
15286 3
1 -1.52767e-13
2 -3.9968e-14
3 1.63425e-13
15288 3
1 -1.1724e-13
2 -4.21885e-14
3 1.72307e-13
15290 3
1 -1.38556e-13
2 -5.32907e-14
3 1.77636e-13
15292 3
1 -1.29674e-13
2 -6.43929e-14
3 1.29674e-13
15294 3
1 -1.43885e-13
2 -3.41949e-14
3 1.53655e-13
15296 3
1 -1.43885e-13
2 -3.37508e-14
3 1.58096e-13
15298 3
1 -1.47438e-13
2 -2.70894e-14
3 1.58096e-13
15300 3
1 -1.36779e-13
2 -2.84217e-14
3 1.79412e-13
15302 3
1 -1.42109e-13
2 -1.77636e-14
3 1.35003e-13
15304 3
1 -1.45661e-13
2 -4.08562e-14
3 1.5099e-13
15306 3
1 -1.56319e-13
2 -2.84217e-14
3 1.79412e-13
15308 3
1 -1.47438e-13
2 -3.4639e-14
3 1.51879e-13
15310 3
1 -1.45661e-13
2 -2.39808e-14
3 1.63425e-13
15312 3
1 -1.3145e-13
2 -6.70575e-14
3 1.50102e-13
15314 3
1 -1.43885e-13
2 -3.9968e-14
3 1.40332e-13
15316 3
1 -1.54543e-13
2 -2.22045e-14
3 1.73195e-13
15318 3
1 -1.40332e-13
2 -5.68434e-14
3 1.68754e-13
15320 3
1 -1.58096e-13
2 -3.55271e-14
3 1.74083e-13
15322 3
1 -1.37668e-13
2 -5.59552e-14
3 1.58984e-13
15324 3
1 -1.53655e-13
2 -2.93099e-14
3 1.76748e-13
15326 3
1 -1.58096e-13
2 -6.66134e-15
3 1.79412e-13
15328 3
1 -1.68754e-13
2 -5.90639e-14
3 1.61648e-13
15330 3
1 -1.45661e-13
2 -4.35207e-14
3 1.75859e-13
15332 3
1 -1.35003e-13
2 -6.21725e-14
3 1.7053e-13
15334 3
1 -1.58096e-13
2 -4.08562e-14
3 1.78524e-13
15336 3
1 -1.54543e-13
2 -2.22045e-14
3 1.44773e-13
15338 3
1 -1.42109e-13
2 -2.4869e-14
3 1.68754e-13
15340 3
1 -1.54543e-13
2 -4.70735e-14
3 1.51879e-13
15342 3
1 -1.38556e-13
2 -4.08562e-14
3 1.81188e-13
15344 3
1 -1.72307e-13
2 -2.22045e-14
3 1.35891e-13
15346 3
1 -1.35003e-13
2 -5.9952e-14
3 1.47438e-13
15348 3
1 -1.42109e-13
2 -2.66454e-14
3 1.5099e-13
15350 3
1 -1.49214e-13
2 -4.88498e-14
3 1.68754e-13
15352 3
1 -1.54543e-13
2 -5.24025e-14
3 1.55431e-13
15354 3
1 -1.35003e-13
2 -3.01981e-14
3 1.43885e-13
15356 3
1 -1.45661e-13
2 -3.01981e-14
3 1.25233e-13
15358 3
1 -1.43885e-13
2 -3.55271e-14
3 1.29674e-13
15360 3
1 -1.42109e-13
2 -2.70894e-14
3 1.35891e-13
15362 3
1 -1.36779e-13
2 -2.35367e-14
3 1.18128e-13
15364 3
1 -1.35003e-13
2 -3.5083e-14
3 1.42997e-13
15366 3
1 -1.45661e-13
2 -3.37508e-14
3 1.40332e-13
15368 3
1 -1.36779e-13
2 -3.4639e-14
3 1.18128e-13
15370 3
1 -1.43885e-13
2 -3.81917e-14
3 1.4122e-13
15372 3
1 -1.40332e-13
2 -3.24185e-14
3 1.15463e-13
15374 3
1 -1.42109e-13
2 -3.86358e-14
3 1.25233e-13
15376 3
1 -1.40332e-13
2 -6.26166e-14
3 1.29674e-13
15378 3
1 -1.40332e-13
2 -3.4639e-14
3 1.40332e-13
15380 3
1 -1.40332e-13
2 -2.35367e-14
3 1.35003e-13
15382 3
1 -1.43885e-13
2 -3.81917e-14
3 1.28786e-13
15384 3
1 -1.22569e-13
2 -2.22045e-15
3 1.3145e-13
15386 3
1 -1.27898e-13
2 -3.90799e-14
3 1.54543e-13
15388 3
1 -1.26121e-13
2 -3.01981e-14
3 1.53655e-13
15390 3
1 -1.32339e-13
2 -2.22045e-14
3 1.42997e-13
15392 3
1 -1.35891e-13
2 -3.5083e-14
3 1.24345e-13
15394 3
1 -1.35891e-13
2 -3.28626e-14
3 1.20792e-13
15396 3
1 -1.40332e-13
2 -2.08722e-14
3 1.35003e-13
15398 3
1 -1.45661e-13
2 -2.04281e-14
3 1.18128e-13
15400 3
1 -1.49214e-13
2 -2.57572e-14
3 1.45661e-13
15402 3
1 -1.27898e-13
2 -2.53131e-14
3 1.26121e-13
15404 3
1 -1.29674e-13
2 -4.13003e-14
3 1.42997e-13
15406 3
1 -1.49214e-13
2 -4.4853e-14
3 1.15463e-13
15408 3
1 -1.29674e-13
2 -1.28786e-14
3 1.24345e-13
15410 3
1 -1.56319e-13
2 -1.19904e-14
3 1.35891e-13
15412 3
1 -1.54543e-13
2 -3.4639e-14
3 1.27898e-13
15414 3
1 -1.33227e-13
2 -4.26326e-14
3 1.35891e-13
15416 3
1 -1.36779e-13
2 -2.17604e-14
3 1.1191e-13
15418 3
1 -1.52767e-13
2 -4.08562e-14
3 1.57208e-13
15420 3
1 -1.45661e-13
2 -4.70735e-14
3 1.58984e-13
15422 3
1 -1.35003e-13
2 -2.17604e-14
3 1.40332e-13
15424 3
1 -1.38556e-13
2 -3.9968e-14
3 1.53655e-13
15426 3
1 -1.43885e-13
2 -1.42109e-14
3 1.47438e-13
15428 3
1 -1.29674e-13
2 -2.70894e-14
3 1.56319e-13
15430 3
1 -1.24345e-13
2 -2.22045e-14
3 1.7053e-13
15432 3
1 -1.35003e-13
2 2.66454e-15
3 1.76748e-13
15434 3
1 -1.56319e-13
2 -5.81757e-14
3 1.6076e-13
15436 3
1 -1.54543e-13
2 -4.04121e-14
3 1.5099e-13
15438 3
1 -1.45661e-13
2 -1.77636e-14
3 1.35003e-13
15440 3
1 -1.19016e-13
2 -2.13163e-14
3 1.49214e-13
15442 3
1 -1.43885e-13
2 -1.90958e-14
3 1.50102e-13
15444 3
1 -1.33227e-13
2 -2.57572e-14
3 1.24345e-13
15446 3
1 -1.58096e-13
2 -2.88658e-14
3 1.49214e-13
15448 3
1 -1.43885e-13
2 -3.95239e-14
3 1.62537e-13
15450 3
1 -1.40332e-13
2 -5.90639e-14
3 1.54543e-13
15452 3
1 -1.52767e-13
2 -1.46549e-14
3 1.29674e-13
15454 3
1 -1.5099e-13
2 -8.88178e-16
3 1.36779e-13
15456 3
1 -1.54543e-13
2 -2.4869e-14
3 1.42997e-13
15458 3
1 -1.42109e-13
2 -5.41789e-14
3 1.68754e-13
15460 3
1 -1.29674e-13
2 -2.93099e-14
3 1.29674e-13
15462 3
1 -1.26121e-13
2 -7.99361e-15
3 1.79412e-13
15464 3
1 -1.45661e-13
2 -3.90799e-14
3 1.59872e-13
15466 3
1 -1.29674e-13
2 -1.90958e-14
3 1.52767e-13
15468 3
1 -1.59872e-13
2 -3.73035e-14
3 1.36779e-13
15470 3
1 -1.38556e-13
2 -3.77476e-14
3 1.62537e-13
15472 3
1 -1.38556e-13
2 -4.44089e-14
3 1.75859e-13
15474 3
1 -1.58096e-13
2 -1.28786e-14
3 1.96287e-13
15476 3
1 -1.36779e-13
2 -4.30767e-14
3 1.73195e-13
15478 3
1 -1.40332e-13
2 -2.4869e-14
3 1.76748e-13
15480 3
1 -1.24345e-13
2 -1.9984e-14
3 1.9007e-13
15482 3
1 -1.36779e-13
2 -2.22045e-14
3 1.26121e-13
15484 3
1 -1.40332e-13
2 -2.64233e-14
3 1.66978e-13
15486 3
1 -1.26121e-13
2 -3.88578e-14
3 1.76748e-13
15488 3
1 -1.35003e-13
2 -3.28626e-14
3 1.64313e-13
15490 3
1 -1.33227e-13
2 -3.01981e-14
3 1.65201e-13
15492 3
1 -1.40332e-13
2 -3.64153e-14
3 1.7053e-13
15494 3
1 -1.10134e-13
2 -1.86517e-14
3 1.37668e-13
15496 3
1 -1.36779e-13
2 -2.62013e-14
3 1.54543e-13
15498 3
1 -1.45661e-13
2 -3.9968e-14
3 1.35003e-13
15500 3
1 -1.19016e-13
2 -3.4639e-14
3 1.45661e-13
15502 3
1 -1.42109e-13
2 -1.86517e-14
3 1.4122e-13
15504 3
1 -1.3145e-13
2 -4.17444e-14
3 1.65201e-13
15506 3
1 -1.15463e-13
2 -1.95399e-14
3 1.23457e-13
15508 3
1 -1.24345e-13
2 -1.95399e-14
3 1.43885e-13
15510 3
1 -1.26121e-13
2 -4.84057e-14
3 1.55431e-13
15512 3
1 -1.24345e-13
2 -2.4869e-14
3 1.50102e-13
15514 3
1 -1.47438e-13
2 -1.90958e-14
3 1.36779e-13
15516 3
1 -1.36779e-13
2 -3.59712e-14
3 1.30562e-13
15518 3
1 -1.33227e-13
2 -3.19744e-14
3 1.49214e-13
15520 3
1 -1.35003e-13
2 -2.39808e-14
3 1.54543e-13
15522 3
1 -1.5099e-13
2 -3.10862e-14
3 1.37668e-13
15524 3
1 -1.3145e-13
2 -4.13003e-14
3 1.40332e-13
15526 3
1 -1.45661e-13
2 -1.19904e-14
3 1.4122e-13
15528 3
1 -1.3145e-13
2 -4.88498e-15
3 1.20792e-13
15530 3
1 -1.26121e-13
2 -1.37668e-14
3 1.3145e-13
15532 3
1 -1.26121e-13
2 -3.86358e-14
3 1.40332e-13
15534 3
1 -1.45661e-13
2 -2.44249e-14
3 1.37668e-13
15536 3
1 -1.1724e-13
2 -5.81757e-14
3 1.46549e-13
15538 3
1 -1.52767e-13
2 -3.06422e-14
3 1.72307e-13
15540 3
1 -1.38556e-13
2 -4.66294e-14
3 1.2701e-13
15542 3
1 -1.27898e-13
2 -3.9968e-14
3 1.34115e-13
15544 3
1 -1.29674e-13
2 -2.17604e-14
3 1.42997e-13
15546 3
1 -1.27898e-13
2 -6.26166e-14
3 1.56319e-13
15548 3
1 -1.3145e-13
2 -2.84217e-14
3 1.40332e-13
15550 3
1 -1.40332e-13
2 -4.21885e-14
3 1.24345e-13
15552 3
1 -1.38556e-13
2 -4.35207e-14
3 1.56319e-13
15554 3
1 -1.5099e-13
2 -4.66294e-14
3 1.72307e-13
15556 3
1 -1.35003e-13
2 -1.73195e-14
3 1.59872e-13
15558 3
1 -1.42109e-13
2 -4.88498e-14
3 1.43885e-13
15560 3
1 -1.26121e-13
2 -2.57572e-14
3 1.63425e-13
15562 3
1 -1.56319e-13
2 -4.08562e-14
3 1.32339e-13
15564 3
1 -1.42109e-13
2 -5.08482e-14
3 1.68754e-13
15566 3
1 -1.3145e-13
2 -1.9984e-15
3 1.38556e-13
15568 3
1 -1.5099e-13
2 -3.24185e-14
3 1.34115e-13
15570 3
1 -1.45661e-13
2 -5.28466e-14
3 1.5099e-13
15572 3
1 -1.46549e-13
2 -2.13163e-14
3 1.57208e-13
15574 3
1 -1.51879e-13
2 -6.08402e-14
3 1.64313e-13
15576 3
1 -1.55431e-13
2 -3.19744e-14
3 1.52767e-13
15578 3
1 -1.59872e-13
2 -3.28626e-14
3 1.62537e-13
15580 3
1 -1.54543e-13
2 -2.75335e-14
3 1.71418e-13
15582 3
1 -1.38556e-13
2 -4.04121e-14
3 1.58984e-13
15584 3
1 -1.42997e-13
2 -4.4853e-14
3 1.55431e-13
15586 3
1 -1.61648e-13
2 -4.57412e-14
3 1.72307e-13
15588 3
1 -1.62537e-13
2 -2.39808e-14
3 1.67866e-13
15590 3
1 -1.6076e-13
2 -5.32907e-15
3 1.76748e-13
15592 3
1 -1.62537e-13
2 -1.42109e-14
3 1.92735e-13
15594 3
1 -1.69642e-13
2 -3.01981e-14
3 1.59872e-13
15596 3
1 -1.64313e-13
2 -2.26485e-14
3 1.61648e-13
15598 3
1 -1.45661e-13
2 -4.9738e-14
3 1.73195e-13
15600 3
1 -1.73195e-13
2 -4.19664e-14
3 1.87406e-13
15602 3
1 -1.77636e-13
2 -4.92939e-14
3 1.54543e-13
15604 3
1 -1.77636e-13
2 -4.28546e-14
3 1.58096e-13
15606 3
1 -1.40332e-13
2 -5.17364e-14
3 1.75859e-13
15608 3
1 -1.58096e-13
2 -3.68594e-14
3 1.51879e-13
15610 3
1 -1.52767e-13
2 -5.4845e-14
3 2.04281e-13
15612 3
1 -1.72307e-13
2 -5.28466e-14
3 1.58096e-13
15614 3
1 -1.64313e-13
2 -2.70894e-14
3 1.803e-13
15616 3
1 -1.65201e-13
2 -3.17524e-14
3 1.78524e-13
15618 3
1 -1.66978e-13
2 -2.4647e-14
3 2.04281e-13
15620 3
1 -1.44773e-13
2 -1.24345e-14
3 1.79412e-13
15622 3
1 -1.45661e-13
2 -4.21885e-14
3 1.78524e-13
15624 3
1 -1.48326e-13
2 -4.55191e-14
3 1.69642e-13
15626 3
1 -1.5099e-13
2 -7.12763e-14
3 1.86517e-13
15628 3
1 -1.75859e-13
2 -3.9746e-14
3 1.96287e-13
15630 3
1 -1.50102e-13
2 -3.13083e-14
3 1.803e-13
15632 3
1 -1.63425e-13
2 -4.68514e-14
3 1.53655e-13
15634 3
1 -1.73195e-13
2 -2.84217e-14
3 1.7053e-13
15636 3
1 -1.53655e-13
2 -3.75255e-14
3 1.78524e-13
15638 3
1 -1.81188e-13
2 -4.04121e-14
3 1.803e-13
15640 3
1 -1.71418e-13
2 -3.90799e-14
3 1.86517e-13
15642 3
1 -1.61648e-13
2 -5.21805e-14
3 1.9984e-13
15644 3
1 -1.7053e-13
2 -5.59552e-14
3 1.91847e-13
15646 3
1 -1.62537e-13
2 -5.19584e-14
3 1.803e-13
15648 3
1 -1.69642e-13
2 -4.50751e-14
3 2.03393e-13
15650 3
1 -1.81188e-13
2 -5.72875e-14
3 1.91847e-13
15652 3
1 -1.85629e-13
2 -4.86278e-14
3 1.77636e-13
15654 3
1 -1.77636e-13
2 -3.64153e-14
3 2.06946e-13
15656 3
1 -1.84741e-13
2 -4.66294e-14
3 1.73195e-13
15658 3
1 -1.67866e-13
2 -5.63993e-14
3 1.94511e-13
15660 3
1 -1.67866e-13
2 -4.41869e-14
3 1.87406e-13
15662 3
1 -2.00728e-13
2 -2.44249e-14
3 1.63425e-13
15664 3
1 -1.72307e-13
2 -4.06342e-14
3 1.68754e-13
15666 3
1 -1.4122e-13
2 -5.24025e-14
3 2.06946e-13
15668 3
1 -1.86517e-13
2 -4.64073e-14
3 2.01617e-13
15670 3
1 -1.72307e-13
2 -1.86517e-14
3 1.90958e-13
15672 3
1 -1.92735e-13
2 -3.57492e-14
3 1.76748e-13
15674 3
1 -1.62537e-13
2 -3.10862e-14
3 1.9007e-13
15676 3
1 -1.67866e-13
2 -4.32987e-14
3 1.84741e-13
15678 3
1 -1.74971e-13
2 -5.68434e-14
3 1.91847e-13
15680 3
1 -1.66978e-13
2 -4.08562e-14
3 1.75859e-13
15682 3
1 -1.76748e-13
2 -2.93099e-14
3 2.16716e-13
15684 3
1 -1.67866e-13
2 -2.64233e-14
3 2.04281e-13
15686 3
1 -1.57208e-13
2 -3.28626e-14
3 1.88294e-13
15688 3
1 -1.59872e-13
2 -4.37428e-14
3 1.82077e-13
15690 3
1 -1.68754e-13
2 -5.9508e-14
3 2.00728e-13
15692 3
1 -1.68754e-13
2 -6.08402e-14
3 1.94511e-13
15694 3
1 -1.63425e-13
2 -4.57412e-14
3 1.78524e-13
15696 3
1 -1.79412e-13
2 -6.35048e-14
3 2.03393e-13
15698 3
1 -1.48326e-13
2 -4.92939e-14
3 1.90958e-13
15700 3
1 -1.54543e-13
2 -4.64073e-14
3 1.74971e-13
15702 3
1 -1.36779e-13
2 -6.32827e-14
3 1.95399e-13
15704 3
1 -1.55431e-13
2 -6.37268e-14
3 1.78524e-13
15706 3
1 -1.46549e-13
2 -6.77236e-14
3 1.9984e-13
15708 3
1 -1.49214e-13
2 -8.57092e-14
3 1.89182e-13
15710 3
1 -1.56319e-13
2 -4.95159e-14
3 1.66089e-13
15712 3
1 -1.52767e-13
2 -5.63993e-14
3 1.93623e-13
15714 3
1 -1.65201e-13
2 -6.30607e-14
3 1.92735e-13
15716 3
1 -1.50102e-13
2 -6.06182e-14
3 1.74083e-13
15718 3
1 -1.62537e-13
2 -6.30607e-14
3 1.57208e-13
15720 3
1 -1.55431e-13
2 -4.90719e-14
3 2.03393e-13
15722 3
1 -1.29674e-13
2 -5.66214e-14
3 1.74971e-13
15724 3
1 -1.47438e-13
2 -6.41709e-14
3 1.51879e-13
15726 3
1 -1.6076e-13
2 -6.77236e-14
3 1.83853e-13
15728 3
1 -1.54543e-13
2 -5.08482e-14
3 2.02505e-13
15730 3
1 -1.54543e-13
2 -4.30767e-14
3 1.75859e-13
15732 3
1 -1.54543e-13
2 -4.52971e-14
3 1.96287e-13
15734 3
1 -1.61648e-13
2 -3.55271e-14
3 1.92735e-13
15736 3
1 -1.63425e-13
2 -3.95239e-14
3 2.04281e-13
15738 3
1 -1.81188e-13
2 -4.66294e-14
3 1.97176e-13
15740 3
1 -1.57208e-13
2 -4.77396e-14
3 1.803e-13
15742 3
1 -1.4122e-13
2 -4.92939e-14
3 1.72307e-13
15744 3
1 -1.74083e-13
2 -5.75096e-14
3 1.97176e-13
15746 3
1 -1.49214e-13
2 -6.43929e-14
3 1.81188e-13
15748 3
1 -1.61648e-13
2 -4.68514e-14
3 1.81188e-13
15750 3
1 -1.50102e-13
2 -5.30687e-14
3 2.0961e-13
15752 3
1 -1.71418e-13
2 -5.63993e-14
3 2.03393e-13
15754 3
1 -1.57208e-13
2 -3.06422e-14
3 1.86517e-13
15756 3
1 -1.66089e-13
2 -4.66294e-14
3 1.92735e-13
15758 3
1 -1.61648e-13
2 -4.52971e-14
3 2.14051e-13
15760 3
1 -1.68754e-13
2 -2.81997e-14
3 2.06946e-13
15762 3
1 -1.74971e-13
2 -6.39488e-14
3 1.96287e-13
15764 3
1 -1.57208e-13
2 -3.79696e-14
3 2.06057e-13
15766 3
1 -1.74971e-13
2 -5.24025e-14
3 2.16716e-13
15768 3
1 -1.69642e-13
2 -3.44169e-14
3 1.76748e-13
15770 3
1 -1.49214e-13
2 -3.10862e-14
3 1.803e-13
15772 3
1 -1.42997e-13
2 -5.28466e-14
3 2.15827e-13
15774 3
1 -1.79412e-13
2 -5.32907e-14
3 1.78524e-13
15776 3
1 -1.58096e-13
2 -3.77476e-14
3 1.89182e-13
15778 3
1 -1.65201e-13
2 -7.06102e-14
3 1.88294e-13
15780 3
1 -1.803e-13
2 -2.84217e-14
3 1.87406e-13
15782 3
1 -1.58096e-13
2 -4.84057e-14
3 1.91847e-13
15784 3
1 -1.56319e-13
2 -3.15303e-14
3 2.0961e-13
15786 3
1 -1.71418e-13
2 -4.44089e-14
3 1.98952e-13
15788 3
1 -1.52767e-13
2 -5.68434e-14
3 2.02505e-13
15790 3
1 -1.51879e-13
2 -5.72875e-14
3 2.00728e-13
15792 3
1 -1.57208e-13
2 -5.32907e-14
3 1.94511e-13
15794 3
1 -1.51879e-13
2 -7.32747e-14
3 1.72307e-13
15796 3
1 -1.49214e-13
2 -5.9508e-14
3 1.86517e-13
15798 3
1 -1.67866e-13
2 -7.50511e-14
3 1.97176e-13
15800 3
1 -1.62537e-13
2 -5.32907e-14
3 2.01617e-13
15802 3
1 -1.52767e-13
2 -6.12843e-14
3 1.90958e-13
15804 3
1 -1.69642e-13
2 -7.14984e-14
3 1.95399e-13
15806 3
1 -1.68754e-13
2 -6.92779e-14
3 2.04281e-13
15808 3
1 -1.65201e-13
2 -7.9492e-14
3 2.00728e-13
15810 3
1 -1.51879e-13
2 -6.21725e-14
3 2.39808e-13
15812 3
1 -1.3145e-13
2 -9.05942e-14
3 2.22045e-13
15814 3
1 -1.5099e-13
2 -5.59552e-14
3 2.33591e-13
15816 3
1 -1.49214e-13
2 -5.9508e-14
3 2.0961e-13
15818 3
1 -1.46549e-13
2 -6.61693e-14
3 2.18492e-13
15820 3
1 -1.54543e-13
2 -7.41629e-14
3 1.93623e-13
15822 3
1 -1.53655e-13
2 -7.59393e-14
3 2.20268e-13
15824 3
1 -1.37668e-13
2 -5.37348e-14
3 2.23821e-13
15826 3
1 -1.56319e-13
2 -6.03961e-14
3 1.73195e-13
15828 3
1 -1.47438e-13
2 -5.72875e-14
3 2.01617e-13
15830 3
1 -1.42997e-13
2 -5.59552e-14
3 2.22045e-13
15832 3
1 -1.25233e-13
2 -5.59552e-14
3 2.15827e-13
15834 3
1 -1.43885e-13
2 -5.68434e-14
3 2.15827e-13
15836 3
1 -1.51879e-13
2 -5.77316e-14
3 2.28262e-13
15838 3
1 -1.65201e-13
2 -5.41789e-14
3 2.06057e-13
15840 3
1 -1.32339e-13
2 -4.08562e-14
3 1.98952e-13
15842 3
1 -1.38556e-13
2 -5.06262e-14
3 2.22933e-13
15844 3
1 -1.45661e-13
2 -4.52971e-14
3 2.00728e-13
15846 3
1 -1.44773e-13
2 -3.10862e-14
3 2.04281e-13
15848 3
1 -1.69642e-13
2 -1.46549e-14
3 2.07834e-13
15850 3
1 -1.53655e-13
2 -3.01981e-14
3 1.81188e-13
15852 3
1 -1.53655e-13
2 -3.95239e-14
3 2.06946e-13
15854 3
1 -1.74083e-13
2 -3.9968e-14
3 2.25597e-13
15856 3
1 -1.53655e-13
2 -2.30926e-14
3 2.08722e-13
15858 3
1 -1.58096e-13
2 -3.81917e-14
3 1.98064e-13
15860 3
1 -1.49214e-13
2 -4.04121e-14
3 2.20268e-13
15862 3
1 -1.6076e-13
2 -4.4853e-14
3 2.22933e-13
15864 3
1 -1.6076e-13
2 -3.4639e-14
3 2.07834e-13
15866 3
1 -1.5099e-13
2 -6.21725e-14
3 2.13163e-13
15868 3
1 -1.5099e-13
2 -3.59712e-14
3 2.02505e-13
15870 3
1 -1.75859e-13
2 -4.52971e-14
3 2.06946e-13
15872 3
1 -1.59872e-13
2 -5.77316e-14
3 1.9984e-13
15874 3
1 -1.58984e-13
2 -3.86358e-14
3 2.14939e-13
15876 3
1 -1.67866e-13
2 -3.59712e-14
3 2.62013e-13
15878 3
1 -1.33227e-13
2 -5.28466e-14
3 2.14939e-13
15880 3
1 -1.35891e-13
2 -3.4639e-14
3 2.11386e-13
15882 3
1 -1.46549e-13
2 -4.61853e-14
3 2.41585e-13
15884 3
1 -1.5099e-13
2 -3.59712e-14
3 2.06057e-13
15886 3
1 -1.54543e-13
2 -2.75335e-14
3 2.13163e-13
15888 3
1 -1.56319e-13
2 -4.17444e-14
3 2.23821e-13
15890 3
1 -1.67866e-13
2 -2.84217e-14
3 2.37144e-13
15892 3
1 -1.69642e-13
2 -2.30926e-14
3 2.11386e-13
15894 3
1 -1.7053e-13
2 -3.68594e-14
3 2.30926e-13
15896 3
1 -1.54543e-13
2 -2.62013e-14
3 2.14939e-13
15898 3
1 -1.5099e-13
2 -4.44089e-14
3 2.3892e-13
15900 3
1 -1.59872e-13
2 -1.59872e-14
3 2.20268e-13
15902 3
1 -1.76748e-13
2 -3.5083e-14
3 2.32703e-13
15904 3
1 -1.55431e-13
2 -1.64313e-14
3 2.49578e-13
15906 3
1 -1.6076e-13
2 -2.13163e-14
3 2.27374e-13
15908 3
1 -1.37668e-13
2 -3.4639e-14
3 2.54907e-13
15910 3
1 -1.83853e-13
2 -1.55431e-14
3 2.41585e-13
15912 3
1 -1.69642e-13
2 -4.08562e-14
3 2.63789e-13
15914 3
1 -1.66978e-13
2 -2.44249e-14
3 2.50466e-13
15916 3
1 -1.79412e-13
2 -3.37508e-14
3 2.30926e-13
15918 3
1 -1.9007e-13
2 -3.10862e-14
3 2.54907e-13
15920 3
1 -1.75859e-13
2 -2.75335e-14
3 2.30038e-13
15922 3
1 -1.7053e-13
2 -3.55271e-14
3 2.34479e-13
15924 3
1 -1.86517e-13
2 -2.04281e-14
3 2.39808e-13
15926 3
1 -1.76748e-13
2 -3.77476e-14
3 2.50466e-13
15928 3
1 -1.45661e-13
2 -4.26326e-14
3 2.46914e-13
15930 3
1 -1.74971e-13
2 -2.4869e-14
3 2.30926e-13
15932 3
1 -1.7053e-13
2 -3.55271e-14
3 2.67342e-13
15934 3
1 -1.85629e-13
2 -4.70735e-14
3 2.62901e-13
15936 3
1 -1.86517e-13
2 -4.17444e-14
3 2.46025e-13
15938 3
1 -1.84741e-13
2 -1.55431e-14
3 2.10498e-13
15940 3
1 -1.77192e-13
2 -3.9968e-14
3 2.52243e-13
15942 3
1 -1.76748e-13
2 -2.93099e-14
3 2.25597e-13
15944 3
1 -1.83853e-13
2 -3.55271e-15
3 2.15827e-13
15946 3
1 -1.95843e-13
2 -1.86517e-14
3 2.37144e-13
15948 3
1 -1.86517e-13
2 -2.30926e-14
3 2.14939e-13
15950 3
1 -2.01617e-13
2 -1.42109e-14
3 2.47802e-13
15952 3
1 -1.98064e-13
2 -5.15143e-14
3 2.28262e-13
15954 3
1 -1.9762e-13
2 -3.19744e-14
3 2.28262e-13
15956 3
1 -1.97176e-13
2 -1.46549e-14
3 2.46025e-13
15958 3
1 -1.80744e-13
2 -1.5099e-14
3 2.45137e-13
15960 3
1 -2.00728e-13
2 -4.70735e-14
3 2.31815e-13
15962 3
1 -1.87406e-13
2 -1.42109e-14
3 2.40696e-13
15964 3
1 -1.98508e-13
2 -6.19504e-14
3 2.2915e-13
15966 3
1 -1.92735e-13
2 -3.70814e-14
3 2.28262e-13
15968 3
1 -1.803e-13
2 -3.86358e-14
3 2.67342e-13
15970 3
1 -1.75859e-13
2 -3.21965e-14
3 2.4869e-13
15972 3
1 -2.04281e-13
2 -5.35127e-14
3 2.57572e-13
15974 3
1 -1.85629e-13
2 -4.37428e-14
3 2.70006e-13
15976 3
1 -1.76748e-13
2 -3.5083e-14
3 2.52243e-13
15978 3
1 -1.82077e-13
2 -3.86358e-14
3 2.55795e-13
15980 3
1 -2.00728e-13
2 -3.33067e-14
3 2.62901e-13
15982 3
1 -2.12275e-13
2 -5.55112e-14
3 2.70006e-13
15984 3
1 -2.01617e-13
2 -6.26166e-14
3 2.70006e-13
15986 3
1 -2.06057e-13
2 -5.81757e-14
3 2.57572e-13
15988 3
1 -1.9007e-13
2 -5.35127e-14
3 2.62901e-13
15990 3
1 -1.803e-13
2 -6.08402e-14
3 2.52243e-13
15992 3
1 -2.04281e-13
2 -6.55032e-14
3 2.57572e-13
15994 3
1 -1.96287e-13
2 -5.04041e-14
3 2.52243e-13
15996 3
1 -2.12275e-13
2 -6.95e-14
3 2.71783e-13
15998 3
1 -1.89182e-13
2 -5.61773e-14
3 2.35367e-13
16000 3
1 -1.87406e-13
2 -7.63833e-14
3 2.80664e-13
16002 3
1 -1.82077e-13
2 -8.50431e-14
3 2.52243e-13
16004 3
1 -1.90958e-13
2 -6.08402e-14
3 2.52243e-13
16006 3
1 -2.05169e-13
2 -3.28626e-14
3 2.20268e-13
16008 3
1 -2.02505e-13
2 -6.77236e-14
3 2.4869e-13
16010 3
1 -1.91847e-13
2 -8.26006e-14
3 2.73559e-13
16012 3
1 -1.90958e-13
2 -6.9722e-14
3 2.4869e-13
16014 3
1 -1.75859e-13
2 -2.75335e-14
3 2.62901e-13
16016 3
1 -1.94511e-13
2 -5.32907e-14
3 2.34479e-13
16018 3
1 -1.66089e-13
2 -5.75096e-14
3 2.45137e-13
16020 3
1 -1.9984e-13
2 -5.41789e-14
3 2.55795e-13
16022 3
1 -1.91847e-13
2 -4.9738e-14
3 2.62901e-13
16024 3
1 -1.88294e-13
2 -7.41629e-14
3 2.50466e-13
16026 3
1 -1.98064e-13
2 -4.39648e-14
3 2.4869e-13
16028 3
1 -1.99396e-13
2 -7.23865e-14
3 2.61124e-13
16030 3
1 -2.02505e-13
2 -8.08242e-14
3 2.38032e-13
16032 3
1 -2.22933e-13
2 -6.4837e-14
3 2.54019e-13
16034 3
1 -1.90958e-13
2 -5.32907e-14
3 2.54019e-13
16036 3
1 -2.05169e-13
2 -5.15143e-14
3 2.16716e-13
16038 3
1 -2.11386e-13
2 -7.01661e-14
3 2.66454e-13
16040 3
1 -1.90514e-13
2 -5.59552e-14
3 2.55795e-13
16042 3
1 -1.90958e-13
2 -4.9738e-14
3 2.6823e-13
16044 3
1 -2.15383e-13
2 -5.28466e-14
3 2.41585e-13
16046 3
1 -2.14495e-13
2 -6.75016e-14
3 2.31815e-13
16048 3
1 -2.17604e-13
2 -5.06262e-14
3 2.74447e-13
16050 3
1 -1.97176e-13
2 -7.68274e-14
3 2.62901e-13
16052 3
1 -2.15827e-13
2 -3.55271e-14
3 2.41585e-13
16054 3
1 -1.92735e-13
2 -6.66134e-14
3 2.55795e-13
16056 3
1 -2.06501e-13
2 -7.50511e-14
3 2.45137e-13
16058 3
1 -1.9984e-13
2 -5.37348e-14
3 2.45137e-13
16060 3
1 -2.16716e-13
2 -4.44089e-14
3 2.32703e-13
16062 3
1 -1.9007e-13
2 -4.9738e-14
3 2.54019e-13
16064 3
1 -1.93623e-13
2 -3.86358e-14
3 2.71783e-13
16066 3
1 -1.93623e-13
2 -2.17604e-14
3 2.75335e-13
16068 3
1 -1.85629e-13
2 -6.4837e-14
3 2.55795e-13
16070 3
1 -1.87406e-13
2 -6.35048e-14
3 2.41585e-13
16072 3
1 -2.10054e-13
2 -7.99361e-14
3 2.66454e-13
16074 3
1 -2.10498e-13
2 -4.84057e-14
3 2.55795e-13
16076 3
1 -2.27374e-13
2 -3.9968e-14
3 2.50466e-13
16078 3
1 -2.16271e-13
2 -5.41789e-14
3 2.57572e-13
16080 3
1 -2.0739e-13
2 -4.79616e-14
3 2.77112e-13
16082 3
1 -1.76748e-13
2 -5.32907e-14
3 2.41585e-13
16084 3
1 -1.79412e-13
2 -1.24345e-14
3 2.54019e-13
16086 3
1 -1.86517e-13
2 -7.41629e-14
3 2.38032e-13
16088 3
1 -1.90514e-13
2 -5.15143e-14
3 2.45137e-13
16090 3
1 -1.92735e-13
2 -1.90958e-14
3 2.54019e-13
16092 3
1 -1.9007e-13
2 -3.37508e-14
3 2.41585e-13
16094 3
1 -1.92735e-13
2 -5.01821e-14
3 2.41585e-13
16096 3
1 -1.79856e-13
2 -3.28626e-14
3 2.23821e-13
16098 3
1 -1.96287e-13
2 -4.39648e-14
3 2.25597e-13
16100 3
1 -1.9007e-13
2 -5.4623e-14
3 2.30926e-13
16102 3
1 -2.06946e-13
2 -3.95239e-14
3 2.4869e-13
16104 3
1 -1.62537e-13
2 -4.17444e-14
3 2.41585e-13
16106 3
1 -1.87406e-13
2 -3.90799e-14
3 2.30926e-13
16108 3
1 -1.88294e-13
2 -8.88178e-15
3 2.32703e-13
16110 3
1 -1.73195e-13
2 -3.64153e-14
3 2.54019e-13
16112 3
1 -1.81188e-13
2 -3.9968e-14
3 2.32703e-13
16114 3
1 -1.98064e-13
2 -1.86517e-14
3 2.36255e-13
16116 3
1 -1.96287e-13
2 -4.44089e-14
3 2.22045e-13
16118 3
1 -2.02505e-13
2 -2.84217e-14
3 2.2915e-13
16120 3
1 -1.90514e-13
2 -4.08562e-14
3 2.41585e-13
16122 3
1 -2.07834e-13
2 -3.95239e-14
3 2.41585e-13
16124 3
1 -2.14051e-13
2 -2.04281e-14
3 2.27374e-13
16126 3
1 -2.07834e-13
2 -5.50671e-14
3 2.34479e-13
16128 3
1 -2.16716e-13
2 -3.64153e-14
3 2.45137e-13
16130 3
1 -2.02505e-13
2 -5.77316e-14
3 2.34479e-13
16132 3
1 -2.14051e-13
2 -3.9968e-14
3 2.20268e-13
16134 3
1 -2.35367e-13
2 -4.84057e-14
3 2.4869e-13
16136 3
1 -2.18492e-13
2 -4.57412e-14
3 2.25597e-13
16138 3
1 -2.24709e-13
2 -5.41789e-14
3 2.25597e-13
16140 3
1 -2.36255e-13
2 -4.9738e-14
3 2.30926e-13
16142 3
1 -2.39808e-13
2 -4.70735e-14
3 2.18492e-13
16144 3
1 -2.3892e-13
2 -4.61853e-14
3 2.45137e-13
16146 3
1 -2.26485e-13
2 -5.10703e-14
3 2.22045e-13
16148 3
1 -2.39808e-13
2 -5.59552e-14
3 2.22045e-13
16150 3
1 -2.44249e-13
2 -5.81757e-14
3 2.4869e-13
16152 3
1 -2.33591e-13
2 -7.14984e-14
3 2.43361e-13
16154 3
1 -2.36255e-13
2 -4.79616e-14
3 2.25597e-13
16156 3
1 -2.49578e-13
2 -4.04121e-14
3 2.26485e-13
16158 3
1 -2.54019e-13
2 -4.9738e-14
3 2.4869e-13
16160 3
1 -2.49578e-13
2 -4.21885e-14
3 2.44249e-13
16162 3
1 -2.41585e-13
2 -4.52971e-14
3 2.30926e-13
16164 3
1 -2.38032e-13
2 -5.24025e-14
3 2.55795e-13
16166 3
1 -2.27374e-13
2 -3.81917e-14
3 2.37144e-13
16168 3
1 -2.4869e-13
2 -3.77476e-14
3 2.60236e-13
16170 3
1 -2.46025e-13
2 -4.52971e-14
3 2.34479e-13
16172 3
1 -2.43361e-13
2 -8.4821e-14
3 2.32703e-13
16174 3
1 -2.56684e-13
2 -8.03801e-14
3 2.18492e-13
16176 3
1 -2.5846e-13
2 -6.17284e-14
3 2.18492e-13
16178 3
1 -2.51354e-13
2 -6.57252e-14
3 2.39808e-13
16180 3
1 -2.38032e-13
2 -4.75175e-14
3 2.16716e-13
16182 3
1 -2.42473e-13
2 -5.86198e-14
3 2.22933e-13
16184 3
1 -2.39808e-13
2 -2.57572e-14
3 2.60236e-13
16186 3
1 -2.42473e-13
2 -5.19584e-14
3 2.3892e-13
16188 3
1 -2.54019e-13
2 -6.21725e-14
3 2.39808e-13
16190 3
1 -2.41585e-13
2 -3.90799e-14
3 2.17604e-13
16192 3
1 -2.45137e-13
2 -4.44089e-14
3 2.07834e-13
16194 3
1 -2.41585e-13
2 -6.83897e-14
3 2.33591e-13
16196 3
1 -2.42473e-13
2 -3.55271e-14
3 2.11386e-13
16198 3
1 -2.49578e-13
2 -4.08562e-14
3 2.35367e-13
16200 3
1 -2.34479e-13
2 -2.79776e-14
3 2.54907e-13
16202 3
1 -2.27374e-13
2 -4.26326e-14
3 2.36255e-13
16204 3
1 -2.32703e-13
2 -7.4607e-14
3 2.17604e-13
16206 3
1 -2.3892e-13
2 -4.61853e-14
3 2.4869e-13
16208 3
1 -2.55795e-13
2 -7.10543e-14
3 2.1938e-13
16210 3
1 -2.49578e-13
2 -5.77316e-14
3 2.44249e-13
16212 3
1 -2.63789e-13
2 -7.19425e-14
3 2.31815e-13
16214 3
1 -2.41585e-13
2 -5.55112e-14
3 2.28262e-13
16216 3
1 -2.66454e-13
2 -6.4837e-14
3 2.36255e-13
16218 3
1 -2.51354e-13
2 -5.86198e-14
3 2.15827e-13
16220 3
1 -2.70006e-13
2 -6.57252e-14
3 2.37144e-13
16222 3
1 -2.4869e-13
2 -4.9738e-14
3 2.25597e-13
16224 3
1 -2.46914e-13
2 -6.70575e-14
3 2.13163e-13
16226 3
1 -2.40696e-13
2 -6.75016e-14
3 2.06946e-13
16228 3
1 -2.55795e-13
2 -3.95239e-14
3 2.2915e-13
16230 3
1 -2.64677e-13
2 -2.79776e-14
3 2.07834e-13
16232 3
1 -2.46914e-13
2 -5.10703e-14
3 2.02505e-13
16234 3
1 -2.42473e-13
2 -5.41789e-14
3 2.03393e-13
16236 3
1 -2.28262e-13
2 -4.88498e-14
3 2.24709e-13
16238 3
1 -2.39808e-13
2 -3.73035e-14
3 1.86517e-13
16240 3
1 -2.31815e-13
2 -3.90799e-14
3 2.07834e-13
16242 3
1 -2.43361e-13
2 -4.66294e-14
3 2.30038e-13
16244 3
1 -2.49578e-13
2 -5.90639e-14
3 1.88294e-13
16246 3
1 -2.59348e-13
2 -5.32907e-14
3 2.22045e-13
16248 3
1 -2.6823e-13
2 -6.17284e-14
3 2.04281e-13
16250 3
1 -2.45137e-13
2 -5.01821e-14
3 2.14051e-13
16252 3
1 -2.52243e-13
2 -6.66134e-14
3 1.83853e-13
16254 3
1 -2.30038e-13
2 -4.26326e-14
3 2.0961e-13
16256 3
1 -2.3892e-13
2 -4.08562e-14
3 1.95399e-13
16258 3
1 -2.40696e-13
2 -6.30607e-14
3 1.87406e-13
16260 3
1 -2.46914e-13
2 -5.37348e-14
3 2.0961e-13
16262 3
1 -2.52243e-13
2 -4.9738e-14
3 1.98952e-13
16264 3
1 -2.45137e-13
2 -5.68434e-14
3 2.21156e-13
16266 3
1 -2.38032e-13
2 -1.73195e-14
3 1.86517e-13
16268 3
1 -2.54019e-13
2 -2.39808e-14
3 2.14939e-13
16270 3
1 -2.1938e-13
2 -3.81917e-14
3 1.93623e-13
16272 3
1 -2.40696e-13
2 -2.26485e-14
3 1.93623e-13
16274 3
1 -2.49578e-13
2 -2.22045e-14
3 1.90958e-13
16276 3
1 -2.39808e-13
2 -6.39488e-14
3 1.95399e-13
16278 3
1 -2.46025e-13
2 -4.70735e-14
3 1.74971e-13
16280 3
1 -2.4869e-13
2 -4.79616e-14
3 1.78524e-13
16282 3
1 -2.55795e-13
2 -3.10862e-14
3 1.82965e-13
16284 3
1 -2.55795e-13
2 -3.10862e-14
3 2.00728e-13
16286 3
1 -2.38032e-13
2 -2.04281e-14
3 1.89182e-13
16288 3
1 -2.77112e-13
2 -2.53131e-14
3 1.78524e-13
16290 3
1 -2.53131e-13
2 -4.70735e-14
3 2.03393e-13
16292 3
1 -2.41585e-13
2 -6.52811e-14
3 2.00728e-13
16294 3
1 -2.54019e-13
2 -4.88498e-14
3 2.24709e-13
16296 3
1 -2.73559e-13
2 -5.9508e-14
3 1.87406e-13
16298 3
1 -2.57572e-13
2 -4.17444e-14
3 1.803e-13
16300 3
1 -2.37144e-13
2 -3.4639e-14
3 1.95399e-13
16302 3
1 -2.64677e-13
2 -4.21885e-14
3 1.90958e-13
16304 3
1 -2.54019e-13
2 -5.72875e-14
3 1.84741e-13
16306 3
1 -2.62013e-13
2 -2.53131e-14
3 1.93623e-13
16308 3
1 -2.43361e-13
2 -1.59872e-14
3 1.78524e-13
16310 3
1 -2.45137e-13
2 -3.73035e-14
3 1.94511e-13
16312 3
1 -2.66454e-13
2 -1.11022e-14
3 1.98064e-13
16314 3
1 -2.75335e-13
2 -2.57572e-14
3 1.71418e-13
16316 3
1 -2.80664e-13
2 -5.50671e-14
3 1.92735e-13
16318 3
1 -2.63789e-13
2 -5.41789e-14
3 2.04281e-13
16320 3
1 -2.62013e-13
2 -3.37508e-14
3 1.79412e-13
16322 3
1 -2.75335e-13
2 -6.12843e-14
3 2.18492e-13
16324 3
1 -2.6823e-13
2 -2.84217e-14
3 1.97176e-13
16326 3
1 -2.62901e-13
2 -2.93099e-14
3 2.14051e-13
16328 3
1 -2.6823e-13
2 -8.34888e-14
3 2.08722e-13
16330 3
1 -2.83329e-13
2 -3.24185e-14
3 2.0961e-13
16332 3
1 -2.72671e-13
2 -5.9508e-14
3 2.05169e-13
16334 3
1 -2.62901e-13
2 -5.90639e-14
3 1.89182e-13
16336 3
1 -2.67342e-13
2 -4.79616e-14
3 2.07834e-13
16338 3
1 -2.47802e-13
2 -2.39808e-14
3 2.15827e-13
16340 3
1 -2.66454e-13
2 -3.37508e-14
3 1.9007e-13
16342 3
1 -2.77112e-13
2 -5.24025e-14
3 2.07834e-13
16344 3
1 -2.53131e-13
2 -5.59552e-14
3 2.22045e-13
16346 3
1 -2.60236e-13
2 -6.75016e-14
3 2.15827e-13
16348 3
1 -2.64677e-13
2 -4.08562e-14
3 1.96287e-13
16350 3
1 -2.55795e-13
2 -5.15143e-14
3 2.01617e-13
16352 3
1 -2.54907e-13
2 -4.61853e-14
3 1.67866e-13
16354 3
1 -2.74447e-13
2 -4.44089e-14
3 2.1938e-13
16356 3
1 -2.6823e-13
2 -4.52971e-14
3 2.06057e-13
16358 3
1 -2.80664e-13
2 -4.88498e-14
3 1.94511e-13
16360 3
1 -2.73559e-13
2 -4.9738e-14
3 1.89182e-13
16362 3
1 -2.66454e-13
2 -4.79616e-14
3 1.93623e-13
16364 3
1 -2.72671e-13
2 -5.50671e-14
3 1.98952e-13
16366 3
1 -2.59348e-13
2 -2.66454e-14
3 2.02505e-13
16368 3
1 -2.6823e-13
2 -4.79616e-14
3 2.06057e-13
16370 3
1 -2.62901e-13
2 -5.15143e-14
3 1.95399e-13
16372 3
1 -2.4869e-13
2 -4.61853e-14
3 1.88294e-13
16374 3
1 -2.70894e-13
2 -5.15143e-14
3 1.9984e-13
16376 3
1 -2.49578e-13
2 -4.70735e-14
3 2.12275e-13
16378 3
1 -2.44249e-13
2 -3.55271e-14
3 2.00728e-13
16380 3
1 -2.44249e-13
2 -4.44089e-14
3 2.16716e-13
16382 3
1 -2.62901e-13
2 -1.95399e-14
3 2.01617e-13
16384 3
1 -2.61124e-13
2 -3.37508e-14
3 2.10498e-13
16386 3
1 -2.43361e-13
2 -4.61853e-14
3 1.88294e-13
16388 3
1 -2.60236e-13
2 -3.55271e-14
3 2.01617e-13
16390 3
1 -2.62901e-13
2 -4.79616e-14
3 1.91847e-13
16392 3
1 -2.39808e-13
2 -3.37508e-14
3 1.90958e-13
16394 3
1 -2.53131e-13
2 -4.9738e-14
3 2.03393e-13
16396 3
1 -2.60236e-13
2 -2.66454e-14
3 1.91847e-13
16398 3
1 -2.50466e-13
2 -4.61853e-14
3 2.07834e-13
16400 3
1 -2.76223e-13
2 -4.52971e-14
3 2.16716e-13
16402 3
1 -2.60236e-13
2 -6.21725e-14
3 2.07834e-13
16404 3
1 -2.64677e-13
2 -4.26326e-14
3 2.11386e-13
16406 3
1 -2.6823e-13
2 -1.59872e-14
3 2.26485e-13
16408 3
1 -2.62013e-13
2 -3.10862e-14
3 2.06057e-13
16410 3
1 -2.74447e-13
2 -3.4639e-14
3 2.12275e-13
16412 3
1 -2.27374e-13
2 -3.9968e-14
3 2.07834e-13
16414 3
1 -2.54019e-13
2 -3.01981e-14
3 2.22045e-13
16416 3
1 -2.70006e-13
2 -4.44089e-14
3 2.10498e-13
16418 3
1 -2.57572e-13
2 -2.30926e-14
3 2.26485e-13
16420 3
1 -2.3892e-13
2 -4.44089e-14
3 2.22045e-13
16422 3
1 -2.23821e-13
2 -4.79616e-14
3 1.9984e-13
16424 3
1 -2.36255e-13
2 -4.61853e-14
3 2.3892e-13
16426 3
1 -2.51354e-13
2 -3.37508e-14
3 2.06946e-13
16428 3
1 -2.11386e-13
2 -4.61853e-14
3 2.13163e-13
16430 3
1 -2.49578e-13
2 -5.41789e-14
3 1.82965e-13
16432 3
1 -2.43361e-13
2 -1.24345e-14
3 2.04281e-13
16434 3
1 -2.55795e-13
2 -2.13163e-14
3 1.77636e-13
16436 3
1 -2.62901e-13
2 -5.06262e-14
3 2.20268e-13
16438 3
1 -2.26485e-13
2 -3.55271e-14
3 2.04281e-13
16440 3
1 -2.34479e-13
2 -3.73035e-14
3 2.25597e-13
16442 3
1 -2.65565e-13
2 -2.04281e-14
3 2.10498e-13
16444 3
1 -2.45137e-13
2 -4.79616e-14
3 2.02505e-13
16446 3
1 -2.43361e-13
2 -3.55271e-14
3 2.03393e-13
16448 3
1 -2.65565e-13
2 -3.9968e-14
3 1.93623e-13
16450 3
1 -2.44249e-13
2 -5.15143e-14
3 2.13163e-13
16452 3
1 -2.50466e-13
2 -4.9738e-14
3 2.00728e-13
16454 3
1 -2.32703e-13
2 -3.01981e-14
3 2.05169e-13
16456 3
1 -2.53131e-13
2 -6.92779e-14
3 2.13163e-13
16458 3
1 -2.33591e-13
2 -6.92779e-14
3 2.11386e-13
16460 3
1 -2.43361e-13
2 -7.01661e-14
3 2.0961e-13
16462 3
1 -2.52243e-13
2 -4.44089e-14
3 2.06946e-13
16464 3
1 -2.37144e-13
2 -6.88338e-14
3 1.91847e-13
16466 3
1 -2.4869e-13
2 -4.57412e-14
3 1.9984e-13
16468 3
1 -2.4869e-13
2 -3.73035e-14
3 1.93623e-13
16470 3
1 -2.43361e-13
2 -4.66294e-14
3 1.67866e-13
16472 3
1 -2.54907e-13
2 -4.4853e-14
3 2.11386e-13
16474 3
1 -2.41585e-13
2 -5.9952e-14
3 1.94511e-13
16476 3
1 -2.23821e-13
2 -4.4853e-14
3 1.92735e-13
16478 3
1 -2.53131e-13
2 -7.54952e-14
3 1.82965e-13
16480 3
1 -2.46914e-13
2 -6.83897e-14
3 2.10498e-13
16482 3
1 -2.35367e-13
2 -4.08562e-14
3 1.82965e-13
16484 3
1 -2.28262e-13
2 -4.04121e-14
3 1.96287e-13
16486 3
1 -2.43361e-13
2 -3.9968e-14
3 2.18492e-13
16488 3
1 -2.59348e-13
2 -7.4607e-14
3 2.2915e-13
16490 3
1 -2.39808e-13
2 -7.19425e-14
3 2.12275e-13
16492 3
1 -2.44249e-13
2 -3.4639e-14
3 1.95399e-13
16494 3
1 -2.41585e-13
2 -6.39488e-14
3 2.02505e-13
16496 3
1 -2.45137e-13
2 -7.14984e-14
3 1.94511e-13
16498 3
1 -2.23821e-13
2 -4.79616e-14
3 2.25597e-13
16500 3
1 -2.26485e-13
2 -5.01821e-14
3 2.12275e-13
16502 3
1 -2.46914e-13
2 -3.10862e-14
3 2.30926e-13
16504 3
1 -2.40696e-13
2 -4.26326e-14
3 2.02505e-13
16506 3
1 -2.1938e-13
2 -5.32907e-14
3 1.98952e-13
16508 3
1 -2.2915e-13
2 -5.9508e-14
3 1.88294e-13
16510 3
1 -2.49578e-13
2 -3.95239e-14
3 2.07834e-13
16512 3
1 -2.44249e-13
2 -4.26326e-14
3 2.17604e-13
16514 3
1 -2.3892e-13
2 -7.68274e-14
3 2.17604e-13
16516 3
1 -2.40696e-13
2 -2.9754e-14
3 1.91847e-13
16518 3
1 -2.47802e-13
2 -4.52971e-14
3 2.13163e-13
16520 3
1 -2.5846e-13
2 -5.9508e-14
3 1.91847e-13
16522 3
1 -2.63789e-13
2 -4.4853e-14
3 1.98064e-13
16524 3
1 -2.55795e-13
2 -4.70735e-14
3 2.14939e-13
16526 3
1 -2.53131e-13
2 -3.33067e-14
3 2.06946e-13
16528 3
1 -2.52243e-13
2 -4.26326e-14
3 2.07834e-13
16530 3
1 -2.20268e-13
2 -5.10703e-14
3 1.98952e-13
16532 3
1 -2.24709e-13
2 -4.9738e-14
3 2.27374e-13
16534 3
1 -2.4869e-13
2 -4.92939e-14
3 2.0961e-13
16536 3
1 -2.57572e-13
2 -5.10703e-14
3 2.3892e-13
16538 3
1 -2.36255e-13
2 -5.19584e-14
3 2.17604e-13
16540 3
1 -2.2915e-13
2 -4.30767e-14
3 1.76748e-13
16542 3
1 -2.52243e-13
2 -5.81757e-14
3 2.08722e-13
16544 3
1 -2.46914e-13
2 -7.50511e-14
3 1.98952e-13
16546 3
1 -2.47802e-13
2 -6.35048e-14
3 2.44249e-13
16548 3
1 -2.31815e-13
2 -5.4623e-14
3 2.15827e-13
16550 3
1 -2.2915e-13
2 -6.12843e-14
3 2.16716e-13
16552 3
1 -2.45137e-13
2 -5.50671e-14
3 2.00728e-13
16554 3
1 -2.55795e-13
2 -4.88498e-14
3 2.00728e-13
16556 3
1 -2.23821e-13
2 -5.72875e-14
3 2.1938e-13
16558 3
1 -2.36255e-13
2 -1.02141e-14
3 2.24709e-13
16560 3
1 -2.51354e-13
2 -3.10862e-14
3 2.41585e-13
16562 3
1 -2.65565e-13
2 -5.55112e-14
3 2.11386e-13
16564 3
1 -2.39808e-13
2 -3.9968e-14
3 2.22933e-13
16566 3
1 -2.34479e-13
2 -5.81757e-14
3 2.26485e-13
16568 3
1 -2.54019e-13
2 -2.70894e-14
3 2.41585e-13
16570 3
1 -2.61124e-13
2 -7.10543e-14
3 2.11386e-13
16572 3
1 -2.47802e-13
2 -4.44089e-14
3 2.15827e-13
16574 3
1 -2.65565e-13
2 -4.79616e-14
3 2.2915e-13
16576 3
1 -2.49578e-13
2 -6.57252e-14
3 2.17604e-13
16578 3
1 -2.47802e-13
2 -5.01821e-14
3 2.25597e-13
16580 3
1 -2.55795e-13
2 -7.77156e-14
3 2.33591e-13
16582 3
1 -2.39808e-13
2 -5.68434e-14
3 2.0961e-13
16584 3
1 -2.41585e-13
2 -5.24025e-14
3 2.11386e-13
16586 3
1 -2.67342e-13
2 -7.50511e-14
3 2.32703e-13
16588 3
1 -2.50466e-13
2 -5.01821e-14
3 2.38032e-13
16590 3
1 -2.62901e-13
2 -5.50671e-14
3 2.2915e-13
16592 3
1 -2.57572e-13
2 -5.50671e-14
3 2.22933e-13
16594 3
1 -2.61124e-13
2 -5.55112e-14
3 2.28262e-13
16596 3
1 -2.41585e-13
2 -5.15143e-14
3 2.22933e-13
16598 3
1 -2.30926e-13
2 -6.57252e-14
3 2.10498e-13
16600 3
1 -2.3892e-13
2 -5.41789e-14
3 2.12275e-13
16602 3
1 -2.33591e-13
2 -5.68434e-14
3 2.24709e-13
16604 3
1 -2.3892e-13
2 -8.03801e-14
3 2.18492e-13
16606 3
1 -2.41585e-13
2 -4.79616e-14
3 2.15827e-13
16608 3
1 -2.4869e-13
2 -5.86198e-14
3 2.26485e-13
16610 3
1 -2.44249e-13
2 -6.03961e-14
3 2.14051e-13
16612 3
1 -2.26485e-13
2 -4.70735e-14
3 2.08722e-13
16614 3
1 -2.39808e-13
2 -5.63993e-14
3 2.20268e-13
16616 3
1 -2.08722e-13
2 -6.43929e-14
3 2.23821e-13
16618 3
1 -2.23821e-13
2 -6.12843e-14
3 2.35367e-13
16620 3
1 -2.43361e-13
2 -4.75175e-14
3 2.1938e-13
16622 3
1 -2.27374e-13
2 -3.81917e-14
3 2.08722e-13
16624 3
1 -2.47802e-13
2 -4.35207e-14
3 2.0961e-13
16626 3
1 -2.46025e-13
2 -5.55112e-14
3 2.38032e-13
16628 3
1 -2.53131e-13
2 -6.21725e-14
3 2.2915e-13
16630 3
1 -2.49578e-13
2 -4.26326e-14
3 2.31815e-13
16632 3
1 -2.40696e-13
2 -4.92939e-14
3 2.16716e-13
16634 3
1 -2.27374e-13
2 -4.79616e-14
3 2.16716e-13
16636 3
1 -2.45137e-13
2 -4.4853e-14
3 2.12275e-13
16638 3
1 -2.59348e-13
2 -3.41949e-14
3 2.31815e-13
16640 3
1 -2.43361e-13
2 -1.08802e-14
3 2.04281e-13
16642 3
1 -2.30038e-13
2 -2.79776e-14
3 2.36255e-13
16644 3
1 -2.40696e-13
2 -4.17444e-14
3 2.47802e-13
16646 3
1 -2.35367e-13
2 -4.06342e-14
3 2.1938e-13
16648 3
1 -2.41585e-13
2 -6.08402e-14
3 2.35367e-13
16650 3
1 -2.46025e-13
2 -7.54952e-14
3 2.3892e-13
16652 3
1 -2.53131e-13
2 -6.12843e-14
3 2.32703e-13
16654 3
1 -2.49578e-13
2 -5.79536e-14
3 2.30038e-13
16656 3
1 -2.41585e-13
2 -6.41709e-14
3 2.2915e-13
16658 3
1 -2.54019e-13
2 -5.86198e-14
3 2.24709e-13
16660 3
1 -2.59348e-13
2 -6.26166e-14
3 2.54907e-13
16662 3
1 -2.64677e-13
2 -3.9968e-14
3 2.37144e-13
16664 3
1 -2.56684e-13
2 -2.22045e-14
3 2.26485e-13
16666 3
1 -2.62901e-13
2 -4.75175e-14
3 2.26485e-13
16668 3
1 -2.54907e-13
2 -3.37508e-14
3 2.12275e-13
16670 3
1 -2.56684e-13
2 -5.77316e-14
3 2.36255e-13
16672 3
1 -2.49578e-13
2 -5.06262e-14
3 2.25597e-13
16674 3
1 -2.46914e-13
2 -3.81917e-14
3 2.14939e-13
16676 3
1 -2.78e-13
2 -4.08562e-14
3 2.15827e-13
16678 3
1 -2.54019e-13
2 -5.24025e-14
3 2.38032e-13
16680 3
1 -2.73559e-13
2 -5.4623e-14
3 2.22933e-13
16682 3
1 -2.61124e-13
2 -3.64153e-14
3 2.02505e-13
16684 3
1 -2.56684e-13
2 -4.79616e-14
3 2.13163e-13
16686 3
1 -2.71783e-13
2 -4.57412e-14
3 2.0961e-13
16688 3
1 -2.60236e-13
2 -2.5091e-14
3 2.32703e-13
16690 3
1 -2.62013e-13
2 -3.59712e-14
3 2.17604e-13
16692 3
1 -2.64677e-13
2 -2.30926e-14
3 2.11386e-13
16694 3
1 -2.60236e-13
2 -3.4639e-14
3 2.0961e-13
16696 3
1 -2.63789e-13
2 -2.39808e-14
3 2.07834e-13
16698 3
1 -2.75335e-13
2 -1.06581e-14
3 2.03393e-13
16700 3
1 -2.69118e-13
2 -2.13163e-14
3 1.98952e-13
16702 3
1 -2.67342e-13
2 -2.04281e-14
3 1.93623e-13
16704 3
1 -2.59348e-13
2 -1.37668e-14
3 1.95399e-13
16706 3
1 -2.85105e-13
2 -3.55271e-14
3 1.88294e-13
16708 3
1 -2.83329e-13
2 -1.24345e-14
3 2.00728e-13
16710 3
1 -2.89546e-13
2 -2.84217e-14
3 2.01617e-13
16712 3
1 -2.77112e-13
2 -3.9968e-14
3 2.01617e-13
16714 3
1 -2.83329e-13
2 -5.15143e-14
3 1.96287e-13
16716 3
1 -2.70894e-13
2 -3.37508e-14
3 1.84741e-13
16718 3
1 -2.82441e-13
2 -4.88498e-15
3 1.94511e-13
16720 3
1 -2.84217e-13
2 -2.57572e-14
3 2.06946e-13
16722 3
1 -2.61124e-13
2 -4.70735e-14
3 2.4869e-13
16724 3
1 -2.73559e-13
2 -2.66454e-14
3 2.12275e-13
16726 3
1 -2.84217e-13
2 -2.88658e-14
3 2.07834e-13
16728 3
1 -2.78e-13
2 -1.15463e-14
3 2.25597e-13
16730 3
1 -2.78888e-13
2 -4.44089e-14
3 2.03393e-13
16732 3
1 -2.72671e-13
2 -3.55271e-14
3 2.11386e-13
16734 3
1 -2.85993e-13
2 -5.15143e-14
3 1.92735e-13
16736 3
1 -2.71783e-13
2 -3.19744e-14
3 2.16716e-13
16738 3
1 -2.54907e-13
2 -2.04281e-14
3 2.13163e-13
16740 3
1 -2.69118e-13
2 -4.52971e-14
3 1.83853e-13
16742 3
1 -2.82441e-13
2 -2.30926e-14
3 2.30926e-13
16744 3
1 -2.77112e-13
2 -3.73035e-14
3 2.22933e-13
16746 3
1 -2.71783e-13
2 -2.44249e-14
3 2.11386e-13
16748 3
1 -2.9754e-13
2 -4.39648e-14
3 2.2915e-13
16750 3
1 -2.82441e-13
2 -1.24345e-14
3 2.11386e-13
16752 3
1 -2.86882e-13
2 -5.32907e-15
3 2.23821e-13
16754 3
1 -2.94875e-13
2 -2.75335e-14
3 2.46025e-13
16756 3
1 -2.80664e-13
2 -3.19744e-14
3 2.23821e-13
16758 3
1 -2.94875e-13
2 -4.61853e-14
3 2.17604e-13
16760 3
1 -3.06422e-13
2 -2.75335e-14
3 2.34479e-13
16762 3
1 -2.78888e-13
2 -5.55112e-14
3 2.50466e-13
16764 3
1 -2.8777e-13
2 -3.19744e-14
3 2.27374e-13
16766 3
1 -3.02869e-13
2 -3.24185e-14
3 2.25597e-13
16768 3
1 -2.88658e-13
2 -2.17604e-14
3 2.43361e-13
16770 3
1 -3.02869e-13
2 -3.28626e-14
3 2.43361e-13
16772 3
1 -2.98428e-13
2 -3.9968e-14
3 2.2915e-13
16774 3
1 -3.00204e-13
2 -3.01981e-14
3 2.38032e-13
16776 3
1 -3.0731e-13
2 -2.93099e-14
3 2.45137e-13
16778 3
1 -2.89546e-13
2 -5.4623e-14
3 2.38032e-13
16780 3
1 -2.94875e-13
2 -2.9754e-14
3 2.54019e-13
16782 3
1 -3.20632e-13
2 -3.10862e-14
3 2.4869e-13
16784 3
1 -3.04645e-13
2 -2.53131e-14
3 2.4869e-13
16786 3
1 -3.01092e-13
2 -4.26326e-14
3 2.45137e-13
16788 3
1 -3.09086e-13
2 -1.5099e-14
3 2.61124e-13
16790 3
1 -2.94875e-13
2 -2.66454e-14
3 2.39808e-13
16792 3
1 -3.27738e-13
2 -4.08562e-14
3 2.45137e-13
16794 3
1 -3.28626e-13
2 -1.55431e-14
3 2.61124e-13
16796 3
1 -3.16192e-13
2 -1.06581e-14
3 2.41585e-13
16798 3
1 -3.18856e-13
2 -4.21885e-14
3 2.43361e-13
16800 3
1 -3.16192e-13
2 -4.66294e-14
3 2.46914e-13
16802 3
1 -2.92211e-13
2 -2.93099e-14
3 2.57572e-13
16804 3
1 -2.95763e-13
2 -1.37668e-14
3 2.55795e-13
16806 3
1 -3.01092e-13
2 -3.90799e-14
3 2.50466e-13
16808 3
1 -3.05533e-13
2 -3.73035e-14
3 2.4869e-13
16810 3
1 -2.9754e-13
2 -2.22045e-14
3 2.59348e-13
16812 3
1 -2.8777e-13
2 -4.26326e-14
3 2.55795e-13
16814 3
1 -2.92211e-13
2 -4.08562e-14
3 2.39808e-13
16816 3
1 -2.93099e-13
2 -3.9968e-14
3 2.45137e-13
16818 3
1 -3.01981e-13
2 -3.68594e-14
3 2.43361e-13
16820 3
1 -3.00204e-13
2 -3.95239e-14
3 2.71783e-13
16822 3
1 -2.93099e-13
2 -1.5099e-14
3 2.75335e-13
16824 3
1 -3.18856e-13
2 -3.95239e-14
3 2.6823e-13
16826 3
1 -2.77112e-13
2 -5.59552e-14
3 2.45137e-13
16828 3
1 -3.24629e-13
2 -2.22045e-14
3 2.4869e-13
16830 3
1 -2.95763e-13
2 -3.24185e-14
3 2.50466e-13
16832 3
1 -3.12639e-13
2 -2.75335e-14
3 2.4869e-13
16834 3
1 -3.15303e-13
2 -5.55112e-14
3 2.43361e-13
16836 3
1 -3.20632e-13
2 -3.68594e-14
3 2.34479e-13
16838 3
1 -3.04645e-13
2 -2.84217e-14
3 2.50466e-13
16840 3
1 -2.91323e-13
2 -3.55271e-15
3 2.62901e-13
16842 3
1 -3.00204e-13
2 -2.39808e-14
3 2.6823e-13
16844 3
1 -2.84661e-13
2 -3.55271e-14
3 2.66454e-13
16846 3
1 -3.04645e-13
2 -2.39808e-14
3 2.59348e-13
16848 3
1 -3.0731e-13
2 -1.95399e-14
3 2.45137e-13
16850 3
1 -3.04645e-13
2 -1.64313e-14
3 2.55795e-13
16852 3
1 -2.79332e-13
2 -2.88658e-14
3 2.30926e-13
16854 3
1 -3.30846e-13
2 -2.39808e-14
3 2.45137e-13
16856 3
1 -3.11751e-13
2 -3.55271e-15
3 2.43361e-13
16858 3
1 -2.98428e-13
2 1.9984e-14
3 2.27374e-13
16860 3
1 -2.78888e-13
2 -1.77636e-15
3 2.18492e-13
16862 3
1 -3.17968e-13
2 8.88178e-15
3 2.46914e-13
16864 3
1 -3.01981e-13
2 -2.30926e-14
3 2.2915e-13
16866 3
1 -3.02425e-13
2 9.32587e-15
3 2.2915e-13
16868 3
1 -3.01537e-13
2 -5.77316e-15
3 2.0961e-13
16870 3
1 -2.78888e-13
2 -7.54952e-15
3 2.30926e-13
16872 3
1 -2.9754e-13
2 2.66454e-15
3 2.36255e-13
16874 3
1 -3.01537e-13
2 1.37668e-14
3 2.27374e-13
16876 3
1 -2.81553e-13
2 -7.10543e-15
3 2.20268e-13
16878 3
1 -3.04645e-13
2 -1.33227e-14
3 2.13163e-13
16880 3
1 -3.04645e-13
2 9.32587e-15
3 2.30926e-13
16882 3
1 -3.02869e-13
2 -1.68754e-14
3 2.20268e-13
16884 3
1 -2.8022e-13
2 4.44089e-15
3 2.32703e-13
16886 3
1 -2.96652e-13
2 -1.55431e-14
3 2.36255e-13
16888 3
1 -2.95319e-13
2 1.15463e-14
3 2.38032e-13
16890 3
1 -3.08198e-13
2 -2.79776e-14
3 2.43361e-13
16892 3
1 -2.90434e-13
2 -1.55431e-14
3 2.36255e-13
16894 3
1 -2.98428e-13
2 -1.73195e-14
3 2.27374e-13
16896 3
1 -2.96652e-13
2 -7.10543e-15
3 2.2915e-13
16898 3
1 -2.86882e-13
2 5.32907e-15
3 2.36255e-13
16900 3
1 -2.89546e-13
2 -1.19904e-14
3 2.27374e-13
16902 3
1 -3.00204e-13
2 -2.44249e-14
3 2.32703e-13
16904 3
1 -2.9754e-13
2 -1.64313e-14
3 2.39808e-13
16906 3
1 -2.93099e-13
2 3.55271e-15
3 2.18492e-13
16908 3
1 -2.98428e-13
2 -2.22045e-14
3 2.27374e-13
16910 3
1 -2.98428e-13
2 -2.44249e-14
3 2.07834e-13
16912 3
1 -2.99316e-13
2 4.88498e-15
3 2.22045e-13
16914 3
1 -2.74447e-13
2 -1.95399e-14
3 2.45137e-13
16916 3
1 -3.25073e-13
2 -7.54952e-15
3 2.20268e-13
16918 3
1 -3.01981e-13
2 -2.53131e-14
3 2.02505e-13
16920 3
1 -2.78888e-13
2 -1.73195e-14
3 2.2915e-13
16922 3
1 -2.84217e-13
2 -1.95399e-14
3 2.16716e-13
16924 3
1 -2.82441e-13
2 -3.77476e-14
3 2.25597e-13
16926 3
1 -2.92211e-13
2 -2.13163e-14
3 2.20268e-13
16928 3
1 -2.93099e-13
2 -1.33227e-14
3 2.25597e-13
16930 3
1 -2.83329e-13
2 -2.26485e-14
3 2.23821e-13
16932 3
1 -2.85105e-13
2 -1.73195e-14
3 2.27374e-13
16934 3
1 -2.71783e-13
2 -1.77636e-14
3 2.23821e-13
16936 3
1 -3.08198e-13
2 -3.15303e-14
3 2.27374e-13
16938 3
1 -2.76223e-13
2 -3.24185e-14
3 2.23821e-13
16940 3
1 -2.82441e-13
2 -3.10862e-15
3 2.23821e-13
16942 3
1 -2.80664e-13
2 -3.15303e-14
3 2.45137e-13
16944 3
1 -2.62901e-13
2 -1.90958e-14
3 2.36255e-13
16946 3
1 -2.74447e-13
2 -1.82077e-14
3 2.23821e-13
16948 3
1 -2.82441e-13
2 -4.21885e-14
3 2.25597e-13
16950 3
1 -2.93099e-13
2 -1.55431e-14
3 2.00728e-13
16952 3
1 -2.91323e-13
2 -2.04281e-14
3 2.18492e-13
16954 3
1 -2.9754e-13
2 -1.42109e-14
3 2.30926e-13
16956 3
1 -2.90434e-13
2 4.44089e-16
3 2.16716e-13
16958 3
1 -2.43361e-13
2 -1.11022e-14
3 2.13163e-13
16960 3
1 -2.64677e-13
2 -4.39648e-14
3 2.41585e-13
16962 3
1 -2.66454e-13
2 6.66134e-15
3 2.2915e-13
16964 3
1 -2.57572e-13
2 -3.55271e-15
3 2.07834e-13
16966 3
1 -2.73559e-13
2 -5.32907e-15
3 2.2915e-13
16968 3
1 -2.79776e-13
2 -7.99361e-15
3 2.30926e-13
16970 3
1 -2.90434e-13
2 -5.77316e-15
3 2.25597e-13
16972 3
1 -2.73559e-13
2 -4.08562e-14
3 2.23821e-13
16974 3
1 -2.85105e-13
2 -2.30926e-14
3 2.36255e-13
16976 3
1 -2.73559e-13
2 -1.90958e-14
3 2.30926e-13
16978 3
1 -2.98428e-13
2 -7.10543e-15
3 2.11386e-13
16980 3
1 -2.80664e-13
2 6.66134e-15
3 2.06057e-13
16982 3
1 -2.60236e-13
2 -3.28626e-14
3 1.97176e-13
16984 3
1 -2.52243e-13
2 -1.46549e-14
3 1.88294e-13
16986 3
1 -2.86882e-13
2 -1.55431e-14
3 2.16716e-13
16988 3
1 -2.52243e-13
2 -1.59872e-14
3 2.06057e-13
16990 3
1 -2.66454e-13
2 -2.04281e-14
3 2.23821e-13
16992 3
1 -2.55795e-13
2 -4.44089e-16
3 2.23821e-13
16994 3
1 -2.66454e-13
2 -2.84217e-14
3 2.46914e-13
16996 3
1 -2.66454e-13
2 1.02141e-14
3 2.38032e-13
16998 3
1 -2.76223e-13
2 -1.86517e-14
3 2.27374e-13
17000 3
1 -2.79776e-13
2 -2.08722e-14
3 2.30926e-13
17002 3
1 -2.75335e-13
2 0
3 2.41585e-13
17004 3
1 -2.78e-13
2 -1.95399e-14
3 2.50466e-13
17006 3
1 -2.61124e-13
2 -3.5083e-14
3 2.45137e-13
17008 3
1 -2.78888e-13
2 -1.9984e-14
3 2.38032e-13
17010 3
1 -2.76223e-13
2 -1.82077e-14
3 2.62901e-13
17012 3
1 -2.53131e-13
2 -8.43769e-15
3 2.55795e-13
17014 3
1 -2.83329e-13
2 -9.76996e-15
3 2.36255e-13
17016 3
1 -2.52243e-13
2 -4.30767e-14
3 2.30926e-13
17018 3
1 -2.84217e-13
2 -1.5099e-14
3 2.13163e-13
17020 3
1 -2.98428e-13
2 -3.5083e-14
3 2.32703e-13
17022 3
1 -2.85105e-13
2 -2.75335e-14
3 2.4869e-13
17024 3
1 -2.77112e-13
2 -2.66454e-15
3 2.54019e-13
17026 3
1 -2.49578e-13
2 -3.28626e-14
3 2.23821e-13
17028 3
1 -2.6823e-13
2 -3.24185e-14
3 2.14939e-13
17030 3
1 -2.70006e-13
2 -2.93099e-14
3 2.39808e-13
17032 3
1 -2.53131e-13
2 -3.06422e-14
3 2.13163e-13
17034 3
1 -2.45137e-13
2 -2.4869e-14
3 2.13163e-13
17036 3
1 -2.78e-13
2 -1.77636e-15
3 2.45137e-13
17038 3
1 -2.6823e-13
2 -3.10862e-14
3 2.25597e-13
17040 3
1 -2.55795e-13
2 -2.57572e-14
3 2.23821e-13
17042 3
1 -2.81553e-13
2 -3.55271e-14
3 2.32703e-13
17044 3
1 -2.66454e-13
2 -1.90958e-14
3 2.30926e-13
17046 3
1 -2.78888e-13
2 -1.90958e-14
3 2.14939e-13
17048 3
1 -3.00204e-13
2 -2.9754e-14
3 2.18492e-13
17050 3
1 -2.65565e-13
2 -2.66454e-15
3 2.23821e-13
17052 3
1 -2.54907e-13
2 -1.90958e-14
3 2.0961e-13
17054 3
1 -2.75335e-13
2 -7.54952e-15
3 2.36255e-13
17056 3
1 -2.91323e-13
2 -1.24345e-14
3 2.02505e-13
17058 3
1 -2.93099e-13
2 -1.90958e-14
3 2.13163e-13
17060 3
1 -2.44249e-13
2 -1.06581e-14
3 2.30926e-13
17062 3
1 -2.89546e-13
2 -3.55271e-15
3 2.27374e-13
17064 3
1 -2.70006e-13
2 -2.22045e-15
3 2.22045e-13
17066 3
1 -2.5846e-13
2 4.88498e-15
3 2.04281e-13
17068 3
1 -2.53131e-13
2 2.66454e-15
3 2.38032e-13
17070 3
1 -2.77112e-13
2 1.37668e-14
3 2.30926e-13
17072 3
1 -2.74447e-13
2 1.33227e-15
3 2.22045e-13
17074 3
1 -2.61124e-13
2 -2.22045e-14
3 2.30926e-13
17076 3
1 -2.55795e-13
2 -1.46549e-14
3 2.11386e-13
17078 3
1 -2.60236e-13
2 -1.15463e-14
3 2.13163e-13
17080 3
1 -2.55795e-13
2 -9.32587e-15
3 2.23821e-13
17082 3
1 -2.54019e-13
2 -4.44089e-15
3 2.11386e-13
17084 3
1 -2.34479e-13
2 -5.77316e-15
3 2.20268e-13
17086 3
1 -2.2915e-13
2 1.59872e-14
3 2.14939e-13
17088 3
1 -2.52243e-13
2 2.75335e-14
3 2.2915e-13
17090 3
1 -2.46914e-13
2 1.95399e-14
3 2.20268e-13
17092 3
1 -2.45137e-13
2 2.13163e-14
3 2.0961e-13
17094 3
1 -2.44249e-13
2 3.24185e-14
3 2.30926e-13
17096 3
1 -2.54019e-13
2 -2.22045e-15
3 2.36255e-13
17098 3
1 -2.39808e-13
2 1.59872e-14
3 2.36255e-13
17100 3
1 -2.54019e-13
2 1.64313e-14
3 2.16716e-13
17102 3
1 -2.61124e-13
2 1.68754e-14
3 2.07834e-13
17104 3
1 -2.30926e-13
2 -1.06581e-14
3 2.1938e-13
17106 3
1 -2.41585e-13
2 1.59872e-14
3 2.23821e-13
17108 3
1 -2.47802e-13
2 1.59872e-14
3 2.40696e-13
17110 3
1 -2.55795e-13
2 1.19904e-14
3 2.14939e-13
17112 3
1 -2.28262e-13
2 -4.88498e-15
3 2.28262e-13
17114 3
1 -2.50466e-13
2 1.06581e-14
3 1.98064e-13
17116 3
1 -2.43361e-13
2 1.06581e-14
3 2.62013e-13
17118 3
1 -2.50466e-13
2 1.33227e-14
3 2.42473e-13
17120 3
1 -2.2915e-13
2 2.26485e-14
3 2.16716e-13
17122 3
1 -2.66454e-13
2 1.11022e-14
3 2.27374e-13
17124 3
1 -2.5846e-13
2 2.4869e-14
3 2.44249e-13
17126 3
1 -2.26485e-13
2 1.5099e-14
3 2.21156e-13
17128 3
1 -2.47802e-13
2 3.41949e-14
3 2.28262e-13
17130 3
1 -2.2915e-13
2 1.55431e-14
3 2.22045e-13
17132 3
1 -2.40696e-13
2 3.24185e-14
3 1.95399e-13
17134 3
1 -2.40696e-13
2 1.77636e-15
3 2.3892e-13
17136 3
1 -2.38032e-13
2 6.21725e-15
3 2.46025e-13
17138 3
1 -2.51354e-13
2 6.66134e-15
3 2.15827e-13
17140 3
1 -2.37144e-13
2 4.44089e-16
3 2.32703e-13
17142 3
1 -2.45137e-13
2 3.86358e-14
3 2.39808e-13
17144 3
1 -2.57572e-13
2 1.64313e-14
3 2.20268e-13
17146 3
1 -2.42473e-13
2 4.26326e-14
3 2.62013e-13
17148 3
1 -2.52243e-13
2 3.77476e-14
3 2.50466e-13
17150 3
1 -2.33591e-13
2 4.88498e-14
3 2.20268e-13
17152 3
1 -2.22933e-13
2 1.5099e-14
3 2.18492e-13
17154 3
1 -2.27374e-13
2 2.93099e-14
3 2.13163e-13
17156 3
1 -2.52243e-13
2 1.86517e-14
3 2.16716e-13
17158 3
1 -2.34479e-13
2 4.44089e-16
3 2.21156e-13
17160 3
1 -2.26485e-13
2 3.4639e-14
3 2.37144e-13
17162 3
1 -2.54019e-13
2 4.08562e-14
3 2.46914e-13
17164 3
1 -2.35367e-13
2 2.4869e-14
3 2.40696e-13
17166 3
1 -2.55795e-13
2 2.93099e-14
3 2.39808e-13
17168 3
1 -2.2915e-13
2 3.10862e-14
3 2.46914e-13
17170 3
1 -2.44249e-13
2 1.28786e-14
3 2.14939e-13
17172 3
1 -2.31815e-13
2 2.70894e-14
3 2.47802e-13
17174 3
1 -2.20268e-13
2 3.28626e-14
3 2.16716e-13
17176 3
1 -2.11386e-13
2 2.75335e-14
3 2.3892e-13
17178 3
1 -2.21156e-13
2 4.66294e-14
3 2.36255e-13
17180 3
1 -2.23821e-13
2 3.90799e-14
3 2.14051e-13
17182 3
1 -2.22045e-13
2 4.52971e-14
3 2.40696e-13
17184 3
1 -2.59348e-13
2 5.32907e-14
3 2.27374e-13
17186 3
1 -2.31815e-13
2 4.70735e-14
3 2.37144e-13
17188 3
1 -1.9984e-13
2 4.04121e-14
3 2.30038e-13
17190 3
1 -2.26485e-13
2 5.72875e-14
3 2.44249e-13
17192 3
1 -2.33591e-13
2 2.79776e-14
3 2.13163e-13
17194 3
1 -2.13163e-13
2 6.35048e-14
3 2.37144e-13
17196 3
1 -2.18492e-13
2 5.81757e-14
3 2.22045e-13
17198 3
1 -2.18492e-13
2 2.93099e-14
3 2.39808e-13
17200 3
1 -2.42473e-13
2 3.68594e-14
3 2.14051e-13
17202 3
1 -2.11386e-13
2 4.92939e-14
3 2.06057e-13
17204 3
1 -2.23821e-13
2 4.75175e-14
3 2.36255e-13
17206 3
1 -2.39808e-13
2 5.77316e-14
3 2.20268e-13
17208 3
1 -2.34479e-13
2 6.66134e-14
3 2.54019e-13
17210 3
1 -2.33591e-13
2 2.35367e-14
3 2.23821e-13
17212 3
1 -2.12275e-13
2 5.4623e-14
3 2.24709e-13
17214 3
1 -2.20268e-13
2 4.92939e-14
3 2.15827e-13
17216 3
1 -2.30926e-13
2 4.52971e-14
3 2.28262e-13
17218 3
1 -2.51354e-13
2 5.24025e-14
3 2.14939e-13
17220 3
1 -2.32703e-13
2 3.59712e-14
3 2.04281e-13
17222 3
1 -2.37144e-13
2 3.73035e-14
3 2.24709e-13
17224 3
1 -2.11386e-13
2 5.72875e-14
3 2.32703e-13
17226 3
1 -2.30926e-13
2 1.33227e-14
3 2.22045e-13
17228 3
1 -2.3892e-13
2 6.61693e-14
3 1.98952e-13
17230 3
1 -2.41585e-13
2 5.32907e-14
3 2.1938e-13
17232 3
1 -2.59348e-13
2 2.39808e-14
3 2.2915e-13
17234 3
1 -2.36255e-13
2 3.24185e-14
3 2.22933e-13
17236 3
1 -2.43361e-13
2 4.44089e-14
3 2.02505e-13
17238 3
1 -2.40696e-13
2 6.30607e-14
3 2.40696e-13
17240 3
1 -2.41585e-13
2 4.44089e-14
3 2.27374e-13
17242 3
1 -2.56684e-13
2 4.4853e-14
3 2.36255e-13
17244 3
1 -2.63789e-13
2 3.90799e-14
3 2.37144e-13
17246 3
1 -2.47802e-13
2 3.9968e-14
3 2.22045e-13
17248 3
1 -2.64677e-13
2 4.08562e-14
3 2.51354e-13
17250 3
1 -2.57572e-13
2 2.30926e-14
3 2.2915e-13
17252 3
1 -2.44249e-13
2 4.26326e-14
3 2.34479e-13
17254 3
1 -2.35367e-13
2 5.90639e-14
3 2.27374e-13
17256 3
1 -2.42473e-13
2 5.55112e-14
3 2.16716e-13
17258 3
1 -2.5846e-13
2 5.41789e-14
3 2.06946e-13
17260 3
1 -2.62901e-13
2 5.59552e-14
3 2.13163e-13
17262 3
1 -2.46025e-13
2 3.41949e-14
3 2.31815e-13
17264 3
1 -2.53131e-13
2 4.26326e-14
3 2.42473e-13
17266 3
1 -2.46914e-13
2 3.24185e-14
3 2.3892e-13
17268 3
1 -2.35367e-13
2 2.70894e-14
3 2.17604e-13
17270 3
1 -2.4869e-13
2 5.59552e-14
3 2.37144e-13
17272 3
1 -2.59348e-13
2 3.73035e-14
3 2.42473e-13
17274 3
1 -2.53131e-13
2 5.50671e-14
3 2.1938e-13
17276 3
1 -2.28262e-13
2 2.57572e-14
3 2.56684e-13
17278 3
1 -2.36255e-13
2 3.24185e-14
3 2.33591e-13
17280 3
1 -2.50466e-13
2 5.77316e-14
3 2.28262e-13
17282 3
1 -2.34479e-13
2 4.4853e-14
3 2.34479e-13
17284 3
1 -2.3892e-13
2 4.30767e-14
3 2.60236e-13
17286 3
1 -2.46914e-13
2 4.44089e-14
3 2.22933e-13
17288 3
1 -2.34479e-13
2 4.08562e-14
3 2.12275e-13
17290 3
1 -2.22045e-13
2 5.81757e-14
3 2.32703e-13
17292 3
1 -2.51354e-13
2 3.90799e-14
3 2.25597e-13
17294 3
1 -2.44249e-13
2 3.73035e-14
3 2.34479e-13
17296 3
1 -2.34479e-13
2 5.37348e-14
3 2.61124e-13
17298 3
1 -2.41585e-13
2 2.04281e-14
3 2.25597e-13
17300 3
1 -2.75335e-13
2 4.70735e-14
3 2.27374e-13
17302 3
1 -2.75335e-13
2 5.06262e-14
3 2.18492e-13
17304 3
1 -2.46914e-13
2 5.81757e-14
3 2.03393e-13
17306 3
1 -2.50466e-13
2 5.10703e-14
3 2.46914e-13
17308 3
1 -2.55795e-13
2 5.4623e-14
3 2.06057e-13
17310 3
1 -2.42473e-13
2 2.93099e-14
3 2.41585e-13
17312 3
1 -2.62013e-13
2 2.22045e-14
3 2.27374e-13
17314 3
1 -2.47802e-13
2 4.79616e-14
3 2.23821e-13
17316 3
1 -2.55795e-13
2 1.42109e-14
3 2.30926e-13
17318 3
1 -2.57572e-13
2 4.13003e-14
3 2.44249e-13
17320 3
1 -2.38032e-13
2 4.88498e-14
3 2.30926e-13
17322 3
1 -2.74447e-13
2 5.15143e-14
3 2.52243e-13
17324 3
1 -2.56684e-13
2 2.62013e-14
3 2.13163e-13
17326 3
1 -2.63789e-13
2 3.28626e-14
3 2.59348e-13
17328 3
1 -2.77112e-13
2 4.61853e-14
3 2.42473e-13
17330 3
1 -2.90434e-13
2 3.24185e-14
3 2.25597e-13
17332 3
1 -2.72671e-13
2 5.59552e-14
3 2.34479e-13
17334 3
1 -2.39808e-13
2 4.44089e-14
3 2.34479e-13
17336 3
1 -2.52243e-13
2 2.9754e-14
3 2.25597e-13
17338 3
1 -2.2915e-13
2 5.32907e-14
3 2.43361e-13
17340 3
1 -2.6823e-13
2 6.83897e-14
3 2.44249e-13
17342 3
1 -2.36255e-13
2 6.83897e-14
3 2.62901e-13
17344 3
1 -2.71783e-13
2 7.37188e-14
3 2.22933e-13
17346 3
1 -2.63789e-13
2 5.50671e-14
3 2.4869e-13
17348 3
1 -2.66454e-13
2 6.70575e-14
3 2.30926e-13
17350 3
1 -2.46914e-13
2 3.01981e-14
3 2.37144e-13
17352 3
1 -2.71783e-13
2 5.24025e-14
3 2.55795e-13
17354 3
1 -2.71783e-13
2 7.10543e-14
3 2.33591e-13
17356 3
1 -2.6823e-13
2 7.54952e-14
3 2.43361e-13
17358 3
1 -2.30926e-13
2 6.4837e-14
3 2.39808e-13
17360 3
1 -2.55795e-13
2 5.68434e-14
3 2.34479e-13
17362 3
1 -2.76223e-13
2 6.21725e-14
3 2.31815e-13
17364 3
1 -2.62901e-13
2 5.15143e-14
3 2.40696e-13
17366 3
1 -2.51354e-13
2 6.66134e-14
3 2.3892e-13
17368 3
1 -2.51354e-13
2 7.41629e-14
3 2.70894e-13
17370 3
1 -2.45137e-13
2 8.26006e-14
3 2.62013e-13
17372 3
1 -2.47802e-13
2 9.14824e-14
3 2.5846e-13
17374 3
1 -2.67342e-13
2 8.21565e-14
3 2.24709e-13
17376 3
1 -2.63789e-13
2 8.08242e-14
3 2.49578e-13
17378 3
1 -2.54019e-13
2 6.21725e-14
3 2.52243e-13
17380 3
1 -2.51354e-13
2 7.86038e-14
3 2.46914e-13
17382 3
1 -2.47802e-13
2 8.79297e-14
3 2.69118e-13
17384 3
1 -2.54019e-13
2 8.52651e-14
3 2.54907e-13
17386 3
1 -2.40696e-13
2 1.0747e-13
3 2.27374e-13
17388 3
1 -2.20268e-13
2 8.03801e-14
3 2.42473e-13
17390 3
1 -2.31815e-13
2 7.10543e-14
3 2.36255e-13
17392 3
1 -2.50466e-13
2 8.34888e-14
3 2.25597e-13
17394 3
1 -2.34479e-13
2 6.79456e-14
3 2.42473e-13
17396 3
1 -2.25597e-13
2 6.92779e-14
3 2.32703e-13
17398 3
1 -2.64677e-13
2 6.12843e-14
3 2.2915e-13
17400 3
1 -2.3892e-13
2 7.54952e-14
3 2.22045e-13
17402 3
1 -2.72671e-13
2 8.88178e-14
3 2.34479e-13
17404 3
1 -2.39808e-13
2 9.05942e-14
3 2.47802e-13
17406 3
1 -2.42473e-13
2 5.41789e-14
3 2.1938e-13
17408 3
1 -2.44249e-13
2 7.63833e-14
3 2.18492e-13
17410 3
1 -2.33591e-13
2 7.10543e-14
3 2.21156e-13
17412 3
1 -2.54907e-13
2 6.4837e-14
3 2.05169e-13
17414 3
1 -2.4869e-13
2 9.50351e-14
3 2.26485e-13
17416 3
1 -2.46914e-13
2 9.9476e-14
3 2.34479e-13
17418 3
1 -2.60236e-13
2 7.19425e-14
3 2.06946e-13
17420 3
1 -2.45137e-13
2 6.21725e-14
3 2.14051e-13
17422 3
1 -2.62013e-13
2 6.66134e-14
3 2.16716e-13
17424 3
1 -2.55795e-13
2 6.79456e-14
3 2.39808e-13
17426 3
1 -2.3892e-13
2 6.39488e-14
3 2.02505e-13
17428 3
1 -2.70894e-13
2 6.39488e-14
3 2.32703e-13
17430 3
1 -2.54907e-13
2 6.92779e-14
3 2.03393e-13
17432 3
1 -2.59348e-13
2 8.26006e-14
3 2.2915e-13
17434 3
1 -2.46025e-13
2 6.30607e-14
3 2.14051e-13
17436 3
1 -2.43361e-13
2 8.08242e-14
3 2.1938e-13
17438 3
1 -2.39808e-13
2 6.39488e-14
3 2.30038e-13
17440 3
1 -2.66454e-13
2 8.61533e-14
3 2.2915e-13
17442 3
1 -2.46025e-13
2 7.63833e-14
3 2.22933e-13
17444 3
1 -2.46914e-13
2 6.30607e-14
3 2.04281e-13
17446 3
1 -2.23821e-13
2 6.66134e-14
3 2.10498e-13
17448 3
1 -2.5846e-13
2 7.10543e-14
3 2.38032e-13
17450 3
1 -2.60236e-13
2 5.77316e-14
3 1.93623e-13
17452 3
1 -2.24709e-13
2 6.66134e-14
3 2.22933e-13
17454 3
1 -2.34479e-13
2 4.88498e-14
3 2.06946e-13
17456 3
1 -2.63789e-13
2 6.75016e-14
3 1.98952e-13
17458 3
1 -2.81553e-13
2 5.24025e-14
3 2.15827e-13
17460 3
1 -2.55795e-13
2 9.05942e-14
3 2.16716e-13
17462 3
1 -2.62901e-13
2 5.72875e-14
3 2.13163e-13
17464 3
1 -2.61124e-13
2 5.41789e-14
3 2.33591e-13
17466 3
1 -2.6823e-13
2 3.81917e-14
3 2.17604e-13
17468 3
1 -2.60236e-13
2 6.03961e-14
3 2.46025e-13
17470 3
1 -2.57572e-13
2 6.30607e-14
3 2.59348e-13
17472 3
1 -2.65565e-13
2 4.21885e-14
3 2.39808e-13
17474 3
1 -2.56684e-13
2 6.03961e-14
3 2.14939e-13
17476 3
1 -2.66454e-13
2 5.9508e-14
3 2.25597e-13
17478 3
1 -2.82441e-13
2 6.12843e-14
3 2.23821e-13
17480 3
1 -2.67342e-13
2 5.68434e-14
3 2.18492e-13
17482 3
1 -2.54019e-13
2 5.50671e-14
3 2.43361e-13
17484 3
1 -2.62013e-13
2 4.08562e-14
3 2.36255e-13
17486 3
1 -2.62901e-13
2 8.43769e-14
3 2.39808e-13
17488 3
1 -2.5846e-13
2 3.9968e-14
3 2.34479e-13
17490 3
1 -2.78888e-13
2 7.4607e-14
3 2.20268e-13
17492 3
1 -2.85105e-13
2 6.21725e-14
3 2.16716e-13
17494 3
1 -2.62901e-13
2 5.37348e-14
3 2.27374e-13
17496 3
1 -2.60236e-13
2 4.88498e-14
3 2.34479e-13
17498 3
1 -2.65565e-13
2 3.77476e-14
3 2.45137e-13
17500 3
1 -2.39808e-13
2 3.90799e-14
3 2.46914e-13
17502 3
1 -2.53131e-13
2 5.01821e-14
3 2.23821e-13
17504 3
1 -2.5846e-13
2 5.81757e-14
3 2.18492e-13
17506 3
1 -2.6823e-13
2 6.03961e-14
3 2.2915e-13
17508 3
1 -2.66454e-13
2 2.53131e-14
3 2.18492e-13
17510 3
1 -2.46025e-13
2 3.9968e-14
3 1.93623e-13
17512 3
1 -2.5846e-13
2 2.70894e-14
3 2.16716e-13
17514 3
1 -2.52243e-13
2 4.13003e-14
3 2.45137e-13
17516 3
1 -2.44249e-13
2 5.63993e-14
3 2.22045e-13
17518 3
1 -2.59348e-13
2 2.9754e-14
3 2.41585e-13
17520 3
1 -2.5846e-13
2 3.9968e-14
3 2.20268e-13
17522 3
1 -2.55795e-13
2 4.08562e-14
3 2.38032e-13
17524 3
1 -2.56684e-13
2 3.9968e-14
3 2.39808e-13
17526 3
1 -2.54907e-13
2 4.88498e-14
3 2.25597e-13
17528 3
1 -2.42473e-13
2 3.19744e-14
3 2.11386e-13
17530 3
1 -2.38476e-13
2 4.44089e-14
3 2.54019e-13
17532 3
1 -2.72671e-13
2 3.73035e-14
3 2.32703e-13
17534 3
1 -2.43361e-13
2 6.26166e-14
3 2.2915e-13
17536 3
1 -2.44693e-13
2 4.92939e-14
3 2.13163e-13
17538 3
1 -2.45581e-13
2 4.04121e-14
3 2.22045e-13
17540 3
1 -2.53131e-13
2 4.61853e-14
3 2.41585e-13
17542 3
1 -2.58904e-13
2 2.93099e-14
3 2.39808e-13
17544 3
1 -2.51354e-13
2 3.9968e-14
3 2.41585e-13
17546 3
1 -2.54907e-13
2 3.01981e-14
3 2.2915e-13
17548 3
1 -2.42029e-13
2 2.84217e-14
3 2.4869e-13
17550 3
1 -2.62013e-13
2 1.33227e-14
3 2.46914e-13
17552 3
1 -2.46025e-13
2 3.55271e-14
3 2.30926e-13
17554 3
1 -2.70894e-13
2 3.37508e-14
3 2.38032e-13
17556 3
1 -2.80664e-13
2 2.9754e-14
3 2.46914e-13
17558 3
1 -2.56684e-13
2 7.99361e-15
3 2.30926e-13
17560 3
1 -2.5846e-13
2 3.86358e-14
3 2.25597e-13
17562 3
1 -2.54019e-13
2 1.95399e-14
3 2.45137e-13
17564 3
1 -2.54907e-13
2 3.37508e-14
3 2.20268e-13
17566 3
1 -2.45137e-13
2 3.06422e-14
3 2.43361e-13
17568 3
1 -2.46025e-13
2 5.19584e-14
3 2.57572e-13
17570 3
1 -2.40252e-13
2 4.9738e-14
3 2.34479e-13
17572 3
1 -2.54019e-13
2 1.9984e-14
3 2.54019e-13
17574 3
1 -2.54019e-13
2 4.44089e-14
3 2.62901e-13
17576 3
1 -2.39808e-13
2 2.30926e-14
3 2.4869e-13
17578 3
1 -2.51354e-13
2 5.4623e-14
3 2.45137e-13
17580 3
1 -2.49578e-13
2 3.95239e-14
3 2.55795e-13
17582 3
1 -2.69118e-13
2 4.92939e-14
3 2.59348e-13
17584 3
1 -2.76668e-13
2 2.84217e-14
3 2.62901e-13
17586 3
1 -2.67786e-13
2 3.59712e-14
3 2.73559e-13
17588 3
1 -2.6068e-13
2 3.77476e-14
3 2.45137e-13
17590 3
1 -2.37588e-13
2 4.4853e-14
3 2.27374e-13
17592 3
1 -2.53131e-13
2 5.28466e-14
3 2.59348e-13
17594 3
1 -2.67786e-13
2 3.95239e-14
3 2.73559e-13
17596 3
1 -2.3892e-13
2 4.66294e-14
3 2.32703e-13
17598 3
1 -2.34035e-13
2 3.4639e-14
3 2.84217e-13
17600 3
1 -2.22045e-13
2 4.75175e-14
3 2.61124e-13
17602 3
1 -2.54019e-13
2 2.4869e-14
3 2.71783e-13
17604 3
1 -2.34479e-13
2 6.12843e-14
3 2.62901e-13
17606 3
1 -2.46025e-13
2 2.93099e-14
3 2.54019e-13
17608 3
1 -2.39808e-13
2 6.26166e-14
3 2.73559e-13
17610 3
1 -2.57572e-13
2 6.08402e-14
3 2.43361e-13
17612 3
1 -2.51799e-13
2 5.59552e-14
3 2.59348e-13
17614 3
1 -2.5091e-13
2 4.70735e-14
3 2.54019e-13
17616 3
1 -2.45581e-13
2 8.17124e-14
3 2.80664e-13
17618 3
1 -2.53131e-13
2 6.26166e-14
3 2.54019e-13
17620 3
1 -2.42917e-13
2 5.28466e-14
3 2.46914e-13
17622 3
1 -2.40252e-13
2 4.9738e-14
3 2.62901e-13
17624 3
1 -2.30482e-13
2 4.75175e-14
3 2.78888e-13
17626 3
1 -2.38476e-13
2 4.79616e-14
3 2.50466e-13
17628 3
1 -2.34035e-13
2 4.44089e-14
3 2.46914e-13
17630 3
1 -2.21156e-13
2 4.92939e-14
3 2.57572e-13
17632 3
1 -2.30038e-13
2 2.84217e-14
3 2.57572e-13
17634 3
1 -2.42473e-13
2 5.10703e-14
3 2.71783e-13
17636 3
1 -2.2915e-13
2 3.73035e-14
3 2.6823e-13
17638 3
1 -2.57128e-13
2 3.95239e-14
3 2.64677e-13
17640 3
1 -2.35811e-13
2 3.68594e-14
3 2.62901e-13
17642 3
1 -2.4869e-13
2 3.77476e-14
3 2.64677e-13
17644 3
1 -2.30926e-13
2 5.10703e-14
3 2.52243e-13
17646 3
1 -2.42473e-13
2 4.08562e-14
3 2.4869e-13
17648 3
1 -2.00728e-13
2 6.43929e-14
3 2.4869e-13
17650 3
1 -2.18936e-13
2 4.52971e-14
3 2.62901e-13
17652 3
1 -2.40252e-13
2 5.9952e-14
3 2.52243e-13
17654 3
1 -2.24265e-13
2 6.52811e-14
3 2.55795e-13
17656 3
1 -2.24265e-13
2 4.39648e-14
3 2.64677e-13
17658 3
1 -2.30926e-13
2 2.66454e-14
3 2.64677e-13
17660 3
1 -2.29594e-13
2 3.41949e-14
3 2.77112e-13
17662 3
1 -2.25597e-13
2 2.57572e-14
3 2.4869e-13
17664 3
1 -2.06946e-13
2 4.9738e-14
3 2.66454e-13
17666 3
1 -2.03393e-13
2 3.95239e-14
3 2.75335e-13
17668 3
1 -2.22933e-13
2 6.70575e-14
3 2.62901e-13
17670 3
1 -2.14495e-13
2 1.5099e-14
3 2.66454e-13
17672 3
1 -2.12275e-13
2 6.26166e-14
3 2.64677e-13
17674 3
1 -1.9762e-13
2 5.50671e-14
3 2.54019e-13
17676 3
1 -2.05169e-13
2 5.01821e-14
3 2.71783e-13
17678 3
1 -2.01617e-13
2 7.50511e-14
3 2.82441e-13
17680 3
1 -2.01172e-13
2 4.08562e-14
3 2.61124e-13
17682 3
1 -2.09166e-13
2 3.4639e-14
3 2.64677e-13
17684 3
1 -2.11831e-13
2 5.59552e-14
3 2.94875e-13
17686 3
1 -2.10942e-13
2 4.44089e-14
3 2.64677e-13
17688 3
1 -2.01172e-13
2 5.77316e-14
3 2.94875e-13
17690 3
1 -2.01617e-13
2 5.9508e-14
3 2.77112e-13
17692 3
1 -2.08722e-13
2 6.17284e-14
3 2.59348e-13
17694 3
1 -1.94511e-13
2 5.19584e-14
3 2.85993e-13
17696 3
1 -2.08722e-13
2 5.41789e-14
3 2.84217e-13
17698 3
1 -2.11386e-13
2 4.70735e-14
3 2.80664e-13
17700 3
1 -1.90958e-13
2 5.15143e-14
3 3.01981e-13
17702 3
1 -2.15827e-13
2 5.37348e-14
3 2.85993e-13
17704 3
1 -2.0961e-13
2 5.59552e-14
3 2.80664e-13
17706 3
1 -2.17604e-13
2 4.21885e-14
3 2.89546e-13
17708 3
1 -1.98952e-13
2 4.88498e-14
3 2.78888e-13
17710 3
1 -2.06946e-13
2 7.37188e-14
3 2.94875e-13
17712 3
1 -2.00728e-13
2 4.84057e-14
3 2.77112e-13
17714 3
1 -1.98952e-13
2 3.81917e-14
3 2.89546e-13
17716 3
1 -1.9007e-13
2 4.9738e-14
3 2.75335e-13
17718 3
1 -2.18492e-13
2 7.19425e-14
3 2.61124e-13
17720 3
1 -1.90958e-13
2 5.24025e-14
3 2.84217e-13
17722 3
1 -2.0961e-13
2 5.19584e-14
3 2.62901e-13
17724 3
1 -2.31815e-13
2 4.88498e-14
3 2.59348e-13
17726 3
1 -2.02505e-13
2 3.41949e-14
3 2.84217e-13
17728 3
1 -2.06946e-13
2 3.64153e-14
3 2.61124e-13
17730 3
1 -2.17604e-13
2 5.32907e-14
3 2.71783e-13
17732 3
1 -2.02505e-13
2 5.15143e-14
3 2.66454e-13
17734 3
1 -2.11386e-13
2 4.26326e-14
3 2.70006e-13
17736 3
1 -2.00728e-13
2 3.81917e-14
3 2.80664e-13
17738 3
1 -2.15827e-13
2 4.66294e-14
3 2.61124e-13
17740 3
1 -2.22933e-13
2 5.81757e-14
3 2.82441e-13
17742 3
1 -1.90958e-13
2 4.30767e-14
3 2.77112e-13
17744 3
1 -2.18492e-13
2 4.61853e-14
3 2.94875e-13
17746 3
1 -1.97176e-13
2 4.66294e-14
3 2.89546e-13
17748 3
1 -2.14939e-13
2 6.17284e-14
3 2.94875e-13
17750 3
1 -1.97176e-13
2 3.4639e-14
3 2.84217e-13
17752 3
1 -2.10498e-13
2 4.61853e-14
3 2.80664e-13
17754 3
1 -1.86517e-13
2 4.9738e-14
3 2.84217e-13
17756 3
1 -2.11386e-13
2 2.70894e-14
3 2.66454e-13
17758 3
1 -2.14939e-13
2 3.95239e-14
3 2.73559e-13
17760 3
1 -1.97176e-13
2 3.64153e-14
3 2.78888e-13
17762 3
1 -1.81188e-13
2 3.64153e-14
3 2.85993e-13
17764 3
1 -2.02505e-13
2 1.9984e-14
3 2.77112e-13
17766 3
1 -2.14051e-13
2 1.9984e-14
3 2.54019e-13
17768 3
1 -2.14939e-13
2 3.64153e-14
3 2.91323e-13
17770 3
1 -2.17604e-13
2 2.84217e-14
3 2.98428e-13
17772 3
1 -2.14051e-13
2 3.37508e-14
3 2.78888e-13
17774 3
1 -2.14051e-13
2 3.55271e-14
3 2.71783e-13
17776 3
1 -2.10498e-13
2 -1.33227e-15
3 2.70006e-13
17778 3
1 -2.39808e-13
2 3.41949e-14
3 2.89546e-13
17780 3
1 -2.13163e-13
2 2.13163e-14
3 3.00204e-13
17782 3
1 -2.08722e-13
2 3.64153e-14
3 2.98428e-13
17784 3
1 -1.95399e-13
2 3.01981e-14
3 2.91323e-13
17786 3
1 -2.03393e-13
2 1.59872e-14
3 2.71783e-13
17788 3
1 -2.08722e-13
2 3.81917e-14
3 2.77112e-13
17790 3
1 -1.82077e-13
2 -1.33227e-15
3 2.50466e-13
17792 3
1 -1.84741e-13
2 1.33227e-14
3 2.75335e-13
17794 3
1 -1.97176e-13
2 1.37668e-14
3 2.64677e-13
17796 3
1 -2.05169e-13
2 1.86517e-14
3 2.70006e-13
17798 3
1 -2.03393e-13
2 2.62013e-14
3 2.82441e-13
17800 3
1 -1.91847e-13
2 5.32907e-15
3 2.71783e-13
17802 3
1 -2.01617e-13
2 1.86517e-14
3 2.75335e-13
17804 3
1 -2.11386e-13
2 -2.22045e-15
3 2.82441e-13
17806 3
1 -2.04281e-13
2 1.86517e-14
3 2.84217e-13
17808 3
1 -2.10498e-13
2 2.70894e-14
3 3.10862e-13
17810 3
1 -2.22933e-13
2 4.61853e-14
3 2.82441e-13
17812 3
1 -2.00728e-13
2 2.57572e-14
3 2.61124e-13
17814 3
1 -2.04281e-13
2 1.5099e-14
3 2.78888e-13
17816 3
1 -1.82965e-13
2 4.26326e-14
3 2.6823e-13
17818 3
1 -2.00728e-13
2 1.19904e-14
3 2.85993e-13
17820 3
1 -1.98064e-13
2 2.35367e-14
3 2.71783e-13
17822 3
1 -1.74083e-13
2 3.37508e-14
3 2.8777e-13
17824 3
1 -1.96287e-13
2 2.75335e-14
3 2.78888e-13
17826 3
1 -1.84741e-13
2 2.53131e-14
3 2.73559e-13
17828 3
1 -2.14051e-13
2 3.10862e-14
3 2.84217e-13
17830 3
1 -1.91847e-13
2 3.55271e-15
3 2.77112e-13
17832 3
1 -2.15827e-13
2 2.26485e-14
3 3.09086e-13
17834 3
1 -2.11386e-13
2 4.35207e-14
3 2.82441e-13
17836 3
1 -1.9007e-13
2 2.9754e-14
3 2.77112e-13
17838 3
1 -1.93623e-13
2 3.55271e-14
3 2.77112e-13
17840 3
1 -1.803e-13
2 1.33227e-14
3 2.94875e-13
17842 3
1 -1.90958e-13
2 2.66454e-14
3 2.93099e-13
17844 3
1 -2.12275e-13
2 4.57412e-14
3 3.03757e-13
17846 3
1 -2.24709e-13
2 2.62013e-14
3 3.0731e-13
17848 3
1 -2.06946e-13
2 3.77476e-14
3 2.64677e-13
17850 3
1 -1.98064e-13
2 -1.77636e-15
3 2.93099e-13
17852 3
1 -1.85629e-13
2 3.33067e-14
3 2.94875e-13
17854 3
1 -1.98064e-13
2 6.66134e-15
3 3.01981e-13
17856 3
1 -2.21156e-13
2 2.39808e-14
3 2.8777e-13
17858 3
1 -2.22045e-13
2 2.26485e-14
3 2.98428e-13
17860 3
1 -2.1938e-13
2 -1.28786e-14
3 2.98428e-13
17862 3
1 -2.20268e-13
2 9.32587e-15
3 2.77112e-13
17864 3
1 -2.02505e-13
2 1.24345e-14
3 3.17968e-13
17866 3
1 -1.96287e-13
2 2.79776e-14
3 3.03757e-13
17868 3
1 -2.12275e-13
2 2.84217e-14
3 3.03757e-13
17870 3
1 -2.05169e-13
2 9.32587e-15
3 3.05533e-13
17872 3
1 -2.05169e-13
2 3.06422e-14
3 3.05533e-13
17874 3
1 -1.98064e-13
2 2.9754e-14
3 3.0731e-13
17876 3
1 -2.15827e-13
2 7.99361e-15
3 2.96652e-13
17878 3
1 -2.12275e-13
2 1.19904e-14
3 2.96652e-13
17880 3
1 -2.12275e-13
2 2.04281e-14
3 2.94875e-13
17882 3
1 -1.97176e-13
2 2.22045e-14
3 2.98428e-13
17884 3
1 -1.77636e-13
2 6.21725e-15
3 3.00204e-13
17886 3
1 -1.83853e-13
2 9.32587e-15
3 2.82441e-13
17888 3
1 -1.73195e-13
2 2.13163e-14
3 2.84217e-13
17890 3
1 -1.76748e-13
2 1.90958e-14
3 3.00204e-13
17892 3
1 -1.95399e-13
2 4.08562e-14
3 2.91323e-13
17894 3
1 -1.74083e-13
2 4.61853e-14
3 2.78888e-13
17896 3
1 -1.9007e-13
2 2.22045e-14
3 2.66454e-13
17898 3
1 -1.78524e-13
2 4.44089e-14
3 2.77112e-13
17900 3
1 -1.92735e-13
2 1.42109e-14
3 2.82441e-13
17902 3
1 -1.83853e-13
2 3.37508e-14
3 2.91323e-13
17904 3
1 -1.62537e-13
2 2.53131e-14
3 2.8777e-13
17906 3
1 -1.97176e-13
2 2.66454e-14
3 2.98428e-13
17908 3
1 -1.98064e-13
2 2.84217e-14
3 2.98428e-13
17910 3
1 -1.82965e-13
2 1.24345e-14
3 2.96652e-13
17912 3
1 -1.84741e-13
2 3.73035e-14
3 2.80664e-13
17914 3
1 -1.86517e-13
2 3.33067e-14
3 2.96652e-13
17916 3
1 -1.66978e-13
2 2.84217e-14
3 2.75335e-13
17918 3
1 -1.82965e-13
2 4.88498e-14
3 2.91323e-13
17920 3
1 -1.84741e-13
2 4.70735e-14
3 3.14415e-13
17922 3
1 -1.66978e-13
2 3.9968e-14
3 3.00204e-13
17924 3
1 -1.64313e-13
2 3.24185e-14
3 3.05533e-13
17926 3
1 -1.93623e-13
2 3.01981e-14
3 3.0731e-13
17928 3
1 -1.61648e-13
2 3.28626e-14
3 2.94875e-13
17930 3
1 -1.5099e-13
2 3.06422e-14
3 3.00204e-13
17932 3
1 -1.54543e-13
2 2.30926e-14
3 3.01981e-13
17934 3
1 -1.68754e-13
2 4.26326e-14
3 3.01981e-13
17936 3
1 -1.58984e-13
2 2.9754e-14
3 2.98428e-13
17938 3
1 -1.59872e-13
2 3.90799e-14
3 2.84217e-13
17940 3
1 -1.84741e-13
2 3.5083e-14
3 3.0731e-13
17942 3
1 -1.74083e-13
2 3.86358e-14
3 2.72671e-13
17944 3
1 -1.66089e-13
2 4.84057e-14
3 3.03757e-13
17946 3
1 -1.71418e-13
2 3.24185e-14
3 3.12639e-13
17948 3
1 -1.71418e-13
2 2.17604e-14
3 3.05533e-13
17950 3
1 -1.44773e-13
2 2.22045e-14
3 2.81553e-13
17952 3
1 -1.55431e-13
2 4.39648e-14
3 3.18856e-13
17954 3
1 -1.76748e-13
2 7.99361e-15
3 3.10862e-13
17956 3
1 -1.66089e-13
2 3.9968e-14
3 3.05533e-13
17958 3
1 -1.66978e-13
2 3.37508e-14
3 2.85105e-13
17960 3
1 -1.63425e-13
2 4.21885e-14
3 3.02869e-13
17962 3
1 -1.57208e-13
2 3.01981e-14
3 2.95763e-13
17964 3
1 -1.65201e-13
2 4.35207e-14
3 2.93987e-13
17966 3
1 -1.66978e-13
2 5.50671e-14
3 2.94875e-13
17968 3
1 -1.44773e-13
2 3.37508e-14
3 3.01092e-13
17970 3
1 -1.40332e-13
2 5.10703e-14
3 3.12639e-13
17972 3
1 -1.50102e-13
2 4.70735e-14
3 3.03757e-13
17974 3
1 -1.47438e-13
2 4.35207e-14
3 3.04645e-13
17976 3
1 -1.61648e-13
2 5.81757e-14
3 3.10862e-13
17978 3
1 -1.35003e-13
2 7.68274e-14
3 3.0731e-13
17980 3
1 -1.51879e-13
2 3.64153e-14
3 3.02869e-13
17982 3
1 -1.51879e-13
2 4.9738e-14
3 3.0731e-13
17984 3
1 -1.40332e-13
2 5.24025e-14
3 2.96652e-13
17986 3
1 -1.48326e-13
2 3.01981e-14
3 2.93987e-13
17988 3
1 -1.61648e-13
2 6.03961e-14
3 3.05533e-13
17990 3
1 -1.42109e-13
2 8.57092e-14
3 3.09086e-13
17992 3
1 -1.35003e-13
2 4.9738e-14
3 2.72671e-13
17994 3
1 -1.52767e-13
2 2.53131e-14
3 2.9754e-13
17996 3
1 -1.82077e-13
2 5.06262e-14
3 2.80664e-13
17998 3
1 -1.47438e-13
2 4.70735e-14
3 2.89546e-13
18000 3
1 -1.57208e-13
2 6.03961e-14
3 2.8777e-13
18002 3
1 -1.58984e-13
2 7.41629e-14
3 2.75335e-13
18004 3
1 -1.68754e-13
2 5.9952e-14
3 2.76223e-13
18006 3
1 -1.58096e-13
2 5.81757e-14
3 2.72671e-13
18008 3
1 -1.66089e-13
2 5.72875e-14
3 2.94875e-13
18010 3
1 -1.54543e-13
2 4.88498e-14
3 2.6823e-13
18012 3
1 -1.67866e-13
2 3.37508e-14
3 2.84217e-13
18014 3
1 -1.55431e-13
2 4.70735e-14
3 2.8777e-13
18016 3
1 -1.55431e-13
2 6.66134e-14
3 2.93099e-13
18018 3
1 -1.56319e-13
2 6.30607e-14
3 2.8777e-13
18020 3
1 -1.54543e-13
2 6.03961e-14
3 2.91323e-13
18022 3
1 -1.66089e-13
2 6.03961e-14
3 2.98428e-13
18024 3
1 -1.40332e-13
2 6.39488e-14
3 2.85993e-13
18026 3
1 -1.76748e-13
2 6.12843e-14
3 2.93099e-13
18028 3
1 -1.59872e-13
2 6.75016e-14
3 3.03757e-13
18030 3
1 -1.47438e-13
2 4.9738e-14
3 2.90434e-13
18032 3
1 -1.55431e-13
2 5.41789e-14
3 2.89546e-13
18034 3
1 -1.47438e-13
2 7.54952e-14
3 2.90434e-13
18036 3
1 -1.48326e-13
2 6.03961e-14
3 3.01092e-13
18038 3
1 -1.22569e-13
2 5.9508e-14
3 2.85993e-13
18040 3
1 -1.6076e-13
2 4.75175e-14
3 2.84217e-13
18042 3
1 -1.54543e-13
2 4.21885e-14
3 2.92211e-13
18044 3
1 -1.66089e-13
2 5.10703e-14
3 2.8777e-13
18046 3
1 -1.48326e-13
2 5.4623e-14
3 2.67342e-13
18048 3
1 -1.53655e-13
2 4.26326e-14
3 3.00204e-13
18050 3
1 -1.76748e-13
2 4.35207e-14
3 2.73559e-13
18052 3
1 -1.5099e-13
2 3.4639e-14
3 2.78888e-13
18054 3
1 -1.58096e-13
2 3.19744e-14
3 2.91323e-13
18056 3
1 -1.52767e-13
2 4.44089e-14
3 2.96652e-13
18058 3
1 -1.67866e-13
2 5.15143e-14
3 3.01981e-13
18060 3
1 -1.58096e-13
2 2.30926e-14
3 2.91323e-13
18062 3
1 -1.68754e-13
2 6.03961e-14
3 2.89546e-13
18064 3
1 -1.75859e-13
2 6.57252e-14
3 2.85993e-13
18066 3
1 -1.72307e-13
2 5.24025e-14
3 2.82441e-13
18068 3
1 -1.53655e-13
2 5.06262e-14
3 2.98428e-13
18070 3
1 -1.67866e-13
2 2.4869e-14
3 2.72671e-13
18072 3
1 -1.53655e-13
2 5.4623e-14
3 2.77112e-13
18074 3
1 -1.67866e-13
2 4.75175e-14
3 2.88658e-13
18076 3
1 -1.74971e-13
2 4.57412e-14
3 2.86882e-13
18078 3
1 -1.48326e-13
2 6.61693e-14
3 2.80664e-13
18080 3
1 -1.55431e-13
2 4.17444e-14
3 3.19744e-13
18082 3
1 -1.56319e-13
2 2.84217e-14
3 3.00204e-13
18084 3
1 -1.52767e-13
2 4.92939e-14
3 2.8777e-13
18086 3
1 -1.7053e-13
2 5.68434e-14
3 2.70006e-13
18088 3
1 -1.87406e-13
2 7.01661e-14
3 2.84217e-13
18090 3
1 -1.69642e-13
2 5.41789e-14
3 3.09086e-13
18092 3
1 -1.54543e-13
2 6.39488e-14
3 2.93099e-13
18094 3
1 -1.59872e-13
2 6.21725e-14
3 2.80664e-13
18096 3
1 -1.63425e-13
2 5.9508e-14
3 2.82441e-13
18098 3
1 -1.76748e-13
2 5.06262e-14
3 2.89546e-13
18100 3
1 -1.2701e-13
2 7.01661e-14
3 2.8777e-13
18102 3
1 -1.50102e-13
2 5.24025e-14
3 2.94875e-13
18104 3
1 -1.35003e-13
2 6.26166e-14
3 3.05533e-13
18106 3
1 -1.58096e-13
2 4.88498e-14
3 3.00204e-13
18108 3
1 -1.74971e-13
2 5.06262e-14
3 2.94875e-13
18110 3
1 -1.66978e-13
2 7.37188e-14
3 2.98428e-13
18112 3
1 -1.54543e-13
2 6.70575e-14
3 2.89546e-13
18114 3
1 -1.68754e-13
2 7.4607e-14
3 3.10862e-13
18116 3
1 -1.61648e-13
2 6.30607e-14
3 3.01981e-13
18118 3
1 -1.58984e-13
2 3.55271e-14
3 3.08198e-13
18120 3
1 -1.66089e-13
2 7.50511e-14
3 2.98428e-13
18122 3
1 -1.76748e-13
2 5.9508e-14
3 2.91323e-13
18124 3
1 -1.67866e-13
2 7.63833e-14
3 2.96652e-13
18126 3
1 -1.67866e-13
2 4.66294e-14
3 3.00204e-13
18128 3
1 -1.61648e-13
2 7.50511e-14
3 3.09086e-13
18130 3
1 -1.35003e-13
2 7.9492e-14
3 3.09974e-13
18132 3
1 -1.49214e-13
2 6.75016e-14
3 2.95763e-13
18134 3
1 -1.58096e-13
2 9.37028e-14
3 3.03757e-13
18136 3
1 -1.6076e-13
2 8.12683e-14
3 2.83329e-13
18138 3
1 -1.39444e-13
2 8.08242e-14
3 2.77112e-13
18140 3
1 -1.42109e-13
2 1.08358e-13
3 2.74447e-13
18142 3
1 -1.65201e-13
2 8.08242e-14
3 2.78e-13
18144 3
1 -1.57208e-13
2 6.70575e-14
3 2.96652e-13
18146 3
1 -1.5099e-13
2 4.44089e-14
3 3.09086e-13
18148 3
1 -1.58984e-13
2 7.19425e-14
3 2.82441e-13
18150 3
1 -1.50102e-13
2 7.50511e-14
3 2.90434e-13
18152 3
1 -1.66978e-13
2 8.12683e-14
3 3.16192e-13
18154 3
1 -1.45661e-13
2 8.52651e-14
3 2.9754e-13
18156 3
1 -1.4122e-13
2 6.57252e-14
3 2.94875e-13
18158 3
1 -1.20792e-13
2 5.59552e-14
3 2.90434e-13
18160 3
1 -1.42997e-13
2 7.19425e-14
3 3.03757e-13
18162 3
1 -1.20792e-13
2 7.72715e-14
3 3.00204e-13
18164 3
1 -1.40332e-13
2 8.26006e-14
3 3.04645e-13
18166 3
1 -1.39444e-13
2 6.35048e-14
3 3.01092e-13
18168 3
1 -1.35003e-13
2 8.21565e-14
3 2.78888e-13
18170 3
1 -1.32339e-13
2 8.26006e-14
3 3.05533e-13
18172 3
1 -1.56319e-13
2 6.4837e-14
3 2.81553e-13
18174 3
1 -1.30562e-13
2 7.01661e-14
3 2.96652e-13
18176 3
1 -1.35891e-13
2 7.28306e-14
3 3.09086e-13
18178 3
1 -1.0747e-13
2 7.01661e-14
3 3.03757e-13
18180 3
1 -1.48326e-13
2 9.14824e-14
3 2.96652e-13
18182 3
1 -1.42109e-13
2 9.50351e-14
3 3.03757e-13
18184 3
1 -1.45661e-13
2 9.68114e-14
3 3.05533e-13
18186 3
1 -1.37668e-13
2 6.9722e-14
3 2.98428e-13
18188 3
1 -1.45661e-13
2 7.28306e-14
3 2.82441e-13
18190 3
1 -1.55431e-13
2 8.52651e-14
3 3.05533e-13
18192 3
1 -1.38556e-13
2 9.23706e-14
3 3.00204e-13
18194 3
1 -1.42109e-13
2 9.14824e-14
3 2.94875e-13
18196 3
1 -1.49214e-13
2 1.16351e-13
3 2.86882e-13
18198 3
1 -1.35891e-13
2 1.03029e-13
3 2.95763e-13
18200 3
1 -1.3145e-13
2 8.70415e-14
3 2.98428e-13
18202 3
1 -1.46549e-13
2 1.13243e-13
3 2.89546e-13
18204 3
1 -1.36779e-13
2 8.43769e-14
3 2.98428e-13
18206 3
1 -1.45661e-13
2 6.26166e-14
3 3.05533e-13
18208 3
1 -1.33227e-13
2 4.9738e-14
3 2.96652e-13
18210 3
1 -1.49214e-13
2 8.92619e-14
3 2.94875e-13
18212 3
1 -1.43885e-13
2 1.00364e-13
3 3.01981e-13
18214 3
1 -1.4122e-13
2 1.08358e-13
3 3.01981e-13
18216 3
1 -1.40332e-13
2 1.03029e-13
3 2.78888e-13
18218 3
1 -1.27898e-13
2 1.07914e-13
3 2.85993e-13
18220 3
1 -1.53655e-13
2 7.90479e-14
3 2.78888e-13
18222 3
1 -1.35891e-13
2 7.81597e-14
3 2.77112e-13
18224 3
1 -1.38556e-13
2 9.76996e-14
3 2.8777e-13
18226 3
1 -1.47438e-13
2 7.68274e-14
3 2.8777e-13
18228 3
1 -1.47438e-13
2 7.10543e-14
3 2.84217e-13
18230 3
1 -1.56319e-13
2 6.83897e-14
3 2.82441e-13
18232 3
1 -1.33227e-13
2 7.72715e-14
3 2.94875e-13
18234 3
1 -1.2701e-13
2 7.63833e-14
3 2.70006e-13
18236 3
1 -1.43885e-13
2 6.61693e-14
3 2.71783e-13
18238 3
1 -1.34115e-13
2 6.61693e-14
3 2.71783e-13
18240 3
1 -1.24345e-13
2 6.57252e-14
3 2.52243e-13
18242 3
1 -1.25233e-13
2 7.23865e-14
3 2.84217e-13
18244 3
1 -1.50102e-13
2 6.61693e-14
3 2.57572e-13
18246 3
1 -1.35003e-13
2 5.50671e-14
3 2.73559e-13
18248 3
1 -1.35891e-13
2 8.88178e-14
3 2.62901e-13
18250 3
1 -1.19904e-13
2 7.63833e-14
3 2.75335e-13
18252 3
1 -1.24345e-13
2 7.72715e-14
3 2.89546e-13
18254 3
1 -1.39444e-13
2 8.79297e-14
3 2.89546e-13
18256 3
1 -1.25233e-13
2 7.77156e-14
3 2.85993e-13
18258 3
1 -1.32339e-13
2 8.83738e-14
3 2.70006e-13
18260 3
1 -1.36779e-13
2 8.52651e-14
3 2.64677e-13
18262 3
1 -1.1724e-13
2 6.83897e-14
3 2.75335e-13
18264 3
1 -1.23457e-13
2 9.23706e-14
3 2.75335e-13
18266 3
1 -1.27898e-13
2 8.43769e-14
3 2.66454e-13
18268 3
1 -1.2701e-13
2 9.32587e-14
3 2.62901e-13
18270 3
1 -1.44773e-13
2 7.4607e-14
3 2.62901e-13
18272 3
1 -1.05693e-13
2 7.72715e-14
3 2.62901e-13
18274 3
1 -1.23457e-13
2 7.63833e-14
3 2.6823e-13
18276 3
1 -1.1724e-13
2 8.17124e-14
3 2.8777e-13
18278 3
1 -1.37668e-13
2 8.79297e-14
3 2.84217e-13
18280 3
1 -1.42997e-13
2 7.90479e-14
3 3.03757e-13
18282 3
1 -1.25233e-13
2 7.86038e-14
3 2.73559e-13
18284 3
1 -1.38556e-13
2 5.77316e-14
3 2.91323e-13
18286 3
1 -1.42109e-13
2 6.03961e-14
3 2.98428e-13
18288 3
1 -1.47438e-13
2 5.68434e-14
3 2.94875e-13
18290 3
1 -1.29674e-13
2 1.16351e-13
3 2.70006e-13
18292 3
1 -1.58096e-13
2 5.50671e-14
3 2.70006e-13
18294 3
1 -1.4122e-13
2 7.63833e-14
3 2.93099e-13
18296 3
1 -1.3145e-13
2 8.61533e-14
3 2.98428e-13
18298 3
1 -1.12799e-13
2 6.75016e-14
3 2.80664e-13
18300 3
1 -1.12799e-13
2 8.61533e-14
3 2.73559e-13
18302 3
1 -1.65201e-13
2 9.81437e-14
3 2.96652e-13
18304 3
1 -1.36779e-13
2 6.57252e-14
3 2.93099e-13
18306 3
1 -1.48326e-13
2 7.63833e-14
3 2.77112e-13
18308 3
1 -1.35003e-13
2 7.14984e-14
3 2.73559e-13
18310 3
1 -1.2701e-13
2 6.92779e-14
3 2.96652e-13
18312 3
1 -1.22569e-13
2 8.17124e-14
3 3.0731e-13
18314 3
1 -1.08358e-13
2 7.54952e-14
3 3.01981e-13
18316 3
1 -1.30562e-13
2 8.61533e-14
3 2.93099e-13
18318 3
1 -1.28786e-13
2 8.34888e-14
3 2.78888e-13
18320 3
1 -1.42109e-13
2 7.14984e-14
3 2.94875e-13
18322 3
1 -1.14575e-13
2 7.72715e-14
3 3.00204e-13
18324 3
1 -1.4122e-13
2 6.83897e-14
3 2.77112e-13
18326 3
1 -1.1191e-13
2 8.92619e-14
3 2.8777e-13
18328 3
1 -1.34115e-13
2 6.70575e-14
3 2.77112e-13
18330 3
1 -1.1724e-13
2 5.68434e-14
3 3.05533e-13
18332 3
1 -1.23457e-13
2 7.9492e-14
3 2.8777e-13
18334 3
1 -9.76996e-14
2 5.63993e-14
3 2.73559e-13
18336 3
1 -9.9476e-14
2 5.68434e-14
3 2.98428e-13
18338 3
1 -1.15463e-13
2 7.86038e-14
3 2.70006e-13
18340 3
1 -1.25233e-13
2 7.28306e-14
3 2.78888e-13
18342 3
1 -9.68114e-14
2 4.79616e-14
3 2.89546e-13
18344 3
1 -1.10134e-13
2 4.70735e-14
3 2.85993e-13
18346 3
1 -1.01252e-13
2 4.9738e-14
3 2.96652e-13
18348 3
1 -1.22569e-13
2 4.26326e-14
3 2.85993e-13
18350 3
1 -1.14575e-13
2 6.75016e-14
3 2.91323e-13
18352 3
1 -1.20792e-13
2 4.88498e-14
3 3.03757e-13
18354 3
1 -1.42997e-13
2 4.88498e-14
3 3.10862e-13
18356 3
1 -1.26121e-13
2 7.28306e-14
3 2.8777e-13
18358 3
1 -1.10134e-13
2 3.73035e-14
3 3.0731e-13
18360 3
1 -1.28786e-13
2 4.79616e-14
3 2.78888e-13
18362 3
1 -1.29674e-13
2 4.61853e-14
3 3.14415e-13
18364 3
1 -1.34115e-13
2 7.23865e-14
3 2.98428e-13
18366 3
1 -1.42109e-13
2 5.9952e-14
3 3.01981e-13
18368 3
1 -1.2168e-13
2 5.55112e-14
3 3.03757e-13
18370 3
1 -1.2168e-13
2 7.01661e-14
3 3.03757e-13
18372 3
1 -1.33227e-13
2 4.75175e-14
3 2.93099e-13
18374 3
1 -1.23457e-13
2 4.35207e-14
3 2.94875e-13
18376 3
1 -1.42109e-13
2 5.15143e-14
3 3.00204e-13
18378 3
1 -1.30562e-13
2 5.77316e-14
3 2.8777e-13
18380 3
1 -1.3145e-13
2 5.41789e-14
3 2.84217e-13
18382 3
1 -1.3145e-13
2 6.12843e-14
3 3.05533e-13
18384 3
1 -1.36779e-13
2 4.70735e-14
3 2.98428e-13
18386 3
1 -1.29674e-13
2 4.35207e-14
3 3.00204e-13
18388 3
1 -1.3145e-13
2 6.30607e-14
3 2.85993e-13
18390 3
1 -1.2168e-13
2 7.10543e-14
3 2.91323e-13
18392 3
1 -1.23457e-13
2 5.06262e-14
3 2.80664e-13
18394 3
1 -1.14575e-13
2 4.44089e-14
3 2.94875e-13
18396 3
1 -1.36779e-13
2 6.39488e-14
3 3.16192e-13
18398 3
1 -1.46549e-13
2 5.59552e-14
3 3.01981e-13
18400 3
1 -1.51879e-13
2 7.10543e-14
3 3.12639e-13
18402 3
1 -1.34115e-13
2 3.5083e-14
3 2.91323e-13
18404 3
1 -1.42109e-13
2 5.63993e-14
3 2.91323e-13
18406 3
1 -1.2168e-13
2 5.68434e-14
3 3.17968e-13
18408 3
1 -1.08358e-13
2 6.79456e-14
3 2.78888e-13
18410 3
1 -1.27898e-13
2 3.28626e-14
3 2.91323e-13
18412 3
1 -1.36779e-13
2 4.70735e-14
3 2.85993e-13
18414 3
1 -1.24345e-13
2 3.4639e-14
3 3.10862e-13
18416 3
1 -1.36779e-13
2 5.19584e-14
3 2.84217e-13
18418 3
1 -1.29674e-13
2 6.03961e-14
3 2.73559e-13
18420 3
1 -1.32339e-13
2 5.19584e-14
3 3.0731e-13
18422 3
1 -1.26121e-13
2 5.59552e-14
3 3.03757e-13
18424 3
1 -1.00364e-13
2 7.14984e-14
3 2.96652e-13
18426 3
1 -1.20792e-13
2 4.17444e-14
3 2.96652e-13
18428 3
1 -1.22569e-13
2 4.88498e-14
3 2.93099e-13
18430 3
1 -1.15463e-13
2 5.9952e-14
3 3.00204e-13
18432 3
1 -1.10134e-13
2 5.41789e-14
3 2.84217e-13
18434 3
1 -1.09246e-13
2 5.50671e-14
3 2.84217e-13
18436 3
1 -1.16351e-13
2 4.52971e-14
3 2.85993e-13
18438 3
1 -9.68114e-14
2 5.9508e-14
3 3.01981e-13
18440 3
1 -1.05693e-13
2 5.28466e-14
3 2.8777e-13
18442 3
1 -1.08358e-13
2 7.10543e-14
3 2.98428e-13
18444 3
1 -9.32587e-14
2 7.32747e-14
3 2.8777e-13
18446 3
1 -1.11022e-13
2 9.01501e-14
3 2.78888e-13
18448 3
1 -1.25233e-13
2 6.12843e-14
3 3.14415e-13
18450 3
1 -1.25233e-13
2 8.12683e-14
3 2.62901e-13
18452 3
1 -9.9476e-14
2 6.35048e-14
3 2.80664e-13
18454 3
1 -1.30562e-13
2 6.30607e-14
3 2.80664e-13
18456 3
1 -1.28786e-13
2 6.12843e-14
3 3.00204e-13
18458 3
1 -1.11022e-13
2 6.26166e-14
3 3.05533e-13
18460 3
1 -1.14575e-13
2 4.75175e-14
3 3.03757e-13
18462 3
1 -1.27898e-13
2 8.88178e-14
3 2.82441e-13
18464 3
1 -1.04805e-13
2 3.86358e-14
3 2.8777e-13
18466 3
1 -9.85878e-14
2 7.72715e-14
3 2.77112e-13
18468 3
1 -1.08358e-13
2 6.83897e-14
3 2.62901e-13
18470 3
1 -1.0747e-13
2 8.17124e-14
3 2.6823e-13
18472 3
1 -1.26121e-13
2 4.70735e-14
3 2.91323e-13
18474 3
1 -1.13687e-13
2 4.88498e-14
3 2.64677e-13
18476 3
1 -1.16351e-13
2 8.30447e-14
3 2.77112e-13
18478 3
1 -1.35891e-13
2 7.59393e-14
3 2.73559e-13
18480 3
1 -1.05693e-13
2 6.03961e-14
3 2.70006e-13
18482 3
1 -1.0747e-13
2 6.66134e-14
3 2.71783e-13
18484 3
1 -1.2168e-13
2 7.19425e-14
3 2.70006e-13
18486 3
1 -1.19016e-13
2 5.01821e-14
3 2.8777e-13
18488 3
1 -1.18128e-13
2 7.77156e-14
3 2.77112e-13
18490 3
1 -1.2168e-13
2 5.77316e-14
3 2.54019e-13
18492 3
1 -1.12799e-13
2 6.66134e-14
3 2.80664e-13
18494 3
1 -1.15463e-13
2 5.15143e-14
3 2.66454e-13
18496 3
1 -1.04805e-13
2 6.30607e-14
3 2.70006e-13
18498 3
1 -1.00364e-13
2 5.9508e-14
3 2.62901e-13
18500 3
1 -9.59233e-14
2 6.52811e-14
3 2.70006e-13
18502 3
1 -1.06581e-13
2 7.23865e-14
3 2.71783e-13
18504 3
1 -1.1724e-13
2 5.86198e-14
3 2.52243e-13
18506 3
1 -9.05942e-14
2 6.83897e-14
3 2.52243e-13
18508 3
1 -9.85878e-14
2 7.37188e-14
3 2.54019e-13
18510 3
1 -9.05942e-14
2 6.30607e-14
3 2.70006e-13
18512 3
1 -1.01252e-13
2 6.83897e-14
3 2.52243e-13
18514 3
1 -1.05693e-13
2 6.66134e-14
3 2.66454e-13
18516 3
1 -7.72715e-14
2 7.23865e-14
3 2.61124e-13
18518 3
1 -9.05942e-14
2 6.92779e-14
3 2.84217e-13
18520 3
1 -1.10134e-13
2 8.57092e-14
3 2.64677e-13
18522 3
1 -8.61533e-14
2 8.08242e-14
3 2.66454e-13
18524 3
1 -8.52651e-14
2 7.90479e-14
3 2.6823e-13
18526 3
1 -9.85878e-14
2 7.99361e-14
3 2.71783e-13
18528 3
1 -9.76996e-14
2 7.4607e-14
3 2.62901e-13
18530 3
1 -8.70415e-14
2 9.05942e-14
3 2.62901e-13
18532 3
1 -9.14824e-14
2 9.50351e-14
3 2.85993e-13
18534 3
1 -7.72715e-14
2 8.65974e-14
3 2.55795e-13
18536 3
1 -9.85878e-14
2 6.03961e-14
3 2.70006e-13
18538 3
1 -8.61533e-14
2 7.10543e-14
3 2.70006e-13
18540 3
1 -9.68114e-14
2 8.08242e-14
3 2.57572e-13
18542 3
1 -1.05693e-13
2 6.66134e-14
3 2.75335e-13
18544 3
1 -9.9476e-14
2 9.68114e-14
3 2.78888e-13
18546 3
1 -9.23706e-14
2 6.35048e-14
3 2.66454e-13
18548 3
1 -8.17124e-14
2 6.79456e-14
3 2.6823e-13
18550 3
1 -7.37188e-14
2 7.01661e-14
3 2.78888e-13
18552 3
1 -9.14824e-14
2 7.28306e-14
3 2.73559e-13
18554 3
1 -9.05942e-14
2 6.57252e-14
3 2.70006e-13
18556 3
1 -9.9476e-14
2 8.43769e-14
3 2.66454e-13
18558 3
1 -1.06581e-13
2 6.75016e-14
3 2.64677e-13
18560 3
1 -1.01252e-13
2 7.9492e-14
3 2.91323e-13
18562 3
1 -6.75016e-14
2 5.72875e-14
3 2.78888e-13
18564 3
1 -1.3145e-13
2 7.10543e-14
3 2.82441e-13
18566 3
1 -7.99361e-14
2 5.59552e-14
3 2.85993e-13
18568 3
1 -1.00364e-13
2 7.72715e-14
3 2.85993e-13
18570 3
1 -9.9476e-14
2 8.61533e-14
3 2.64677e-13
18572 3
1 -9.14824e-14
2 7.68274e-14
3 2.70006e-13
18574 3
1 -1.06581e-13
2 6.66134e-14
3 2.8777e-13
18576 3
1 -1.05693e-13
2 5.10703e-14
3 2.73559e-13
18578 3
1 -8.79297e-14
2 6.12843e-14
3 2.91323e-13
18580 3
1 -1.04805e-13
2 5.77316e-14
3 2.75335e-13
18582 3
1 -1.03029e-13
2 6.92779e-14
3 2.70006e-13
18584 3
1 -9.59233e-14
2 5.4623e-14
3 2.70006e-13
18586 3
1 -9.9476e-14
2 8.79297e-14
3 3.00204e-13
18588 3
1 -1.13687e-13
2 7.10543e-14
3 2.75335e-13
18590 3
1 -9.50351e-14
2 4.79616e-14
3 2.78888e-13
18592 3
1 -9.23706e-14
2 6.83897e-14
3 3.01981e-13
18594 3
1 -1.01252e-13
2 6.70575e-14
3 2.78888e-13
18596 3
1 -9.59233e-14
2 4.75175e-14
3 3.05533e-13
18598 3
1 -9.59233e-14
2 5.37348e-14
3 2.85993e-13
18600 3
1 -9.14824e-14
2 5.86198e-14
3 2.8777e-13
18602 3
1 -1.22569e-13
2 3.95239e-14
3 2.80664e-13
18604 3
1 -8.26006e-14
2 3.77476e-14
3 2.78888e-13
18606 3
1 -8.70415e-14
2 6.30607e-14
3 2.61124e-13
18608 3
1 -9.85878e-14
2 8.08242e-14
3 2.55795e-13
18610 3
1 -1.04805e-13
2 6.12843e-14
3 2.66454e-13
18612 3
1 -6.57252e-14
2 4.9738e-14
3 2.84217e-13
18614 3
1 -1.06581e-13
2 6.26166e-14
3 2.84217e-13
18616 3
1 -8.17124e-14
2 5.06262e-14
3 2.64677e-13
18618 3
1 -9.14824e-14
2 6.92779e-14
3 2.84217e-13
18620 3
1 -6.57252e-14
2 6.21725e-14
3 2.82441e-13
18622 3
1 -6.4837e-14
2 6.35048e-14
3 2.64677e-13
18624 3
1 -6.03961e-14
2 6.26166e-14
3 2.71783e-13
18626 3
1 -8.70415e-14
2 6.70575e-14
3 2.54019e-13
18628 3
1 -6.03961e-14
2 3.9968e-14
3 2.8777e-13
18630 3
1 -8.17124e-14
2 6.17284e-14
3 2.80664e-13
18632 3
1 -8.34888e-14
2 4.84057e-14
3 2.71783e-13
18634 3
1 -5.15143e-14
2 4.17444e-14
3 2.70006e-13
18636 3
1 -8.61533e-14
2 6.43929e-14
3 2.84217e-13
18638 3
1 -5.86198e-14
2 4.35207e-14
3 2.73559e-13
18640 3
1 -6.39488e-14
2 4.66294e-14
3 2.82441e-13
18642 3
1 -5.59552e-14
2 3.10862e-14
3 2.73559e-13
18644 3
1 -8.17124e-14
2 5.86198e-14
3 2.70006e-13
18646 3
1 -6.4837e-14
2 6.30607e-14
3 2.78888e-13
18648 3
1 -5.41789e-14
2 3.5083e-14
3 3.05533e-13
18650 3
1 -5.9508e-14
2 3.81917e-14
3 2.64677e-13
18652 3
1 -6.21725e-14
2 7.41629e-14
3 2.73559e-13
18654 3
1 -7.63833e-14
2 4.52971e-14
3 2.75335e-13
18656 3
1 -8.34888e-14
2 8.17124e-14
3 2.78888e-13
18658 3
1 -8.61533e-14
2 5.81757e-14
3 2.77112e-13
18660 3
1 -8.43769e-14
2 6.12843e-14
3 2.64677e-13
18662 3
1 -9.23706e-14
2 6.12843e-14
3 2.6823e-13
18664 3
1 -8.9706e-14
2 4.92939e-14
3 2.73559e-13
18666 3
1 -8.43769e-14
2 7.4607e-14
3 2.73559e-13
18668 3
1 -8.61533e-14
2 6.39488e-14
3 2.98428e-13
18670 3
1 -1.20792e-13
2 5.24025e-14
3 2.75335e-13
18672 3
1 -7.63833e-14
2 5.77316e-14
3 2.84217e-13
18674 3
1 -1.11022e-13
2 5.19584e-14
3 2.82441e-13
18676 3
1 -1.26121e-13
2 6.21725e-14
3 2.71783e-13
18678 3
1 -1.02141e-13
2 7.01661e-14
3 3.03757e-13
18680 3
1 -1.11022e-13
2 8.39329e-14
3 2.75335e-13
18682 3
1 -1.05693e-13
2 6.26166e-14
3 2.84217e-13
18684 3
1 -8.43769e-14
2 7.32747e-14
3 2.91323e-13
18686 3
1 -9.76996e-14
2 7.4607e-14
3 2.78888e-13
18688 3
1 -9.59233e-14
2 5.9508e-14
3 2.75335e-13
18690 3
1 -7.90479e-14
2 5.10703e-14
3 2.78888e-13
18692 3
1 -1.00364e-13
2 6.21725e-14
3 2.98428e-13
18694 3
1 -1.0747e-13
2 4.61853e-14
3 2.94875e-13
18696 3
1 -1.01252e-13
2 5.77316e-14
3 3.05533e-13
18698 3
1 -9.76996e-14
2 6.88338e-14
3 2.77112e-13
18700 3
1 -8.43769e-14
2 7.28306e-14
3 2.91323e-13
18702 3
1 -7.63833e-14
2 8.39329e-14
3 2.82441e-13
18704 3
1 -9.59233e-14
2 6.83897e-14
3 2.80664e-13
18706 3
1 -1.04805e-13
2 4.9738e-14
3 2.78888e-13
18708 3
1 -1.09246e-13
2 6.66134e-14
3 2.98428e-13
18710 3
1 -1.18128e-13
2 4.57412e-14
3 2.8777e-13
18712 3
1 -8.79297e-14
2 6.08402e-14
3 2.8777e-13
18714 3
1 -9.05942e-14
2 5.10703e-14
3 2.98428e-13
18716 3
1 -1.00364e-13
2 6.17284e-14
3 2.6823e-13
18718 3
1 -1.03029e-13
2 5.63993e-14
3 2.98428e-13
18720 3
1 -1.14575e-13
2 6.57252e-14
3 2.82441e-13
18722 3
1 -9.68114e-14
2 7.86038e-14
3 2.91323e-13
18724 3
1 -8.70415e-14
2 6.88338e-14
3 2.89546e-13
18726 3
1 -1.26121e-13
2 5.77316e-14
3 2.93099e-13
18728 3
1 -9.76996e-14
2 5.41789e-14
3 2.70006e-13
18730 3
1 -1.04805e-13
2 6.83897e-14
3 3.09086e-13
18732 3
1 -9.59233e-14
2 5.68434e-14
3 2.64677e-13
18734 3
1 -7.19425e-14
2 4.88498e-14
3 2.80664e-13
18736 3
1 -7.28306e-14
2 5.9952e-14
3 2.73559e-13
18738 3
1 -7.4607e-14
2 3.77476e-14
3 2.71783e-13
18740 3
1 -6.75016e-14
2 4.52971e-14
3 2.62901e-13
18742 3
1 -6.92779e-14
2 2.17604e-14
3 2.70006e-13
18744 3
1 -8.61533e-14
2 5.55112e-14
3 2.66454e-13
18746 3
1 -1.01252e-13
2 5.06262e-14
3 2.61124e-13
18748 3
1 -8.61533e-14
2 5.41789e-14
3 2.62901e-13
18750 3
1 -8.70415e-14
2 3.41949e-14
3 2.80664e-13
18752 3
1 -9.05942e-14
2 5.4623e-14
3 2.82441e-13
18754 3
1 -7.37188e-14
2 6.30607e-14
3 2.59348e-13
18756 3
1 -8.43769e-14
2 4.52971e-14
3 2.54019e-13
18758 3
1 -8.43769e-14
2 4.70735e-14
3 2.46914e-13
18760 3
1 -7.90479e-14
2 4.26326e-14
3 2.45137e-13
18762 3
1 -6.83897e-14
2 4.30767e-14
3 2.59348e-13
18764 3
1 -7.99361e-14
2 4.9738e-14
3 2.59348e-13
18766 3
1 -6.21725e-14
2 4.26326e-14
3 2.4869e-13
18768 3
1 -7.81597e-14
2 5.72875e-14
3 2.6823e-13
18770 3
1 -7.81597e-14
2 4.17444e-14
3 2.52243e-13
18772 3
1 -6.66134e-14
2 4.84057e-14
3 2.50466e-13
18774 3
1 -5.9508e-14
2 4.21885e-14
3 2.57572e-13
18776 3
1 -1.01252e-13
2 4.88498e-14
3 2.50466e-13
18778 3
1 -7.54952e-14
2 2.22045e-14
3 2.70006e-13
18780 3
1 -5.86198e-14
2 2.22045e-14
3 2.60236e-13
18782 3
1 -7.4607e-14
2 4.35207e-14
3 2.40696e-13
18784 3
1 -7.28306e-14
2 1.90958e-14
3 2.59348e-13
18786 3
1 -7.4607e-14
2 2.70894e-14
3 2.52243e-13
18788 3
1 -7.63833e-14
2 2.93099e-14
3 2.31815e-13
18790 3
1 -6.39488e-14
2 5.86198e-14
3 2.60236e-13
18792 3
1 -6.75016e-14
2 4.84057e-14
3 2.5846e-13
18794 3
1 -8.70415e-14
2 7.81597e-14
3 2.46025e-13
18796 3
1 -7.10543e-14
2 6.39488e-14
3 2.28262e-13
18798 3
1 -6.03961e-14
2 4.26326e-14
3 2.3892e-13
18800 3
1 -8.34888e-14
2 5.9952e-14
3 2.40696e-13
18802 3
1 -7.10543e-14
2 7.01661e-14
3 2.62901e-13
18804 3
1 -5.68434e-14
2 5.9508e-14
3 2.46025e-13
18806 3
1 -6.92779e-14
2 6.12843e-14
3 2.36255e-13
18808 3
1 -6.75016e-14
2 6.39488e-14
3 2.43361e-13
18810 3
1 -8.17124e-14
2 4.88498e-14
3 2.46914e-13
18812 3
1 -6.03961e-14
2 4.70735e-14
3 2.47802e-13
18814 3
1 -6.39488e-14
2 7.9492e-14
3 2.62013e-13
18816 3
1 -5.50671e-14
2 5.50671e-14
3 2.43361e-13
18818 3
1 -6.03961e-14
2 7.9492e-14
3 2.47802e-13
18820 3
1 -6.21725e-14
2 5.50671e-14
3 2.52243e-13
18822 3
1 -6.21725e-14
2 6.66134e-14
3 2.3892e-13
18824 3
1 -5.15143e-14
2 4.08562e-14
3 2.47802e-13
18826 3
1 -6.92779e-14
2 7.90479e-14
3 2.65565e-13
18828 3
1 -6.39488e-14
2 6.75016e-14
3 2.57572e-13
18830 3
1 -6.75016e-14
2 8.34888e-14
3 2.57572e-13
18832 3
1 -3.01981e-14
2 6.75016e-14
3 2.54019e-13
18834 3
1 -4.44089e-14
2 6.52811e-14
3 2.39808e-13
18836 3
1 -7.10543e-14
2 6.21725e-14
3 2.60236e-13
18838 3
1 -8.17124e-14
2 6.83897e-14
3 2.60236e-13
18840 3
1 -4.79616e-14
2 5.10703e-14
3 2.45137e-13
18842 3
1 -5.86198e-14
2 6.12843e-14
3 2.34479e-13
18844 3
1 -5.50671e-14
2 5.77316e-14
3 2.52243e-13
18846 3
1 -8.17124e-14
2 7.72715e-14
3 2.45137e-13
18848 3
1 -8.17124e-14
2 7.54952e-14
3 2.4869e-13
18850 3
1 -5.68434e-14
2 4.26326e-14
3 2.32703e-13
18852 3
1 -7.99361e-14
2 7.14984e-14
3 2.43361e-13
18854 3
1 -4.26326e-14
2 7.90479e-14
3 2.2915e-13
18856 3
1 -4.44089e-14
2 7.99361e-14
3 2.34479e-13
18858 3
1 -6.92779e-14
2 7.99361e-14
3 2.30926e-13
18860 3
1 -5.86198e-14
2 6.57252e-14
3 2.52243e-13
18862 3
1 -7.28306e-14
2 5.86198e-14
3 2.54019e-13
18864 3
1 -5.86198e-14
2 7.59393e-14
3 2.41585e-13
18866 3
1 -6.21725e-14
2 7.06102e-14
3 2.55795e-13
18868 3
1 -5.32907e-14
2 9.01501e-14
3 2.30926e-13
18870 3
1 -4.44089e-14
2 1.04805e-13
3 2.4869e-13
18872 3
1 -6.92779e-14
2 9.9476e-14
3 2.70006e-13
18874 3
1 -5.86198e-14
2 7.81597e-14
3 2.66454e-13
18876 3
1 -6.03961e-14
2 7.10543e-14
3 2.66454e-13
18878 3
1 -6.39488e-14
2 8.17124e-14
3 2.62901e-13
18880 3
1 -3.19744e-14
2 6.4837e-14
3 2.75335e-13
18882 3
1 -6.03961e-14
2 6.83897e-14
3 2.77112e-13
18884 3
1 -3.73035e-14
2 8.08242e-14
3 2.59348e-13
18886 3
1 -7.28306e-14
2 8.9706e-14
3 2.55795e-13
18888 3
1 -6.57252e-14
2 7.37188e-14
3 2.57572e-13
18890 3
1 -3.90799e-14
2 8.61533e-14
3 2.66454e-13
18892 3
1 -5.86198e-14
2 1.04805e-13
3 2.52243e-13
18894 3
1 -7.28306e-14
2 9.59233e-14
3 2.6823e-13
18896 3
1 -6.03961e-14
2 8.88178e-14
3 2.66454e-13
18898 3
1 -3.55271e-14
2 9.54792e-14
3 2.4869e-13
18900 3
1 -6.75016e-14
2 8.9706e-14
3 2.54019e-13
18902 3
1 -5.50671e-14
2 7.72715e-14
3 2.54019e-13
18904 3
1 -8.52651e-14
2 6.39488e-14
3 2.62901e-13
18906 3
1 -4.9738e-14
2 8.88178e-14
3 2.36255e-13
18908 3
1 -5.50671e-14
2 9.23706e-14
3 2.59348e-13
18910 3
1 -3.37508e-14
2 9.9476e-14
3 2.22045e-13
18912 3
1 -3.37508e-14
2 7.72715e-14
3 2.32703e-13
18914 3
1 -4.61853e-14
2 6.30607e-14
3 2.50466e-13
18916 3
1 -6.21725e-14
2 8.52651e-14
3 2.59348e-13
18918 3
1 -4.79616e-14
2 1.03029e-13
3 2.50466e-13
18920 3
1 -6.57252e-14
2 7.72715e-14
3 2.23821e-13
18922 3
1 -6.57252e-14
2 9.9476e-14
3 2.38032e-13
18924 3
1 -6.39488e-14
2 1.1724e-13
3 2.54019e-13
18926 3
1 -4.79616e-14
2 8.61533e-14
3 2.52243e-13
18928 3
1 -4.08562e-14
2 7.99361e-14
3 2.46914e-13
18930 3
1 -4.88498e-14
2 8.26006e-14
3 2.36255e-13
18932 3
1 -6.12843e-14
2 7.63833e-14
3 2.32703e-13
18934 3
1 -4.79616e-14
2 8.17124e-14
3 2.25597e-13
18936 3
1 -6.92779e-14
2 8.79297e-14
3 2.36255e-13
18938 3
1 -8.08242e-14
2 1.03029e-13
3 2.57572e-13
18940 3
1 -6.03961e-14
2 1.02141e-13
3 2.27374e-13
18942 3
1 -6.03961e-14
2 8.17124e-14
3 2.22045e-13
18944 3
1 -6.03961e-14
2 9.32587e-14
3 2.25597e-13
18946 3
1 -6.39488e-14
2 7.81597e-14
3 2.43361e-13
18948 3
1 -5.77316e-14
2 8.26006e-14
3 2.62901e-13
18950 3
1 -2.84217e-14
2 1.10134e-13
3 2.54019e-13
18952 3
1 -4.26326e-14
2 8.61533e-14
3 2.38032e-13
18954 3
1 -4.26326e-14
2 1.11022e-13
3 2.32703e-13
18956 3
1 -4.9738e-14
2 8.34888e-14
3 2.34479e-13
